timestamp,exp_mode,target_arg,cmd_DF,cmd_F,cmd_G,meas_pres_DF,meas_pres_F,meas_pres_G,meas_ang_wrist,meas_ang_hand,p_flag
0.027918100357055664,1,,0.0,0.1,0.0,-0.01626403847378697,-0.05154604312764418,-0.00463357108728537,-0.18,0.18,1.0
0.027918100357055664,1,,0.0,0.1,0.0,-0.009582479216979441,-0.054932119447821975,-0.0034718488920677873,-0.18,0.18,1.0
0.027918100357055664,1,,0.0,0.1,0.0,-0.008179199231405473,-0.053151847233157926,0.0051841984050022116,-0.18,0.18,1.0
0.027918100357055664,1,,0.0,0.1,0.0,-0.0007088421536765432,-0.044918550545176725,-0.0029712533860611185,-0.18,0.18,1.0
0.027918100357055664,1,,0.0,0.1,0.0,0.006026825441745236,-0.017658527575992507,-0.007641763623855713,-0.18,0.18,1.0
0.027918100357055664,1,,0.0,0.1,0.0,0.0036337077561786712,0.0022695342558227112,-0.012141330772109576,-0.18,0.18,1.0
0.027918100357055664,1,,0.0,0.1,0.0,-0.01324820147975571,0.017847967326304278,-0.009795094422050055,-0.18,0.18,1.0
0.027918100357055664,1,,0.0,0.1,0.0,-0.008947060759781576,0.006325554002639313,-0.0023971438960603817,-0.18,0.18,1.0
0.027918100357055664,1,,0.0,0.1,0.0,-0.015064019914452302,0.011211486618926583,0.004559180366839086,-0.18,0.18,1.0
0.06829953193664551,1,,0.0,0.1,0.0,-0.00876793215937476,0.018950293609363046,0.002153756494245088,-0.18,0.18,1.0
0.06829953193664551,1,,0.0,0.1,0.0,-0.020524898201689356,0.029712300821099265,-0.0011239416050083443,-0.18,0.18,1.0
0.06829953193664551,1,,0.0,0.1,0.0,-0.0026143269083729963,0.027034310178821273,-0.0005364061647745849,-0.18,0.18,1.0
0.06829953193664551,1,,0.0,0.1,0.0,0.002723922066769927,0.018960482034762787,-0.0029256939813729218,-0.18,0.18,1.0
0.06829953193664551,1,,0.0,0.1,0.0,-0.00563680778414838,0.027633106361338478,-0.007875931530398386,-0.18,0.18,1.0
0.06829953193664551,1,,0.0,0.1,0.0,-0.003725336016208944,0.027805575483527696,-0.007560921886420884,-0.18,0.18,1.0
0.06829953193664551,1,,0.0,0.1,0.0,0.0020949218503979496,0.008914093661155635,-0.0052119057308111505,-0.18,0.18,1.0
0.06829953193664551,1,,0.0,0.1,0.0,0.0007390881994950211,0.004415026764716834,-0.005803982932369861,-0.18,0.18,1.0
0.06829953193664551,1,,0.0,0.1,0.0,-0.00797920438368318,0.012965210825216072,-0.004797039345914244,-0.18,0.18,1.0
0.06829953193664551,1,,0.0,0.1,0.0,-0.01431678051196408,0.012859426763517107,-0.006429411466197064,-0.18,0.18,1.0
0.1187441349029541,1,,0.0,0.1,0.0,0.0024680132435069054,0.007760945292469352,-0.005382978880855774,-0.18,0.18,1.0
0.1187441349029541,1,,0.0,0.1,0.0,-0.011379884281558035,-0.006368570390491879,-0.002873421816574069,-0.18,0.18,1.0
0.1187441349029541,1,,0.0,0.1,0.0,-0.007516051388327459,-0.018229700047636993,-0.012387184638466815,-0.18,0.18,1.0
0.1187441349029541,1,,0.0,0.1,0.0,-0.00328871638775273,0.0024571449416635133,-0.010663505378698533,-0.18,0.18,1.0
0.1187441349029541,1,,0.0,0.1,0.0,0.0003476720847510889,0.020712475579104748,-0.009643673255666174,-0.18,0.18,1.0
0.1187441349029541,1,,0.0,0.1,0.0,-0.001192210805841195,0.025512233479960806,-0.0032887248418541322,-0.18,0.18,1.0
0.1187441349029541,1,,0.0,0.1,0.0,-0.0049205949767836855,0.018188967458175012,-0.010544089857901756,-0.18,0.18,1.0
0.1187441349029541,1,,0.0,0.1,0.0,-0.00010520906002876526,0.006397828456257661,-0.0008281331527602155,-0.18,0.18,1.0
0.1187441349029541,1,,0.0,0.1,0.0,-0.013307638919511176,-0.0008489048768063211,0.0041899659249024414,-0.18,0.18,1.0
0.1187441349029541,1,,0.0,0.1,0.0,-0.005551243212036843,0.0035785744386000666,0.0021317567315516234,-0.18,0.18,1.0
0.15907573699951172,1,,0.0,0.1,0.0,-0.008623831336110542,0.012371117356361119,0.007872496569689295,-0.18,0.18,1.0
0.15907573699951172,1,,0.0,0.1,0.0,-0.017934267650386016,0.008495277548297436,0.002915463154834442,-0.18,0.18,1.0
0.15907573699951172,1,,0.0,0.1,0.0,-0.00900897700029114,-0.0004127233601250167,-0.006467191022623839,-0.18,0.18,1.0
0.15907573699951172,1,,0.0,0.1,0.0,-0.011876951094319493,-0.023762805498571207,-0.010016429830995191,-0.18,0.18,1.0
0.15907573699951172,1,,0.0,0.1,0.0,-0.017582517815931106,-0.023647474737479822,-0.01475775406812348,-0.18,0.18,1.0
0.15907573699951172,1,,0.0,0.1,0.0,-0.027815685922796526,-0.03779770423226907,-0.010463281612771567,-0.18,0.18,1.0
0.15907573699951172,1,,0.0,0.1,0.0,-0.01741819103222251,-0.04618520384719767,-0.009632601053504794,-0.18,0.18,1.0
0.15907573699951172,1,,0.0,0.1,0.0,-0.025982942075539906,-0.047042974239446526,-0.018554265326221998,-0.18,0.18,1.0
0.15907573699951172,1,,0.0,0.1,0.0,-0.009715331053414253,-0.05275762512658094,-0.014101676235134931,-0.18,0.18,1.0
0.15907573699951172,1,,0.0,0.1,0.0,0.0012502158589824243,-0.04655020652379306,-0.008764090581729615,-0.18,0.18,1.0
0.19937396049499512,1,,0.0,0.1,0.0,-0.0069759473794306845,-0.045885583985316114,-0.015897821854556085,-0.18,0.18,1.0
0.19937396049499512,1,,0.0,0.1,0.0,-0.0022184509522275835,-0.05164514696695403,-0.009232841414394882,-0.18,0.18,1.0
0.19937396049499512,1,,0.0,0.1,0.0,0.0006370728287328184,-0.04594840341716,-0.0009614294212400713,-0.18,0.18,1.0
0.19937396049499512,1,,0.0,0.1,0.0,-0.01126423719641047,-0.05257184971900546,-0.006542055936234981,-0.18,0.18,1.0
0.19937396049499512,1,,0.0,0.1,0.0,0.007884871892323739,-0.028664222053591683,-0.004199344562727821,-0.18,0.18,1.0
0.19937396049499512,1,,0.0,0.1,0.0,-0.004214017725585026,-0.007707939666741167,-0.0029743075249042,-0.18,0.18,1.0
0.19937396049499512,1,,0.0,0.1,0.0,-0.012182060750573032,0.001306255795485183,-0.010159413838802039,-0.18,0.18,1.0
0.19937396049499512,1,,0.0,0.1,0.0,-0.027836370907276742,-0.023964826353499537,-0.0058525126847911125,-0.18,0.18,1.0
0.19937396049499512,1,,0.0,0.1,0.0,-0.01724485183925419,-0.027820244015887625,-0.006616890520030106,-0.18,0.18,1.0
0.19937396049499512,1,,0.0,0.1,0.0,-0.010379482053207267,-0.026387137872034182,-0.0029105599125496596,-0.18,0.18,1.0
0.23966574668884277,1,,0.0,0.1,0.0,-0.002848807637678321,-0.022863477802026338,-0.0016500912429281553,-0.18,0.18,1.0
0.23966574668884277,1,,0.0,0.1,0.0,-0.009500677903947331,-0.0031843828351968547,-0.006852067443909534,-0.18,0.18,1.0
0.23966574668884277,1,,0.0,0.1,0.0,0.0004435797747832245,0.007529174097842813,-0.013126514737097727,-0.18,0.18,1.0
0.23966574668884277,1,,0.0,0.1,0.0,-0.007014047878629752,0.007766063036358598,-0.015502892121799181,-0.18,0.18,1.0
0.23966574668884277,1,,0.0,0.1,0.0,-0.006803271199861375,0.02191352253023341,-0.008544186703045029,-0.18,0.18,1.0
0.23966574668884277,1,,0.0,0.1,0.0,-0.0043604530722062326,0.02501257291427554,-0.008376557623062874,-0.18,0.18,1.0
0.23966574668884277,1,,0.0,0.1,0.0,0.006683699622409068,0.014590767857939512,-0.010350639418038234,-0.18,0.18,1.0
0.23966574668884277,1,,0.0,0.1,0.0,-0.0049888160409992,0.002527077775571897,-0.0033749293047304722,-0.18,0.18,1.0
0.23966574668884277,1,,0.0,0.1,0.0,-0.005319705220338661,0.002842474940564861,5.9785698254682045e-05,-0.18,0.18,1.0
0.23966574668884277,1,,0.0,0.1,0.0,0.006430818250542667,-0.011607687007010994,0.003972097646144259,-0.18,0.18,1.0
0.290050745010376,1,,0.0,0.1,0.0,-0.014840527165204133,-0.028416171631303656,-0.001343818331505346,-0.18,0.18,1.0
0.290050745010376,1,,0.0,0.1,0.0,-0.015572350417139133,-0.03939766924858213,-0.005539127073795571,-0.18,0.18,1.0
0.290050745010376,1,,0.0,0.1,0.0,-0.002584220103588385,-0.03603148162135155,-0.0054605045764407325,-0.18,0.18,1.0
0.290050745010376,1,,0.0,0.1,0.0,-0.013365680307690747,-0.017022379637805934,-0.005946648863265942,-0.18,0.18,1.0
0.290050745010376,1,,0.0,0.1,0.0,-0.0002581440201939387,-0.0038125695349873878,2.376219007770646e-06,-0.18,0.18,1.0
0.290050745010376,1,,0.0,0.1,0.0,-0.0034719844908740415,-0.010493784274169674,0.0013010730300276243,-0.18,0.18,1.0
0.290050745010376,1,,0.0,0.1,0.0,-0.009267228798015162,-0.028103639271566436,-0.0009756477318783463,-0.18,0.18,1.0
0.290050745010376,1,,0.0,0.1,0.0,-0.013078407622324796,-0.028425463426321892,0.002563715988643994,-0.18,0.18,1.0
0.290050745010376,1,,0.0,0.1,0.0,-0.004301050108653529,0.0005622366946762452,0.0018010912721646755,-0.18,0.18,1.0
0.290050745010376,1,,0.0,0.1,0.0,-0.0019497251532339208,0.011720645176336558,-0.0009357567889393131,-0.18,0.18,1.0
0.33034420013427734,1,,0.0,0.1,0.0,0.00027868428017832863,0.02255691334700986,-0.01197000413854036,-0.18,0.18,1.0
0.33034420013427734,1,,0.0,0.1,0.0,-0.012263406807848593,0.027084043955283337,-0.002122344294903858,-0.18,0.18,1.0
0.33034420013427734,1,,0.0,0.1,0.0,0.0016480818543770117,0.022180328161880116,-0.004567381588208922,-0.18,0.18,1.0
0.33034420013427734,1,,0.0,0.1,0.0,-0.004072112331367329,0.004540860577128919,-0.003818448512826976,-0.18,0.18,1.0
0.33034420013427734,1,,0.0,0.1,0.0,-0.011261233607418802,-0.018865808821251676,-0.005719549183557618,-0.18,0.18,1.0
0.33034420013427734,1,,0.0,0.1,0.0,-0.016809463904365406,-0.03414250838823582,-0.0035263148963369613,-0.18,0.18,1.0
0.33034420013427734,1,,0.0,0.1,0.0,-0.0068916405601130385,-0.019420006629341666,0.0008221517266564142,-0.18,0.18,1.0
0.33034420013427734,1,,0.0,0.1,0.0,-0.01186495615123809,-0.023248495525206133,-0.0057008378772513,-0.18,0.18,1.0
0.33034420013427734,1,,0.0,0.1,0.0,-0.006239737810785797,-0.03576082486742499,-0.008045827559262218,-0.18,0.18,1.0
0.33034420013427734,1,,0.0,0.1,0.0,-0.0005712495325136237,-0.0388642801802278,-0.0016475714931270028,-0.18,0.18,1.0
0.37064528465270996,1,,0.0,0.1,0.0,0.007439509625226966,-0.033103273210495485,-0.0015930744635099137,-0.18,0.18,1.0
0.37064528465270996,1,,0.0,0.1,0.0,-0.005855923879485268,-0.04286427454000844,0.0020450247881234843,-0.18,0.18,1.0
0.37064528465270996,1,,0.0,0.1,0.0,0.0034657852932472436,-0.032391594820338654,-0.003735579389706549,-0.18,0.18,1.0
0.37064528465270996,1,,0.0,0.1,0.0,-0.007461199895737031,-0.03329814193317486,-0.000758634057521167,-0.18,0.18,1.0
0.37064528465270996,1,,0.0,0.1,0.0,-0.00323981899395584,-0.0403874799399652,-0.0008686411693169874,-0.18,0.18,1.0
0.37064528465270996,1,,0.0,0.1,0.0,-0.0037507800036078575,-0.033503594762285864,0.0020727471016571152,-0.18,0.18,1.0
0.37064528465270996,1,,0.0,0.1,0.0,0.009155004990479772,-0.03989778491136498,0.0011970650586903904,-0.18,0.18,1.0
0.37064528465270996,1,,0.0,0.1,0.0,-0.004730875666494529,-0.03752324775551368,0.0012721089148690855,-0.18,0.18,1.0
0.37064528465270996,1,,0.0,0.1,0.0,0.004281892812747684,-0.045732060959634585,-0.0018681366068010851,-0.18,0.18,1.0
0.37064528465270996,1,,0.0,0.1,0.0,-0.005156398654375523,-0.05241367852547542,0.0021639057716309616,-0.18,0.18,1.0
0.42104125022888184,1,,0.0,0.1,0.0,-0.005304019099089603,-0.04382865552795968,0.0038090914317736113,-0.18,0.18,1.0
0.42104125022888184,1,,0.0,0.1,0.0,0.002947564579448367,-0.03061952729528804,0.013262425780747903,-0.18,0.18,1.0
0.42104125022888184,1,,0.0,0.1,0.0,0.01073699703817609,-0.028816508968945952,0.004406590168048666,-0.18,0.18,1.0
0.42104125022888184,1,,0.0,0.1,0.0,-0.009455840013509343,-0.022741263724228526,0.00042294654798780384,-0.18,0.18,1.0
0.42104125022888184,1,,0.0,0.1,0.0,-0.007515313496171097,-0.0369753795502556,-0.003134102566428814,-0.18,0.18,1.0
0.42104125022888184,1,,0.0,0.1,0.0,-0.007419954701987536,-0.032719430290382066,-0.011603091372617877,-0.18,0.18,1.0
0.42104125022888184,1,,0.0,0.1,0.0,0.004415931488811391,-0.01960378422748983,-0.001500221314628365,-0.18,0.18,1.0
0.42104125022888184,1,,0.0,0.1,0.0,0.0039025929519423664,-0.011434541839804517,0.0013698621794256988,-0.18,0.18,1.0
0.42104125022888184,1,,0.0,0.1,0.0,0.00857484027596232,-0.01839500129582219,0.00628412913581381,-0.18,0.18,1.0
0.42104125022888184,1,,0.0,0.1,0.0,0.003442335803908303,-0.008439480232997875,0.006406142679155402,-0.18,0.18,1.0
0.4613668918609619,1,,0.0,0.1,0.0,-0.003846213804815775,-0.014199645989829658,-0.0027425142989329354,-0.18,0.18,1.0
0.4613668918609619,1,,0.0,0.1,0.0,0.008052739700070534,0.0032990233503953806,-0.00679891577240336,-0.18,0.18,1.0
0.4613668918609619,1,,0.0,0.1,0.0,0.0040343386724944795,0.009421246781155076,-0.006490328103589524,-0.18,0.18,1.0
0.4613668918609619,1,,0.0,0.1,0.0,-0.006097817756521879,0.022211847574413014,-0.014398623245251686,-0.18,0.18,1.0
0.4613668918609619,1,,0.0,0.1,0.0,-0.004171516320205659,0.008552033947989921,-0.011094511252669042,-0.18,0.18,1.0
0.4613668918609619,1,,0.0,0.1,0.0,-0.01338621811770209,-0.011881922502403185,-0.01138861799109365,-0.18,0.18,1.0
0.4613668918609619,1,,0.0,0.1,0.0,-0.015953023797298082,-0.024010108912529096,-0.008089265629232564,-0.18,0.18,1.0
0.4613668918609619,1,,0.0,0.1,0.0,-0.02032547287379425,-0.020377351894749093,-0.011465287495511222,-0.18,0.18,1.0
0.4613668918609619,1,,0.0,0.1,0.0,-0.016269411431350116,0.0008191130770570015,-0.011209814470267296,-0.18,0.18,1.0
0.4613668918609619,1,,0.0,0.1,0.0,-0.01415274839466065,0.010729455521846596,-0.010977026341418781,-0.18,0.18,1.0
0.5016829967498779,1,,0.0,0.1,0.0,-0.006278148780481494,0.015503198300615128,-0.008328615022510467,-0.18,0.18,1.0
0.5016829967498779,1,,0.0,0.1,0.0,0.001148208291110795,0.02339838338229729,-0.011882182111001623,-0.18,0.18,1.0
0.5016829967498779,1,,0.0,0.1,0.0,-0.008868683459602834,0.02145898012755464,-0.007044551527872081,-0.18,0.18,1.0
0.5016829967498779,1,,0.0,0.1,0.0,0.00550401061985719,0.005587314348184131,-0.008815641155596616,-0.18,0.18,1.0
0.5016829967498779,1,,0.0,0.1,0.0,0.0011950973502316733,-0.0013575425233031796,-0.004604182800634106,-0.18,0.18,1.0
0.5016829967498779,1,,0.0,0.1,0.0,0.0019592677436495198,-0.009882389920652093,7.631582055520903e-07,-0.18,0.18,1.0
0.5016829967498779,1,,0.0,0.1,0.0,0.0005492523847486545,-0.012773771785477318,-0.000751035135890722,-0.18,0.18,1.0
0.5016829967498779,1,,0.0,0.1,0.0,-0.0062520175967087825,-0.004001830721889051,0.0008389535115168567,-0.18,0.18,1.0
0.5016829967498779,1,,0.0,0.1,0.0,-0.01288680317191044,-0.021938807258644378,0.00141560433515305,-0.18,0.18,1.0
0.5016829967498779,1,,0.0,0.1,0.0,-0.011673790525902596,-0.032436176903989,-0.007190307508569604,-0.18,0.18,1.0
0.5420105457305908,1,,0.0,0.1,0.0,-0.004535757178010473,-0.012768664977687772,-0.008431195241360248,-0.18,0.18,1.0
0.5420105457305908,1,,0.0,0.1,0.0,-0.007884784304085573,-0.00690849203823991,-0.008352695539785838,-0.18,0.18,1.0
0.5420105457305908,1,,0.0,0.1,0.0,-0.012973725033608914,-0.023322879681039403,-0.006380166158479341,-0.18,0.18,1.0
0.5420105457305908,1,,0.0,0.1,0.0,-0.011986679513182358,-0.021776424173757258,-0.005034832979895045,-0.18,0.18,1.0
0.5420105457305908,1,,0.0,0.1,0.0,-0.00768782947446393,-0.027436019370915436,-0.008470032700463653,-0.18,0.18,1.0
0.5420105457305908,1,,0.0,0.1,0.0,-0.0005492745388507462,-0.012214533868143041,-0.01220392373722303,-0.18,0.18,1.0
0.5420105457305908,1,,0.0,0.1,0.0,-0.009016536897189531,0.0020218326222111007,-0.010298280566573862,-0.18,0.18,1.0
0.5420105457305908,1,,0.0,0.1,0.0,-0.01267724236595198,-0.014104200888944998,-0.006864098803463365,-0.18,0.18,1.0
0.5420105457305908,1,,0.0,0.1,0.0,-0.010465891479752142,-0.01469317399156044,0.003168037546433584,-0.18,0.18,1.0
0.5924022197723389,1,,0.0,0.1,0.0,-0.016518968680666185,-0.005603930125866133,0.0008285242564447856,-0.18,0.18,1.0
0.5924022197723389,1,,0.0,0.1,0.0,-0.010935215167053286,0.0045633482695786745,-0.0039725670750023504,-0.18,0.18,1.0
0.5924022197723389,1,,0.0,0.1,0.0,-0.0031939954849795208,-0.002435635964552413,0.0015998307667927235,-0.18,0.18,1.0
0.5924022197723389,1,,0.0,0.1,0.0,-0.004166057594590731,-0.007637178292888747,0.005107174067566727,-0.18,0.18,1.0
0.5924022197723389,1,,0.0,0.1,0.0,0.0027089368218817297,-0.011252339487864556,-0.002814839852593368,-0.18,0.18,1.0
0.5924022197723389,1,,0.0,0.1,0.0,0.006051608634236525,-0.022335907870358957,-0.005782668809256143,-0.18,0.18,1.0
0.5924022197723389,1,,0.0,0.1,0.0,-0.002850535546634153,-0.02703491310772055,-0.00685790942385648,-0.18,0.18,1.0
0.5924022197723389,1,,0.0,0.1,0.0,0.0035632946505472956,-0.012134958316944625,-0.013135218866599085,-0.18,0.18,1.0
0.5924022197723389,1,,0.0,0.1,0.0,-0.006347722984042428,0.00859938776347221,-0.008494884831155564,-0.18,0.18,1.0
0.5924022197723389,1,,0.0,0.1,0.0,0.0028641695766531087,0.014431607248969788,-0.0015903706708449753,-0.18,0.18,1.0
0.6327366828918457,1,,0.0,0.1,0.0,-0.00787556625786965,0.0037009278990563477,-0.003068179737959877,-0.18,0.18,1.0
0.6327366828918457,1,,0.0,0.1,0.0,-0.0026193132480923803,-0.017201591430233625,0.004447717780029216,-0.18,0.18,1.0
0.6327366828918457,1,,0.0,0.1,0.0,-0.010698734827939024,-0.030394574171862192,0.0058551322541484175,-0.18,0.18,1.0
0.6327366828918457,1,,0.0,0.1,0.0,-0.0048113059748727365,-0.033866951832656034,0.0004384386210174867,-0.18,0.18,1.0
0.6327366828918457,1,,0.0,0.1,0.0,-0.0008999479187806397,-0.04229281973512042,-0.005698914565469188,-0.18,0.18,1.0
0.6327366828918457,1,,0.0,0.1,0.0,-0.012996751035054184,-0.0486063873591553,-0.005784792121742315,-0.18,0.18,1.0
0.6327366828918457,1,,0.0,0.1,0.0,-0.015319438943803238,-0.04353888066299509,-0.003748302192407456,-0.18,0.18,1.0
0.6327366828918457,1,,0.0,0.1,0.0,-0.01110782008903339,-0.025609037953160444,0.00408785722130417,-0.18,0.18,1.0
0.6327366828918457,1,,0.0,0.1,0.0,-0.013822672298242434,-0.00015442065222979678,0.0018313297527386668,-0.18,0.18,1.0
0.6327366828918457,1,,0.0,0.1,0.0,-0.01970304909961947,0.010673058980627769,0.005402894287406302,-0.18,0.18,1.0
0.6730499267578125,1,,0.0,0.1,0.0,-0.012037283585337958,-0.014362531739069175,0.005300558873605808,-0.18,0.18,1.0
0.6730499267578125,1,,0.0,0.1,0.0,-0.0048174308878160075,-0.018790618291081397,0.0025179483020833795,-0.18,0.18,1.0
0.6730499267578125,1,,0.0,0.1,0.0,0.008961177632587636,-0.022029148481818788,0.003820904304280678,-0.18,0.18,1.0
0.6730499267578125,1,,0.0,0.1,0.0,-0.0011235695345317297,-0.023135125664915518,-0.007687499545897026,-0.18,0.18,1.0
0.6730499267578125,1,,0.0,0.1,0.0,0.006016104479274196,-0.0037867801316179583,-0.006627948419713439,-0.18,0.18,1.0
0.6730499267578125,1,,0.0,0.1,0.0,-0.007053057399230172,-0.01862349002539642,-0.0066687231522106465,-0.18,0.18,1.0
0.6730499267578125,1,,0.0,0.1,0.0,-0.00407890489255519,-0.02248394260860457,-0.009518651210298122,-0.18,0.18,1.0
0.6730499267578125,1,,0.0,0.1,0.0,-0.020835792379711632,0.0014506901498648496,-0.008429077499566194,-0.18,0.18,1.0
0.6730499267578125,1,,0.0,0.1,0.0,-0.01366101937569001,0.010854784806441285,-0.005696996875856775,-0.18,0.18,1.0
0.6730499267578125,1,,0.0,0.1,0.0,-0.01906206018303754,0.011866816987063874,-0.007345135536964918,-0.18,0.18,1.0
0.7133843898773193,1,,0.0,0.1,0.0,-0.023094678336232022,0.008427931640150063,-0.003263587682209301,-0.18,0.18,1.0
0.7133843898773193,1,,0.0,0.1,0.0,-0.019819494325416392,0.019146426662625185,-0.007120672691798888,-0.18,0.18,1.0
0.7133843898773193,1,,0.0,0.1,0.0,-0.02784632589571886,0.02722472345549567,-0.012080320113549436,-0.18,0.18,1.0
0.7133843898773193,1,,0.0,0.1,0.0,-0.024164901480943517,0.02394723963393625,-0.01161307796363166,-0.18,0.18,1.0
0.7133843898773193,1,,0.0,0.1,0.0,-0.012769813731210961,0.01505337531150222,-0.013735099447269368,-0.18,0.18,1.0
0.7133843898773193,1,,0.0,0.1,0.0,-0.017485885342348063,0.00922132300267561,-0.009580099830760476,-0.18,0.18,1.0
0.7133843898773193,1,,0.0,0.1,0.0,-0.0058095228214009665,-0.00871993529793115,-0.011106415544617639,-0.18,0.18,1.0
0.7133843898773193,1,,0.0,0.1,0.0,0.013033906015286721,0.009901690629607258,-0.006113496940086418,-0.18,0.18,1.0
0.7133843898773193,1,,0.0,0.1,0.0,-0.0021529305657478127,0.021452016205635888,-0.0023326411656274487,-0.18,0.18,1.0
0.7133843898773193,1,,0.0,0.1,0.0,0.012994935475820805,0.0311718593666832,-0.0005477445229018601,-0.18,0.18,1.0
0.7638087272644043,1,,0.0,0.1,0.0,-0.004583601831475733,0.031243840481004287,-0.0011449315339037234,-0.18,0.18,1.0
0.7638087272644043,1,,0.0,0.1,0.0,-0.0045711710612253,-0.0005270423934128012,-0.00766893685561726,-0.18,0.18,1.0
0.7638087272644043,1,,0.0,0.1,0.0,-0.0035829214795901026,-0.01756101847849959,-0.008872327356052156,-0.18,0.18,1.0
0.7638087272644043,1,,0.0,0.1,0.0,-0.008175344308806618,-0.009183214168505016,-0.0068905200984877265,-0.18,0.18,1.0
0.7638087272644043,1,,0.0,0.1,0.0,-0.00432318166291536,0.011348719747471762,-0.00997286407174683,-0.18,0.18,1.0
0.7638087272644043,1,,0.0,0.1,0.0,-0.004678729750582399,0.005616193649931485,-0.003958448505546456,-0.18,0.18,1.0
0.7638087272644043,1,,0.0,0.1,0.0,-0.008859299385035714,-0.007503554986771932,-0.00162695693713526,-0.18,0.18,1.0
0.7638087272644043,1,,0.0,0.1,0.0,-0.0009534030288104006,-0.01927708655634268,-0.008479163745227662,-0.18,0.18,1.0
0.7638087272644043,1,,0.0,0.1,0.0,-0.013691457626186255,-0.021375740710936654,0.0027984398262763765,-0.18,0.18,1.0
0.7638087272644043,1,,0.0,0.1,0.0,-0.004080077534581622,-0.037627541812914236,-0.0012019109446564059,-0.18,0.18,1.0
0.8041436672210693,1,,0.0,0.1,0.0,-0.011998980100945272,-0.03402066407730963,0.004374018929183449,-0.18,0.18,1.0
0.8041436672210693,1,,0.0,0.1,0.0,0.0007215249345365526,-0.020550713393172458,0.0027774649603569306,-0.18,0.18,1.0
0.8041436672210693,1,,0.0,0.1,0.0,0.00458015922606305,0.001960215411320737,0.005255449306222211,-0.18,0.18,1.0
0.8041436672210693,1,,0.0,0.1,0.0,0.0008850414000721697,0.0063781770151957766,-0.0071342867154062335,-0.18,0.18,1.0
0.8041436672210693,1,,0.0,0.1,0.0,-0.0038641033834040744,-0.010072101236086116,-0.002558810061235938,-0.18,0.18,1.0
0.8041436672210693,1,,0.0,0.1,0.0,-0.006528328076343255,-0.0052951345952690606,-0.003093401002787008,-0.18,0.18,1.0
0.8041436672210693,1,,0.0,0.1,0.0,-0.009180001851847065,-0.01437910545833599,-0.0031840521225295192,-0.18,0.18,1.0
0.8041436672210693,1,,0.0,0.1,0.0,-0.001812110973778565,-0.027643856577221515,0.003514620119837535,-0.18,0.18,1.0
0.8041436672210693,1,,0.0,0.1,0.0,-0.01966445019344688,-0.02859531164711213,-0.0010547523302814079,-0.18,0.18,1.0
0.8041436672210693,1,,0.0,0.1,0.0,-0.020464182116413446,-0.008767077962575753,-0.002445374699200861,-0.18,0.18,1.0
0.8444797992706299,1,,0.0,0.1,0.0,-0.02624310541500687,-0.016292618350345733,0.006633730930034709,-0.18,0.18,1.0
0.8444797992706299,1,,0.0,0.1,0.0,-0.02267049487689163,0.0026360356779314676,0.00605782392084523,-0.18,0.18,1.0
0.8444797992706299,1,,0.0,0.1,0.0,-0.004465112260326309,0.010122049472499724,0.00949468470032353,-0.18,0.18,1.0
0.8444797992706299,1,,0.0,0.1,0.0,-0.015649516970309196,-0.013290907501986486,0.0034397405029111122,-0.18,0.18,1.0
0.8444797992706299,1,,0.0,0.1,0.0,-0.0072258323854985824,-0.015198231522255709,-0.0012347196585486525,-0.18,0.18,1.0
0.8444797992706299,1,,0.0,0.1,0.0,-0.0030347584644310733,0.002853874185229782,0.002543891818310652,-0.18,0.18,1.0
0.8444797992706299,1,,0.0,0.1,0.0,0.013407723823685613,0.005199514318977372,-0.0020316216963265966,-0.18,0.18,1.0
0.8444797992706299,1,,0.0,0.1,0.0,-0.0006078256267733753,0.021896083149969457,-0.0025074770124047024,-0.18,0.18,1.0
0.8444797992706299,1,,0.0,0.1,0.0,0.006269810452613273,0.024021135819845905,-0.007608459449082044,-0.18,0.18,1.0
0.8444797992706299,1,,0.0,0.1,0.0,-0.005744384655964183,0.014819226682820335,-0.002308656513654942,-0.18,0.18,1.0
0.8949034214019775,1,,0.0,0.1,0.0,-0.01205310431078891,0.022681501609233375,-0.0065383331538316,-0.18,0.18,1.0
0.8949034214019775,1,,0.0,0.1,0.0,-0.0022178145280055133,0.023836346633962207,-0.0029203379657732963,-0.18,0.18,1.0
0.8949034214019775,1,,0.0,0.1,0.0,-0.01201691436582912,0.037466893081416236,-0.0018263009904792773,-0.18,0.18,1.0
0.8949034214019775,1,,0.0,0.1,0.0,-0.005219820297487828,0.03932808174447921,-0.003289175897352727,-0.18,0.18,1.0
0.8949034214019775,1,,0.0,0.1,0.0,0.003335092944353903,0.03755875229015343,-0.004492276940549804,-0.18,0.18,1.0
0.8949034214019775,1,,0.0,0.1,0.0,-0.004391630821495241,0.03666761782191918,-0.003916073198860513,-0.18,0.18,1.0
0.8949034214019775,1,,0.0,0.1,0.0,0.0026541875334135305,0.03372871615782277,-0.006803483548987785,-0.18,0.18,1.0
0.8949034214019775,1,,0.0,0.1,0.0,0.01731631783329322,0.018716729467497487,-0.005197791405668382,-0.18,0.18,1.0
0.8949034214019775,1,,0.0,0.1,0.0,-0.0010878950054312717,-0.00874566701074968,-0.006156191614704103,-0.18,0.18,1.0
0.8949034214019775,1,,0.0,0.1,0.0,-0.00010156170496588834,-0.02787443865163397,-0.006417923347972952,-0.18,0.18,1.0
0.9352395534515381,1,,0.0,0.1,0.0,-0.007107272318883603,-0.03800370668369639,-0.0022417551957292538,-0.18,0.18,1.0
0.9352395534515381,1,,0.0,0.1,0.0,0.0025145951048614777,-0.03776387992416636,0.004126528542794933,-0.18,0.18,1.0
0.9352395534515381,1,,0.0,0.1,0.0,0.004185670543965256,-0.04717210118370761,-0.0011465773738757303,-0.18,0.18,1.0
0.9352395534515381,1,,0.0,0.1,0.0,-0.004367198255832812,-0.03857676561562317,-0.004307288946845928,-0.18,0.18,1.0
0.9352395534515381,1,,0.0,0.1,0.0,-0.002000403617108259,-0.024861222268260347,-0.0009181041692576195,-0.18,0.18,1.0
0.9352395534515381,1,,0.0,0.1,0.0,-0.008914551516270151,-0.009921988260415878,-0.009963885067963425,-0.18,0.18,1.0
0.9352395534515381,1,,0.0,0.1,0.0,-0.0028288399726450275,0.005809068023779496,-0.011148174768638242,-0.18,0.18,1.0
0.9352395534515381,1,,0.0,0.1,0.0,0.0020890319694931514,-0.013446363422874412,-0.01060114796590191,-0.18,0.18,1.0
0.9352395534515381,1,,0.0,0.1,0.0,0.0018206680455387471,-0.03107543444077742,-0.00690914940895083,-0.18,0.18,1.0
0.9352395534515381,1,,0.0,0.1,0.0,-0.006403441658882915,-0.03941123955951345,-0.008234662341562402,-0.18,0.18,1.0
0.9755783081054688,1,,0.0,0.1,0.0,-0.015306161959840798,-0.03176548199862115,-0.004505077554205576,-0.18,0.18,1.0
0.9755783081054688,1,,0.0,0.1,0.0,-0.011775994340778525,-0.04110142902519269,-0.00728460535255158,-0.18,0.18,1.0
0.9755783081054688,1,,0.0,0.1,0.0,-0.02269655292540756,-0.0460488209590813,-0.002814627331750485,-0.18,0.18,1.0
0.9755783081054688,1,,0.0,0.1,0.0,-0.014072671142922683,-0.04931005955618097,-0.004940638932677799,-0.18,0.18,1.0
0.9755783081054688,1,,0.0,0.1,0.0,-0.01168016273032843,-0.04667708745266001,-0.003844677536137519,-0.18,0.18,1.0
0.9755783081054688,1,,0.0,0.1,0.0,-0.0032659984332518537,-0.0436193155163633,-0.009720842643059871,-0.18,0.18,1.0
0.9755783081054688,1,,0.0,0.1,0.0,-0.003858246389708409,-0.03837805778897481,-0.0068504873032545245,-0.18,0.18,1.0
0.9755783081054688,1,,0.0,0.1,0.0,-0.013123479717892388,-0.010890873867633691,-0.011702178650754498,-0.18,0.18,1.0
0.9755783081054688,1,,0.0,0.1,0.0,0.0057090825766806606,-0.015966618863234854,-0.004094891217447932,-0.18,0.18,1.0
0.9755783081054688,1,,0.0,0.1,0.0,-0.012044427939171059,-0.02195648952334144,-0.010868359992448503,-0.18,0.18,1.0
1.0159225463867188,1,,0.0,0.1,0.0,-0.00048555986981727413,-0.03020372141385748,-0.005466343078256397,-0.18,0.18,1.0
1.0159225463867188,1,,0.0,0.1,0.0,-0.009724794739855562,-0.017052106579500046,-0.0009254848450463293,-0.18,0.18,1.0
1.0159225463867188,1,,0.0,0.1,0.0,-0.00821143624185678,-0.0014863375494913685,-0.0046656024339780605,-0.18,0.18,1.0
1.0159225463867188,1,,0.0,0.1,0.0,-0.013366818641106566,-0.0020160297600843717,-0.002319066488921219,-0.18,0.18,1.0
1.0159225463867188,1,,0.0,0.1,0.0,-0.004572654576301169,-0.02230746015974155,-0.005302853802991782,-0.18,0.18,1.0
1.0159225463867188,1,,0.0,0.1,0.0,-0.01612103529094331,-0.03564838608118816,-0.002041302206187427,-0.18,0.18,1.0
1.0159225463867188,1,,0.0,0.1,0.0,-0.0016754281067088376,-0.04450252880753484,-0.0026642617552681998,-0.18,0.18,1.0
1.0159225463867188,1,,0.0,0.1,0.0,-0.007218847432544514,-0.043055615534109686,-0.014882959174500303,-0.18,0.18,1.0
1.0159225463867188,1,,0.0,0.1,0.0,-0.020248724381992173,-0.04893396269706324,-0.007340428225287858,-0.18,0.18,1.0
1.0159225463867188,1,,0.0,0.1,0.0,-0.009073559751951985,-0.031041661825961315,-0.01037385167481975,-0.18,0.18,1.0
1.0663621425628662,1,,0.0,0.1,0.0,-0.006544758518708761,-0.011075190847344644,-0.0038845053125244828,-0.18,0.18,1.0
1.0663621425628662,1,,0.0,0.1,0.0,-0.0074929379977776,-0.007819460914045624,-0.002915657078648581,-0.18,0.18,1.0
1.0663621425628662,1,,0.0,0.1,0.0,-0.013160984170010744,-0.010632479260629499,-0.0005010184276551158,-0.18,0.18,1.0
1.0663621425628662,1,,0.0,0.1,0.0,0.0003441236817308767,-0.023805192878810517,0.005380090012820955,-0.18,0.18,1.0
1.0663621425628662,1,,0.0,0.1,0.0,-0.011155457805349727,-0.030700397812291894,0.004131258305190982,-0.18,0.18,1.0
1.0663621425628662,1,,0.0,0.1,0.0,-0.008495167065772602,-0.014956118608026196,-0.006435835227044537,-0.18,0.18,1.0
1.0663621425628662,1,,0.0,0.1,0.0,-0.018838414211191173,0.005313970625220666,-0.008015722213005932,-0.18,0.18,1.0
1.0663621425628662,1,,0.0,0.1,0.0,-0.007884911030621044,0.007457035847047337,-0.003735366602841722,-0.18,0.18,1.0
1.0663621425628662,1,,0.0,0.1,0.0,-0.02135090854633889,-0.007590256031251469,-0.0014770067086275302,-0.18,0.18,1.0
1.0663621425628662,1,,0.0,0.1,0.0,-0.005157126379091384,-0.023765660667824522,0.0017776223513031454,-0.18,0.18,1.0
1.1066958904266357,1,,0.0,0.1,0.0,0.006367383686093206,-0.0381885795579583,0.005500358970153429,-0.18,0.18,1.0
1.1066958904266357,1,,0.0,0.1,0.0,0.0032190260708309356,-0.03277185054484513,0.005898483997003884,-0.18,0.18,1.0
1.1066958904266357,1,,0.0,0.1,0.0,0.003969143573326799,-0.03980557778574205,0.005946419038901333,-0.18,0.18,1.0
1.1066958904266357,1,,0.0,0.1,0.0,0.006729689095739805,-0.042044213867615955,-0.004908821172053307,-0.18,0.18,1.0
1.1066958904266357,1,,0.0,0.1,0.0,-0.011282840473710485,-0.02928102539385642,-0.003077990568817286,-0.18,0.18,1.0
1.1066958904266357,1,,0.0,0.1,0.0,-0.0044444156150254795,-0.012024998067955976,-0.0021127059475384486,-0.18,0.18,1.0
1.1066958904266357,1,,0.0,0.1,0.0,-0.013549952000878643,0.0051540760954134285,-0.0015163940298843978,-0.18,0.18,1.0
1.1066958904266357,1,,0.0,0.1,0.0,-0.00853573723500209,0.018733000044301305,-0.006352364083760348,-0.18,0.18,1.0
1.1066958904266357,1,,0.0,0.1,0.0,-0.010511710816137849,0.007142996232169645,-0.01027253093900083,-0.18,0.18,1.0
1.1470301151275635,1,,0.0,0.1,0.0,-9.430495607648497e-05,-0.010124801776126388,-0.0036978392578097996,-0.18,0.18,1.0
1.1470301151275635,1,,0.0,0.1,0.0,-0.011873912270707344,-0.02597776433868483,-0.006522600745508742,-0.18,0.18,1.0
1.1470301151275635,1,,0.0,0.1,0.0,-0.018427229570661268,-0.02510531752740924,-0.0011960430331091,-0.18,0.18,1.0
1.1470301151275635,1,,0.0,0.1,0.0,-0.012489526232593529,-0.012587716417550184,0.005123519978349384,-0.18,0.18,1.0
1.1470301151275635,1,,0.0,0.1,0.0,-0.016556368120615016,-0.010755178957442624,0.006344815025713962,-0.18,0.18,1.0
1.1470301151275635,1,,0.0,0.1,0.0,-0.01892416462034348,-0.021015523107855084,0.01421438888517411,-0.18,0.18,1.0
1.1470301151275635,1,,0.0,0.1,0.0,-0.01652256129391658,-0.006615065313110241,0.013686330175658165,-0.18,0.18,1.0
1.1470301151275635,1,,0.0,0.1,0.0,-0.005511465221675618,0.0019714091927932774,0.010159185108372598,-0.18,0.18,1.0
1.1470301151275635,1,,0.0,0.1,0.0,-0.011731701623606766,-0.006089468826264477,0.005612077446896258,-0.18,0.18,1.0
1.1470301151275635,1,,0.0,0.1,0.0,-0.02405619078024556,-0.021636612376601052,0.0013873918779833383,-0.18,0.18,1.0
1.1873526573181152,1,,0.0,0.1,0.0,-0.0036909276797603315,-0.02994849218689219,0.0010223905260714902,-0.18,0.18,1.0
1.1873526573181152,1,,0.0,0.1,0.0,0.011318705692917175,-0.022499636797766325,-0.005772470325989399,-0.18,0.18,1.0
1.1873526573181152,1,,0.0,0.1,0.0,0.004371648680546386,-0.0087319914082057,-0.005846342867096442,-0.18,0.18,1.0
1.1873526573181152,1,,0.0,0.1,0.0,-0.01550133558175169,-0.003530207143029299,-0.004120572094792347,-0.18,0.18,1.0
1.1873526573181152,1,,0.0,0.1,0.0,-0.025519056757074554,-0.013897518282438006,-0.006526181840971181,-0.18,0.18,1.0
1.1873526573181152,1,,0.0,0.1,0.0,-0.01927137660399857,-0.002950220676349398,-0.005067628406364718,-0.18,0.18,1.0
1.1873526573181152,1,,0.0,0.1,0.0,-0.009312887687976095,-0.004583839956656528,-0.002215037170699966,-0.18,0.18,1.0
1.1873526573181152,1,,0.0,0.1,0.0,-0.012846584275370387,-0.00015153756768668844,-0.006604385317000131,-0.18,0.18,1.0
1.1873526573181152,1,,0.0,0.1,0.0,-0.02293986178419119,-0.019337424683196006,-0.005804612318639294,-0.18,0.18,1.0
1.1873526573181152,1,,0.0,0.1,0.0,-0.012674865198379173,-0.03602044956185527,-0.010958956238392525,-0.18,0.18,1.0
1.23777437210083,1,,0.0,0.1,0.0,-0.012136554649710586,-0.025420936986433506,6.95553156601291e-06,-0.18,0.18,1.0
1.23777437210083,1,,0.0,0.1,0.0,-0.0033398596087667086,-0.02687857528275499,-0.0018173785210900436,-0.18,0.18,1.0
1.23777437210083,1,,0.0,0.1,0.0,-0.012106747906951537,-0.030346940802450345,-0.009451692481965555,-0.18,0.18,1.0
1.23777437210083,1,,0.0,0.1,0.0,-0.003922624337488084,-0.0383843537127171,-0.010362815085844366,-0.18,0.18,1.0
1.23777437210083,1,,0.0,0.1,0.0,-0.008068715007061158,-0.04388794721788472,-0.010427337450920424,-0.18,0.18,1.0
1.23777437210083,1,,0.0,0.1,0.0,-0.011611327474347065,-0.04153936601299335,-0.015736517720496463,-0.18,0.18,1.0
1.23777437210083,1,,0.0,0.1,0.0,-0.01698962739401236,-0.042468540710884184,-0.017933209607238335,-0.18,0.18,1.0
1.23777437210083,1,,0.0,0.1,0.0,-0.001489702485817067,-0.027973804361686845,-0.017423111294687706,-0.18,0.18,1.0
1.23777437210083,1,,0.0,0.1,0.0,-0.011366568122670728,-0.005142160208059094,-0.014444092864803248,-0.18,0.18,1.0
1.23777437210083,1,,0.0,0.1,0.0,-0.012505019880185476,0.009488724306856244,-0.01140755143989796,-0.18,0.18,1.0
1.2781107425689697,1,,0.0,0.1,0.0,-0.012163956214674853,0.019494272834403723,-0.014462103832277182,-0.18,0.18,1.0
1.2781107425689697,1,,0.0,0.1,0.0,-0.0007191921869902217,-0.0007934916352191544,-0.007066075108804807,-0.18,0.18,1.0
1.2781107425689697,1,,0.0,0.1,0.0,0.0014440648532484952,-0.01014000818945296,-0.003312756337641103,-0.18,0.18,1.0
1.2781107425689697,1,,0.0,0.1,0.0,0.004603604244689449,-0.020342297679933223,-0.007859977444540209,-0.18,0.18,1.0
1.2781107425689697,1,,0.0,0.1,0.0,-0.0029945950065567452,-0.03825461429565228,0.0022329703928710867,-0.18,0.18,1.0
1.2781107425689697,1,,0.0,0.1,0.0,-0.011226513328465733,-0.04346204787991214,-0.0079516577721381,-0.18,0.18,1.0
1.2781107425689697,1,,0.0,0.1,0.0,-0.009764373343352173,-0.030871351130780246,-0.008608118615103938,-0.18,0.18,1.0
1.2781107425689697,1,,0.0,0.1,0.0,-0.011149090826814678,-0.03253101035058881,-0.011268123395121751,-0.18,0.18,1.0
1.2781107425689697,1,,0.0,0.1,0.0,-0.0076222269115298925,-0.019945720742243586,-0.0027528236455222374,-0.18,0.18,1.0
1.2781107425689697,1,,0.0,0.1,0.0,-0.00722785048349702,-0.010131694395191322,-0.00656458350984015,-0.18,0.18,1.0
1.3184480667114258,1,,0.0,0.1,0.0,-0.0038341892131214237,0.010361748066387287,-0.007933604693085895,-0.18,0.18,1.0
1.3184480667114258,1,,0.0,0.1,0.0,-0.010446492861065738,0.025514753542018778,-0.007015018123278401,-0.18,0.18,1.0
1.3184480667114258,1,,0.0,0.1,0.0,-0.008542352273283463,0.030708274630608986,-0.009922435436643782,-0.18,0.18,1.0
1.3184480667114258,1,,0.0,0.1,0.0,-0.016650722564698225,0.033293758282606424,-0.005458268860897817,-0.18,0.18,1.0
1.3184480667114258,1,,0.0,0.1,0.0,-0.01510427249551826,0.033639466951312216,-0.0037936728700046075,-0.18,0.18,1.0
1.3184480667114258,1,,0.0,0.1,0.0,-0.008232320025612515,0.027730062138215675,-0.007040028004889874,-0.18,0.18,1.0
1.3184480667114258,1,,0.0,0.1,0.0,0.005583391213531522,0.031130418980224006,-0.004357703332899818,-0.18,0.18,1.0
1.3184480667114258,1,,0.0,0.1,0.0,-0.005634393966236951,0.016266236391719452,-0.00424711903433628,-0.18,0.18,1.0
1.3184480667114258,1,,0.0,0.1,0.0,0.002690086893649994,-0.013878571323091754,0.0005423645843048526,-0.18,0.18,1.0
1.3184480667114258,1,,0.0,0.1,0.0,-0.016840851579945106,-0.02238619040642572,0.0030812757147460662,-0.18,0.18,1.0
1.3587958812713623,1,,0.0,0.1,0.0,-0.009149478278293993,-0.03278537229485304,-0.006825040127791408,-0.18,0.18,1.0
1.3587958812713623,1,,0.0,0.1,0.0,0.0002958546278846817,-0.04365302175004899,-0.011892611882746693,-0.18,0.18,1.0
1.3587958812713623,1,,0.0,0.1,0.0,-0.005344284352453929,-0.03532147284258483,-0.01196820104428246,-0.18,0.18,1.0
1.3587958812713623,1,,0.0,0.1,0.0,-0.007524561024926162,-0.01584348553377778,-0.004519008203917719,-0.18,0.18,1.0
1.3587958812713623,1,,0.0,0.1,0.0,-0.0066200388712171696,-0.023695215280843656,0.005779049022899835,-0.18,0.18,1.0
1.3587958812713623,1,,0.0,0.1,0.0,-0.012476930662493148,-0.020205683056415284,-0.005590085675166405,-0.18,0.18,1.0
1.3587958812713623,1,,0.0,0.1,0.0,-0.010866221480222583,-0.006085368252300837,0.0007903108824593116,-0.18,0.18,1.0
1.3587958812713623,1,,0.0,0.1,0.0,-0.007716788620593092,0.0036062065344605178,2.5143197649622187e-05,-0.18,0.18,1.0
1.3587958812713623,1,,0.0,0.1,0.0,-0.001135583207275374,0.010817986054828772,-2.5995231728185225e-05,-0.18,0.18,1.0
1.3587958812713623,1,,0.0,0.1,0.0,0.009020696749335401,0.017671510265734724,0.009555782292066781,-0.18,0.18,1.0
1.4091989994049072,1,,0.0,0.1,0.0,-0.003569175304394111,0.030957174615384282,0.005305420281101397,-0.18,0.18,1.0
1.4091989994049072,1,,0.0,0.1,0.0,0.004590586999135801,0.034092960485314135,0.004233157586498434,-0.18,0.18,1.0
1.4091989994049072,1,,0.0,0.1,0.0,-0.013492993741787088,0.018363733471141678,0.004887710818637062,-0.18,0.18,1.0
1.4091989994049072,1,,0.0,0.1,0.0,-0.006651333320333135,0.006271586953188976,-0.0028412495028324715,-0.18,0.18,1.0
1.4091989994049072,1,,0.0,0.1,0.0,-0.01708231727491426,-0.01188824305096643,0.0008663831032577602,-0.18,0.18,1.0
1.4091989994049072,1,,0.0,0.1,0.0,-0.006688711950101291,-0.015008021287866581,-0.002748468113191789,-0.18,0.18,1.0
1.4091989994049072,1,,0.0,0.1,0.0,-0.006087782584737374,-0.01829253366451863,0.001562865969857616,-0.18,0.18,1.0
1.4091989994049072,1,,0.0,0.1,0.0,0.000651872773245121,-0.013474701856410537,-0.004141641358054082,-0.18,0.18,1.0
1.4091989994049072,1,,0.0,0.1,0.0,-0.000837117669085331,-0.0029798575430707323,-0.010935258230448186,-0.18,0.18,1.0
1.4091989994049072,1,,0.0,0.1,0.0,-0.0016239840239600126,-0.010491789292274229,-0.012932070221580758,-0.18,0.18,1.0
1.4495344161987305,1,,0.0,0.1,0.0,-0.009903284699516082,-0.013085049257954097,-0.01763979810791489,-0.18,0.18,1.0
1.4495344161987305,1,,0.0,0.1,0.0,-0.0052517131567842105,-0.024520640385391274,-0.015211577712497436,-0.18,0.18,1.0
1.4495344161987305,1,,0.0,0.1,0.0,-0.005451358252326357,-0.0305360443129879,-0.012584218691568822,-0.18,0.18,1.0
1.4495344161987305,1,,0.0,0.1,0.0,-0.0023551045779532783,-0.020309207325748754,-0.010639248429392338,-0.18,0.18,1.0
1.4495344161987305,1,,0.0,0.1,0.0,-0.00915177992645569,-0.010327688547811112,-0.012743673475779883,-0.18,0.18,1.0
1.4495344161987305,1,,0.0,0.1,0.0,-0.0056912049692373545,-0.005684527142580146,-0.013006058857848859,-0.18,0.18,1.0
1.4495344161987305,1,,0.0,0.1,0.0,-0.008213324741083161,0.005816240548751497,-0.00889341440348545,-0.18,0.18,1.0
1.4495344161987305,1,,0.0,0.1,0.0,-0.008890725465746749,0.0006990404290714178,-0.004259865427194522,-0.18,0.18,1.0
1.4495344161987305,1,,0.0,0.1,0.0,-0.0016300074012460901,-0.016377324874940997,-0.004979109718867648,-0.18,0.18,1.0
1.4495344161987305,1,,0.0,0.1,0.0,-0.004703456919954872,-0.02270922196480164,-0.003248797884473834,-0.18,0.18,1.0
1.489865779876709,1,,0.0,0.1,0.0,-0.007935752660098707,-0.015560941582033335,-0.003891520041873347,-0.18,0.18,1.0
1.489865779876709,1,,0.0,0.1,0.0,-0.0050447870645457,0.0007139616655107271,-0.007125923677933141,-0.18,0.18,1.0
1.489865779876709,1,,0.0,0.1,0.0,-0.005753717765246071,-0.002930967773659008,-0.009149715784529753,-0.18,0.18,1.0
1.489865779876709,1,,0.0,0.1,0.0,-0.005453477416988433,-0.01622112259387819,-0.00410739779891594,-0.18,0.18,1.0
1.489865779876709,1,,0.0,0.1,0.0,-0.011747490475667201,-0.02939176526744745,-0.007517454259545604,-0.18,0.18,1.0
1.489865779876709,1,,0.0,0.1,0.0,-0.021509858859692834,-0.04174543932836149,0.0023715048230257114,-0.18,0.18,1.0
1.489865779876709,1,,0.0,0.1,0.0,-0.010258659384202718,-0.0489003700659492,-0.0014978773659619627,-0.18,0.18,1.0
1.489865779876709,1,,0.0,0.1,0.0,-0.011697718202120079,-0.04043848061361807,-0.0013071179770340986,-0.18,0.18,1.0
1.489865779876709,1,,0.0,0.1,0.0,-0.008876915363657681,-0.01026052483316141,-0.0021099752077320066,-0.18,0.18,1.0
1.489865779876709,1,,0.0,0.1,0.0,-0.0026118978552058304,-0.0012166352290505012,0.0005572229205544505,-0.18,0.18,1.0
1.5402870178222656,1,,0.0,0.1,0.0,-0.003161519290675964,-0.006244899511330831,-0.006789188979634585,-0.18,0.18,1.0
1.5402870178222656,1,,0.0,0.1,0.0,-0.009612934417379494,-0.01812149729554155,-0.00969395184818565,-0.18,0.18,1.0
1.5402870178222656,1,,0.0,0.1,0.0,-0.009582188182311737,-0.0021739949505735746,-0.0024457017007797626,-0.18,0.18,1.0
1.5402870178222656,1,,0.0,0.1,0.0,-0.007986886636781225,-0.012770334496263552,-0.005487169061424032,-0.18,0.18,1.0
1.5402870178222656,1,,0.0,0.1,0.0,-0.009927536481698774,-0.0243679220143154,-0.0021743778140162003,-0.18,0.18,1.0
1.5402870178222656,1,,0.0,0.1,0.0,-0.020326174511503946,-0.03411022092324352,-0.0021784274239780767,-0.18,0.18,1.0
1.5402870178222656,1,,0.0,0.1,0.0,-0.0046892467919367985,-0.016171186856094207,-0.009951392635495045,-0.18,0.18,1.0
1.5402870178222656,1,,0.0,0.1,0.0,-0.008654871106046992,-0.03190256323002131,-0.004465853359657752,-0.18,0.18,1.0
1.5402870178222656,1,,0.0,0.1,0.0,-0.010468228839412856,-0.03782944901723852,-0.012964862667844367,-0.18,0.18,1.0
1.5402870178222656,1,,0.0,0.1,0.0,-0.0023067505819697335,-0.04171876544869495,-0.012270203273718833,-0.18,0.18,1.0
1.5806396007537842,1,,0.0,0.1,0.0,-0.01639569041765069,-0.0225759675725819,-0.009615960118855866,-0.18,0.18,1.0
1.5806396007537842,1,,0.0,0.1,0.0,-0.008359236145757079,-0.007672435339622131,-0.007015465932112773,-0.18,0.18,1.0
1.5806396007537842,1,,0.0,0.1,0.0,-0.01246463720407793,-0.012596442430012702,-0.011384092811023403,-0.18,0.18,1.0
1.5806396007537842,1,,0.0,0.1,0.0,-0.008628778624934722,-0.026464615144971573,-0.013732419281959528,-0.18,0.18,1.0
1.5806396007537842,1,,0.0,0.1,0.0,-0.01784848561660685,-0.03319137327437241,-0.021212630300835752,-0.18,0.18,1.0
1.5806396007537842,1,,0.0,0.1,0.0,-0.008732626436097237,-0.024426921805297486,-0.01575538789214688,-0.18,0.18,1.0
1.5806396007537842,1,,0.0,0.1,0.0,-0.01516617547533109,-0.0013864333564763817,-0.014390382343216107,-0.18,0.18,1.0
1.5806396007537842,1,,0.0,0.1,0.0,-0.012039232066044963,0.011678404685765899,-0.01226891945467602,-0.18,0.18,1.0
1.5806396007537842,1,,0.0,0.1,0.0,-0.012031675074758812,0.012558161426639087,-0.008070629447993275,-0.18,0.18,1.0
1.5806396007537842,1,,0.0,0.1,0.0,-0.01977583952562852,0.014908716484075173,0.0003532158344736299,-0.18,0.18,1.0
1.6209607124328613,1,,0.0,0.1,0.0,-0.021162024323995658,-0.011677132378874912,-0.0007367699077381962,-0.18,0.18,1.0
1.6209607124328613,1,,0.0,0.1,0.0,-0.013440939522154638,0.0033173925283718105,-0.009394269568991668,-0.18,0.18,1.0
1.6209607124328613,1,,0.0,0.1,0.0,-0.009664415569873791,0.007850776749202398,-0.013879592563174727,-0.18,0.18,1.0
1.6209607124328613,1,,0.0,0.1,0.0,-0.00440670717661374,-0.006669651198390306,-0.011610233042526383,-0.18,0.18,1.0
1.6209607124328613,1,,0.0,0.1,0.0,-0.003969477066506209,-0.02483925430287979,-0.014113165448626291,-0.18,0.18,1.0
1.6209607124328613,1,,0.0,0.1,0.0,-0.0026082825614358643,-0.026469932022816486,-0.007681728755412356,-0.18,0.18,1.0
1.6209607124328613,1,,0.0,0.1,0.0,0.004524794869568899,-0.010923267896289852,-0.00019614339569911304,-0.18,0.18,1.0
1.6209607124328613,1,,0.0,0.1,0.0,-0.01017837596101105,-0.004164553393334315,-0.006127654341484203,-0.18,0.18,1.0
1.6209607124328613,1,,0.0,0.1,0.0,-0.00313974802061925,-0.012295668241662241,-0.0030341468081538504,-0.18,0.18,1.0
1.6612720489501953,1,,0.0,0.1,0.0,-0.00721690951131474,-0.025560140446553897,-0.00500105178443027,-0.18,0.18,1.0
1.6612720489501953,1,,0.0,0.1,0.0,-0.0024459758160146473,-0.032255956662258535,-0.004260981481752427,-0.18,0.18,1.0
1.6612720489501953,1,,0.0,0.1,0.0,0.00894359521731425,-0.04298806843801606,0.002899042224807714,-0.18,0.18,1.0
1.6612720489501953,1,,0.0,0.1,0.0,-0.0034548503341443573,-0.03539221623173953,-0.0016351808963799418,-0.18,0.18,1.0
1.6612720489501953,1,,0.0,0.1,0.0,0.010596166003058719,-0.01795817017709995,-0.004159814597382319,-0.18,0.18,1.0
1.6612720489501953,1,,0.0,0.1,0.0,-5.744821588420521e-05,-0.0025533849951123993,-0.003905211112614542,-0.18,0.18,1.0
1.6612720489501953,1,,0.0,0.1,0.0,-0.009812939338732096,-0.012397811994124295,-0.005423616425276047,-0.18,0.18,1.0
1.6612720489501953,1,,0.0,0.1,0.0,-0.0020423170174614026,-0.017692947239347095,-0.004311794061554145,-0.18,0.18,1.0
1.6612720489501953,1,,0.0,0.1,0.0,-0.0012461602155427708,-0.024873131190465005,0.006133758897628522,-0.18,0.18,1.0
1.6612720489501953,1,,0.0,0.1,0.0,0.004775931225238112,-0.015093953137118352,-0.004196215603391876,-0.18,0.18,1.0
1.7116382122039795,1,,0.0,0.1,0.0,-0.0008152579753445495,-0.007383788577516397,-0.006605765464014043,-0.18,0.18,1.0
1.7116382122039795,1,,0.0,0.1,0.0,-0.005622298057651013,0.010782565469233946,-0.0074896741489006635,-0.18,0.18,1.0
1.7116382122039795,1,,0.0,0.1,0.0,-0.015034362591335917,0.02474668724476048,-0.0030611314923165815,-0.18,0.18,1.0
1.7116382122039795,1,,0.0,0.1,0.0,-0.006147956709427262,0.023705011434168977,0.00447310227008866,-0.18,0.18,1.0
1.7116382122039795,1,,0.0,0.1,0.0,-0.0061635939807828145,-0.003312435586102937,0.004659820710510906,-0.18,0.18,1.0
1.7116382122039795,1,,0.0,0.1,0.0,-0.011530653118430389,-0.022726332446399624,-0.002614917499322348,-0.18,0.18,1.0
1.7116382122039795,1,,0.0,0.1,0.0,-0.006396725331309223,-0.030298234892160415,-0.0063376550314512515,-0.18,0.18,1.0
1.7116382122039795,1,,0.0,0.1,0.0,-0.007021015247162437,-0.01010755457650888,-0.008964641402538118,-0.18,0.18,1.0
1.7116382122039795,1,,0.0,0.1,0.0,-0.010232203762710501,-0.008835104415858523,-0.004541055910322348,-0.18,0.18,1.0
1.7116382122039795,1,,0.0,0.1,0.0,-0.00802145079001754,-0.008972874762455766,-0.00396110848447454,-0.18,0.18,1.0
1.7519526481628418,1,,0.0,0.1,0.0,-0.0025992193851062237,0.006661427503792944,-0.001669377422217396,-0.18,0.18,1.0
1.7519526481628418,1,,0.0,0.1,0.0,-0.0042773966987018795,0.020529393878918126,-0.00020198115436046037,-0.18,0.18,1.0
1.7519526481628418,1,,0.0,0.1,0.0,0.0008535113176735169,0.0217757415083506,0.0005243921567068879,-0.18,0.18,1.0
1.7519526481628418,1,,0.0,0.1,0.0,-0.016160731003520366,0.023233623804648152,0.002185187304049901,-0.18,0.18,1.0
1.7519526481628418,1,,0.0,0.1,0.0,-0.01377248903528126,0.031675590679856314,-0.004632930434514518,-0.18,0.18,1.0
1.7519526481628418,1,,0.0,0.1,0.0,-0.011229787546816177,0.03685363636467409,-0.006671675759711567,-0.18,0.18,1.0
1.7519526481628418,1,,0.0,0.1,0.0,-0.019016346076582452,0.037215001334320284,-0.0007795532282380844,-0.18,0.18,1.0
1.7519526481628418,1,,0.0,0.1,0.0,-0.010713987535086105,0.040066289086049825,-0.009919953246896426,-0.18,0.18,1.0
1.7519526481628418,1,,0.0,0.1,0.0,-0.010832635643047518,0.041026587242958844,-0.007882625281097913,-0.18,0.18,1.0
1.7519526481628418,1,,0.0,0.1,0.0,-0.015026687521138197,0.041441986927307405,-0.004429407103930802,-0.18,0.18,1.0
1.7922558784484863,1,,0.0,0.1,0.0,-0.013041917028423985,0.04441462526758776,-0.00488208770431007,-0.18,0.18,1.0
1.7922558784484863,1,,0.0,0.1,0.0,-0.007185004679918469,0.03372416087992354,-0.004078235402028106,-0.18,0.18,1.0
1.7922558784484863,1,,0.0,0.1,0.0,-0.005779980950968838,0.03347082104386627,-0.00041125150341245697,-0.18,0.18,1.0
1.7922558784484863,1,,0.0,0.1,0.0,-0.01473757896742407,0.030647803011194723,0.005612575838145304,-0.18,0.18,1.0
1.7922558784484863,1,,0.0,0.1,0.0,-0.012378018405029702,0.031029833508195222,-0.0015823812728739614,-0.18,0.18,1.0
1.7922558784484863,1,,0.0,0.1,0.0,-0.018681601035426463,0.022176247085445848,-0.0057013393344247645,-0.18,0.18,1.0
1.7922558784484863,1,,0.0,0.1,0.0,-0.014752285618517446,0.01901282210150579,-0.006561766782910697,-0.18,0.18,1.0
1.7922558784484863,1,,0.0,0.1,0.0,-0.006075802086811688,-0.012621846589510623,-0.003375382253352153,-0.18,0.18,1.0
1.7922558784484863,1,,0.0,0.1,0.0,-0.02054903631576382,-0.025148112246068662,-0.004198423404917619,-0.18,0.18,1.0
1.7922558784484863,1,,0.0,0.1,0.0,0.0009096097571288157,-0.01453792605553468,-0.010442200421858366,-0.18,0.18,1.0
1.8325860500335693,1,,0.0,0.1,0.0,-0.00479249380448448,0.006063603877352656,-0.007681370776709219,-0.18,0.18,1.0
1.8325860500335693,1,,0.0,0.1,0.0,-0.004841967854677879,-0.010737957447918051,0.0008549931687768365,-0.18,0.18,1.0
1.8325860500335693,1,,0.0,0.1,0.0,-0.012097560829233182,-0.023477646338624265,-0.0064510808228419765,-0.18,0.18,1.0
1.8325860500335693,1,,0.0,0.1,0.0,-0.006270794516775476,-0.029894057461919914,-0.006325614981774456,-0.18,0.18,1.0
1.8325860500335693,1,,0.0,0.1,0.0,-0.019161772631343995,-0.03448879475993495,-0.008847845627287507,-0.18,0.18,1.0
1.8325860500335693,1,,0.0,0.1,0.0,-0.008211632974656225,-0.0323209775107698,-0.004090559201844774,-0.18,0.18,1.0
1.8325860500335693,1,,0.0,0.1,0.0,-0.015396291421741884,-0.040395269799786034,-0.008575538509597719,-0.18,0.18,1.0
1.8325860500335693,1,,0.0,0.1,0.0,-0.014325232654034263,-0.04705041360539456,-0.00503185150342391,-0.18,0.18,1.0
1.8325860500335693,1,,0.0,0.1,0.0,-0.013093668170328986,-0.051283272503826395,-0.008179296559893485,-0.18,0.18,1.0
1.8325860500335693,1,,0.0,0.1,0.0,-0.014576307461204165,-0.04447473380004829,-0.010592977657674653,-0.18,0.18,1.0
1.8829569816589355,1,,0.0,0.1,0.0,-0.004935080467054534,-0.033194592686294676,-0.00599434491696555,-0.18,0.18,1.0
1.8829569816589355,1,,0.0,0.1,0.0,-0.006385801280243407,-0.021979786342718195,-0.014440719986589896,-0.18,0.18,1.0
1.8829569816589355,1,,0.0,0.1,0.0,-0.00921746020434217,-0.0036939815829999862,-0.0052111000094108885,-0.18,0.18,1.0
1.8829569816589355,1,,0.0,0.1,0.0,-0.0003336165165662031,0.015596926413369714,-0.005877846104336664,-0.18,0.18,1.0
1.8829569816589355,1,,0.0,0.1,0.0,-0.0010670203526273233,0.020746431941800498,-0.00822063449152056,-0.18,0.18,1.0
1.8829569816589355,1,,0.0,0.1,0.0,-0.017565875801115984,0.015005258387773683,0.0007464592566837179,-0.18,0.18,1.0
1.8829569816589355,1,,0.0,0.1,0.0,-0.02180195176437721,0.010823371153130614,-0.009051663987936933,-0.18,0.18,1.0
1.8829569816589355,1,,0.0,0.1,0.0,-0.018478843974953505,-0.009845907528024698,-0.011258282047823103,-0.18,0.18,1.0
1.8829569816589355,1,,0.0,0.1,0.0,-0.022488154734597796,-0.011530880287491364,-0.011965749961871794,-0.18,0.18,1.0
1.8829569816589355,1,,0.0,0.1,0.0,-0.011252588462670332,0.0012309295111280214,-0.006403840674987884,-0.18,0.18,1.0
1.923285961151123,1,,0.0,0.1,0.0,-0.010681563638879427,0.003704305408786642,-0.008455880524838567,-0.18,0.18,1.0
1.923285961151123,1,,0.0,0.1,0.0,-0.0160726846917619,0.014011815873098644,-0.005672352353250526,-0.18,0.18,1.0
1.923285961151123,1,,0.0,0.1,0.0,-0.022334445649567332,-0.004767722965199005,-0.007213650699740043,-0.18,0.18,1.0
1.923285961151123,1,,0.0,0.1,0.0,-0.01716519096503333,-0.003972926335297174,-0.011393543206124058,-0.18,0.18,1.0
1.923285961151123,1,,0.0,0.1,0.0,-0.015385676414796993,-0.006838808818315332,-0.01073954287109676,-0.18,0.18,1.0
1.923285961151123,1,,0.0,0.1,0.0,-0.0075384057864554144,-0.01702103392966959,-0.014010921710405773,-0.18,0.18,1.0
1.923285961151123,1,,0.0,0.1,0.0,-0.017364000497811224,-0.0218055989055233,-0.01662183374774742,-0.18,0.18,1.0
1.923285961151123,1,,0.0,0.1,0.0,-0.016644491459363347,-0.009896151259840417,-0.00808593654253367,-0.18,0.18,1.0
1.923285961151123,1,,0.0,0.1,0.0,-0.010744674950352289,0.000590238668853274,-0.007117735212535347,-0.18,0.18,1.0
1.923285961151123,1,,0.0,0.1,0.0,-0.026858521011760127,-0.0012871886030306927,-0.006119206157870777,-0.18,0.18,1.0
1.963641881942749,1,,0.0,0.1,0.0,-0.019856183781205967,-0.020138313162807377,-0.010544927588292606,-0.18,0.18,1.0
1.963641881942749,1,,0.0,0.1,0.0,-0.022399062357687717,-0.02410151721759353,0.0009956755606686358,-0.18,0.18,1.0
1.963641881942749,1,,0.0,0.1,0.0,-0.011217809687905603,-0.019506105974433377,-0.0030248608340901436,-0.18,0.18,1.0
1.963641881942749,1,,0.0,0.1,0.0,-0.010777663383008755,-0.016330405839881563,-0.00259374056130241,-0.18,0.18,1.0
1.963641881942749,1,,0.0,0.1,0.0,-0.016869034479574413,-0.023743007922323037,-0.0019196194806804837,-0.18,0.18,1.0
1.963641881942749,1,,0.0,0.1,0.0,-0.015932250739981474,-0.03435372289015158,-0.0006251526699587883,-0.18,0.18,1.0
1.963641881942749,1,,0.0,0.1,0.0,-0.0019004085942446165,-0.04331861013886324,0.0012217394759499079,-0.18,0.18,1.0
1.963641881942749,1,,0.0,0.1,0.0,-0.004438203792359268,-0.046293019698277225,-0.006810826318744876,-0.18,0.18,1.0
1.963641881942749,1,,0.0,0.1,0.0,-0.00796499327089742,-0.02982491859071618,-0.011722415848306448,-0.18,0.18,1.0
1.963641881942749,1,,0.0,0.1,0.0,-0.010818725087141629,-0.019095086849751725,-0.0029371576984943823,-0.18,0.18,1.0
2.0140645503997803,1,,0.0,0.1,0.0,-0.017795096130583124,-0.012851281416049515,-0.004863524288513929,-0.18,0.18,1.0
2.0140645503997803,1,,0.0,0.1,0.0,-0.0038421637737048897,0.0023906847674008812,0.003833889121758675,-0.18,0.18,1.0
2.0140645503997803,1,,0.0,0.1,0.0,-0.018639761312989236,0.019730701346358945,0.00044982808703379824,-0.18,0.18,1.0
2.0140645503997803,1,,0.0,0.1,0.0,-0.014441033286647455,0.031910235858867465,-0.005901730312032018,-0.18,0.18,1.0
2.0140645503997803,1,,0.0,0.1,0.0,-0.011189217794345393,0.024663406946380355,-0.008109584439217783,-0.18,0.18,1.0
2.0140645503997803,1,,0.0,0.1,0.0,-0.013426387095568877,0.028832145778858082,-0.011020413765469965,-0.18,0.18,1.0
2.0140645503997803,1,,0.0,0.1,0.0,-0.010834766706524517,0.024408322559123074,-0.008550787517363625,-0.18,0.18,1.0
2.0140645503997803,1,,0.0,0.1,0.0,-0.01928655459826507,0.00493792557218879,-0.009936401586074155,-0.18,0.18,1.0
2.0140645503997803,1,,0.0,0.1,0.0,-0.015627288873241805,-0.022837977713686126,-0.01156534734426418,-0.18,0.18,1.0
2.0140645503997803,1,,0.0,0.1,0.0,-0.008937657723187713,-0.0008048787050956103,-0.0071654979177647755,-0.18,0.18,1.0
2.0544066429138184,1,,0.0,0.1,0.0,-0.004719580067636972,0.009021046870074143,-0.0057593117763774,-0.18,0.18,1.0
2.0544066429138184,1,,0.0,0.1,0.0,-0.0011855031152694282,0.005316843407563903,-0.0033169569562523293,-0.18,0.18,1.0
2.0544066429138184,1,,0.0,0.1,0.0,-0.012081302200300544,0.01058755619698406,-0.009018927201909195,-0.18,0.18,1.0
2.0544066429138184,1,,0.0,0.1,0.0,-0.019298774836289077,0.0012672619497449734,0.00457310466137696,-0.18,0.18,1.0
2.0544066429138184,1,,0.0,0.1,0.0,-0.004889100613889407,0.0033952624796538206,0.00683808372753842,-0.18,0.18,1.0
2.0544066429138184,1,,0.0,0.1,0.0,-0.002248658893240997,0.008845995463015332,0.010851267447771136,-0.18,0.18,1.0
2.0544066429138184,1,,0.0,0.1,0.0,-0.008900012448102115,0.01734645154399725,-0.0001230010519565278,-0.18,0.18,1.0
2.0544066429138184,1,,0.0,0.1,0.0,-0.01478946127250455,-0.0020599324735108265,-0.005310356609389391,-0.18,0.18,1.0
2.0544066429138184,1,,0.0,0.1,0.0,-0.006132747998850977,-0.020231471798107414,-0.005714885340083942,-0.18,0.18,1.0
2.0544066429138184,1,,0.0,0.1,0.0,-0.014877575627563231,-0.03493127014824897,-0.012698008057267018,-0.18,0.18,1.0
2.0947372913360596,1,,0.0,0.1,0.0,-0.007867117034150987,-0.04467905196333412,-0.015544009089974007,-0.18,0.18,1.0
2.0947372913360596,1,,0.0,0.1,0.0,-0.018634090079447323,-0.048775017182449865,-0.007460054204930491,-0.18,0.18,1.0
2.0947372913360596,1,,0.0,0.1,0.0,-0.004139636889625989,-0.04932078170837046,-0.009729385309086328,-0.18,0.18,1.0
2.0947372913360596,1,,0.0,0.1,0.0,-0.002206435240196356,-0.02372776372526224,-0.007366651550713215,-0.18,0.18,1.0
2.0947372913360596,1,,0.0,0.1,0.0,-0.01840704785946066,-0.012320930553391481,-0.011158913055141108,-0.18,0.18,1.0
2.0947372913360596,1,,0.0,0.1,0.0,-0.0012903281040102332,-0.018296349132350728,-0.011910021414394062,-0.18,0.18,1.0
2.0947372913360596,1,,0.0,0.1,0.0,-0.004803769089134526,-0.00411108988592633,-0.01341411545740608,-0.18,0.18,1.0
2.0947372913360596,1,,0.0,0.1,0.0,-0.013355496757531114,-0.009229584575697461,-0.013097902759929555,-0.18,0.18,1.0
2.0947372913360596,1,,0.0,0.1,0.0,-0.01603595903789987,-0.0006225666350673545,-0.015743824689592546,-0.18,0.18,1.0
2.0947372913360596,1,,0.0,0.1,0.0,-0.029095561000737666,0.002845107074999369,-0.011344803790369966,-0.18,0.18,1.0
2.135066509246826,1,,0.0,0.1,0.0,-0.02634951074742453,-0.0007978985993304656,-0.0027628263314541184,-0.18,0.18,1.0
2.135066509246826,1,,0.0,0.1,0.0,-0.028851823107853992,-0.017565303568614223,-0.010739276555910603,-0.18,0.18,1.0
2.135066509246826,1,,0.0,0.1,0.0,-0.028074486127787464,-0.009675939248747462,-0.00782683481328246,-0.18,0.18,1.0
2.135066509246826,1,,0.0,0.1,0.0,-0.01179647425692432,0.009985430965903,-0.0026228973559381526,-0.18,0.18,1.0
2.135066509246826,1,,0.0,0.1,0.0,-0.014202169430337626,0.01708248392160515,-0.0006373408244286264,-0.18,0.18,1.0
2.135066509246826,1,,0.0,0.1,0.0,-0.009253834708195258,-0.0021050450878162407,-0.006707004036731407,-0.18,0.18,1.0
2.135066509246826,1,,0.0,0.1,0.0,-0.012348764936543502,-0.005615008598001142,-0.007916413558588829,-0.18,0.18,1.0
2.135066509246826,1,,0.0,0.1,0.0,-0.01102365543142007,-0.010554534653584864,-0.010396207386975713,-0.18,0.18,1.0
2.135066509246826,1,,0.0,0.1,0.0,-0.009341056541571016,-0.02014485575202295,-0.010514177391584209,-0.18,0.18,1.0
2.135066509246826,1,,0.0,0.1,0.0,-0.014833433425142185,-0.006956536150903321,-0.010577413800229606,-0.18,0.18,1.0
2.1854896545410156,1,,0.0,0.1,0.0,-0.011207978632972692,-0.020054259512288838,-0.004605543730418775,-0.18,0.18,1.0
2.1854896545410156,1,,0.0,0.1,0.0,-0.015309999527331938,-0.030506665036660052,-0.009996041093574002,-0.18,0.18,1.0
2.1854896545410156,1,,0.0,0.1,0.0,-0.006534386981883581,-0.03280738054034299,-0.00689288008461168,-0.18,0.18,1.0
2.1854896545410156,1,,0.0,0.1,0.0,-0.011234981158733824,-0.012083871162460118,-0.0024625588560647947,-0.18,0.18,1.0
2.1854896545410156,1,,0.0,0.1,0.0,-0.014239272431049369,-0.01841294551974609,-0.006639067473006226,-0.18,0.18,1.0
2.1854896545410156,1,,0.0,0.1,0.0,-0.0037864696886779617,-0.02805348366563689,-0.00797303870762113,-0.18,0.18,1.0
2.1854896545410156,1,,0.0,0.1,0.0,-0.015364840346286046,-0.005315504726472065,-0.00555679888845889,-0.18,0.18,1.0
2.1854896545410156,1,,0.0,0.1,0.0,-0.015315652933485345,-0.0020196027822678626,0.003926327716795193,-0.18,0.18,1.0
2.1854896545410156,1,,0.0,0.1,0.0,-0.020164717477476776,0.007754131857756104,9.97665783366302e-05,-0.18,0.18,1.0
2.2258265018463135,1,,0.0,0.1,0.0,-0.009304861120965024,0.004684802340370811,-0.0005374553757160099,-0.18,0.18,1.0
2.2258265018463135,1,,0.0,0.1,0.0,-0.015729276966840684,-0.017502546339669373,-0.0037830598185448977,-0.18,0.18,1.0
2.2258265018463135,1,,0.0,0.1,0.0,-0.01007568786810441,-0.024756624639174475,-0.005016630047817141,-0.18,0.18,1.0
2.2258265018463135,1,,0.0,0.1,0.0,-0.009284191598592393,0.00022423841752541512,0.0007723364024234272,-0.18,0.18,1.0
2.2258265018463135,1,,0.0,0.1,0.0,-0.0029034350449988885,-0.018944755435927316,-0.004020105774714968,-0.18,0.18,1.0
2.2258265018463135,1,,0.0,0.1,0.0,-0.008254115918454277,-0.029517244452596254,0.001989653237581466,-0.18,0.18,1.0
2.2258265018463135,1,,0.0,0.1,0.0,-0.003955087360894371,-0.03128469802803463,0.0028622575538154106,-0.18,0.18,1.0
2.2258265018463135,1,,0.0,0.1,0.0,-0.0014506130750589765,-0.030579857019462718,-0.00013570162231090914,-0.18,0.18,1.0
2.2258265018463135,1,,0.0,0.1,0.0,-0.0021859867172900056,-0.015420337558797376,-0.009467755566628768,-0.18,0.18,1.0
2.2258265018463135,1,,0.0,0.1,0.0,-0.014095854200287049,0.000925699559381748,-0.009693035462452974,-0.18,0.18,1.0
2.2661561965942383,1,,0.0,0.1,0.0,-0.02980441346804037,0.02301577399181321,-0.010278529205867267,-0.18,0.18,1.0
2.2661561965942383,1,,0.0,0.1,0.0,-0.01491121045222286,0.02945098425667021,-0.006914938879763284,-0.18,0.18,1.0
2.2661561965942383,1,,0.0,0.1,0.0,-0.015659990836445453,0.03246996399386111,-0.013688624087388183,-0.18,0.18,1.0
2.2661561965942383,1,,0.0,0.1,0.0,-0.008201064224371354,0.03120906341177374,-0.010346399851796528,-0.18,0.18,1.0
2.2661561965942383,1,,0.0,0.1,0.0,-0.011776034409368199,0.03142504652704841,-0.007303175893903582,-0.18,0.18,1.0
2.2661561965942383,1,,0.0,0.1,0.0,-0.008093499710278486,0.0389753904062117,-0.009914499133725455,-0.18,0.18,1.0
2.2661561965942383,1,,0.0,0.1,0.0,-0.004163780677355048,0.01877265470450778,-0.013819367892166113,-0.18,0.18,1.0
2.2661561965942383,1,,0.0,0.1,0.0,0.004891794021024221,0.006018744569448556,-0.004176733246190433,-0.18,0.18,1.0
2.2661561965942383,1,,0.0,0.1,0.0,0.003952339548206262,-0.012467101779540328,0.0038895374342434457,-0.18,0.18,1.0
2.2661561965942383,1,,0.0,0.1,0.0,-0.0006013209944364155,-0.024044531806484897,0.007423447926452334,-0.18,0.18,1.0
2.3064959049224854,1,,0.0,0.1,0.0,-0.01887538387317219,-0.03732126010620257,0.0002823107656940904,-0.18,0.18,1.0
2.3064959049224854,1,,0.0,0.1,0.0,-0.011275602569125125,-0.04391468625102547,-0.004119413957105718,-0.18,0.18,1.0
2.3064959049224854,1,,0.0,0.1,0.0,-8.043546307962751e-06,-0.04128702127904722,-0.001575472342375625,-0.18,0.18,1.0
2.3064959049224854,1,,0.0,0.1,0.0,0.0053025300269540256,-0.019409456410503817,-0.0024108784698441466,-0.18,0.18,1.0
2.3064959049224854,1,,0.0,0.1,0.0,0.0026617572056766036,-0.008697817795191787,-0.004860463373196488,-0.18,0.18,1.0
2.3064959049224854,1,,0.0,0.1,0.0,0.004007103869837016,0.006950934149738354,0.0022924085122950767,-0.18,0.18,1.0
2.3064959049224854,1,,0.0,0.1,0.0,0.006476710160807689,0.010096906558932597,0.006117743643081404,-0.18,0.18,1.0
2.3064959049224854,1,,0.0,0.1,0.0,0.006906240015951706,0.010591358706862819,0.001214127033773691,-0.18,0.18,1.0
2.3064959049224854,1,,0.0,0.1,0.0,-0.0011628930458075456,0.020308603015094892,-0.0005582751405887797,-0.18,0.18,1.0
2.3064959049224854,1,,0.0,0.1,0.0,0.00041149790243172053,0.022026848015278256,0.0011055066589883823,-0.18,0.18,1.0
2.3569984436035156,1,,0.0,0.1,0.0,-0.0004720913322663711,0.013843746651881334,0.004345815335112727,-0.18,0.18,1.0
2.3569984436035156,1,,0.0,0.1,0.0,-0.007684796226256895,0.023264750817054734,-0.0007174147873932575,-0.18,0.18,1.0
2.3569984436035156,1,,0.0,0.1,0.0,-0.0041202236623497064,0.014030747754256308,-6.121603000270756e-05,-0.18,0.18,1.0
2.3569984436035156,1,,0.0,0.1,0.0,-0.014545462191628118,-0.00736930585032004,0.0024733459438975305,-0.18,0.18,1.0
2.3569984436035156,1,,0.0,0.1,0.0,-0.015178301548364562,-0.011946716861220126,-0.004707053547004115,-0.18,0.18,1.0
2.3569984436035156,1,,0.0,0.1,0.0,0.0035508693880381462,-0.015022647605091236,-0.0077223371703425085,-0.18,0.18,1.0
2.3569984436035156,1,,0.0,0.1,0.0,0.014140500728225064,0.0016534274293258364,-0.003766806239630335,-0.18,0.18,1.0
2.3569984436035156,1,,0.0,0.1,0.0,0.0008113337103807236,0.01539062217169672,-0.000999671632111825,-0.18,0.18,1.0
2.3569984436035156,1,,0.0,0.1,0.0,0.009655441982240451,0.022654948013738692,-0.010364104125361867,-0.18,0.18,1.0
2.3569984436035156,1,,0.0,0.1,0.0,0.010033028840668451,0.02206803215355595,-0.01271763599287291,-0.18,0.18,1.0
2.3973724842071533,1,,0.0,0.1,0.0,0.005893121956802196,0.017013972799532335,-0.0052043767834345145,-0.18,0.18,1.0
2.3973724842071533,1,,0.0,0.1,0.0,0.005483002325776409,0.004222261913952673,-0.009991637873671718,-0.18,0.18,1.0
2.3973724842071533,1,,0.0,0.1,0.0,-0.0003886575041157459,0.011351784469430757,-0.007566205005748178,-0.18,0.18,1.0
2.3973724842071533,1,,0.0,0.1,0.0,0.0036548631049240724,0.021289649770617536,-0.006599531353058285,-0.18,0.18,1.0
2.3973724842071533,1,,0.0,0.1,0.0,0.004761779804970585,0.002178729900253072,-0.004136047830046596,-0.18,0.18,1.0
2.3973724842071533,1,,0.0,0.1,0.0,-0.006435726981901568,-0.018164099399460107,-0.005443295832483168,-0.18,0.18,1.0
2.3973724842071533,1,,0.0,0.1,0.0,-0.0007138078753953238,-0.03222382033262146,-0.0026512537720159504,-0.18,0.18,1.0
2.3973724842071533,1,,0.0,0.1,0.0,0.0075342776966250725,-0.028403548657566266,-0.008278538321582388,-0.18,0.18,1.0
2.3973724842071533,1,,0.0,0.1,0.0,0.0061633825759725884,-0.03885535723873627,-0.006772107328921088,-0.18,0.18,1.0
2.3973724842071533,1,,0.0,0.1,0.0,-0.0012713182207596525,-0.044481611139561165,-0.003133289332546716,-0.18,0.18,1.0
2.4376845359802246,1,,0.0,0.1,0.0,-0.004091362319529213,-0.0495909396815388,-0.008772053355883195,-0.18,0.18,1.0
2.4376845359802246,1,,0.0,0.1,0.0,-0.0007839127018353131,-0.0532433727627981,-0.011519295930712138,-0.18,0.18,1.0
2.4376845359802246,1,,0.0,0.1,0.0,-0.015335456242398978,-0.050125530572822805,-0.005987746162802608,-0.18,0.18,1.0
2.4376845359802246,1,,0.0,0.1,0.0,-0.002009309293166459,-0.05246394909724725,-0.009946148837388567,-0.18,0.18,1.0
2.4376845359802246,1,,0.0,0.1,0.0,-0.005068256708743157,-0.03143234180692767,-0.013945788342545411,-0.18,0.18,1.0
2.4376845359802246,1,,0.0,0.1,0.0,0.0004130827528430925,-0.018287987328386428,-0.012973469503242636,-0.18,0.18,1.0
2.4376845359802246,1,,0.0,0.1,0.0,-0.007161715899862761,-0.02514506413909791,-0.012001656670036463,-0.18,0.18,1.0
2.4376845359802246,1,,0.0,0.1,0.0,-0.008036422731493754,-0.013943111775607258,-0.006446122171778289,-0.18,0.18,1.0
2.4376845359802246,1,,0.0,0.1,0.0,-0.020512635764521576,0.0010878072645032274,-0.006084775014540986,-0.18,0.18,1.0
2.4376845359802246,1,,0.0,0.1,0.0,-0.014351112096634935,-0.0016592673802495216,-0.005119688732950196,-0.18,0.18,1.0
2.48806095123291,1,,0.0,0.1,0.0,-0.009179637598047241,-0.005240706090534098,-0.005099439624974005,-0.18,0.18,1.0
2.48806095123291,1,,0.0,0.1,0.0,-0.02161977322896384,-0.015628002906125156,-0.0023059332312221873,-0.18,0.18,1.0
2.48806095123291,1,,0.0,0.1,0.0,-0.018370974708488662,-0.02271154915618529,-0.002665372666352993,-0.18,0.18,1.0
2.48806095123291,1,,0.0,0.1,0.0,-0.011927973721120238,-0.037256010473976746,-0.005639901401608841,-0.18,0.18,1.0
2.48806095123291,1,,0.0,0.1,0.0,-0.009949141440442438,-0.04369064179879894,0.0034498476162749887,-0.18,0.18,1.0
2.48806095123291,1,,0.0,0.1,0.0,-0.015149906396178057,-0.028965673469305005,-0.004366436414552641,-0.18,0.18,1.0
2.48806095123291,1,,0.0,0.1,0.0,-0.006879622365508792,-0.021440089207743825,0.0015297765735530218,-0.18,0.18,1.0
2.48806095123291,1,,0.0,0.1,0.0,-0.014196787801990306,-0.02662716465206823,-0.00898935765881951,-0.18,0.18,1.0
2.48806095123291,1,,0.0,0.1,0.0,-0.00548779886257879,-0.033426184141229005,-0.004588156977658352,-0.18,0.18,1.0
2.48806095123291,1,,0.0,0.1,0.0,-0.005757397002078019,-0.02136982364797764,-0.00973222268283931,-0.18,0.18,1.0
2.5284295082092285,1,,0.0,0.1,0.0,-0.011811809562876365,-0.003241537370757781,-0.006893629884931246,-0.18,0.18,1.0
2.5284295082092285,1,,0.0,0.1,0.0,-0.013864298795584784,0.0004685115653169758,-0.012710479507090821,-0.18,0.18,1.0
2.5284295082092285,1,,0.0,0.1,0.0,-0.0065035237932180015,-0.0033661477253916646,-0.012904901651844913,-0.18,0.18,1.0
2.5284295082092285,1,,0.0,0.1,0.0,-0.017204751909254006,-0.019692213680874083,-0.009651340212360882,-0.18,0.18,1.0
2.5284295082092285,1,,0.0,0.1,0.0,-0.0067955857180176825,-0.006982680036727104,-0.012828958232822157,-0.18,0.18,1.0
2.5284295082092285,1,,0.0,0.1,0.0,-0.014026810206413219,0.011592654991165125,-0.015798883598242275,-0.18,0.18,1.0
2.5284295082092285,1,,0.0,0.1,0.0,-0.006007478063292478,0.015136533329085294,-0.011293076046594743,-0.18,0.18,1.0
2.5284295082092285,1,,0.0,0.1,0.0,-0.002341613935072121,0.016862509767159452,-0.01272037309461946,-0.18,0.18,1.0
2.5284295082092285,1,,0.0,0.1,0.0,-0.00250910505160907,-0.0018722071311889636,-0.006595640705956405,-0.18,0.18,1.0
2.5284295082092285,1,,0.0,0.1,0.0,0.0012434571046227077,-0.020379675787270648,0.00027489588769739356,-0.18,0.18,1.0
2.5687499046325684,1,,0.0,0.1,0.0,0.0042937021885813345,-0.021506299059780333,-0.00495368636861217,-0.18,0.18,1.0
2.5687499046325684,1,,0.0,0.1,0.0,0.0004770050770668326,7.4496843239669e-05,-0.0030327173130824067,-0.18,0.18,1.0
2.5687499046325684,1,,0.0,0.1,0.0,-0.001236608946841064,0.013139522692732435,-0.0030748613520479996,-0.18,0.18,1.0
2.5687499046325684,1,,0.0,0.1,0.0,0.006852130977097531,0.024286302278565052,-0.0024980777165864647,-0.18,0.18,1.0
2.5687499046325684,1,,0.0,0.1,0.0,0.0033450720009214753,0.02128447868045222,-0.002965821426346412,-0.18,0.18,1.0
2.5687499046325684,1,,0.0,0.1,0.0,-0.009672033847829338,0.02656775940209276,-0.006363630343676276,-0.18,0.18,1.0
2.5687499046325684,1,,0.0,0.1,0.0,0.00398041338677971,0.02601042529380722,-0.01324517549348468,-0.18,0.18,1.0
2.5687499046325684,1,,0.0,0.1,0.0,-0.013533455838099718,0.02822445154490899,-0.005342265308667281,-0.18,0.18,1.0
2.5687499046325684,1,,0.0,0.1,0.0,-0.007755992626727693,0.030250222300937882,-0.008563757281254561,-0.18,0.18,1.0
2.5687499046325684,1,,0.0,0.1,0.0,0.0013453480793654449,0.023127107220553084,-0.0005557924227166719,-0.18,0.18,1.0
2.609081268310547,1,,0.0,0.1,0.0,-0.004255102854673288,0.016483493777834875,0.006863132457296238,-0.18,0.18,1.0
2.609081268310547,1,,0.0,0.1,0.0,-0.016399382467089572,0.01905832092161956,-0.0035429421395716744,-0.18,0.18,1.0
2.609081268310547,1,,0.0,0.1,0.0,-0.019292177486274462,0.022662133502461452,-0.0074160974143438994,-0.18,0.18,1.0
2.609081268310547,1,,0.0,0.1,0.0,-0.022513674646944135,0.005764830051348899,-0.0099596779227432,-0.18,0.18,1.0
2.609081268310547,1,,0.0,0.1,0.0,-0.022668389958039895,-0.020829964856597015,-0.011758314024089826,-0.18,0.18,1.0
2.609081268310547,1,,0.0,0.1,0.0,-0.007194924474523677,-0.008487810580555323,-0.01695762812216879,-0.18,0.18,1.0
2.609081268310547,1,,0.0,0.1,0.0,0.007621241455254098,0.010257739523708119,-0.013590860185400117,-0.18,0.18,1.0
2.609081268310547,1,,0.0,0.1,0.0,0.010849021608058859,0.0038581333894958676,-0.008716764234366695,-0.18,0.18,1.0
2.609081268310547,1,,0.0,0.1,0.0,-0.003972889110824514,-0.005522263845052477,-0.014347477931676395,-0.18,0.18,1.0
2.609081268310547,1,,0.0,0.1,0.0,0.0014183874543880189,-0.01850464859570451,-0.015254213273688989,-0.18,0.18,1.0
2.659494161605835,1,,0.0,0.1,0.0,-0.0037055947582282094,-0.032332535583157095,-0.011556838936704457,-0.18,0.18,1.0
2.659494161605835,1,,0.0,0.1,0.0,0.009210227525934625,-0.004895223825770394,-0.005975967950415971,-0.18,0.18,1.0
2.659494161605835,1,,0.0,0.1,0.0,0.009817799761256185,-0.01520524293920303,-0.0031264838372601056,-0.18,0.18,1.0
2.659494161605835,1,,0.0,0.1,0.0,-0.0020427505368742407,-0.028935923526555204,-0.008505464792536378,-0.18,0.18,1.0
2.659494161605835,1,,0.0,0.1,0.0,0.0012228308429555012,-0.024845170867162095,-0.0070961776605335935,-0.18,0.18,1.0
2.659494161605835,1,,0.0,0.1,0.0,-0.0062250780758250895,-0.007124651613727264,-0.0039024703048040313,-0.18,0.18,1.0
2.659494161605835,1,,0.0,0.1,0.0,-0.0027442158929733918,0.005420990944241041,-0.011329700753858939,-0.18,0.18,1.0
2.659494161605835,1,,0.0,0.1,0.0,-0.009199293931127265,-0.021269152926166577,-0.00814855815192891,-0.18,0.18,1.0
2.659494161605835,1,,0.0,0.1,0.0,-0.0033500280984470787,-0.01880567334279392,-0.003439770021465023,-0.18,0.18,1.0
2.659494161605835,1,,0.0,0.1,0.0,-0.00023521882434950894,0.004294930798805382,-0.0006120708502720197,-0.18,0.18,1.0
2.6997780799865723,1,,0.0,0.1,0.0,-0.005429095129983693,-0.002629552948101725,-0.0024031536769896873,-0.18,0.18,1.0
2.6997780799865723,1,,0.0,0.1,0.0,-0.0020314456801576075,-0.019727867165467587,-0.006793574867455492,-0.18,0.18,1.0
2.6997780799865723,1,,0.0,0.1,0.0,-0.01791498199752164,-0.03297546222296448,-0.00612324930283835,-0.18,0.18,1.0
2.6997780799865723,1,,0.0,0.1,0.0,-0.011001397385647206,-0.024950733922847485,-0.006266810008526636,-0.18,0.18,1.0
2.6997780799865723,1,,0.0,0.1,0.0,-0.008332417746382152,-0.016264355884060413,-0.006939486164273644,-0.18,0.18,1.0
2.6997780799865723,1,,0.0,0.1,0.0,-0.011292083519808389,-2.5197011113885805e-05,-0.0017173696874596429,-0.18,0.18,1.0
2.6997780799865723,1,,0.0,0.1,0.0,0.0007569390720833024,0.00886078917365383,0.0035547555535327684,-0.18,0.18,1.0
2.6997780799865723,1,,0.0,0.1,0.0,-0.004589726686256693,0.018099161329249835,0.0039273303571750245,-0.18,0.18,1.0
2.6997780799865723,1,,0.0,0.1,0.0,-0.0026360205974601267,0.009206982768232503,0.0016197044790512737,-0.18,0.18,1.0
2.7400715351104736,1,,0.0,0.1,0.0,-0.006093207369189387,0.006431999804223007,-0.005305260589679976,-0.18,0.18,1.0
2.7400715351104736,1,,0.0,0.1,0.0,0.004121548839355657,0.016877332810129226,-0.0010328330796885612,-0.18,0.18,1.0
2.7400715351104736,1,,0.0,0.1,0.0,-0.0009286248708622888,0.017003770899524987,0.004589804885321075,-0.18,0.18,1.0
2.7400715351104736,1,,0.0,0.1,0.0,-0.005092063385905847,-0.007854810392626563,-0.003361733843808367,-0.18,0.18,1.0
2.7400715351104736,1,,0.0,0.1,0.0,-0.009600472629101756,-0.025446063300817993,-0.003887312550721476,-0.18,0.18,1.0
2.7400715351104736,1,,0.0,0.1,0.0,-0.00020757625974439213,-0.03922427907859502,0.001713440757277101,-0.18,0.18,1.0
2.7400715351104736,1,,0.0,0.1,0.0,-0.0022483028174665833,-0.035300735254374126,-0.008255959991699036,-0.18,0.18,1.0
2.7400715351104736,1,,0.0,0.1,0.0,-0.013771730790652616,-0.011248128144893855,-0.01383231581260391,-0.18,0.18,1.0
2.7400715351104736,1,,0.0,0.1,0.0,-0.010112882098776057,-0.0042580054731381455,-0.011562079751818334,-0.18,0.18,1.0
2.7400715351104736,1,,0.0,0.1,0.0,0.0029954023941147117,-0.02128267775714804,-0.006081228741361093,-0.18,0.18,1.0
2.7804067134857178,1,,0.0,0.1,0.0,-0.009192963719049173,-0.021155119015363363,-0.0013840096363440905,-0.18,0.18,1.0
2.7804067134857178,1,,0.0,0.1,0.0,-0.0031092516878464768,-0.00854099834564662,-0.008437089373059956,-0.18,0.18,1.0
2.7804067134857178,1,,0.0,0.1,0.0,0.0035372275261888503,-0.03089173122545956,-0.009723300588702976,-0.18,0.18,1.0
2.7804067134857178,1,,0.0,0.1,0.0,-0.009932408863568562,-0.02461548222815958,-0.008646550170442741,-0.18,0.18,1.0
2.7804067134857178,1,,0.0,0.1,0.0,-0.005428358066734088,-0.0046564764732262565,-0.011100026469931188,-0.18,0.18,1.0
2.7804067134857178,1,,0.0,0.1,0.0,-0.0010275732857982552,-0.0008055819102414615,-0.010265631660876077,-0.18,0.18,1.0
2.7804067134857178,1,,0.0,0.1,0.0,-0.008310328562845488,-0.021071255234209323,-0.008635373251191942,-0.18,0.18,1.0
2.7804067134857178,1,,0.0,0.1,0.0,-0.0016678663190510465,-0.021071932116166963,-0.011465681256211956,-0.18,0.18,1.0
2.7804067134857178,1,,0.0,0.1,0.0,-0.0083338444209494,0.002416302829961345,-0.007629465803509577,-0.18,0.18,1.0
2.7804067134857178,1,,0.0,0.1,0.0,-0.01581896069462183,0.011545041935713759,-0.0008118259711246287,-0.18,0.18,1.0
2.830791711807251,1,,0.0,0.1,0.0,-0.012799901535124654,0.007328834983167577,-0.0018264658881505524,-0.18,0.18,1.0
2.830791711807251,1,,0.0,0.1,0.0,-0.017834592593765047,-0.007997852676787789,-0.00674614617357051,-0.18,0.18,1.0
2.830791711807251,1,,0.0,0.1,0.0,-0.005925482719522914,-0.007114988876767062,-0.013902771615109192,-0.18,0.18,1.0
2.830791711807251,1,,0.0,0.1,0.0,-0.014847207662674975,-0.02021957656976912,-0.01821991980864367,-0.18,0.18,1.0
2.830791711807251,1,,0.0,0.1,0.0,-0.002889078624747515,-0.030921268508146416,-0.01078402660399971,-0.18,0.18,1.0
2.830791711807251,1,,0.0,0.1,0.0,-0.007619021449105149,-0.01891209940903779,-0.009557976074861571,-0.18,0.18,1.0
2.830791711807251,1,,0.0,0.1,0.0,-0.00328974469397132,-0.0009084977481157945,-0.015627774656261386,-0.18,0.18,1.0
2.830791711807251,1,,0.0,0.1,0.0,-0.017105477057544047,-0.01570636155467324,-0.013704715847874405,-0.18,0.18,1.0
2.830791711807251,1,,0.0,0.1,0.0,-0.009046029801659852,-0.004065798734019225,-0.0004820715463228113,-0.18,0.18,1.0
2.830791711807251,1,,0.0,0.1,0.0,0.000261131574173409,0.0020650468705752244,0.0026860299762895726,-0.18,0.18,1.0
2.871110200881958,1,,0.0,0.1,0.0,-0.007054243796237523,0.013734914331773405,0.0016217947609279317,-0.18,0.18,1.0
2.871110200881958,1,,0.0,0.1,0.0,0.007540348244964497,0.008470373434126264,-0.0046628759840553775,-0.18,0.18,1.0
2.871110200881958,1,,0.0,0.1,0.0,-0.005695026578034657,-0.017004870926971137,-0.015295391152078477,-0.18,0.18,1.0
2.871110200881958,1,,0.0,0.1,0.0,-0.0032619259635985535,-0.027084184458710688,-0.013915283089981098,-0.18,0.18,1.0
2.871110200881958,1,,0.0,0.1,0.0,-0.01450469550929601,-0.03511289509211221,-0.010938682099376613,-0.18,0.18,1.0
2.871110200881958,1,,0.0,0.1,0.0,-0.0067774662685571255,-0.026202716043225018,-0.008152029547575752,-0.18,0.18,1.0
2.871110200881958,1,,0.0,0.1,0.0,0.0026912686440250786,-0.010962372130546573,-0.00889492175020138,-0.18,0.18,1.0
2.871110200881958,1,,0.0,0.1,0.0,-0.010554331429300241,0.0015282952167905827,-0.013819480454078275,-0.18,0.18,1.0
2.871110200881958,1,,0.0,0.1,0.0,-0.011735713813723386,0.0127784906402199,-0.013960106023516543,-0.18,0.18,1.0
2.871110200881958,1,,0.0,0.1,0.0,0.0034549018320890377,0.006827460399865218,-0.013089927945524805,-0.18,0.18,1.0
2.9114038944244385,1,,0.0,0.1,0.0,-0.009843298571652387,0.014187790936264367,-0.0068877439992981754,-0.18,0.18,1.0
2.9114038944244385,1,,0.0,0.1,0.0,-0.013891507538544342,0.005137703691329221,-0.00608877829135302,-0.18,0.18,1.0
2.9114038944244385,1,,0.0,0.1,0.0,-0.013178278736317248,0.016575738745987355,-0.007170918636639314,-0.18,0.18,1.0
2.9114038944244385,1,,0.0,0.1,0.0,-0.013451420628110583,0.02042409165692293,-0.010652406452252648,-0.18,0.18,1.0
2.9114038944244385,1,,0.0,0.1,0.0,-0.006911579707850697,0.009689140087546051,-0.008926590032568491,-0.18,0.18,1.0
2.9114038944244385,1,,0.0,0.1,0.0,-0.02268133215424777,-0.001316791555443618,-0.0034469889191678896,-0.18,0.18,1.0
2.9114038944244385,1,,0.0,0.1,0.0,-0.005902068457262305,-0.011632039074906692,-0.0030496969667171444,-0.18,0.18,1.0
2.9114038944244385,1,,0.0,0.1,0.0,0.007845957124211154,-0.02428643567270411,-0.0018015463055993982,-0.18,0.18,1.0
2.9114038944244385,1,,0.0,0.1,0.0,0.012280852148084952,-0.0031915502675890226,-0.007854890311002227,-0.18,0.18,1.0
2.9114038944244385,1,,0.0,0.1,0.0,0.009040191329106951,0.0013677742585458067,-0.005411461967754204,-0.18,0.18,1.0
2.961787223815918,1,,0.0,0.1,0.0,0.0075838597895188315,-0.008180885574662284,-0.003998237686590954,-0.18,0.18,1.0
2.961787223815918,1,,0.0,0.1,0.0,-0.0015555667605893682,-0.021050523704633832,-0.002553358648360457,-0.18,0.18,1.0
2.961787223815918,1,,0.0,0.1,0.0,-0.0077242054058474195,-0.03693906564375753,-0.0033630727352615894,-0.18,0.18,1.0
2.961787223815918,1,,0.0,0.1,0.0,-0.021878280104427196,-0.01139964580178047,-0.0031095798947701615,-0.18,0.18,1.0
2.961787223815918,1,,0.0,0.1,0.0,-0.000544372994282572,0.008869982071143782,-0.0013309474976247058,-0.18,0.18,1.0
2.961787223815918,1,,0.0,0.1,0.0,-0.006665280282106697,0.009301228434912039,-0.0009978211273881184,-0.18,0.18,1.0
2.961787223815918,1,,0.0,0.1,0.0,-0.0052135953218294985,-0.005904950977191419,-0.0014410126457260765,-0.18,0.18,1.0
2.961787223815918,1,,0.0,0.1,0.0,0.005427650309854274,-0.011046067463000719,-0.005249933854791073,-0.18,0.18,1.0
2.961787223815918,1,,0.0,0.1,0.0,0.008251567985928977,-0.02036010830313156,-0.00042109145350325834,-0.18,0.18,1.0
2.961787223815918,1,,0.0,0.1,0.0,0.011326014771478762,-0.0006921690560659731,-0.004363014846258352,-0.18,0.18,1.0
3.0021090507507324,1,,0.0,0.2,0.0,0.013057502854084375,0.006204027768786295,-0.0057773381325518175,-0.18,0.18,1.0
3.0021090507507324,1,,0.0,0.2,0.0,0.0025915011782763017,0.019918867264017818,-0.005473075561340849,-0.18,0.18,1.0
3.0021090507507324,1,,0.0,0.2,0.0,-0.003733096459635011,0.02466659360515919,-0.006101370272688932,-0.18,0.18,1.0
3.0021090507507324,1,,0.0,0.2,0.0,-0.011304925069762755,0.023769626789243777,-0.005570768727736155,-0.18,0.18,1.0
3.0021090507507324,1,,0.0,0.2,0.0,-0.014970632055761495,0.022288653271711374,0.0005634754693006805,-0.18,0.18,1.0
3.0021090507507324,1,,0.0,0.2,0.0,-0.01385429367487788,0.020071343064086023,0.003975005713094278,-0.18,0.18,1.0
3.0021090507507324,1,,0.0,0.2,0.0,-0.013947692275228135,0.029959706762866356,0.0021366007481474414,-0.18,0.18,1.0
3.0021090507507324,1,,0.0,0.2,0.0,-0.004583583877331843,0.013025446171892142,-0.0021135522371771966,-0.18,0.18,1.0
3.0021090507507324,1,,0.0,0.2,0.0,-0.008292904707771854,-0.002376258255839691,-0.010339798863710772,-0.18,0.18,1.0
3.0021090507507324,1,,0.0,0.2,0.0,-0.003465689430705511,-0.022620888201115665,-0.016208617012354713,-0.18,0.18,1.0
3.042410135269165,1,,0.0,0.2,0.0,-0.012761847350150018,-0.025508480395591768,-0.01188023383787697,-0.18,0.18,1.0
3.042410135269165,1,,0.0,0.2,0.0,-0.014914303730505818,-0.034810596698812174,-0.0077072186987800035,-0.18,0.18,1.0
3.042410135269165,1,,0.0,0.2,0.0,-0.009757520382104624,-0.024393405137298756,-0.011464687541460215,-0.18,0.18,1.0
3.042410135269165,1,,0.0,0.2,0.0,-0.016593318789972018,-0.03962408107048214,-4.6491212777115615e-05,-0.18,0.18,1.0
3.042410135269165,1,,0.0,0.2,0.0,-0.007847418314236429,-0.02773509343842224,0.0020555570231310344,-0.18,0.18,1.0
3.042410135269165,1,,0.0,0.2,0.0,-0.019329683465306124,-0.01563906533322428,0.0023299179387972152,-0.18,0.18,1.0
3.042410135269165,1,,0.0,0.2,0.0,-0.005014554178669153,0.0029066543778507635,-0.007624385824638089,-0.18,0.18,1.0
3.042410135269165,1,,0.0,0.2,0.0,-0.005865912670443051,0.013869248844806253,-0.008390137639462671,-0.18,0.18,1.0
3.042410135269165,1,,0.0,0.2,0.0,-0.0003348103368006468,0.019370486538670788,0.002027921359136472,-0.18,0.18,1.0
3.042410135269165,1,,0.0,0.2,0.0,0.005489622973163282,0.019806034390158725,0.00018330616088571254,-0.18,0.18,1.0
3.0827362537384033,1,,0.0,0.2,0.0,-0.006886600122971607,0.02854368614306819,-0.002803956038481824,-0.18,0.18,1.0
3.0827362537384033,1,,0.0,0.2,0.0,-0.012471393680505235,0.030755915292273596,0.005848079654187535,-0.18,0.18,1.0
3.0827362537384033,1,,0.0,0.2,0.0,-0.007997274478285236,0.02856963643342951,0.0016398876454198589,-0.18,0.18,1.0
3.0827362537384033,1,,0.0,0.2,0.0,0.0015785268664893178,0.03487255369270933,-0.0008493245453941785,-0.18,0.18,1.0
3.0827362537384033,1,,0.0,0.2,0.0,-0.01110934415536276,0.02745541034378097,-0.0022496458743273867,-0.18,0.18,1.0
3.0827362537384033,1,,0.0,0.2,0.0,-0.002384793183014285,0.019080198269753622,-0.012004346642337557,-0.18,0.18,1.0
3.0827362537384033,1,,0.0,0.2,0.0,-0.006794850953986605,0.017587228219982324,-0.008938090621063233,-0.18,0.18,1.0
3.0827362537384033,1,,0.0,0.2,0.0,-0.004844821526131185,0.01336522460107771,-0.010492830376115092,-0.18,0.18,1.0
3.0827362537384033,1,,0.0,0.2,0.0,-0.011035985141873128,0.01229190963914171,0.0005156120272804285,-0.18,0.18,1.0
3.0827362537384033,1,,0.0,0.2,0.0,-0.0051862900084481125,0.010957927731068772,-1.5328408047625738e-06,-0.18,0.18,1.0
3.1331586837768555,1,,0.0,0.2,0.0,-0.0016414353149249096,0.021365898709864703,-0.0023256410006637328,-0.18,0.18,1.0
3.1331586837768555,1,,0.0,0.2,0.0,-0.010170288860242781,0.01761308404875174,0.0001192372742525845,-0.18,0.18,1.0
3.1331586837768555,1,,0.0,0.2,0.0,-0.004522814261920051,-0.002688488216522851,0.0057428232379803405,-0.18,0.18,1.0
3.1331586837768555,1,,0.0,0.2,0.0,-0.0019510170272906034,-0.023184838320069148,0.0028544984563257155,-0.18,0.18,1.0
3.1331586837768555,1,,0.0,0.2,0.0,-0.006309455293969301,-0.03706380112678841,0.002147212341546092,-0.18,0.18,1.0
3.1331586837768555,1,,0.0,0.2,0.0,-0.011731801805878956,-0.028609235232863576,-0.0017655074792171906,-0.18,0.18,1.0
3.1331586837768555,1,,0.0,0.2,0.0,-0.007874992512168342,-0.025829376470694464,-0.001202161066355374,-0.18,0.18,1.0
3.1331586837768555,1,,0.0,0.2,0.0,-0.006436682944300193,-0.031594655703014646,-0.0020442411258570436,-0.18,0.18,1.0
3.1331586837768555,1,,0.0,0.2,0.0,-0.018567061200065457,-0.03610340519218447,-0.005225319592573193,-0.18,0.18,1.0
3.1331586837768555,1,,0.0,0.2,0.0,-0.010941503486444598,-0.0263678281995986,0.0007654198698054664,-0.18,0.18,1.0
3.1734836101531982,1,,0.0,0.2,0.0,-0.014249472260937179,-0.026551620518293427,-0.002955954176562514,-0.18,0.18,1.0
3.1734836101531982,1,,0.0,0.2,0.0,-0.011612145743368244,-0.014645885373204402,0.0006514808925209524,-0.18,0.18,1.0
3.1734836101531982,1,,0.0,0.2,0.0,-0.012516959511637027,-0.018890754339555234,0.003491027268815442,-0.18,0.18,1.0
3.1734836101531982,1,,0.0,0.2,0.0,-0.017141462038078387,-0.01490942442878943,0.004161710740329752,-0.18,0.18,1.0
3.1734836101531982,1,,0.0,0.2,0.0,-0.02703663188559974,-0.02709305233119693,0.0013821817669882653,-0.18,0.18,1.0
3.1734836101531982,1,,0.0,0.2,0.0,-0.008094757770949824,-0.026671792620856512,-0.002174248140872253,-0.18,0.18,1.0
3.1734836101531982,1,,0.0,0.2,0.0,0.0005357250348663604,-0.025989721578437815,-0.0013712422141987954,-0.18,0.18,1.0
3.1734836101531982,1,,0.0,0.2,0.0,-0.003061375119331051,-0.02687791837174279,0.003921945006488759,-0.18,0.18,1.0
3.1734836101531982,1,,0.0,0.2,0.0,-0.009484841748673435,-0.040569939122979244,0.0018846148524652743,-0.18,0.18,1.0
3.1734836101531982,1,,0.0,0.2,0.0,-0.013084597890091872,-0.03865716326177891,0.005016332988454449,-0.18,0.18,1.0
3.2137863636016846,1,,0.0,0.2,0.0,-0.010203005151778062,-0.045518756466189005,-0.0070285667870801155,-0.18,0.18,1.0
3.2137863636016846,1,,0.0,0.2,0.0,-0.009903985832735197,-0.04775676947541824,-0.0067810820928138164,-0.18,0.18,1.0
3.2137863636016846,1,,0.0,0.2,0.0,-0.014205342517498285,-0.0492864414963108,-0.013000501568077753,-0.18,0.18,1.0
3.2137863636016846,1,,0.0,0.2,0.0,-0.010022030343684672,-0.026791829382768015,-0.010951786279658125,-0.18,0.18,1.0
3.2137863636016846,1,,0.0,0.2,0.0,-0.008703264161981467,-0.01065486244865881,-0.008079451714340087,-0.18,0.18,1.0
3.2137863636016846,1,,0.0,0.2,0.0,-0.00976395904841033,-0.01029195877238438,-0.007258096788056603,-0.18,0.18,1.0
3.2137863636016846,1,,0.0,0.2,0.0,-0.015996806312203387,-0.02586073692591464,-0.006408986214659071,-0.18,0.18,1.0
3.2137863636016846,1,,0.0,0.2,0.0,-0.008781770529209719,-0.03418735416520375,-0.010173565116584697,-0.18,0.18,1.0
3.2137863636016846,1,,0.0,0.2,0.0,-0.01800480949070641,-0.041453473646115936,-0.008103800753309806,-0.18,0.18,1.0
3.2137863636016846,1,,0.0,0.2,0.0,-0.018915109539589636,-0.036586604214408264,-0.006726135347289443,-0.18,0.18,1.0
3.254115104675293,1,,0.0,0.2,0.0,-0.00944855979459693,-0.030989046207421343,-0.0016469364357509133,-0.18,0.18,1.0
3.254115104675293,1,,0.0,0.2,0.0,-0.01798892221020625,-0.013906197557641895,0.0018420477755844457,-0.18,0.18,1.0
3.254115104675293,1,,0.0,0.2,0.0,-0.0111976744246763,0.0115458449197983,-0.0011259383834694681,-0.18,0.18,1.0
3.254115104675293,1,,0.0,0.2,0.0,-0.007447454152797559,0.018559364567691278,-0.004543839260768846,-0.18,0.18,1.0
3.254115104675293,1,,0.0,0.2,0.0,-0.0001548661272131128,0.020006634442830795,0.005599458863041808,-0.18,0.18,1.0
3.254115104675293,1,,0.0,0.2,0.0,2.7175696909313267e-06,0.01769111847578851,-0.0019187981162240245,-0.18,0.18,1.0
3.254115104675293,1,,0.0,0.2,0.0,-0.014580375118923409,0.008588226696828826,-0.00986682392319516,-0.18,0.18,1.0
3.254115104675293,1,,0.0,0.2,0.0,-0.0075663237377064955,0.0059571994476520064,-0.008236489016640664,-0.18,0.18,1.0
3.254115104675293,1,,0.0,0.2,0.0,-0.00335474399231545,0.010860182579333676,-0.007022962030780448,-0.18,0.18,1.0
3.304483652114868,1,,0.0,0.2,0.0,-0.005239672463627855,0.008576519487262669,-0.0019033044227438202,-0.18,0.18,1.0
3.304483652114868,1,,0.0,0.2,0.0,0.0033472762269765952,-0.005691614499616187,0.004473750131939065,-0.18,0.18,1.0
3.304483652114868,1,,0.0,0.2,0.0,-0.013337462864929301,-0.023206056200075816,0.006774667294323817,-0.18,0.18,1.0
3.304483652114868,1,,0.0,0.2,0.0,-0.00578846307079012,-0.02680096040606471,0.003964655805940155,-0.18,0.18,1.0
3.304483652114868,1,,0.0,0.2,0.0,-0.002078400085755943,-0.014352782109479196,0.0024955151574463826,-0.18,0.18,1.0
3.304483652114868,1,,0.0,0.2,0.0,-0.0020124717262397515,-0.0018605559809342733,-0.0010091988988271462,-0.18,0.18,1.0
3.304483652114868,1,,0.0,0.2,0.0,-0.001141460903518691,0.0013821125037804388,-5.3501663670687994e-05,-0.18,0.18,1.0
3.304483652114868,1,,0.0,0.2,0.0,0.002135509910479377,-0.0038616472394142607,-0.0012217276232666893,-0.18,0.18,1.0
3.304483652114868,1,,0.0,0.2,0.0,-0.006709027907694225,0.01062621165071259,0.004559944480739225,-0.18,0.18,1.0
3.304483652114868,1,,0.0,0.2,0.0,0.005001384529560974,0.005769547975827925,-0.0027008250283782494,-0.18,0.18,1.0
3.344805955886841,1,,0.0,0.2,0.0,-0.00959452649497829,0.0073203475054356495,0.0024797627987491154,-0.18,0.18,1.0
3.344805955886841,1,,0.0,0.2,0.0,-0.004212326998582434,0.003889618942986256,0.002085518317875297,-0.18,0.18,1.0
3.344805955886841,1,,0.0,0.2,0.0,-0.01335136682150059,-0.012350730292185431,0.004728500987560263,-0.18,0.18,1.0
3.344805955886841,1,,0.0,0.2,0.0,-0.00264412313179653,-0.031220621954389467,-0.001073999257211664,-0.18,0.18,1.0
3.344805955886841,1,,0.0,0.2,0.0,0.01739746101948334,-0.03788074223900386,-0.0006952669111778581,-0.18,0.18,1.0
3.344805955886841,1,,0.0,0.2,0.0,-0.0048016525684868635,-0.015428617545954865,-0.003746008823432871,-0.18,0.18,1.0
3.344805955886841,1,,0.0,0.2,0.0,-0.003872831213897701,-0.021788784730102834,-0.004462458528401811,-0.18,0.18,1.0
3.344805955886841,1,,0.0,0.2,0.0,-0.005007762710016614,-0.024161357767869023,-0.00970646295051589,-0.18,0.18,1.0
3.344805955886841,1,,0.0,0.2,0.0,-0.0023317775373946983,-0.016482995155727494,-0.00527855850919698,-0.18,0.18,1.0
3.344805955886841,1,,0.0,0.2,0.0,-0.017492954134706893,-0.0038795150949995963,-0.004536867542001076,-0.18,0.18,1.0
3.3851375579833984,1,,0.0,0.2,0.0,-0.010985094827642624,-0.023523767926890593,-0.007683701540362388,-0.18,0.18,1.0
3.3851375579833984,1,,0.0,0.2,0.0,-0.015150577436475696,-0.025231871066945376,-0.002711079092416868,-0.18,0.18,1.0
3.3851375579833984,1,,0.0,0.2,0.0,-0.00016884163279826735,-0.0001814907101754162,-0.0061158716259768296,-0.18,0.18,1.0
3.3851375579833984,1,,0.0,0.2,0.0,-0.01237227713261224,0.0026985354139097786,-0.0054505662736722095,-0.18,0.18,1.0
3.3851375579833984,1,,0.0,0.2,0.0,-0.014073697402633924,-0.0054252923309926595,-0.009064956676203682,-0.18,0.18,1.0
3.3851375579833984,1,,0.0,0.2,0.0,0.002291529430344523,-0.01668800425289171,-0.007315138699665947,-0.18,0.18,1.0
3.3851375579833984,1,,0.0,0.2,0.0,-0.01314125762611799,-0.0214325518087857,-0.006426496367956822,-0.18,0.18,1.0
3.3851375579833984,1,,0.0,0.2,0.0,-0.0037847824061839207,-0.024211791189923833,-0.007907350351186454,-0.18,0.18,1.0
3.3851375579833984,1,,0.0,0.2,0.0,-0.01635374934336143,-0.021331731236801633,-0.0027220912643151026,-0.18,0.18,1.0
3.3851375579833984,1,,0.0,0.2,0.0,-0.007779060922145078,-0.018345371197910777,-0.005346843164182596,-0.18,0.18,1.0
3.4254374504089355,1,,0.0,0.2,0.0,-0.008732517825485777,-0.007994315307270043,-0.007956337215346576,-0.18,0.18,1.0
3.4254374504089355,1,,0.0,0.2,0.0,-0.004758750821204761,0.00032755017625056283,-0.007243348979264363,-0.18,0.18,1.0
3.4254374504089355,1,,0.0,0.2,0.0,-0.0183988842503353,0.012846171120633418,-0.005870462556228256,-0.18,0.18,1.0
3.4254374504089355,1,,0.0,0.2,0.0,-0.009121743712130672,-0.008047443497880905,-0.003820979818142969,-0.18,0.18,1.0
3.4254374504089355,1,,0.0,0.2,0.0,-0.012605906302527408,-0.01688996445376354,-0.00952425114244472,-0.18,0.18,1.0
3.4254374504089355,1,,0.0,0.2,0.0,-0.0013878711753731003,0.00675277604115836,-0.01340525680948695,-0.18,0.18,1.0
3.4254374504089355,1,,0.0,0.2,0.0,0.0008212798086934062,-0.0044467223350348715,-0.0105599698698063,-0.18,0.18,1.0
3.4254374504089355,1,,0.0,0.2,0.0,0.004994930888086893,0.002584731038287129,-0.01395332451308261,-0.18,0.18,1.0
3.4254374504089355,1,,0.0,0.2,0.0,0.011189568485334775,0.004946434856266748,-0.012843871186635025,-0.18,0.18,1.0
3.4254374504089355,1,,0.0,0.2,0.0,0.016103177442723975,-0.011212576614378994,-0.007928987210847994,-0.18,0.18,1.0
3.4758172035217285,1,,0.0,0.2,0.0,0.005879633078885717,-0.00219609222350275,-0.014454934574896258,-0.18,0.18,1.0
3.4758172035217285,1,,0.0,0.2,0.0,0.009160956687390585,-0.009618580320964366,-0.00981320336892035,-0.18,0.18,1.0
3.4758172035217285,1,,0.0,0.2,0.0,-0.007859342043797457,-0.011248188555648256,-0.004212296675032821,-0.18,0.18,1.0
3.4758172035217285,1,,0.0,0.2,0.0,0.004523718083514153,-0.0066987732983721055,-0.008771434209156785,-0.18,0.18,1.0
3.4758172035217285,1,,0.0,0.2,0.0,0.012069368745302591,-0.013633554342250324,-0.006303556259111236,-0.18,0.18,1.0
3.4758172035217285,1,,0.0,0.2,0.0,-0.0035999438940124157,0.007756406721566136,-0.009547788317299098,-0.18,0.18,1.0
3.4758172035217285,1,,0.0,0.2,0.0,-0.004440206333093758,0.014165633371520485,-0.005602258956997359,-0.18,0.18,1.0
3.4758172035217285,1,,0.0,0.2,0.0,-0.011742470603512793,0.018222519120699873,-0.007818295533492323,-0.18,0.18,1.0
3.4758172035217285,1,,0.0,0.2,0.0,-0.015023560046127697,0.024383723046075393,-0.006389100133741594,-0.18,0.18,1.0
3.4758172035217285,1,,0.0,0.2,0.0,-0.007249305201106666,0.020798321198521073,-0.005198741716182846,-0.18,0.18,1.0
3.5161349773406982,1,,0.0,0.2,0.0,-0.007888622577304348,-0.001464998310309008,-0.010067983126776108,-0.18,0.18,1.0
3.5161349773406982,1,,0.0,0.2,0.0,0.0037304617902936027,-0.02097677504952602,-0.007920422320121372,-0.18,0.18,1.0
3.5161349773406982,1,,0.0,0.2,0.0,-0.006370121103039626,-0.02218459205170369,-0.008302818674978413,-0.18,0.18,1.0
3.5161349773406982,1,,0.0,0.2,0.0,0.008327137994199553,-0.0144631472353935,-0.012918519556048808,-0.18,0.18,1.0
3.5161349773406982,1,,0.0,0.2,0.0,0.01700937856512224,-0.00035798256226418846,-0.01458355804880739,-0.18,0.18,1.0
3.5161349773406982,1,,0.0,0.2,0.0,0.0017949945772755167,0.004327909555629725,-0.004739117340757374,-0.18,0.18,1.0
3.5161349773406982,1,,0.0,0.2,0.0,0.00828957045895319,-0.02194651323583422,-0.004926756416927922,-0.18,0.18,1.0
3.5161349773406982,1,,0.0,0.2,0.0,-0.007427452483735766,-0.03676305047804768,-0.0026037353603196012,-0.18,0.18,1.0
3.5161349773406982,1,,0.0,0.2,0.0,-0.0007335622011240255,-0.0171601121401656,-0.002964264168141704,-0.18,0.18,1.0
3.5161349773406982,1,,0.0,0.2,0.0,-0.004314463016995189,-0.002673857000316029,-0.008174896904408657,-0.18,0.18,1.0
3.5564498901367188,1,,0.0,0.2,0.0,-0.00579177985624734,0.008790549971761522,-0.0066398438437842815,-0.18,0.18,1.0
3.5564498901367188,1,,0.0,0.2,0.0,0.0121632704502375,0.009890404007737436,-0.011570243110729055,-0.18,0.18,1.0
3.5564498901367188,1,,0.0,0.2,0.0,0.01388633770358127,-0.014842583380396854,-0.010356391233792374,-0.18,0.18,1.0
3.5564498901367188,1,,0.0,0.2,0.0,-0.006148122976711115,-0.013070051148244841,-0.003603824493426006,-0.18,0.18,1.0
3.5564498901367188,1,,0.0,0.2,0.0,0.0064725773353173375,-0.0019733005070923615,0.0020167580517218083,-0.18,0.18,1.0
3.5564498901367188,1,,0.0,0.2,0.0,-0.00768592128212666,0.009514574564183524,0.0014468612988706266,-0.18,0.18,1.0
3.5564498901367188,1,,0.0,0.2,0.0,0.007165088347732392,-0.009025776082917644,-0.0036897190000517092,-0.18,0.18,1.0
3.5564498901367188,1,,0.0,0.2,0.0,-0.006888452834469858,-0.02490377753779021,0.0018060553042498746,-0.18,0.18,1.0
3.5564498901367188,1,,0.0,0.2,0.0,0.004838328589276913,-0.01651215890245807,-0.007577111844640261,-0.18,0.18,1.0
3.5564498901367188,1,,0.0,0.2,0.0,-0.008726435523430836,-0.0077410976240597715,-0.0032404270682064892,-0.18,0.18,1.0
3.606818675994873,1,,0.0,0.2,0.0,-0.005539628171439449,0.015604370758147676,-0.0021486392217640693,-0.18,0.18,1.0
3.606818675994873,1,,0.0,0.2,0.0,0.002203905567546577,0.0009998818064638794,-0.0034852959413775126,-0.18,0.18,1.0
3.606818675994873,1,,0.0,0.2,0.0,-0.011196884618505397,-0.015516546747499336,-0.00749889252278521,-0.18,0.18,1.0
3.606818675994873,1,,0.0,0.2,0.0,-0.009244430391340848,-0.024649134767337055,-0.004317025703606106,-0.18,0.18,1.0
3.606818675994873,1,,0.0,0.2,0.0,-0.007813289365530985,-0.016085360005868278,-0.007521205611897453,-0.18,0.18,1.0
3.606818675994873,1,,0.0,0.2,0.0,-0.007655034618284696,-0.014957046424756325,-0.005616105459316296,-0.18,0.18,1.0
3.606818675994873,1,,0.0,0.2,0.0,-0.014700996152752072,-0.008253496539970533,-0.0091149027310645,-0.18,0.18,1.0
3.606818675994873,1,,0.0,0.2,0.0,0.0024947673569987792,-0.029021970605521,-0.008827813525549864,-0.18,0.18,1.0
3.606818675994873,1,,0.0,0.2,0.0,0.006646267682348921,-0.032684235383046614,-0.011184352997098562,-0.18,0.18,1.0
3.606818675994873,1,,0.0,0.2,0.0,-0.011681211679735971,-0.04002220310057207,-0.009814167926992216,-0.18,0.18,1.0
3.647116184234619,1,,0.0,0.2,0.0,-0.011361545806036925,-0.0452258844195248,-0.007052919535760623,-0.18,0.18,1.0
3.647116184234619,1,,0.0,0.2,0.0,-0.01517590738953423,-0.02766873002067917,-0.010812029260121045,-0.18,0.18,1.0
3.647116184234619,1,,0.0,0.2,0.0,-0.008262884584323671,-0.010221427506705197,-0.0026620477503562995,-0.18,0.18,1.0
3.647116184234619,1,,0.0,0.2,0.0,-0.004927064122208676,0.0018099397117490328,-0.006827239868069458,-0.18,0.18,1.0
3.647116184234619,1,,0.0,0.2,0.0,-0.0035773725259702544,0.013508530880455987,-0.005584204506648141,-0.18,0.18,1.0
3.647116184234619,1,,0.0,0.2,0.0,-0.0003175973748865866,0.014233660786011283,-0.00743077478659609,-0.18,0.18,1.0
3.647116184234619,1,,0.0,0.2,0.0,-0.015254266565977264,0.021442166353137112,-0.009673405445779423,-0.18,0.18,1.0
3.647116184234619,1,,0.0,0.2,0.0,-0.007586339522673892,-0.002459988417723407,-0.005865355151899126,-0.18,0.18,1.0
3.647116184234619,1,,0.0,0.2,0.0,-0.014531882818756598,-0.023508780498710722,-0.006426770669676194,-0.18,0.18,1.0
3.647116184234619,1,,0.0,0.2,0.0,-0.024497405061671623,-0.01593196406065507,-0.010682883572291723,-0.18,0.18,1.0
3.687431573867798,1,,0.0,0.2,0.0,-0.011265519914956128,-0.01597994227146077,-0.006555331149916553,-0.18,0.18,1.0
3.687431573867798,1,,0.0,0.2,0.0,-0.013719460412753426,-0.020770010357616588,-0.009261906473232464,-0.18,0.18,1.0
3.687431573867798,1,,0.0,0.2,0.0,-0.00633189387145765,-0.0006567785202026979,-0.00031930023929124476,-0.18,0.18,1.0
3.687431573867798,1,,0.0,0.2,0.0,-0.016442383920758696,-0.00614209513193975,-0.01032487040096112,-0.18,0.18,1.0
3.687431573867798,1,,0.0,0.2,0.0,-0.021284432306236698,-0.02409202762726598,-0.00789504120462059,-0.18,0.18,1.0
3.687431573867798,1,,0.0,0.2,0.0,-0.018355484949968158,-0.022500101113413086,-0.006000970654045149,-0.18,0.18,1.0
3.687431573867798,1,,0.0,0.2,0.0,-0.01828110322735724,-0.006801931654698371,-0.005393933370060765,-0.18,0.18,1.0
3.687431573867798,1,,0.0,0.2,0.0,-0.010304649872176648,-0.000637539320985274,-0.008239694670611314,-0.18,0.18,1.0
3.687431573867798,1,,0.0,0.2,0.0,-0.012241201361122733,-0.016642649671074098,-0.012392481217301469,-0.18,0.18,1.0
3.687431573867798,1,,0.0,0.2,0.0,-0.006141771284049193,-0.030255131453372785,-0.01013847617622133,-0.18,0.18,1.0
3.7277591228485107,1,,0.0,0.2,0.0,-0.01065739942752891,-0.032165230608827894,-0.010701380419359153,-0.18,0.18,1.0
3.7277591228485107,1,,0.0,0.2,0.0,-0.013363015128640125,-0.01662917697265367,-0.0038236164109368446,-0.18,0.18,1.0
3.7277591228485107,1,,0.0,0.2,0.0,-0.006356796095586449,-0.019106643129906557,-0.003999785235389542,-0.18,0.18,1.0
3.7277591228485107,1,,0.0,0.2,0.0,0.0032676716629107165,-0.029800046694071523,-0.009509801712037526,-0.18,0.18,1.0
3.7277591228485107,1,,0.0,0.2,0.0,0.0024944755778709537,-0.005060083440936529,-0.008253139410302346,-0.18,0.18,1.0
3.7277591228485107,1,,0.0,0.2,0.0,0.002481261836217746,-0.01853102522774534,-0.013936153046433029,-0.18,0.18,1.0
3.7277591228485107,1,,0.0,0.2,0.0,0.008702418764975668,-0.030795014789165458,-0.007053032551683894,-0.18,0.18,1.0
3.7277591228485107,1,,0.0,0.2,0.0,0.015532166641327292,-0.03777820687766109,-0.00465703123359338,-0.18,0.18,1.0
3.7277591228485107,1,,0.0,0.2,0.0,-0.004402993801840493,-0.04152327530665755,-0.006556487592061518,-0.18,0.18,1.0
3.7277591228485107,1,,0.0,0.2,0.0,-0.006965842869820568,-0.030132763102226266,-0.005878849330740343,-0.18,0.18,1.0
3.778144598007202,1,,0.0,0.2,0.0,-0.018174993172162264,-0.005650559529014016,-0.0010677159390534321,-0.18,0.18,1.0
3.778144598007202,1,,0.0,0.2,0.0,-0.013388611097589563,-0.0015236816354751226,0.0014235346541461291,-0.18,0.18,1.0
3.778144598007202,1,,0.0,0.2,0.0,-0.026892108527469153,0.0019865418817278185,-0.0013430126821511329,-0.18,0.18,1.0
3.778144598007202,1,,0.0,0.2,0.0,-0.011976215484190107,-0.0022018431957796345,-0.003458456294150249,-0.18,0.18,1.0
3.778144598007202,1,,0.0,0.2,0.0,-0.02009455823489173,-0.02020732730958121,-0.004615121953546388,-0.18,0.18,1.0
3.778144598007202,1,,0.0,0.2,0.0,-0.008032845621229183,-0.02307593342028852,-0.007974957892395449,-0.18,0.18,1.0
3.778144598007202,1,,0.0,0.2,0.0,-0.008345977167458229,-0.014669358938017503,-0.012483638680232143,-0.18,0.18,1.0
3.778144598007202,1,,0.0,0.2,0.0,-0.001956538531442766,-0.027552112429679483,-0.012816743887910919,-0.18,0.18,1.0
3.778144598007202,1,,0.0,0.2,0.0,-0.012856374679312265,-0.015040633857351868,-0.004515646218464042,-0.18,0.18,1.0
3.818439483642578,1,,0.0,0.2,0.0,0.0012504887098205009,-0.02153926626259885,-0.009366564254764431,-0.18,0.18,1.0
3.818439483642578,1,,0.0,0.2,0.0,-0.007522081137478806,-0.03127110217587195,-0.0036448862817780535,-0.18,0.18,1.0
3.818439483642578,1,,0.0,0.2,0.0,-0.0008580126349590464,-0.012139885723392356,-0.013647653213550603,-0.18,0.18,1.0
3.818439483642578,1,,0.0,0.2,0.0,0.006333415521386433,0.008161210565952053,-0.012713485582459725,-0.18,0.18,1.0
3.818439483642578,1,,0.0,0.2,0.0,0.011828620472243392,-0.00013230144786502675,-0.006831836552720304,-0.18,0.18,1.0
3.818439483642578,1,,0.0,0.2,0.0,0.0021396734166046743,-0.021007174847982254,-0.004392363537055913,-0.18,0.18,1.0
3.818439483642578,1,,0.0,0.2,0.0,-0.017006163475809178,-0.034956414247803616,-0.006283333516216781,-0.18,0.18,1.0
3.818439483642578,1,,0.0,0.2,0.0,-0.0023485630523280452,-0.03615365303489478,-0.01172549384451837,-0.18,0.18,1.0
3.818439483642578,1,,0.0,0.2,0.0,-0.011291626951748053,-0.029232163671230958,-0.008794359214718108,-0.18,0.18,1.0
3.818439483642578,1,,0.0,0.2,0.0,-0.019825733571250132,-0.03429354721007996,-0.007685040728165721,-0.18,0.18,1.0
3.8587474822998047,1,,0.0,0.2,0.0,-0.0017820503740567538,-0.02654747778453893,-0.0051551751808547415,-0.18,0.18,1.0
3.8587474822998047,1,,0.0,0.2,0.0,-0.007510684771461141,-0.0019357015691318844,-0.0014468746318434943,-0.18,0.18,1.0
3.8587474822998047,1,,0.0,0.2,0.0,-0.01134126548196147,0.006265850789866009,-0.005975214579013197,-0.18,0.18,1.0
3.8587474822998047,1,,0.0,0.2,0.0,-0.0061305112561943036,0.0029441014267639082,-0.012857968370437144,-0.18,0.18,1.0
3.8587474822998047,1,,0.0,0.2,0.0,-0.016443917635121614,-0.0216230467853886,-0.00292822374350249,-0.18,0.18,1.0
3.8587474822998047,1,,0.0,0.2,0.0,-0.0052612908056073136,-0.021915871291007423,-0.005624898048870345,-0.18,0.18,1.0
3.8587474822998047,1,,0.0,0.2,0.0,-0.006573047891302643,-0.009188562314160594,0.0009963135273779043,-0.18,0.18,1.0
3.8587474822998047,1,,0.0,0.2,0.0,-0.0026238067700080697,0.0016533180710322007,-0.009118210384497201,-0.18,0.18,1.0
3.8587474822998047,1,,0.0,0.2,0.0,-0.003588731589429518,-0.02376417740099316,-0.00841386741967349,-0.18,0.18,1.0
3.8587474822998047,1,,0.0,0.2,0.0,-0.009355049751237158,-0.02781975916224872,-0.005596812458055431,-0.18,0.18,1.0
3.899069309234619,1,,0.0,0.2,0.0,-0.012368097325416636,-0.02334619232156666,-0.007956121969566172,-0.18,0.18,1.0
3.899069309234619,1,,0.0,0.2,0.0,0.005199918053083378,0.0016694533085873245,-0.003333308703943,-0.18,0.18,1.0
3.899069309234619,1,,0.0,0.2,0.0,-0.005245399563278409,0.008285891229671402,-0.003869792001306374,-0.18,0.18,1.0
3.899069309234619,1,,0.0,0.2,0.0,0.0060178371177484055,-0.01210076036453319,-0.00829969771970345,-0.18,0.18,1.0
3.899069309234619,1,,0.0,0.2,0.0,-0.007070636091063338,-0.022490429667430787,-0.005023065421265235,-0.18,0.18,1.0
3.899069309234619,1,,0.0,0.2,0.0,-0.013962100310293026,-0.01127811437231437,-0.006296184844950883,-0.18,0.18,1.0
3.899069309234619,1,,0.0,0.2,0.0,-0.0030782660305515757,-0.0012248470321862498,-0.010696681294326538,-0.18,0.18,1.0
3.899069309234619,1,,0.0,0.2,0.0,-0.004678760880686227,-0.012246104665970717,-0.011517827849137937,-0.18,0.18,1.0
3.899069309234619,1,,0.0,0.2,0.0,-0.010830116018561485,0.008098230621008088,-0.016660844245514943,-0.18,0.18,1.0
3.899069309234619,1,,0.0,0.2,0.0,-0.010347592151792132,-0.002073399804623579,-0.0090715215641959,-0.18,0.18,1.0
3.9494688510894775,1,,0.0,0.2,0.0,-0.00019304626886753056,-0.018726124236771582,-0.01277523986170161,-0.18,0.18,1.0
3.9494688510894775,1,,0.0,0.2,0.0,-0.01584568365877406,-0.01563191081672338,-0.009682986184032384,-0.18,0.18,1.0
3.9494688510894775,1,,0.0,0.2,0.0,-0.020805051586685074,0.0007255670296918902,-0.009295344800576914,-0.18,0.18,1.0
3.9494688510894775,1,,0.0,0.2,0.0,-0.015036484668604725,-0.006761986875365404,-0.0139727662720761,-0.18,0.18,1.0
3.9494688510894775,1,,0.0,0.2,0.0,-0.017593148035889065,-0.007590809379538614,-0.007961434827655661,-0.18,0.18,1.0
3.9494688510894775,1,,0.0,0.2,0.0,-0.007096038004464728,0.00037324688561136445,-0.0030714613053635645,-0.18,0.18,1.0
3.9494688510894775,1,,0.0,0.2,0.0,-0.01465124949160671,0.009111824291446025,-0.004768026272718517,-0.18,0.18,1.0
3.9494688510894775,1,,0.0,0.2,0.0,-0.016801192283737224,-0.0033332978345108973,-0.0021049729259244097,-0.18,0.18,1.0
3.9494688510894775,1,,0.0,0.2,0.0,-0.006390547759887203,-0.010493591624133637,-0.004432714066807288,-0.18,0.18,1.0
3.9494688510894775,1,,0.0,0.2,0.0,-0.016188430749530955,-0.0037684883064776635,-0.010919452873706608,-0.18,0.18,1.0
3.9898133277893066,1,,0.0,0.2,0.0,-0.012946208051810643,-0.0006960097709156702,-0.013913225319632305,-0.18,0.18,1.0
3.9898133277893066,1,,0.0,0.2,0.0,-0.023255865832612566,0.011122632788032655,-0.016297900556082254,-0.18,0.18,1.0
3.9898133277893066,1,,0.0,0.2,0.0,-0.0031061019547698053,0.025158843665557984,-0.0062042547603487035,-0.18,0.18,1.0
3.9898133277893066,1,,0.0,0.2,0.0,0.0006391220920575721,0.02906612694840682,-0.0047196586078063875,-0.18,0.18,1.0
3.9898133277893066,1,,0.0,0.2,0.0,-0.016504385640226667,0.029211508004561675,-0.007120382368488583,-0.18,0.18,1.0
3.9898133277893066,1,,0.0,0.2,0.0,-0.006548942012503948,0.02752654185783099,-0.002704317077110762,-0.18,0.18,1.0
3.9898133277893066,1,,0.0,0.2,0.0,-0.009861973568414867,0.01929120982965017,-0.005962382667453737,-0.18,0.18,1.0
3.9898133277893066,1,,0.0,0.2,0.0,-0.015767762096067707,-0.00291886275644782,-0.002344231502986866,-0.18,0.18,1.0
3.9898133277893066,1,,0.0,0.2,0.0,-0.02539605957765053,-0.0024439157644757853,-0.0003661875918838404,-0.18,0.18,1.0
3.9898133277893066,1,,0.0,0.2,0.0,-0.010927579359836655,-0.026926617199842077,0.001431384728650785,-0.18,0.18,1.0
4.030133485794067,1,,0.0,0.2,0.0,-0.018657745925200357,-0.03223535218369088,0.002524558169230244,-0.18,0.18,1.0
4.030133485794067,1,,0.0,0.2,0.0,-0.0014740682844213975,-0.02018699440108851,-0.0068573806329477955,-0.18,0.18,1.0
4.030133485794067,1,,0.0,0.2,0.0,-0.013985136781260555,-0.004104960319806508,-0.006992438538962642,-0.18,0.18,1.0
4.030133485794067,1,,0.0,0.2,0.0,-0.015312037749921521,-0.01482539664148955,-0.004576678254616499,-0.18,0.18,1.0
4.030133485794067,1,,0.0,0.2,0.0,-0.00955852592964132,-0.021342346778211372,0.004798410152722478,-0.18,0.18,1.0
4.030133485794067,1,,0.0,0.2,0.0,-0.02253272692573309,-0.02742892225415973,0.0037436812506992287,-0.18,0.18,1.0
4.030133485794067,1,,0.0,0.2,0.0,-0.025133278707434238,-0.03671296728290676,-0.0003367932523783763,-0.18,0.18,1.0
4.030133485794067,1,,0.0,0.2,0.0,-0.012408629880337042,-0.044782385769127575,0.00014418925373404175,-0.18,0.18,1.0
4.030133485794067,1,,0.0,0.2,0.0,-0.0014365022659113382,-0.0495976669354376,0.001102969981710503,-0.18,0.18,1.0
4.030133485794067,1,,0.0,0.2,0.0,-0.001686060056977302,-0.05111170714951225,-0.009001920625658764,-0.18,0.18,1.0
4.080526113510132,1,,0.0,0.2,0.0,-0.005626322730760973,-0.044637225467362554,-0.007600038872456536,-0.18,0.18,1.0
4.080526113510132,1,,0.0,0.2,0.0,-0.01577482445968365,-0.02535036115835804,-0.004850130277923971,-0.18,0.18,1.0
4.080526113510132,1,,0.0,0.2,0.0,-0.00945468806730934,-0.009202139557548998,-0.0013145239102041143,-0.18,0.18,1.0
4.080526113510132,1,,0.0,0.2,0.0,-0.015978267691872602,0.011805888726646105,0.005569165270486905,-0.18,0.18,1.0
4.080526113510132,1,,0.0,0.2,0.0,-0.008088922505058063,0.015358820826744439,-0.0023486136208356032,-0.18,0.18,1.0
4.080526113510132,1,,0.0,0.2,0.0,-0.013592782333897376,0.009005377039699681,-0.008980989332907549,-0.18,0.18,1.0
4.080526113510132,1,,0.0,0.2,0.0,-0.012762422157655995,0.021728389269832456,-0.006103564068391158,-0.18,0.18,1.0
4.080526113510132,1,,0.0,0.2,0.0,-0.0037253363992940116,0.03186972876623856,-0.009644226262403863,-0.18,0.18,1.0
4.080526113510132,1,,0.0,0.2,0.0,-0.001700924831804479,0.023904721719086856,-0.010220329467725348,-0.18,0.18,1.0
4.080526113510132,1,,0.0,0.2,0.0,-0.009252002246117911,-0.006465747019134567,-0.008800281973240181,-0.18,0.18,1.0
4.120810270309448,1,,0.0,0.2,0.0,0.008082314460940442,-0.012043939135556828,0.0033579438585332926,-0.18,0.18,1.0
4.120810270309448,1,,0.0,0.2,0.0,0.013580446368892718,-0.012386885945399573,-0.0026146827106149377,-0.18,0.18,1.0
4.120810270309448,1,,0.0,0.2,0.0,0.005936069306796891,-0.0016513232615803486,-0.008740520793092954,-0.18,0.18,1.0
4.120810270309448,1,,0.0,0.2,0.0,-0.004234448141409639,0.003980783092753782,-0.007559596181254814,-0.18,0.18,1.0
4.120810270309448,1,,0.0,0.2,0.0,-0.008333015711134626,0.003526607740737923,-0.003787670157571574,-0.18,0.18,1.0
4.120810270309448,1,,0.0,0.2,0.0,-0.0193242841615591,-0.01390369273759809,-0.0008233674679302205,-0.18,0.18,1.0
4.120810270309448,1,,0.0,0.2,0.0,-0.028663886539073404,-0.026096610064575997,-0.0015247255410381086,-0.18,0.18,1.0
4.120810270309448,1,,0.0,0.2,0.0,-0.019693110032125094,-0.027565011816964996,-0.013854998184086744,-0.18,0.18,1.0
4.120810270309448,1,,0.0,0.2,0.0,-0.02791562385652931,-0.03944933213787283,-0.010219558262862576,-0.18,0.18,1.0
4.120810270309448,1,,0.0,0.2,0.0,-0.008896966053836249,-0.041448651274325135,-0.014151316650705908,-0.18,0.18,1.0
4.161113023757935,1,,0.0,0.2,0.0,-0.014261135146785456,-0.04652052214521452,-0.007315245430656533,-0.18,0.18,1.0
4.161113023757935,1,,0.0,0.2,0.0,-0.002859159280197461,-0.05166267749338256,-0.003489672759604826,-0.18,0.18,1.0
4.161113023757935,1,,0.0,0.2,0.0,-0.001385914393361263,-0.05045896675138339,-0.011030535478032623,-0.18,0.18,1.0
4.161113023757935,1,,0.0,0.2,0.0,-0.016274111355021225,-0.05194776219917252,-0.011829889995950311,-0.18,0.18,1.0
4.161113023757935,1,,0.0,0.2,0.0,-0.0017783412297020316,-0.050363491936350806,-0.008624323892986637,-0.18,0.18,1.0
4.161113023757935,1,,0.0,0.2,0.0,0.002132133941739587,-0.046409139239987345,-0.0020717333689101577,-0.18,0.18,1.0
4.161113023757935,1,,0.0,0.2,0.0,-0.002782579896684565,-0.01411419708790061,-0.0024719408892155573,-0.18,0.18,1.0
4.161113023757935,1,,0.0,0.2,0.0,0.0036956489605112783,-0.001745746780357591,0.00766975402211327,-0.18,0.18,1.0
4.161113023757935,1,,0.0,0.2,0.0,-0.009509977395618121,-0.011683023703292179,-0.0019528234201805963,-0.18,0.18,1.0
4.161113023757935,1,,0.0,0.2,0.0,-0.014314543472954732,-0.014477499529576675,0.002550860314876526,-0.18,0.18,1.0
4.201442003250122,1,,0.0,0.2,0.0,0.0024332349466313196,-0.0001441491363811164,-0.001477088313158654,-0.18,0.18,1.0
4.201442003250122,1,,0.0,0.2,0.0,-0.0032274960262016167,0.0010602054067327196,-0.0026555265207568587,-0.18,0.18,1.0
4.201442003250122,1,,0.0,0.2,0.0,-0.012776563866049051,0.0013877964215216047,-0.000493430053634753,-0.18,0.18,1.0
4.201442003250122,1,,0.0,0.2,0.0,0.0009796556808602261,0.014417489163432669,-0.0019195774964599764,-0.18,0.18,1.0
4.201442003250122,1,,0.0,0.2,0.0,0.002669645055237632,0.018817202033502387,-0.006299272208245806,-0.18,0.18,1.0
4.201442003250122,1,,0.0,0.2,0.0,-0.0017922269699901093,0.020077996192838732,-0.0021224793063406165,-0.18,0.18,1.0
4.201442003250122,1,,0.0,0.2,0.0,-0.009124649456115899,0.02437017562152822,0.0034169730205820103,-0.18,0.18,1.0
4.201442003250122,1,,0.0,0.2,0.0,0.002364827395098705,0.027911256996548436,0.004815743762102352,-0.18,0.18,1.0
4.201442003250122,1,,0.0,0.2,0.0,-0.014702975295435034,0.033494009924888365,0.0005992040044768377,-0.18,0.18,1.0
4.201442003250122,1,,0.0,0.2,0.0,3.89663055277717e-05,0.01037970394748698,0.0025019034262214537,-0.18,0.18,1.0
4.251840114593506,1,,0.0,0.2,0.0,-0.015221987385446013,-0.00793356119748048,0.008070113755391359,-0.18,0.18,1.0
4.251840114593506,1,,0.0,0.2,0.0,-0.0039041149778225237,-0.021086891529316764,0.008923312789427488,-0.18,0.18,1.0
4.251840114593506,1,,0.0,0.2,0.0,-0.004177134387869513,-0.026811246346862664,0.007038525918494412,-0.18,0.18,1.0
4.251840114593506,1,,0.0,0.2,0.0,-0.0010114566731141356,-0.02250020578466636,-0.001909881203288162,-0.18,0.18,1.0
4.251840114593506,1,,0.0,0.2,0.0,-0.010670676417434697,-0.025295736405437707,-0.0007580651226649316,-0.18,0.18,1.0
4.251840114593506,1,,0.0,0.2,0.0,-0.018204210392291104,-0.017249288385457955,-0.011032214652899256,-0.18,0.18,1.0
4.251840114593506,1,,0.0,0.2,0.0,-0.016099818236593823,0.002299213492828006,-0.00958762184876399,-0.18,0.18,1.0
4.251840114593506,1,,0.0,0.2,0.0,-0.004352980725802542,0.017332488550726072,-0.009875419773498149,-0.18,0.18,1.0
4.251840114593506,1,,0.0,0.2,0.0,-0.014795680738735361,0.028168971657501506,-0.005103795980197102,-0.18,0.18,1.0
4.251840114593506,1,,0.0,0.2,0.0,-0.0054854415243893615,0.005142378116126503,-0.007562529953294884,-0.18,0.18,1.0
4.292141437530518,1,,0.0,0.2,0.0,-0.013105529302349745,0.0052217910351935555,-0.005645779363178551,-0.18,0.18,1.0
4.292141437530518,1,,0.0,0.2,0.0,-0.0015122566082439027,0.001147861484310727,-0.0013046650622646648,-0.18,0.18,1.0
4.292141437530518,1,,0.0,0.2,0.0,0.010776369692630017,-0.022565004304631632,-0.000760233357848755,-0.18,0.18,1.0
4.292141437530518,1,,0.0,0.2,0.0,0.021935604128600336,-0.021257201182846047,-0.003017735759729942,-0.18,0.18,1.0
4.292141437530518,1,,0.0,0.2,0.0,0.022088374026158198,0.007269715747798811,-0.00024302764547846277,-0.18,0.18,1.0
4.292141437530518,1,,0.0,0.2,0.0,0.01742858696555359,-5.122102501537934e-05,0.0004059408090930813,-0.18,0.18,1.0
4.292141437530518,1,,0.0,0.2,0.0,0.006615967565559961,-0.007600215050332154,0.00042436031802446216,-0.18,0.18,1.0
4.292141437530518,1,,0.0,0.2,0.0,0.005410865565651543,-0.019189275989997045,-0.0012380365904672553,-0.18,0.18,1.0
4.292141437530518,1,,0.0,0.2,0.0,-0.00819190702327204,-0.011059323608373448,-0.006179064802031007,-0.18,0.18,1.0
4.292141437530518,1,,0.0,0.2,0.0,-0.015172257844356926,0.0035885765983299845,-0.010509496440141129,-0.18,0.18,1.0
4.332485914230347,1,,0.0,0.2,0.0,-0.01800680649693055,-0.0005842789045782576,-0.01169680577688763,-0.18,0.18,1.0
4.332485914230347,1,,0.0,0.2,0.0,-0.0070416385567479076,-0.007084655396313076,-0.013516274605919535,-0.18,0.18,1.0
4.332485914230347,1,,0.0,0.2,0.0,-0.009525284262929678,0.0005090019256658406,-0.012075876366618303,-0.18,0.18,1.0
4.332485914230347,1,,0.0,0.2,0.0,-0.0030358735793275405,-0.01739814701965122,-0.010246046084711982,-0.18,0.18,1.0
4.332485914230347,1,,0.0,0.2,0.0,-0.018019748121200843,0.0026056581861601605,-0.0014883332685046815,-0.18,0.18,1.0
4.332485914230347,1,,0.0,0.2,0.0,-0.014643823378949398,-0.010317228200367411,-0.004359038407217828,-0.18,0.18,1.0
4.332485914230347,1,,0.0,0.2,0.0,-0.006263256966672641,0.0008077420007170159,-0.001490803132978938,-0.18,0.18,1.0
4.332485914230347,1,,0.0,0.2,0.0,0.0004105576242014775,0.017490931693789874,-0.008144932397231457,-0.18,0.18,1.0
4.332485914230347,1,,0.0,0.2,0.0,-0.004099344803883884,-0.0062882710374610965,-0.011372961314987624,-0.18,0.18,1.0
4.372809410095215,1,,0.0,0.2,0.0,-0.007206535446730308,-0.02203972812723567,-0.009980067535572946,-0.18,0.18,1.0
4.372809410095215,1,,0.0,0.2,0.0,0.0057267506293527245,-0.01046606383982922,-0.007962950859133514,-0.18,0.18,1.0
4.372809410095215,1,,0.0,0.2,0.0,-0.007093613541434403,0.0012020019461587714,-0.0013464844595685993,-0.18,0.18,1.0
4.372809410095215,1,,0.0,0.2,0.0,0.002215701164406844,-0.004925570600398111,0.0016760040543933158,-0.18,0.18,1.0
4.372809410095215,1,,0.0,0.2,0.0,-0.0009006525878733156,-0.021906807703589805,-0.007244614526875905,-0.18,0.18,1.0
4.372809410095215,1,,0.0,0.2,0.0,-0.0009989147753491478,-0.021974288719145377,-0.003701396339763337,-0.18,0.18,1.0
4.372809410095215,1,,0.0,0.2,0.0,0.0014152201676168642,0.0013919788556905933,-0.004709447073908415,-0.18,0.18,1.0
4.372809410095215,1,,0.0,0.2,0.0,-0.011235231029135605,-0.0036524618310808986,-0.007609333693497847,-0.18,0.18,1.0
4.372809410095215,1,,0.0,0.2,0.0,-0.002376297439738133,-0.020847407918178802,-0.0033491559454380893,-0.18,0.18,1.0
4.372809410095215,1,,0.0,0.2,0.0,-0.014772400161082886,-0.015458848466712926,-0.007090912054755708,-0.18,0.18,1.0
4.423187255859375,1,,0.0,0.2,0.0,-0.014959462770192871,-0.0045899922649535,-0.008801165569845731,-0.18,0.18,1.0
4.423187255859375,1,,0.0,0.2,0.0,-0.013139722974083345,0.004851325750976861,-0.004084068344339715,-0.18,0.18,1.0
4.423187255859375,1,,0.0,0.2,0.0,-0.02167207014667449,0.018498376591016913,-0.0005386403121040927,-0.18,0.18,1.0
4.423187255859375,1,,0.0,0.2,0.0,-0.007951217072959971,0.01493095050531716,-0.002979155715955521,-0.18,0.18,1.0
4.423187255859375,1,,0.0,0.2,0.0,-0.009449209519371707,9.701829944403371e-06,-0.0033215885416933858,-0.18,0.18,1.0
4.423187255859375,1,,0.0,0.2,0.0,0.002378948877725357,-0.01810272533038364,-0.002206946300678456,-0.18,0.18,1.0
4.423187255859375,1,,0.0,0.2,0.0,-0.011140917568106621,-0.004581360890891541,-0.0023271014258515466,-0.18,0.18,1.0
4.423187255859375,1,,0.0,0.2,0.0,0.0015961547596509372,0.008359389463124485,-8.55583609534954e-06,-0.18,0.18,1.0
4.423187255859375,1,,0.0,0.2,0.0,-0.011775154275183311,-0.0009804812154404895,-0.00539197701434483,-0.18,0.18,1.0
4.423187255859375,1,,0.0,0.2,0.0,-0.024070036610508386,-0.015807851817433233,-0.005594404687488351,-0.18,0.18,1.0
4.463538646697998,1,,0.0,0.2,0.0,-0.02388926483588379,-0.02409426557808937,-0.0038768421061712533,-0.18,0.18,1.0
4.463538646697998,1,,0.0,0.2,0.0,-0.017271949174251497,-0.012437822597383859,0.0012345216302801446,-0.18,0.18,1.0
4.463538646697998,1,,0.0,0.2,0.0,-0.0022684207535834887,0.0030248125463696513,-0.0037578829234538877,-0.18,0.18,1.0
4.463538646697998,1,,0.0,0.2,0.0,-0.010398008875774887,-0.0016663444362012858,0.0015937481889455754,-0.18,0.18,1.0
4.463538646697998,1,,0.0,0.2,0.0,-0.005864091233186254,-0.012792775110669695,-0.0012983868890713353,-0.18,0.18,1.0
4.463538646697998,1,,0.0,0.2,0.0,0.0025501064779738835,-0.035745066294119505,0.0020961563952339845,-0.18,0.18,1.0
4.463538646697998,1,,0.0,0.2,0.0,-0.013694282134643705,-0.03512451045566881,-0.007013641962737272,-0.18,0.18,1.0
4.463538646697998,1,,0.0,0.2,0.0,-0.008329222176864614,-0.040707788587713296,-0.00958408937843667,-0.18,0.18,1.0
4.463538646697998,1,,0.0,0.2,0.0,0.008654148561180953,-0.044251535553685994,-0.012380571524910665,-0.18,0.18,1.0
4.463538646697998,1,,0.0,0.2,0.0,-0.006552948979102275,-0.051164198949138866,-0.0020767207615449063,-0.18,0.18,1.0
4.503839731216431,1,,0.0,0.2,0.0,-0.009197643403484217,-0.05450205109105735,-0.006205170086424789,-0.18,0.18,1.0
4.503839731216431,1,,0.0,0.2,0.0,-0.004568505078824119,-0.04972059646549439,-0.006963705303334956,-0.18,0.18,1.0
4.503839731216431,1,,0.0,0.2,0.0,-0.018849280361924407,-0.0364645610265899,-0.0013165813327665778,-0.18,0.18,1.0
4.503839731216431,1,,0.0,0.2,0.0,-0.003885829795438753,-0.024703225510633878,-0.00271858897397486,-0.18,0.18,1.0
4.503839731216431,1,,0.0,0.2,0.0,-0.012469353611791563,-0.017021801120041008,-0.007138011298611502,-0.18,0.18,1.0
4.503839731216431,1,,0.0,0.2,0.0,-0.0021701432709185257,-0.0016130574274356357,-0.010149444623035134,-0.18,0.18,1.0
4.503839731216431,1,,0.0,0.2,0.0,-0.011099468088038689,0.0015923422167590166,-0.004380586959917789,-0.18,0.18,1.0
4.503839731216431,1,,0.0,0.2,0.0,-0.010438404440401205,-0.012232588256080987,0.00231768817951168,-0.18,0.18,1.0
4.503839731216431,1,,0.0,0.2,0.0,-0.01527393776066557,-0.02063996555802529,-0.0059520682675843,-0.18,0.18,1.0
4.503839731216431,1,,0.0,0.2,0.0,-0.004795685849309258,-0.022603368102899167,-0.008659274460322086,-0.18,0.18,1.0
4.554224252700806,1,,0.0,0.2,0.0,-0.014815371724569659,-0.0042105997662291806,-0.0012739835681925536,-0.18,0.18,1.0
4.554224252700806,1,,0.0,0.2,0.0,-0.012510227024634238,-0.005288791878190417,-0.011424903803069578,-0.18,0.18,1.0
4.554224252700806,1,,0.0,0.2,0.0,-0.012305270507214914,-0.021392415848335698,-0.010414633772229625,-0.18,0.18,1.0
4.554224252700806,1,,0.0,0.2,0.0,-0.019559749309780355,-0.02664888155266557,-0.006929207330206959,-0.18,0.18,1.0
4.554224252700806,1,,0.0,0.2,0.0,-0.006351304694545947,-0.025753644062463013,-0.00458456357725675,-0.18,0.18,1.0
4.554224252700806,1,,0.0,0.2,0.0,-0.01440345152524404,-0.013275672342357811,-0.0061609389991842504,-0.18,0.18,1.0
4.554224252700806,1,,0.0,0.2,0.0,-0.008003835017730823,0.004166523394257625,-0.0013261609108920075,-0.18,0.18,1.0
4.554224252700806,1,,0.0,0.2,0.0,-0.0004857921523255104,-0.013612998409426256,-0.0065183630111862135,-0.18,0.18,1.0
4.554224252700806,1,,0.0,0.2,0.0,-0.0010018797250217774,-0.02698469956658421,-0.005635643709729434,-0.18,0.18,1.0
4.554224252700806,1,,0.0,0.2,0.0,-0.003373917808598791,-0.012105699777920852,-0.0013343091974309552,-0.18,0.18,1.0
4.594505548477173,1,,0.0,0.2,0.0,-0.01171866531717346,0.008210925670972717,5.302241669103782e-07,-0.18,0.18,1.0
4.594505548477173,1,,0.0,0.2,0.0,-0.005794891683108496,-0.002862165437836674,-0.0018634121528840653,-0.18,0.18,1.0
4.594505548477173,1,,0.0,0.2,0.0,-0.006958923661188938,-0.01287576971140609,-0.006547788399204776,-0.18,0.18,1.0
4.594505548477173,1,,0.0,0.2,0.0,-0.0062542222126814,-0.012799124206929385,-0.008857461419681101,-0.18,0.18,1.0
4.594505548477173,1,,0.0,0.2,0.0,-0.0137036431566298,-0.02169515470397399,-0.010425186248176937,-0.18,0.18,1.0
4.594505548477173,1,,0.0,0.2,0.0,-0.00860025697601399,-0.03096788877647805,-0.00983247469224071,-0.18,0.18,1.0
4.594505548477173,1,,0.0,0.2,0.0,-0.004963143906995273,-0.04133761173896431,-0.00927857543002687,-0.18,0.18,1.0
4.594505548477173,1,,0.0,0.2,0.0,-0.01334940132972627,-0.03432109275303097,-0.011466109365764468,-0.18,0.18,1.0
4.594505548477173,1,,0.0,0.2,0.0,-0.005192250669112385,-0.01435041018271808,-0.013198054740021583,-0.18,0.18,1.0
4.594505548477173,1,,0.0,0.2,0.0,0.0014448208318600878,0.0039055423099789766,-0.008847659651693816,-0.18,0.18,1.0
4.63485860824585,1,,0.0,0.2,0.0,-0.0044287984821071635,-0.010393812516019377,-0.011607132029141614,-0.18,0.18,1.0
4.63485860824585,1,,0.0,0.2,0.0,-0.015139920755462782,-0.021302940833668352,-0.007232358023010556,-0.18,0.18,1.0
4.63485860824585,1,,0.0,0.2,0.0,1.1113868069499697e-05,-0.025270571905054995,-0.009376618496980642,-0.18,0.18,1.0
4.63485860824585,1,,0.0,0.2,0.0,0.001463205533014097,-0.003388375905912926,-0.0027794317210742226,-0.18,0.18,1.0
4.63485860824585,1,,0.0,0.2,0.0,-0.012989591820278056,-0.0010859426502904223,-0.006966375917295781,-0.18,0.18,1.0
4.63485860824585,1,,0.0,0.2,0.0,-0.003677156547451717,-0.010398346984452567,-0.007627222844794484,-0.18,0.18,1.0
4.63485860824585,1,,0.0,0.2,0.0,-0.011424914177499572,-0.02205105582577329,-0.006687219809803268,-0.18,0.18,1.0
4.63485860824585,1,,0.0,0.2,0.0,-0.025161261560635997,-0.026955323569700804,-0.0024039667213552455,-0.18,0.18,1.0
4.63485860824585,1,,0.0,0.2,0.0,-0.008686648538571855,-0.016032149017262607,-0.003956513631282357,-0.18,0.18,1.0
4.63485860824585,1,,0.0,0.2,0.0,-0.016220919499754235,0.00541298905742379,-0.00519752803743708,-0.18,0.18,1.0
4.675139665603638,1,,0.0,0.2,0.0,-0.007056706635148384,-0.01070620031419094,-0.004041032469530023,-0.18,0.18,1.0
4.675139665603638,1,,0.0,0.2,0.0,-0.01666526320543699,-0.021121000064166767,-0.004211887674201932,-0.18,0.18,1.0
4.675139665603638,1,,0.0,0.2,0.0,-0.022486464064758408,-0.0060209158622078615,-0.008439246426911717,-0.18,0.18,1.0
4.675139665603638,1,,0.0,0.2,0.0,-0.011676327384604045,-0.004180305043866554,-0.01078540490709223,-0.18,0.18,1.0
4.675139665603638,1,,0.0,0.2,0.0,-0.018998463090310093,-0.010063187305424144,-0.006875347149759686,-0.18,0.18,1.0
4.675139665603638,1,,0.0,0.2,0.0,-0.01762352150506954,-0.017862332217792456,-0.006099673009029123,-0.18,0.18,1.0
4.675139665603638,1,,0.0,0.2,0.0,-0.009319073931689039,-0.007273732737202797,-0.008991293382913474,-0.18,0.18,1.0
4.675139665603638,1,,0.0,0.2,0.0,-0.013877359670503879,-0.012625613717162079,-0.00911328102182108,-0.18,0.18,1.0
4.675139665603638,1,,0.0,0.2,0.0,-0.01732923375409969,-0.009004606198069757,-0.009434676573097413,-0.18,0.18,1.0
4.675139665603638,1,,0.0,0.2,0.0,-0.013160943061255075,0.008881505498801184,-0.014517023121259033,-0.18,0.18,1.0
4.725510358810425,1,,0.0,0.2,0.0,-0.01356314038597224,-0.01134081277765327,-0.003820551515507625,-0.18,0.18,1.0
4.725510358810425,1,,0.0,0.2,0.0,-0.006614581226358586,-0.02596400971158014,-0.005911260880585967,-0.18,0.18,1.0
4.725510358810425,1,,0.0,0.2,0.0,-0.005084488292343765,-0.020279015062426024,-0.004246868665681239,-0.18,0.18,1.0
4.725510358810425,1,,0.0,0.2,0.0,-0.009695992432292787,-0.004062228291445415,-0.0010095851987490761,-0.18,0.18,1.0
4.725510358810425,1,,0.0,0.2,0.0,0.002657622700235405,-0.001680306414586699,-0.0031682888397436986,-0.18,0.18,1.0
4.725510358810425,1,,0.0,0.2,0.0,-0.010050137725989176,-0.009080867111671649,0.0029223057734234503,-0.18,0.18,1.0
4.725510358810425,1,,0.0,0.2,0.0,-0.004706045543606654,-0.016233678674716923,-0.00017251633321504806,-0.18,0.18,1.0
4.725510358810425,1,,0.0,0.2,0.0,-0.004291777079933504,-0.031125603763759658,-0.0005924224094121952,-0.18,0.18,1.0
4.725510358810425,1,,0.0,0.2,0.0,-0.006345484137238355,-0.040869312191848736,-0.0036798002716914857,-0.18,0.18,1.0
4.725510358810425,1,,0.0,0.2,0.0,-0.0017156670824731908,-0.04702098358636737,-0.0010995818589190835,-0.18,0.18,1.0
4.765839099884033,1,,0.0,0.2,0.0,-0.012962697880351785,-0.05024462379941365,-0.005184006994652706,-0.18,0.18,1.0
4.765839099884033,1,,0.0,0.2,0.0,0.002468361121238303,-0.05278541023926563,-0.0070752534487393106,-0.18,0.18,1.0
4.765839099884033,1,,0.0,0.2,0.0,-0.006701906506127649,-0.027401135535331064,-0.0035390504508174556,-0.18,0.18,1.0
4.765839099884033,1,,0.0,0.2,0.0,0.00033989122665938114,-0.005441318509639339,-0.007291912557835704,-0.18,0.18,1.0
4.765839099884033,1,,0.0,0.2,0.0,-0.0015498503890471306,0.010047933194571645,-0.004547135447592557,-0.18,0.18,1.0
4.765839099884033,1,,0.0,0.2,0.0,0.012423617335241681,0.008410667144666109,-0.0007718904076778413,-0.18,0.18,1.0
4.765839099884033,1,,0.0,0.2,0.0,0.0009252960746414199,-0.007098214577805863,0.008191045689453513,-0.18,0.18,1.0
4.765839099884033,1,,0.0,0.2,0.0,-0.0023994299747196845,-0.013671577547484813,0.0008681198480130479,-0.18,0.18,1.0
4.765839099884033,1,,0.0,0.2,0.0,-0.016522501273603114,0.003647182832693765,-0.00033972021681685,-0.18,0.18,1.0
4.765839099884033,1,,0.0,0.2,0.0,-0.0034359306795316907,0.01141130939922887,-0.002872753863923602,-0.18,0.18,1.0
4.806132793426514,1,,0.0,0.2,0.0,-0.0021810262072223404,0.0023545761434663522,0.0014657195008328423,-0.18,0.18,1.0
4.806132793426514,1,,0.0,0.2,0.0,-0.0001934403945677707,-0.011136856827325242,-0.0027686287672702373,-0.18,0.18,1.0
4.806132793426514,1,,0.0,0.2,0.0,-0.005728264687629521,-0.036633721058684995,-0.007850482938671195,-0.18,0.18,1.0
4.806132793426514,1,,0.0,0.2,0.0,0.002926419417043668,-0.036937666408149286,-0.012449266723154023,-0.18,0.18,1.0
4.806132793426514,1,,0.0,0.2,0.0,-0.01035117361419691,-0.043037236018554734,-0.010117770867488888,-0.18,0.18,1.0
4.806132793426514,1,,0.0,0.2,0.0,-0.00769560969591763,-0.03865474486495472,-0.009981849134728465,-0.18,0.18,1.0
4.806132793426514,1,,0.0,0.2,0.0,-0.013600004313813082,-0.016377517056670447,-0.014217921900604748,-0.18,0.18,1.0
4.806132793426514,1,,0.0,0.2,0.0,-0.02255898611591551,-0.0032587117443117247,-0.011551814485376136,-0.18,0.18,1.0
4.806132793426514,1,,0.0,0.2,0.0,-0.014532920212456715,0.00822716814538884,-0.005972681861706554,-0.18,0.18,1.0
4.806132793426514,1,,0.0,0.2,0.0,-0.00853971515827693,0.013142177388802682,0.0002091245723895042,-0.18,0.18,1.0
4.846424341201782,1,,0.0,0.2,0.0,-0.01004697660599158,-0.0025609656497107875,-0.00037468261638432524,-0.18,0.18,1.0
4.846424341201782,1,,0.0,0.2,0.0,-0.006710746641879854,-0.02357648128981776,0.0031648178803836855,-0.18,0.18,1.0
4.846424341201782,1,,0.0,0.2,0.0,0.0028266121438094236,-0.02791259389951564,-0.002530444261149203,-0.18,0.18,1.0
4.846424341201782,1,,0.0,0.2,0.0,-0.016898010356876096,-0.041000022424414605,-0.0029089144727206914,-0.18,0.18,1.0
4.846424341201782,1,,0.0,0.2,0.0,-0.02622920913813178,-0.04921742557419598,-0.0004356033627180316,-0.18,0.18,1.0
4.846424341201782,1,,0.0,0.2,0.0,-0.013241862468749466,-0.022927515167833725,-0.0051206736300202305,-0.18,0.18,1.0
4.846424341201782,1,,0.0,0.2,0.0,-0.02580736890844721,-0.029584815861510492,-0.0015956084525308117,-0.18,0.18,1.0
4.846424341201782,1,,0.0,0.2,0.0,-0.01648885175368053,-0.039644264943428216,-8.603154083333346e-06,-0.18,0.18,1.0
4.846424341201782,1,,0.0,0.2,0.0,0.0032142176955055357,-0.031810303910953144,0.003957524970407585,-0.18,0.18,1.0
4.8968095779418945,1,,0.0,0.2,0.0,-0.003895441909448412,-0.03119704658818189,-0.0011627020049202956,-0.18,0.18,1.0
4.8968095779418945,1,,0.0,0.2,0.0,0.006857334966726661,-0.04217891649301453,-0.004880118446977892,-0.18,0.18,1.0
4.8968095779418945,1,,0.0,0.2,0.0,0.0050021546633561035,-0.034788125366018455,-0.004704846445506445,-0.18,0.18,1.0
4.8968095779418945,1,,0.0,0.2,0.0,-0.013235461275779492,-0.016704614636311173,-0.002912652389695948,-0.18,0.18,1.0
4.8968095779418945,1,,0.0,0.2,0.0,-0.011073165941180279,0.003916844346660803,-0.0023730518518474673,-0.18,0.18,1.0
4.8968095779418945,1,,0.0,0.2,0.0,-0.02060808110201518,-0.0003102763781949348,0.0018336066457611368,-0.18,0.18,1.0
4.8968095779418945,1,,0.0,0.2,0.0,-0.008290770812570288,-0.013544161186374002,-0.00329487482107787,-0.18,0.18,1.0
4.8968095779418945,1,,0.0,0.2,0.0,0.0071780947238964665,-0.031212454865156117,-0.006685123948373898,-0.18,0.18,1.0
4.8968095779418945,1,,0.0,0.2,0.0,0.017553672372311615,-0.036649924023271115,-0.0047666855542093205,-0.18,0.18,1.0
4.8968095779418945,1,,0.0,0.2,0.0,0.007712942717593024,-0.021900611686368622,0.00016655577043240684,-0.18,0.18,1.0
4.937151670455933,1,,0.0,0.2,0.0,-0.0034437979039473356,-0.03143906411407156,-0.0018673326103941274,-0.18,0.18,1.0
4.937151670455933,1,,0.0,0.2,0.0,0.015848301284044942,-0.04701067988909537,-0.004098017450037193,-0.18,0.18,1.0
4.937151670455933,1,,0.0,0.2,0.0,0.003270332962161914,-0.048927787857730116,-0.01115720117682366,-0.18,0.18,1.0
4.937151670455933,1,,0.0,0.2,0.0,0.00010685888278752175,-0.017818663097266645,-0.008365378856517221,-0.18,0.18,1.0
4.937151670455933,1,,0.0,0.2,0.0,-0.0020622951211488956,-0.010583840443535216,-0.009270725678450649,-0.18,0.18,1.0
4.937151670455933,1,,0.0,0.2,0.0,-0.0006932792022576657,-0.02339922068384408,-0.01557387340908316,-0.18,0.18,1.0
4.937151670455933,1,,0.0,0.2,0.0,0.004084345881559791,-0.03737380756575784,-0.013251613881893378,-0.18,0.18,1.0
4.937151670455933,1,,0.0,0.2,0.0,-0.00456129051421086,-0.041016043952756265,-0.010666263350316332,-0.18,0.18,1.0
4.937151670455933,1,,0.0,0.2,0.0,-0.002095810637494926,-0.04544108929393184,-0.005179565080021991,-0.18,0.18,1.0
4.937151670455933,1,,0.0,0.2,0.0,-0.0047999728555829565,-0.04323575070149622,-0.008948578922997549,-0.18,0.18,1.0
4.977479457855225,1,,0.0,0.2,0.0,-0.0014887981566114085,-0.03305298863939609,-0.008471006224017584,-0.18,0.18,1.0
4.977479457855225,1,,0.0,0.2,0.0,0.010264705465297352,-0.030795515139804247,-0.001573584652983112,-0.18,0.18,1.0
4.977479457855225,1,,0.0,0.2,0.0,-0.0022909874699485948,-0.03639780912237474,-1.4448148001675365e-05,-0.18,0.18,1.0
4.977479457855225,1,,0.0,0.2,0.0,-0.0009425857043758459,-0.03859593582731353,-0.0028058774828229743,-0.18,0.18,1.0
4.977479457855225,1,,0.0,0.2,0.0,0.005930913940756072,-0.04213711644471412,-0.005460554179658301,-0.18,0.18,1.0
4.977479457855225,1,,0.0,0.2,0.0,-0.01203340540992274,-0.047894964649166996,0.00042334227349211486,-0.18,0.18,1.0
4.977479457855225,1,,0.0,0.2,0.0,-0.0031386878024664824,-0.04998365146638802,0.0007704205048483793,-0.18,0.18,1.0
4.977479457855225,1,,0.0,0.2,0.0,-0.013703815757710031,-0.05381352556583735,-0.002846583291344911,-0.18,0.18,1.0
4.977479457855225,1,,0.0,0.2,0.0,-0.002557964750665764,-0.03629811448935758,-0.0001399775056486821,-0.18,0.18,1.0
4.977479457855225,1,,0.0,0.2,0.0,-0.006312883176011542,-0.02279473482969153,0.0010859070320044068,-0.18,0.18,1.0
5.027830123901367,1,,0.0,0.2,0.0,-0.0072479825388626976,-0.002748880168203622,-0.0017998071259994518,-0.18,0.18,1.0
5.027830123901367,1,,0.0,0.2,0.0,-0.010721123716867155,0.0026669231452080074,0.0019177953376247193,-0.18,0.18,1.0
5.027830123901367,1,,0.0,0.2,0.0,-0.012773200931725607,0.0008635822283721585,0.002462596062941557,-0.18,0.18,1.0
5.027830123901367,1,,0.0,0.2,0.0,-0.021990953535614387,0.002225954038003066,0.0016779723769661378,-0.18,0.18,1.0
5.027830123901367,1,,0.0,0.2,0.0,-0.005168553558988487,-0.02226556382159075,-0.001731250951991328,-0.18,0.18,1.0
5.027830123901367,1,,0.0,0.2,0.0,-0.010017024908293252,-0.03294616416772267,0.00018607897722730844,-0.18,0.18,1.0
5.027830123901367,1,,0.0,0.2,0.0,-0.01158409743879717,-0.03943730235597651,-0.002850449213401029,-0.18,0.18,1.0
5.027830123901367,1,,0.0,0.2,0.0,-0.013121691575116216,-0.04670396611897044,-0.0029930419073235714,-0.18,0.18,1.0
5.027830123901367,1,,0.0,0.2,0.0,-0.01858821606344878,-0.0483139503346629,-0.007765282846788154,-0.18,0.18,1.0
5.027830123901367,1,,0.0,0.2,0.0,-0.010124949500631756,-0.041562581075561565,-0.005796964956809428,-0.18,0.18,1.0
5.068151235580444,1,,0.0,0.2,0.0,0.0016085595284758365,-0.021761780475506767,-0.0034324614032522132,-0.18,0.18,1.0
5.068151235580444,1,,0.0,0.2,0.0,0.0021382542598542124,-0.029157961087000223,-0.0009073031325210944,-0.18,0.18,1.0
5.068151235580444,1,,0.0,0.2,0.0,-0.005403507133764252,-0.03289212996204259,-0.01064772993266977,-0.18,0.18,1.0
5.068151235580444,1,,0.0,0.2,0.0,0.001616550558636056,-0.03186605230201447,-0.003801554544949372,-0.18,0.18,1.0
5.068151235580444,1,,0.0,0.2,0.0,0.010674434636442303,-0.012804933028009776,-0.002761419168687347,-0.18,0.18,1.0
5.068151235580444,1,,0.0,0.2,0.0,0.0012586290153008975,0.0028707612930405175,0.00498270369246991,-0.18,0.18,1.0
5.068151235580444,1,,0.0,0.2,0.0,-0.011075696614561037,0.005935099452981187,0.0031775590551229283,-0.18,0.18,1.0
5.068151235580444,1,,0.0,0.2,0.0,-0.0017073167812424797,0.006770508054363345,-0.0015880778897488458,-0.18,0.18,1.0
5.068151235580444,1,,0.0,0.2,0.0,-0.006086259135406182,-0.012510163894482042,-0.005947081035273617,-0.18,0.18,1.0
5.068151235580444,1,,0.0,0.2,0.0,-0.004452946554918859,-0.018087121871387432,-0.008106704164218718,-0.18,0.18,1.0
5.108445167541504,1,,0.0,0.2,0.0,-0.0003143995182907524,-0.02493356959563687,-0.012994772987043289,-0.18,0.18,1.0
5.108445167541504,1,,0.0,0.2,0.0,-0.012634568945197528,-0.03429028880240139,-0.014166319026295851,-0.18,0.18,1.0
5.108445167541504,1,,0.0,0.2,0.0,-0.0030702827425020383,-0.017955127229249954,-0.01242851571789526,-0.18,0.18,1.0
5.108445167541504,1,,0.0,0.2,0.0,-0.0175367804345562,0.00025911964765340664,-0.004265213585207044,-0.18,0.18,1.0
5.108445167541504,1,,0.0,0.2,0.0,-0.023671774919884682,0.01041794611254762,-0.001974371018153783,-0.18,0.18,1.0
5.108445167541504,1,,0.0,0.2,0.0,-0.0050742069862236,0.0240244498031876,-0.005889414641594488,-0.18,0.18,1.0
5.108445167541504,1,,0.0,0.2,0.0,-0.012636037846075972,0.03054839003114589,-0.006059251251474208,-0.18,0.18,1.0
5.108445167541504,1,,0.0,0.2,0.0,-0.018354389589659324,0.02800351908885103,-0.008885714468984136,-0.18,0.18,1.0
5.108445167541504,1,,0.0,0.2,0.0,-0.01079648307520716,0.013524051133175228,-0.010800164005249609,-0.18,0.18,1.0
5.108445167541504,1,,0.0,0.2,0.0,-0.003582018390548322,-0.006004935635800571,-0.013683908530386197,-0.18,0.18,1.0
5.148740530014038,1,,0.0,0.2,0.0,-0.011283372661419874,-0.004930469437166126,-0.007889541812526072,-0.18,0.18,1.0
5.148740530014038,1,,0.0,0.2,0.0,0.0007998944774600863,-5.645682096148016e-05,0.0003603754651856895,-0.18,0.18,1.0
5.148740530014038,1,,0.0,0.2,0.0,-0.013295719797625677,-0.018391569504076343,-0.0007524664679853925,-0.18,0.18,1.0
5.148740530014038,1,,0.0,0.2,0.0,-0.007772886107499443,-0.026778028829751884,0.004629034647324341,-0.18,0.18,1.0
5.148740530014038,1,,0.0,0.2,0.0,-0.015860298860905717,-0.01991559704956099,4.8002451104246384e-05,-0.18,0.18,1.0
5.148740530014038,1,,0.0,0.2,0.0,-0.0074241026428932535,-0.00903011967434087,0.00042245359798705315,-0.18,0.18,1.0
5.148740530014038,1,,0.0,0.2,0.0,-0.007809957162075354,-0.018446621874791277,0.004454756723391939,-0.18,0.18,1.0
5.148740530014038,1,,0.0,0.2,0.0,-0.011028204259744172,-0.014861634086671183,0.0052980208842530645,-0.18,0.18,1.0
5.148740530014038,1,,0.0,0.2,0.0,-0.001391915279615073,-0.006882217040857851,0.00736709339369571,-0.18,0.18,1.0
5.148740530014038,1,,0.0,0.2,0.0,-0.007901521645427442,-0.018929762706861402,0.0013201604158314378,-0.18,0.18,1.0
5.199172019958496,1,,0.0,0.2,0.0,0.0027804078885546764,-0.010377215761631505,-0.003606798011038058,-0.18,0.18,1.0
5.199172019958496,1,,0.0,0.2,0.0,-0.004160326677785286,0.008161773792048377,-0.005600835135215352,-0.18,0.18,1.0
5.199172019958496,1,,0.0,0.2,0.0,-0.011824909556904073,0.007318490766132979,-0.006481856130096787,-0.18,0.18,1.0
5.199172019958496,1,,0.0,0.2,0.0,-0.019857289345776286,0.01002208706708938,-0.0072911556400202275,-0.18,0.18,1.0
5.199172019958496,1,,0.0,0.2,0.0,-0.016061007531422086,-0.0009755593315842648,0.005167819562952363,-0.18,0.18,1.0
5.199172019958496,1,,0.0,0.2,0.0,-0.010741996528960272,-0.010618551217160063,-0.00660059128365131,-0.18,0.18,1.0
5.199172019958496,1,,0.0,0.2,0.0,-0.010910996474303427,0.006405293702828643,-0.013585136450984766,-0.18,0.18,1.0
5.199172019958496,1,,0.0,0.2,0.0,-0.020773723708266384,-0.0005046411031580256,-0.015862557218276525,-0.18,0.18,1.0
5.199172019958496,1,,0.0,0.2,0.0,-0.016388775077842477,-0.011241433935829756,-0.007358642242402015,-0.18,0.18,1.0
5.199172019958496,1,,0.0,0.2,0.0,-0.022674084825932618,-0.005561181705838073,-0.007915336178993683,-0.18,0.18,1.0
5.2394726276397705,1,,0.0,0.2,0.0,-0.01021095748378731,0.0031947387905016237,-0.011396274572971642,-0.18,0.18,1.0
5.2394726276397705,1,,0.0,0.2,0.0,-0.006648645887067497,-0.01915845789384287,-0.009158971349753962,-0.18,0.18,1.0
5.2394726276397705,1,,0.0,0.2,0.0,-0.005599605229489056,-0.02892842085124464,-0.0028522390675993995,-0.18,0.18,1.0
5.2394726276397705,1,,0.0,0.2,0.0,-0.0019544370486866756,-0.017951778254770817,-0.003763564965670958,-0.18,0.18,1.0
5.2394726276397705,1,,0.0,0.2,0.0,-0.012183825206452495,-0.01225106356542863,-0.0032967484991697476,-0.18,0.18,1.0
5.2394726276397705,1,,0.0,0.2,0.0,0.00018772758431453025,-0.021688164842813853,0.002326443104461511,-0.18,0.18,1.0
5.2394726276397705,1,,0.0,0.2,0.0,-0.011895778585576689,-0.019510926862608163,-0.0036769906855716504,-0.18,0.18,1.0
5.2394726276397705,1,,0.0,0.2,0.0,-0.009125457709067263,0.001581931668242603,-0.0050310708055154646,-0.18,0.18,1.0
5.2394726276397705,1,,0.0,0.2,0.0,-0.010954076198606279,0.005187264346573303,0.0007399409308880795,-0.18,0.18,1.0
5.2394726276397705,1,,0.0,0.2,0.0,-0.0030413068370648134,0.01204486854771141,-0.0012256159445505949,-0.18,0.18,1.0
5.279776334762573,1,,0.0,0.2,0.0,-0.019531056953381806,0.005097084648391614,-0.0007897012847531115,-0.18,0.18,1.0
5.279776334762573,1,,0.0,0.2,0.0,-0.00963497910543898,-0.001427259563240102,-0.0011175393464327586,-0.18,0.18,1.0
5.279776334762573,1,,0.0,0.2,0.0,-0.019766746614712068,-0.0163144448059545,-0.0025953677467796268,-0.18,0.18,1.0
5.279776334762573,1,,0.0,0.2,0.0,-0.015985841478541034,-0.02054517512866298,-0.00025477320030580354,-0.18,0.18,1.0
5.279776334762573,1,,0.0,0.2,0.0,-0.01609560070302185,-0.011626272091817182,-0.003462044083420679,-0.18,0.18,1.0
5.279776334762573,1,,0.0,0.2,0.0,-0.00771482944026139,-0.011826209505182499,-0.014226230037408862,-0.18,0.18,1.0
5.279776334762573,1,,0.0,0.2,0.0,0.0016021138445960837,-0.02724084435067073,-0.020365777066226144,-0.18,0.18,1.0
5.279776334762573,1,,0.0,0.2,0.0,-0.00561089342151151,-0.036973217719067725,-0.013657613793705756,-0.18,0.18,1.0
5.279776334762573,1,,0.0,0.2,0.0,-0.01978605661689094,-0.02659095766908638,-0.012019922829557772,-0.18,0.18,1.0
5.279776334762573,1,,0.0,0.2,0.0,-0.011659549315848087,-0.028773892407409025,-0.012474418742355092,-0.18,0.18,1.0
5.320071697235107,1,,0.0,0.2,0.0,-0.018077460804370404,-0.032921942637651865,-0.006846727018519176,-0.18,0.18,1.0
5.320071697235107,1,,0.0,0.2,0.0,-0.009724076881612673,-0.014659271872952842,-0.009942036122806388,-0.18,0.18,1.0
5.320071697235107,1,,0.0,0.2,0.0,-0.022846804823798438,-0.01663313997433799,-0.00911519766066709,-0.18,0.18,1.0
5.320071697235107,1,,0.0,0.2,0.0,-0.010900631108348248,-0.0051904263068155475,-0.007234077028542685,-0.18,0.18,1.0
5.320071697235107,1,,0.0,0.2,0.0,-0.0084503544928686,0.00708186331126814,-0.004930917209644836,-0.18,0.18,1.0
5.320071697235107,1,,0.0,0.2,0.0,-0.008208226316086113,0.01051513787085788,-0.001711793644564229,-0.18,0.18,1.0
5.320071697235107,1,,0.0,0.2,0.0,-0.016619504172180583,0.0018855362647574678,-0.008178684304842565,-0.18,0.18,1.0
5.320071697235107,1,,0.0,0.2,0.0,-0.017727089769431936,-0.006452299815388879,-0.007824524258780677,-0.18,0.18,1.0
5.320071697235107,1,,0.0,0.2,0.0,-0.01854945220699581,-0.022987048937411457,-0.005796046384741264,-0.18,0.18,1.0
5.320071697235107,1,,0.0,0.2,0.0,-0.01561593080122954,-0.0312432420929449,-0.012452340818654243,-0.18,0.18,1.0
5.370453596115112,1,,0.0,0.2,0.0,-0.018217880792088595,-0.016804778816858837,-0.005279620845299748,-0.18,0.18,1.0
5.370453596115112,1,,0.0,0.2,0.0,-0.006232898534312442,-0.013306220106006319,-0.0018095226082860954,-0.18,0.18,1.0
5.370453596115112,1,,0.0,0.2,0.0,-0.011879813523796807,-0.030246410999343352,-0.0012944110774643848,-0.18,0.18,1.0
5.370453596115112,1,,0.0,0.2,0.0,-0.020656823908525114,-0.03891265252541516,-0.00536862176144777,-0.18,0.18,1.0
5.370453596115112,1,,0.0,0.2,0.0,-0.012468652332098835,-0.047546455606113286,-0.0023219628637273166,-0.18,0.18,1.0
5.370453596115112,1,,0.0,0.2,0.0,-0.01500565380250602,-0.04559479539737361,-0.0005655042594649862,-0.18,0.18,1.0
5.370453596115112,1,,0.0,0.2,0.0,-0.012591616740310329,-0.03883303176008288,-0.003587926196519042,-0.18,0.18,1.0
5.370453596115112,1,,0.0,0.2,0.0,-0.001876706738770357,-0.031076479064271318,-0.009558682531715613,-0.18,0.18,1.0
5.370453596115112,1,,0.0,0.2,0.0,-0.0130248137154535,-0.010551753117779474,-0.00799272835090258,-0.18,0.18,1.0
5.370453596115112,1,,0.0,0.2,0.0,-0.007078618854104989,0.006691116456722206,-0.007419886641143451,-0.18,0.18,1.0
5.410751819610596,1,,0.0,0.2,0.0,0.007736163458464086,-0.004219716526950418,-0.009047479354992356,-0.18,0.18,1.0
5.410751819610596,1,,0.0,0.2,0.0,0.009004357540309916,-0.011772159486338514,-0.007553717606983361,-0.18,0.18,1.0
5.410751819610596,1,,0.0,0.2,0.0,-0.0024112838047528912,-0.029977195237955157,-0.005171579161768373,-0.18,0.18,1.0
5.410751819610596,1,,0.0,0.2,0.0,-0.006906597313051266,-0.041521242484946576,-0.006032683363997752,-0.18,0.18,1.0
5.410751819610596,1,,0.0,0.2,0.0,-0.01384456358208695,-0.04296290615857522,-0.014674742520541439,-0.18,0.18,1.0
5.410751819610596,1,,0.0,0.2,0.0,-0.007340259842124798,-0.05242828592228249,-0.006934260313481485,-0.18,0.18,1.0
5.410751819610596,1,,0.0,0.2,0.0,-0.009667642074507677,-0.04854277449151294,-0.008826045287533823,-0.18,0.18,1.0
5.410751819610596,1,,0.0,0.2,0.0,-0.020537497751882232,-0.023707219193272722,-0.0006914404833221007,-0.18,0.18,1.0
5.410751819610596,1,,0.0,0.2,0.0,-0.011442266795716756,0.0002235774864392716,-0.004809326729056462,-0.18,0.18,1.0
5.451060056686401,1,,0.0,0.2,0.0,-0.008907516155708334,0.01432866114234261,-0.007956092800061763,-0.18,0.18,1.0
5.451060056686401,1,,0.0,0.2,0.0,-0.010582313380344615,0.020843744810249386,-0.006186899112585705,-0.18,0.18,1.0
5.451060056686401,1,,0.0,0.2,0.0,-0.00196052231477992,-0.0004808515688302212,-0.0014581037155069244,-0.18,0.18,1.0
5.451060056686401,1,,0.0,0.2,0.0,-0.009599871034853862,-0.006896157053370175,-0.002602672315592797,-0.18,0.18,1.0
5.451060056686401,1,,0.0,0.2,0.0,0.004882115604968376,-0.00105063373869687,-0.00597485092337522,-0.18,0.18,1.0
5.451060056686401,1,,0.0,0.2,0.0,0.0021787313223233366,-0.0025195715055143426,-0.009183163901770373,-0.18,0.18,1.0
5.451060056686401,1,,0.0,0.2,0.0,0.0011580164491538645,-0.0031514985615360884,-0.01083515944037063,-0.18,0.18,1.0
5.451060056686401,1,,0.0,0.2,0.0,-0.017539721727377965,0.014869038730704585,-0.009156099274079035,-0.18,0.18,1.0
5.451060056686401,1,,0.0,0.2,0.0,-0.01036821279874539,0.02631615129827663,-0.012782463764535033,-0.18,0.18,1.0
5.451060056686401,1,,0.0,0.2,0.0,-0.017137466310625227,0.02559763107224992,-0.010098314183544134,-0.18,0.18,1.0
5.501463890075684,1,,0.0,0.2,0.0,-0.011460384611884773,0.024371822916216614,-0.007286163288220539,-0.18,0.18,1.0
5.501463890075684,1,,0.0,0.2,0.0,-0.014392605450845773,0.020245195319314475,0.0004237831277343268,-0.18,0.18,1.0
5.501463890075684,1,,0.0,0.2,0.0,-0.006259978853487945,0.016982682671280707,0.00556628151359174,-0.18,0.18,1.0
5.501463890075684,1,,0.0,0.2,0.0,-0.00916183306513316,0.0194558906077228,0.001178578485796107,-0.18,0.18,1.0
5.501463890075684,1,,0.0,0.2,0.0,-0.012783847770991223,0.003089106479846452,-0.0014515668036670496,-0.18,0.18,1.0
5.501463890075684,1,,0.0,0.2,0.0,-0.0028603752708887473,0.009843181918606718,-0.005430106102171634,-0.18,0.18,1.0
5.501463890075684,1,,0.0,0.2,0.0,-0.010515576611116271,0.013715563513849198,-0.010283938836969214,-0.18,0.18,1.0
5.501463890075684,1,,0.0,0.2,0.0,-0.005349992340265239,-7.387037925935872e-05,-0.0017181341240193712,-0.18,0.18,1.0
5.501463890075684,1,,0.0,0.2,0.0,-0.008951231540047577,-0.014166773646704007,0.0015969188829534158,-0.18,0.18,1.0
5.501463890075684,1,,0.0,0.2,0.0,-0.018822877835654853,-0.023239675531867565,0.0001732969678292076,-0.18,0.18,1.0
5.541813373565674,1,,0.0,0.2,0.0,-0.012708384108360164,-0.0015570644988247393,-0.0026676446575273245,-0.18,0.18,1.0
5.541813373565674,1,,0.0,0.2,0.0,-0.0062127403987485615,-0.009879879607815306,-0.0017814567542584695,-0.18,0.18,1.0
5.541813373565674,1,,0.0,0.2,0.0,-0.01377429441237302,-0.02321597192216844,-0.0021015159389319482,-0.18,0.18,1.0
5.541813373565674,1,,0.0,0.2,0.0,-0.01996626213315868,-0.016886905791495693,-0.00594350613651061,-0.18,0.18,1.0
5.541813373565674,1,,0.0,0.2,0.0,-0.015388716937016553,-0.00034083117533149557,-0.004155419107754264,-0.18,0.18,1.0
5.541813373565674,1,,0.0,0.2,0.0,-0.007480912468487604,-0.016257108057545783,-0.0032584629781997718,-0.18,0.18,1.0
5.541813373565674,1,,0.0,0.2,0.0,-0.007347031718336207,-0.0061664358483640245,-0.003752240333518998,-0.18,0.18,1.0
5.541813373565674,1,,0.0,0.2,0.0,-0.0045882813897506584,-0.01210573384128118,-0.009895158593947585,-0.18,0.18,1.0
5.541813373565674,1,,0.0,0.2,0.0,-0.010992749269481244,-0.014180519450909777,-0.012577286187541553,-0.18,0.18,1.0
5.541813373565674,1,,0.0,0.2,0.0,-0.0038467755744568933,-0.0076076247508136555,-0.011747551463610357,-0.18,0.18,1.0
5.582150220870972,1,,0.0,0.2,0.0,-0.003745718418297804,-0.0015984085598841286,-0.006139934157536742,-0.18,0.18,1.0
5.582150220870972,1,,0.0,0.2,0.0,-0.0074964716130879365,0.004862007585127104,0.0014573118775445227,-0.18,0.18,1.0
5.582150220870972,1,,0.0,0.2,0.0,0.0034214394992526137,-0.006872221180854429,0.0042313938243888245,-0.18,0.18,1.0
5.582150220870972,1,,0.0,0.2,0.0,-0.009663770008665827,-0.02159954472692736,0.0013302711092026706,-0.18,0.18,1.0
5.582150220870972,1,,0.0,0.2,0.0,0.006563106311090418,-0.0278993300352278,0.004154916946710542,-0.18,0.18,1.0
5.582150220870972,1,,0.0,0.2,0.0,-0.0013609836701712695,-0.03446048867885721,8.11826146207625e-05,-0.18,0.18,1.0
5.582150220870972,1,,0.0,0.2,0.0,-0.004768451389202011,-0.034915010266486156,-0.00976230670619203,-0.18,0.18,1.0
5.582150220870972,1,,0.0,0.2,0.0,0.0006237361613764614,-0.009689624737504818,-0.014881102318509505,-0.18,0.18,1.0
5.582150220870972,1,,0.0,0.2,0.0,-0.001362742320231839,-0.008930586613025438,-0.01020551598168527,-0.18,0.18,1.0
5.582150220870972,1,,0.0,0.2,0.0,0.0004546908899815189,-0.01806275840172434,-0.011541707592363386,-0.18,0.18,1.0
5.622481822967529,1,,0.0,0.2,0.0,-0.0026313115427470685,-0.01588722643588967,-0.006004460364106363,-0.18,0.18,1.0
5.622481822967529,1,,0.0,0.2,0.0,-0.006133965226881748,-0.005557618328584508,-0.0017776814483997658,-0.18,0.18,1.0
5.622481822967529,1,,0.0,0.2,0.0,-0.006503848999620261,0.00956468633866401,0.00018057299774894403,-0.18,0.18,1.0
5.622481822967529,1,,0.0,0.2,0.0,0.0051375538470256115,0.016778397078178298,-0.0006215898725691651,-0.18,0.18,1.0
5.622481822967529,1,,0.0,0.2,0.0,-0.0021310538019138083,0.004586110974013601,-0.005618733193642092,-0.18,0.18,1.0
5.622481822967529,1,,0.0,0.2,0.0,0.0031596077389962765,-0.0063014052313267056,-0.011828791465432854,-0.18,0.18,1.0
5.622481822967529,1,,0.0,0.2,0.0,0.004552835984276236,-0.0026353995201112306,-0.01595222342377319,-0.18,0.18,1.0
5.622481822967529,1,,0.0,0.2,0.0,0.0064938572439247185,-0.0018293556416886228,-0.00987684046736697,-0.18,0.18,1.0
5.622481822967529,1,,0.0,0.2,0.0,-0.0005657627507402243,-0.021165939720749104,-0.013193704811821758,-0.18,0.18,1.0
5.622481822967529,1,,0.0,0.2,0.0,0.003802435830014828,-0.030999825158086608,-0.013024162943992286,-0.18,0.18,1.0
5.672885894775391,1,,0.0,0.2,0.0,-0.0009962885366341708,-0.021970271013099518,-0.011681067143337479,-0.18,0.18,1.0
5.672885894775391,1,,0.0,0.2,0.0,-0.011896579273948093,-0.018816129944602734,-0.01451969707696627,-0.18,0.18,1.0
5.672885894775391,1,,0.0,0.2,0.0,-0.011401956317800879,-0.03355507134377816,-0.009460580694579366,-0.18,0.18,1.0
5.672885894775391,1,,0.0,0.2,0.0,-0.003547211216735073,-0.01971331320559184,-0.00414669315234877,-0.18,0.18,1.0
5.672885894775391,1,,0.0,0.2,0.0,0.009374613409014559,-0.0007947121613569865,-0.0028236934133899017,-0.18,0.18,1.0
5.672885894775391,1,,0.0,0.2,0.0,-0.01139144923356541,0.0014853087637575594,-0.005154470855385653,-0.18,0.18,1.0
5.672885894775391,1,,0.0,0.2,0.0,-0.0024003977824480624,-0.010283509947351686,-0.013808766416539046,-0.18,0.18,1.0
5.672885894775391,1,,0.0,0.2,0.0,-0.0002822551047656101,-0.010547619269844478,-0.014506056176798147,-0.18,0.18,1.0
5.672885894775391,1,,0.0,0.2,0.0,-0.015468012520066413,0.009412661646549959,-0.014438520140235233,-0.18,0.18,1.0
5.672885894775391,1,,0.0,0.2,0.0,-0.017954253953470087,0.017381126141715116,-0.005380567972910582,-0.18,0.18,1.0
5.713170051574707,1,,0.0,0.2,0.0,-0.0226135997644084,0.026814548969492775,-0.0025093335346879995,-0.18,0.18,1.0
5.713170051574707,1,,0.0,0.2,0.0,-0.015780363999922827,0.019798504414297844,-0.007708633780328024,-0.18,0.18,1.0
5.713170051574707,1,,0.0,0.2,0.0,-0.004259616544462086,0.026808119770422013,-0.010239397524973062,-0.18,0.18,1.0
5.713170051574707,1,,0.0,0.2,0.0,-0.012855402502927105,0.01071517727649556,-0.006089768039778747,-0.18,0.18,1.0
5.713170051574707,1,,0.0,0.2,0.0,-0.003978756102392159,0.0023572919314535806,0.0011259112185293284,-0.18,0.18,1.0
5.713170051574707,1,,0.0,0.2,0.0,-0.0058751817188624905,-0.01706998664774196,-0.00240094463777329,-0.18,0.18,1.0
5.713170051574707,1,,0.0,0.2,0.0,0.0005216376145967322,0.0012957559173426751,-0.002188241587811387,-0.18,0.18,1.0
5.713170051574707,1,,0.0,0.2,0.0,-0.013020975137846601,0.0018112201935310767,-0.00932152081907231,-0.18,0.18,1.0
5.713170051574707,1,,0.0,0.2,0.0,-0.01686800227684773,0.0013264050169569312,-0.006278531013043292,-0.18,0.18,1.0
5.713170051574707,1,,0.0,0.2,0.0,-0.022330030801118488,-0.016651751802594945,-0.0016435781830698639,-0.18,0.18,1.0
5.753483295440674,1,,0.0,0.2,0.0,-0.0157307779182302,-0.032578305119729686,-0.001716381523532893,-0.18,0.18,1.0
5.753483295440674,1,,0.0,0.2,0.0,-0.012790727387346747,-0.031586258591708605,-0.01003420287034492,-0.18,0.18,1.0
5.753483295440674,1,,0.0,0.2,0.0,-0.007915032372753459,-0.02126329853918915,-0.014524740439144371,-0.18,0.18,1.0
5.753483295440674,1,,0.0,0.2,0.0,-0.012535602408637707,-0.020467202751901937,-0.012914599191776857,-0.18,0.18,1.0
5.753483295440674,1,,0.0,0.2,0.0,-0.0028513238805397416,-0.016680693198956487,-0.011221317634006519,-0.18,0.18,1.0
5.753483295440674,1,,0.0,0.2,0.0,-0.01932124723491294,0.0007506174381438581,-0.017880436783188576,-0.18,0.18,1.0
5.753483295440674,1,,0.0,0.2,0.0,-0.0008950096461332638,0.011999382625046916,-0.022129219040749395,-0.18,0.18,1.0
5.753483295440674,1,,0.0,0.2,0.0,0.0017453344504163592,0.017521982384978447,-0.01436502465084483,-0.18,0.18,1.0
5.753483295440674,1,,0.0,0.2,0.0,-0.002128698925005554,0.023486762560770088,-0.006493178332354002,-0.18,0.18,1.0
5.753483295440674,1,,0.0,0.2,0.0,-0.0062935730174565364,0.028681536768900007,-0.004637248036576308,-0.18,0.18,1.0
5.793802261352539,1,,0.0,0.2,0.0,-0.00448074299704071,0.026129479300290713,-0.009624893071643716,-0.18,0.18,1.0
5.793802261352539,1,,0.0,0.2,0.0,-0.016830714097869962,0.018399027152483458,-0.010759549316258945,-0.18,0.18,1.0
5.793802261352539,1,,0.0,0.2,0.0,-0.007760520706904549,0.021566289205207378,-0.013070474221617048,-0.18,0.18,1.0
5.793802261352539,1,,0.0,0.2,0.0,-0.0011801635329153053,0.016254107950729624,-0.007106853230865191,-0.18,0.18,1.0
5.793802261352539,1,,0.0,0.2,0.0,-0.010641590214750193,-0.008158422929750553,0.00012086085192059417,-0.18,0.18,1.0
5.793802261352539,1,,0.0,0.2,0.0,0.003593111540947223,-0.020417512704663833,0.002575725396492608,-0.18,0.18,1.0
5.793802261352539,1,,0.0,0.2,0.0,-0.0005257369525986107,-0.017879383712654805,-0.005224319474249264,-0.18,0.18,1.0
5.793802261352539,1,,0.0,0.2,0.0,-0.002383587421837734,-0.00179640058143269,-0.008192886478800336,-0.18,0.18,1.0
5.793802261352539,1,,0.0,0.2,0.0,-0.0020920730991117824,0.008819792327141045,-0.006724410559760802,-0.18,0.18,1.0
5.793802261352539,1,,0.0,0.2,0.0,-0.011658379142321347,0.0008754570602694743,-0.006920837610051116,-0.18,0.18,1.0
5.844204902648926,1,,0.0,0.2,0.0,-0.009999630962516031,0.012325636347243095,-0.005311669023833771,-0.18,0.18,1.0
5.844204902648926,1,,0.0,0.2,0.0,-0.02007892630616053,0.002190976872870026,0.006225108713434649,-0.18,0.18,1.0
5.844204902648926,1,,0.0,0.2,0.0,-0.011295119918152192,-0.018850976198045512,-0.0033250573147167355,-0.18,0.18,1.0
5.844204902648926,1,,0.0,0.2,0.0,-0.019637544029613502,-0.02250875706409125,-0.00023253830389874015,-0.18,0.18,1.0
5.844204902648926,1,,0.0,0.2,0.0,-0.0036127709330654885,-0.03807841681777365,0.0002721172781644343,-0.18,0.18,1.0
5.844204902648926,1,,0.0,0.2,0.0,0.008293558357068341,-0.038650859217071704,-0.005310578664428984,-0.18,0.18,1.0
5.844204902648926,1,,0.0,0.2,0.0,0.019108085818314843,-0.03531963762541444,-0.0053191754439822604,-0.18,0.18,1.0
5.844204902648926,1,,0.0,0.2,0.0,0.0009572510623042173,-0.025256570213928985,-0.007571710532708023,-0.18,0.18,1.0
5.844204902648926,1,,0.0,0.2,0.0,-0.006010069983829682,-0.0033677902785005506,-0.0041677170208445835,-0.18,0.18,1.0
5.844204902648926,1,,0.0,0.2,0.0,0.0008897962148980811,0.01309026850914011,-0.01170127790133252,-0.18,0.18,1.0
5.884526968002319,1,,0.0,0.2,0.0,-0.008028179403561033,0.022984141947923368,-0.002177134423678829,-0.18,0.18,1.0
5.884526968002319,1,,0.0,0.2,0.0,-0.00848614665664434,0.018228922754542947,-0.005353001317721298,-0.18,0.18,1.0
5.884526968002319,1,,0.0,0.2,0.0,-0.0016107255420274172,0.004770313764346752,0.001487657028106399,-0.18,0.18,1.0
5.884526968002319,1,,0.0,0.2,0.0,-0.0005332019683977965,0.018723979394070063,0.003869575859673445,-0.18,0.18,1.0
5.884526968002319,1,,0.0,0.2,0.0,-0.015154609195236025,0.01504661125472838,0.0031488990666960846,-0.18,0.18,1.0
5.884526968002319,1,,0.0,0.2,0.0,-0.0073906631751502125,-0.004291972892349125,-0.0016160448906258561,-0.18,0.18,1.0
5.884526968002319,1,,0.0,0.2,0.0,-0.017171913763390417,-0.019907270222713404,-0.008429238281545659,-0.18,0.18,1.0
5.884526968002319,1,,0.0,0.2,0.0,-0.001288094384130319,-0.007656868327727183,-0.009506590569509558,-0.18,0.18,1.0
5.884526968002319,1,,0.0,0.2,0.0,-0.008739323015487788,0.0009517054802686325,-0.011777585713822546,-0.18,0.18,1.0
5.884526968002319,1,,0.0,0.2,0.0,-0.0080185411461145,0.007424660402568233,-0.014876046379795279,-0.18,0.18,1.0
5.9248058795928955,1,,0.0,0.2,0.0,-0.0013039448258234877,0.018609377034404326,-0.017469968182437283,-0.18,0.18,1.0
5.9248058795928955,1,,0.0,0.2,0.0,-0.007895949884539316,0.022823230394163615,-0.011167918648683054,-0.18,0.18,1.0
5.9248058795928955,1,,0.0,0.2,0.0,0.0014132865196221504,0.0009241391135165813,-0.010433737534596112,-0.18,0.18,1.0
5.9248058795928955,1,,0.0,0.2,0.0,-0.005852554468686079,-0.007926550318580847,-0.01027636479824951,-0.18,0.18,1.0
5.9248058795928955,1,,0.0,0.2,0.0,0.009647944579671188,-0.02616968907318254,-0.012656636888038468,-0.18,0.18,1.0
5.9248058795928955,1,,0.0,0.2,0.0,0.00696431848041058,-0.03084940701440424,-0.004148796982307926,-0.18,0.18,1.0
5.9248058795928955,1,,0.0,0.2,0.0,0.00630888025437784,-0.02733396716624806,-0.0033258214397083024,-0.18,0.18,1.0
5.9248058795928955,1,,0.0,0.2,0.0,-0.006859548102493973,-0.03972771139291743,-0.007680090032364876,-0.18,0.18,1.0
5.9248058795928955,1,,0.0,0.2,0.0,-0.003352423099951707,-0.04978099692420218,-0.0030352717268391466,-0.18,0.18,1.0
5.975497484207153,1,,0.0,0.2,0.0,-0.01657240223354425,-0.035303347513958507,8.616450073011018e-05,-0.18,0.18,1.0
5.975497484207153,1,,0.0,0.2,0.0,-0.015949974502548713,-0.010597481214641042,0.0018662844855457212,-0.18,0.18,1.0
5.975497484207153,1,,0.0,0.2,0.0,-0.016878901474344996,0.006312463170490217,-0.0012808051104336745,-0.18,0.18,1.0
5.975497484207153,1,,0.0,0.2,0.0,-0.020077675248894644,0.01605767126658409,8.823290672767575e-05,-0.18,0.18,1.0
5.975497484207153,1,,0.0,0.2,0.0,-0.01340097400799906,0.020617540917124783,-0.001530478393845919,-0.18,0.18,1.0
5.975497484207153,1,,0.0,0.2,0.0,-0.005861849092731139,0.017065634888031884,-0.0046212486839499085,-0.18,0.18,1.0
5.975497484207153,1,,0.0,0.2,0.0,-0.014658562571191728,0.007457671128287206,-0.007939395133422825,-0.18,0.18,1.0
5.975497484207153,1,,0.0,0.2,0.0,-0.004169534509758384,0.007373451521943728,-0.008125784942076419,-0.18,0.18,1.0
5.975497484207153,1,,0.0,0.2,0.0,-0.006845546127197672,0.024892804206125257,-0.010701171251536542,-0.18,0.18,1.0
5.975497484207153,1,,0.0,0.2,0.0,-0.0005331907201794975,0.026186822149371177,-0.005976437945422107,-0.18,0.18,1.0
6.01580023765564,1,,0.0,0.3,0.0,-0.003301021994118502,0.01724138474251035,-0.003664268930620152,-0.18,0.18,1.0
6.01580023765564,1,,0.0,0.3,0.0,-0.011191713033774487,-0.010634064590101997,-0.00015404520836698795,-0.18,0.18,1.0
6.01580023765564,1,,0.0,0.3,0.0,-0.012935600442135755,-0.028425779118671324,0.002314232156478941,-0.18,0.18,1.0
6.01580023765564,1,,0.0,0.3,0.0,-0.024689105160586682,-0.0337771129680686,-6.319528759695724e-05,-0.18,0.18,1.0
6.01580023765564,1,,0.0,0.3,0.0,-0.015081020293639204,-0.01835990264094578,-0.006945171190056387,-0.18,0.18,1.0
6.01580023765564,1,,0.0,0.3,0.0,-0.012317301087981972,0.0017887895559280955,-0.013505469757297403,-0.18,0.18,1.0
6.01580023765564,1,,0.0,0.3,0.0,-0.019945950017286034,-0.00576724021950666,-0.007427082236312858,-0.18,0.18,1.0
6.01580023765564,1,,0.0,0.3,0.0,-0.00665354348278417,-0.019175189295780406,-0.013572334144303977,-0.18,0.18,1.0
6.01580023765564,1,,0.0,0.3,0.0,-0.004274340194921315,-0.016179144104871954,-0.013330147187532997,-0.18,0.18,1.0
6.01580023765564,1,,0.0,0.3,0.0,0.0005748182431087866,-0.013509336401533654,-0.0105898141265454,-0.18,0.18,1.0
6.056127309799194,1,,0.0,0.3,0.0,0.0012682077704682607,0.000433879195144927,-0.01039493053821801,-0.18,0.18,1.0
6.056127309799194,1,,0.0,0.3,0.0,-0.010529865433814624,0.008958743429097466,-0.013090090579465119,-0.18,0.18,1.0
6.056127309799194,1,,0.0,0.3,0.0,-0.0046197721068303894,0.015183583290104058,-0.007574049610866317,-0.18,0.18,1.0
6.056127309799194,1,,0.0,0.3,0.0,-0.0030596840189502394,0.014189080714524158,-0.003681066027694744,-0.18,0.18,1.0
6.056127309799194,1,,0.0,0.3,0.0,0.006351012410250054,0.026328281611187138,-0.005703075181821613,-0.18,0.18,1.0
6.056127309799194,1,,0.0,0.3,0.0,0.0025009754470832367,0.027045567492038586,0.0005232938576271388,-0.18,0.18,1.0
6.056127309799194,1,,0.0,0.3,0.0,0.013074593869733859,0.0166601498269182,-0.0013848026768594698,-0.18,0.18,1.0
6.056127309799194,1,,0.0,0.3,0.0,0.006234127295447557,0.008863237958473977,-0.0036770426530359796,-0.18,0.18,1.0
6.056127309799194,1,,0.0,0.3,0.0,-0.001111793384566685,-0.010032155391052363,-0.007061508966434253,-0.18,0.18,1.0
6.056127309799194,1,,0.0,0.3,0.0,-0.004015600528088142,-0.02794654525679205,-0.016130757373080496,-0.18,0.18,1.0
6.096459627151489,1,,0.0,0.3,0.0,0.006111524502066569,-0.03954357694065578,-0.007503036965916037,-0.18,0.18,1.0
6.096459627151489,1,,0.0,0.3,0.0,-0.00409386429163549,-0.04413526091499536,-0.003016543481100175,-0.18,0.18,1.0
6.096459627151489,1,,0.0,0.3,0.0,-0.021475134268660594,-0.043788165988248084,-0.0030520804452309094,-0.18,0.18,1.0
6.096459627151489,1,,0.0,0.3,0.0,-0.006612276616648609,-0.025475687105994294,-0.005798112699925529,-0.18,0.18,1.0
6.096459627151489,1,,0.0,0.3,0.0,-0.014486034192562558,-0.021294086057061283,-0.011177148883752314,-0.18,0.18,1.0
6.096459627151489,1,,0.0,0.3,0.0,-0.012137687869231584,-0.006211683072800589,-0.013961580004637873,-0.18,0.18,1.0
6.096459627151489,1,,0.0,0.3,0.0,-0.01595081371549355,0.005021005872284982,-0.014459720039739542,-0.18,0.18,1.0
6.096459627151489,1,,0.0,0.3,0.0,-0.018094905129231245,0.01582627069147617,-0.01680983414094363,-0.18,0.18,1.0
6.096459627151489,1,,0.0,0.3,0.0,-0.013121443914732564,0.011899468277462095,-0.013897674359505051,-0.18,0.18,1.0
6.096459627151489,1,,0.0,0.3,0.0,-0.009279358850121381,0.00417316340619919,-0.007828470299802732,-0.18,0.18,1.0
6.146878957748413,1,,0.0,0.3,0.0,-0.009030031393137726,0.0012387376887558108,0.0002280076902573474,-0.18,0.18,1.0
6.146878957748413,1,,0.0,0.3,0.0,-0.011081501543141956,0.00022925012603290733,0.0037084027244499206,-0.18,0.18,1.0
6.146878957748413,1,,0.0,0.3,0.0,-0.0037958905549539687,-0.015238496277078017,-0.004056443782998933,-0.18,0.18,1.0
6.146878957748413,1,,0.0,0.3,0.0,0.0030646605263395165,-0.0334011740035238,-0.007216105956600607,-0.18,0.18,1.0
6.146878957748413,1,,0.0,0.3,0.0,-0.010691799346439514,-0.04235909093939177,-0.003705832526615934,-0.18,0.18,1.0
6.146878957748413,1,,0.0,0.3,0.0,-0.004732130220164694,-0.04976203104822932,-0.002229938698922451,-0.18,0.18,1.0
6.146878957748413,1,,0.0,0.3,0.0,-0.010487500812931507,-0.05073236187193045,-0.004680440782621335,-0.18,0.18,1.0
6.146878957748413,1,,0.0,0.3,0.0,0.0025506038554643545,-0.04202531173089682,-0.008772437130337122,-0.18,0.18,1.0
6.146878957748413,1,,0.0,0.3,0.0,-0.008113959162308232,-0.03857641812927517,-0.011391314101742146,-0.18,0.18,1.0
6.146878957748413,1,,0.0,0.3,0.0,-0.0015697637112215086,-0.019362718578252783,-0.007927119633033455,-0.18,0.18,1.0
6.187213659286499,1,,0.0,0.3,0.0,0.0018161091842570137,-0.029420146056462725,-0.009118618957914458,-0.18,0.18,1.0
6.187213659286499,1,,0.0,0.3,0.0,-0.0007576092163101841,-0.034552399894358654,-0.007108243187023317,-0.18,0.18,1.0
6.187213659286499,1,,0.0,0.3,0.0,-0.014586267669280305,-0.04077092442221614,-0.011767300465055735,-0.18,0.18,1.0
6.187213659286499,1,,0.0,0.3,0.0,-0.0013802121185076013,-0.03536281584289387,-0.01285186452954124,-0.18,0.18,1.0
6.187213659286499,1,,0.0,0.3,0.0,-0.006725553661324263,-0.03715804162815286,-0.006024032357261899,-0.18,0.18,1.0
6.187213659286499,1,,0.0,0.3,0.0,-0.006562529214465877,-0.02594143498693897,0.004626887581799422,-0.18,0.18,1.0
6.187213659286499,1,,0.0,0.3,0.0,-0.018882996350256698,-0.031657923076338745,-0.004105029823290776,-0.18,0.18,1.0
6.187213659286499,1,,0.0,0.3,0.0,-0.02351588085911188,-0.03299846444111687,-0.005733300710185536,-0.18,0.18,1.0
6.187213659286499,1,,0.0,0.3,0.0,-0.009185249274187787,-0.028457997680496772,-0.0033199417564495565,-0.18,0.18,1.0
6.187213659286499,1,,0.0,0.3,0.0,-0.009951963915306644,-0.0336066792528741,-0.011952195994115506,-0.18,0.18,1.0
6.227550506591797,1,,0.0,0.3,0.0,-0.012650488158585538,-0.019037819619907654,-0.011252466125953703,-0.18,0.18,1.0
6.227550506591797,1,,0.0,0.3,0.0,-0.016146441318935015,-0.019519769362530755,-0.012101173916073536,-0.18,0.18,1.0
6.227550506591797,1,,0.0,0.3,0.0,-0.023264914165283885,-0.021202870109586214,-0.004755296475753266,-0.18,0.18,1.0
6.227550506591797,1,,0.0,0.3,0.0,-0.008584244007506792,-0.006605913458244518,-0.004828157207902529,-0.18,0.18,1.0
6.227550506591797,1,,0.0,0.3,0.0,-0.008354177511472464,0.012968415755816665,-0.014608795540453854,-0.18,0.18,1.0
6.227550506591797,1,,0.0,0.3,0.0,-0.015902005510957173,0.02007790571240518,-0.013678387533778612,-0.18,0.18,1.0
6.227550506591797,1,,0.0,0.3,0.0,-0.0066812328459828355,0.00956734975443174,-0.01180737217706559,-0.18,0.18,1.0
6.227550506591797,1,,0.0,0.3,0.0,-0.009079480360346098,0.010367516450807591,-0.012653081572405475,-0.18,0.18,1.0
6.227550506591797,1,,0.0,0.3,0.0,-0.002400918184757549,0.016048035774216877,-0.014255957122093614,-0.18,0.18,1.0
6.227550506591797,1,,0.0,0.3,0.0,-0.010870534177969971,0.011026657242562663,-0.014990203642066297,-0.18,0.18,1.0
6.267883062362671,1,,0.0,0.3,0.0,-0.006383472058961791,0.008378505189018578,-0.013039884615541295,-0.18,0.18,1.0
6.267883062362671,1,,0.0,0.3,0.0,-0.013472904586126488,0.01715172600021801,-0.011985747849280883,-0.18,0.18,1.0
6.267883062362671,1,,0.0,0.3,0.0,0.0010824578500703893,0.02735419273957402,-0.014649542849633556,-0.18,0.18,1.0
6.267883062362671,1,,0.0,0.3,0.0,0.013505083404354766,0.026212800599926405,-0.00991925496506977,-0.18,0.18,1.0
6.267883062362671,1,,0.0,0.3,0.0,0.01414888447694558,0.020193600260165295,-0.011273696726086382,-0.18,0.18,1.0
6.267883062362671,1,,0.0,0.3,0.0,0.004121327500257496,-0.01091655811180402,-0.008608603357831769,-0.18,0.18,1.0
6.267883062362671,1,,0.0,0.3,0.0,-0.008547433685914652,-0.017104103861080532,0.0003403799403385152,-0.18,0.18,1.0
6.267883062362671,1,,0.0,0.3,0.0,-0.01138783589173908,-0.021217213426155485,-0.004368600760573773,-0.18,0.18,1.0
6.267883062362671,1,,0.0,0.3,0.0,-0.0026714518469578325,-0.013697191306784215,-0.005838192824273358,-0.18,0.18,1.0
6.267883062362671,1,,0.0,0.3,0.0,-0.015137885435264354,0.0053264285500912514,-0.002561778532349378,-0.18,0.18,1.0
6.318294048309326,1,,0.0,0.3,0.0,-0.015430032292517406,0.007139715032465676,-0.010859886755290756,-0.18,0.18,1.0
6.318294048309326,1,,0.0,0.3,0.0,-0.004442213937174021,0.004879362760209374,-0.015468621665049958,-0.18,0.18,1.0
6.318294048309326,1,,0.0,0.3,0.0,-0.010021414673253048,0.0008136786218389322,-0.011141686298817462,-0.18,0.18,1.0
6.318294048309326,1,,0.0,0.3,0.0,0.006177121987790637,-0.01195677856269057,-0.010785998824820512,-0.18,0.18,1.0
6.318294048309326,1,,0.0,0.3,0.0,-0.0019120886371740444,-0.028042108719494967,-0.007687737714581359,-0.18,0.18,1.0
6.318294048309326,1,,0.0,0.3,0.0,-0.006276119289218899,-0.03863861502188197,0.0015790686984406147,-0.18,0.18,1.0
6.318294048309326,1,,0.0,0.3,0.0,-0.006762513444989373,-0.03548347682469191,-0.010414962589622845,-0.18,0.18,1.0
6.318294048309326,1,,0.0,0.3,0.0,0.00020688533799566173,-0.017152823619609372,-0.01240258203821441,-0.18,0.18,1.0
6.318294048309326,1,,0.0,0.3,0.0,-0.01699241203991897,-0.018927429443948134,-0.009309323424312637,-0.18,0.18,1.0
6.318294048309326,1,,0.0,0.3,0.0,0.0008709377214508455,-0.010049449671162966,-0.004822737842427575,-0.18,0.18,1.0
6.35863471031189,1,,0.0,0.3,0.0,-0.006617459104991266,0.005876538827792097,-0.005486262417805132,-0.18,0.18,1.0
6.35863471031189,1,,0.0,0.3,0.0,0.005912943114431007,-0.011465656807371358,-0.0014447221831967007,-0.18,0.18,1.0
6.35863471031189,1,,0.0,0.3,0.0,-0.0032492875497458847,-0.007313105024407126,-0.013158541327008442,-0.18,0.18,1.0
6.35863471031189,1,,0.0,0.3,0.0,-0.014415773543931658,0.001000668601250439,-0.007540651799514582,-0.18,0.18,1.0
6.35863471031189,1,,0.0,0.3,0.0,-0.008283381288783224,0.011585847882818434,-0.009428876310415661,-0.18,0.18,1.0
6.35863471031189,1,,0.0,0.3,0.0,-0.011329692413972543,0.010203339630544052,-0.005927348096332647,-0.18,0.18,1.0
6.35863471031189,1,,0.0,0.3,0.0,-0.008191493257079376,0.0014747137226213444,-0.003867076492479893,-0.18,0.18,1.0
6.35863471031189,1,,0.0,0.3,0.0,-0.01642147766758787,-0.004320644159712871,0.003472231414196476,-0.18,0.18,1.0
6.35863471031189,1,,0.0,0.3,0.0,-0.005189788256028323,0.003934541294422502,0.0007069824667501655,-0.18,0.18,1.0
6.35863471031189,1,,0.0,0.3,0.0,-0.020755155351730788,-0.01954199901751365,-0.007451575621985555,-0.18,0.18,1.0
6.398953914642334,1,,0.0,0.3,0.0,-0.018276293297726606,-0.032948762399166456,-0.007761459462627471,-0.18,0.18,1.0
6.398953914642334,1,,0.0,0.3,0.0,-0.020028226977186342,-0.04188287588707296,-0.003841632064737006,-0.18,0.18,1.0
6.398953914642334,1,,0.0,0.3,0.0,-0.022840509801216404,-0.044734545305007686,0.0015902088065620462,-0.18,0.18,1.0
6.398953914642334,1,,0.0,0.3,0.0,-0.022536802161720725,-0.02786035516423926,0.0023321914012874377,-0.18,0.18,1.0
6.398953914642334,1,,0.0,0.3,0.0,-0.022220760502937687,-0.005386080021212646,-0.00043056655918050264,-0.18,0.18,1.0
6.398953914642334,1,,0.0,0.3,0.0,-0.004592219621331851,0.007626534857981065,-0.001231714208598489,-0.18,0.18,1.0
6.398953914642334,1,,0.0,0.3,0.0,-0.00965944298209156,0.013503333067007083,-0.008635744911794984,-0.18,0.18,1.0
6.398953914642334,1,,0.0,0.3,0.0,-0.008796500174938507,-0.010583670517489974,-0.012840220992389056,-0.18,0.18,1.0
6.398953914642334,1,,0.0,0.3,0.0,-0.020904309421688087,-0.01951508716100196,-0.010524251548726443,-0.18,0.18,1.0
6.398953914642334,1,,0.0,0.3,0.0,-0.01579083012252877,-0.02876758735633678,-0.010321762643548688,-0.18,0.18,1.0
6.439286708831787,1,,0.0,0.3,0.0,-0.008258205221808432,-0.017924817671780384,-0.008412442495518513,-0.18,0.18,1.0
6.439286708831787,1,,0.0,0.3,0.0,-0.019794077426554597,-0.023153793930159736,-0.0078028338927725585,-0.18,0.18,1.0
6.439286708831787,1,,0.0,0.3,0.0,-0.024373398151709455,-0.024333956814540002,-0.005322244731031627,-0.18,0.18,1.0
6.439286708831787,1,,0.0,0.3,0.0,-0.001389899246409938,-0.008026103839522729,-0.004840543885208559,-0.18,0.18,1.0
6.439286708831787,1,,0.0,0.3,0.0,0.009288415941370008,0.004428000850466139,-0.0061723811330111865,-0.18,0.18,1.0
6.439286708831787,1,,0.0,0.3,0.0,-0.007199018132527014,-0.006839137377016946,-0.007703591134289584,-0.18,0.18,1.0
6.439286708831787,1,,0.0,0.3,0.0,0.002706242172645458,-0.030136909971690246,-0.011228348239418567,-0.18,0.18,1.0
6.439286708831787,1,,0.0,0.3,0.0,-0.014128974901774649,-0.03802345455075845,-0.00870878228229345,-0.18,0.18,1.0
6.439286708831787,1,,0.0,0.3,0.0,-0.007351423216342407,-0.03168667719312639,-0.01996751182469274,-0.18,0.18,1.0
6.439286708831787,1,,0.0,0.3,0.0,0.0070715774144699695,-0.024295589934273613,-0.019730733795573743,-0.18,0.18,1.0
6.489727735519409,1,,0.0,0.3,0.0,-0.006798223454950865,-0.026901397279897415,-0.004368221379719991,-0.18,0.18,1.0
6.489727735519409,1,,0.0,0.3,0.0,0.0010096683482488866,-0.03209778424488816,-0.006740736743605596,-0.18,0.18,1.0
6.489727735519409,1,,0.0,0.3,0.0,-0.009164892788614324,-0.022006935362306992,-0.0027857165217406335,-0.18,0.18,1.0
6.489727735519409,1,,0.0,0.3,0.0,-0.015159157663477557,-0.007642593334515338,0.0008809365208577967,-0.18,0.18,1.0
6.489727735519409,1,,0.0,0.3,0.0,-0.0006461652021952317,0.010005010440834631,-0.004104543413101944,-0.18,0.18,1.0
6.489727735519409,1,,0.0,0.3,0.0,-0.0013945695830504714,-0.008482492184055942,-0.011444961666085607,-0.18,0.18,1.0
6.489727735519409,1,,0.0,0.3,0.0,-0.007201081630102219,-0.025681244714972722,-0.006115502353505545,-0.18,0.18,1.0
6.489727735519409,1,,0.0,0.3,0.0,-0.00029400123565989384,-0.027905086980464573,-0.0029295713577797413,-0.18,0.18,1.0
6.489727735519409,1,,0.0,0.3,0.0,-0.010336264827495521,-0.03527423468174737,0.0013622087479235481,-0.18,0.18,1.0
6.530030965805054,1,,0.0,0.3,0.0,4.278611352184211e-05,-0.036324829683908,-0.0048877140830179975,-0.18,0.18,1.0
6.530030965805054,1,,0.0,0.3,0.0,-0.00020888365700554175,-0.013925964720576799,-0.0031067918246939943,-0.18,0.18,1.0
6.530030965805054,1,,0.0,0.3,0.0,-0.013561706011110456,-0.023039091652016695,-0.0053134081782291185,-0.18,0.18,1.0
6.530030965805054,1,,0.0,0.3,0.0,-0.000581482733549618,-0.029353849732769118,-0.010524178346313518,-0.18,0.18,1.0
6.530030965805054,1,,0.0,0.3,0.0,0.008191243016220694,-0.03548857754907226,-0.015143112668364642,-0.18,0.18,1.0
6.530030965805054,1,,0.0,0.3,0.0,0.0038283715644927894,-0.04144343718353327,-0.013847084954289764,-0.18,0.18,1.0
6.530030965805054,1,,0.0,0.3,0.0,0.005674890838842626,-0.04988275107190526,-0.009820608953906077,-0.18,0.18,1.0
6.530030965805054,1,,0.0,0.3,0.0,-0.007544860073512095,-0.03387387411271355,-0.0011863792152933441,-0.18,0.18,1.0
6.530030965805054,1,,0.0,0.3,0.0,-0.00977345229474394,-0.028553541441235036,-0.0008644860369013249,-0.18,0.18,1.0
6.530030965805054,1,,0.0,0.3,0.0,-0.0036085525776362137,-0.018470896017544685,-0.0071127862308562875,-0.18,0.18,1.0
6.570310831069946,1,,0.0,0.3,0.0,-0.01759808756677491,0.003756071167384936,-0.005956192286214917,-0.18,0.18,1.0
6.570310831069946,1,,0.0,0.3,0.0,-0.013509996515111767,-0.0005656970981734537,-0.0008436338446815848,-0.18,0.18,1.0
6.570310831069946,1,,0.0,0.3,0.0,-0.01300370960637458,-0.02671617002539178,-0.008484425578100637,-0.18,0.18,1.0
6.570310831069946,1,,0.0,0.3,0.0,0.004478479909416517,-0.03660777615979371,0.0030137747321618957,-0.18,0.18,1.0
6.570310831069946,1,,0.0,0.3,0.0,-0.011425894771661291,-0.034012565710528415,0.003145271040902237,-0.18,0.18,1.0
6.570310831069946,1,,0.0,0.3,0.0,-0.00556207797730225,-0.01936079115670822,0.003866208692129668,-0.18,0.18,1.0
6.570310831069946,1,,0.0,0.3,0.0,-0.010789315830526846,-0.009523801790157228,0.003163330085362466,-0.18,0.18,1.0
6.570310831069946,1,,0.0,0.3,0.0,-0.0011289939846164398,-0.017696747150021775,0.0030853143762095575,-0.18,0.18,1.0
6.570310831069946,1,,0.0,0.3,0.0,-0.009295416781548655,-0.026326283511663242,-0.0034671365662395934,-0.18,0.18,1.0
6.570310831069946,1,,0.0,0.3,0.0,0.003626224191307838,-0.03570235598652092,-0.0013533160477376515,-0.18,0.18,1.0
6.620705842971802,1,,0.0,0.3,0.0,-0.005465367680073034,-0.0313145582323141,-0.004006752023708374,-0.18,0.18,1.0
6.620705842971802,1,,0.0,0.3,0.0,-0.006385460749819467,-0.028202394861580347,0.002221283678692784,-0.18,0.18,1.0
6.620705842971802,1,,0.0,0.3,0.0,0.005519694269173913,-0.010616341138671138,-0.0007342240543850363,-0.18,0.18,1.0
6.620705842971802,1,,0.0,0.3,0.0,-0.012540042460657583,-0.023790154058186498,0.0015651192210754273,-0.18,0.18,1.0
6.620705842971802,1,,0.0,0.3,0.0,0.000513320299831541,-0.015290879719899217,-0.004745154302154903,-0.18,0.18,1.0
6.620705842971802,1,,0.0,0.3,0.0,-0.009422398911521048,0.007403280360773636,-0.003012365686067573,-0.18,0.18,1.0
6.620705842971802,1,,0.0,0.3,0.0,-0.004819091857895354,0.012042517675880758,-0.0019030300355663225,-0.18,0.18,1.0
6.620705842971802,1,,0.0,0.3,0.0,0.0014724653552136543,-0.002234027142447853,-0.007045029466645701,-0.18,0.18,1.0
6.620705842971802,1,,0.0,0.3,0.0,-0.004185320094842935,-0.019495243636456768,-0.005202517431503657,-0.18,0.18,1.0
6.620705842971802,1,,0.0,0.3,0.0,0.007047368369223372,-0.020829437553254598,-0.00022280114327486312,-0.18,0.18,1.0
6.661036729812622,1,,0.0,0.3,0.0,-0.013367236200800098,0.0015795006225853188,0.001932952376080406,-0.18,0.18,1.0
6.661036729812622,1,,0.0,0.3,0.0,-0.01052941677233067,0.0004743478657263234,-0.005473765866949671,-0.18,0.18,1.0
6.661036729812622,1,,0.0,0.3,0.0,-0.004812928883710299,-0.01617705591691906,-0.008359399402176336,-0.18,0.18,1.0
6.661036729812622,1,,0.0,0.3,0.0,-0.016458561711177076,-0.012411670282500545,-0.002371509274215929,-0.18,0.18,1.0
6.661036729812622,1,,0.0,0.3,0.0,-0.014090763281725207,0.003152394677076186,-0.004287775751308307,-0.18,0.18,1.0
6.661036729812622,1,,0.0,0.3,0.0,0.006019475547326646,0.0010954834803119575,-0.0070307555244938195,-0.18,0.18,1.0
6.661036729812622,1,,0.0,0.3,0.0,0.0056591598518507995,-0.01544066901170339,-0.0003077340418854251,-0.18,0.18,1.0
6.661036729812622,1,,0.0,0.3,0.0,-0.0031175124492045375,-0.0027691563716057566,-0.002989009471664643,-0.18,0.18,1.0
6.661036729812622,1,,0.0,0.3,0.0,0.0013760841792191,-0.0030011536677970172,0.0055267807913698605,-0.18,0.18,1.0
6.661036729812622,1,,0.0,0.3,0.0,-0.0005525735461855021,-0.012639619530163836,0.0015784563061554285,-0.18,0.18,1.0
6.7015790939331055,1,,0.0,0.3,0.0,0.009399926475241632,-0.0024398497219128863,-0.0035973569500242796,-0.18,0.18,1.0
6.7015790939331055,1,,0.0,0.3,0.0,-0.002552962611370473,0.00826229864542809,-0.0008126193090165808,-0.18,0.18,1.0
6.7015790939331055,1,,0.0,0.3,0.0,-0.001847404666490168,0.008314623767636918,0.003596643667481833,-0.18,0.18,1.0
6.7015790939331055,1,,0.0,0.3,0.0,-0.0138607172613479,0.008947371478495654,0.007867606507909377,-0.18,0.18,1.0
6.7015790939331055,1,,0.0,0.3,0.0,-0.005593049921382756,0.012662987236636055,-0.0021949643681159117,-0.18,0.18,1.0
6.7015790939331055,1,,0.0,0.3,0.0,-0.001007968686495148,0.019156514274600384,-0.006534107790367751,-0.18,0.18,1.0
6.7015790939331055,1,,0.0,0.3,0.0,-0.015630323738470092,0.018780476737968902,-0.005608001203934945,-0.18,0.18,1.0
6.7015790939331055,1,,0.0,0.3,0.0,-0.010486637321513382,0.0008529105116006578,-0.009146768215465851,-0.18,0.18,1.0
6.7015790939331055,1,,0.0,0.3,0.0,-0.01791668598771064,-0.015581960178804043,-0.007906230943193456,-0.18,0.18,1.0
6.7015790939331055,1,,0.0,0.3,0.0,-0.021560729430435684,-0.028468481548822262,-0.008045285415752923,-0.18,0.18,1.0
6.741938352584839,1,,0.0,0.3,0.0,-0.01567730885891949,-0.01595348050705352,0.0006617688564191781,-0.18,0.18,1.0
6.741938352584839,1,,0.0,0.3,0.0,-0.013852521796666146,-0.004185906192136302,-0.0011619108989040755,-0.18,0.18,1.0
6.741938352584839,1,,0.0,0.3,0.0,-0.020328517324162212,0.008427686977247568,-0.005690972124876942,-0.18,0.18,1.0
6.741938352584839,1,,0.0,0.3,0.0,-0.013779313936069616,0.0011972161726019033,-0.0019573505390887047,-0.18,0.18,1.0
6.741938352584839,1,,0.0,0.3,0.0,-0.026641107848462135,0.01104452795106822,-0.005623674196751443,-0.18,0.18,1.0
6.741938352584839,1,,0.0,0.3,0.0,-0.004215209893159954,0.0007507605725637671,-0.011098452215670912,-0.18,0.18,1.0
6.741938352584839,1,,0.0,0.3,0.0,-0.005008467798200455,-0.010399263050018771,-0.008571080924068653,-0.18,0.18,1.0
6.741938352584839,1,,0.0,0.3,0.0,0.005462828063116597,-0.019981273543912305,-0.007775188364147397,-0.18,0.18,1.0
6.741938352584839,1,,0.0,0.3,0.0,-0.015634468973243137,-0.008929686228739138,-0.009004338722132698,-0.18,0.18,1.0
6.741938352584839,1,,0.0,0.3,0.0,-0.008338224173211749,-0.007836620615311747,-0.012940006988995566,-0.18,0.18,1.0
6.792352676391602,1,,0.0,0.3,0.0,-0.0045085922688195244,-0.0008732903392812799,-0.013607498172869752,-0.18,0.18,1.0
6.792352676391602,1,,0.0,0.3,0.0,-0.009179670149453896,0.014632262626249464,-0.007557136828101561,-0.18,0.18,1.0
6.792352676391602,1,,0.0,0.3,0.0,0.0013311697989577347,0.017048587902160666,-0.014028249222543547,-0.18,0.18,1.0
6.792352676391602,1,,0.0,0.3,0.0,0.004883952879741406,0.02352007435683109,-0.0034857140017908973,-0.18,0.18,1.0
6.792352676391602,1,,0.0,0.3,0.0,-0.010816271316895663,0.020310710976867926,-0.004399142397414839,-0.18,0.18,1.0
6.792352676391602,1,,0.0,0.3,0.0,0.0018257953823622203,-0.003744108499938919,0.001304728105350811,-0.18,0.18,1.0
6.792352676391602,1,,0.0,0.3,0.0,0.0061853513244576495,-0.022925894181066345,-0.003924107207075123,-0.18,0.18,1.0
6.792352676391602,1,,0.0,0.3,0.0,0.012309435085094859,-0.03554141442412793,-0.002957395062180229,-0.18,0.18,1.0
6.792352676391602,1,,0.0,0.3,0.0,0.0053506028744313905,-0.03244289994519964,-0.0031275872592678973,-0.18,0.18,1.0
6.792352676391602,1,,0.0,0.3,0.0,0.00468573501992794,-0.0358864237279308,0.0020056448043336782,-0.18,0.18,1.0
6.832679271697998,1,,0.0,0.3,0.0,-0.011275784623767382,-0.02872457188063931,-0.0020659615825833135,-0.18,0.18,1.0
6.832679271697998,1,,0.0,0.3,0.0,-0.011541649426881245,-0.029456113941280854,-0.010929899068578323,-0.18,0.18,1.0
6.832679271697998,1,,0.0,0.3,0.0,-0.0024393185913938677,-0.03965247780833468,-0.012586389685477066,-0.18,0.18,1.0
6.832679271697998,1,,0.0,0.3,0.0,-0.00999237747222201,-0.038196552560403316,-0.012667564428213686,-0.18,0.18,1.0
6.832679271697998,1,,0.0,0.3,0.0,-0.008310380554522866,-0.01873341126150196,-0.009636709361937553,-0.18,0.18,1.0
6.832679271697998,1,,0.0,0.3,0.0,0.0029536147972304594,0.00069419360387398,-0.01674943054622672,-0.18,0.18,1.0
6.832679271697998,1,,0.0,0.3,0.0,-0.003057054288597548,0.004134273711260784,-0.015743812780042613,-0.18,0.18,1.0
6.832679271697998,1,,0.0,0.3,0.0,0.004089466882673322,-0.008565902779997445,-0.016549434233158182,-0.18,0.18,1.0
6.832679271697998,1,,0.0,0.3,0.0,-0.002954041154870876,-0.01701234085055744,-0.009156516959080853,-0.18,0.18,1.0
6.832679271697998,1,,0.0,0.3,0.0,-0.011949440539105117,0.0035508309642076565,-0.017658858057958915,-0.18,0.18,1.0
6.8730309009552,1,,0.0,0.3,0.0,0.006777351590476981,0.0019576086095696886,-0.012399716967755695,-0.18,0.18,1.0
6.8730309009552,1,,0.0,0.3,0.0,-0.012065604573421412,-0.009256830527196887,-0.018187338057541896,-0.18,0.18,1.0
6.8730309009552,1,,0.0,0.3,0.0,-0.010927713716901651,-0.0010110754027622725,-0.017348788568773994,-0.18,0.18,1.0
6.8730309009552,1,,0.0,0.3,0.0,-0.004877971715348385,0.0030815650667864163,-0.012200125708095417,-0.18,0.18,1.0
6.8730309009552,1,,0.0,0.3,0.0,-0.003988419816371185,-0.00429927268676661,-0.008194490117085026,-0.18,0.18,1.0
6.8730309009552,1,,0.0,0.3,0.0,0.0011564429441839805,-0.01235298264468244,-0.00785393037247862,-0.18,0.18,1.0
6.8730309009552,1,,0.0,0.3,0.0,-0.015038472207368455,-0.029724586981384988,-0.005820237956709437,-0.18,0.18,1.0
6.8730309009552,1,,0.0,0.3,0.0,-0.0029999190498685227,-0.013940740344134433,-0.005439063561795448,-0.18,0.18,1.0
6.8730309009552,1,,0.0,0.3,0.0,-0.008558416113753771,-0.023217851414947564,-0.005943331558520067,-0.18,0.18,1.0
6.8730309009552,1,,0.0,0.3,0.0,-0.0053190298050244484,-0.034278009431784044,-0.006751296211082929,-0.18,0.18,1.0
6.913346767425537,1,,0.0,0.3,0.0,0.005943560349849138,-0.014786749374283122,0.0010033468054278184,-0.18,0.18,1.0
6.913346767425537,1,,0.0,0.3,0.0,-0.005259746592444232,-0.01588608057276515,0.0008538714181299799,-0.18,0.18,1.0
6.913346767425537,1,,0.0,0.3,0.0,-0.0030949541336628542,-0.01706538119193231,-0.0009973122714427424,-0.18,0.18,1.0
6.913346767425537,1,,0.0,0.3,0.0,-0.002097120676140294,-0.015944391009667387,-0.008863249598172572,-0.18,0.18,1.0
6.913346767425537,1,,0.0,0.3,0.0,-0.011251010905218538,-0.0026560313207267664,-0.014513054736064193,-0.18,0.18,1.0
6.913346767425537,1,,0.0,0.3,0.0,-0.01879838345740418,0.002350556200640571,-0.005308487120043701,-0.18,0.18,1.0
6.913346767425537,1,,0.0,0.3,0.0,0.00020947742268633557,-0.016129037724041412,-0.008690564017750042,-0.18,0.18,1.0
6.913346767425537,1,,0.0,0.3,0.0,0.008284130693560076,-0.027283731879937594,-0.0109225149051907,-0.18,0.18,1.0
6.913346767425537,1,,0.0,0.3,0.0,0.00042821501056807747,-0.0023149325706253573,-0.007986161675543536,-0.18,0.18,1.0
6.913346767425537,1,,0.0,0.3,0.0,0.004892067472547597,-0.0052200991184697156,-0.010068201311329857,-0.18,0.18,1.0
6.96378231048584,1,,0.0,0.3,0.0,-0.0007541905345575149,-0.01807169572146837,-0.006986093723223679,-0.18,0.18,1.0
6.96378231048584,1,,0.0,0.3,0.0,0.009877789042835771,-0.026764141879210293,-0.004738971001319652,-0.18,0.18,1.0
6.96378231048584,1,,0.0,0.3,0.0,0.0015343979751288044,-0.009004969051389694,-0.009162915591394916,-0.18,0.18,1.0
6.96378231048584,1,,0.0,0.3,0.0,-0.004415416437963758,-0.0016022036859821114,-0.009358909990106933,-0.18,0.18,1.0
6.96378231048584,1,,0.0,0.3,0.0,0.00020634051111265996,-0.008045943684376493,-0.00649332969548726,-0.18,0.18,1.0
6.96378231048584,1,,0.0,0.3,0.0,-0.002642005012174546,0.01219158843889332,-0.007348794838832546,-0.18,0.18,1.0
6.96378231048584,1,,0.0,0.3,0.0,0.0008973500357287621,0.005798430426749216,-0.00845701824621019,-0.18,0.18,1.0
6.96378231048584,1,,0.0,0.3,0.0,-0.005989378314705169,-0.012878595290951887,-0.006554946402806162,-0.18,0.18,1.0
6.96378231048584,1,,0.0,0.3,0.0,-0.0010465879591056413,-0.012630341124261776,-0.012781216555468863,-0.18,0.18,1.0
6.96378231048584,1,,0.0,0.3,0.0,-0.00038452069018826587,-0.012884682204808404,-0.011736498856633354,-0.18,0.18,1.0
7.004103660583496,1,,0.0,0.3,0.0,-0.012638964478820758,-0.013150940642475887,-0.014150653797151636,-0.18,0.18,1.0
7.004103660583496,1,,0.0,0.3,0.0,-0.000369951527138909,0.00045419523483382736,-0.0076556412462675085,-0.18,0.18,1.0
7.004103660583496,1,,0.0,0.3,0.0,-0.0065078112591525706,4.897942661690356e-05,-0.0009358754993029898,-0.18,0.18,1.0
7.004103660583496,1,,0.0,0.3,0.0,-0.023843063515523375,-0.01807740744835353,0.002611151923445619,-0.18,0.18,1.0
7.004103660583496,1,,0.0,0.3,0.0,-0.03012208856404463,-0.027312354811526204,0.002658553985749841,-0.18,0.18,1.0
7.004103660583496,1,,0.0,0.3,0.0,-0.013708949500692739,-0.013025285730909093,0.00391372900502775,-0.18,0.18,1.0
7.004103660583496,1,,0.0,0.3,0.0,-0.022074433069629317,-0.004910695259959009,0.003027640582467457,-0.18,0.18,1.0
7.004103660583496,1,,0.0,0.3,0.0,-0.020862554852646934,-0.015918710702843154,-0.001365303535415577,-0.18,0.18,1.0
7.004103660583496,1,,0.0,0.3,0.0,-0.024218916074082757,-0.02600197125281534,-0.00024133139164374183,-0.18,0.18,1.0
7.044437408447266,1,,0.0,0.3,0.0,-0.012330697513045219,-0.029309704887176158,-0.0036113565696073865,-0.18,0.18,1.0
7.044437408447266,1,,0.0,0.3,0.0,-0.02169482852581772,-0.03048930099597151,-0.009997972555375271,-0.18,0.18,1.0
7.044437408447266,1,,0.0,0.3,0.0,-0.005906309678060823,-0.00871326757331253,-0.005456984927710528,-0.18,0.18,1.0
7.044437408447266,1,,0.0,0.3,0.0,-0.01002822054182292,-0.01657485081542046,-0.0008013985529757894,-0.18,0.18,1.0
7.044437408447266,1,,0.0,0.3,0.0,-0.0008676811824779818,-0.029501680760168847,-0.005960017232320098,-0.18,0.18,1.0
7.044437408447266,1,,0.0,0.3,0.0,-0.01647502522962203,-0.04540307444488813,-0.00705477684014526,-0.18,0.18,1.0
7.044437408447266,1,,0.0,0.3,0.0,-0.016145793946035023,-0.019764842180065887,-0.0031687274359042004,-0.18,0.18,1.0
7.044437408447266,1,,0.0,0.3,0.0,-0.011952048553536335,-0.02817512666325566,-0.004511421120350328,-0.18,0.18,1.0
7.044437408447266,1,,0.0,0.3,0.0,-0.018309818983951478,-0.03570811416008395,-0.00175438826537452,-0.18,0.18,1.0
7.044437408447266,1,,0.0,0.3,0.0,-0.012905061889595854,-0.029285536401929567,-0.007329009858554951,-0.18,0.18,1.0
7.094865083694458,1,,0.0,0.3,0.0,-0.014666887115460945,-0.04138626383710208,-0.0046375543625344386,-0.18,0.18,1.0
7.094865083694458,1,,0.0,0.3,0.0,-0.0051221763329779065,-0.025414852359426466,-0.008074418067119926,-0.18,0.18,1.0
7.094865083694458,1,,0.0,0.3,0.0,-0.020467682757500466,0.0013021837600896906,-0.005074995834192132,-0.18,0.18,1.0
7.094865083694458,1,,0.0,0.3,0.0,-0.016736712040050755,-0.004118264420893404,-0.0021004214940084603,-0.18,0.18,1.0
7.094865083694458,1,,0.0,0.3,0.0,-0.00905421874036262,-0.01743840720909223,0.0031308454625419983,-0.18,0.18,1.0
7.094865083694458,1,,0.0,0.3,0.0,-0.017563585190023556,-0.022342274578802196,-0.006765883674048272,-0.18,0.18,1.0
7.094865083694458,1,,0.0,0.3,0.0,-0.011295588821805366,-0.027961031587518004,-0.0006502103567314916,-0.18,0.18,1.0
7.094865083694458,1,,0.0,0.3,0.0,-0.004200582473528287,-0.020515406322296925,0.005598572466377963,-0.18,0.18,1.0
7.094865083694458,1,,0.0,0.3,0.0,-0.005744071712565028,-0.022109914702945987,-0.0015933275554609616,-0.18,0.18,1.0
7.094865083694458,1,,0.0,0.3,0.0,-0.01379655038117061,-0.03801579843566814,-0.00528529609716867,-0.18,0.18,1.0
7.135191202163696,1,,0.0,0.3,0.0,-0.003248008046984893,-0.03618494238541164,-0.004500805270649335,-0.18,0.18,1.0
7.135191202163696,1,,0.0,0.3,0.0,-0.00963931377346507,-0.017228262547269536,-0.005469330918412955,-0.18,0.18,1.0
7.135191202163696,1,,0.0,0.3,0.0,-0.0039629787553260055,-0.01633569289215841,-0.0006840219057651254,-0.18,0.18,1.0
7.135191202163696,1,,0.0,0.3,0.0,-0.0134413019565719,-0.024487122834167454,0.0036556681670482268,-0.18,0.18,1.0
7.135191202163696,1,,0.0,0.3,0.0,-0.008050994804178938,-0.010556352101763667,-0.003415912459482196,-0.18,0.18,1.0
7.135191202163696,1,,0.0,0.3,0.0,0.0032575004887374316,-0.020681354783552888,-0.004126643968323589,-0.18,0.18,1.0
7.135191202163696,1,,0.0,0.3,0.0,-0.012471600686739604,-0.019189463045449832,-0.0031374841307095654,-0.18,0.18,1.0
7.135191202163696,1,,0.0,0.3,0.0,0.002345030270127199,-0.016373329205416634,-0.005108639908488423,-0.18,0.18,1.0
7.135191202163696,1,,0.0,0.3,0.0,-0.013053174197769996,-0.03010279169604415,-0.0070602833895874705,-0.18,0.18,1.0
7.135191202163696,1,,0.0,0.3,0.0,-0.013729424719975522,-0.030057475385246057,-0.00674888833438643,-0.18,0.18,1.0
7.175539970397949,1,,0.0,0.3,0.0,-0.013956253855738152,-0.010098327885511217,-0.0016831617998279262,-0.18,0.18,1.0
7.175539970397949,1,,0.0,0.3,0.0,0.0032481962512073883,-0.028866344402474632,-0.008021734029485856,-0.18,0.18,1.0
7.175539970397949,1,,0.0,0.3,0.0,-0.003237112323063169,-0.04174377031666757,-0.00870465718812419,-0.18,0.18,1.0
7.175539970397949,1,,0.0,0.3,0.0,-0.01627470665987544,-0.04464029481917321,-0.01047807853099603,-0.18,0.18,1.0
7.175539970397949,1,,0.0,0.3,0.0,0.0021271417663884904,-0.015150716279090957,-0.009458191143883106,-0.18,0.18,1.0
7.175539970397949,1,,0.0,0.3,0.0,-0.01301947485154132,-0.010740166228582728,-0.006075517766166211,-0.18,0.18,1.0
7.175539970397949,1,,0.0,0.3,0.0,-0.013418014368337183,-0.014915418649596626,-0.005289419553560201,-0.18,0.18,1.0
7.175539970397949,1,,0.0,0.3,0.0,-0.0022290734639507244,-0.02243772360512111,0.0027002385285012304,-0.18,0.18,1.0
7.175539970397949,1,,0.0,0.3,0.0,0.007736216256239265,-0.020084898712576762,0.0009259792009637189,-0.18,0.18,1.0
7.175539970397949,1,,0.0,0.3,0.0,-0.0029170455460512373,-0.028750742757013246,-0.006715475239429869,-0.18,0.18,1.0
7.215858459472656,1,,0.0,0.3,0.0,-0.00495138069570032,-0.028188416799502184,0.001258618277431129,-0.18,0.18,1.0
7.215858459472656,1,,0.0,0.3,0.0,-0.001319711290416292,-0.03452182817255109,0.0034178438763960844,-0.18,0.18,1.0
7.215858459472656,1,,0.0,0.3,0.0,-0.00849028882966395,-0.02668731914918176,0.0036929211671631323,-0.18,0.18,1.0
7.215858459472656,1,,0.0,0.3,0.0,-0.010681201942409659,-0.01707857762147373,0.0016270539691450661,-0.18,0.18,1.0
7.215858459472656,1,,0.0,0.3,0.0,-0.008395974101663121,0.0019373635580716394,0.004702750595010803,-0.18,0.18,1.0
7.215858459472656,1,,0.0,0.3,0.0,-0.0074139706287317,0.004108293323135482,0.010132188584878809,-0.18,0.18,1.0
7.215858459472656,1,,0.0,0.3,0.0,-0.005249942458910291,0.014948274131824821,-0.002841235756087708,-0.18,0.18,1.0
7.215858459472656,1,,0.0,0.3,0.0,-0.0063595402315984794,0.023736971573533758,-0.005097968577835229,-0.18,0.18,1.0
7.215858459472656,1,,0.0,0.3,0.0,0.0001280420168522787,0.004275056182364644,-0.00559860191611775,-0.18,0.18,1.0
7.215858459472656,1,,0.0,0.3,0.0,-0.005859298160652377,-0.013875120837273523,-1.219797764256087e-06,-0.18,0.18,1.0
7.2662670612335205,1,,0.0,0.3,0.0,-0.007461547467419772,-0.026760616135795407,0.0009962837958392326,-0.18,0.18,1.0
7.2662670612335205,1,,0.0,0.3,0.0,-0.013936807495955982,-0.025090900081285034,-0.004601810933261622,-0.18,0.18,1.0
7.2662670612335205,1,,0.0,0.3,0.0,-0.02042231627117024,-0.007238334342977105,-0.008199286759227374,-0.18,0.18,1.0
7.2662670612335205,1,,0.0,0.3,0.0,-0.020295084543736155,0.009950242934072276,-0.01038988484707495,-0.18,0.18,1.0
7.2662670612335205,1,,0.0,0.3,0.0,-0.018473104264944255,0.023688994895636566,-0.006447835142207159,-0.18,0.18,1.0
7.2662670612335205,1,,0.0,0.3,0.0,-0.018197272863172412,0.01630543970270414,-0.010101532000918456,-0.18,0.18,1.0
7.2662670612335205,1,,0.0,0.3,0.0,-0.02237939384696055,0.01696954276774603,-0.0076440058742794055,-0.18,0.18,1.0
7.2662670612335205,1,,0.0,0.3,0.0,-0.013069982847624187,0.01829103000775138,-0.004748922399688009,-0.18,0.18,1.0
7.2662670612335205,1,,0.0,0.3,0.0,-0.0060222531620188575,-0.006594398954093904,-0.006379755382290894,-0.18,0.18,1.0
7.2662670612335205,1,,0.0,0.3,0.0,-0.01150011612955144,-0.021056597818962453,-0.00722015415538867,-0.18,0.18,1.0
7.30658483505249,1,,0.0,0.3,0.0,-0.008334185358832995,-0.010941430154592747,-0.006778902380829215,-0.18,0.18,1.0
7.30658483505249,1,,0.0,0.3,0.0,-0.015765346275663263,-0.0017217546969261139,-0.002662497874196555,-0.18,0.18,1.0
7.30658483505249,1,,0.0,0.3,0.0,-0.004261886893464657,-0.015206529300538845,-0.0025084183999852416,-0.18,0.18,1.0
7.30658483505249,1,,0.0,0.3,0.0,-0.009799262871383245,-0.029290377847898636,-0.0028784029395992955,-0.18,0.18,1.0
7.30658483505249,1,,0.0,0.3,0.0,-0.015264216411419698,-0.018221188230814724,-0.0023189249966992617,-0.18,0.18,1.0
7.30658483505249,1,,0.0,0.3,0.0,-0.0030344399298769115,0.0003721353493011253,-0.006751192318557853,-0.18,0.18,1.0
7.30658483505249,1,,0.0,0.3,0.0,0.003641526873708183,-0.009895033105065188,-0.002893323817574178,-0.18,0.18,1.0
7.30658483505249,1,,0.0,0.3,0.0,0.0142478417570589,-0.020154690349845367,-0.008584154509052686,-0.18,0.18,1.0
7.30658483505249,1,,0.0,0.3,0.0,0.0024865152937013405,-0.03258308812558536,-0.014395180144547451,-0.18,0.18,1.0
7.30658483505249,1,,0.0,0.3,0.0,0.00898987080761429,-0.040075404275451317,-0.0033104290585408863,-0.18,0.18,1.0
7.346922397613525,1,,0.0,0.3,0.0,0.007377134599497545,-0.02285678630315613,-0.0015009304566577732,-0.18,0.18,1.0
7.346922397613525,1,,0.0,0.3,0.0,-0.008782815723209316,-0.03079207939846615,-0.006031936747523908,-0.18,0.18,1.0
7.346922397613525,1,,0.0,0.3,0.0,0.005048369926735592,-0.04064291508141311,-0.005053704553042802,-0.18,0.18,1.0
7.346922397613525,1,,0.0,0.3,0.0,-0.0021270959831187343,-0.035499264108338084,-0.004418730185993731,-0.18,0.18,1.0
7.346922397613525,1,,0.0,0.3,0.0,-0.0034067597378806373,-0.023492079633032487,0.000996289533734443,-0.18,0.18,1.0
7.346922397613525,1,,0.0,0.3,0.0,-0.014693960100757355,0.0025850003679180286,-0.0005294356837826983,-0.18,0.18,1.0
7.346922397613525,1,,0.0,0.3,0.0,-0.018681802684004562,-0.01466143921936221,-0.010157822208289969,-0.18,0.18,1.0
7.346922397613525,1,,0.0,0.3,0.0,-0.022308800866406492,-0.02094328839066258,-0.011530809701596069,-0.18,0.18,1.0
7.346922397613525,1,,0.0,0.3,0.0,-0.01401527420297677,-0.01602158779290746,-0.011022961065188469,-0.18,0.18,1.0
7.346922397613525,1,,0.0,0.3,0.0,-0.0009877070883403,-0.032558291507510946,-0.008217548677719377,-0.18,0.18,1.0
7.387256622314453,1,,0.0,0.3,0.0,-0.010190556822875715,-0.01896915138914268,-0.007303749483832243,-0.18,0.18,1.0
7.387256622314453,1,,0.0,0.3,0.0,-0.006545867209170932,-0.009815907659385711,-0.001985462241546285,-0.18,0.18,1.0
7.387256622314453,1,,0.0,0.3,0.0,-0.004093705283621475,-0.010966044323465008,-0.003745329267030322,-0.18,0.18,1.0
7.387256622314453,1,,0.0,0.3,0.0,-0.01259941575849936,0.0002396299017593079,-0.0014735257791459338,-0.18,0.18,1.0
7.387256622314453,1,,0.0,0.3,0.0,-0.002454450097529734,-0.020468875961871417,0.0011327459364427633,-0.18,0.18,1.0
7.387256622314453,1,,0.0,0.3,0.0,-0.006278890207203892,-0.008505699192340961,0.007414660565502765,-0.18,0.18,1.0
7.387256622314453,1,,0.0,0.3,0.0,-0.0006481647264391251,-0.016202809789335953,0.006120997615037909,-0.18,0.18,1.0
7.387256622314453,1,,0.0,0.3,0.0,0.004896470590618427,-0.006827777214749626,0.002927137235626236,-0.18,0.18,1.0
7.387256622314453,1,,0.0,0.3,0.0,0.0022051942159507076,0.011755270344224973,0.00040893356594213603,-0.18,0.18,1.0
7.387256622314453,1,,0.0,0.3,0.0,0.0038799858717349822,-0.00907956588305028,0.009061322937693425,-0.18,0.18,1.0
7.437678337097168,1,,0.0,0.3,0.0,-0.00780695441692859,-0.0026964850234598332,0.01076765129867478,-0.18,0.18,1.0
7.437678337097168,1,,0.0,0.3,0.0,-0.01380502930102974,0.0037952752947867066,-0.00045521995178317027,-0.18,0.18,1.0
7.437678337097168,1,,0.0,0.3,0.0,-0.012199827971117287,-0.0027101159605138563,0.003596199265229432,-0.18,0.18,1.0
7.437678337097168,1,,0.0,0.3,0.0,-0.01805179622148294,-0.018165450292850722,0.002333012130940473,-0.18,0.18,1.0
7.437678337097168,1,,0.0,0.3,0.0,-0.014460152866435167,-0.0007405533898203886,0.0016781447783825122,-0.18,0.18,1.0
7.437678337097168,1,,0.0,0.3,0.0,-0.011175470454730595,0.01824606130406829,0.003670778553615924,-0.18,0.18,1.0
7.437678337097168,1,,0.0,0.3,0.0,-0.01497210280482153,0.01950100670281334,-0.0092262041606859,-0.18,0.18,1.0
7.437678337097168,1,,0.0,0.3,0.0,-0.006866924333583376,0.02816334809957139,-0.008101038157907265,-0.18,0.18,1.0
7.437678337097168,1,,0.0,0.3,0.0,-0.004836517171966817,0.019379555835807884,-0.013062751128688864,-0.18,0.18,1.0
7.437678337097168,1,,0.0,0.3,0.0,0.0034783442311516403,0.020680735934744815,-0.017345223815605923,-0.18,0.18,1.0
7.478020191192627,1,,0.0,0.3,0.0,-0.0035533200949898268,0.01628898745556935,-0.01504741454772623,-0.18,0.18,1.0
7.478020191192627,1,,0.0,0.3,0.0,0.004592832381988761,0.01918642931509982,-0.011146324332293792,-0.18,0.18,1.0
7.478020191192627,1,,0.0,0.3,0.0,0.01139723210837841,0.0015627615478457403,-0.017577098419900874,-0.18,0.18,1.0
7.478020191192627,1,,0.0,0.3,0.0,0.008499616418146068,-0.021938459168055806,-0.005253431498758172,-0.18,0.18,1.0
7.478020191192627,1,,0.0,0.3,0.0,0.010812160788075242,-0.02480433744963864,-0.0018560242776692049,-0.18,0.18,1.0
7.478020191192627,1,,0.0,0.3,0.0,-0.0009748941680541261,-0.01172375728970599,-0.007184146568161319,-0.18,0.18,1.0
7.478020191192627,1,,0.0,0.3,0.0,0.0060065472583464745,-0.026912487919857314,-0.0017917079375398546,-0.18,0.18,1.0
7.478020191192627,1,,0.0,0.3,0.0,0.0008968780470211304,-0.012940382936633339,-0.004168164017042265,-0.18,0.18,1.0
7.478020191192627,1,,0.0,0.3,0.0,-0.0024635794016395116,-0.01412181386498337,-0.007547381570796471,-0.18,0.18,1.0
7.478020191192627,1,,0.0,0.3,0.0,0.00020749042900067034,-6.969309033524118e-05,-0.004440295711278441,-0.18,0.18,1.0
7.518373012542725,1,,0.0,0.3,0.0,-0.0018195953707394227,-0.020618295074803894,-0.00628931742796792,-0.18,0.18,1.0
7.518373012542725,1,,0.0,0.3,0.0,0.004818719555019034,-5.650567892191478e-05,-0.0026383333017009486,-0.18,0.18,1.0
7.518373012542725,1,,0.0,0.3,0.0,-0.0011055536430289296,-0.0018553684594088385,-0.0030389292694922407,-0.18,0.18,1.0
7.518373012542725,1,,0.0,0.3,0.0,-0.00823810514141311,-0.00293831695110416,-0.003037325028978025,-0.18,0.18,1.0
7.518373012542725,1,,0.0,0.3,0.0,-0.006946680837604091,0.006891116902026011,-0.004647848157420832,-0.18,0.18,1.0
7.518373012542725,1,,0.0,0.3,0.0,-0.007132589119812263,-0.007914506656649336,-0.006198996161404374,-0.18,0.18,1.0
7.518373012542725,1,,0.0,0.3,0.0,0.0005248639289931831,0.0005381929363795413,-0.0043319041104625386,-0.18,0.18,1.0
7.518373012542725,1,,0.0,0.3,0.0,-0.008216008970876919,-0.013318636379577807,0.0020268620902203307,-0.18,0.18,1.0
7.518373012542725,1,,0.0,0.3,0.0,-0.022472124639391997,0.0016177761288009393,-0.0009500556922716896,-0.18,0.18,1.0
7.518373012542725,1,,0.0,0.3,0.0,-0.01087629915150858,0.0071553413421304645,0.00011364239749345797,-0.18,0.18,1.0
7.558666706085205,1,,0.0,0.3,0.0,-0.010121575573857207,-0.00992757894625831,-5.521384381205556e-05,-0.18,0.18,1.0
7.558666706085205,1,,0.0,0.3,0.0,-0.011705737974962886,-0.01870072041461777,0.0035067353649708382,-0.18,0.18,1.0
7.558666706085205,1,,0.0,0.3,0.0,-0.011716492148674686,-0.0061579998007841395,0.004098734251338026,-0.18,0.18,1.0
7.558666706085205,1,,0.0,0.3,0.0,-0.018591120519803248,-0.009248447970573158,-0.002680310340811272,-0.18,0.18,1.0
7.558666706085205,1,,0.0,0.3,0.0,-0.0066130537904991755,-0.015706903495984463,0.004544246278871321,-0.18,0.18,1.0
7.558666706085205,1,,0.0,0.3,0.0,-0.014558918741548271,-0.005859510175060338,0.003629141502778906,-0.18,0.18,1.0
7.558666706085205,1,,0.0,0.3,0.0,-0.004632964762194948,-0.015344273294592585,0.0037781941696137596,-0.18,0.18,1.0
7.558666706085205,1,,0.0,0.3,0.0,0.0024585165682039813,0.006832465884056781,0.0021700922565445887,-0.18,0.18,1.0
7.558666706085205,1,,0.0,0.3,0.0,0.015102112434745366,0.011130305052448415,-0.002420491694395427,-0.18,0.18,1.0
7.609092712402344,1,,0.0,0.3,0.0,-0.004641289639034522,-0.010911954265593037,-0.004241182992367355,-0.18,0.18,1.0
7.609092712402344,1,,0.0,0.3,0.0,-0.00110583084752439,-0.01961548801405417,-0.006376784422286485,-0.18,0.18,1.0
7.609092712402344,1,,0.0,0.3,0.0,-0.016582454985507034,0.002584686457608622,-0.01648441970252432,-0.18,0.18,1.0
7.609092712402344,1,,0.0,0.3,0.0,-0.010748780821463171,-0.017552724615596333,-0.02139493077289935,-0.18,0.18,1.0
7.609092712402344,1,,0.0,0.3,0.0,-0.0014270828303522278,-0.018455391816130016,-0.015097269166008856,-0.18,0.18,1.0
7.609092712402344,1,,0.0,0.3,0.0,-0.011146278679077125,0.00010648670645363918,-0.01497938138157743,-0.18,0.18,1.0
7.609092712402344,1,,0.0,0.3,0.0,-0.009634786597871946,-0.0007191847936585262,-0.01596398015082095,-0.18,0.18,1.0
7.609092712402344,1,,0.0,0.3,0.0,-0.02012297731602117,-0.019107018280849427,-0.014958977448061715,-0.18,0.18,1.0
7.609092712402344,1,,0.0,0.3,0.0,-0.0033007437743515647,-0.030920004903176746,-0.021176287929406287,-0.18,0.18,1.0
7.609092712402344,1,,0.0,0.3,0.0,-0.014052713605788747,-0.03737378646910422,-0.012620745477550906,-0.18,0.18,1.0
7.649398326873779,1,,0.0,0.3,0.0,-0.016357740607793422,-0.022824572242044205,-0.011521203399456012,-0.18,0.18,1.0
7.649398326873779,1,,0.0,0.3,0.0,-0.012492722713392811,-0.004728011839765222,-0.0072687794067629935,-0.18,0.18,1.0
7.649398326873779,1,,0.0,0.3,0.0,-0.007714063952230762,0.004042873914915963,-0.0065416779324419284,-0.18,0.18,1.0
7.649398326873779,1,,0.0,0.3,0.0,0.0014545534843639716,-0.012648404631409068,-0.005142487394270796,-0.18,0.18,1.0
7.649398326873779,1,,0.0,0.3,0.0,0.001222175950619096,-0.030767552724909164,-0.0038884540417608742,-0.18,0.18,1.0
7.649398326873779,1,,0.0,0.3,0.0,-0.012083695866779402,-0.00933329610675224,-0.0036938147212141007,-0.18,0.18,1.0
7.649398326873779,1,,0.0,0.3,0.0,-0.009911172130796128,0.011627460677862776,-0.004865807834289802,-0.18,0.18,1.0
7.649398326873779,1,,0.0,0.3,0.0,-0.006840897927407086,0.01101851128712083,-0.0094383845879507,-0.18,0.18,1.0
7.649398326873779,1,,0.0,0.3,0.0,-0.017441049877509076,-0.0073051742824698195,-0.009144162209150602,-0.18,0.18,1.0
7.649398326873779,1,,0.0,0.3,0.0,-0.0030360344933857723,-0.021664993543893302,-0.0053704624858747435,-0.18,0.18,1.0
7.689690113067627,1,,0.0,0.3,0.0,-0.003836735010431109,-0.03408521970242472,0.0005635676186833565,-0.18,0.18,1.0
7.689690113067627,1,,0.0,0.3,0.0,-0.0025404553075517103,-0.01392724358337384,-0.004365306763881563,-0.18,0.18,1.0
7.689690113067627,1,,0.0,0.3,0.0,-0.0022487295844885774,-0.026054412310089245,-0.008334759398691823,-0.18,0.18,1.0
7.689690113067627,1,,0.0,0.3,0.0,0.002099515155902493,-0.035473555568064606,-0.004366829892519515,-0.18,0.18,1.0
7.689690113067627,1,,0.0,0.3,0.0,-0.01076800738902735,-0.04015513413237482,0.0006640352766698034,-0.18,0.18,1.0
7.689690113067627,1,,0.0,0.3,0.0,0.007629716968471973,-0.011563604024896883,-0.012911919307542036,-0.18,0.18,1.0
7.689690113067627,1,,0.0,0.3,0.0,-0.010508534463091685,-0.006078238521814041,-0.011595310880255925,-0.18,0.18,1.0
7.689690113067627,1,,0.0,0.3,0.0,-0.009976944910924712,-0.01964289231491474,-0.012202056618351258,-0.18,0.18,1.0
7.689690113067627,1,,0.0,0.3,0.0,-0.010633528166454341,-0.00814247201161457,-0.01743490576746992,-0.18,0.18,1.0
7.689690113067627,1,,0.0,0.3,0.0,-0.0032647548483523536,0.0011989141824566812,-0.01491146285998632,-0.18,0.18,1.0
7.740063190460205,1,,0.0,0.3,0.0,-0.00028190807511378285,-0.0015480139633757852,-0.014455933149122645,-0.18,0.18,1.0
7.740063190460205,1,,0.0,0.3,0.0,-0.008696185358830207,0.004472512197691598,-0.01550398031856374,-0.18,0.18,1.0
7.740063190460205,1,,0.0,0.3,0.0,0.00014090713526426342,-0.01027283060420693,-0.01162177771675302,-0.18,0.18,1.0
7.740063190460205,1,,0.0,0.3,0.0,-0.011064666087810291,-0.015893097084339405,-0.00663491794029896,-0.18,0.18,1.0
7.740063190460205,1,,0.0,0.3,0.0,-0.011215041351911911,0.005584301599479717,-0.006776890935083055,-0.18,0.18,1.0
7.740063190460205,1,,0.0,0.3,0.0,0.002800093329519664,-0.0055795194929132265,-0.008202729318386127,-0.18,0.18,1.0
7.740063190460205,1,,0.0,0.3,0.0,-0.010314896639972431,-0.021943814722087902,-0.007681748905811434,-0.18,0.18,1.0
7.740063190460205,1,,0.0,0.3,0.0,-0.0053683161387822476,-0.012637234872864177,0.0052705046700722916,-0.18,0.18,1.0
7.740063190460205,1,,0.0,0.3,0.0,-0.016982098963856,-0.027116886436946437,0.00027370506493018185,-0.18,0.18,1.0
7.740063190460205,1,,0.0,0.3,0.0,-0.00991230563526728,-0.026037469851701123,0.004211726853945487,-0.18,0.18,1.0
7.780369520187378,1,,0.0,0.3,0.0,-0.020631567459712608,-0.0027952059735464295,-3.576206325196522e-05,-0.18,0.18,1.0
7.780369520187378,1,,0.0,0.3,0.0,-0.0069449783929524285,-0.010939363119116882,0.003039898276711735,-0.18,0.18,1.0
7.780369520187378,1,,0.0,0.3,0.0,0.0023099323159297956,-0.026299850246886965,0.00113885040916597,-0.18,0.18,1.0
7.780369520187378,1,,0.0,0.3,0.0,0.0011179491621400549,-0.011210807530545288,-0.00099637075956235,-0.18,0.18,1.0
7.780369520187378,1,,0.0,0.3,0.0,0.0016163153030646076,-0.004164402685797559,-0.0029825218022370916,-0.18,0.18,1.0
7.780369520187378,1,,0.0,0.3,0.0,0.00867412074036845,-0.004282790283477521,0.0028754888359755785,-0.18,0.18,1.0
7.780369520187378,1,,0.0,0.3,0.0,0.0038969585641652313,-0.012523990189715064,-0.008019908239452258,-0.18,0.18,1.0
7.780369520187378,1,,0.0,0.3,0.0,0.008259259646551678,-0.028889650719720765,-0.014546235556090175,-0.18,0.18,1.0
7.780369520187378,1,,0.0,0.3,0.0,-0.00010184937090488303,-0.03829517133241485,-0.008895569617615572,-0.18,0.18,1.0
7.780369520187378,1,,0.0,0.3,0.0,-0.009388460232506406,-0.03927389097092211,-0.007769305831177534,-0.18,0.18,1.0
7.820685386657715,1,,0.0,0.3,0.0,0.0004368734424474411,-0.02096465254096931,-0.0026172198388641995,-0.18,0.18,1.0
7.820685386657715,1,,0.0,0.3,0.0,0.000713901663199027,-0.011367740305339954,-0.002905458851534878,-0.18,0.18,1.0
7.820685386657715,1,,0.0,0.3,0.0,-0.0031653892939513565,-0.02581193363550116,-0.0022273056721855955,-0.18,0.18,1.0
7.820685386657715,1,,0.0,0.3,0.0,-0.008424474286305708,-0.04232135016586076,-0.006213183461040911,-0.18,0.18,1.0
7.820685386657715,1,,0.0,0.3,0.0,-0.004095592662713331,-0.04316243031185314,-0.0029320812597188597,-0.18,0.18,1.0
7.820685386657715,1,,0.0,0.3,0.0,-0.017926172119619922,-0.03771168418158805,-0.008376376076683022,-0.18,0.18,1.0
7.820685386657715,1,,0.0,0.3,0.0,0.0024126298355792047,-0.026208274438758155,-0.013408406288306958,-0.18,0.18,1.0
7.820685386657715,1,,0.0,0.3,0.0,-0.0065152538987489905,-0.017801875190639138,-0.00931337905727717,-0.18,0.18,1.0
7.820685386657715,1,,0.0,0.3,0.0,-0.004319115194792585,-0.013591109723347424,-0.009284178011454997,-0.18,0.18,1.0
7.820685386657715,1,,0.0,0.3,0.0,0.007876971798994858,-0.0015976692508090633,-0.007653441389732774,-0.18,0.18,1.0
7.860976934432983,1,,0.0,0.3,0.0,-0.0054030292186467545,0.00848723705329444,-0.008039087772051144,-0.18,0.18,1.0
7.860976934432983,1,,0.0,0.3,0.0,-0.004681103348524261,-0.005545703431798787,-0.008084553980543962,-0.18,0.18,1.0
7.860976934432983,1,,0.0,0.3,0.0,-0.011253126364195102,-0.013106791431009013,-0.01670124003790474,-0.18,0.18,1.0
7.860976934432983,1,,0.0,0.3,0.0,-0.017016231568124592,-0.01787035725166538,-0.010754890382289531,-0.18,0.18,1.0
7.860976934432983,1,,0.0,0.3,0.0,-0.01308710469371666,-0.010441509250056798,-0.00783102396172889,-0.18,0.18,1.0
7.860976934432983,1,,0.0,0.3,0.0,-0.007641577987993196,0.006009227105946191,-0.0046608281734763155,-0.18,0.18,1.0
7.860976934432983,1,,0.0,0.3,0.0,-0.008064157369620684,-0.0031102979986177923,-0.0028581669719666817,-0.18,0.18,1.0
7.860976934432983,1,,0.0,0.3,0.0,-0.01891858538274389,-0.022740977042727054,0.0015005211383550853,-0.18,0.18,1.0
7.860976934432983,1,,0.0,0.3,0.0,-0.016813569004187272,-0.00873394691821844,0.0005416499690295675,-0.18,0.18,1.0
7.860976934432983,1,,0.0,0.3,0.0,-0.008037770910643333,0.011004388253703304,-0.006239866382655111,-0.18,0.18,1.0
7.9113922119140625,1,,0.0,0.3,0.0,-0.01652249274664757,0.005719572474115945,-0.005316000778986055,-0.18,0.18,1.0
7.9113922119140625,1,,0.0,0.3,0.0,-0.007883524804225927,-0.015549661365725737,-0.007183721082680045,-0.18,0.18,1.0
7.9113922119140625,1,,0.0,0.3,0.0,0.0011297947192068167,-0.02038806550968846,-0.0052490083102606985,-0.18,0.18,1.0
7.9113922119140625,1,,0.0,0.3,0.0,-0.00949008190507205,-0.023936313903957236,-0.009913976131591127,-0.18,0.18,1.0
7.9113922119140625,1,,0.0,0.3,0.0,0.003427513223873045,-0.025409259706565823,-0.010277023651799454,-0.18,0.18,1.0
7.9113922119140625,1,,0.0,0.3,0.0,-0.014746007456839457,-0.03138021433519661,-0.01361522828536098,-0.18,0.18,1.0
7.9113922119140625,1,,0.0,0.3,0.0,-0.0025371506369374925,-0.004444490660601932,-0.012318150563892178,-0.18,0.18,1.0
7.9113922119140625,1,,0.0,0.3,0.0,-0.010971330212389292,-0.0012892205748089695,-0.012104272793166912,-0.18,0.18,1.0
7.9113922119140625,1,,0.0,0.3,0.0,-0.019679660491201744,0.009713033185640924,-0.010336281033028565,-0.18,0.18,1.0
7.9113922119140625,1,,0.0,0.3,0.0,-0.017591017055493305,-0.012770506534445891,-0.01306311325136569,-0.18,0.18,1.0
7.951709508895874,1,,0.0,0.3,0.0,-0.01416087987694961,-0.008912904727123893,-0.011271888907574952,-0.18,0.18,1.0
7.951709508895874,1,,0.0,0.3,0.0,-0.022868121627364946,-0.025155522989164895,-0.008098459578045628,-0.18,0.18,1.0
7.951709508895874,1,,0.0,0.3,0.0,-0.023708731568615776,-0.02187737029309284,-0.00468887846975453,-0.18,0.18,1.0
7.951709508895874,1,,0.0,0.3,0.0,-0.024917586297046573,-0.02930171850915728,-0.006974725927456962,-0.18,0.18,1.0
7.951709508895874,1,,0.0,0.3,0.0,-0.023485510563824495,-0.010191710655260778,-0.011416897358565815,-0.18,0.18,1.0
7.951709508895874,1,,0.0,0.3,0.0,-0.012604477045182024,-0.023300098875489172,-0.009319564770602863,-0.18,0.18,1.0
7.951709508895874,1,,0.0,0.3,0.0,-0.017610458645923328,-0.03340906111148073,-0.015790670228041984,-0.18,0.18,1.0
7.951709508895874,1,,0.0,0.3,0.0,-0.00620738134628376,-0.03434411582504078,-0.014619813318972523,-0.18,0.18,1.0
7.951709508895874,1,,0.0,0.3,0.0,-0.01559249459171705,-0.02700544298621115,-0.012537059823762974,-0.18,0.18,1.0
7.951709508895874,1,,0.0,0.3,0.0,-0.014491989270047514,-0.012737860469248888,-0.006130989884820749,-0.18,0.18,1.0
7.992018938064575,1,,0.0,0.3,0.0,-0.01690085522151193,-0.027873571278685776,-0.007273078826234886,-0.18,0.18,1.0
7.992018938064575,1,,0.0,0.3,0.0,-0.013918627153804031,-0.01522152805411523,-0.0051886529610671965,-0.18,0.18,1.0
7.992018938064575,1,,0.0,0.3,0.0,-0.011431339105439668,-0.0027262874409145154,-0.004717519477906069,-0.18,0.18,1.0
7.992018938064575,1,,0.0,0.3,0.0,-0.009663024750513992,0.009453405052552653,-0.0014905517966449435,-0.18,0.18,1.0
7.992018938064575,1,,0.0,0.3,0.0,-0.004879625038156083,-0.009378260765571404,0.0035458511147243446,-0.18,0.18,1.0
7.992018938064575,1,,0.0,0.3,0.0,-0.016534183659338165,-0.010477490932909395,0.0073144292236310485,-0.18,0.18,1.0
7.992018938064575,1,,0.0,0.3,0.0,-0.021950637638874053,-0.00414440341734208,0.003852119820106523,-0.18,0.18,1.0
7.992018938064575,1,,0.0,0.3,0.0,-0.007298617303960396,-0.003527595946280233,-0.0013976882748979787,-0.18,0.18,1.0
7.992018938064575,1,,0.0,0.3,0.0,-0.005279904437933823,-0.013552754140858651,-0.005804641154903369,-0.18,0.18,1.0
7.992018938064575,1,,0.0,0.3,0.0,-0.008274382051807054,-0.01157650514930544,-0.0130391679158299,-0.18,0.18,1.0
8.032319068908691,1,,0.0,0.3,0.0,-0.009317334782543395,-0.022290124851001684,-0.003916667747160753,-0.18,0.18,1.0
8.032319068908691,1,,0.0,0.3,0.0,0.00039358554348766466,-0.024752837758212767,-0.003394773012601822,-0.18,0.18,1.0
8.032319068908691,1,,0.0,0.3,0.0,-0.0055366482819904335,-0.013796531347624296,-0.0030736597968719645,-0.18,0.18,1.0
8.032319068908691,1,,0.0,0.3,0.0,0.003243970661722154,-0.0030406070279310124,-4.0915585531399154e-05,-0.18,0.18,1.0
8.032319068908691,1,,0.0,0.3,0.0,0.0023139447394736447,-0.018725594761657294,0.006364966239862116,-0.18,0.18,1.0
8.032319068908691,1,,0.0,0.3,0.0,-0.005958400189296754,-0.030518629683785044,-0.003639333845466956,-0.18,0.18,1.0
8.032319068908691,1,,0.0,0.3,0.0,-0.003013201288969523,-0.032851860386320327,-0.005727524161267981,-0.18,0.18,1.0
8.032319068908691,1,,0.0,0.3,0.0,-0.00789570684721501,-0.005192465982845433,-0.005875153670695892,-0.18,0.18,1.0
8.032319068908691,1,,0.0,0.3,0.0,-0.0009276212558657607,-0.0012992396224670874,-0.004420953925931483,-0.18,0.18,1.0
8.032319068908691,1,,0.0,0.3,0.0,-0.0073330889915723665,-0.022629384498093874,-0.012281232611662894,-0.18,0.18,1.0
8.082698822021484,1,,0.0,0.3,0.0,-0.012689877493700139,-0.03769415979971183,-0.007342410921047037,-0.18,0.18,1.0
8.082698822021484,1,,0.0,0.3,0.0,-0.009590792611775511,-0.02470201061618429,-0.009466212124156298,-0.18,0.18,1.0
8.082698822021484,1,,0.0,0.3,0.0,-0.009026377029961332,-0.005085169193965882,0.000814508151181111,-0.18,0.18,1.0
8.082698822021484,1,,0.0,0.3,0.0,-0.009198034546889892,-0.017079553280553942,-0.0021029444131676284,-0.18,0.18,1.0
8.082698822021484,1,,0.0,0.3,0.0,-0.013245905958983851,-0.008527234277723639,-0.007781684276146807,-0.18,0.18,1.0
8.082698822021484,1,,0.0,0.3,0.0,-0.0034303488212567216,-0.022314934633254128,-0.014169547397584591,-0.18,0.18,1.0
8.082698822021484,1,,0.0,0.3,0.0,-0.0021341726294722644,-0.020270595604058233,-0.00920289710496057,-0.18,0.18,1.0
8.082698822021484,1,,0.0,0.3,0.0,-0.0058357244516800645,-0.006138455742069105,-0.006739178205036544,-0.18,0.18,1.0
8.082698822021484,1,,0.0,0.3,0.0,-0.0002688369712604448,-0.012501395553421961,-0.011437255993455945,-0.18,0.18,1.0
8.123000144958496,1,,0.0,0.3,0.0,0.005233101665922692,-0.006385670563681941,-0.013049326204689562,-0.18,0.18,1.0
8.123000144958496,1,,0.0,0.3,0.0,-0.0041660851452775555,-0.019842195144963097,-0.009881445783701856,-0.18,0.18,1.0
8.123000144958496,1,,0.0,0.3,0.0,-0.008516843119861131,-0.003646778262212854,-0.001877671723699054,-0.18,0.18,1.0
8.123000144958496,1,,0.0,0.3,0.0,-0.00014479719111968432,-0.013115324181490334,-0.004682296721517121,-0.18,0.18,1.0
8.123000144958496,1,,0.0,0.3,0.0,-0.008640911193861135,-0.023434322238628937,-0.003952333055201208,-0.18,0.18,1.0
8.123000144958496,1,,0.0,0.3,0.0,0.0031668407427036297,-0.0030091849330726086,-0.004883279605923794,-0.18,0.18,1.0
8.123000144958496,1,,0.0,0.3,0.0,-0.01127587893578088,0.01118019431962718,0.0013470515021175012,-0.18,0.18,1.0
8.123000144958496,1,,0.0,0.3,0.0,-0.011047929451299024,-0.009571686897407403,0.0014243878192542,-0.18,0.18,1.0
8.123000144958496,1,,0.0,0.3,0.0,0.0010716361402819236,-0.02372288593104767,0.004291719564604186,-0.18,0.18,1.0
8.123000144958496,1,,0.0,0.3,0.0,-0.014255954582204742,-0.0018414095237573392,0.0007767729932136217,-0.18,0.18,1.0
8.16329050064087,1,,0.0,0.3,0.0,0.0025305658700531725,0.00096347739024027,-1.705759420484973e-05,-0.18,0.18,1.0
8.16329050064087,1,,0.0,0.3,0.0,0.00601968794604301,0.009061034729396683,-0.0022523510383253864,-0.18,0.18,1.0
8.16329050064087,1,,0.0,0.3,0.0,-0.0071056777518767825,-0.004351666796528276,-0.003439629297915896,-0.18,0.18,1.0
8.16329050064087,1,,0.0,0.3,0.0,-0.0034699310743705244,-0.014523539639006374,-0.0010343241741897025,-0.18,0.18,1.0
8.16329050064087,1,,0.0,0.3,0.0,0.00019187320181068102,-0.024194306967400183,0.0018192184358805262,-0.18,0.18,1.0
8.16329050064087,1,,0.0,0.3,0.0,-0.014347105400293932,-0.02153313267264519,-0.0024271748151034967,-0.18,0.18,1.0
8.16329050064087,1,,0.0,0.3,0.0,-0.005402370783858123,-0.011188634598373666,-0.006740698369121309,-0.18,0.18,1.0
8.16329050064087,1,,0.0,0.3,0.0,-0.00916993646375127,-0.021918336685185974,-0.008362147840106216,-0.18,0.18,1.0
8.16329050064087,1,,0.0,0.3,0.0,0.005956654553377265,-0.032085562408797404,-0.002458505939493432,-0.18,0.18,1.0
8.16329050064087,1,,0.0,0.3,0.0,-0.003502742448002236,-0.012055902302466835,-0.006335340118067761,-0.18,0.18,1.0
8.213667154312134,1,,0.0,0.3,0.0,-0.008029542947869497,-0.013434958374698665,0.0010445438148585769,-0.18,0.18,1.0
8.213667154312134,1,,0.0,0.3,0.0,-0.0047895815424824646,-0.01829997292200493,-0.006762670425886207,-0.18,0.18,1.0
8.213667154312134,1,,0.0,0.3,0.0,-0.016795313952876218,-0.014193128393678213,-0.013772098848613305,-0.18,0.18,1.0
8.213667154312134,1,,0.0,0.3,0.0,-0.010178487229805076,-0.004082069015207154,-0.00995371499165742,-0.18,0.18,1.0
8.213667154312134,1,,0.0,0.3,0.0,-0.010463349009180738,-0.004374497044950997,-0.010513139959357556,-0.18,0.18,1.0
8.213667154312134,1,,0.0,0.3,0.0,-0.007087093687959819,0.011161526107445995,-0.01363937981342301,-0.18,0.18,1.0
8.213667154312134,1,,0.0,0.3,0.0,-0.011634302906607986,0.018669528739406017,-0.017106023115668008,-0.18,0.18,1.0
8.213667154312134,1,,0.0,0.3,0.0,-0.00301748883058914,0.001225171894489068,-0.015124986824937875,-0.18,0.18,1.0
8.213667154312134,1,,0.0,0.3,0.0,-0.006248522705083389,-0.00139685672722806,-0.010599834462854835,-0.18,0.18,1.0
8.213667154312134,1,,0.0,0.3,0.0,0.0004122060348653327,0.004110208448914226,-0.011723513303979192,-0.18,0.18,1.0
8.253954410552979,1,,0.0,0.3,0.0,0.00575784295818086,0.02331114209746716,-0.007354375783625883,-0.18,0.18,1.0
8.253954410552979,1,,0.0,0.3,0.0,-0.007474990041741741,0.014034641599718206,-0.011620223042002265,-0.18,0.18,1.0
8.253954410552979,1,,0.0,0.3,0.0,-0.009346319939133749,-0.010716149883675797,-0.007354102040058078,-0.18,0.18,1.0
8.253954410552979,1,,0.0,0.3,0.0,0.001190480733089529,-0.002127817902545731,0.002603855605923244,-0.18,0.18,1.0
8.253954410552979,1,,0.0,0.3,0.0,-0.0008707498349239081,-0.0025386918687845374,0.0026879323431817275,-0.18,0.18,1.0
8.253954410552979,1,,0.0,0.3,0.0,-0.011080151623329862,-0.021228048375876198,-0.002778008458805608,-0.18,0.18,1.0
8.253954410552979,1,,0.0,0.3,0.0,-0.007976944248585829,-0.01753328756077864,0.0001473074251025314,-0.18,0.18,1.0
8.253954410552979,1,,0.0,0.3,0.0,-0.002560272773060961,-0.0020833876080140206,0.006742259677663273,-0.18,0.18,1.0
8.253954410552979,1,,0.0,0.3,0.0,-0.00834070609650569,0.008496806697428694,0.004329269202463727,-0.18,0.18,1.0
8.253954410552979,1,,0.0,0.3,0.0,-0.011061453606475485,0.01616673537285542,0.0028986758101832125,-0.18,0.18,1.0
8.294235467910767,1,,0.0,0.3,0.0,-0.0031675602489446854,0.011112127528461612,0.0027178457054242828,-0.18,0.18,1.0
8.294235467910767,1,,0.0,0.3,0.0,-0.008986552899209679,0.02017640265322873,-0.009849935044279338,-0.18,0.18,1.0
8.294235467910767,1,,0.0,0.3,0.0,-0.008344678846474711,0.0226699233638395,-0.010510237472123466,-0.18,0.18,1.0
8.294235467910767,1,,0.0,0.3,0.0,-0.011361630854375906,0.016994145209264424,-0.00495246485532746,-0.18,0.18,1.0
8.294235467910767,1,,0.0,0.3,0.0,0.000131758048365674,-0.005174160245977912,-0.0034337474575342466,-0.18,0.18,1.0
8.294235467910767,1,,0.0,0.3,0.0,-0.0057489618821241015,-0.013183138222313021,-0.009917142243403647,-0.18,0.18,1.0
8.294235467910767,1,,0.0,0.3,0.0,0.007949431680597448,0.003207859062024635,-0.005596432399291069,-0.18,0.18,1.0
8.294235467910767,1,,0.0,0.3,0.0,0.0024032018552460283,0.0046320338854513796,-0.006737833122059679,-0.18,0.18,1.0
8.294235467910767,1,,0.0,0.3,0.0,-9.301313099415244e-05,-0.015065740677438884,-0.007668932156349321,-0.18,0.18,1.0
8.294235467910767,1,,0.0,0.3,0.0,0.00712383766701744,-0.009811535287533469,-0.004229409655092393,-0.18,0.18,1.0
8.334539651870728,1,,0.0,0.3,0.0,0.014219984775986478,-0.0032803938968038533,-0.0034757068670642245,-0.18,0.18,1.0
8.334539651870728,1,,0.0,0.3,0.0,-0.006024111130237079,-0.023942070080619746,-8.11426015070525e-05,-0.18,0.18,1.0
8.334539651870728,1,,0.0,0.3,0.0,-0.002617000293413488,-0.020762694526767975,-0.005959227681296125,-0.18,0.18,1.0
8.334539651870728,1,,0.0,0.3,0.0,-0.008950017371618726,0.0023570853937314824,-0.0051959397080419715,-0.18,0.18,1.0
8.334539651870728,1,,0.0,0.3,0.0,-0.004794965524079333,0.0010245309999983754,0.0008575055896835565,-0.18,0.18,1.0
8.334539651870728,1,,0.0,0.3,0.0,-0.01618484449105435,-0.016302644988726307,0.0008641757798902003,-0.18,0.18,1.0
8.334539651870728,1,,0.0,0.3,0.0,-0.0018956662276182984,0.0022657660658470104,-0.0069615455565229,-0.18,0.18,1.0
8.334539651870728,1,,0.0,0.3,0.0,-0.009631936711735936,-0.0110453250154884,-0.009565831958638525,-0.18,0.18,1.0
8.334539651870728,1,,0.0,0.3,0.0,0.0017625172681004762,-0.0004787838856905832,-0.015816537619772107,-0.18,0.18,1.0
8.334539651870728,1,,0.0,0.3,0.0,-0.00518967934749055,-0.01969021198856259,-0.013865200698859721,-0.18,0.18,1.0
8.384913921356201,1,,0.0,0.3,0.0,-0.002906804908227383,-0.019036826487746746,-0.014262988788586823,-0.18,0.18,1.0
8.384913921356201,1,,0.0,0.3,0.0,0.0018714031874170946,-0.002172838182591768,-0.013913828097424238,-0.18,0.18,1.0
8.384913921356201,1,,0.0,0.3,0.0,0.006893807885788692,-0.00776991887402223,-0.0159811553177444,-0.18,0.18,1.0
8.384913921356201,1,,0.0,0.3,0.0,-0.0005957987516670372,0.006037236490433923,-0.010745812956393756,-0.18,0.18,1.0
8.384913921356201,1,,0.0,0.3,0.0,0.0009302099068495184,0.012403096811872719,-0.009048239651678988,-0.18,0.18,1.0
8.384913921356201,1,,0.0,0.3,0.0,-0.008737152215633575,-0.0075888333796170614,-0.005649586035029959,-0.18,0.18,1.0
8.384913921356201,1,,0.0,0.3,0.0,-0.0034333054276817175,-0.020126363973750297,-0.008899549777477587,-0.18,0.18,1.0
8.384913921356201,1,,0.0,0.3,0.0,-0.008195837181992209,-0.004870152161623581,-0.008856079633570471,-0.18,0.18,1.0
8.384913921356201,1,,0.0,0.3,0.0,-0.009430843418496274,0.006129537522360461,-0.0027623179285206816,-0.18,0.18,1.0
8.384913921356201,1,,0.0,0.3,0.0,-0.00011563889930135067,0.01605521867697505,-0.010624181952361625,-0.18,0.18,1.0
8.4252188205719,1,,0.0,0.3,0.0,-0.007776326170585583,0.017556334085813665,-0.019381429279417488,-0.18,0.18,1.0
8.4252188205719,1,,0.0,0.3,0.0,0.005489421713117534,0.01646904726026931,-0.024610991255459694,-0.18,0.18,1.0
8.4252188205719,1,,0.0,0.3,0.0,-0.012621849293313791,-0.01300579878358471,-0.026284188276341335,-0.18,0.18,1.0
8.4252188205719,1,,0.0,0.3,0.0,-0.0027278054779031643,-0.0227094580778052,-0.012441956010507495,-0.18,0.18,1.0
8.4252188205719,1,,0.0,0.3,0.0,-0.0083318996726637,0.00018295876029746468,-0.013443878877542417,-0.18,0.18,1.0
8.4252188205719,1,,0.0,0.3,0.0,-0.004566715782595731,-0.000203436357820532,-0.0038158771477486897,-0.18,0.18,1.0
8.4252188205719,1,,0.0,0.3,0.0,-0.01834410717431471,-0.01982600934874218,-0.00015539472670524207,-0.18,0.18,1.0
8.4252188205719,1,,0.0,0.3,0.0,-0.011961327102028308,-0.008231906289543334,-0.0006125390622403035,-0.18,0.18,1.0
8.4252188205719,1,,0.0,0.3,0.0,-0.019691551343129804,-0.02527499848722278,-0.003806137344143149,-0.18,0.18,1.0
8.4252188205719,1,,0.0,0.3,0.0,-0.02256155091367531,-0.022387646720271888,-0.00466502327292464,-0.18,0.18,1.0
8.4655122756958,1,,0.0,0.3,0.0,-0.023713033499529076,-0.011898451239861906,-0.0021234167063451095,-0.18,0.18,1.0
8.4655122756958,1,,0.0,0.3,0.0,-0.01812191324977274,-0.016698613622197316,0.0009670132177014763,-0.18,0.18,1.0
8.4655122756958,1,,0.0,0.3,0.0,-0.022769737385412908,-0.002628750857437563,0.006454037284851044,-0.18,0.18,1.0
8.4655122756958,1,,0.0,0.3,0.0,-0.017694598245125412,-0.020903106414340185,0.0002465540145730016,-0.18,0.18,1.0
8.4655122756958,1,,0.0,0.3,0.0,-0.016215151943967197,-0.0194834213647025,-0.002834194497421283,-0.18,0.18,1.0
8.4655122756958,1,,0.0,0.3,0.0,-0.014912812064792166,-0.004174963226450763,-0.0030042513298362316,-0.18,0.18,1.0
8.4655122756958,1,,0.0,0.3,0.0,0.0012144433414086992,-0.010955215892259557,-0.007372987807525984,-0.18,0.18,1.0
8.4655122756958,1,,0.0,0.3,0.0,-0.009823021680792705,-0.013426244476236722,-0.0030547647842666843,-0.18,0.18,1.0
8.4655122756958,1,,0.0,0.3,0.0,-0.0026087635799150657,-0.02508517668938705,-0.007492651689499395,-0.18,0.18,1.0
8.4655122756958,1,,0.0,0.3,0.0,-0.01171696807208351,-0.00495642590056122,-0.00316368032229494,-0.18,0.18,1.0
8.505823850631714,1,,0.0,0.3,0.0,-0.011757621316503297,-0.015051338048342792,0.0035717038227957953,-0.18,0.18,1.0
8.505823850631714,1,,0.0,0.3,0.0,-0.010392832989118514,-0.014186908867821153,-0.010961273690850735,-0.18,0.18,1.0
8.505823850631714,1,,0.0,0.3,0.0,-0.015111593634046957,-0.0008947322425435602,-0.00812849093031237,-0.18,0.18,1.0
8.505823850631714,1,,0.0,0.3,0.0,-0.005489885676334049,-0.0088698186007179,-0.009086538954848625,-0.18,0.18,1.0
8.505823850631714,1,,0.0,0.3,0.0,-0.007029762895102389,0.00013593744409108962,-0.007800527507876404,-0.18,0.18,1.0
8.505823850631714,1,,0.0,0.3,0.0,-0.0009474374028218782,-0.005912194694373844,-0.011907861856455211,-0.18,0.18,1.0
8.505823850631714,1,,0.0,0.3,0.0,-0.003156017224861941,-0.006596801629314948,-0.0025625752946991675,-0.18,0.18,1.0
8.505823850631714,1,,0.0,0.3,0.0,-0.005614367695689755,-0.00776692844861817,0.004914710920698518,-0.18,0.18,1.0
8.505823850631714,1,,0.0,0.3,0.0,-0.002110550511226832,-0.011042850504184748,0.0043497646201894795,-0.18,0.18,1.0
8.505823850631714,1,,0.0,0.3,0.0,-0.016929672984507538,-0.0163733713556009,-0.0009945362850145596,-0.18,0.18,1.0
8.556228160858154,1,,0.0,0.3,0.0,-0.012250399364699792,-0.014139898561060722,-0.0002737926680650076,-0.18,0.18,1.0
8.556228160858154,1,,0.0,0.3,0.0,0.0060034436387669185,-0.028412562213208353,-0.0017170380917685066,-0.18,0.18,1.0
8.556228160858154,1,,0.0,0.3,0.0,-0.008540901516083334,-0.016709204929501432,-0.006805122409468964,-0.18,0.18,1.0
8.556228160858154,1,,0.0,0.3,0.0,-0.007321078746215351,-0.016001822742716006,-0.001110393503059188,-0.18,0.18,1.0
8.556228160858154,1,,0.0,0.3,0.0,-0.010082491971574929,9.197659098526145e-06,-0.004927252740698214,-0.18,0.18,1.0
8.556228160858154,1,,0.0,0.3,0.0,-0.0036134086052805035,-0.011808773759625963,0.00035284686627465626,-0.18,0.18,1.0
8.556228160858154,1,,0.0,0.3,0.0,-0.002165972846601453,-0.016242504828203722,-0.005238896505733695,-0.18,0.18,1.0
8.556228160858154,1,,0.0,0.3,0.0,0.004716688173310799,-0.0061413555447987316,-0.0005055900929626705,-0.18,0.18,1.0
8.556228160858154,1,,0.0,0.3,0.0,0.004879201922484696,-0.01354803824888472,0.004245568176366974,-0.18,0.18,1.0
8.556228160858154,1,,0.0,0.3,0.0,0.003811368133898168,-0.029814649168935878,0.0019438831669245074,-0.18,0.18,1.0
8.59651780128479,1,,0.0,0.3,0.0,-0.005030248387827352,-0.021417788762287757,0.0035395324157004404,-0.18,0.18,1.0
8.59651780128479,1,,0.0,0.3,0.0,0.008988417880520131,0.00029140203199241936,0.003593472404256535,-0.18,0.18,1.0
8.59651780128479,1,,0.0,0.3,0.0,-0.002754734722826339,-0.0071090762130484346,-0.0062597532047030755,-0.18,0.18,1.0
8.59651780128479,1,,0.0,0.3,0.0,-0.016119816981295124,-0.02561861150209325,0.0006988682836114445,-0.18,0.18,1.0
8.59651780128479,1,,0.0,0.3,0.0,0.0014362092981816872,-0.013145634967915164,0.0015813728894716844,-0.18,0.18,1.0
8.59651780128479,1,,0.0,0.3,0.0,-0.0008429466171685953,0.0015267396748573228,-0.006577602242731358,-0.18,0.18,1.0
8.59651780128479,1,,0.0,0.3,0.0,-0.011027942831113748,0.006473370434991946,-0.008061546306720789,-0.18,0.18,1.0
8.59651780128479,1,,0.0,0.3,0.0,0.006834351149139756,-0.01844654161287805,-0.015241589499743793,-0.18,0.18,1.0
8.59651780128479,1,,0.0,0.3,0.0,-0.011911534901256045,-0.005831880691733781,-0.009424048589584323,-0.18,0.18,1.0
8.59651780128479,1,,0.0,0.3,0.0,-0.015645507943425233,-0.01076134056331504,-0.009016672617832346,-0.18,0.18,1.0
8.636846542358398,1,,0.0,0.3,0.0,-0.025188868739799527,-0.02039602306640361,-0.004464075697674777,-0.18,0.18,1.0
8.636846542358398,1,,0.0,0.3,0.0,-0.007302564642639023,-0.013195197251865418,-0.013156821569239462,-0.18,0.18,1.0
8.636846542358398,1,,0.0,0.3,0.0,-0.016016830661852364,-0.022946618009023232,-0.018890921214176324,-0.18,0.18,1.0
8.636846542358398,1,,0.0,0.3,0.0,-0.014273980437141232,-0.019424292921937446,-0.011464421454520948,-0.18,0.18,1.0
8.636846542358398,1,,0.0,0.3,0.0,0.0030577646506217827,-0.009839063735776423,0.003032994408192138,-0.18,0.18,1.0
8.636846542358398,1,,0.0,0.3,0.0,-0.004344620797669233,-0.011507499471979269,-0.009718602892177542,-0.18,0.18,1.0
8.636846542358398,1,,0.0,0.3,0.0,-0.007463662997748637,-0.020853815787641023,-0.01657073477404379,-0.18,0.18,1.0
8.636846542358398,1,,0.0,0.3,0.0,-0.005783463289838393,-0.00870698758354995,-0.01408630333999913,-0.18,0.18,1.0
8.636846542358398,1,,0.0,0.3,0.0,-0.013707695344648338,-0.02679880868193785,-0.010088590401971135,-0.18,0.18,1.0
8.68720817565918,1,,0.0,0.3,0.0,-0.003869799981940433,-0.0064758172152952435,-0.012444697910711391,-0.18,0.18,1.0
8.68720817565918,1,,0.0,0.3,0.0,-0.012342538041169757,-0.0004668712325588493,-0.002264756484465086,-0.18,0.18,1.0
8.68720817565918,1,,0.0,0.3,0.0,-0.005823732690057865,-0.008284533918431558,0.003971761809011042,-0.18,0.18,1.0
8.68720817565918,1,,0.0,0.3,0.0,-0.011611984139669896,7.501730148261217e-05,0.008259001640613021,-0.18,0.18,1.0
8.68720817565918,1,,0.0,0.3,0.0,0.005673276830584902,-0.012126722644514606,0.0017576291056215939,-0.18,0.18,1.0
8.68720817565918,1,,0.0,0.3,0.0,0.002724073379854473,-0.024242601005211743,-0.004765680745620539,-0.18,0.18,1.0
8.68720817565918,1,,0.0,0.3,0.0,0.004976426743288492,-0.012480845478432033,-0.001653285331126358,-0.18,0.18,1.0
8.68720817565918,1,,0.0,0.3,0.0,0.0012230683468539,-0.00933973636993889,-0.004283550883876317,-0.18,0.18,1.0
8.68720817565918,1,,0.0,0.3,0.0,0.0026004112486666085,-0.004861540827153418,-0.008769936046444637,-0.18,0.18,1.0
8.68720817565918,1,,0.0,0.3,0.0,0.008626771777096972,-0.006155798939320004,-0.007133889883054561,-0.18,0.18,1.0
8.727517127990723,1,,0.0,0.3,0.0,-5.274474437418245e-05,-0.0004534922204811602,-0.012068857326105497,-0.18,0.18,1.0
8.727517127990723,1,,0.0,0.3,0.0,-0.015814737514152334,-0.017324555045259513,-0.011810939167935802,-0.18,0.18,1.0
8.727517127990723,1,,0.0,0.3,0.0,-0.011792476633723601,-0.022967453120509546,-0.01932940789763804,-0.18,0.18,1.0
8.727517127990723,1,,0.0,0.3,0.0,-0.014396182742279905,0.007716834621759291,-0.012332835252707827,-0.18,0.18,1.0
8.727517127990723,1,,0.0,0.3,0.0,-0.023106429738367115,0.010673619614416468,-0.010828368613214111,-0.18,0.18,1.0
8.727517127990723,1,,0.0,0.3,0.0,-0.027321550866476817,-0.008426840258447433,-0.006691106465910844,-0.18,0.18,1.0
8.727517127990723,1,,0.0,0.3,0.0,-0.025603838870704523,-0.017073325280389445,-0.0036953138914607828,-0.18,0.18,1.0
8.727517127990723,1,,0.0,0.3,0.0,-0.014110099472277893,-0.02043597189893366,-0.003344180645762195,-0.18,0.18,1.0
8.727517127990723,1,,0.0,0.3,0.0,-0.019393644290129512,-0.026763294161333977,0.0002853799806867316,-0.18,0.18,1.0
8.727517127990723,1,,0.0,0.3,0.0,-0.02026572339866512,-0.002132253843016029,0.004257094227438588,-0.18,0.18,1.0
8.767810583114624,1,,0.0,0.3,0.0,0.0023858705073363223,-0.006983361735677461,-0.001950774085329939,-0.18,0.18,1.0
8.767810583114624,1,,0.0,0.3,0.0,-0.009349394452058407,-0.020217555142697557,-0.0025733864126491297,-0.18,0.18,1.0
8.767810583114624,1,,0.0,0.3,0.0,-0.0007167307051531124,-0.033976859118125036,-0.008794414786519527,-0.18,0.18,1.0
8.767810583114624,1,,0.0,0.3,0.0,0.003324738515407198,-0.04460550912139831,-0.004234437294277581,-0.18,0.18,1.0
8.767810583114624,1,,0.0,0.3,0.0,-0.01214873717704932,-0.044533545410735904,-0.01174119001604194,-0.18,0.18,1.0
8.767810583114624,1,,0.0,0.3,0.0,-0.011429687948113443,-0.03364359189950003,-0.0005161431138960337,-0.18,0.18,1.0
8.767810583114624,1,,0.0,0.3,0.0,-0.0017161139688029636,-0.02915648172439645,-0.0016697009470836362,-0.18,0.18,1.0
8.767810583114624,1,,0.0,0.3,0.0,-0.011248741533478832,-0.02984747233438461,-0.003462083655097231,-0.18,0.18,1.0
8.767810583114624,1,,0.0,0.3,0.0,-0.02313468101511347,-0.03743361707986663,-0.0021486307447292153,-0.18,0.18,1.0
8.767810583114624,1,,0.0,0.3,0.0,-0.025322217941851903,-0.024774415502628096,-0.002106349677058905,-0.18,0.18,1.0
8.808101892471313,1,,0.0,0.3,0.0,-0.008553139498543192,-0.009048221694614273,0.0007304823954125541,-0.18,0.18,1.0
8.808101892471313,1,,0.0,0.3,0.0,-0.020168473911880386,-0.021756458447934217,-0.0085660985535941,-0.18,0.18,1.0
8.808101892471313,1,,0.0,0.3,0.0,-0.009639105605712127,-0.014028214231007596,-0.006105135776592741,-0.18,0.18,1.0
8.808101892471313,1,,0.0,0.3,0.0,-0.004621362944309038,-0.001000874002308432,-0.00259608451176175,-0.18,0.18,1.0
8.808101892471313,1,,0.0,0.3,0.0,-0.019721252542850783,0.007678075117196743,-0.004445493281288424,-0.18,0.18,1.0
8.808101892471313,1,,0.0,0.3,0.0,-0.010314455600670533,0.02184575870419325,-0.004462613157875557,-0.18,0.18,1.0
8.808101892471313,1,,0.0,0.3,0.0,-0.02007165481461018,0.02144847440716282,-0.0002077927729200215,-0.18,0.18,1.0
8.808101892471313,1,,0.0,0.3,0.0,-0.010469004331275622,0.012837745987309265,0.00017448063255730056,-0.18,0.18,1.0
8.808101892471313,1,,0.0,0.3,0.0,-0.0046673625347428945,-0.003165462453783389,-0.003596805186969717,-0.18,0.18,1.0
8.808101892471313,1,,0.0,0.3,0.0,-0.008363841123789195,-0.019226117419314237,-0.00018236598937568514,-0.18,0.18,1.0
8.858479022979736,1,,0.0,0.3,0.0,0.002219671710626227,-0.0041053846710701605,-0.00841110438001339,-0.18,0.18,1.0
8.858479022979736,1,,0.0,0.3,0.0,-0.01281771245132374,0.0035605371204757955,-0.00852114452106624,-0.18,0.18,1.0
8.858479022979736,1,,0.0,0.3,0.0,-0.009861537590621174,-0.015563383025047995,-0.008090626024003966,-0.18,0.18,1.0
8.858479022979736,1,,0.0,0.3,0.0,-0.016073916562025985,-0.0201810035940216,-0.010206094990199678,-0.18,0.18,1.0
8.858479022979736,1,,0.0,0.3,0.0,-0.010244637108629573,-0.0027846214746701315,-0.014481981275436706,-0.18,0.18,1.0
8.858479022979736,1,,0.0,0.3,0.0,-0.013206951366840082,0.007097764176467612,-0.006214534955434168,-0.18,0.18,1.0
8.858479022979736,1,,0.0,0.3,0.0,0.00197679746988194,-0.012731057097775065,-0.002700355895964177,-0.18,0.18,1.0
8.858479022979736,1,,0.0,0.3,0.0,-0.00798569553329273,-0.005400793429125228,-0.006774353272927312,-0.18,0.18,1.0
8.858479022979736,1,,0.0,0.3,0.0,-0.008477452303974925,0.0013919402312638882,-0.007191195361784044,-0.18,0.18,1.0
8.858479022979736,1,,0.0,0.3,0.0,-0.0029752412156943504,-0.011657278578555037,0.00035158922839797824,-0.18,0.18,1.0
8.89877438545227,1,,0.0,0.3,0.0,0.01065886147218526,-0.02856339449315177,-0.002529456741282297,-0.18,0.18,1.0
8.89877438545227,1,,0.0,0.3,0.0,-0.007344380065829887,-0.005441524245155003,-0.00747581928166114,-0.18,0.18,1.0
8.89877438545227,1,,0.0,0.3,0.0,-0.013368585961209323,-0.01778904983684148,-0.005883409918542288,-0.18,0.18,1.0
8.89877438545227,1,,0.0,0.3,0.0,-0.00843703778517654,-0.017954792765833998,-0.004412927446719349,-0.18,0.18,1.0
8.89877438545227,1,,0.0,0.3,0.0,-0.012495849245809602,-0.013618001843000736,-0.0081774063223491,-0.18,0.18,1.0
8.89877438545227,1,,0.0,0.3,0.0,-0.005691824218002503,-0.0339546897791192,-0.01110358945264303,-0.18,0.18,1.0
8.89877438545227,1,,0.0,0.3,0.0,-0.005914062993977475,-0.03768450887316549,-0.011679953952504547,-0.18,0.18,1.0
8.89877438545227,1,,0.0,0.3,0.0,0.003757411828872549,-0.031206772121471764,-0.015525642636408604,-0.18,0.18,1.0
8.89877438545227,1,,0.0,0.3,0.0,0.0035363055909773235,-0.0066046980318798815,-0.014714300858806447,-0.18,0.18,1.0
8.89877438545227,1,,0.0,0.3,0.0,0.005060797288373492,0.005424783799216907,-0.012779496310161393,-0.18,0.18,1.0
8.939107418060303,1,,0.0,0.3,0.0,-0.00643100940979494,0.0067860653315951905,-0.014155954626481426,-0.18,0.18,1.0
8.939107418060303,1,,0.0,0.3,0.0,-0.012645387806802766,-0.006967424033788854,-0.012727282211305426,-0.18,0.18,1.0
8.939107418060303,1,,0.0,0.3,0.0,-0.006793732683295986,-0.022320452572153867,-0.0069251679967062656,-0.18,0.18,1.0
8.939107418060303,1,,0.0,0.3,0.0,-0.008129487066215975,-0.029328943240888198,-0.006269037611399001,-0.18,0.18,1.0
8.939107418060303,1,,0.0,0.3,0.0,-0.005185969748666534,-0.0358860841120494,-0.0004574993070970422,-0.18,0.18,1.0
8.939107418060303,1,,0.0,0.3,0.0,-0.0022751556713175875,-0.04024467438597051,0.001295477424423172,-0.18,0.18,1.0
8.939107418060303,1,,0.0,0.3,0.0,0.006519299997521263,-0.027307140960158183,-0.007241610338406885,-0.18,0.18,1.0
8.939107418060303,1,,0.0,0.3,0.0,0.006909318252223918,-0.03037265230057103,-0.005376043535673822,-0.18,0.18,1.0
8.939107418060303,1,,0.0,0.3,0.0,-0.004749361833214981,-0.04223514892769306,-0.003625547460548114,-0.18,0.18,1.0
8.939107418060303,1,,0.0,0.3,0.0,-0.009420829563613321,-0.04280580811222486,-0.005728695802149713,-0.18,0.18,1.0
8.97939920425415,1,,0.0,0.3,0.0,-0.008255237210247944,-0.05118763355346996,-0.00990293689524535,-0.18,0.18,1.0
8.97939920425415,1,,0.0,0.3,0.0,-0.007905765055272095,-0.048111339618244015,-0.01253462043406569,-0.18,0.18,1.0
8.97939920425415,1,,0.0,0.3,0.0,-0.01574463183567978,-0.03991238225789066,-0.011825959614347483,-0.18,0.18,1.0
8.97939920425415,1,,0.0,0.3,0.0,-0.007850655230174015,-0.02585501660873462,-0.004319357114722994,-0.18,0.18,1.0
8.97939920425415,1,,0.0,0.3,0.0,-0.018940577228393214,-0.026076993636591005,-0.011178296590003255,-0.18,0.18,1.0
8.97939920425415,1,,0.0,0.3,0.0,-0.017989416915843826,-0.01923835607185907,-0.007803762542424946,-0.18,0.18,1.0
8.97939920425415,1,,0.0,0.3,0.0,-0.0047480786989306,-0.0224977843923602,0.0021234203055193737,-0.18,0.18,1.0
8.97939920425415,1,,0.0,0.3,0.0,-0.009962265583390235,-0.03136844504126494,-0.0005840899368773293,-0.18,0.18,1.0
8.97939920425415,1,,0.0,0.3,0.0,-0.007708216539047776,-0.04054293509169296,0.0024025363670051245,-0.18,0.18,1.0
8.97939920425415,1,,0.0,0.3,0.0,-0.010806626538956638,-0.04621984471943538,0.005617616461888357,-0.18,0.18,1.0
9.029792308807373,1,,0.0,0.4,0.0,-0.011182052526483544,-0.047462732664749686,0.007075177830434694,-0.18,0.18,1.0
9.029792308807373,1,,0.0,0.4,0.0,-0.009099715688352964,-0.028350421127972755,0.0036270907048988753,-0.18,0.18,1.0
9.029792308807373,1,,0.0,0.4,0.0,-0.016572730610563267,-0.005688049935444098,-0.0015498923945524113,-0.18,0.18,1.0
9.029792308807373,1,,0.0,0.4,0.0,-0.010370958169510665,-0.00010141547572676471,0.0026537877538091786,-0.18,0.18,1.0
9.029792308807373,1,,0.0,0.4,0.0,0.004860206007327216,-0.016391601256568796,0.005637819812927646,-0.18,0.18,1.0
9.029792308807373,1,,0.0,0.4,0.0,-0.00682523675295768,-0.025796319342423026,0.0028611466497290767,-0.18,0.18,1.0
9.029792308807373,1,,0.0,0.4,0.0,-0.007798881212624913,-0.016839607138447597,0.00012312180698398754,-0.18,0.18,1.0
9.029792308807373,1,,0.0,0.4,0.0,-0.020689428897652698,-0.026636026136110352,0.00035446029202736303,-0.18,0.18,1.0
9.029792308807373,1,,0.0,0.4,0.0,-0.003208556993313537,-0.03204861701524411,-0.0030929055355958484,-0.18,0.18,1.0
9.029792308807373,1,,0.0,0.4,0.0,-0.015329424687967691,-0.02101988228509881,-0.002204159188599635,-0.18,0.18,1.0
9.070113182067871,1,,0.0,0.4,0.0,-0.023598078741407433,0.0027183670269857645,-0.0043420758741796305,-0.18,0.18,1.0
9.070113182067871,1,,0.0,0.4,0.0,-0.007244726043859182,-0.014844674681536763,-0.0005817402750034898,-0.18,0.18,1.0
9.070113182067871,1,,0.0,0.4,0.0,-0.02107680139484665,-0.02764186545047494,0.002411898348213718,-0.18,0.18,1.0
9.070113182067871,1,,0.0,0.4,0.0,-0.013893770775816262,-0.0025758918583339836,0.0012306420993902802,-0.18,0.18,1.0
9.070113182067871,1,,0.0,0.4,0.0,-0.010371994197156462,-0.016342151622357054,0.002430878377210736,-0.18,0.18,1.0
9.070113182067871,1,,0.0,0.4,0.0,-0.0031920957891897325,-0.02820966693495993,-6.994108490747587e-05,-0.18,0.18,1.0
9.070113182067871,1,,0.0,0.4,0.0,0.01253146858951179,-0.035944390339426424,-0.005562553740869869,-0.18,0.18,1.0
9.070113182067871,1,,0.0,0.4,0.0,0.0007098011133188424,-0.03228130097626927,-0.002082682759764626,-0.18,0.18,1.0
9.070113182067871,1,,0.0,0.4,0.0,0.002884244319768794,-0.020348882179679662,-0.001788292544801783,-0.18,0.18,1.0
9.070113182067871,1,,0.0,0.4,0.0,-0.0017185573511235206,0.004003020236881951,-0.011191222092112383,-0.18,0.18,1.0
9.110450983047485,1,,0.0,0.4,0.0,0.0020059401934876884,-0.002857949456854008,-0.01286763405905764,-0.18,0.18,1.0
9.110450983047485,1,,0.0,0.4,0.0,-0.005857112728471944,-0.013555612281453315,-0.009785942819188296,-0.18,0.18,1.0
9.110450983047485,1,,0.0,0.4,0.0,0.0024999299483957297,-0.024635881805403898,-0.0029511389190525488,-0.18,0.18,1.0
9.110450983047485,1,,0.0,0.4,0.0,0.0027620926771013774,-0.007494348687859759,-0.006708545934478179,-0.18,0.18,1.0
9.110450983047485,1,,0.0,0.4,0.0,-0.0025708709140299874,-0.0025635375436964167,0.0012850634059580258,-0.18,0.18,1.0
9.110450983047485,1,,0.0,0.4,0.0,-0.004812448806487573,-0.018933709344856987,0.003564051301857626,-0.18,0.18,1.0
9.110450983047485,1,,0.0,0.4,0.0,-0.013687152090172234,-0.035192352835991474,0.001093887990848361,-0.18,0.18,1.0
9.110450983047485,1,,0.0,0.4,0.0,-0.0013501186656277317,-0.04213703919277948,0.004055369670004643,-0.18,0.18,1.0
9.110450983047485,1,,0.0,0.4,0.0,-0.015328669236412731,-0.028052444768061686,0.0021855907071974363,-0.18,0.18,1.0
9.110450983047485,1,,0.0,0.4,0.0,-0.010710184870293333,-0.013200554176667486,-0.0024868101752962756,-0.18,0.18,1.0
9.16085433959961,1,,0.0,0.4,0.0,0.00027387085427294807,-0.009344498977349647,0.001937269886787398,-0.18,0.18,1.0
9.16085433959961,1,,0.0,0.4,0.0,-0.015506648572336914,-0.02906075954471256,0.00754619861996457,-0.18,0.18,1.0
9.16085433959961,1,,0.0,0.4,0.0,-0.004764859575436967,-0.0038335289175037814,0.004341909176529688,-0.18,0.18,1.0
9.16085433959961,1,,0.0,0.4,0.0,-0.020762652023317514,0.013677230960956362,0.006854667801553397,-0.18,0.18,1.0
9.16085433959961,1,,0.0,0.4,0.0,-0.008955480182690012,0.008161622962967461,0.014469001190035129,-0.18,0.18,1.0
9.16085433959961,1,,0.0,0.4,0.0,0.0012901060681892737,0.0032055832060022354,0.0151748914731213,-0.18,0.18,1.0
9.16085433959961,1,,0.0,0.4,0.0,-0.017673995839643415,-0.02047957771550171,0.010730010295881144,-0.18,0.18,1.0
9.16085433959961,1,,0.0,0.4,0.0,0.00019646399112916587,-0.023939399893881753,0.0007055737875382644,-0.18,0.18,1.0
9.16085433959961,1,,0.0,0.4,0.0,-0.005849765401001626,-0.01422027522992398,-0.006082570002172154,-0.18,0.18,1.0
9.201172113418579,1,,0.0,0.4,0.0,-0.011385329428545784,-0.013020787625504177,-0.006285753120653568,-0.18,0.18,1.0
9.201172113418579,1,,0.0,0.4,0.0,-0.011457282264034056,0.0030566179575565603,-0.008280118420672436,-0.18,0.18,1.0
9.201172113418579,1,,0.0,0.4,0.0,-0.007839766864501191,0.011000722013723301,-0.0077889221013331756,-0.18,0.18,1.0
9.201172113418579,1,,0.0,0.4,0.0,-0.006756492628592866,0.021736149566959174,-0.0068647621523290105,-0.18,0.18,1.0
9.201172113418579,1,,0.0,0.4,0.0,-0.010014902189333173,0.026819215572918133,-0.004484395113202439,-0.18,0.18,1.0
9.201172113418579,1,,0.0,0.4,0.0,-0.011716650460977621,0.02920791249685084,-0.005086291805896506,-0.18,0.18,1.0
9.201172113418579,1,,0.0,0.4,0.0,-0.010935462313483118,0.026790510679171188,0.00226176636687732,-0.18,0.18,1.0
9.201172113418579,1,,0.0,0.4,0.0,-0.013404014155948189,0.03449091490440835,0.0005447583841783081,-0.18,0.18,1.0
9.201172113418579,1,,0.0,0.4,0.0,-0.01039853564944741,0.026706424142283094,0.0043993461189911955,-0.18,0.18,1.0
9.201172113418579,1,,0.0,0.4,0.0,-0.015013878360669407,0.028453225203858477,-0.00399691140886395,-0.18,0.18,1.0
9.241480350494385,1,,0.0,0.4,0.0,-0.010135032760012312,0.025050494654078576,-0.0018991100785447931,-0.18,0.18,1.0
9.241480350494385,1,,0.0,0.4,0.0,-0.009484924428448116,0.025985015515561247,-0.0038490603917154787,-0.18,0.18,1.0
9.241480350494385,1,,0.0,0.4,0.0,-0.01703896592760646,0.028120942665782276,-0.014409972697936547,-0.18,0.18,1.0
9.241480350494385,1,,0.0,0.4,0.0,-0.014532024970389077,0.00993620121736495,-0.0035870185263826918,-0.18,0.18,1.0
9.241480350494385,1,,0.0,0.4,0.0,-0.003256753065356295,-0.014350432190302008,-0.006201707114933255,-0.18,0.18,1.0
9.241480350494385,1,,0.0,0.4,0.0,-0.007198351956818381,-0.013439018471553467,-0.011909567040884863,-0.18,0.18,1.0
9.241480350494385,1,,0.0,0.4,0.0,0.0011006974037584029,-0.006790578779497931,-0.015192262721295844,-0.18,0.18,1.0
9.241480350494385,1,,0.0,0.4,0.0,-0.010280703462173081,-0.0033806146038016377,-0.004276035398585375,-0.18,0.18,1.0
9.241480350494385,1,,0.0,0.4,0.0,-0.0005271704876055205,-0.02071591012366127,-0.002404076269880165,-0.18,0.18,1.0
9.241480350494385,1,,0.0,0.4,0.0,-0.004343780698279778,-0.033211358737423056,0.0016323225416614228,-0.18,0.18,1.0
9.281777620315552,1,,0.0,0.4,0.0,-0.008931771768871931,-0.022384603970633726,-0.005633934254902099,-0.18,0.18,1.0
9.281777620315552,1,,0.0,0.4,0.0,-0.006194757943594643,-0.016224200794714413,-0.0012157752885371903,-0.18,0.18,1.0
9.281777620315552,1,,0.0,0.4,0.0,-0.006778508467791631,0.00427463151952724,-0.0036316212456385575,-0.18,0.18,1.0
9.281777620315552,1,,0.0,0.4,0.0,-0.004676697774808967,-0.0052474658668377255,-0.009827027967612744,-0.18,0.18,1.0
9.281777620315552,1,,0.0,0.4,0.0,-0.004813004811645217,-0.012357748521191881,-0.01019246452512068,-0.18,0.18,1.0
9.281777620315552,1,,0.0,0.4,0.0,-0.0033056921834745847,-0.02356080051501127,-0.010524683274959168,-0.18,0.18,1.0
9.281777620315552,1,,0.0,0.4,0.0,0.004451444663515849,-0.0339106117431224,-0.013857233740555802,-0.18,0.18,1.0
9.281777620315552,1,,0.0,0.4,0.0,-0.004044946745946308,-0.044251123292448166,-0.012746334254157003,-0.18,0.18,1.0
9.281777620315552,1,,0.0,0.4,0.0,-0.01114317222245013,-0.04008143693342717,-0.00590351521803525,-0.18,0.18,1.0
9.281777620315552,1,,0.0,0.4,0.0,-0.007761063524770781,-0.032651813992945054,-0.0067982459790122685,-0.18,0.18,1.0
9.332152605056763,1,,0.0,0.4,0.0,-0.01314120901588352,-0.03334265480675653,-0.011318344110381075,-0.18,0.18,1.0
9.332152605056763,1,,0.0,0.4,0.0,-0.004600775263337864,-0.017329758166099777,-0.010680216222821224,-0.18,0.18,1.0
9.332152605056763,1,,0.0,0.4,0.0,-0.004833056549686927,0.006025516668534254,-0.0036820945453323525,-0.18,0.18,1.0
9.332152605056763,1,,0.0,0.4,0.0,-0.0005592958353377253,0.010601132709102014,-0.003883429122271937,-0.18,0.18,1.0
9.332152605056763,1,,0.0,0.4,0.0,-0.004691810387719209,0.016717629279985415,-0.008570427692098733,-0.18,0.18,1.0
9.332152605056763,1,,0.0,0.4,0.0,0.002008220890093666,0.01382666054593946,0.003267943245732293,-0.18,0.18,1.0
9.332152605056763,1,,0.0,0.4,0.0,-0.0014020396509422158,-0.009490558006061463,0.004502806569952071,-0.18,0.18,1.0
9.332152605056763,1,,0.0,0.4,0.0,0.0028180570552581983,-0.01818994444460969,0.009034812188909697,-0.18,0.18,1.0
9.332152605056763,1,,0.0,0.4,0.0,5.11482184819804e-05,-0.025977814529844132,0.003705769239209168,-0.18,0.18,1.0
9.332152605056763,1,,0.0,0.4,0.0,0.0003400992256894386,-0.0373370775002801,0.0017187533423198029,-0.18,0.18,1.0
9.372435808181763,1,,0.0,0.4,0.0,0.0017176511110083097,-0.02802933816053181,0.0011725110990554832,-0.18,0.18,1.0
9.372435808181763,1,,0.0,0.4,0.0,-0.008452003778111984,-0.00881124318342941,0.0031692006507471667,-0.18,0.18,1.0
9.372435808181763,1,,0.0,0.4,0.0,-0.004575209069975045,-0.009123362173446423,-0.0008949855273267744,-0.18,0.18,1.0
9.372435808181763,1,,0.0,0.4,0.0,-0.002647156620332989,-0.003689894594870311,-0.008842718513955058,-0.18,0.18,1.0
9.372435808181763,1,,0.0,0.4,0.0,-0.003535608473768205,-0.007320131866156006,-0.007430314904826028,-0.18,0.18,1.0
9.372435808181763,1,,0.0,0.4,0.0,0.0012394298628369807,-0.024516149113411427,-0.00482659139377872,-0.18,0.18,1.0
9.372435808181763,1,,0.0,0.4,0.0,-0.004930250876343522,-0.03863663926246666,-0.009379465802276159,-0.18,0.18,1.0
9.372435808181763,1,,0.0,0.4,0.0,-0.008967910542447144,-0.0330224173239108,-0.0055699474048552305,-0.18,0.18,1.0
9.372435808181763,1,,0.0,0.4,0.0,-0.010586175247849973,-0.01637887259760635,0.0039042421359469504,-0.18,0.18,1.0
9.372435808181763,1,,0.0,0.4,0.0,-0.011104845081075735,-0.000261134669820993,-0.003077761278506086,-0.18,0.18,1.0
9.412767887115479,1,,0.0,0.4,0.0,0.00045752448499858703,0.00042242011535247964,-0.004942704745676578,-0.18,0.18,1.0
9.412767887115479,1,,0.0,0.4,0.0,0.0013414375520286314,-0.016300111717330982,-0.015600638279490642,-0.18,0.18,1.0
9.412767887115479,1,,0.0,0.4,0.0,-0.012816981274825579,-0.012287014818478152,-0.005352527992374037,-0.18,0.18,1.0
9.412767887115479,1,,0.0,0.4,0.0,-0.00899829197320698,-0.0013638595846704514,-0.005011444941825842,-0.18,0.18,1.0
9.412767887115479,1,,0.0,0.4,0.0,-0.004579636933737387,-0.015866143163483025,-0.011991409551250259,-0.18,0.18,1.0
9.412767887115479,1,,0.0,0.4,0.0,-0.008447923725223202,-0.031017037576242776,-0.00230232599818542,-0.18,0.18,1.0
9.412767887115479,1,,0.0,0.4,0.0,-0.015054808522896496,-0.03695888838825885,-0.012876330341994832,-0.18,0.18,1.0
9.412767887115479,1,,0.0,0.4,0.0,-0.003556308255917307,-0.02096186260097776,-0.009475018914609869,-0.18,0.18,1.0
9.412767887115479,1,,0.0,0.4,0.0,-0.011989062607961103,-0.007058219658385512,-0.015279720254124312,-0.18,0.18,1.0
9.412767887115479,1,,0.0,0.4,0.0,-0.00770372883257816,0.00535389394589866,-0.00840968204105464,-0.18,0.18,1.0
9.453086614608765,1,,0.0,0.4,0.0,-0.008837607654997925,0.0017097150261929516,-0.004052774887822613,-0.18,0.18,1.0
9.453086614608765,1,,0.0,0.4,0.0,-0.006178808040087476,-0.012433466243845103,-0.008080526656788972,-0.18,0.18,1.0
9.453086614608765,1,,0.0,0.4,0.0,-0.0003501060112812677,-0.02625177078020885,-0.00611039988291375,-0.18,0.18,1.0
9.453086614608765,1,,0.0,0.4,0.0,-0.007706573812707039,-0.005592376395979651,-0.006339169628324481,-0.18,0.18,1.0
9.453086614608765,1,,0.0,0.4,0.0,-0.009021959673872185,0.00653239905354378,-0.012058511956289538,-0.18,0.18,1.0
9.453086614608765,1,,0.0,0.4,0.0,-0.00703449451530552,0.0007127594925552587,-0.01279462216621561,-0.18,0.18,1.0
9.453086614608765,1,,0.0,0.4,0.0,-0.010688837970453054,-0.01033003069762423,-0.01494065210070574,-0.18,0.18,1.0
9.453086614608765,1,,0.0,0.4,0.0,-0.015655279439505433,-0.014424704827403094,-0.019169915067802218,-0.18,0.18,1.0
9.453086614608765,1,,0.0,0.4,0.0,-0.009230482919058307,-0.024303958655063646,-0.011550450980260644,-0.18,0.18,1.0
9.453086614608765,1,,0.0,0.4,0.0,-0.024113014115169203,-0.03828565241084848,-0.01098565201778555,-0.18,0.18,1.0
9.503508567810059,1,,0.0,0.4,0.0,-0.016254951313732054,-0.025516127310635996,-0.016882002674256807,-0.18,0.18,1.0
9.503508567810059,1,,0.0,0.4,0.0,-0.023635532298966654,-0.0032430789723756474,-0.019744021601175547,-0.18,0.18,1.0
9.503508567810059,1,,0.0,0.4,0.0,0.0022547076990785293,-0.02626869668723041,-0.01739904062256897,-0.18,0.18,1.0
9.503508567810059,1,,0.0,0.4,0.0,-0.011078338031922898,-0.030039133206346314,-0.01796309882725615,-0.18,0.18,1.0
9.503508567810059,1,,0.0,0.4,0.0,-0.00906092059980443,-0.02115929100761253,-0.012948194047939104,-0.18,0.18,1.0
9.503508567810059,1,,0.0,0.4,0.0,-0.01387548846312625,-0.025612959198880306,-0.004940318049665292,-0.18,0.18,1.0
9.503508567810059,1,,0.0,0.4,0.0,-0.009597461081752268,-0.010661938344304994,0.001471591257048229,-0.18,0.18,1.0
9.503508567810059,1,,0.0,0.4,0.0,-0.004184298463914179,-0.0030100786248004625,-0.005654512933280585,-0.18,0.18,1.0
9.503508567810059,1,,0.0,0.4,0.0,0.0032258394974829076,0.004980932471795799,-0.0025123437644386437,-0.18,0.18,1.0
9.503508567810059,1,,0.0,0.4,0.0,0.0025177817753923052,0.01959764844521675,-0.008456801608010267,-0.18,0.18,1.0
9.543834209442139,1,,0.0,0.4,0.0,0.009816485396296,0.013108098781919542,-0.010917707492289642,-0.18,0.18,1.0
9.543834209442139,1,,0.0,0.4,0.0,-0.0023747692380486148,-0.0025589174457333677,-0.012065244944317256,-0.18,0.18,1.0
9.543834209442139,1,,0.0,0.4,0.0,0.009879980806029604,-0.02707327193001056,-0.012161092558522135,-0.18,0.18,1.0
9.543834209442139,1,,0.0,0.4,0.0,0.008694837462209424,-0.026129277722609364,-0.008251959613487308,-0.18,0.18,1.0
9.543834209442139,1,,0.0,0.4,0.0,-0.007682896870650396,-0.03195813590203608,-0.013889148850545829,-0.18,0.18,1.0
9.543834209442139,1,,0.0,0.4,0.0,-0.0021359381567775506,-0.0370394308626006,-0.009503523400590424,-0.18,0.18,1.0
9.543834209442139,1,,0.0,0.4,0.0,-0.012700350632376841,-0.040764653111001886,-0.0066437695006065466,-0.18,0.18,1.0
9.543834209442139,1,,0.0,0.4,0.0,-0.014714956107719307,-0.02533144267245693,-0.00947630655590143,-0.18,0.18,1.0
9.543834209442139,1,,0.0,0.4,0.0,-0.004302225095536159,-0.005964607353799587,-0.008553576031720581,-0.18,0.18,1.0
9.543834209442139,1,,0.0,0.4,0.0,-0.004261998488349091,-0.008850360451648158,-0.01370246038538692,-0.18,0.18,1.0
9.584168434143066,1,,0.0,0.4,0.0,-0.004500990663141346,-0.0019721168042589523,-0.0119030334894507,-0.18,0.18,1.0
9.584168434143066,1,,0.0,0.4,0.0,-0.006655256869744235,0.009889752265864043,-0.007510188353729844,-0.18,0.18,1.0
9.584168434143066,1,,0.0,0.4,0.0,-0.011301507652972291,0.00347387243426343,-0.004204173145591868,-0.18,0.18,1.0
9.584168434143066,1,,0.0,0.4,0.0,-0.00925023595324351,-0.018216941622946677,-0.0084001645439912,-0.18,0.18,1.0
9.584168434143066,1,,0.0,0.4,0.0,-0.01702842381356189,-0.01665563510888945,-0.006295172384327616,-0.18,0.18,1.0
9.584168434143066,1,,0.0,0.4,0.0,-0.008423129374957828,-0.007616544353821754,-0.011131821334228804,-0.18,0.18,1.0
9.584168434143066,1,,0.0,0.4,0.0,-0.011083632047438176,-0.011464936086032449,-0.007363765137335039,-0.18,0.18,1.0
9.584168434143066,1,,0.0,0.4,0.0,-0.013498151375780386,-0.007650060141497784,-0.007312272968612284,-0.18,0.18,1.0
9.584168434143066,1,,0.0,0.4,0.0,-0.005514362618916071,-0.017053646885668603,-0.011564995393250744,-0.18,0.18,1.0
9.584168434143066,1,,0.0,0.4,0.0,-0.01427804518536068,-0.024568824935042127,-0.0063055758500207,-0.18,0.18,1.0
9.63454294204712,1,,0.0,0.4,0.0,0.0031659028475949777,-0.03923001666642615,-0.008865575054906209,-0.18,0.18,1.0
9.63454294204712,1,,0.0,0.4,0.0,-0.005778996806538657,-0.03914020328998608,-0.00024455269638354164,-0.18,0.18,1.0
9.63454294204712,1,,0.0,0.4,0.0,-0.007967448445771944,-0.016052710051574555,-0.004539880560806168,-0.18,0.18,1.0
9.63454294204712,1,,0.0,0.4,0.0,-0.0021507445702186436,0.003411111255667348,-0.004502590214026553,-0.18,0.18,1.0
9.63454294204712,1,,0.0,0.4,0.0,-0.00893186234367759,-0.010766536106266685,-0.012294111322776283,-0.18,0.18,1.0
9.63454294204712,1,,0.0,0.4,0.0,-0.0012603940169611796,-0.017526716935531164,-0.004840339387266759,-0.18,0.18,1.0
9.63454294204712,1,,0.0,0.4,0.0,-0.0071440341168720846,-0.019330002727854206,-0.006291604852472156,-0.18,0.18,1.0
9.63454294204712,1,,0.0,0.4,0.0,-0.005199427771317101,0.006256182000975916,-0.008505015686407071,-0.18,0.18,1.0
9.63454294204712,1,,0.0,0.4,0.0,-0.007868422566071334,0.0181594518168341,-0.011714844151939519,-0.18,0.18,1.0
9.63454294204712,1,,0.0,0.4,0.0,-0.0034756934268671464,0.01910900006455562,-0.015559520759669224,-0.18,0.18,1.0
9.674845933914185,1,,0.0,0.4,0.0,-0.012554727998308094,0.022106483670038264,-0.010477143853813835,-0.18,0.18,1.0
9.674845933914185,1,,0.0,0.4,0.0,-0.0007531334810270063,0.0066521396151709156,-0.00670321866963395,-0.18,0.18,1.0
9.674845933914185,1,,0.0,0.4,0.0,0.006819452148703176,0.012973806702450534,-0.008884471987964531,-0.18,0.18,1.0
9.674845933914185,1,,0.0,0.4,0.0,0.00023234293014182242,0.007464892524802858,-0.011199476991192453,-0.18,0.18,1.0
9.674845933914185,1,,0.0,0.4,0.0,0.00939274065119186,0.004285893877914875,-0.011310349820625688,-0.18,0.18,1.0
9.674845933914185,1,,0.0,0.4,0.0,0.017782405779816268,0.013404397990359775,-0.01223628419418249,-0.18,0.18,1.0
9.674845933914185,1,,0.0,0.4,0.0,-0.003179373828185446,0.0006092309171475545,-0.007456395407012183,-0.18,0.18,1.0
9.674845933914185,1,,0.0,0.4,0.0,-0.00310649026630118,0.0021780963296650383,-0.009674157231869228,-0.18,0.18,1.0
9.674845933914185,1,,0.0,0.4,0.0,-0.006300924480203598,-0.020747095029985126,-0.007680516178788457,-0.18,0.18,1.0
9.674845933914185,1,,0.0,0.4,0.0,-0.0224012436500669,-0.0352969914314481,-0.009349569824789565,-0.18,0.18,1.0
9.715162515640259,1,,0.0,0.4,0.0,-0.00047527586908450455,-0.028541770031235612,-0.008431131481487735,-0.18,0.18,1.0
9.715162515640259,1,,0.0,0.4,0.0,0.006307298215145052,-0.015150861628721464,-0.006344459487139169,-0.18,0.18,1.0
9.715162515640259,1,,0.0,0.4,0.0,-0.0033472189712841637,0.0004437835789473412,-0.0050071561303842264,-0.18,0.18,1.0
9.715162515640259,1,,0.0,0.4,0.0,-0.002859282084343868,-0.01148974220504753,-0.0028570797647922692,-0.18,0.18,1.0
9.715162515640259,1,,0.0,0.4,0.0,-0.0019485960577243636,-0.013907177299618429,-0.008808703897628648,-0.18,0.18,1.0
9.715162515640259,1,,0.0,0.4,0.0,-0.010812099690874316,0.003652878471184604,-0.010461164614225395,-0.18,0.18,1.0
9.715162515640259,1,,0.0,0.4,0.0,-0.008129565700294609,0.0030857973681608416,-0.010011495607711635,-0.18,0.18,1.0
9.715162515640259,1,,0.0,0.4,0.0,-0.0018521955691022964,-0.009407792970615295,-0.004434558383510187,-0.18,0.18,1.0
9.715162515640259,1,,0.0,0.4,0.0,0.0074138883821893466,0.0035707162265958222,0.0022217516945743365,-0.18,0.18,1.0
9.755470991134644,1,,0.0,0.4,0.0,-0.0006149136089890635,-0.008560458290188176,0.007236155137635788,-0.18,0.18,1.0
9.755470991134644,1,,0.0,0.4,0.0,-0.017832277943647907,-0.0034010125184159587,0.0069682726611714025,-0.18,0.18,1.0
9.755470991134644,1,,0.0,0.4,0.0,-0.005250580795620523,0.00279554124164636,0.006828481031780524,-0.18,0.18,1.0
9.755470991134644,1,,0.0,0.4,0.0,-0.011022198099101887,-0.027708249017616274,0.0020335007919169467,-0.18,0.18,1.0
9.755470991134644,1,,0.0,0.4,0.0,0.0015298771645002884,-0.005687662615041592,0.0010997115020117763,-0.18,0.18,1.0
9.755470991134644,1,,0.0,0.4,0.0,0.0018300616516851542,0.011284039301763178,-0.01041851575314887,-0.18,0.18,1.0
9.755470991134644,1,,0.0,0.4,0.0,5.0298316457368216e-05,0.003826373771689614,-0.00834586758259522,-0.18,0.18,1.0
9.755470991134644,1,,0.0,0.4,0.0,0.008980735489061814,-0.007548686217529267,-0.012599173380659323,-0.18,0.18,1.0
9.755470991134644,1,,0.0,0.4,0.0,-0.0018063333053024236,-0.016751471523979218,-0.005737022174841845,-0.18,0.18,1.0
9.755470991134644,1,,0.0,0.4,0.0,-0.021049402981512835,-0.008800524981246737,-0.008467491178885463,-0.18,0.18,1.0
9.80582332611084,1,,0.0,0.4,0.0,-0.000898973746698164,0.002443656561518885,-0.008070041423976316,-0.18,0.18,1.0
9.80582332611084,1,,0.0,0.4,0.0,0.0016014863125534387,-0.010479714305395635,-0.010173445391991992,-0.18,0.18,1.0
9.80582332611084,1,,0.0,0.4,0.0,0.0159768246804546,-0.025353540629014473,-0.011789267109991234,-0.18,0.18,1.0
9.80582332611084,1,,0.0,0.4,0.0,0.0017367489011857265,-0.023182938947887238,-0.011981003552031001,-0.18,0.18,1.0
9.80582332611084,1,,0.0,0.4,0.0,-0.007632795413686056,-0.008478173208558802,-0.005651942291207787,-0.18,0.18,1.0
9.80582332611084,1,,0.0,0.4,0.0,-0.0025584409003820262,-0.0046005959419675455,-0.0015973068442043463,-0.18,0.18,1.0
9.80582332611084,1,,0.0,0.4,0.0,-0.012008820895413904,0.004435387468004429,-0.0029166207557038666,-0.18,0.18,1.0
9.80582332611084,1,,0.0,0.4,0.0,-0.007946025189392135,0.016851579084218634,-0.008256698403050816,-0.18,0.18,1.0
9.80582332611084,1,,0.0,0.4,0.0,-0.013370712331997164,0.013960704258079396,-0.005196046843329979,-0.18,0.18,1.0
9.80582332611084,1,,0.0,0.4,0.0,-0.019207857928331892,-0.005177659532636378,-0.011440684761595151,-0.18,0.18,1.0
9.846148490905762,1,,0.0,0.4,0.0,-0.0274095687475806,-0.01774176364315502,-0.013341992572598351,-0.18,0.18,1.0
9.846148490905762,1,,0.0,0.4,0.0,-0.01071230153561844,-0.005292744703348489,-0.01762435380223807,-0.18,0.18,1.0
9.846148490905762,1,,0.0,0.4,0.0,-0.020605341525815436,-0.01606708028297493,-0.011889148796075003,-0.18,0.18,1.0
9.846148490905762,1,,0.0,0.4,0.0,-0.010275331602889837,-0.028234521160945818,-0.01666671781658709,-0.18,0.18,1.0
9.846148490905762,1,,0.0,0.4,0.0,-0.022564577552269142,-0.013602402911354733,-0.01477683260325214,-0.18,0.18,1.0
9.846148490905762,1,,0.0,0.4,0.0,-0.013663542181251858,-0.0012429155595090158,-0.004630634697495988,-0.18,0.18,1.0
9.846148490905762,1,,0.0,0.4,0.0,-0.0051656395877891625,0.009382250235412913,-0.010110070951868153,-0.18,0.18,1.0
9.846148490905762,1,,0.0,0.4,0.0,-0.01604822563457082,0.01019636563407034,-0.009394725318481307,-0.18,0.18,1.0
9.846148490905762,1,,0.0,0.4,0.0,-0.00673161899369278,0.013845477601952984,-0.008877534025557902,-0.18,0.18,1.0
9.846148490905762,1,,0.0,0.4,0.0,-0.019011243793277465,0.010374536705793325,-0.009500381376148271,-0.18,0.18,1.0
9.886461019515991,1,,0.0,0.4,0.0,-0.004387949589162663,-0.013681328389384743,-0.006784877975949268,-0.18,0.18,1.0
9.886461019515991,1,,0.0,0.4,0.0,-0.009437819658303422,-0.005765533894174827,-0.00897247188829401,-0.18,0.18,1.0
9.886461019515991,1,,0.0,0.4,0.0,0.00443890597224359,0.011282387940874886,-0.009025822386951595,-0.18,0.18,1.0
9.886461019515991,1,,0.0,0.4,0.0,-0.012225709446995935,0.01568735428060666,-0.007425994874255931,-0.18,0.18,1.0
9.886461019515991,1,,0.0,0.4,0.0,-0.00881633598034126,-0.0036529426482761313,-0.01136054923238871,-0.18,0.18,1.0
9.886461019515991,1,,0.0,0.4,0.0,-0.017968999159783058,-0.020866377821257737,-0.008774484471124885,-0.18,0.18,1.0
9.886461019515991,1,,0.0,0.4,0.0,-0.005974732879023282,-0.028568389258020913,-0.0006858105344320573,-0.18,0.18,1.0
9.886461019515991,1,,0.0,0.4,0.0,-0.022299857899753663,-0.03986930614756944,-0.003908617629816461,-0.18,0.18,1.0
9.886461019515991,1,,0.0,0.4,0.0,-0.027248044720699773,-0.03279727236338135,-0.0023752425326834664,-0.18,0.18,1.0
9.886461019515991,1,,0.0,0.4,0.0,-0.029827066000621835,-0.034194376856551835,-0.0065936783115360656,-0.18,0.18,1.0
9.926779508590698,1,,0.0,0.4,0.0,-0.012638908863935164,-0.028771056178213145,-0.0141843790414531,-0.18,0.18,1.0
9.926779508590698,1,,0.0,0.4,0.0,-0.021156911101324734,-0.00967124927124875,-0.009911524902385076,-0.18,0.18,1.0
9.926779508590698,1,,0.0,0.4,0.0,-0.0029166896519079847,-0.014820917017055847,-0.0040329687314127225,-0.18,0.18,1.0
9.926779508590698,1,,0.0,0.4,0.0,-0.013340115650549943,-0.032687177732468466,-0.006906828996295184,-0.18,0.18,1.0
9.926779508590698,1,,0.0,0.4,0.0,-0.008273998234904083,-0.03808745948319041,-0.008199584817650159,-0.18,0.18,1.0
9.926779508590698,1,,0.0,0.4,0.0,-0.011572134823291103,-0.037900527183490726,-0.01783523420829491,-0.18,0.18,1.0
9.926779508590698,1,,0.0,0.4,0.0,-0.018205886727662365,-0.044304730562660155,-0.01670881789528575,-0.18,0.18,1.0
9.926779508590698,1,,0.0,0.4,0.0,-0.0034669036754944576,-0.049048575276163874,-0.009851722928039944,-0.18,0.18,1.0
9.926779508590698,1,,0.0,0.4,0.0,-0.010297282524411325,-0.0387718550191105,-0.005881188022724701,-0.18,0.18,1.0
9.926779508590698,1,,0.0,0.4,0.0,-0.0027445752506891734,-0.019417259960496088,-0.006819137050692968,-0.18,0.18,1.0
9.977144479751587,1,,0.0,0.4,0.0,0.006035946826419105,-0.0037841320172762394,-0.01028100090578483,-0.18,0.18,1.0
9.977144479751587,1,,0.0,0.4,0.0,-0.008618662145305905,-0.012689564725632459,-0.009346528212459251,-0.18,0.18,1.0
9.977144479751587,1,,0.0,0.4,0.0,-0.006850103511405431,-0.02884295708301771,-0.006492387793550876,-0.18,0.18,1.0
9.977144479751587,1,,0.0,0.4,0.0,-0.006592350136648765,-0.03944407731395661,-0.005603075077742936,-0.18,0.18,1.0
9.977144479751587,1,,0.0,0.4,0.0,-0.020502772452173235,-0.043852527936467996,-0.008158397825667386,-0.18,0.18,1.0
9.977144479751587,1,,0.0,0.4,0.0,-0.02224702342952885,-0.020056246228123305,-0.006522806755618346,-0.18,0.18,1.0
9.977144479751587,1,,0.0,0.4,0.0,-0.02962895205502352,0.0012349588145099035,-0.008590942746041401,-0.18,0.18,1.0
9.977144479751587,1,,0.0,0.4,0.0,-0.014450750395539442,0.006124426985112433,-0.005635543232262723,-0.18,0.18,1.0
9.977144479751587,1,,0.0,0.4,0.0,-0.008030678793908579,0.012417912285769096,-0.00424468670810781,-0.18,0.18,1.0
9.977144479751587,1,,0.0,0.4,0.0,-0.010279661652741875,-0.018230393329521973,-0.007852536388255133,-0.18,0.18,1.0
10.017451047897339,1,,0.0,0.4,0.0,-0.019649415512607057,-0.023400803740583044,-0.0034214459259943723,-0.18,0.18,1.0
10.017451047897339,1,,0.0,0.4,0.0,-0.008676027204030167,-0.036263560464480094,-0.004800707611038398,-0.18,0.18,1.0
10.017451047897339,1,,0.0,0.4,0.0,-0.0026665708561999556,-0.03653799231097642,-0.014771233109087052,-0.18,0.18,1.0
10.017451047897339,1,,0.0,0.4,0.0,-0.018058043410306514,-0.019495002518957343,-0.011579680068568625,-0.18,0.18,1.0
10.017451047897339,1,,0.0,0.4,0.0,-0.013049070214483514,-0.0017598878951422048,-0.015257248186374554,-0.18,0.18,1.0
10.017451047897339,1,,0.0,0.4,0.0,-0.010123914229152231,0.0005811560566931224,-0.007542422820632934,-0.18,0.18,1.0
10.017451047897339,1,,0.0,0.4,0.0,-0.013697712359944766,-0.012050952014418472,-0.007694846425097399,-0.18,0.18,1.0
10.017451047897339,1,,0.0,0.4,0.0,-0.012388710212206826,-0.028272190241679034,-0.005881715818579802,-0.18,0.18,1.0
10.017451047897339,1,,0.0,0.4,0.0,-0.012618095284343687,-0.03321053166611452,0.0017863025861568585,-0.18,0.18,1.0
10.017451047897339,1,,0.0,0.4,0.0,-0.01079471700553123,-0.03496006240735343,0.0013278248361646586,-0.18,0.18,1.0
10.057744979858398,1,,0.0,0.4,0.0,-0.0008866627668108374,-0.03248094833253082,0.0038918293577799713,-0.18,0.18,1.0
10.057744979858398,1,,0.0,0.4,0.0,-0.0029025370425497738,-0.03246183437102265,-0.004600500779418282,-0.18,0.18,1.0
10.057744979858398,1,,0.0,0.4,0.0,-0.004058154871009437,-0.023635471867935395,-0.007070180760845301,-0.18,0.18,1.0
10.057744979858398,1,,0.0,0.4,0.0,-0.009920118726152657,-0.035684115839483915,-0.010104707407035948,-0.18,0.18,1.0
10.057744979858398,1,,0.0,0.4,0.0,-0.0010473964699157312,-0.03855708472236353,-0.011707461980789369,-0.18,0.18,1.0
10.057744979858398,1,,0.0,0.4,0.0,-0.002741201615317725,-0.027905821765300196,-0.012496951556503814,-0.18,0.18,1.0
10.057744979858398,1,,0.0,0.4,0.0,-0.000726801430684296,-0.01504231832441835,-0.011578604907524359,-0.18,0.18,1.0
10.057744979858398,1,,0.0,0.4,0.0,-0.0013898636962988713,-0.0015217225556264295,-0.009319365124969678,-0.18,0.18,1.0
10.057744979858398,1,,0.0,0.4,0.0,-0.012911106008410923,0.0159827503627638,-0.007435133874582026,-0.18,0.18,1.0
10.057744979858398,1,,0.0,0.4,0.0,-0.005384649707326418,0.016802009463905025,-0.012398435025411396,-0.18,0.18,1.0
10.108104228973389,1,,0.0,0.4,0.0,-0.004453011172033432,0.024884072748678633,-0.017570795818114736,-0.18,0.18,1.0
10.108104228973389,1,,0.0,0.4,0.0,-0.0040474812519383585,0.023052572367109614,-0.015070065190526944,-0.18,0.18,1.0
10.108104228973389,1,,0.0,0.4,0.0,-0.007226266124740852,0.022277558469981883,-0.0068606234016814266,-0.18,0.18,1.0
10.108104228973389,1,,0.0,0.4,0.0,-0.009842400648517357,0.013983021862757844,-0.0057578035230139565,-0.18,0.18,1.0
10.108104228973389,1,,0.0,0.4,0.0,-0.012571381987334375,0.00337517696240245,0.0012826150240142172,-0.18,0.18,1.0
10.108104228973389,1,,0.0,0.4,0.0,0.002407033573911157,0.0021105367793354244,-0.0025755121195413476,-0.18,0.18,1.0
10.108104228973389,1,,0.0,0.4,0.0,-0.0027880607114708473,0.0019742240506994617,0.0001990023905775821,-0.18,0.18,1.0
10.108104228973389,1,,0.0,0.4,0.0,0.0006709540246240183,-0.013509179174394736,-0.007639182795664312,-0.18,0.18,1.0
10.108104228973389,1,,0.0,0.4,0.0,4.843691089686428e-05,-0.022789794618862026,-0.007012192195161479,-0.18,0.18,1.0
10.108104228973389,1,,0.0,0.4,0.0,-0.004435110248867337,-0.024355864122478355,-0.009440815116988889,-0.18,0.18,1.0
10.148403406143188,1,,0.0,0.4,0.0,-0.0028579684992743413,-0.02238265541360484,-0.010093289409961874,-0.18,0.18,1.0
10.148403406143188,1,,0.0,0.4,0.0,-0.005683001404110722,-0.020129818003663785,-0.011168033012742381,-0.18,0.18,1.0
10.148403406143188,1,,0.0,0.4,0.0,-0.003998296319109894,-0.01641249678321917,-0.011956678562080408,-0.18,0.18,1.0
10.148403406143188,1,,0.0,0.4,0.0,-0.002374482355353204,0.002789797147037718,-0.008479442016532036,-0.18,0.18,1.0
10.148403406143188,1,,0.0,0.4,0.0,-0.013447286563888572,0.0019393174029656039,-0.013551209791333925,-0.18,0.18,1.0
10.148403406143188,1,,0.0,0.4,0.0,-0.014248103470022495,-0.014250573689555797,-0.012950042496955312,-0.18,0.18,1.0
10.148403406143188,1,,0.0,0.4,0.0,-0.006405862958479555,-0.02698306275823272,-0.011663675047540636,-0.18,0.18,1.0
10.148403406143188,1,,0.0,0.4,0.0,-0.014585842862478849,-0.0331434988194065,-0.013774285451506694,-0.18,0.18,1.0
10.148403406143188,1,,0.0,0.4,0.0,-0.004401403174181537,-0.025715658169424883,-0.008590535254147862,-0.18,0.18,1.0
10.148403406143188,1,,0.0,0.4,0.0,-0.006112554622641526,-0.010024157494703652,-0.009193451785520008,-0.18,0.18,1.0
10.188713788986206,1,,0.0,0.4,0.0,-0.00840586200313558,0.002683314335773424,-0.013324917094824062,-0.18,0.18,1.0
10.188713788986206,1,,0.0,0.4,0.0,-0.013588828240083122,0.018642602167869542,-0.003230012499979762,-0.18,0.18,1.0
10.188713788986206,1,,0.0,0.4,0.0,-0.0007661528377933412,0.01820106596540451,-0.005508820411722829,-0.18,0.18,1.0
10.188713788986206,1,,0.0,0.4,0.0,-0.0031357053485702954,-0.0003273340885267128,-0.006265283908887775,-0.18,0.18,1.0
10.188713788986206,1,,0.0,0.4,0.0,-0.010323307378168481,-0.0202151629249938,-0.0011161865413520365,-0.18,0.18,1.0
10.188713788986206,1,,0.0,0.4,0.0,-0.009397660492445637,-0.02087462408586921,-0.0015730528762975214,-0.18,0.18,1.0
10.188713788986206,1,,0.0,0.4,0.0,-0.021683523332732647,-0.016963131887245138,-0.004759994509793697,-0.18,0.18,1.0
10.188713788986206,1,,0.0,0.4,0.0,-0.010616847905927875,-0.003858791052175523,-0.0011750687454203817,-0.18,0.18,1.0
10.188713788986206,1,,0.0,0.4,0.0,-0.01384013597375109,0.012797715922328791,-0.0015318196959414887,-0.18,0.18,1.0
10.188713788986206,1,,0.0,0.4,0.0,-0.016775605073091625,0.02081802448436053,-0.0010665087287347799,-0.18,0.18,1.0
10.229027271270752,1,,0.0,0.4,0.0,-0.012342788540510144,0.02316514377412308,-0.010389542929666162,-0.18,0.18,1.0
10.229027271270752,1,,0.0,0.4,0.0,-0.002747684694886161,0.028377792191938034,-0.00723653898431405,-0.18,0.18,1.0
10.229027271270752,1,,0.0,0.4,0.0,-0.006244712012179685,0.030715258250733853,-0.010548067946075192,-0.18,0.18,1.0
10.229027271270752,1,,0.0,0.4,0.0,0.004517362866729367,0.034077462523437844,-0.010727827132830346,-0.18,0.18,1.0
10.229027271270752,1,,0.0,0.4,0.0,0.0008132153844541669,0.03441999796554622,-0.008339136989076703,-0.18,0.18,1.0
10.229027271270752,1,,0.0,0.4,0.0,-0.0009847270074175608,0.03439136564727679,-0.00496160757021239,-0.18,0.18,1.0
10.229027271270752,1,,0.0,0.4,0.0,-0.013574813329201069,0.021939321490023818,-0.0012154253238194422,-0.18,0.18,1.0
10.229027271270752,1,,0.0,0.4,0.0,0.00298094175622911,0.0241603553507997,-0.0006084340850339043,-0.18,0.18,1.0
10.229027271270752,1,,0.0,0.4,0.0,0.0019002575397547683,0.03242537772380228,0.00018738511930448638,-0.18,0.18,1.0
10.279406070709229,1,,0.0,0.4,0.0,0.0022224029123830173,0.03237388519137339,-0.0017809027183810012,-0.18,0.18,1.0
10.279406070709229,1,,0.0,0.4,0.0,0.004957597447265193,0.019713082904407753,-0.0026638900452512922,-0.18,0.18,1.0
10.279406070709229,1,,0.0,0.4,0.0,0.0034880453571885933,0.014730890348516509,-0.005118135553521141,-0.18,0.18,1.0
10.279406070709229,1,,0.0,0.4,0.0,-0.0059343797884305475,-0.006151454092208887,-0.008764681769673042,-0.18,0.18,1.0
10.279406070709229,1,,0.0,0.4,0.0,-0.0032284895095765335,-0.021459446156275434,-0.010292282207815967,-0.18,0.18,1.0
10.279406070709229,1,,0.0,0.4,0.0,-0.003637715583676549,-0.02878839833161952,-0.0044699841366316224,-0.18,0.18,1.0
10.279406070709229,1,,0.0,0.4,0.0,-0.014748019186861569,-0.027588201957077833,-0.0036625427785989856,-0.18,0.18,1.0
10.279406070709229,1,,0.0,0.4,0.0,-0.0017298673651837562,-0.00724171629186189,-0.0022167421425949496,-0.18,0.18,1.0
10.279406070709229,1,,0.0,0.4,0.0,-0.008662183148010524,-0.006308575590265245,-0.0033851679402710656,-0.18,0.18,1.0
10.279406070709229,1,,0.0,0.4,0.0,-0.009472179381507172,-0.01849327944352183,-0.0010760556841165096,-0.18,0.18,1.0
10.319746494293213,1,,0.0,0.4,0.0,-0.0034335265338365758,-0.03192360942051583,0.00042012074844235937,-0.18,0.18,1.0
10.319746494293213,1,,0.0,0.4,0.0,0.002019791241882238,-0.03931333402428076,-0.0029591552184887525,-0.18,0.18,1.0
10.319746494293213,1,,0.0,0.4,0.0,-0.008845270760140076,-0.04418880988434349,-0.00906396717663845,-0.18,0.18,1.0
10.319746494293213,1,,0.0,0.4,0.0,-0.0016488310730022502,-0.025817767987194807,-0.007111602438004729,-0.18,0.18,1.0
10.319746494293213,1,,0.0,0.4,0.0,-0.004586744354420117,-0.0023663371460875254,-0.002502230993261239,-0.18,0.18,1.0
10.319746494293213,1,,0.0,0.4,0.0,-0.010264774665627845,0.011402200219265602,-0.003516521488068988,-0.18,0.18,1.0
10.319746494293213,1,,0.0,0.4,0.0,-0.0021178503149682872,0.022412032332438298,-0.006464820138653803,-0.18,0.18,1.0
10.319746494293213,1,,0.0,0.4,0.0,0.003318185034185906,-0.004725797758780915,-0.009842773456386854,-0.18,0.18,1.0
10.319746494293213,1,,0.0,0.4,0.0,-0.011726807783109463,0.010516844655666645,-0.007591227099288495,-0.18,0.18,1.0
10.319746494293213,1,,0.0,0.4,0.0,-0.001269982482491012,0.018300441297000793,-0.0021424841926194513,-0.18,0.18,1.0
10.360056400299072,1,,0.0,0.4,0.0,-0.00581516320841341,0.0012493562853512716,-7.66127096135079e-05,-0.18,0.18,1.0
10.360056400299072,1,,0.0,0.4,0.0,0.0008579150787395981,-0.022154969267204182,-0.003006023678552819,-0.18,0.18,1.0
10.360056400299072,1,,0.0,0.4,0.0,-0.005105922085151419,-0.025729398996780728,0.0038964957227853947,-0.18,0.18,1.0
10.360056400299072,1,,0.0,0.4,0.0,-0.011029080382561233,-0.03737009719614679,0.0032349760575016554,-0.18,0.18,1.0
10.360056400299072,1,,0.0,0.4,0.0,-0.008045521436443891,-0.04821350369503126,-0.001964021899882041,-0.18,0.18,1.0
10.360056400299072,1,,0.0,0.4,0.0,-0.004780141421421282,-0.039458133077938676,0.0005818671291283314,-0.18,0.18,1.0
10.360056400299072,1,,0.0,0.4,0.0,-0.008151998781454145,-0.04296746168553912,-0.010352047377251592,-0.18,0.18,1.0
10.360056400299072,1,,0.0,0.4,0.0,0.0070992388816315324,-0.038011978101948396,-0.004923828163666673,-0.18,0.18,1.0
10.360056400299072,1,,0.0,0.4,0.0,-0.005551319744834019,-0.04075448243570354,0.0012823070861647723,-0.18,0.18,1.0
10.360056400299072,1,,0.0,0.4,0.0,-0.0012211440389787406,-0.03389802727895055,0.0019246272915865667,-0.18,0.18,1.0
10.400346517562866,1,,0.0,0.4,0.0,-0.016781655417170197,-0.039368843578209016,0.0008064634419460928,-0.18,0.18,1.0
10.400346517562866,1,,0.0,0.4,0.0,-0.018974970883441945,-0.045464341329713984,0.0017966028676024263,-0.18,0.18,1.0
10.400346517562866,1,,0.0,0.4,0.0,-0.02236103804505307,-0.044865420254198464,-0.00532358581342918,-0.18,0.18,1.0
10.400346517562866,1,,0.0,0.4,0.0,-0.010610690849621896,-0.04018626555468681,-0.008884809565670879,-0.18,0.18,1.0
10.400346517562866,1,,0.0,0.4,0.0,-0.023393597390311525,-0.03427178685099949,-0.013435179295042378,-0.18,0.18,1.0
10.400346517562866,1,,0.0,0.4,0.0,-0.01328416274093202,-0.04188061589519368,-0.005853719264692664,-0.18,0.18,1.0
10.400346517562866,1,,0.0,0.4,0.0,-0.012745214713740202,-0.04144104616641465,-0.006429764435005094,-0.18,0.18,1.0
10.400346517562866,1,,0.0,0.4,0.0,-0.00486820042453015,-0.026655516407845293,0.0025811321897831196,-0.18,0.18,1.0
10.400346517562866,1,,0.0,0.4,0.0,-0.015544489463535443,-0.0032736545780866952,0.008161028327664913,-0.18,0.18,1.0
10.400346517562866,1,,0.0,0.4,0.0,-0.0027165417465656438,-0.008354342922312902,0.006527145012390051,-0.18,0.18,1.0
10.450719356536865,1,,0.0,0.4,0.0,-0.0013289728705439853,-0.017331623909747403,0.005142637002576687,-0.18,0.18,1.0
10.450719356536865,1,,0.0,0.4,0.0,-0.0006792322611659325,-0.02592568760884183,0.004023988767048511,-0.18,0.18,1.0
10.450719356536865,1,,0.0,0.4,0.0,-0.0029091433821733493,-0.01832824135262436,-0.0065880169213478335,-0.18,0.18,1.0
10.450719356536865,1,,0.0,0.4,0.0,-0.008309895217130983,0.003407995394275126,-0.0069958368803365485,-0.18,0.18,1.0
10.450719356536865,1,,0.0,0.4,0.0,0.0059590437076948825,0.014649997588847052,0.0009639477105397331,-0.18,0.18,1.0
10.450719356536865,1,,0.0,0.4,0.0,0.005758449084232784,0.001663549249461382,-0.002069041031738932,-0.18,0.18,1.0
10.450719356536865,1,,0.0,0.4,0.0,-0.004385402018495449,-0.01418979095039268,-0.004594133002661649,-0.18,0.18,1.0
10.450719356536865,1,,0.0,0.4,0.0,-0.01257743598296807,-0.033173190423701655,-0.010794388232564213,-0.18,0.18,1.0
10.450719356536865,1,,0.0,0.4,0.0,-0.0015374747675604744,-0.03899269979172564,-0.011493536508618412,-0.18,0.18,1.0
10.450719356536865,1,,0.0,0.4,0.0,-0.011424706768042496,-0.023896446159029448,-0.005763971377952826,-0.18,0.18,1.0
10.491021156311035,1,,0.0,0.4,0.0,-0.02026251469073061,-0.0004162226915275096,-0.005241062736831515,-0.18,0.18,1.0
10.491021156311035,1,,0.0,0.4,0.0,-0.007109906380241575,-0.0021950959458335246,-0.006127557864924986,-0.18,0.18,1.0
10.491021156311035,1,,0.0,0.4,0.0,-0.014847819336748282,-0.013803193924733358,-0.005504609808649353,-0.18,0.18,1.0
10.491021156311035,1,,0.0,0.4,0.0,-0.0074453752361084,-0.015712677554342882,-0.0017734774771131748,-0.18,0.18,1.0
10.491021156311035,1,,0.0,0.4,0.0,-0.011422755933049176,-0.020202069249187615,-0.002243180763962881,-0.18,0.18,1.0
10.491021156311035,1,,0.0,0.4,0.0,-0.006356078645715461,-0.006377203294354793,-0.006953426823183909,-0.18,0.18,1.0
10.491021156311035,1,,0.0,0.4,0.0,-0.003886044757729019,0.008166084007413185,-0.009879644940912737,-0.18,0.18,1.0
10.491021156311035,1,,0.0,0.4,0.0,-0.002368128392411307,0.01785567979407405,-0.008404395446918383,-0.18,0.18,1.0
10.491021156311035,1,,0.0,0.4,0.0,-0.0026767514388470297,0.006625308509870619,-0.00945185312302558,-0.18,0.18,1.0
10.491021156311035,1,,0.0,0.4,0.0,-0.002165742132636701,-0.0017124597047804243,-0.0028507334789090403,-0.18,0.18,1.0
10.531322002410889,1,,0.0,0.4,0.0,-0.004318540843564447,-0.017602001033504587,-0.0014443301321154813,-0.18,0.18,1.0
10.531322002410889,1,,0.0,0.4,0.0,0.0033759371497723866,-0.0331685900203292,-0.0012782724498594503,-0.18,0.18,1.0
10.531322002410889,1,,0.0,0.4,0.0,-0.0027219140538024354,-0.03774199204591272,-0.0007511095526055854,-0.18,0.18,1.0
10.531322002410889,1,,0.0,0.4,0.0,-0.004047355577660423,-0.02577914822824858,0.0010451673890628397,-0.18,0.18,1.0
10.531322002410889,1,,0.0,0.4,0.0,-0.004563962532727394,-0.013646733150173465,-0.0009722470292265894,-0.18,0.18,1.0
10.531322002410889,1,,0.0,0.4,0.0,-0.011396262950508496,0.004268161729272448,-0.002007571899673913,-0.18,0.18,1.0
10.531322002410889,1,,0.0,0.4,0.0,-0.0029116077274466776,0.01667273349557883,-0.012552657635415618,-0.18,0.18,1.0
10.531322002410889,1,,0.0,0.4,0.0,-0.01247821180245007,0.020665486534891888,-0.002883716549287194,-0.18,0.18,1.0
10.531322002410889,1,,0.0,0.4,0.0,-0.019288385318719233,0.02566552213572146,-0.0074229468558568,-0.18,0.18,1.0
10.531322002410889,1,,0.0,0.4,0.0,-0.004086117176202025,0.022838444858640686,-0.009277398563326702,-0.18,0.18,1.0
10.581704378128052,1,,0.0,0.4,0.0,-0.004034186033888538,0.018365904825353847,-0.006925918348800967,-0.18,0.18,1.0
10.581704378128052,1,,0.0,0.4,0.0,-0.0005536511066648835,0.02262823176973341,-0.005304122647899366,-0.18,0.18,1.0
10.581704378128052,1,,0.0,0.4,0.0,0.0028652927078673418,0.022151138410861176,-0.009276631292517483,-0.18,0.18,1.0
10.581704378128052,1,,0.0,0.4,0.0,-0.003117433623840415,0.018771300447013233,0.0032656533143442393,-0.18,0.18,1.0
10.581704378128052,1,,0.0,0.4,0.0,-0.009547753822111118,0.00955650164087018,0.0029514554258048926,-0.18,0.18,1.0
10.581704378128052,1,,0.0,0.4,0.0,-0.006371609539775061,0.0029274176503091415,0.002455880276891211,-0.18,0.18,1.0
10.581704378128052,1,,0.0,0.4,0.0,0.003196511172976035,0.010808498020273203,-0.0011138190243695856,-0.18,0.18,1.0
10.581704378128052,1,,0.0,0.4,0.0,-0.007956285949678616,0.00936051314244941,-0.008235026566121455,-0.18,0.18,1.0
10.581704378128052,1,,0.0,0.4,0.0,0.0018257935970343068,-0.014401829603309331,-0.009352739233813504,-0.18,0.18,1.0
10.581704378128052,1,,0.0,0.4,0.0,-0.002320799326555432,-0.019293436441428752,0.002437596589012388,-0.18,0.18,1.0
10.622009515762329,1,,0.0,0.4,0.0,-0.011588950848843788,0.00017199611064080449,0.00046469021641967474,-0.18,0.18,1.0
10.622009515762329,1,,0.0,0.4,0.0,-0.006350804423098599,0.00802147957155944,-0.0018921923128365097,-0.18,0.18,1.0
10.622009515762329,1,,0.0,0.4,0.0,-0.001597940060727699,-0.0024196747192629887,-0.012926428659071103,-0.18,0.18,1.0
10.622009515762329,1,,0.0,0.4,0.0,-0.010253548553801962,-0.017500824897893258,-0.006524154785994308,-0.18,0.18,1.0
10.622009515762329,1,,0.0,0.4,0.0,-0.015136379818289723,-0.03374072424263872,-0.0030574709767284846,-0.18,0.18,1.0
10.622009515762329,1,,0.0,0.4,0.0,-0.008312737122703355,-0.0364937552847905,-0.002543050837596214,-0.18,0.18,1.0
10.622009515762329,1,,0.0,0.4,0.0,-0.011429833714843633,-0.018215139347066145,0.0035249131103690275,-0.18,0.18,1.0
10.622009515762329,1,,0.0,0.4,0.0,-0.00581800660844307,-0.02347244870161775,-0.003174701537420517,-0.18,0.18,1.0
10.622009515762329,1,,0.0,0.4,0.0,-0.010674758911335867,-0.005088140196726447,-0.010248036733482308,-0.18,0.18,1.0
10.622009515762329,1,,0.0,0.4,0.0,-0.002239001689048229,0.003763677045963105,-0.008382313364963208,-0.18,0.18,1.0
10.662304401397705,1,,0.0,0.4,0.0,-0.011577924227765265,-0.0017141386876288836,-0.012913789520484586,-0.18,0.18,1.0
10.662304401397705,1,,0.0,0.4,0.0,-0.005258957289486821,-0.007585295063872194,-0.004576784821709201,-0.18,0.18,1.0
10.662304401397705,1,,0.0,0.4,0.0,-0.003879540187517239,-0.025437353132698085,-0.005107845001518535,-0.18,0.18,1.0
10.662304401397705,1,,0.0,0.4,0.0,-0.0037483309060674236,-0.025653154175726455,-0.010322108216138683,-0.18,0.18,1.0
10.662304401397705,1,,0.0,0.4,0.0,-0.004283351230057284,-0.03404513604783062,-0.012921527429014165,-0.18,0.18,1.0
10.662304401397705,1,,0.0,0.4,0.0,-0.01323195275784916,-0.03475656925889115,-0.009140251201750379,-0.18,0.18,1.0
10.662304401397705,1,,0.0,0.4,0.0,-0.0032501607692614187,-0.015365709435373468,-0.0018680109183300013,-0.18,0.18,1.0
10.662304401397705,1,,0.0,0.4,0.0,-0.0022466254024324445,-0.025209667767000187,0.0015519539616522858,-0.18,0.18,1.0
10.662304401397705,1,,0.0,0.4,0.0,-0.0017320106182080093,-0.028748435561253373,0.00018986394638624964,-0.18,0.18,1.0
10.662304401397705,1,,0.0,0.4,0.0,-0.005192826068397689,-0.015201682093269185,0.0048302087928124415,-0.18,0.18,1.0
10.70259714126587,1,,0.0,0.4,0.0,-0.010341759269476863,0.0009080979765552663,0.007262530116836828,-0.18,0.18,1.0
10.70259714126587,1,,0.0,0.4,0.0,-0.0057600598444411686,-0.010412466437962408,0.0017154683165294061,-0.18,0.18,1.0
10.70259714126587,1,,0.0,0.4,0.0,-0.00030096013896456513,0.0006974244725584482,0.009539469536119142,-0.18,0.18,1.0
10.70259714126587,1,,0.0,0.4,0.0,-0.005382595144171615,-0.01902955854069852,0.005503724193794983,-0.18,0.18,1.0
10.70259714126587,1,,0.0,0.4,0.0,-0.0014949846775091041,-0.006922633517858921,-0.0033904737337941246,-0.18,0.18,1.0
10.70259714126587,1,,0.0,0.4,0.0,-0.005398072649220948,-0.010590695458843339,-0.0023447350329659344,-0.18,0.18,1.0
10.70259714126587,1,,0.0,0.4,0.0,-0.0025026369507949067,-0.022108939976359016,0.0027900572549635467,-0.18,0.18,1.0
10.70259714126587,1,,0.0,0.4,0.0,-0.013341306407319892,-0.007043658092420271,-0.002947888974738299,-0.18,0.18,1.0
10.70259714126587,1,,0.0,0.4,0.0,-0.014904752316224313,-0.016312153205741458,-0.00259576541369461,-0.18,0.18,1.0
10.70259714126587,1,,0.0,0.4,0.0,-0.017813328347468748,0.002369625304815555,0.0010404995065694523,-0.18,0.18,1.0
10.752972841262817,1,,0.0,0.4,0.0,-0.016493076704847714,-0.009685670166286417,-0.0008239530791842436,-0.18,0.18,1.0
10.752972841262817,1,,0.0,0.4,0.0,-0.007255617193603312,-0.008330370936662657,0.005051201772362847,-0.18,0.18,1.0
10.752972841262817,1,,0.0,0.4,0.0,-0.017584061522604326,0.002344227099630885,-0.005694698136770071,-0.18,0.18,1.0
10.752972841262817,1,,0.0,0.4,0.0,0.002887289312109449,-0.014326089915395955,-0.011529283980078615,-0.18,0.18,1.0
10.752972841262817,1,,0.0,0.4,0.0,0.0010097310834881995,-0.02007516701547071,-0.0068600898650401695,-0.18,0.18,1.0
10.752972841262817,1,,0.0,0.4,0.0,0.0020031602232150917,-0.021471894270162703,-0.007716380201276937,-0.18,0.18,1.0
10.752972841262817,1,,0.0,0.4,0.0,0.0064082757723766095,-0.003014772881894333,-0.009680856489127622,-0.18,0.18,1.0
10.752972841262817,1,,0.0,0.4,0.0,0.0012999446022637158,-0.016435055233866368,-0.010818667500425472,-0.18,0.18,1.0
10.752972841262817,1,,0.0,0.4,0.0,-0.010301388677292881,-0.03347366540462211,-0.015102363939274645,-0.18,0.18,1.0
10.752972841262817,1,,0.0,0.4,0.0,-0.005460600451361675,-0.017868901151430562,-0.009393686310920916,-0.18,0.18,1.0
10.7932608127594,1,,0.0,0.4,0.0,0.002865805399859983,-0.004580076673219314,-0.007766360069139636,-0.18,0.18,1.0
10.7932608127594,1,,0.0,0.4,0.0,0.0010948206444582856,-0.01966808150882715,-0.00664335652348169,-0.18,0.18,1.0
10.7932608127594,1,,0.0,0.4,0.0,-0.0004147851546683797,-0.01735833941515795,-0.0003156068378090146,-0.18,0.18,1.0
10.7932608127594,1,,0.0,0.4,0.0,-0.011547641043533308,-0.005454454093056237,-0.00609561833856832,-0.18,0.18,1.0
10.7932608127594,1,,0.0,0.4,0.0,-0.018643084891128106,-0.015112568053742876,0.0008579808577494699,-0.18,0.18,1.0
10.7932608127594,1,,0.0,0.4,0.0,-0.003991999764396049,-0.0273839775315802,-0.001332143153285491,-0.18,0.18,1.0
10.7932608127594,1,,0.0,0.4,0.0,-0.00923883166921856,-0.013502672307049119,-0.003998689522968239,-0.18,0.18,1.0
10.7932608127594,1,,0.0,0.4,0.0,-0.009479855919431054,0.0020463022903359643,-0.00040450351277103913,-0.18,0.18,1.0
10.7932608127594,1,,0.0,0.4,0.0,-0.0033749452671945064,0.014005453928874699,-0.0022213130566792055,-0.18,0.18,1.0
10.83357834815979,1,,0.0,0.4,0.0,-0.007885690392970992,-0.014539002916414443,-0.005508928051063902,-0.18,0.18,1.0
10.83357834815979,1,,0.0,0.4,0.0,-0.009426260495729318,-0.010264573887375306,-0.0010239988988686153,-0.18,0.18,1.0
10.83357834815979,1,,0.0,0.4,0.0,0.0009630080820623627,-0.028255959802655686,-0.0009360467029695632,-0.18,0.18,1.0
10.83357834815979,1,,0.0,0.4,0.0,-0.0034186503009204046,-0.04083268416905609,0.003131836655670047,-0.18,0.18,1.0
10.83357834815979,1,,0.0,0.4,0.0,-0.005574643429978835,-0.009334165831912166,-0.005432375016395367,-0.18,0.18,1.0
10.83357834815979,1,,0.0,0.4,0.0,-0.006616661559108927,-0.015201154320241073,-0.0011385113669739931,-0.18,0.18,1.0
10.83357834815979,1,,0.0,0.4,0.0,-0.003697863758065584,-0.011694532832160402,-0.009109982007722107,-0.18,0.18,1.0
10.83357834815979,1,,0.0,0.4,0.0,-0.0039733619742600215,-0.006196183347416879,-0.005409509911989679,-0.18,0.18,1.0
10.83357834815979,1,,0.0,0.4,0.0,0.0002090483076595089,-0.02088773097648761,-0.008666739040646144,-0.18,0.18,1.0
10.83357834815979,1,,0.0,0.4,0.0,-0.0010784616649871165,-0.03844378103251812,-0.005855287688654898,-0.18,0.18,1.0
10.873870849609375,1,,0.0,0.4,0.0,0.0020290900537001054,-0.034841394100345,-0.004203186434294716,-0.18,0.18,1.0
10.873870849609375,1,,0.0,0.4,0.0,-0.0005317339748725532,-0.017336918298131287,-0.0021598934559310373,-0.18,0.18,1.0
10.873870849609375,1,,0.0,0.4,0.0,-0.00776831171441286,-0.01108569069216291,-0.009606452847741049,-0.18,0.18,1.0
10.873870849609375,1,,0.0,0.4,0.0,-0.004348195456150412,-0.0022628484736386552,-0.009634410126257252,-0.18,0.18,1.0
10.873870849609375,1,,0.0,0.4,0.0,-0.005409937450485213,-0.008067154969061381,-0.006302070707552625,-0.18,0.18,1.0
10.873870849609375,1,,0.0,0.4,0.0,-0.008287407438908533,-0.024814904657558444,-0.005656153836746696,-0.18,0.18,1.0
10.873870849609375,1,,0.0,0.4,0.0,-0.004986917109690405,-0.0195057919088662,-0.003785935391568651,-0.18,0.18,1.0
10.873870849609375,1,,0.0,0.4,0.0,0.004221283397458141,0.001332035230878697,-0.010315789882456244,-0.18,0.18,1.0
10.873870849609375,1,,0.0,0.4,0.0,0.0020597212177723466,-0.015973560611684486,-0.007875060221325253,-0.18,0.18,1.0
10.873870849609375,1,,0.0,0.4,0.0,-0.0014628911788641577,-0.01512567610386753,-0.012587870286457923,-0.18,0.18,1.0
10.924277305603027,1,,0.0,0.4,0.0,-0.011231708518759868,-0.03325244712156928,-0.009354581779059316,-0.18,0.18,1.0
10.924277305603027,1,,0.0,0.4,0.0,-0.004785374577860891,-0.04605268622971955,-0.014956585007961778,-0.18,0.18,1.0
10.924277305603027,1,,0.0,0.4,0.0,-0.002872443591568823,-0.03260533360860305,-0.006414438349228053,-0.18,0.18,1.0
10.924277305603027,1,,0.0,0.4,0.0,-0.01625148316135482,-0.003313517100261381,-0.008152658787848276,-0.18,0.18,1.0
10.924277305603027,1,,0.0,0.4,0.0,-0.005503656401631945,-0.007953263573521527,-0.013889536295644538,-0.18,0.18,1.0
10.924277305603027,1,,0.0,0.4,0.0,-0.004625447546,-0.016969099852524164,-0.011874196012084672,-0.18,0.18,1.0
10.924277305603027,1,,0.0,0.4,0.0,-0.0012100338533668202,-0.030728966896043906,-0.006934518916459453,-0.18,0.18,1.0
10.924277305603027,1,,0.0,0.4,0.0,0.005783626773241571,-0.025751528331530507,-0.005248484313312278,-0.18,0.18,1.0
10.924277305603027,1,,0.0,0.4,0.0,0.004296949396578094,-0.0007778459672434668,-0.012352006898470389,-0.18,0.18,1.0
10.924277305603027,1,,0.0,0.4,0.0,0.011819012580640378,-0.008050562793858648,-0.008959702279997336,-0.18,0.18,1.0
10.964607000350952,1,,0.0,0.4,0.0,-0.002976718214383386,-0.009987350847457574,-0.013015269803147957,-0.18,0.18,1.0
10.964607000350952,1,,0.0,0.4,0.0,-0.00027148012609982334,-0.009330444505018845,-0.009809417245223462,-0.18,0.18,1.0
10.964607000350952,1,,0.0,0.4,0.0,-0.00290022648196127,-0.02081076909483486,-0.015279400989867421,-0.18,0.18,1.0
10.964607000350952,1,,0.0,0.4,0.0,-0.0035262348471418355,-0.010288397185505902,-0.010458874408989955,-0.18,0.18,1.0
10.964607000350952,1,,0.0,0.4,0.0,-0.006338948742354632,0.00447158884457292,-0.0033569731975439596,-0.18,0.18,1.0
10.964607000350952,1,,0.0,0.4,0.0,-0.008370591912048036,0.012773204756313366,-0.007990752857677542,-0.18,0.18,1.0
10.964607000350952,1,,0.0,0.4,0.0,-0.011918268330880484,-0.0008241368839349175,-0.015702748361769478,-0.18,0.18,1.0
10.964607000350952,1,,0.0,0.4,0.0,-0.008979434093414188,-0.020816849972176747,-0.01416127479017126,-0.18,0.18,1.0
10.964607000350952,1,,0.0,0.4,0.0,-0.012000375335661272,-0.021004803304710218,-0.009547142899185256,-0.18,0.18,1.0
10.964607000350952,1,,0.0,0.4,0.0,-0.010767335689167557,-0.00017569021283105727,-0.008074370430825041,-0.18,0.18,1.0
11.004894018173218,1,,0.0,0.4,0.0,-0.011951166913122436,-0.005534434786903112,-0.0028195041292774017,-0.18,0.18,1.0
11.004894018173218,1,,0.0,0.4,0.0,-0.012042073878095682,-0.02304326690453923,-0.0024636824699430975,-0.18,0.18,1.0
11.004894018173218,1,,0.0,0.4,0.0,-0.009612390286005338,-0.01882525009937064,-0.005140213148214942,-0.18,0.18,1.0
11.004894018173218,1,,0.0,0.4,0.0,-0.010435487295152401,0.002285527450758767,-0.007585652664867087,-0.18,0.18,1.0
11.004894018173218,1,,0.0,0.4,0.0,0.007048534972240646,0.014643877191748757,-0.013590172672463484,-0.18,0.18,1.0
11.004894018173218,1,,0.0,0.4,0.0,0.0013864426522463104,0.0021447530206771866,-0.001836824088188732,-0.18,0.18,1.0
11.004894018173218,1,,0.0,0.4,0.0,-0.008052102313121302,-0.017439871062528162,-0.005850616678193524,-0.18,0.18,1.0
11.004894018173218,1,,0.0,0.4,0.0,-0.009902832803239375,-0.01335820031052448,-0.01060264566506465,-0.18,0.18,1.0
11.004894018173218,1,,0.0,0.4,0.0,-0.006744511854868094,-0.006942476941316783,-0.008730011806444124,-0.18,0.18,1.0
11.004894018173218,1,,0.0,0.4,0.0,-0.02291658698095131,-0.026023362777327114,-0.006867017127308148,-0.18,0.18,1.0
11.055277347564697,1,,0.0,0.4,0.0,-0.012204975623564237,-0.0289003108066836,-0.009255177559529792,-0.18,0.18,1.0
11.055277347564697,1,,0.0,0.4,0.0,-0.008083685513731335,-0.02669550451018786,-0.014144508190233789,-0.18,0.18,1.0
11.055277347564697,1,,0.0,0.4,0.0,-0.01103056006500981,-0.023089883886922888,-0.0068372532067112,-0.18,0.18,1.0
11.055277347564697,1,,0.0,0.4,0.0,-0.022370923004201838,-0.009829349572261423,-0.010197829388358025,-0.18,0.18,1.0
11.055277347564697,1,,0.0,0.4,0.0,-0.01889338414133194,-0.01830546421541908,-0.003830527146225747,-0.18,0.18,1.0
11.055277347564697,1,,0.0,0.4,0.0,-0.022601414751967603,0.004144468122500398,-0.0037247787640886836,-0.18,0.18,1.0
11.055277347564697,1,,0.0,0.4,0.0,-0.007192893939264304,-0.015188316608542177,-0.010482057988669406,-0.18,0.18,1.0
11.055277347564697,1,,0.0,0.4,0.0,-0.005118121662036061,-0.0044931109555885786,-0.011246714722088486,-0.18,0.18,1.0
11.055277347564697,1,,0.0,0.4,0.0,-0.01116949670794419,0.008147056473894139,-0.01290446240309028,-0.18,0.18,1.0
11.055277347564697,1,,0.0,0.4,0.0,-0.0016767389016578852,0.008199578469767956,-0.00788036713414917,-0.18,0.18,1.0
11.095565557479858,1,,0.0,0.4,0.0,-0.01289325522791921,0.009461463676629702,-0.002433940469588229,-0.18,0.18,1.0
11.095565557479858,1,,0.0,0.4,0.0,-0.010089596338643262,0.019876927312529772,-0.0016538352807851267,-0.18,0.18,1.0
11.095565557479858,1,,0.0,0.4,0.0,-0.006733208487139627,0.01738869532161945,-0.007190776844554045,-0.18,0.18,1.0
11.095565557479858,1,,0.0,0.4,0.0,-0.006113968469029987,0.008561625916381503,-0.0019396704141736907,-0.18,0.18,1.0
11.095565557479858,1,,0.0,0.4,0.0,-0.007557658321039118,0.010869851659273027,-0.0009166368938447698,-0.18,0.18,1.0
11.095565557479858,1,,0.0,0.4,0.0,-0.009185662959637401,0.013432636197662674,-0.0020903468463850483,-0.18,0.18,1.0
11.095565557479858,1,,0.0,0.4,0.0,-0.014387703946043176,0.01004098625289134,-0.0073139819829486025,-0.18,0.18,1.0
11.095565557479858,1,,0.0,0.4,0.0,-0.003530491117304511,-0.013713603563479573,-0.004641245618259346,-0.18,0.18,1.0
11.095565557479858,1,,0.0,0.4,0.0,0.003863396509861911,-0.019598941112385398,-0.011235208075299371,-0.18,0.18,1.0
11.095565557479858,1,,0.0,0.4,0.0,-0.004456789470897736,-0.021946387008274077,-0.00434445920397007,-0.18,0.18,1.0
11.135856628417969,1,,0.0,0.4,0.0,-0.003560351710364531,-0.006902929797332384,-1.4601081469614844e-06,-0.18,0.18,1.0
11.135856628417969,1,,0.0,0.4,0.0,-0.007975792486104779,-0.012148296123204902,0.007501938992556774,-0.18,0.18,1.0
11.135856628417969,1,,0.0,0.4,0.0,-0.016037326611789898,-0.016046284463979217,0.010807361844026945,-0.18,0.18,1.0
11.135856628417969,1,,0.0,0.4,0.0,-0.012348564034003084,-0.027923558075160258,0.003583001893335218,-0.18,0.18,1.0
11.135856628417969,1,,0.0,0.4,0.0,-0.006156004468898611,-0.02749877765218487,0.004193428929588743,-0.18,0.18,1.0
11.135856628417969,1,,0.0,0.4,0.0,-0.0035539864295281243,-0.01144364077039045,0.008178695091590707,-0.18,0.18,1.0
11.135856628417969,1,,0.0,0.4,0.0,-0.0057823938369694836,-0.01613658925658901,0.009790635953416683,-0.18,0.18,1.0
11.135856628417969,1,,0.0,0.4,0.0,-0.00021837324007284298,-0.016225866717568514,0.006065043872645197,-0.18,0.18,1.0
11.135856628417969,1,,0.0,0.4,0.0,-0.01630060751767611,-0.021715039940285962,0.010938294267355424,-0.18,0.18,1.0
11.135856628417969,1,,0.0,0.4,0.0,-0.01037251727303214,-0.03165333454005223,0.001255022260394913,-0.18,0.18,1.0
11.176156759262085,1,,0.0,0.4,0.0,-0.00466770709037808,-0.04072047037122425,0.006083297629438545,-0.18,0.18,1.0
11.176156759262085,1,,0.0,0.4,0.0,-0.010034858030182118,-0.037220998379657214,-0.0016112166097792255,-0.18,0.18,1.0
11.176156759262085,1,,0.0,0.4,0.0,-0.012670438394619406,-0.03098010360447634,-0.014240202044910796,-0.18,0.18,1.0
11.176156759262085,1,,0.0,0.4,0.0,-0.018836888986616684,-0.019139290245046785,-0.01232722841078246,-0.18,0.18,1.0
11.176156759262085,1,,0.0,0.4,0.0,-0.015435966070893287,-0.009426906057265334,-0.009740340022181935,-0.18,0.18,1.0
11.176156759262085,1,,0.0,0.4,0.0,-0.010444497237791618,-0.005756690961446473,-0.007530154743511238,-0.18,0.18,1.0
11.176156759262085,1,,0.0,0.4,0.0,-0.006043011388714519,-0.015621986607946807,-0.0077049339229512195,-0.18,0.18,1.0
11.176156759262085,1,,0.0,0.4,0.0,-0.012264193379728595,-0.023009590143842875,-0.0027788261842945578,-0.18,0.18,1.0
11.176156759262085,1,,0.0,0.4,0.0,0.00013499215866250852,-0.034650169625648666,-0.0005005026884593736,-0.18,0.18,1.0
11.176156759262085,1,,0.0,0.4,0.0,-0.015457287994077463,-0.02880658974394704,-0.002492564054139862,-0.18,0.18,1.0
11.22651720046997,1,,0.0,0.4,0.0,-0.007672039821651091,-0.02876548023012165,-0.005949744730921635,-0.18,0.18,1.0
11.22651720046997,1,,0.0,0.4,0.0,-0.009424172631988132,-0.009572829679442976,-0.010293631937117891,-0.18,0.18,1.0
11.22651720046997,1,,0.0,0.4,0.0,0.0028165157510516695,0.011470858750549436,-0.012926373707210663,-0.18,0.18,1.0
11.22651720046997,1,,0.0,0.4,0.0,-0.013631600755137453,0.01500107162622321,-0.01250587629303939,-0.18,0.18,1.0
11.22651720046997,1,,0.0,0.4,0.0,-0.010493288122232393,0.00643260425977207,-0.0029356826934698417,-0.18,0.18,1.0
11.22651720046997,1,,0.0,0.4,0.0,-0.011510888440332328,-0.01666714807476955,-0.0021357887530559527,-0.18,0.18,1.0
11.22651720046997,1,,0.0,0.4,0.0,0.0037030257433599304,-0.032769341488875926,-0.006289612552362137,-0.18,0.18,1.0
11.22651720046997,1,,0.0,0.4,0.0,0.00101630176451579,-0.03591087608095192,-0.007530781335110984,-0.18,0.18,1.0
11.22651720046997,1,,0.0,0.4,0.0,-0.013358576939606471,-0.024799745493416885,-0.0015229563746866034,-0.18,0.18,1.0
11.22651720046997,1,,0.0,0.4,0.0,-0.01221444559677706,-0.006873306536099425,-0.004386409925669428,-0.18,0.18,1.0
11.266810417175293,1,,0.0,0.4,0.0,-0.0015029035766200066,0.015166801844855506,0.0020358929278731707,-0.18,0.18,1.0
11.266810417175293,1,,0.0,0.4,0.0,-0.005370582915278801,0.021254107274656053,0.006315803215146833,-0.18,0.18,1.0
11.266810417175293,1,,0.0,0.4,0.0,-0.010927027768229005,0.009147277285877402,0.004890042423904094,-0.18,0.18,1.0
11.266810417175293,1,,0.0,0.4,0.0,-0.004241378593651936,-0.009919323907298104,0.008615227313769213,-0.18,0.18,1.0
11.266810417175293,1,,0.0,0.4,0.0,0.001929790634317098,-0.025326439795320115,0.008677534566465046,-0.18,0.18,1.0
11.266810417175293,1,,0.0,0.4,0.0,-0.009559336085091292,-0.032259139774262854,0.0007482322723117,-0.18,0.18,1.0
11.266810417175293,1,,0.0,0.4,0.0,-0.003411214949329295,-0.025657418785983623,-0.003455717851578346,-0.18,0.18,1.0
11.266810417175293,1,,0.0,0.4,0.0,-0.012830952982223904,-0.020582255421506712,-0.0017449744816270452,-0.18,0.18,1.0
11.266810417175293,1,,0.0,0.4,0.0,-0.00832070842131999,-0.013441724163470913,-0.00641778418764541,-0.18,0.18,1.0
11.266810417175293,1,,0.0,0.4,0.0,-0.009927868945257054,-0.017012742195911982,-0.005273593883177585,-0.18,0.18,1.0
11.307103395462036,1,,0.0,0.4,0.0,-0.012263593177970319,-0.012021890929602845,-0.00241989828456219,-0.18,0.18,1.0
11.307103395462036,1,,0.0,0.4,0.0,-0.008322148127328129,0.009320499862962187,-0.004600696650859763,-0.18,0.18,1.0
11.307103395462036,1,,0.0,0.4,0.0,-0.012704810932693936,0.018619915588153603,-0.005580896680408713,-0.18,0.18,1.0
11.307103395462036,1,,0.0,0.4,0.0,-0.015813525711340697,0.004503390687946402,-0.01304124834027624,-0.18,0.18,1.0
11.307103395462036,1,,0.0,0.4,0.0,-0.006684195379524362,-0.01305810728436969,-0.011168375884347758,-0.18,0.18,1.0
11.307103395462036,1,,0.0,0.4,0.0,-0.003728073146262254,-0.026443406885280053,-0.006749667581543889,-0.18,0.18,1.0
11.307103395462036,1,,0.0,0.4,0.0,-0.0071525608310487165,-0.017838278458737578,-0.0020902246170070183,-0.18,0.18,1.0
11.307103395462036,1,,0.0,0.4,0.0,-0.010826567706799966,-0.0001123091090400511,-0.003398689837205384,-0.18,0.18,1.0
11.307103395462036,1,,0.0,0.4,0.0,-0.00971401162481646,0.0020408400411066987,-0.008062137703743803,-0.18,0.18,1.0
11.347387552261353,1,,0.0,0.4,0.0,-0.004725186991752094,0.002339350217614968,-0.003933811769486063,-0.18,0.18,1.0
11.347387552261353,1,,0.0,0.4,0.0,-0.011437549077924472,0.01091064268494906,-0.0007068574128091457,-0.18,0.18,1.0
11.347387552261353,1,,0.0,0.4,0.0,-0.0016990999589375948,0.007447495920699266,-0.007106651469171545,-0.18,0.18,1.0
11.347387552261353,1,,0.0,0.4,0.0,-0.0013856869509382645,-0.014247958768129749,-0.002094856560128624,-0.18,0.18,1.0
11.347387552261353,1,,0.0,0.4,0.0,-0.0026837646752912265,-0.01554466538582039,-0.010415912332366486,-0.18,0.18,1.0
11.347387552261353,1,,0.0,0.4,0.0,0.0032114612714216227,0.0036215718417182494,-0.005193680337621143,-0.18,0.18,1.0
11.347387552261353,1,,0.0,0.4,0.0,0.0005619234646586289,-0.008933140689684559,-0.0017788336261769307,-0.18,0.18,1.0
11.347387552261353,1,,0.0,0.4,0.0,-0.0029065238289359844,-0.014984305587305676,-0.0033270469324026453,-0.18,0.18,1.0
11.347387552261353,1,,0.0,0.4,0.0,0.005044090997002149,-0.027372534876177346,-0.004283199751512557,-0.18,0.18,1.0
11.347387552261353,1,,0.0,0.4,0.0,-0.009304392966845798,-0.03868994153794251,-0.0004958842575075682,-0.18,0.18,1.0
11.397743701934814,1,,0.0,0.4,0.0,-0.012799864308435837,-0.02166238973847546,-0.0030863996506692564,-0.18,0.18,1.0
11.397743701934814,1,,0.0,0.4,0.0,-0.0027842507768359504,-0.00907145653444711,-0.0037720516931552092,-0.18,0.18,1.0
11.397743701934814,1,,0.0,0.4,0.0,-0.010986244777607125,0.009070860229503364,0.0007830932511303764,-0.18,0.18,1.0
11.397743701934814,1,,0.0,0.4,0.0,-0.0032412816257861446,0.0054977238347009025,-0.001232209252452815,-0.18,0.18,1.0
11.397743701934814,1,,0.0,0.4,0.0,0.0018824081168332283,-0.006561588977161602,0.002838695212207282,-0.18,0.18,1.0
11.397743701934814,1,,0.0,0.4,0.0,-0.008154530726522396,-0.017842980064827797,0.005249989673167157,-0.18,0.18,1.0
11.397743701934814,1,,0.0,0.4,0.0,0.004936867201571658,0.0025393502695021984,0.0006383618782410034,-0.18,0.18,1.0
11.397743701934814,1,,0.0,0.4,0.0,0.0017631414618647448,0.010039550283574844,-0.0025896776607029263,-0.18,0.18,1.0
11.397743701934814,1,,0.0,0.4,0.0,-0.005616818872465846,0.00727446000401313,-0.010621115010364182,-0.18,0.18,1.0
11.397743701934814,1,,0.0,0.4,0.0,-0.0017090015885043535,-0.01351801706816988,-0.0037100011830443038,-0.18,0.18,1.0
11.438037395477295,1,,0.0,0.4,0.0,-0.008158159849807679,0.00861612442074548,-0.005830149873671508,-0.18,0.18,1.0
11.438037395477295,1,,0.0,0.4,0.0,-0.007378101022735566,0.001378881262827746,-0.012691906581598704,-0.18,0.18,1.0
11.438037395477295,1,,0.0,0.4,0.0,-0.020327521707165078,-0.02100622713355909,-0.012239467260095858,-0.18,0.18,1.0
11.438037395477295,1,,0.0,0.4,0.0,-0.014662514147440742,-0.028597795076962338,-0.011417238051001123,-0.18,0.18,1.0
11.438037395477295,1,,0.0,0.4,0.0,-0.005561711171651279,-0.010100657168470894,-0.011750228986186537,-0.18,0.18,1.0
11.438037395477295,1,,0.0,0.4,0.0,0.0011435552209925078,-0.0023021815533773838,-0.009991585591241284,-0.18,0.18,1.0
11.438037395477295,1,,0.0,0.4,0.0,-0.0002862692531199138,-0.010327848474982122,-0.01136421446678814,-0.18,0.18,1.0
11.438037395477295,1,,0.0,0.4,0.0,0.012414321905355984,-0.02893741688478679,-0.006848478025017617,-0.18,0.18,1.0
11.438037395477295,1,,0.0,0.4,0.0,0.006124775303394452,-0.007974030522001095,-0.012416226970266703,-0.18,0.18,1.0
11.438037395477295,1,,0.0,0.4,0.0,0.00010802698335351029,-0.013275626442117513,-0.00854568453759251,-0.18,0.18,1.0
11.478326559066772,1,,0.0,0.4,0.0,0.0015185960081576853,-0.027651995407382383,-0.005155510566244201,-0.18,0.18,1.0
11.478326559066772,1,,0.0,0.4,0.0,-0.008262173741707141,-0.02384319671249545,-0.0022717887301400034,-0.18,0.18,1.0
11.478326559066772,1,,0.0,0.4,0.0,-0.015701589107449423,-0.014078827953529225,-0.002122497992881237,-0.18,0.18,1.0
11.478326559066772,1,,0.0,0.4,0.0,-0.011460877373674645,-0.010954703022507879,0.006338451894715764,-0.18,0.18,1.0
11.478326559066772,1,,0.0,0.4,0.0,-0.007436626180528783,-0.013344431191719125,0.003427409623307841,-0.18,0.18,1.0
11.478326559066772,1,,0.0,0.4,0.0,-0.01548489158115143,-0.015467455512116037,0.001550988395981911,-0.18,0.18,1.0
11.478326559066772,1,,0.0,0.4,0.0,-0.02060619411556186,-0.020378462004383903,-0.004605251062180064,-0.18,0.18,1.0
11.478326559066772,1,,0.0,0.4,0.0,-0.015225160465547378,-0.01590486430479487,0.005488062289947528,-0.18,0.18,1.0
11.478326559066772,1,,0.0,0.4,0.0,-0.007485468664040902,-0.005149957769701492,0.007732501933091069,-0.18,0.18,1.0
11.478326559066772,1,,0.0,0.4,0.0,-0.0055433634253965365,0.0025837023554204632,0.004842251853424793,-0.18,0.18,1.0
11.52875566482544,1,,0.0,0.4,0.0,0.004626776074737549,0.013300667313761741,0.0017665023108095893,-0.18,0.18,1.0
11.52875566482544,1,,0.0,0.4,0.0,0.004479685065877604,0.013756717823033133,-0.0013775384082361734,-0.18,0.18,1.0
11.52875566482544,1,,0.0,0.4,0.0,-0.00587235265237427,0.0011882996989117792,0.0005500135391310918,-0.18,0.18,1.0
11.52875566482544,1,,0.0,0.4,0.0,-0.01542295388037732,-0.013982398408420455,-0.0042198980115651565,-0.18,0.18,1.0
11.52875566482544,1,,0.0,0.4,0.0,-0.02875360421584766,-0.030351555535704254,-0.003899281335578671,-0.18,0.18,1.0
11.52875566482544,1,,0.0,0.4,0.0,-0.029006344343468125,-0.030804081167590286,-0.008527664930392701,-0.18,0.18,1.0
11.52875566482544,1,,0.0,0.4,0.0,-0.02401813259424719,-0.03361998863644682,-0.013673321374661604,-0.18,0.18,1.0
11.52875566482544,1,,0.0,0.4,0.0,-0.01891550755591203,-0.01436280415037883,-0.011452116448419087,-0.18,0.18,1.0
11.52875566482544,1,,0.0,0.4,0.0,-0.017860592637823997,0.007982745098328092,-0.01503566928731314,-0.18,0.18,1.0
11.52875566482544,1,,0.0,0.4,0.0,-0.015144214518497415,0.018963854981963953,-0.01339012360658807,-0.18,0.18,1.0
11.569076776504517,1,,0.0,0.4,0.0,-0.020592612721439932,0.015391110239170242,-0.008921687754155689,-0.18,0.18,1.0
11.569076776504517,1,,0.0,0.4,0.0,-0.01615423723070741,-0.0017309759486482889,-0.009223940033154718,-0.18,0.18,1.0
11.569076776504517,1,,0.0,0.4,0.0,-0.014911525714179693,-0.0088965332258701,-0.0052598540581153645,-0.18,0.18,1.0
11.569076776504517,1,,0.0,0.4,0.0,-0.0016629214567860688,-0.0029813397696935974,-0.00831034035587018,-0.18,0.18,1.0
11.569076776504517,1,,0.0,0.4,0.0,-0.0013891345979923156,0.012559009202269586,-0.010513011096939216,-0.18,0.18,1.0
11.569076776504517,1,,0.0,0.4,0.0,-0.006666624534124004,-3.7968417077003955e-05,-0.01321489744223931,-0.18,0.18,1.0
11.569076776504517,1,,0.0,0.4,0.0,-0.0014114397731069064,-0.009532981045227748,-0.006687990292252358,-0.18,0.18,1.0
11.569076776504517,1,,0.0,0.4,0.0,-0.007443939400203957,-0.023032103588954782,-0.006408897898626056,-0.18,0.18,1.0
11.569076776504517,1,,0.0,0.4,0.0,0.0014867450348702714,-0.028770153258404995,-0.011533129658473223,-0.18,0.18,1.0
11.569076776504517,1,,0.0,0.4,0.0,-0.008359687883320446,-0.016260655950007384,-0.009049882218407006,-0.18,0.18,1.0
11.609371423721313,1,,0.0,0.4,0.0,0.001514115454151488,-0.02637065119041921,-0.011159102835652308,-0.18,0.18,1.0
11.609371423721313,1,,0.0,0.4,0.0,0.00046485116533836324,-0.02835900874018972,-0.012737708721220686,-0.18,0.18,1.0
11.609371423721313,1,,0.0,0.4,0.0,-0.005899128860312575,-0.005999899362274445,-0.00517906118181497,-0.18,0.18,1.0
11.609371423721313,1,,0.0,0.4,0.0,-0.0014839676112670982,0.008490897572127492,-0.005646064930132561,-0.18,0.18,1.0
11.609371423721313,1,,0.0,0.4,0.0,-0.0107209630690614,-0.0016144022628441317,-0.006044476129521309,-0.18,0.18,1.0
11.609371423721313,1,,0.0,0.4,0.0,-0.013232610099659712,-0.01632260160957282,-0.0033472339274075785,-0.18,0.18,1.0
11.609371423721313,1,,0.0,0.4,0.0,-0.009269231230885808,-0.014291073699206725,-0.002913551589422102,-0.18,0.18,1.0
11.609371423721313,1,,0.0,0.4,0.0,-0.005760871661153361,-0.006683185948327353,-0.010361197427563154,-0.18,0.18,1.0
11.609371423721313,1,,0.0,0.4,0.0,-0.010085684905284026,-0.013425940410750535,-0.009240897403753171,-0.18,0.18,1.0
11.609371423721313,1,,0.0,0.4,0.0,-0.01188344837265892,-0.013243459811730376,0.0011228797583360444,-0.18,0.18,1.0
11.64967131614685,1,,0.0,0.4,0.0,-0.009872455925008888,0.0025291860300478953,-0.010253671593953191,-0.18,0.18,1.0
11.64967131614685,1,,0.0,0.4,0.0,-0.011343367253569004,-0.009992730474684311,-0.008767400209839661,-0.18,0.18,1.0
11.64967131614685,1,,0.0,0.4,0.0,-0.007898843260559958,-0.0001572719085761903,-0.012951457359404372,-0.18,0.18,1.0
11.64967131614685,1,,0.0,0.4,0.0,-0.003172052347931201,-0.012124343288117187,-0.013450303715385007,-0.18,0.18,1.0
11.64967131614685,1,,0.0,0.4,0.0,-0.011719770385896383,-0.01869207296102513,-0.0013813049842386833,-0.18,0.18,1.0
11.64967131614685,1,,0.0,0.4,0.0,-0.010512465987779274,-0.017465316410040465,-0.00732521169825157,-0.18,0.18,1.0
11.64967131614685,1,,0.0,0.4,0.0,-0.001981561494779739,-0.020933597356004377,-0.015075590270920966,-0.18,0.18,1.0
11.64967131614685,1,,0.0,0.4,0.0,-0.005693932680539944,-0.012470884820275913,-0.014802944969491957,-0.18,0.18,1.0
11.64967131614685,1,,0.0,0.4,0.0,-0.008375932516104249,-0.017517418534947152,-0.012567358378144097,-0.18,0.18,1.0
11.64967131614685,1,,0.0,0.4,0.0,-0.005836251808022678,-0.023432509792828696,-0.010670309550458616,-0.18,0.18,1.0
11.70003056526184,1,,0.0,0.4,0.0,-0.016594197466048836,-0.02806910812839685,-0.006900783229391264,-0.18,0.18,1.0
11.70003056526184,1,,0.0,0.4,0.0,-0.018579256448792138,-0.028582546304847238,-0.0012312561794251252,-0.18,0.18,1.0
11.70003056526184,1,,0.0,0.4,0.0,-0.020875061649323214,-0.020438571086739882,-0.0023683629317547182,-0.18,0.18,1.0
11.70003056526184,1,,0.0,0.4,0.0,-0.01624317726763116,0.0007456323613897675,-0.010987501631569769,-0.18,0.18,1.0
11.70003056526184,1,,0.0,0.4,0.0,-0.007620024018514546,0.006333251876643393,-0.010585107299285626,-0.18,0.18,1.0
11.70003056526184,1,,0.0,0.4,0.0,0.00023615625311069016,-0.016367774318394795,-0.006136532168203982,-0.18,0.18,1.0
11.70003056526184,1,,0.0,0.4,0.0,-0.011054958849770867,-0.030776970859758397,-0.006310422812078945,-0.18,0.18,1.0
11.70003056526184,1,,0.0,0.4,0.0,-0.0050146815275500505,-0.033463632271202574,-0.00838216040199994,-0.18,0.18,1.0
11.70003056526184,1,,0.0,0.4,0.0,-0.009896666263189078,-0.0320142667526146,-0.013671684697376101,-0.18,0.18,1.0
11.70003056526184,1,,0.0,0.4,0.0,-0.010278804865470342,-0.019740417376136486,-0.016582340881845133,-0.18,0.18,1.0
11.740322828292847,1,,0.0,0.4,0.0,0.0004572747422245723,-0.0037458198940737136,-0.010363188516722393,-0.18,0.18,1.0
11.740322828292847,1,,0.0,0.4,0.0,-0.010246743611016476,-0.00579549654299166,-0.016715153507744773,-0.18,0.18,1.0
11.740322828292847,1,,0.0,0.4,0.0,-0.016278442088949744,-0.012238910922898123,-0.005626189791430611,-0.18,0.18,1.0
11.740322828292847,1,,0.0,0.4,0.0,-0.0020999634216354525,-0.015310267523954587,-0.012749907943216137,-0.18,0.18,1.0
11.740322828292847,1,,0.0,0.4,0.0,-0.007315904382233257,-0.020473274017812577,-0.009870229555613735,-0.18,0.18,1.0
11.740322828292847,1,,0.0,0.4,0.0,-0.011193114222768643,-0.027053134151051563,-0.0078035905439617186,-0.18,0.18,1.0
11.740322828292847,1,,0.0,0.4,0.0,-0.01339405325629895,-0.014387957416239414,-0.00829409191910628,-0.18,0.18,1.0
11.740322828292847,1,,0.0,0.4,0.0,0.0008296937792734476,-0.006770120903703712,-0.005177862445574883,-0.18,0.18,1.0
11.740322828292847,1,,0.0,0.4,0.0,-0.003973555851289454,-0.02302708730113564,-0.0058827816888858955,-0.18,0.18,1.0
11.740322828292847,1,,0.0,0.4,0.0,-0.012537988895975051,-0.01142141543358072,-0.0082632873835316,-0.18,0.18,1.0
11.780615091323853,1,,0.0,0.4,0.0,0.0011211162046720613,-0.014639364615372583,-0.002447089133654725,-0.18,0.18,1.0
11.780615091323853,1,,0.0,0.4,0.0,-0.004597783996381835,-0.02345499775374278,0.00021227465857662383,-0.18,0.18,1.0
11.780615091323853,1,,0.0,0.4,0.0,-0.009763136888461468,-0.0028277435184026244,-0.006625904214232979,-0.18,0.18,1.0
11.780615091323853,1,,0.0,0.4,0.0,-0.01384900745521184,-0.010961336631741272,-0.0020300105082160787,-0.18,0.18,1.0
11.780615091323853,1,,0.0,0.4,0.0,-0.0005766831540109605,-0.014245651268983132,-0.0055763405271773096,-0.18,0.18,1.0
11.780615091323853,1,,0.0,0.4,0.0,-0.0004837976013091507,-0.030875329562735945,-0.009685267824561142,-0.18,0.18,1.0
11.780615091323853,1,,0.0,0.4,0.0,-0.0034797879951468237,-0.0186268851647536,-0.008094877918843061,-0.18,0.18,1.0
11.780615091323853,1,,0.0,0.4,0.0,-0.006422865965904107,0.001215953928722692,-0.00998093297443921,-0.18,0.18,1.0
11.780615091323853,1,,0.0,0.4,0.0,-0.010256989224399023,-0.0137658941479166,-0.007182625227192438,-0.18,0.18,1.0
11.780615091323853,1,,0.0,0.4,0.0,-0.005571702521360195,-0.014961010126979344,-0.013131015391266163,-0.18,0.18,1.0
11.820914506912231,1,,0.0,0.4,0.0,-0.009478154069431843,-0.004126500274509205,-0.003478019749984358,-0.18,0.18,1.0
11.820914506912231,1,,0.0,0.4,0.0,-0.014398045120679173,-0.005726557113317236,-0.0008003337080669928,-0.18,0.18,1.0
11.820914506912231,1,,0.0,0.4,0.0,-0.016578071043168628,-0.02549815963883409,-0.012151958484110797,-0.18,0.18,1.0
11.820914506912231,1,,0.0,0.4,0.0,-0.008057559535663847,-0.01631154643320089,-0.0036471324209118067,-0.18,0.18,1.0
11.820914506912231,1,,0.0,0.4,0.0,-0.016696705349085187,-0.0037333733018252743,-0.002427188674899435,-0.18,0.18,1.0
11.820914506912231,1,,0.0,0.4,0.0,-0.014865405880068848,0.013378086649990078,-0.0003734952137446972,-0.18,0.18,1.0
11.820914506912231,1,,0.0,0.4,0.0,-0.008506979381976473,0.0008272352362814408,-0.001913949559693606,-0.18,0.18,1.0
11.820914506912231,1,,0.0,0.4,0.0,-0.013408223660871943,-0.021975510948658017,-0.003210371201039717,-0.18,0.18,1.0
11.820914506912231,1,,0.0,0.4,0.0,-0.01786629277525889,-0.028049707946281106,-0.004134579344037779,-0.18,0.18,1.0
11.820914506912231,1,,0.0,0.4,0.0,-0.008579744409113004,-0.018362550410002364,-0.0037175028299250507,-0.18,0.18,1.0
11.871269941329956,1,,0.0,0.4,0.0,0.003219272486234881,0.001551734802099904,-0.0017803520166994574,-0.18,0.18,1.0
11.871269941329956,1,,0.0,0.4,0.0,0.006415684225324015,-0.006452252723647189,-0.005813984981594706,-0.18,0.18,1.0
11.871269941329956,1,,0.0,0.4,0.0,-0.006430004123665794,0.0026669478397866424,-0.006283825696270109,-0.18,0.18,1.0
11.871269941329956,1,,0.0,0.4,0.0,0.004787291781568795,0.009335531570795943,-0.003665561500732148,-0.18,0.18,1.0
11.871269941329956,1,,0.0,0.4,0.0,-0.0028050742079245346,0.010597211870669263,-0.004024701645315683,-0.18,0.18,1.0
11.871269941329956,1,,0.0,0.4,0.0,0.007759597678845362,0.023717454415124305,0.0010251751347212003,-0.18,0.18,1.0
11.871269941329956,1,,0.0,0.4,0.0,0.004657199291830485,0.003579307990360524,-0.003265521055179411,-0.18,0.18,1.0
11.871269941329956,1,,0.0,0.4,0.0,0.008140671770900797,0.009457943132606145,-0.004792020831114349,-0.18,0.18,1.0
11.871269941329956,1,,0.0,0.4,0.0,0.008787760367843669,-0.004480104007797785,-0.007237793934445083,-0.18,0.18,1.0
11.911563873291016,1,,0.0,0.4,0.0,0.00180796120184249,-0.015399251429188703,-0.009530740435345332,-0.18,0.18,1.0
11.911563873291016,1,,0.0,0.4,0.0,-0.0021602526935582695,-0.017975517559855526,0.001101938880352873,-0.18,0.18,1.0
11.911563873291016,1,,0.0,0.4,0.0,0.00050909105177632,-0.010798874099128726,-0.01086294505291832,-0.18,0.18,1.0
11.911563873291016,1,,0.0,0.4,0.0,0.005807201839607585,-0.01514438764184686,-0.008630453648249185,-0.18,0.18,1.0
11.911563873291016,1,,0.0,0.4,0.0,-0.004762342809741426,-0.010338100420177597,-0.004443376616671813,-0.18,0.18,1.0
11.911563873291016,1,,0.0,0.4,0.0,-0.011276084546653175,-0.0030503933767701947,-0.012648913247497893,-0.18,0.18,1.0
11.911563873291016,1,,0.0,0.4,0.0,-0.013391779065565842,0.013338450590000753,-0.013511324948387634,-0.18,0.18,1.0
11.911563873291016,1,,0.0,0.4,0.0,-0.0060009165443043215,0.016204150638679318,-0.002978418257559221,-0.18,0.18,1.0
11.911563873291016,1,,0.0,0.4,0.0,-0.01112396165234468,0.014451794553963015,-0.00686355594192068,-0.18,0.18,1.0
11.911563873291016,1,,0.0,0.4,0.0,-0.003673048232809426,0.0035820505327134925,-0.011688642324467998,-0.18,0.18,1.0
11.95184874534607,1,,0.0,0.4,0.0,-6.681665975652358e-05,-0.009350937843574257,-0.00073697521137547,-0.18,0.18,1.0
11.95184874534607,1,,0.0,0.4,0.0,-0.00552638631477321,0.00834031370105931,-0.005219392090575301,-0.18,0.18,1.0
11.95184874534607,1,,0.0,0.4,0.0,-0.008731649133482037,0.014268175738940313,-0.002457863207390837,-0.18,0.18,1.0
11.95184874534607,1,,0.0,0.4,0.0,-0.0027527409079128717,-0.0004886460828675428,-0.00037189159576539736,-0.18,0.18,1.0
11.95184874534607,1,,0.0,0.4,0.0,-0.0070614010784734406,-0.013825150241769514,-0.00427625079975858,-0.18,0.18,1.0
11.95184874534607,1,,0.0,0.4,0.0,-0.012536874518475844,-0.0010999518895694056,-0.007927625297699989,-0.18,0.18,1.0
11.95184874534607,1,,0.0,0.4,0.0,-0.01087540598639791,0.006550887714122796,-0.012619832826408212,-0.18,0.18,1.0
11.95184874534607,1,,0.0,0.4,0.0,-0.013112635126259056,0.018785896403203637,-0.01166649071396395,-0.18,0.18,1.0
11.95184874534607,1,,0.0,0.4,0.0,-0.011707918445322917,0.021019663425118986,-0.013487922739769566,-0.18,0.18,1.0
11.95184874534607,1,,0.0,0.4,0.0,-0.00026480681546036056,0.02121446609219392,-0.010585046550860467,-0.18,0.18,1.0
12.002223014831543,1,,0.0,0.5,0.0,-0.007535007931678335,0.023837173086411298,-0.005061268172364503,-0.18,0.18,1.0
12.002223014831543,1,,0.0,0.5,0.0,-0.01419660499200788,0.012244169164335269,-0.0031038510676948154,-0.18,0.18,1.0
12.002223014831543,1,,0.0,0.5,0.0,-0.015855243849078212,0.005899085139628321,3.9842040032529926e-05,-0.18,0.18,1.0
12.002223014831543,1,,0.0,0.5,0.0,-0.011265012189413786,0.0002653351319781893,-0.006046007682824086,-0.18,0.18,1.0
12.002223014831543,1,,0.0,0.5,0.0,-0.01530220607192432,0.003028587097275821,-0.011657879576672976,-0.18,0.18,1.0
12.002223014831543,1,,0.0,0.5,0.0,-0.0035624820265473083,0.005327197299287253,-0.008806840067035623,-0.18,0.18,1.0
12.002223014831543,1,,0.0,0.5,0.0,0.002721302199079602,-0.004734189998792736,-0.00744341252642801,-0.18,0.18,1.0
12.002223014831543,1,,0.0,0.5,0.0,-0.007902023490155776,-0.019406658258043042,-0.0095798058560167,-0.18,0.18,1.0
12.002223014831543,1,,0.0,0.5,0.0,-0.016181307827657043,0.002889576895480046,-0.009035663873879734,-0.18,0.18,1.0
12.002223014831543,1,,0.0,0.5,0.0,-0.0023299895506344046,0.004685294285734002,-0.0159678075670574,-0.18,0.18,1.0
12.04251217842102,1,,0.0,0.5,0.0,-0.005455027781104561,0.009482455706238948,-0.012697767959475421,-0.18,0.18,1.0
12.04251217842102,1,,0.0,0.5,0.0,0.001134812439082147,0.017622900262504494,-0.00929258504366972,-0.18,0.18,1.0
12.04251217842102,1,,0.0,0.5,0.0,-0.015391740977857804,5.040149548618176e-05,0.00032023539536674264,-0.18,0.18,1.0
12.04251217842102,1,,0.0,0.5,0.0,-0.012361242133284865,-0.02129823517694382,0.0015009455493182164,-0.18,0.18,1.0
12.04251217842102,1,,0.0,0.5,0.0,-0.002347372589674379,-0.006174074995799401,-0.006783436204882904,-0.18,0.18,1.0
12.04251217842102,1,,0.0,0.5,0.0,0.0027054900501631506,-0.005950626773188975,-0.012421319929578713,-0.18,0.18,1.0
12.04251217842102,1,,0.0,0.5,0.0,-0.0016920084248789244,-0.0065011505601280115,-0.015242551526411833,-0.18,0.18,1.0
12.04251217842102,1,,0.0,0.5,0.0,-0.0062023788409698135,-0.017556607159180747,-0.012695462880234445,-0.18,0.18,1.0
12.04251217842102,1,,0.0,0.5,0.0,-0.001628596584459287,-0.0033067733459138274,-0.005467149221601468,-0.18,0.18,1.0
12.04251217842102,1,,0.0,0.5,0.0,-0.0020885356446171495,-0.020045310369072276,-0.01317937562528201,-0.18,0.18,1.0
12.082802295684814,1,,0.0,0.5,0.0,-0.012277949145274506,-0.012516457128784164,-0.012470334244533927,-0.18,0.18,1.0
12.082802295684814,1,,0.0,0.5,0.0,-0.003683383870415691,-0.010239058691969753,-0.010336624244553385,-0.18,0.18,1.0
12.082802295684814,1,,0.0,0.5,0.0,-0.012806834330663866,-0.026037408009412764,-0.01080130937590324,-0.18,0.18,1.0
12.082802295684814,1,,0.0,0.5,0.0,-0.011021664776466879,-0.009439380615349874,-0.013201918225180732,-0.18,0.18,1.0
12.082802295684814,1,,0.0,0.5,0.0,-0.01008890955388573,-0.0009497947975481692,-0.00911056314790119,-0.18,0.18,1.0
12.082802295684814,1,,0.0,0.5,0.0,-0.008256371584367237,-0.00857384474424637,-0.012438043374492672,-0.18,0.18,1.0
12.082802295684814,1,,0.0,0.5,0.0,-0.01502324521836153,-0.03134254751989595,-0.0048866158958637855,-0.18,0.18,1.0
12.082802295684814,1,,0.0,0.5,0.0,0.0019439682860939026,-0.010874899994898704,-0.0019101195843840913,-0.18,0.18,1.0
12.082802295684814,1,,0.0,0.5,0.0,-0.0043610816188955175,-0.003973276075318392,0.0016459045779792477,-0.18,0.18,1.0
12.082802295684814,1,,0.0,0.5,0.0,0.007544366977791506,0.011565240412285247,-0.0018677240145057114,-0.18,0.18,1.0
12.123135328292847,1,,0.0,0.5,0.0,0.004473550050441541,-0.006879262542750818,-0.005322650407465259,-0.18,0.18,1.0
12.123135328292847,1,,0.0,0.5,0.0,0.000899112576534305,-0.0157453050411667,-0.01104815653797776,-0.18,0.18,1.0
12.123135328292847,1,,0.0,0.5,0.0,0.00019790284798416687,-0.01226731598215498,-0.014574665993168515,-0.18,0.18,1.0
12.123135328292847,1,,0.0,0.5,0.0,-0.008519448752091345,-0.003626972523711536,-0.00902242556268202,-0.18,0.18,1.0
12.123135328292847,1,,0.0,0.5,0.0,0.0001554891640937505,0.005936604352004417,-0.008743279752811564,-0.18,0.18,1.0
12.123135328292847,1,,0.0,0.5,0.0,0.0056351848792109,-0.024294019704473813,-0.009038009010070343,-0.18,0.18,1.0
12.123135328292847,1,,0.0,0.5,0.0,-0.004377153986113064,-0.028647017592487133,-0.009572460624804085,-0.18,0.18,1.0
12.123135328292847,1,,0.0,0.5,0.0,-0.001998245426171835,-0.020586426593210538,-0.008532881778188586,-0.18,0.18,1.0
12.123135328292847,1,,0.0,0.5,0.0,-0.015444264406862317,-0.02624528944675799,-0.008275143452678537,-0.18,0.18,1.0
12.123135328292847,1,,0.0,0.5,0.0,-0.0027896585642529725,-0.02773127106179969,-0.004821486754957135,-0.18,0.18,1.0
12.173509359359741,1,,0.0,0.5,0.0,-0.008097368971836234,0.002048165113290746,-0.002136997009974801,-0.18,0.18,1.0
12.173509359359741,1,,0.0,0.5,0.0,-0.009672354335111958,-0.011873790500994632,0.002695687647601076,-0.18,0.18,1.0
12.173509359359741,1,,0.0,0.5,0.0,-0.005268310954147223,-0.026291037125289792,-0.0008379627768967606,-0.18,0.18,1.0
12.173509359359741,1,,0.0,0.5,0.0,-0.005035194934451228,-0.02674118204556706,-0.007714536210588978,-0.18,0.18,1.0
12.173509359359741,1,,0.0,0.5,0.0,-0.009367056925837008,-0.009651546389975969,-0.008917713909632096,-0.18,0.18,1.0
12.173509359359741,1,,0.0,0.5,0.0,-0.0004163741095903736,-0.01827978322426955,-0.011387841781463732,-0.18,0.18,1.0
12.173509359359741,1,,0.0,0.5,0.0,-0.007590284209625505,-0.030407904970506095,-0.0005898236526722161,-0.18,0.18,1.0
12.173509359359741,1,,0.0,0.5,0.0,-0.005701703940062658,-0.03287177424641617,-0.00045533146361557584,-0.18,0.18,1.0
12.173509359359741,1,,0.0,0.5,0.0,-0.0016396298295219458,-0.009401160310039822,-0.0018213747369427975,-0.18,0.18,1.0
12.173509359359741,1,,0.0,0.5,0.0,0.002235525376617635,-0.008792535161066371,-0.004687414774564275,-0.18,0.18,1.0
12.213803768157959,1,,0.0,0.5,0.0,-0.0021703708634828976,-0.02299395017097777,-0.008235309223251957,-0.18,0.18,1.0
12.213803768157959,1,,0.0,0.5,0.0,-0.011102965618916265,-0.03149355253620738,-0.010775866873460488,-0.18,0.18,1.0
12.213803768157959,1,,0.0,0.5,0.0,-0.013735881823689138,-0.02486880760244637,-0.0011130720132993947,-0.18,0.18,1.0
12.213803768157959,1,,0.0,0.5,0.0,-0.00206378218995354,-0.007295994814759111,0.002616988912140812,-0.18,0.18,1.0
12.213803768157959,1,,0.0,0.5,0.0,-0.008339199679649256,-0.018341678348635572,-0.000909685876813798,-0.18,0.18,1.0
12.213803768157959,1,,0.0,0.5,0.0,-0.009191130244697528,-0.012349836396877232,-0.008443239904845625,-0.18,0.18,1.0
12.213803768157959,1,,0.0,0.5,0.0,-0.0042711396599640385,-0.00886979742530386,-0.00548398437731001,-0.18,0.18,1.0
12.213803768157959,1,,0.0,0.5,0.0,-0.00599418214812094,-0.007737885144546025,0.001955103545411121,-0.18,0.18,1.0
12.213803768157959,1,,0.0,0.5,0.0,-0.010120245140726708,-0.021851281687942547,0.00026582626337898533,-0.18,0.18,1.0
12.213803768157959,1,,0.0,0.5,0.0,0.003340710361509025,-0.013527185777515466,-0.0010342182082631122,-0.18,0.18,1.0
12.254083633422852,1,,0.0,0.5,0.0,-0.004051837259613269,-0.012203697743143149,-0.005917604340055138,-0.18,0.18,1.0
12.254083633422852,1,,0.0,0.5,0.0,-0.012772882004398892,-0.024628856842369623,-0.002872678264210395,-0.18,0.18,1.0
12.254083633422852,1,,0.0,0.5,0.0,-0.006917400679497146,-0.03265468452370342,-0.006683832631646657,-0.18,0.18,1.0
12.254083633422852,1,,0.0,0.5,0.0,0.0005672911680196286,-0.02383447468348745,-0.008048569422717642,-0.18,0.18,1.0
12.254083633422852,1,,0.0,0.5,0.0,-0.009872232925571189,-0.0027158751055913616,-0.006236844107525758,-0.18,0.18,1.0
12.254083633422852,1,,0.0,0.5,0.0,-0.0018582513095548629,0.01252827166613781,-0.006232235888505407,-0.18,0.18,1.0
12.254083633422852,1,,0.0,0.5,0.0,-0.006253482999866663,-0.007673928124826089,-0.005060183065326446,-0.18,0.18,1.0
12.254083633422852,1,,0.0,0.5,0.0,-0.01279308857690044,-0.020022437868602545,-0.009906348150238546,-0.18,0.18,1.0
12.254083633422852,1,,0.0,0.5,0.0,0.007742591178290662,0.006471330908337675,-0.002506921443731527,-0.18,0.18,1.0
12.254083633422852,1,,0.0,0.5,0.0,-0.00948437545702291,-0.017941637283638914,-0.007224156832012752,-0.18,0.18,1.0
12.294383525848389,1,,0.0,0.5,0.0,-0.007277764046963038,-0.02777521850958506,-0.004287624609230196,-0.18,0.18,1.0
12.294383525848389,1,,0.0,0.5,0.0,-0.013811431770169804,-0.0415887590191263,-0.01299730491831751,-0.18,0.18,1.0
12.294383525848389,1,,0.0,0.5,0.0,-0.014594032293341181,-0.03549453857521799,-0.00815197326818469,-0.18,0.18,1.0
12.294383525848389,1,,0.0,0.5,0.0,-0.019209466466380616,-0.01553127023525876,-0.007144419418023454,-0.18,0.18,1.0
12.294383525848389,1,,0.0,0.5,0.0,-0.013761442005448299,-0.012920780992252705,-0.0033746335172970174,-0.18,0.18,1.0
12.294383525848389,1,,0.0,0.5,0.0,-0.001335767414114392,-0.028888565073620132,-0.008573694063502668,-0.18,0.18,1.0
12.294383525848389,1,,0.0,0.5,0.0,-0.007430623051000173,-0.03405992558002058,0.0032594981072473937,-0.18,0.18,1.0
12.294383525848389,1,,0.0,0.5,0.0,-0.004712684861552875,-0.023623957231647057,-0.0009762943615087673,-0.18,0.18,1.0
12.294383525848389,1,,0.0,0.5,0.0,-0.015465838938006708,-0.004399793547056953,0.0024967537546583484,-0.18,0.18,1.0
12.294383525848389,1,,0.0,0.5,0.0,-0.003150297881845177,-0.012585595961367314,0.0072120718276308515,-0.18,0.18,1.0
12.344743251800537,1,,0.0,0.5,0.0,-0.0037004540970064373,-0.025680802710729176,0.0038115523839717513,-0.18,0.18,1.0
12.344743251800537,1,,0.0,0.5,0.0,0.002425709599227397,-0.026434895810888398,-0.0030984584440707967,-0.18,0.18,1.0
12.344743251800537,1,,0.0,0.5,0.0,-0.006454085983111816,-0.010377960561042348,-0.00842033329206857,-0.18,0.18,1.0
12.344743251800537,1,,0.0,0.5,0.0,-0.005349064068471269,-0.022696300246375374,-0.0034030735163357094,-0.18,0.18,1.0
12.344743251800537,1,,0.0,0.5,0.0,-0.007057216024895816,-0.033952791454832446,-0.004278010142881628,-0.18,0.18,1.0
12.344743251800537,1,,0.0,0.5,0.0,-0.016168634007743158,-0.03437022740127826,-0.004173591449770122,-0.18,0.18,1.0
12.344743251800537,1,,0.0,0.5,0.0,-0.012447194444186979,-0.013260324789277333,-0.0018713747027567442,-0.18,0.18,1.0
12.344743251800537,1,,0.0,0.5,0.0,-0.007949513146561749,-0.01719587456957067,0.0010486940941130257,-0.18,0.18,1.0
12.344743251800537,1,,0.0,0.5,0.0,-0.009852576268229328,-0.023033779667594168,-0.005016870625617229,-0.18,0.18,1.0
12.344743251800537,1,,0.0,0.5,0.0,-0.003283026675388545,-0.01814822780198839,-0.013237568114192884,-0.18,0.18,1.0
12.385038137435913,1,,0.0,0.5,0.0,-0.008798005307200474,-0.006789337029096495,-0.0011195864517462293,-0.18,0.18,1.0
12.385038137435913,1,,0.0,0.5,0.0,-0.01624463342140461,-0.0031645500880846454,0.0004025854653854648,-0.18,0.18,1.0
12.385038137435913,1,,0.0,0.5,0.0,-0.011548911049766684,0.0017503302274768978,0.005218806418752031,-0.18,0.18,1.0
12.385038137435913,1,,0.0,0.5,0.0,-0.009399678510881408,-0.018889842689386642,0.002409644236354977,-0.18,0.18,1.0
12.385038137435913,1,,0.0,0.5,0.0,-0.00546108564315026,-0.0260686669884944,-0.006823603326284192,-0.18,0.18,1.0
12.385038137435913,1,,0.0,0.5,0.0,-0.005648116560071358,-0.03671925118430716,-0.0007583872367688294,-0.18,0.18,1.0
12.385038137435913,1,,0.0,0.5,0.0,-0.00626427722972346,-0.03358031535043207,-0.003089906056053283,-0.18,0.18,1.0
12.385038137435913,1,,0.0,0.5,0.0,-0.014840020214857716,-0.021420647001091937,-0.0007496169937974726,-0.18,0.18,1.0
12.385038137435913,1,,0.0,0.5,0.0,-0.02061612877271875,-0.006265276871878572,-0.011858223593660162,-0.18,0.18,1.0
12.425321817398071,1,,0.0,0.5,0.0,-0.011485982833042757,0.007159827475330667,-0.008396664309731138,-0.18,0.18,1.0
12.425321817398071,1,,0.0,0.5,0.0,0.0003120087897703377,-0.01210416072625825,-0.004870843042713365,-0.18,0.18,1.0
12.425321817398071,1,,0.0,0.5,0.0,-0.009769482292530607,-0.028338366690475316,-0.0010782737773572205,-0.18,0.18,1.0
12.425321817398071,1,,0.0,0.5,0.0,-0.0064199570956051544,-0.015340625864213196,-0.006616571252462358,-0.18,0.18,1.0
12.425321817398071,1,,0.0,0.5,0.0,0.0005425730646921403,-0.01317243060761278,-0.0037397431647259766,-0.18,0.18,1.0
12.425321817398071,1,,0.0,0.5,0.0,-0.006861441592278088,-0.014564924626101296,-0.007230443030584787,-0.18,0.18,1.0
12.425321817398071,1,,0.0,0.5,0.0,-0.005275613814227869,-0.022364103170724056,-0.005218878413111948,-0.18,0.18,1.0
12.425321817398071,1,,0.0,0.5,0.0,0.007687839619418285,-0.0028679574635984205,-0.001422634339806183,-0.18,0.18,1.0
12.425321817398071,1,,0.0,0.5,0.0,0.010814474834897865,-0.01877792150779144,-0.0052480156230504975,-0.18,0.18,1.0
12.425321817398071,1,,0.0,0.5,0.0,0.02103012607702862,-0.006449862107286315,-0.006028913684152811,-0.18,0.18,1.0
12.475696325302124,1,,0.0,0.5,0.0,0.02726198892236122,0.01275446407549286,-0.004197553818696005,-0.18,0.18,1.0
12.475696325302124,1,,0.0,0.5,0.0,0.012162739602488246,0.00037684576989939185,0.0018149932690397874,-0.18,0.18,1.0
12.475696325302124,1,,0.0,0.5,0.0,0.009332437059870004,0.011687201053348806,0.003963947825111635,-0.18,0.18,1.0
12.475696325302124,1,,0.0,0.5,0.0,0.006273771102903893,0.015097190269111792,-0.0028975928620659764,-0.18,0.18,1.0
12.475696325302124,1,,0.0,0.5,0.0,0.00484182701302834,0.013781389616712983,0.0018259065966749297,-0.18,0.18,1.0
12.475696325302124,1,,0.0,0.5,0.0,0.010190697891699655,-0.0066797495327059414,0.000918959556305946,-0.18,0.18,1.0
12.475696325302124,1,,0.0,0.5,0.0,0.01875527716995595,-0.01654489102031733,0.0025954958189467227,-0.18,0.18,1.0
12.475696325302124,1,,0.0,0.5,0.0,0.013759671742516388,-0.011803109376798723,0.0067978074527657055,-0.18,0.18,1.0
12.475696325302124,1,,0.0,0.5,0.0,0.0019720203247912274,0.014070115112641364,-0.0023412218356856796,-0.18,0.18,1.0
12.475696325302124,1,,0.0,0.5,0.0,-0.005155994953841554,0.0005754735419755537,-0.0019942828365542256,-0.18,0.18,1.0
12.515985250473022,1,,0.0,0.5,0.0,0.0022862372236481005,0.008722898095977606,-0.0032621165309395083,-0.18,0.18,1.0
12.515985250473022,1,,0.0,0.5,0.0,-0.014030131444932873,-0.01058429127555959,-0.004628443392788266,-0.18,0.18,1.0
12.515985250473022,1,,0.0,0.5,0.0,-0.009558560610386017,-0.003469205491123698,0.002948398227733909,-0.18,0.18,1.0
12.515985250473022,1,,0.0,0.5,0.0,-0.009012234805789767,0.0143217425242801,-0.007595751253690283,-0.18,0.18,1.0
12.515985250473022,1,,0.0,0.5,0.0,-0.008663303396707947,-0.01348085312912408,-0.006226334170061201,-0.18,0.18,1.0
12.515985250473022,1,,0.0,0.5,0.0,-0.00945457890080065,-0.031038723756537993,-0.0035322680927668136,-0.18,0.18,1.0
12.515985250473022,1,,0.0,0.5,0.0,-0.015001622528378765,-0.024962801434947616,-0.0047759113968819725,-0.18,0.18,1.0
12.515985250473022,1,,0.0,0.5,0.0,-0.01220381442642488,-0.013235437537811784,-0.004781980823492686,-0.18,0.18,1.0
12.515985250473022,1,,0.0,0.5,0.0,0.00122824279357052,-0.017144045585435176,0.0020562956968668976,-0.18,0.18,1.0
12.515985250473022,1,,0.0,0.5,0.0,-0.006780336462786798,-0.0253023656925574,0.0002447371265361883,-0.18,0.18,1.0
12.556273460388184,1,,0.0,0.5,0.0,-0.0068777933593930024,-0.021846665235840102,0.0027532315642286955,-0.18,0.18,1.0
12.556273460388184,1,,0.0,0.5,0.0,-0.010479875336474005,-0.007244485302453006,-0.004351868420112899,-0.18,0.18,1.0
12.556273460388184,1,,0.0,0.5,0.0,-0.006327705815055465,-0.00662330521109099,-0.006937985791579247,-0.18,0.18,1.0
12.556273460388184,1,,0.0,0.5,0.0,-0.009931373250512576,-0.016427731554276518,-0.007831823720873973,-0.18,0.18,1.0
12.556273460388184,1,,0.0,0.5,0.0,-0.01042417660204573,-0.017517784372153507,-0.0035892431059961795,-0.18,0.18,1.0
12.556273460388184,1,,0.0,0.5,0.0,0.0022578663766811566,-0.019920077007559954,-0.008453044587579762,-0.18,0.18,1.0
12.556273460388184,1,,0.0,0.5,0.0,-0.012618304870351042,-0.008559913334926532,-0.007747688264534583,-0.18,0.18,1.0
12.556273460388184,1,,0.0,0.5,0.0,0.001617616731159215,-0.012756287164192543,-0.008416522682727186,-0.18,0.18,1.0
12.556273460388184,1,,0.0,0.5,0.0,0.001416899736407895,-0.02387397563306093,-0.01607630860368325,-0.18,0.18,1.0
12.556273460388184,1,,0.0,0.5,0.0,-0.012754298878066582,-0.032846436479983164,-0.009601769443279265,-0.18,0.18,1.0
12.596562623977661,1,,0.0,0.5,0.0,-0.006050636617591023,-0.02050208587035728,-0.012719841022070324,-0.18,0.18,1.0
12.596562623977661,1,,0.0,0.5,0.0,-0.01663972914556997,-0.002687145795622216,-0.00774721275332841,-0.18,0.18,1.0
12.596562623977661,1,,0.0,0.5,0.0,-0.002003451815037946,-0.024310792483098507,-0.012720213202342638,-0.18,0.18,1.0
12.596562623977661,1,,0.0,0.5,0.0,-0.005828761464263765,-0.03510083994429008,0.0012762808794999087,-0.18,0.18,1.0
12.596562623977661,1,,0.0,0.5,0.0,0.006118776886843991,-0.009142696305808573,-0.0014060347761741762,-0.18,0.18,1.0
12.596562623977661,1,,0.0,0.5,0.0,-0.006649624206273903,-0.009042822951633582,-0.0059662194703604425,-0.18,0.18,1.0
12.596562623977661,1,,0.0,0.5,0.0,0.008294625928759482,-0.023587541689052367,-0.012921982543500613,-0.18,0.18,1.0
12.596562623977661,1,,0.0,0.5,0.0,-0.00027566304139509145,0.0020644273747865327,-0.008423219866759016,-0.18,0.18,1.0
12.596562623977661,1,,0.0,0.5,0.0,0.00525330263629286,-0.01700650859856386,-0.010016533709431666,-0.18,0.18,1.0
12.596562623977661,1,,0.0,0.5,0.0,-0.0003511481928200732,-0.02341378635646112,-0.007052264802190089,-0.18,0.18,1.0
12.646957874298096,1,,0.0,0.5,0.0,-0.009755873573609925,-0.01933332900727597,-0.009046721916055874,-0.18,0.18,1.0
12.646957874298096,1,,0.0,0.5,0.0,0.0040374758925605355,-0.003155454274012341,-0.009973384230507934,-0.18,0.18,1.0
12.646957874298096,1,,0.0,0.5,0.0,-0.008570312735246395,-0.006928888324410681,-0.009066489601650412,-0.18,0.18,1.0
12.646957874298096,1,,0.0,0.5,0.0,-0.006320634987733693,-0.02770165989123844,-0.007289759674700156,-0.18,0.18,1.0
12.646957874298096,1,,0.0,0.5,0.0,-0.0012752554589226907,-0.009458082370782746,-0.0004931090306306985,-0.18,0.18,1.0
12.646957874298096,1,,0.0,0.5,0.0,0.006211483701347857,0.009833079485854691,-0.005360160964883539,-0.18,0.18,1.0
12.646957874298096,1,,0.0,0.5,0.0,0.012283869883560866,-0.01462794325913027,-0.005502452568867198,-0.18,0.18,1.0
12.646957874298096,1,,0.0,0.5,0.0,0.003781245638960236,-0.00337841792608598,-0.007898210371011143,-0.18,0.18,1.0
12.646957874298096,1,,0.0,0.5,0.0,-0.004709687695250254,-0.006350774459440506,0.0027809772403057115,-0.18,0.18,1.0
12.646957874298096,1,,0.0,0.5,0.0,0.003081210970927907,-0.009981345466660406,0.00039130271056352127,-0.18,0.18,1.0
12.687290668487549,1,,0.0,0.5,0.0,-0.005076177787672526,-0.00871857621877376,0.00362765698968024,-0.18,0.18,1.0
12.687290668487549,1,,0.0,0.5,0.0,-0.012956760497964416,0.0008812978238830616,0.0028809732395610314,-0.18,0.18,1.0
12.687290668487549,1,,0.0,0.5,0.0,-0.015502664777015444,-0.002752618688613047,-0.009930453725476528,-0.18,0.18,1.0
12.687290668487549,1,,0.0,0.5,0.0,-0.014408838390203576,-0.017146581818716727,-0.014806699689877786,-0.18,0.18,1.0
12.687290668487549,1,,0.0,0.5,0.0,-0.01237253821776831,-0.019780232907449524,-0.007996546908937344,-0.18,0.18,1.0
12.687290668487549,1,,0.0,0.5,0.0,-0.006661624674603044,-0.03227678004792007,-0.013251145010772857,-0.18,0.18,1.0
12.687290668487549,1,,0.0,0.5,0.0,-0.007081241434770187,-0.027755169210662886,-0.008289013983808697,-0.18,0.18,1.0
12.687290668487549,1,,0.0,0.5,0.0,-0.00959554735451044,-0.005118629782366914,-0.006065302725626768,-0.18,0.18,1.0
12.687290668487549,1,,0.0,0.5,0.0,-0.005489936998761478,0.0007432226808095936,-0.001878095437202118,-0.18,0.18,1.0
12.687290668487549,1,,0.0,0.5,0.0,-0.010036800565671732,-0.007079445942209895,-0.0031759064256259486,-0.18,0.18,1.0
12.727644681930542,1,,0.0,0.5,0.0,-0.002522256121622781,-0.02070636734593046,-0.004832684495046512,-0.18,0.18,1.0
12.727644681930542,1,,0.0,0.5,0.0,-0.012232539396156086,-0.015251401929456277,-0.00999469582343064,-0.18,0.18,1.0
12.727644681930542,1,,0.0,0.5,0.0,-0.00616188393896919,-0.002630916835702342,-0.004024096821137439,-0.18,0.18,1.0
12.727644681930542,1,,0.0,0.5,0.0,-0.008286298639472826,0.0016119067046730625,-0.00574484492297488,-0.18,0.18,1.0
12.727644681930542,1,,0.0,0.5,0.0,-0.021057936037628282,-0.012056458084268067,-0.0041752989536728265,-0.18,0.18,1.0
12.727644681930542,1,,0.0,0.5,0.0,-0.023641319360152346,-0.026065225058722982,-0.002918674027427583,-0.18,0.18,1.0
12.727644681930542,1,,0.0,0.5,0.0,-0.0024878473353729326,-0.03763206755193974,-5.2346277571746515e-05,-0.18,0.18,1.0
12.727644681930542,1,,0.0,0.5,0.0,-0.010221209862239438,-0.02646071187777217,-0.004539519568959175,-0.18,0.18,1.0
12.727644681930542,1,,0.0,0.5,0.0,-0.02004049886932255,-0.008764688639653505,-0.005984484779977542,-0.18,0.18,1.0
12.727644681930542,1,,0.0,0.5,0.0,-0.014349508040074064,0.008582148261434957,-0.00794491744479886,-0.18,0.18,1.0
12.767982959747314,1,,0.0,0.5,0.0,-0.013020819741801457,-0.0007019752344953749,-0.007001451649964721,-0.18,0.18,1.0
12.767982959747314,1,,0.0,0.5,0.0,-0.015321606062538632,-0.01703992036424356,-0.00273017534970971,-0.18,0.18,1.0
12.767982959747314,1,,0.0,0.5,0.0,-0.024076060686207938,-0.002805401410088464,-0.011030184487265572,-0.18,0.18,1.0
12.767982959747314,1,,0.0,0.5,0.0,-0.01704273870465359,0.01217034768301336,-0.004567435644782571,-0.18,0.18,1.0
12.767982959747314,1,,0.0,0.5,0.0,-0.009587845328981163,-0.001649486467559641,-0.012733367856416437,-0.18,0.18,1.0
12.767982959747314,1,,0.0,0.5,0.0,-0.016853417590616485,0.008734025323818286,-0.0022742614817359494,-0.18,0.18,1.0
12.767982959747314,1,,0.0,0.5,0.0,-0.017762056990972414,-0.002591929511761829,0.005086233914906584,-0.18,0.18,1.0
12.767982959747314,1,,0.0,0.5,0.0,-0.024101028192564388,0.009457259230199919,0.009421886720515854,-0.18,0.18,1.0
12.767982959747314,1,,0.0,0.5,0.0,-0.014001516833020252,-0.00523000772152236,0.008241855594140294,-0.18,0.18,1.0
12.767982959747314,1,,0.0,0.5,0.0,-0.012794425376950457,0.009537155580260682,0.00012709036061649796,-0.18,0.18,1.0
12.818401575088501,1,,0.0,0.5,0.0,-0.016086889758715785,-0.009601678998900062,-1.157664552225469e-05,-0.18,0.18,1.0
12.818401575088501,1,,0.0,0.5,0.0,-0.01966579721923008,0.004999119957330848,-0.00591402797596191,-0.18,0.18,1.0
12.818401575088501,1,,0.0,0.5,0.0,-0.01083131090262385,0.008898957761327672,-0.003135147672079327,-0.18,0.18,1.0
12.818401575088501,1,,0.0,0.5,0.0,-0.01604725761185318,-0.014205129125760194,-0.004592664073371618,-0.18,0.18,1.0
12.818401575088501,1,,0.0,0.5,0.0,-0.004489763595662183,-0.009567399445051541,-0.006562763527695128,-0.18,0.18,1.0
12.818401575088501,1,,0.0,0.5,0.0,-0.013012172880858184,-0.010845991907482352,0.0011688150914760669,-0.18,0.18,1.0
12.818401575088501,1,,0.0,0.5,0.0,-0.016810063353715717,-0.02818312200396086,0.0006806196144774318,-0.18,0.18,1.0
12.818401575088501,1,,0.0,0.5,0.0,-0.0006037331294393782,-0.002630380075855369,-0.0048516746344290295,-0.18,0.18,1.0
12.818401575088501,1,,0.0,0.5,0.0,-0.010093726573597833,-0.012483615024710121,-0.00713006855079411,-0.18,0.18,1.0
12.818401575088501,1,,0.0,0.5,0.0,-0.0028017190299328104,-0.003590373371815562,-0.017756518321140835,-0.18,0.18,1.0
12.858729600906372,1,,0.0,0.5,0.0,-0.012409127530821991,0.003952811946764882,-0.007815792354725456,-0.18,0.18,1.0
12.858729600906372,1,,0.0,0.5,0.0,-0.0037962910382575077,-0.008340657649402334,-0.010129744244882633,-0.18,0.18,1.0
12.858729600906372,1,,0.0,0.5,0.0,0.001982184211540717,-0.03073399916432074,-0.009849985705504116,-0.18,0.18,1.0
12.858729600906372,1,,0.0,0.5,0.0,-0.006499121953731683,-0.01348992934049524,-0.004564799657759292,-0.18,0.18,1.0
12.858729600906372,1,,0.0,0.5,0.0,-0.008400501569716638,-0.022817540790877246,-0.011018787040990035,-0.18,0.18,1.0
12.858729600906372,1,,0.0,0.5,0.0,-0.01616358406447923,-0.02426695604730422,-0.005969151358415718,-0.18,0.18,1.0
12.858729600906372,1,,0.0,0.5,0.0,0.0033589973282063625,0.0019756309900508698,-0.002543998531400744,-0.18,0.18,1.0
12.858729600906372,1,,0.0,0.5,0.0,-0.0005777126510228409,-0.004027264107879317,0.003966420604870062,-0.18,0.18,1.0
12.858729600906372,1,,0.0,0.5,0.0,0.0023751414765739126,-0.012588371693451133,0.0013056958393508978,-0.18,0.18,1.0
12.858729600906372,1,,0.0,0.5,0.0,-0.00998262374962326,-0.008420802313413302,-0.004116101704031495,-0.18,0.18,1.0
12.899022579193115,1,,0.0,0.5,0.0,-0.009119748525046613,-0.0032054305591513368,-0.0005632585835160426,-0.18,0.18,1.0
12.899022579193115,1,,0.0,0.5,0.0,-0.009877753179346431,0.00837851968966592,-0.007410496825995145,-0.18,0.18,1.0
12.899022579193115,1,,0.0,0.5,0.0,0.008362689674294902,0.014855736965844581,-0.004553479495993883,-0.18,0.18,1.0
12.899022579193115,1,,0.0,0.5,0.0,0.007163979390943771,-0.003337727684982944,-0.009197911901655201,-0.18,0.18,1.0
12.899022579193115,1,,0.0,0.5,0.0,0.005768369171118075,-0.00910349141178808,-0.003913815130648336,-0.18,0.18,1.0
12.899022579193115,1,,0.0,0.5,0.0,0.0067449582915909195,-0.012232195075453546,-0.008846803202344511,-0.18,0.18,1.0
12.899022579193115,1,,0.0,0.5,0.0,-0.006970804103988288,-0.02621353324401734,-0.003324931290068703,-0.18,0.18,1.0
12.899022579193115,1,,0.0,0.5,0.0,-0.011671808832400293,-0.022620177325406277,-0.0002107874773992169,-0.18,0.18,1.0
12.899022579193115,1,,0.0,0.5,0.0,-0.005016933957438505,-0.011914131425263335,-0.0009996696235151429,-0.18,0.18,1.0
12.899022579193115,1,,0.0,0.5,0.0,-0.0035098222229359155,-0.0046838492071782315,-0.0023192979525811833,-0.18,0.18,1.0
12.949407577514648,1,,0.0,0.5,0.0,-0.006810136350885437,0.0010880390874332742,-0.002296482334898644,-0.18,0.18,1.0
12.949407577514648,1,,0.0,0.5,0.0,0.003551055764128847,0.012609631816888877,-0.0027054608825228836,-0.18,0.18,1.0
12.949407577514648,1,,0.0,0.5,0.0,0.0022613160849283714,0.01466564517803388,-0.00814525232348268,-0.18,0.18,1.0
12.949407577514648,1,,0.0,0.5,0.0,0.0009463555794609103,-0.0015649764463770107,-0.011837962372787244,-0.18,0.18,1.0
12.949407577514648,1,,0.0,0.5,0.0,-0.00036551002685969246,-0.021384498414551697,-0.011928622242641948,-0.18,0.18,1.0
12.949407577514648,1,,0.0,0.5,0.0,0.006825641155687803,-0.03587687122563874,-0.0075153419529609905,-0.18,0.18,1.0
12.949407577514648,1,,0.0,0.5,0.0,-0.00257274133374007,-0.0341901969366581,-0.003490695459817782,-0.18,0.18,1.0
12.949407577514648,1,,0.0,0.5,0.0,-0.007220213053589109,-0.022985338483281995,-0.006073497496148758,-0.18,0.18,1.0
12.949407577514648,1,,0.0,0.5,0.0,-0.01159492204142563,-0.01049060748705112,-0.002995841178032205,-0.18,0.18,1.0
12.989705085754395,1,,0.0,0.5,0.0,-0.004457233795881489,-0.020907007113255844,-0.01137261430593119,-0.18,0.18,1.0
12.989705085754395,1,,0.0,0.5,0.0,-0.0029856114947230867,-0.03161193396317406,-0.010517381187133865,-0.18,0.18,1.0
12.989705085754395,1,,0.0,0.5,0.0,-0.0025362187824703075,-0.007393917153734135,-0.009587244623014607,-0.18,0.18,1.0
12.989705085754395,1,,0.0,0.5,0.0,-0.012914984394742824,-0.02042408294147343,-0.006218070618528918,-0.18,0.18,1.0
12.989705085754395,1,,0.0,0.5,0.0,-0.008090783293313131,-0.033600482677088324,-0.010428520244270434,-0.18,0.18,1.0
12.989705085754395,1,,0.0,0.5,0.0,-0.014371781288570763,-0.03504956634745541,-0.0033116179853559433,-0.18,0.18,1.0
12.989705085754395,1,,0.0,0.5,0.0,-0.01521365368585261,-0.02685729325500322,-0.008060210215760123,-0.18,0.18,1.0
12.989705085754395,1,,0.0,0.5,0.0,-0.0018791916877283535,-0.005860390915179267,0.002609800115038603,-0.18,0.18,1.0
12.989705085754395,1,,0.0,0.5,0.0,-0.005576303725120849,0.013241445841251951,0.0017675618465214419,-0.18,0.18,1.0
12.989705085754395,1,,0.0,0.5,0.0,0.0014047183738500678,0.02109320213333744,0.003931271624814038,-0.18,0.18,1.0
13.030017614364624,1,,0.0,0.5,0.0,-0.002751555024157999,0.009432816992901926,0.0006686301447724576,-0.18,0.18,1.0
13.030017614364624,1,,0.0,0.5,0.0,-0.007802878948362284,-0.014932831246008242,-0.008346471373819303,-0.18,0.18,1.0
13.030017614364624,1,,0.0,0.5,0.0,0.0033541379520218755,-0.022026512431148403,-0.00742101335876474,-0.18,0.18,1.0
13.030017614364624,1,,0.0,0.5,0.0,0.0053641429063236235,-0.027458906277984196,-0.002251898299360706,-0.18,0.18,1.0
13.030017614364624,1,,0.0,0.5,0.0,-0.01079736262678275,-0.005100746598627452,-0.011821385846383743,-0.18,0.18,1.0
13.030017614364624,1,,0.0,0.5,0.0,0.001983760001838829,-0.014058116955307582,-0.013090315547974248,-0.18,0.18,1.0
13.030017614364624,1,,0.0,0.5,0.0,-0.00817228772980604,-0.013872699667956805,-0.005442992659340972,-0.18,0.18,1.0
13.030017614364624,1,,0.0,0.5,0.0,-0.02083081057390423,-0.003397330231271795,-0.012930573888407997,-0.18,0.18,1.0
13.030017614364624,1,,0.0,0.5,0.0,-0.0021616648117400404,-0.022288494117476493,-0.013901237397076943,-0.18,0.18,1.0
13.030017614364624,1,,0.0,0.5,0.0,-0.008129412879680534,-0.03075657449918938,-0.007363607776813062,-0.18,0.18,1.0
13.070334196090698,1,,0.0,0.5,0.0,-0.007642359024832069,-0.011105124024996563,-0.0038186688364690432,-0.18,0.18,1.0
13.070334196090698,1,,0.0,0.5,0.0,-0.003061453811323571,-0.003358852285849811,-0.0018549412286375563,-0.18,0.18,1.0
13.070334196090698,1,,0.0,0.5,0.0,-0.019378958840692594,-0.024496527275705966,-0.004490211403909332,-0.18,0.18,1.0
13.070334196090698,1,,0.0,0.5,0.0,-0.009475760366126443,-0.032196017945932486,-0.0004033422258636181,-0.18,0.18,1.0
13.070334196090698,1,,0.0,0.5,0.0,-0.010726684884470787,-0.035923676907698245,-0.002262094457363414,-0.18,0.18,1.0
13.070334196090698,1,,0.0,0.5,0.0,-0.0022312135886271896,-0.006213886333133599,-0.005805232284428273,-0.18,0.18,1.0
13.070334196090698,1,,0.0,0.5,0.0,-0.014517926915786397,-0.002063329486458235,-0.002518126387942715,-0.18,0.18,1.0
13.070334196090698,1,,0.0,0.5,0.0,0.0001294307788065672,-0.012493794575311468,-0.008870657539865556,-0.18,0.18,1.0
13.070334196090698,1,,0.0,0.5,0.0,-0.008612484103831338,-0.0023512841233491576,0.0018943365690201415,-0.18,0.18,1.0
13.070334196090698,1,,0.0,0.5,0.0,-0.002974133727629737,-0.02012960993237721,0.0002622813219683104,-0.18,0.18,1.0
13.120763063430786,1,,0.0,0.5,0.0,-0.013878537152858488,-0.010659293157445737,-0.006802673076580749,-0.18,0.18,1.0
13.120763063430786,1,,0.0,0.5,0.0,-0.016568287192633733,0.0016967488956039667,-0.0006057727929404601,-0.18,0.18,1.0
13.120763063430786,1,,0.0,0.5,0.0,-0.0035944918940384865,-0.0003102401759713769,0.000830622632605063,-0.18,0.18,1.0
13.120763063430786,1,,0.0,0.5,0.0,-0.018983741346376377,-0.019873195632892707,-0.005330026964822299,-0.18,0.18,1.0
13.120763063430786,1,,0.0,0.5,0.0,-0.013919612256059902,-0.007412352499615288,-0.007980308837315256,-0.18,0.18,1.0
13.120763063430786,1,,0.0,0.5,0.0,-0.01634141412453231,-0.019252647685544803,-0.0035663144487747133,-0.18,0.18,1.0
13.120763063430786,1,,0.0,0.5,0.0,-0.005850354293797995,-0.030088816303862544,-0.003132695405072129,-0.18,0.18,1.0
13.120763063430786,1,,0.0,0.5,0.0,-0.00955875574983841,-0.0032236960043942465,-0.0005747506273007052,-0.18,0.18,1.0
13.120763063430786,1,,0.0,0.5,0.0,-0.007978997282284482,-0.005846300354043523,-0.0034323270479844005,-0.18,0.18,1.0
13.120763063430786,1,,0.0,0.5,0.0,-0.009142352951771177,-0.011386275713986344,-0.005167629423388591,-0.18,0.18,1.0
13.161064147949219,1,,0.0,0.5,0.0,-0.015265878722003459,-0.000505916366944658,-0.012514694287140768,-0.18,0.18,1.0
13.161064147949219,1,,0.0,0.5,0.0,-0.007405949040896497,-0.003986397404359007,-0.009015284556137369,-0.18,0.18,1.0
13.161064147949219,1,,0.0,0.5,0.0,-0.006392882852001948,0.002426180139546587,-0.007936720701935717,-0.18,0.18,1.0
13.161064147949219,1,,0.0,0.5,0.0,-0.01669512116040824,0.012245733883756776,-0.004196036842254064,-0.18,0.18,1.0
13.161064147949219,1,,0.0,0.5,0.0,-0.0005852289469557347,0.02133976139955194,-0.010400716387700171,-0.18,0.18,1.0
13.161064147949219,1,,0.0,0.5,0.0,-0.01421556986569736,0.03092201037395186,-0.0035858297888086725,-0.18,0.18,1.0
13.161064147949219,1,,0.0,0.5,0.0,-0.010841997014337808,0.022479782380338716,-0.0016158056257983638,-0.18,0.18,1.0
13.161064147949219,1,,0.0,0.5,0.0,-0.011743269898933562,0.023722317383197425,-0.0015318188128081495,-0.18,0.18,1.0
13.161064147949219,1,,0.0,0.5,0.0,0.0004771210172711102,0.011864405464688246,-0.0033299515527352003,-0.18,0.18,1.0
13.161064147949219,1,,0.0,0.5,0.0,-0.015952931999539982,-0.013614284189871255,-0.0006969603879186715,-0.18,0.18,1.0
13.201347827911377,1,,0.0,0.5,0.0,-0.006813761402628508,-0.02171721014421718,0.004289154443581104,-0.18,0.18,1.0
13.201347827911377,1,,0.0,0.5,0.0,-0.003967840775573648,-0.02291489818562483,-0.0007324745631697158,-0.18,0.18,1.0
13.201347827911377,1,,0.0,0.5,0.0,-0.0013811965394031987,-0.010207720566771888,-0.003100074073637136,-0.18,0.18,1.0
13.201347827911377,1,,0.0,0.5,0.0,0.0004324127835003086,-0.01632276460445783,0.0010464172357308383,-0.18,0.18,1.0
13.201347827911377,1,,0.0,0.5,0.0,-0.008778691354257356,-0.02200469576207229,0.0004313639128638874,-0.18,0.18,1.0
13.201347827911377,1,,0.0,0.5,0.0,-0.013485393693618813,-0.02809815387145919,0.0010198697263850015,-0.18,0.18,1.0
13.201347827911377,1,,0.0,0.5,0.0,-0.0029133294116740266,-0.008403707521179029,0.004543888498684032,-0.18,0.18,1.0
13.201347827911377,1,,0.0,0.5,0.0,-0.004002195705216833,-0.021254342746169927,-0.004663911889439406,-0.18,0.18,1.0
13.201347827911377,1,,0.0,0.5,0.0,-0.0034334007999526827,-0.004439147529340349,-0.005742274307022124,-0.18,0.18,1.0
13.201347827911377,1,,0.0,0.5,0.0,-0.01802982565679822,-0.018904447207504654,-0.008013220611144005,-0.18,0.18,1.0
13.241653442382812,1,,0.0,0.5,0.0,-0.0071490141409377515,-0.026199644013899792,-0.0024811007100451815,-0.18,0.18,1.0
13.241653442382812,1,,0.0,0.5,0.0,-0.023026162181640566,-0.0036852932346075717,0.0040923266536093345,-0.18,0.18,1.0
13.241653442382812,1,,0.0,0.5,0.0,-0.013052488201441555,0.008436877381426327,-0.0015805225446415313,-0.18,0.18,1.0
13.241653442382812,1,,0.0,0.5,0.0,0.0036269551086067324,-0.0015848404847793281,-0.005048007941975673,-0.18,0.18,1.0
13.241653442382812,1,,0.0,0.5,0.0,-0.0055310499978504955,-0.01930674732647515,-0.011321875894523067,-0.18,0.18,1.0
13.241653442382812,1,,0.0,0.5,0.0,-0.01532323554231163,-0.025900023066717782,-0.011021488591224449,-0.18,0.18,1.0
13.241653442382812,1,,0.0,0.5,0.0,-0.002104550480169766,-0.0034963106724865984,-0.007133400539618234,-0.18,0.18,1.0
13.241653442382812,1,,0.0,0.5,0.0,-0.0043834300803699015,-0.011296769942487947,-0.015518424875317403,-0.18,0.18,1.0
13.241653442382812,1,,0.0,0.5,0.0,-0.014593735588984913,-0.016494342727405038,-0.013300411258837193,-0.18,0.18,1.0
13.241653442382812,1,,0.0,0.5,0.0,-0.01764510663247917,-0.024249001314691078,-0.016937445238465115,-0.18,0.18,1.0
13.292024374008179,1,,0.0,0.5,0.0,-0.011478824483237763,-0.021181470711694426,-0.00828404442943496,-0.18,0.18,1.0
13.292024374008179,1,,0.0,0.5,0.0,0.004191306744062977,-0.004780109772446883,0.0034081280420480645,-0.18,0.18,1.0
13.292024374008179,1,,0.0,0.5,0.0,-0.004322445320076123,-0.015207744807920278,-0.004513822665717267,-0.18,0.18,1.0
13.292024374008179,1,,0.0,0.5,0.0,-0.013739924543696528,-0.023082161700517873,-0.0021592278738782338,-0.18,0.18,1.0
13.292024374008179,1,,0.0,0.5,0.0,-0.014378715266763497,-0.00475398365918317,0.002010030472926336,-0.18,0.18,1.0
13.292024374008179,1,,0.0,0.5,0.0,-0.007306836450090498,-0.013031846178713793,-0.004623167460950516,-0.18,0.18,1.0
13.292024374008179,1,,0.0,0.5,0.0,-0.013315098344213164,-0.008795290716344021,-0.0071429536127020025,-0.18,0.18,1.0
13.292024374008179,1,,0.0,0.5,0.0,-0.0036491917370494544,0.00307583148213183,0.005141598451030837,-0.18,0.18,1.0
13.292024374008179,1,,0.0,0.5,0.0,-0.0178998036754793,0.0043532386831459415,0.0002570670623849156,-0.18,0.18,1.0
13.292024374008179,1,,0.0,0.5,0.0,-0.014901790766969498,-0.009708877332569513,0.0017879333754020957,-0.18,0.18,1.0
13.332391500473022,1,,0.0,0.5,0.0,-0.005404718506607656,0.0028498510058506793,0.0010276477306873232,-0.18,0.18,1.0
13.332391500473022,1,,0.0,0.5,0.0,-0.010195864815579339,-0.011441248991686324,-0.0037212603283727575,-0.18,0.18,1.0
13.332391500473022,1,,0.0,0.5,0.0,-0.005921365940506316,-0.006313835587228469,-0.005267855612160376,-0.18,0.18,1.0
13.332391500473022,1,,0.0,0.5,0.0,-0.007127235892165431,0.0027685668753454837,-0.006188648435313705,-0.18,0.18,1.0
13.332391500473022,1,,0.0,0.5,0.0,-0.013382326659620983,0.0024077047813591945,-0.009581401780326513,-0.18,0.18,1.0
13.332391500473022,1,,0.0,0.5,0.0,-0.011286088355079703,-0.02366256245295914,-0.0009453200780213573,-0.18,0.18,1.0
13.332391500473022,1,,0.0,0.5,0.0,-0.007044709335721387,-0.023287781510490466,-0.0012865602983496002,-0.18,0.18,1.0
13.332391500473022,1,,0.0,0.5,0.0,-0.0037349698283709377,-0.008995667451535367,-0.003904739519709477,-0.18,0.18,1.0
13.332391500473022,1,,0.0,0.5,0.0,-0.002067562106750218,0.0032036335241022317,0.0013787853890637931,-0.18,0.18,1.0
13.332391500473022,1,,0.0,0.5,0.0,-0.004623383633985153,-0.0007376701590368002,2.2694918039224504e-05,-0.18,0.18,1.0
13.372694969177246,1,,0.0,0.5,0.0,0.008296805981384396,-0.00799959026820189,0.000212312084637517,-0.18,0.18,1.0
13.372694969177246,1,,0.0,0.5,0.0,-0.005316325363062669,0.0034162283391780818,0.002582897464330831,-0.18,0.18,1.0
13.372694969177246,1,,0.0,0.5,0.0,-0.01149040919457633,-0.005142524101629086,-0.0009471653278962137,-0.18,0.18,1.0
13.372694969177246,1,,0.0,0.5,0.0,0.0017432914882832427,0.004511016793209492,0.00536611861724026,-0.18,0.18,1.0
13.372694969177246,1,,0.0,0.5,0.0,-0.009952476492685514,-0.012933532276579611,0.002438537049118985,-0.18,0.18,1.0
13.372694969177246,1,,0.0,0.5,0.0,-0.0011371099358020295,0.0008309596091434898,0.00029053284959845477,-0.18,0.18,1.0
13.372694969177246,1,,0.0,0.5,0.0,0.0020014831422192556,0.001904934870746498,-0.007127523888299148,-0.18,0.18,1.0
13.372694969177246,1,,0.0,0.5,0.0,-0.005252468921032515,-0.016327117119443433,-0.007480688656518198,-0.18,0.18,1.0
13.372694969177246,1,,0.0,0.5,0.0,0.004683648072823726,0.0010963259294746836,-0.014872413608479748,-0.18,0.18,1.0
13.372694969177246,1,,0.0,0.5,0.0,-0.010539722152331786,-0.004804467487286135,-0.002668901294074229,-0.18,0.18,1.0
13.423068046569824,1,,0.0,0.5,0.0,0.003326775713073676,-0.0026285615624527876,-0.0014300747452617787,-0.18,0.18,1.0
13.423068046569824,1,,0.0,0.5,0.0,-0.006780867552062568,-0.01185118996247925,-0.0008030004715724304,-0.18,0.18,1.0
13.423068046569824,1,,0.0,0.5,0.0,0.004221768163330157,-0.026087558745643977,0.007884775127897994,-0.18,0.18,1.0
13.423068046569824,1,,0.0,0.5,0.0,-0.007914592216337021,-0.008330739666441522,0.0059853038393092965,-0.18,0.18,1.0
13.423068046569824,1,,0.0,0.5,0.0,0.001033971024124976,-0.013902009269608297,0.003724923027351585,-0.18,0.18,1.0
13.423068046569824,1,,0.0,0.5,0.0,-0.011622114403515238,-0.031341995912638164,0.002410463793344104,-0.18,0.18,1.0
13.423068046569824,1,,0.0,0.5,0.0,-0.011209794412251492,-0.01668102416911137,-0.00298888437189659,-0.18,0.18,1.0
13.423068046569824,1,,0.0,0.5,0.0,-0.010916189791968994,-0.015717250091330248,0.0049038852332602256,-0.18,0.18,1.0
13.423068046569824,1,,0.0,0.5,0.0,-0.02354510644606811,-0.025846347100696825,0.0038062838233658765,-0.18,0.18,1.0
13.423068046569824,1,,0.0,0.5,0.0,-0.018590277326722134,-0.017478489800707465,0.0014101625534407925,-0.18,0.18,1.0
13.463386297225952,1,,0.0,0.5,0.0,-0.014979379455603528,-0.027898278504720778,-0.005077877007032779,-0.18,0.18,1.0
13.463386297225952,1,,0.0,0.5,0.0,-0.003428966527193169,-0.03138244197779727,-0.0006583285556524055,-0.18,0.18,1.0
13.463386297225952,1,,0.0,0.5,0.0,-0.012461384797497267,-0.016329546179461186,-0.007950864255604128,-0.18,0.18,1.0
13.463386297225952,1,,0.0,0.5,0.0,-0.006967363988617656,-0.03143948998438223,-0.003768659687253469,-0.18,0.18,1.0
13.463386297225952,1,,0.0,0.5,0.0,-0.021786346108470283,-0.021881815814496445,-0.004127745493361696,-0.18,0.18,1.0
13.463386297225952,1,,0.0,0.5,0.0,-0.003275125383662556,-0.006973227091722976,-0.00797077447373217,-0.18,0.18,1.0
13.463386297225952,1,,0.0,0.5,0.0,-0.01617064041701191,-0.01977475815425014,-0.00718213299073186,-0.18,0.18,1.0
13.463386297225952,1,,0.0,0.5,0.0,-0.01361296171558646,-0.004345363411816795,-0.003061569082114543,-0.18,0.18,1.0
13.463386297225952,1,,0.0,0.5,0.0,-0.0074116370689524275,-0.020428786904035514,0.0008874477485896555,-0.18,0.18,1.0
13.503681659698486,1,,0.0,0.5,0.0,-0.00364489047142401,-0.03026361564024481,0.009755574423903048,-0.18,0.18,1.0
13.503681659698486,1,,0.0,0.5,0.0,-0.01752233019889817,-0.02199696362930407,0.004023680885092964,-0.18,0.18,1.0
13.503681659698486,1,,0.0,0.5,0.0,-0.02429242504467514,0.0015991934201761552,0.005254920853899486,-0.18,0.18,1.0
13.503681659698486,1,,0.0,0.5,0.0,-0.021759289483191606,-0.007564519527297215,0.008937759626195018,-0.18,0.18,1.0
13.503681659698486,1,,0.0,0.5,0.0,-0.014731860057895277,-0.021506503760104892,0.004376078464964524,-0.18,0.18,1.0
13.503681659698486,1,,0.0,0.5,0.0,-0.016805228372235494,-0.03569995308306825,-0.003345233440209756,-0.18,0.18,1.0
13.503681659698486,1,,0.0,0.5,0.0,-0.015189613908741184,-0.021345247381502338,-0.006799450288375609,-0.18,0.18,1.0
13.503681659698486,1,,0.0,0.5,0.0,-0.007833511050679032,-0.021392745869780242,0.0004629330660775221,-0.18,0.18,1.0
13.503681659698486,1,,0.0,0.5,0.0,-0.01984440841617744,-0.036850779744582604,-0.002197800702038891,-0.18,0.18,1.0
13.503681659698486,1,,0.0,0.5,0.0,-0.012007146654526535,-0.019132471263109657,0.0015749431840085672,-0.18,0.18,1.0
13.544027328491211,1,,0.0,0.5,0.0,-0.024556653378178743,-0.004677545832842884,0.00461799153868093,-0.18,0.18,1.0
13.544027328491211,1,,0.0,0.5,0.0,-0.001901838336173265,0.010793848671579469,0.004958349462310724,-0.18,0.18,1.0
13.544027328491211,1,,0.0,0.5,0.0,-0.008940187104988175,0.018518035250848122,0.007663179338516519,-0.18,0.18,1.0
13.544027328491211,1,,0.0,0.5,0.0,-0.005687470474474974,0.003278097688344981,0.0006214717753217836,-0.18,0.18,1.0
13.544027328491211,1,,0.0,0.5,0.0,0.0018198720212757736,-0.017440698738837298,-0.0013762675359105924,-0.18,0.18,1.0
13.544027328491211,1,,0.0,0.5,0.0,-0.004886119189938958,-0.015217972319210378,-0.0013860262777675113,-0.18,0.18,1.0
13.544027328491211,1,,0.0,0.5,0.0,-0.017881899777965792,0.0036122068586346826,0.0005625259526685129,-0.18,0.18,1.0
13.544027328491211,1,,0.0,0.5,0.0,-0.008437820746395566,0.012954510531937913,-0.0014726676508272575,-0.18,0.18,1.0
13.544027328491211,1,,0.0,0.5,0.0,-0.010094720036310569,0.0035632272229023055,-0.007884322761958515,-0.18,0.18,1.0
13.544027328491211,1,,0.0,0.5,0.0,-0.009117799735925934,-0.0007997692375418882,-0.005537755233794706,-0.18,0.18,1.0
13.594443082809448,1,,0.0,0.5,0.0,-0.002897410276304936,-0.019935265875110596,-0.007623023500832691,-0.18,0.18,1.0
13.594443082809448,1,,0.0,0.5,0.0,-0.009177994422430778,-0.03243542945743002,-0.0017277398666669425,-0.18,0.18,1.0
13.594443082809448,1,,0.0,0.5,0.0,-0.003717831958882306,-0.024682308800347746,-0.007882544146302831,-0.18,0.18,1.0
13.594443082809448,1,,0.0,0.5,0.0,-0.008185365467897979,-0.017862008450442744,-0.005299390798788158,-0.18,0.18,1.0
13.594443082809448,1,,0.0,0.5,0.0,-0.0030108057159656462,0.003319049955423416,-0.00811319773678338,-0.18,0.18,1.0
13.594443082809448,1,,0.0,0.5,0.0,-0.012246037690793785,-0.013645389147056182,-0.004884695824251183,-0.18,0.18,1.0
13.594443082809448,1,,0.0,0.5,0.0,-0.00476864354847999,-0.023033181269623195,-0.004593565474375206,-0.18,0.18,1.0
13.594443082809448,1,,0.0,0.5,0.0,-0.004703319447087399,0.0008219464626249182,-0.006758705857406439,-0.18,0.18,1.0
13.594443082809448,1,,0.0,0.5,0.0,0.0002979277081657864,-0.004021485567126741,-0.010215922451848629,-0.18,0.18,1.0
13.594443082809448,1,,0.0,0.5,0.0,-0.00026623169349281186,0.0009991311824795689,-0.006731215564531252,-0.18,0.18,1.0
13.63477110862732,1,,0.0,0.5,0.0,-0.006544584126720054,-0.008033137745643976,-0.007141976161333168,-0.18,0.18,1.0
13.63477110862732,1,,0.0,0.5,0.0,-0.010090879550140194,-0.019142900297921855,-0.006024142896252919,-0.18,0.18,1.0
13.63477110862732,1,,0.0,0.5,0.0,0.0009218381442006226,-0.012184762174324265,-0.00671636651306811,-0.18,0.18,1.0
13.63477110862732,1,,0.0,0.5,0.0,-0.0064487534118340805,-0.0013583699834605046,-0.002988936626601051,-0.18,0.18,1.0
13.63477110862732,1,,0.0,0.5,0.0,-0.005230235921146194,-0.01967151845569158,-0.0010575355069368558,-0.18,0.18,1.0
13.63477110862732,1,,0.0,0.5,0.0,0.004360761466263648,-0.020817997129441827,-0.008465916217340604,-0.18,0.18,1.0
13.63477110862732,1,,0.0,0.5,0.0,0.0007309862060657771,-0.01626222790513927,-0.0016940343656972623,-0.18,0.18,1.0
13.63477110862732,1,,0.0,0.5,0.0,-0.005180159006567923,-0.026697528675856428,-9.740044138672094e-06,-0.18,0.18,1.0
13.63477110862732,1,,0.0,0.5,0.0,0.00049307554394278,-0.006407025133020867,0.00450098426526672,-0.18,0.18,1.0
13.63477110862732,1,,0.0,0.5,0.0,0.006874233967869095,-0.020266443311910087,-0.002126872636901162,-0.18,0.18,1.0
13.675113201141357,1,,0.0,0.5,0.0,0.014992939659576763,-0.02987556112990782,-0.006958822740513317,-0.18,0.18,1.0
13.675113201141357,1,,0.0,0.5,0.0,0.008142958442176959,-0.02569707162156486,-0.003614256096770016,-0.18,0.18,1.0
13.675113201141357,1,,0.0,0.5,0.0,0.01976626595282463,-0.011498252420270541,-0.0032379803460783735,-0.18,0.18,1.0
13.675113201141357,1,,0.0,0.5,0.0,0.0029977456967116073,-0.005518509543557443,-0.004149751726668702,-0.18,0.18,1.0
13.675113201141357,1,,0.0,0.5,0.0,-0.00248865483195026,-0.013191156009168897,0.0026682877096320095,-0.18,0.18,1.0
13.675113201141357,1,,0.0,0.5,0.0,0.00046948931963278,-0.027947872918903018,-0.00043281600156836933,-0.18,0.18,1.0
13.675113201141357,1,,0.0,0.5,0.0,-0.008877919624514436,-0.01168580975565956,-0.005806587083038933,-0.18,0.18,1.0
13.675113201141357,1,,0.0,0.5,0.0,-0.008339049868830035,0.00034953999957855925,-0.003138541013673903,-0.18,0.18,1.0
13.675113201141357,1,,0.0,0.5,0.0,-0.010310359325870148,-0.009563112712218477,-0.007453872042130624,-0.18,0.18,1.0
13.675113201141357,1,,0.0,0.5,0.0,-0.006480294651775853,0.00651813716195187,-0.015660506011322423,-0.18,0.18,1.0
13.7154381275177,1,,0.0,0.5,0.0,0.00035841304441739215,-0.0009698097528080789,-0.0061898255013062295,-0.18,0.18,1.0
13.7154381275177,1,,0.0,0.5,0.0,-0.003533242522032561,-0.00020869200180998897,-0.0037826882902088515,-0.18,0.18,1.0
13.7154381275177,1,,0.0,0.5,0.0,-0.007260391169155753,0.004947176271212733,-0.003967327784093113,-0.18,0.18,1.0
13.7154381275177,1,,0.0,0.5,0.0,-0.006762362342729047,0.0028119507838068013,-0.0028804250769326996,-0.18,0.18,1.0
13.7154381275177,1,,0.0,0.5,0.0,-0.005611974416390096,-0.01946742901119352,-0.005055830388131832,-0.18,0.18,1.0
13.7154381275177,1,,0.0,0.5,0.0,-0.0031168235376136614,-0.007510848096238722,-0.004977766781168383,-0.18,0.18,1.0
13.7154381275177,1,,0.0,0.5,0.0,-0.004904496401680617,-0.00592141506007626,-0.0005243992196470947,-0.18,0.18,1.0
13.7154381275177,1,,0.0,0.5,0.0,-0.01342355016854643,-0.01903841616633948,-0.005723326387202793,-0.18,0.18,1.0
13.7154381275177,1,,0.0,0.5,0.0,-0.009401518637634457,-0.015383743019286956,-0.006704385487292341,-0.18,0.18,1.0
13.7154381275177,1,,0.0,0.5,0.0,-0.0069505891019289836,-0.013408776434805281,-0.01214835286647755,-0.18,0.18,1.0
13.765867471694946,1,,0.0,0.5,0.0,0.004514456031042891,-0.007923633507428283,-0.00488293322313326,-0.18,0.18,1.0
13.765867471694946,1,,0.0,0.5,0.0,-0.0015055654743290415,-0.02237302758886614,-0.00816441745489029,-0.18,0.18,1.0
13.765867471694946,1,,0.0,0.5,0.0,-0.00930475377675854,-0.02271328664273122,-0.007222509583757833,-0.18,0.18,1.0
13.765867471694946,1,,0.0,0.5,0.0,-0.01360567524157536,-0.011733178149706088,-0.011564086804452185,-0.18,0.18,1.0
13.765867471694946,1,,0.0,0.5,0.0,-0.013273223087803404,-0.028482718353509448,-0.010420794601988678,-0.18,0.18,1.0
13.765867471694946,1,,0.0,0.5,0.0,-0.017224570915016217,-0.020125439152351623,-0.0018418159962218102,-0.18,0.18,1.0
13.765867471694946,1,,0.0,0.5,0.0,-0.013542627787242339,-0.011056867997467586,-0.0065499275146730694,-0.18,0.18,1.0
13.765867471694946,1,,0.0,0.5,0.0,-0.002429381478153854,-0.017973688872611714,-0.0072314897507969895,-0.18,0.18,1.0
13.765867471694946,1,,0.0,0.5,0.0,-0.013973592623468475,0.005089788698879158,-0.009145115262376446,-0.18,0.18,1.0
13.765867471694946,1,,0.0,0.5,0.0,0.007329184126449342,0.01139756068595926,-0.009535774257006545,-0.18,0.18,1.0
13.806190967559814,1,,0.0,0.5,0.0,0.0017259549965404943,-0.00014198520581629352,0.0007095023052598148,-0.18,0.18,1.0
13.806190967559814,1,,0.0,0.5,0.0,-8.263661948665029e-05,-0.0032274210468253833,-0.0030181280327798775,-0.18,0.18,1.0
13.806190967559814,1,,0.0,0.5,0.0,-0.011632019485215098,0.011634447576523491,-0.0011536404101745086,-0.18,0.18,1.0
13.806190967559814,1,,0.0,0.5,0.0,-0.0052927630402511095,0.011090251371433988,-0.0015334492356204488,-0.18,0.18,1.0
13.806190967559814,1,,0.0,0.5,0.0,0.005299518647964408,-0.007537403850323044,-0.0049097481201010075,-0.18,0.18,1.0
13.806190967559814,1,,0.0,0.5,0.0,0.0007555619616560018,-0.01727125352517098,0.002423323926665544,-0.18,0.18,1.0
13.806190967559814,1,,0.0,0.5,0.0,0.011575932186684576,-0.021227611239067093,-0.005259175949753599,-0.18,0.18,1.0
13.806190967559814,1,,0.0,0.5,0.0,-0.004912021919874491,-0.0076721964688376216,-0.005162239270501856,-0.18,0.18,1.0
13.806190967559814,1,,0.0,0.5,0.0,-0.007376548835535176,-0.000886354943807343,-0.009192378532983464,-0.18,0.18,1.0
13.806190967559814,1,,0.0,0.5,0.0,-0.002349384569622486,-0.016219956467248556,-0.0048597070062793854,-0.18,0.18,1.0
13.846538066864014,1,,0.0,0.5,0.0,0.004415405692956073,-0.02443602260287023,-0.008587271937540419,-0.18,0.18,1.0
13.846538066864014,1,,0.0,0.5,0.0,-0.011989617314017435,-0.0016361023175571138,-0.01084684067741093,-0.18,0.18,1.0
13.846538066864014,1,,0.0,0.5,0.0,-0.0008793987232791758,-0.0037805781432510206,-0.0164770533135038,-0.18,0.18,1.0
13.846538066864014,1,,0.0,0.5,0.0,-0.005040635876073131,-0.0196155450501255,-0.016061153930676003,-0.18,0.18,1.0
13.846538066864014,1,,0.0,0.5,0.0,-0.016884810204914096,-0.018470068107295783,-0.01648013695542354,-0.18,0.18,1.0
13.846538066864014,1,,0.0,0.5,0.0,-0.0046959048822210045,-0.01523980289632744,-0.008001018270972333,-0.18,0.18,1.0
13.846538066864014,1,,0.0,0.5,0.0,0.00016509288941892204,-0.008464228979422837,-0.00400043170952161,-0.18,0.18,1.0
13.846538066864014,1,,0.0,0.5,0.0,-0.016683838535354194,-0.01189561748755132,0.002804465746746169,-0.18,0.18,1.0
13.846538066864014,1,,0.0,0.5,0.0,-0.006963565117179619,-0.007848594909469752,0.00019219128690499645,-0.18,0.18,1.0
13.846538066864014,1,,0.0,0.5,0.0,-0.008287637862866435,0.010071604670834197,-0.008239252537294864,-0.18,0.18,1.0
13.896950483322144,1,,0.0,0.5,0.0,-0.0006594215731148322,0.008358114868938796,-0.0013848478107341333,-0.18,0.18,1.0
13.896950483322144,1,,0.0,0.5,0.0,-0.0022119923298700235,-0.006570146440739393,-0.010296254674502318,-0.18,0.18,1.0
13.896950483322144,1,,0.0,0.5,0.0,0.00500673037050103,-0.013590490732270762,-0.0042933396343011404,-0.18,0.18,1.0
13.896950483322144,1,,0.0,0.5,0.0,0.0028340788259633575,-0.020366840754592525,-0.004619064333411849,-0.18,0.18,1.0
13.896950483322144,1,,0.0,0.5,0.0,-0.0014888340429963702,-0.02206358253505584,-0.0005274904693536104,-0.18,0.18,1.0
13.896950483322144,1,,0.0,0.5,0.0,-0.0008026190227817453,0.0013591591846533377,-0.003309931981729356,-0.18,0.18,1.0
13.896950483322144,1,,0.0,0.5,0.0,-0.006587134093280944,0.01376207653502674,-0.0015555562520541207,-0.18,0.18,1.0
13.896950483322144,1,,0.0,0.5,0.0,-0.008706262631358992,0.020819283002783746,-0.0027301733504326068,-0.18,0.18,1.0
13.896950483322144,1,,0.0,0.5,0.0,0.005260619177106635,0.005323062722265309,-0.008570551533949325,-0.18,0.18,1.0
13.896950483322144,1,,0.0,0.5,0.0,-0.004022894016831773,-0.009761305379979808,-0.0117271182140126,-0.18,0.18,1.0
13.937308311462402,1,,0.0,0.5,0.0,-0.012875247205679978,0.005468098918716384,-0.013835015099960952,-0.18,0.18,1.0
13.937308311462402,1,,0.0,0.5,0.0,-0.007026433883058687,0.007474309815624593,-0.009159326782736683,-0.18,0.18,1.0
13.937308311462402,1,,0.0,0.5,0.0,-0.0044423005722282445,-0.006760266681328316,-0.00694298253665776,-0.18,0.18,1.0
13.937308311462402,1,,0.0,0.5,0.0,-0.0009764414537802567,0.001366178281761468,-0.001084430678111589,-0.18,0.18,1.0
13.937308311462402,1,,0.0,0.5,0.0,-0.0010552165890628138,-0.009957209650503958,-0.0024069530507361925,-0.18,0.18,1.0
13.937308311462402,1,,0.0,0.5,0.0,-0.003989324358126202,-0.007018806056400668,-0.004168969700947536,-0.18,0.18,1.0
13.937308311462402,1,,0.0,0.5,0.0,-0.013367665707782648,0.01302006244372713,-0.008704390410518355,-0.18,0.18,1.0
13.937308311462402,1,,0.0,0.5,0.0,-0.02207556026197703,0.010370649101718617,-0.00260849457129099,-0.18,0.18,1.0
13.937308311462402,1,,0.0,0.5,0.0,-0.0043183517961567185,0.0009948373450732778,0.002679979566172143,-0.18,0.18,1.0
13.937308311462402,1,,0.0,0.5,0.0,-0.0077598839647227595,-0.013042800584184156,0.002757937014640593,-0.18,0.18,1.0
13.977607727050781,1,,0.0,0.5,0.0,-0.012113967929192974,-0.019370969066664707,-0.005116108057852639,-0.18,0.18,1.0
13.977607727050781,1,,0.0,0.5,0.0,-0.00864746088442159,-0.02055984595262299,-0.003972033121837262,-0.18,0.18,1.0
13.977607727050781,1,,0.0,0.5,0.0,-0.006877121685225273,-0.006679867161944913,-0.006709304967310298,-0.18,0.18,1.0
13.977607727050781,1,,0.0,0.5,0.0,-0.013532964248205253,-0.018079214165297394,-0.009904116869645804,-0.18,0.18,1.0
13.977607727050781,1,,0.0,0.5,0.0,-0.012003205724957723,-0.017397641581001502,-0.007570620604832522,-0.18,0.18,1.0
13.977607727050781,1,,0.0,0.5,0.0,-0.005579810097031663,-0.0032082898061255504,-0.0031738493694186964,-0.18,0.18,1.0
13.977607727050781,1,,0.0,0.5,0.0,-0.008338914900069449,0.015944852606405067,-0.005025196062287963,-0.18,0.18,1.0
13.977607727050781,1,,0.0,0.5,0.0,-0.004231731388729827,-0.0033751273570724635,-0.0014118593172587123,-0.18,0.18,1.0
13.977607727050781,1,,0.0,0.5,0.0,-0.007541387693049698,-0.021032189698154954,-0.007898642898846918,-0.18,0.18,1.0
13.977607727050781,1,,0.0,0.5,0.0,-0.009576336271800486,-0.022206613532842763,-0.011968016180535938,-0.18,0.18,1.0
14.017913579940796,1,,0.0,0.5,0.0,-0.0156489624046353,-0.021029364967511885,-0.0034183657400901975,-0.18,0.18,1.0
14.017913579940796,1,,0.0,0.5,0.0,-0.021466213796961328,-0.02165734972259687,-0.0012253278339137202,-0.18,0.18,1.0
14.017913579940796,1,,0.0,0.5,0.0,-0.009438839130006675,-0.007690170410541545,0.003946304267356754,-0.18,0.18,1.0
14.017913579940796,1,,0.0,0.5,0.0,-0.013645871915256768,0.004018634441301403,-0.0008744997735442277,-0.18,0.18,1.0
14.017913579940796,1,,0.0,0.5,0.0,-0.014028630311578144,-0.01389397103770002,0.0029484787734700376,-0.18,0.18,1.0
14.017913579940796,1,,0.0,0.5,0.0,-0.020697061072448186,-0.020650425996962582,0.0016283769376634373,-0.18,0.18,1.0
14.017913579940796,1,,0.0,0.5,0.0,-0.02620801772409961,-0.014787950862768252,-0.007092716132356232,-0.18,0.18,1.0
14.017913579940796,1,,0.0,0.5,0.0,-0.008500026638657916,-0.00847891030665291,-0.0063234723763152135,-0.18,0.18,1.0
14.017913579940796,1,,0.0,0.5,0.0,-0.016685179956642024,-0.010678657603115128,-0.00892489532208114,-0.18,0.18,1.0
14.068304538726807,1,,0.0,0.5,0.0,-0.008009337951125715,-0.022852341810122526,-0.006958740523597651,-0.18,0.18,1.0
14.068304538726807,1,,0.0,0.5,0.0,0.0004531256969258146,-0.03715731114931649,0.0006297156959890109,-0.18,0.18,1.0
14.068304538726807,1,,0.0,0.5,0.0,-0.015546779824594945,-0.03246703633006671,0.0015153148897211384,-0.18,0.18,1.0
14.068304538726807,1,,0.0,0.5,0.0,-0.01770376941964944,-0.017981607734679685,-0.00028007403440292924,-0.18,0.18,1.0
14.068304538726807,1,,0.0,0.5,0.0,-0.011555835126486235,-0.015885246949533936,-0.004493437808140239,-0.18,0.18,1.0
14.068304538726807,1,,0.0,0.5,0.0,-0.01322463589141309,0.00042353493208345777,-0.009078647225632841,-0.18,0.18,1.0
14.068304538726807,1,,0.0,0.5,0.0,-0.01704419741798168,-0.005831262839461845,-0.013063164924244523,-0.18,0.18,1.0
14.068304538726807,1,,0.0,0.5,0.0,-0.008598514906436466,-0.01750251971145147,-0.0030716298324598274,-0.18,0.18,1.0
14.068304538726807,1,,0.0,0.5,0.0,-0.0028698502957827,0.002232039946074318,-0.006217460858361451,-0.18,0.18,1.0
14.068304538726807,1,,0.0,0.5,0.0,-0.001380011809551043,0.010554926500327431,-0.010230703572451715,-0.18,0.18,1.0
14.108600854873657,1,,0.0,0.5,0.0,-0.0077146034270085964,0.006129032557177312,-0.010713778383837006,-0.18,0.18,1.0
14.108600854873657,1,,0.0,0.5,0.0,-0.003114131872063,-0.004671865902053567,-0.009346456133404565,-0.18,0.18,1.0
14.108600854873657,1,,0.0,0.5,0.0,-0.011582591183585591,-0.004628619980228031,-0.013586918277642345,-0.18,0.18,1.0
14.108600854873657,1,,0.0,0.5,0.0,-0.004665847826214316,-0.010629928941445023,-0.008049393256771176,-0.18,0.18,1.0
14.108600854873657,1,,0.0,0.5,0.0,-0.006432278567367083,0.0010269983692824634,-0.00032045600784188924,-0.18,0.18,1.0
14.108600854873657,1,,0.0,0.5,0.0,-0.007315148080662851,0.0023994957187729606,0.002807012371102784,-0.18,0.18,1.0
14.108600854873657,1,,0.0,0.5,0.0,-0.002322355967829342,-0.002372885636054691,-0.0033964910645418503,-0.18,0.18,1.0
14.108600854873657,1,,0.0,0.5,0.0,-0.007733156199542185,-0.016170144891505964,-0.011152044617488253,-0.18,0.18,1.0
14.108600854873657,1,,0.0,0.5,0.0,-0.00011949620599444685,-0.014527238746870607,-0.006849887419302656,-0.18,0.18,1.0
14.108600854873657,1,,0.0,0.5,0.0,-0.0017612735403925498,-0.012912633694470859,-0.011183546774444232,-0.18,0.18,1.0
14.148922443389893,1,,0.0,0.5,0.0,-0.007607629280352953,-0.002600517588116034,-0.010964301215964364,-0.18,0.18,1.0
14.148922443389893,1,,0.0,0.5,0.0,-0.0054046994108014135,-0.011721802583577624,-0.010350462832821443,-0.18,0.18,1.0
14.148922443389893,1,,0.0,0.5,0.0,0.0022951866228813453,-0.01907752959009124,-0.0018674432271312763,-0.18,0.18,1.0
14.148922443389893,1,,0.0,0.5,0.0,-0.008457332652815076,-0.01090092882060355,-0.008142839444251225,-0.18,0.18,1.0
14.148922443389893,1,,0.0,0.5,0.0,-0.011031027803238844,0.00643431147149506,-0.0071371220498606044,-0.18,0.18,1.0
14.148922443389893,1,,0.0,0.5,0.0,-0.001441872607063467,-0.0030000149112360567,-0.0002420418259873285,-0.18,0.18,1.0
14.148922443389893,1,,0.0,0.5,0.0,-0.006345080936744997,-0.009862773892977565,-0.0012143232853209214,-0.18,0.18,1.0
14.148922443389893,1,,0.0,0.5,0.0,-0.00722529053969969,0.0013315464851100134,0.00010945104622875648,-0.18,0.18,1.0
14.148922443389893,1,,0.0,0.5,0.0,-0.0073241590168315,0.014543140420876914,-0.004888425839610312,-0.18,0.18,1.0
14.148922443389893,1,,0.0,0.5,0.0,-0.004231833411994192,0.007083745610288071,-0.008696647522449384,-0.18,0.18,1.0
14.189239501953125,1,,0.0,0.5,0.0,-0.012899291783746963,-0.008337852872349682,-0.006256319824531081,-0.18,0.18,1.0
14.189239501953125,1,,0.0,0.5,0.0,-0.008619422642415855,-0.0201630857093591,-0.010565286984004309,-0.18,0.18,1.0
14.189239501953125,1,,0.0,0.5,0.0,-0.018443681695399106,-0.019314370723430455,-0.0018435131052783346,-0.18,0.18,1.0
14.189239501953125,1,,0.0,0.5,0.0,-0.007385634962145697,-0.01964274123950111,-0.0007054006789211414,-0.18,0.18,1.0
14.189239501953125,1,,0.0,0.5,0.0,-0.018579084799887582,-0.008119019043854037,-0.0005121564745236625,-0.18,0.18,1.0
14.189239501953125,1,,0.0,0.5,0.0,-0.014948414712413037,0.009112171482643016,0.002931954879885557,-0.18,0.18,1.0
14.189239501953125,1,,0.0,0.5,0.0,-0.018035506838757265,0.002506754189568666,-0.0034446313930737134,-0.18,0.18,1.0
14.189239501953125,1,,0.0,0.5,0.0,-0.02620709502979786,0.015444485342352597,-0.008492408136288815,-0.18,0.18,1.0
14.189239501953125,1,,0.0,0.5,0.0,-0.016706272741851082,0.023052456494056888,-0.014092860371999371,-0.18,0.18,1.0
14.189239501953125,1,,0.0,0.5,0.0,-0.018728993755407507,0.02955457525245929,-0.016469784505340253,-0.18,0.18,1.0
14.239623785018921,1,,0.0,0.5,0.0,-0.02239236715651209,0.002620259608669134,-0.006001134401771997,-0.18,0.18,1.0
14.239623785018921,1,,0.0,0.5,0.0,-0.023436003715277404,0.0015161485449526175,-0.00944596041919042,-0.18,0.18,1.0
14.239623785018921,1,,0.0,0.5,0.0,-0.019934708086972428,0.012380260212783371,-0.0019782672070982636,-0.18,0.18,1.0
14.239623785018921,1,,0.0,0.5,0.0,-0.006150539428787802,0.021982698033752537,-0.004770255485743257,-0.18,0.18,1.0
14.239623785018921,1,,0.0,0.5,0.0,0.0033443019386476315,0.015413972634426664,-0.004066395228157455,-0.18,0.18,1.0
14.239623785018921,1,,0.0,0.5,0.0,-0.008574429707349234,-0.008618232774896348,-0.00017485375159651155,-0.18,0.18,1.0
14.239623785018921,1,,0.0,0.5,0.0,-0.006704499670601806,0.0009403961964442557,-0.0024005067876712856,-0.18,0.18,1.0
14.239623785018921,1,,0.0,0.5,0.0,-0.005800148986524915,0.018655947511795355,-0.005510892169105472,-0.18,0.18,1.0
14.239623785018921,1,,0.0,0.5,0.0,-0.004739224354874823,0.005805482113506775,-0.008959115798544262,-0.18,0.18,1.0
14.239623785018921,1,,0.0,0.5,0.0,-0.009204625137686728,-0.010577298248654124,-0.004864672909025716,-0.18,0.18,1.0
14.279946327209473,1,,0.0,0.5,0.0,0.007477857227308387,-0.008531956457329777,-0.0037068818837095044,-0.18,0.18,1.0
14.279946327209473,1,,0.0,0.5,0.0,-0.002708888350167262,-0.008569322262319115,-0.0010919892231894884,-0.18,0.18,1.0
14.279946327209473,1,,0.0,0.5,0.0,-0.005049143993868768,-0.0031091436444414255,0.0034320004971368995,-0.18,0.18,1.0
14.279946327209473,1,,0.0,0.5,0.0,0.001014672165647732,0.008889361920283145,0.0012591263462039108,-0.18,0.18,1.0
14.279946327209473,1,,0.0,0.5,0.0,-0.0007945431688483333,0.021803674110798386,0.003062153132125056,-0.18,0.18,1.0
14.279946327209473,1,,0.0,0.5,0.0,-0.004694258084797466,0.02113435493847575,-0.0025827309250320623,-0.18,0.18,1.0
14.279946327209473,1,,0.0,0.5,0.0,0.010892592456987937,0.027563998473732212,-0.0020075505380040023,-0.18,0.18,1.0
14.279946327209473,1,,0.0,0.5,0.0,0.0023381388987308016,0.019119596877176466,0.0055493405834246435,-0.18,0.18,1.0
14.279946327209473,1,,0.0,0.5,0.0,-0.00027409474761007645,0.00801335841659967,0.006171675095821136,-0.18,0.18,1.0
14.279946327209473,1,,0.0,0.5,0.0,0.003330143699803428,-0.008054161517172373,8.192669475620283e-05,-0.18,0.18,1.0
14.32023811340332,1,,0.0,0.5,0.0,-0.01258698440836882,-0.022200633018439667,-0.0005548121522921567,-0.18,0.18,1.0
14.32023811340332,1,,0.0,0.5,0.0,-0.005111159828473056,0.0015556698402706712,-0.0018018315147354399,-0.18,0.18,1.0
14.32023811340332,1,,0.0,0.5,0.0,-0.009027366867480496,-0.0022147470887844706,-0.0043662105578463626,-0.18,0.18,1.0
14.32023811340332,1,,0.0,0.5,0.0,0.00241822480088893,-0.02191757430880965,1.879203567474741e-05,-0.18,0.18,1.0
14.32023811340332,1,,0.0,0.5,0.0,-0.010599804423277032,-0.03204413689244964,-0.005154960043974683,-0.18,0.18,1.0
14.32023811340332,1,,0.0,0.5,0.0,-0.012845170892293064,-0.03646960866833607,0.0012139769903640857,-0.18,0.18,1.0
14.32023811340332,1,,0.0,0.5,0.0,-0.004321903609341011,-0.04441119439292963,0.007510201506722694,-0.18,0.18,1.0
14.32023811340332,1,,0.0,0.5,0.0,-0.014850484952370452,-0.04515346382105206,0.0074815175619806626,-0.18,0.18,1.0
14.32023811340332,1,,0.0,0.5,0.0,-0.0035308793975055044,-0.01598788911903521,0.0034575759815251954,-0.18,0.18,1.0
14.32023811340332,1,,0.0,0.5,0.0,0.008834759545409345,-0.029629896520556837,-0.004609992501185598,-0.18,0.18,1.0
14.370603799819946,1,,0.0,0.5,0.0,0.0016586389711791775,-0.026378385043964017,-0.006426669212752899,-0.18,0.18,1.0
14.370603799819946,1,,0.0,0.5,0.0,0.002179351379770382,-0.006493756068264044,-0.004428071378180845,-0.18,0.18,1.0
14.370603799819946,1,,0.0,0.5,0.0,0.0021792191755490003,0.010225877738398675,-0.008240300809414862,-0.18,0.18,1.0
14.370603799819946,1,,0.0,0.5,0.0,0.0021215464664819062,0.00978292118454179,-0.011115156847369526,-0.18,0.18,1.0
14.370603799819946,1,,0.0,0.5,0.0,0.00015708152847066517,0.010425118520572258,-0.015815446393398568,-0.18,0.18,1.0
14.370603799819946,1,,0.0,0.5,0.0,-0.005251178574714514,-0.016928178283489647,-0.01728128438777408,-0.18,0.18,1.0
14.370603799819946,1,,0.0,0.5,0.0,-0.003034239117998847,-0.0325265376399576,-0.00695130879406066,-0.18,0.18,1.0
14.370603799819946,1,,0.0,0.5,0.0,-0.004918834447372307,-0.029020608395962284,-0.013258752448524268,-0.18,0.18,1.0
14.370603799819946,1,,0.0,0.5,0.0,-0.003905126702290037,-0.0038988557216472763,-0.014472530874524644,-0.18,0.18,1.0
14.370603799819946,1,,0.0,0.5,0.0,-0.011935313363251107,0.004070128582310838,-0.004998084905988208,-0.18,0.18,1.0
14.410901308059692,1,,0.0,0.5,0.0,-0.009098423973876498,0.0035414607418024755,-0.010783625201816865,-0.18,0.18,1.0
14.410901308059692,1,,0.0,0.5,0.0,0.0013836132668612869,0.008145642452818125,-0.009532985092586531,-0.18,0.18,1.0
14.410901308059692,1,,0.0,0.5,0.0,-0.01364013181571541,-0.004287507853176689,-0.013485123996765614,-0.18,0.18,1.0
14.410901308059692,1,,0.0,0.5,0.0,-0.014006698089503488,-0.006817850486227274,-0.0071520219048165305,-0.18,0.18,1.0
14.410901308059692,1,,0.0,0.5,0.0,-0.0017766449537527662,-0.022566336483822728,-0.008415076387265788,-0.18,0.18,1.0
14.410901308059692,1,,0.0,0.5,0.0,-0.008809393593049995,-0.03139333325961091,-0.006508827317627069,-0.18,0.18,1.0
14.410901308059692,1,,0.0,0.5,0.0,-0.017351327404108493,-0.013015203153693745,-0.0028911140784513736,-0.18,0.18,1.0
14.410901308059692,1,,0.0,0.5,0.0,-0.010689196143767335,-0.017664589917115687,-0.00833804243266814,-0.18,0.18,1.0
14.410901308059692,1,,0.0,0.5,0.0,-0.01796478915241243,-0.03281479085201126,-0.011219363558955357,-0.18,0.18,1.0
14.410901308059692,1,,0.0,0.5,0.0,-0.01860231581570807,-0.020552062739757675,-0.002043472435023678,-0.18,0.18,1.0
14.45119333267212,1,,0.0,0.5,0.0,-0.011704462880913208,0.0003574593203953427,-0.007036538939932604,-0.18,0.18,1.0
14.45119333267212,1,,0.0,0.5,0.0,-0.014032330873046348,0.011150249907305268,-0.006385032370827767,-0.18,0.18,1.0
14.45119333267212,1,,0.0,0.5,0.0,-0.009456286074162946,0.027124847403102073,-0.00275091523039309,-0.18,0.18,1.0
14.45119333267212,1,,0.0,0.5,0.0,-0.015521793784362185,0.024909559095857712,-4.4219182114574795e-05,-0.18,0.18,1.0
14.45119333267212,1,,0.0,0.5,0.0,-0.0077498016897858376,0.019118337204221715,-0.0016721615629707606,-0.18,0.18,1.0
14.45119333267212,1,,0.0,0.5,0.0,-0.011691683219916371,-0.003317998771705712,-0.0068941288838284525,-0.18,0.18,1.0
14.45119333267212,1,,0.0,0.5,0.0,0.0002959939603884877,-0.02206196161889602,-0.004685326875779017,-0.18,0.18,1.0
14.45119333267212,1,,0.0,0.5,0.0,-0.001686671649737811,-0.02183193712716981,-0.005963881062505822,-0.18,0.18,1.0
14.45119333267212,1,,0.0,0.5,0.0,-0.010144928287673565,-0.03504949091193403,-0.006443446052356417,-0.18,0.18,1.0
14.45119333267212,1,,0.0,0.5,0.0,-0.00656731902399258,-0.0267488114975894,-0.004167402891289411,-0.18,0.18,1.0
14.491487741470337,1,,0.0,0.5,0.0,-0.005765010980176971,-0.03569839294993947,-0.006639460094685539,-0.18,0.18,1.0
14.491487741470337,1,,0.0,0.5,0.0,0.004346117968930571,-0.031018621800557148,-0.0008888221214054142,-0.18,0.18,1.0
14.491487741470337,1,,0.0,0.5,0.0,0.0033581616344750004,-0.024141306929274645,0.0027592820824604925,-0.18,0.18,1.0
14.491487741470337,1,,0.0,0.5,0.0,0.0026256157110534145,-0.0018479729606769265,-0.002203255414548135,-0.18,0.18,1.0
14.491487741470337,1,,0.0,0.5,0.0,-0.008877352606046295,-0.020252566299467152,-0.004490878152945052,-0.18,0.18,1.0
14.491487741470337,1,,0.0,0.5,0.0,-0.015109789026943184,-0.0201825289950596,0.0017181493950780714,-0.18,0.18,1.0
14.491487741470337,1,,0.0,0.5,0.0,-0.013205284190428802,-0.0031314046322816064,-0.0017546636168696088,-0.18,0.18,1.0
14.491487741470337,1,,0.0,0.5,0.0,0.00018886098611245428,6.440187395365509e-05,-0.0023108188755082437,-0.18,0.18,1.0
14.491487741470337,1,,0.0,0.5,0.0,-0.010030743142669439,-0.01402700997664302,-0.0013902798496575018,-0.18,0.18,1.0
14.491487741470337,1,,0.0,0.5,0.0,-0.01610092597005201,-0.019715491160528877,-0.0011304485372755737,-0.18,0.18,1.0
14.541919231414795,1,,0.0,0.5,0.0,-0.009515392485550302,-0.0346233028778984,-0.006506368390449975,-0.18,0.18,1.0
14.541919231414795,1,,0.0,0.5,0.0,-0.008770014401779783,-0.044138712218970436,-0.005509301185278596,-0.18,0.18,1.0
14.541919231414795,1,,0.0,0.5,0.0,-0.0072339363958608596,-0.044325107708805205,-0.005523090436923811,-0.18,0.18,1.0
14.541919231414795,1,,0.0,0.5,0.0,-0.012219247743972556,-0.026155743360624047,-0.00525200173839096,-0.18,0.18,1.0
14.541919231414795,1,,0.0,0.5,0.0,-0.010584435602631661,-0.004960248382026904,-0.005022823569599752,-0.18,0.18,1.0
14.541919231414795,1,,0.0,0.5,0.0,-0.016099530293677104,0.008239711564217187,-0.0038312368963810744,-0.18,0.18,1.0
14.541919231414795,1,,0.0,0.5,0.0,-0.011036261455797208,0.007310168052366359,-0.006001080301817598,-0.18,0.18,1.0
14.541919231414795,1,,0.0,0.5,0.0,-0.011000649970025714,-0.02731109387970704,-0.00838364852788466,-0.18,0.18,1.0
14.541919231414795,1,,0.0,0.5,0.0,-0.015970176214919085,-0.02939749380449501,-0.004919075445496713,-0.18,0.18,1.0
14.58222222328186,1,,0.0,0.5,0.0,-0.0074337220277374385,-0.03515919216024135,-0.002554016777090687,-0.18,0.18,1.0
14.58222222328186,1,,0.0,0.5,0.0,-0.009744702535750412,-0.040094651961014055,-0.004696750467875794,-0.18,0.18,1.0
14.58222222328186,1,,0.0,0.5,0.0,-0.0011037665232562941,-0.030550434627374324,-0.01580177709449499,-0.18,0.18,1.0
14.58222222328186,1,,0.0,0.5,0.0,-0.0057886767449468225,-0.014688365294064695,-0.015149089120129793,-0.18,0.18,1.0
14.58222222328186,1,,0.0,0.5,0.0,-0.0025374813483605334,-0.022425474230005894,-0.005009924423570935,-0.18,0.18,1.0
14.58222222328186,1,,0.0,0.5,0.0,-0.005312399461677246,-0.014006525022666768,-0.0034578797330019535,-0.18,0.18,1.0
14.58222222328186,1,,0.0,0.5,0.0,-0.015125463608288425,-0.022053502137350613,-0.005512239628074523,-0.18,0.18,1.0
14.58222222328186,1,,0.0,0.5,0.0,-0.008037447002692759,-0.03224543651494275,-0.0020164819977865896,-0.18,0.18,1.0
14.58222222328186,1,,0.0,0.5,0.0,-0.0117729499400518,-0.011316111897188818,-0.008776540193146243,-0.18,0.18,1.0
14.58222222328186,1,,0.0,0.5,0.0,-0.01664471876811653,-0.0005701223725984582,0.004128684390544183,-0.18,0.18,1.0
14.622512578964233,1,,0.0,0.5,0.0,-0.00715868479469907,0.013201115140916672,-0.0033231482285556915,-0.18,0.18,1.0
14.622512578964233,1,,0.0,0.5,0.0,-0.01039799339715606,0.011362747813882452,-0.005352543420244012,-0.18,0.18,1.0
14.622512578964233,1,,0.0,0.5,0.0,-0.009396131982915213,-0.017590787897659436,-0.008324914531322745,-0.18,0.18,1.0
14.622512578964233,1,,0.0,0.5,0.0,-0.006712420987288798,-0.023826521329223155,-0.007369019333025135,-0.18,0.18,1.0
14.622512578964233,1,,0.0,0.5,0.0,-0.010296779656349809,-0.006042866144759494,-0.0003369216504398338,-0.18,0.18,1.0
14.622512578964233,1,,0.0,0.5,0.0,-0.01381668014409762,0.005384458389332145,-0.010675873930462577,-0.18,0.18,1.0
14.622512578964233,1,,0.0,0.5,0.0,-0.015980467786144294,-0.0063525095440176175,-0.005855009293015475,-0.18,0.18,1.0
14.622512578964233,1,,0.0,0.5,0.0,-0.010573359547504184,0.005536841990474131,-0.003730119474585115,-0.18,0.18,1.0
14.622512578964233,1,,0.0,0.5,0.0,-0.011477910438901432,-0.002854668484897136,-0.0038687942920269925,-0.18,0.18,1.0
14.622512578964233,1,,0.0,0.5,0.0,-0.008808913464721313,-0.029477334486727652,-0.01003174220484348,-0.18,0.18,1.0
14.662797212600708,1,,0.0,0.5,0.0,-0.006270924193419619,-0.02214263431894789,-0.015100375973620022,-0.18,0.18,1.0
14.662797212600708,1,,0.0,0.5,0.0,-0.017352316100202596,-0.03188923826215625,-0.015761900119390278,-0.18,0.18,1.0
14.662797212600708,1,,0.0,0.5,0.0,-0.006608328667869124,-0.01779311777325596,-0.010564307409687603,-0.18,0.18,1.0
14.662797212600708,1,,0.0,0.5,0.0,-0.006960257505793911,-0.0066330270943036,-0.011304386566119854,-0.18,0.18,1.0
14.662797212600708,1,,0.0,0.5,0.0,-0.004134284714797075,-0.016414176200044192,-0.0005892585903521085,-0.18,0.18,1.0
14.662797212600708,1,,0.0,0.5,0.0,0.008491959893595191,-0.027449913684679295,-0.0017763362160267266,-0.18,0.18,1.0
14.662797212600708,1,,0.0,0.5,0.0,0.014919697328597195,-0.016767595552052605,-0.00557999774891604,-0.18,0.18,1.0
14.662797212600708,1,,0.0,0.5,0.0,-0.005366657788493703,0.0020155405607397725,-5.262943666589636e-05,-0.18,0.18,1.0
14.662797212600708,1,,0.0,0.5,0.0,-0.004427099973242326,0.01269340739271284,0.0011767471788176674,-0.18,0.18,1.0
14.662797212600708,1,,0.0,0.5,0.0,-0.006242476159253825,0.002532846000947909,-0.006489312378625894,-0.18,0.18,1.0
14.713198184967041,1,,0.0,0.5,0.0,-0.010698942644159297,0.014354446063401,-0.006796078203189674,-0.18,0.18,1.0
14.713198184967041,1,,0.0,0.5,0.0,-0.0011884374706518546,0.004329896243843565,0.00042158794851839844,-0.18,0.18,1.0
14.713198184967041,1,,0.0,0.5,0.0,-0.012670640071633571,-0.008536183029368925,-0.00554817641370884,-0.18,0.18,1.0
14.713198184967041,1,,0.0,0.5,0.0,-0.010279098971597527,0.017204888492876935,-0.009179156515291664,-0.18,0.18,1.0
14.713198184967041,1,,0.0,0.5,0.0,-0.000980027202402863,0.015685094563297385,-0.007529633987552698,-0.18,0.18,1.0
14.713198184967041,1,,0.0,0.5,0.0,0.006337859128546478,-0.010183864494100529,-0.008195726627964039,-0.18,0.18,1.0
14.713198184967041,1,,0.0,0.5,0.0,-0.006916938151625101,-0.02014970579292829,-0.0135277663367405,-0.18,0.18,1.0
14.713198184967041,1,,0.0,0.5,0.0,-0.006788365632344222,-0.0022771870575654177,-0.016933348950489112,-0.18,0.18,1.0
14.713198184967041,1,,0.0,0.5,0.0,-0.01463948544378438,0.009413281087874021,-0.011681355328968475,-0.18,0.18,1.0
14.713198184967041,1,,0.0,0.5,0.0,-0.011460524555684009,0.019476620061972323,-0.0116472822868518,-0.18,0.18,1.0
14.753488302230835,1,,0.0,0.5,0.0,-0.009130827067551934,-0.00580685865512955,-0.005842429380577724,-0.18,0.18,1.0
14.753488302230835,1,,0.0,0.5,0.0,0.0077898721370953695,-0.0124403488805286,0.0010858904851486072,-0.18,0.18,1.0
14.753488302230835,1,,0.0,0.5,0.0,-0.010092350971359553,0.00818281263432202,0.0017523839280671376,-0.18,0.18,1.0
14.753488302230835,1,,0.0,0.5,0.0,-0.010435339297865243,-0.004823464492189337,-0.010072544757451767,-0.18,0.18,1.0
14.753488302230835,1,,0.0,0.5,0.0,-0.01422939468275764,-0.0198142753143432,-0.005508885899413228,-0.18,0.18,1.0
14.753488302230835,1,,0.0,0.5,0.0,-0.011719914915354589,-0.033596342664497125,-0.0025299833895373472,-0.18,0.18,1.0
14.753488302230835,1,,0.0,0.5,0.0,-0.018867231671432158,-0.03330531944802573,-0.004785797983097469,-0.18,0.18,1.0
14.753488302230835,1,,0.0,0.5,0.0,-0.01705127243474225,-0.020593467495824823,-0.004799525148503095,-0.18,0.18,1.0
14.753488302230835,1,,0.0,0.5,0.0,-0.012378357484132867,-0.002416005970786401,-0.01106563994869685,-0.18,0.18,1.0
14.753488302230835,1,,0.0,0.5,0.0,-0.018272076470722647,-0.013157029675940806,-0.006681910971747152,-0.18,0.18,1.0
14.793807029724121,1,,0.0,0.5,0.0,-0.0155890761499917,-0.030041529263954526,-0.002986248713823473,-0.18,0.18,1.0
14.793807029724121,1,,0.0,0.5,0.0,-0.012358705926983512,-0.036584780416885586,0.0035966985059785505,-0.18,0.18,1.0
14.793807029724121,1,,0.0,0.5,0.0,-0.013557652003403475,-0.008834227066791964,0.0006170473765122671,-0.18,0.18,1.0
14.793807029724121,1,,0.0,0.5,0.0,-0.002758172549656147,-0.024678215146795218,-0.007136372752205796,-0.18,0.18,1.0
14.793807029724121,1,,0.0,0.5,0.0,-0.007391551568037224,-0.014318366519946134,-0.0031464349616942395,-0.18,0.18,1.0
14.793807029724121,1,,0.0,0.5,0.0,-0.012150969553752927,-0.01999883134646224,-0.010179730603447725,-0.18,0.18,1.0
14.793807029724121,1,,0.0,0.5,0.0,-0.01497883778152495,-0.025044634076517285,-0.001932639166338932,-0.18,0.18,1.0
14.793807029724121,1,,0.0,0.5,0.0,-0.01014938203237949,-0.010560117038837724,-0.003585895270252531,-0.18,0.18,1.0
14.793807029724121,1,,0.0,0.5,0.0,-0.015418312356095209,-0.015002014167397302,-0.008360597210400434,-0.18,0.18,1.0
14.793807029724121,1,,0.0,0.5,0.0,-0.014116147766406491,0.005413386732560807,-0.0013854420000980114,-0.18,0.18,1.0
14.844185590744019,1,,0.0,0.5,0.0,-0.01582422526161317,-0.018185596474320574,0.0024418985274397365,-0.18,0.18,1.0
14.844185590744019,1,,0.0,0.5,0.0,-0.015438019903182358,-0.022530805131783096,-7.139146866303291e-05,-0.18,0.18,1.0
14.844185590744019,1,,0.0,0.5,0.0,-0.014553483540078349,-0.0054584637799992,0.00041317089148104787,-0.18,0.18,1.0
14.844185590744019,1,,0.0,0.5,0.0,-0.008823659572832375,-0.0023575997004866146,-0.005773355816784479,-0.18,0.18,1.0
14.844185590744019,1,,0.0,0.5,0.0,-0.01151686306587871,-0.013041691722087693,-0.011736544024420335,-0.18,0.18,1.0
14.844185590744019,1,,0.0,0.5,0.0,-0.013767297417201943,-0.012250212244474066,-0.005768939173357652,-0.18,0.18,1.0
14.844185590744019,1,,0.0,0.5,0.0,-0.01969597726112888,-0.011082205862535253,-0.0010531389047842479,-0.18,0.18,1.0
14.844185590744019,1,,0.0,0.5,0.0,-0.009277158050025935,-0.026817166282370592,-0.002145883256193711,-0.18,0.18,1.0
14.844185590744019,1,,0.0,0.5,0.0,-0.013180466266684914,-0.010632445903764302,0.005729525773575273,-0.18,0.18,1.0
14.844185590744019,1,,0.0,0.5,0.0,-0.014508396840329625,-0.010295539877580626,-0.006099544470716842,-0.18,0.18,1.0
14.88449501991272,1,,0.0,0.5,0.0,-0.014401411786954338,-0.017863155155680197,-0.006433231510549768,-0.18,0.18,1.0
14.88449501991272,1,,0.0,0.5,0.0,-0.010367093401323847,-0.0009264379549982173,-0.010908549575491987,-0.18,0.18,1.0
14.88449501991272,1,,0.0,0.5,0.0,-0.00929114790229807,-0.01808507142309346,-0.010421010476062158,-0.18,0.18,1.0
14.88449501991272,1,,0.0,0.5,0.0,-0.0017057529135627587,-0.023744817759446472,-0.011785063499910691,-0.18,0.18,1.0
14.88449501991272,1,,0.0,0.5,0.0,-0.010485536740990863,-0.007866835431866044,-0.005323654053706517,-0.18,0.18,1.0
14.88449501991272,1,,0.0,0.5,0.0,-0.006340638831629739,-0.005087865222862988,-0.004663718768841582,-0.18,0.18,1.0
14.88449501991272,1,,0.0,0.5,0.0,-0.0034015960214314155,-0.025497457281073325,-0.004862634676009134,-0.18,0.18,1.0
14.88449501991272,1,,0.0,0.5,0.0,-0.0013885248735907131,-0.026341520199848985,-0.01218073305082337,-0.18,0.18,1.0
14.88449501991272,1,,0.0,0.5,0.0,-0.005214520035189855,-0.01075184999743833,-0.008487012726427786,-0.18,0.18,1.0
14.88449501991272,1,,0.0,0.5,0.0,-0.005812511434713332,0.0020886728854328184,-0.00037941413541367296,-0.18,0.18,1.0
14.924805641174316,1,,0.0,0.5,0.0,-0.008701882805334848,-0.015066099304343036,0.00155282313107193,-0.18,0.18,1.0
14.924805641174316,1,,0.0,0.5,0.0,-0.013546712608607655,-0.014377599007585042,0.0008537837570439847,-0.18,0.18,1.0
14.924805641174316,1,,0.0,0.5,0.0,-0.012639121650501715,0.007577432296896926,-0.005116709164603815,-0.18,0.18,1.0
14.924805641174316,1,,0.0,0.5,0.0,-0.01422559528287411,-0.005711933867491146,-0.002382008794026657,-0.18,0.18,1.0
14.924805641174316,1,,0.0,0.5,0.0,-0.013923840107838165,-0.009330668361169303,-0.010929254863095178,-0.18,0.18,1.0
14.924805641174316,1,,0.0,0.5,0.0,-0.0058125555830121425,0.006628588717735958,-0.012128738713290226,-0.18,0.18,1.0
14.924805641174316,1,,0.0,0.5,0.0,-0.010291890828155612,-0.0008302585854710288,-0.014572699650520295,-0.18,0.18,1.0
14.924805641174316,1,,0.0,0.5,0.0,-0.0032166144644700198,-0.007161819208420416,-0.01181710163894237,-0.18,0.18,1.0
14.924805641174316,1,,0.0,0.5,0.0,-0.009580278381292084,-0.01672532378962117,-0.014536711997602914,-0.18,0.18,1.0
14.924805641174316,1,,0.0,0.5,0.0,-0.005371097763974442,-0.03717547204016915,-0.0060430366235678665,-0.18,0.18,1.0
14.96511197090149,1,,0.0,0.5,0.0,-0.005223334065356414,-0.021087467880624336,-0.00409062065441646,-0.18,0.18,1.0
14.96511197090149,1,,0.0,0.5,0.0,-0.015808543656128007,0.001602092053128406,-0.005699522125239397,-0.18,0.18,1.0
14.96511197090149,1,,0.0,0.5,0.0,-0.00813369925968517,-0.008084051430554602,-0.006192406843273153,-0.18,0.18,1.0
14.96511197090149,1,,0.0,0.5,0.0,0.0024848909390061172,-0.023334688201144777,-8.109811705375616e-05,-0.18,0.18,1.0
14.96511197090149,1,,0.0,0.5,0.0,-0.0015461081063418063,-0.027214070727532066,0.003116868889822584,-0.18,0.18,1.0
14.96511197090149,1,,0.0,0.5,0.0,-0.004217154390026943,-0.010677201933510658,0.004062285614660761,-0.18,0.18,1.0
14.96511197090149,1,,0.0,0.5,0.0,-0.004180305373509911,-0.00704911574250842,-0.004840220667707166,-0.18,0.18,1.0
14.96511197090149,1,,0.0,0.5,0.0,-0.0017752562644316068,-0.011175427631103407,-0.015788475109621523,-0.18,0.18,1.0
14.96511197090149,1,,0.0,0.5,0.0,0.004489416326636269,-0.027541389480858394,-0.0067128584071145725,-0.18,0.18,1.0
14.96511197090149,1,,0.0,0.5,0.0,-0.0010729675648425256,-0.03639643308979039,-0.011381976770487018,-0.18,0.18,1.0
15.015523433685303,1,,0.0,0.6,0.0,-0.007970914258893435,-0.03795800964518148,-0.011670495375189462,-0.18,0.18,1.0
15.015523433685303,1,,0.0,0.6,0.0,-0.0009903014273089884,-0.014372009611830367,-0.005408868304000664,-0.18,0.18,1.0
15.015523433685303,1,,0.0,0.6,0.0,0.004291611999068871,-0.031060165682413727,-0.003923528079508257,-0.18,0.18,1.0
15.015523433685303,1,,0.0,0.6,0.0,0.002429172814509834,-0.016617554982152845,-0.007578680144742568,-0.18,0.18,1.0
15.015523433685303,1,,0.0,0.6,0.0,-0.00025018849596489506,-0.012873566269482804,-0.013526079278904134,-0.18,0.18,1.0
15.015523433685303,1,,0.0,0.6,0.0,-0.0010808659959061074,-0.033378295065257156,-0.006250234179853517,-0.18,0.18,1.0
15.015523433685303,1,,0.0,0.6,0.0,-0.011452497804109075,-0.04163712642561094,-0.00995673356956333,-0.18,0.18,1.0
15.015523433685303,1,,0.0,0.6,0.0,-0.004100765479859141,-0.04765491557768132,-0.0055873882787607415,-0.18,0.18,1.0
15.015523433685303,1,,0.0,0.6,0.0,-0.008267146497518032,-0.04883266334273206,-0.003267361782590776,-0.18,0.18,1.0
15.015523433685303,1,,0.0,0.6,0.0,-0.016562455657501304,-0.0329007494157179,-0.01079502912442797,-0.18,0.18,1.0
15.055827140808105,1,,0.0,0.6,0.0,-0.012727657890873803,-0.02005133327119376,-0.0027918396876799663,-0.18,0.18,1.0
15.055827140808105,1,,0.0,0.6,0.0,0.0012133786832806267,-0.005950689219968119,-0.00044231975668865227,-0.18,0.18,1.0
15.055827140808105,1,,0.0,0.6,0.0,-0.0023064314673724175,-0.006062541365133902,-0.005803499092128428,-0.18,0.18,1.0
15.055827140808105,1,,0.0,0.6,0.0,-0.0020696730690249643,-0.020956257462664666,-0.010589005293210742,-0.18,0.18,1.0
15.055827140808105,1,,0.0,0.6,0.0,-0.011178588027794534,-0.020208279118623572,-0.011926337482833772,-0.18,0.18,1.0
15.055827140808105,1,,0.0,0.6,0.0,-0.009719266713888786,-0.008113981765290823,-0.01268276030531188,-0.18,0.18,1.0
15.055827140808105,1,,0.0,0.6,0.0,-0.0120727572699613,-0.006449032058296615,-0.002244674310829094,-0.18,0.18,1.0
15.055827140808105,1,,0.0,0.6,0.0,-0.013926751693551495,-0.0072678325083277056,0.00022896462711045513,-0.18,0.18,1.0
15.055827140808105,1,,0.0,0.6,0.0,-0.006868598080581737,-0.004001046906455482,-0.00443139272100724,-0.18,0.18,1.0
15.055827140808105,1,,0.0,0.6,0.0,0.0004144904597813909,-0.017019525639936164,0.0023693561981789346,-0.18,0.18,1.0
15.096129417419434,1,,0.0,0.6,0.0,-0.004198313494161934,-0.030582207560356185,-0.0024163213213809903,-0.18,0.18,1.0
15.096129417419434,1,,0.0,0.6,0.0,-0.008805268053666439,-0.02309385917920218,-0.004171046682454854,-0.18,0.18,1.0
15.096129417419434,1,,0.0,0.6,0.0,-0.009851954784879222,-0.022000336007932348,-0.010508866381027476,-0.18,0.18,1.0
15.096129417419434,1,,0.0,0.6,0.0,0.005673226950946074,0.0017812515627742063,-0.009481000384848956,-0.18,0.18,1.0
15.096129417419434,1,,0.0,0.6,0.0,-0.0016908724178562506,-0.011755403588291788,-0.010724190282310303,-0.18,0.18,1.0
15.096129417419434,1,,0.0,0.6,0.0,-0.00531230888137697,-0.003993889610968807,-0.004110486622195521,-0.18,0.18,1.0
15.096129417419434,1,,0.0,0.6,0.0,-0.007324926563880097,0.006504473218876213,-0.005978372404235189,-0.18,0.18,1.0
15.096129417419434,1,,0.0,0.6,0.0,0.007622852672923631,-0.0033067681286944577,-0.002134752582613524,-0.18,0.18,1.0
15.096129417419434,1,,0.0,0.6,0.0,-0.0041879702237174275,0.011118865204560426,-0.0020409223056568394,-0.18,0.18,1.0
15.136448860168457,1,,0.0,0.6,0.0,-0.0032489731819304035,0.023371297519612828,0.0013687033396282498,-0.18,0.18,1.0
15.136448860168457,1,,0.0,0.6,0.0,0.00019617623523837408,0.011234087598861136,-0.00011767491200137886,-0.18,0.18,1.0
15.136448860168457,1,,0.0,0.6,0.0,0.004500514197295607,-0.007247199497498283,-0.0025861376406569494,-0.18,0.18,1.0
15.136448860168457,1,,0.0,0.6,0.0,-0.005292591369856962,-0.006880359101280032,-0.005828958118718532,-0.18,0.18,1.0
15.136448860168457,1,,0.0,0.6,0.0,0.006564043909936668,-0.021697744211226676,-0.006860271477723198,-0.18,0.18,1.0
15.136448860168457,1,,0.0,0.6,0.0,-0.009030829646246456,-0.013689748279546287,-0.004757526847940747,-0.18,0.18,1.0
15.136448860168457,1,,0.0,0.6,0.0,-0.013804224525483213,-0.018583231973567805,-0.0009532848309552595,-0.18,0.18,1.0
15.136448860168457,1,,0.0,0.6,0.0,-0.012273223417459398,-0.017625785473168322,-0.012825936184853148,-0.18,0.18,1.0
15.136448860168457,1,,0.0,0.6,0.0,-0.02020234820274731,-0.024782838443446295,-0.008071239343876905,-0.18,0.18,1.0
15.136448860168457,1,,0.0,0.6,0.0,-0.008815844772740994,-0.008758760925139473,-0.0002210740897693752,-0.18,0.18,1.0
15.18683409690857,1,,0.0,0.6,0.0,-0.0066881049616089126,-0.019058257461759022,-0.006379537966744689,-0.18,0.18,1.0
15.18683409690857,1,,0.0,0.6,0.0,-0.0037567977046948807,-0.0006605272917595119,0.00196294197194425,-0.18,0.18,1.0
15.18683409690857,1,,0.0,0.6,0.0,-0.001957100820786328,-0.011861953303210427,-0.006045301888299742,-0.18,0.18,1.0
15.18683409690857,1,,0.0,0.6,0.0,-0.011644144030713434,-0.011577392874898462,-0.00800657114217309,-0.18,0.18,1.0
15.18683409690857,1,,0.0,0.6,0.0,-0.010407761626539643,-0.010856039010372959,-0.014225555401211102,-0.18,0.18,1.0
15.18683409690857,1,,0.0,0.6,0.0,-0.007007487602000757,-0.02046405241947452,-0.005962848704819983,-0.18,0.18,1.0
15.18683409690857,1,,0.0,0.6,0.0,-0.013415442855249952,-0.009157205815333698,-0.0024224922699930653,-0.18,0.18,1.0
15.18683409690857,1,,0.0,0.6,0.0,-0.008226722516633082,-0.006144676391252685,-0.0016307825660801145,-0.18,0.18,1.0
15.18683409690857,1,,0.0,0.6,0.0,-0.014138819008713702,-0.021601846744649104,0.0030807492989264862,-0.18,0.18,1.0
15.18683409690857,1,,0.0,0.6,0.0,-0.0055135873702517055,0.0024327650676545186,0.0002357385218526948,-0.18,0.18,1.0
15.227139711380005,1,,0.0,0.6,0.0,0.00020345805351187682,-0.017078507298476483,-0.0010417818901976383,-0.18,0.18,1.0
15.227139711380005,1,,0.0,0.6,0.0,-0.006064601475360439,-0.0037968503817477042,-0.00413577680859901,-0.18,0.18,1.0
15.227139711380005,1,,0.0,0.6,0.0,0.001956867285050281,-0.007657148289282347,-0.016128297526624424,-0.18,0.18,1.0
15.227139711380005,1,,0.0,0.6,0.0,0.001916257122187379,-0.0299869482524558,-0.00799908647375926,-0.18,0.18,1.0
15.227139711380005,1,,0.0,0.6,0.0,-0.004113500103390237,-0.020175934444288786,-0.007272419361590908,-0.18,0.18,1.0
15.227139711380005,1,,0.0,0.6,0.0,-0.006669518530234023,0.002998040311703356,-0.00841816199596123,-0.18,0.18,1.0
15.227139711380005,1,,0.0,0.6,0.0,-0.007752654914565383,-0.014705219248607473,-0.010162299888766805,-0.18,0.18,1.0
15.227139711380005,1,,0.0,0.6,0.0,-0.008235035295414337,-0.029654883397340334,-0.00350573058650481,-0.18,0.18,1.0
15.227139711380005,1,,0.0,0.6,0.0,-0.009895127541137376,-0.0346777160351736,-0.0034983222161132014,-0.18,0.18,1.0
15.227139711380005,1,,0.0,0.6,0.0,-0.0008910037208334363,-0.009503150445906763,-0.00879012438528812,-0.18,0.18,1.0
15.267449378967285,1,,0.0,0.6,0.0,-0.00635759328045461,-0.02360462677700813,-0.004575527947709996,-0.18,0.18,1.0
15.267449378967285,1,,0.0,0.6,0.0,-0.007828999934185388,-0.023072350558660228,-0.003999557064995293,-0.18,0.18,1.0
15.267449378967285,1,,0.0,0.6,0.0,-0.007831195162126148,-0.008870452236297517,0.0006635863095986501,-0.18,0.18,1.0
15.267449378967285,1,,0.0,0.6,0.0,-0.012761275546395907,-0.01985951139679557,-0.004303934203216543,-0.18,0.18,1.0
15.267449378967285,1,,0.0,0.6,0.0,-0.0014300499726934476,-0.02648644565510569,0.0034554918791057845,-0.18,0.18,1.0
15.267449378967285,1,,0.0,0.6,0.0,-0.0109553026635147,-0.005069774115198611,0.004536647260548234,-0.18,0.18,1.0
15.267449378967285,1,,0.0,0.6,0.0,-0.011055844849955457,-0.01915777313579831,0.006496443454327462,-0.18,0.18,1.0
15.267449378967285,1,,0.0,0.6,0.0,-0.01497121577966477,-0.015353439261961565,0.007000340697629266,-0.18,0.18,1.0
15.267449378967285,1,,0.0,0.6,0.0,-0.006865510726994782,0.0007857327715976246,-0.0017313379203560538,-0.18,0.18,1.0
15.267449378967285,1,,0.0,0.6,0.0,-0.008041131866004895,-0.01478116870731394,0.0013972023732297073,-0.18,0.18,1.0
15.31781530380249,1,,0.0,0.6,0.0,-0.011089122442964075,-0.02097753766157593,0.00434309917295908,-0.18,0.18,1.0
15.31781530380249,1,,0.0,0.6,0.0,-0.007683089180749885,-0.009654413669818897,0.00045536615823512814,-0.18,0.18,1.0
15.31781530380249,1,,0.0,0.6,0.0,-0.009108888606014736,-0.004282991089474676,0.00014190721447463202,-0.18,0.18,1.0
15.31781530380249,1,,0.0,0.6,0.0,-0.0016366196854350273,-0.0013997513827877645,0.012346757626038372,-0.18,0.18,1.0
15.31781530380249,1,,0.0,0.6,0.0,-0.0014516638372359038,0.005347042687138621,0.010596363937791394,-0.18,0.18,1.0
15.31781530380249,1,,0.0,0.6,0.0,-0.006511553285353733,-0.005398008942982049,0.0029211813591681177,-0.18,0.18,1.0
15.31781530380249,1,,0.0,0.6,0.0,0.006077257941482942,-0.025634488521459508,0.0021349599954175067,-0.18,0.18,1.0
15.31781530380249,1,,0.0,0.6,0.0,0.0004925223362478492,-0.02725361244134674,0.0010651879700599382,-0.18,0.18,1.0
15.31781530380249,1,,0.0,0.6,0.0,0.006094458794792994,-0.02406226291353264,0.0029650576075451298,-0.18,0.18,1.0
15.31781530380249,1,,0.0,0.6,0.0,-0.0037833502345363977,-0.02511022274261407,-0.004081148577312443,-0.18,0.18,1.0
15.358116626739502,1,,0.0,0.6,0.0,0.007481119410861248,-0.01899856283068964,-0.005267681103044441,-0.18,0.18,1.0
15.358116626739502,1,,0.0,0.6,0.0,0.006963389451978332,-0.00697358835012731,-0.0073173724388131845,-0.18,0.18,1.0
15.358116626739502,1,,0.0,0.6,0.0,0.002785816725476493,-0.0012463764436281308,-0.006154792463367694,-0.18,0.18,1.0
15.358116626739502,1,,0.0,0.6,0.0,0.0016342541961096072,-0.006630259410586854,-0.008104157900845569,-0.18,0.18,1.0
15.358116626739502,1,,0.0,0.6,0.0,0.00470491110912624,0.0034452655354165656,0.00037952861705767803,-0.18,0.18,1.0
15.358116626739502,1,,0.0,0.6,0.0,-0.011321218878158292,0.01402417738779018,-0.0026990586897358646,-0.18,0.18,1.0
15.358116626739502,1,,0.0,0.6,0.0,-0.0046270254173155995,0.021788139062091736,-0.005388785845466495,-0.18,0.18,1.0
15.358116626739502,1,,0.0,0.6,0.0,-0.0022668810365466083,0.021728793793110678,-0.0025781854594713414,-0.18,0.18,1.0
15.358116626739502,1,,0.0,0.6,0.0,-0.007994392523026899,0.00953321143798251,0.002588784138058457,-0.18,0.18,1.0
15.358116626739502,1,,0.0,0.6,0.0,0.0005326028426127892,0.016009017956526123,-0.004062090938696228,-0.18,0.18,1.0
15.398428916931152,1,,0.0,0.6,0.0,-0.009213299989705232,0.02161026050890827,0.0007798273440206444,-0.18,0.18,1.0
15.398428916931152,1,,0.0,0.6,0.0,-0.002972366952128354,-0.008330871921775297,0.004707243188382785,-0.18,0.18,1.0
15.398428916931152,1,,0.0,0.6,0.0,-0.007691239344203353,-0.00801439811142935,0.007432341421341835,-0.18,0.18,1.0
15.398428916931152,1,,0.0,0.6,0.0,-0.0037859396849266275,0.00027798421057841153,-0.000806326880069144,-0.18,0.18,1.0
15.398428916931152,1,,0.0,0.6,0.0,-0.011126753422006797,-0.02012691431223959,-0.008315930232858017,-0.18,0.18,1.0
15.398428916931152,1,,0.0,0.6,0.0,-0.0011341436840402266,-0.005402449005506297,-0.014530474482459267,-0.18,0.18,1.0
15.398428916931152,1,,0.0,0.6,0.0,-0.00467417316589537,-0.004495551614437168,-0.014222417207505136,-0.18,0.18,1.0
15.398428916931152,1,,0.0,0.6,0.0,-0.009187036749919416,-0.012802797288892352,-0.010451564151417037,-0.18,0.18,1.0
15.398428916931152,1,,0.0,0.6,0.0,-0.009679255944469212,-0.024474977864186703,-0.008170744398715655,-0.18,0.18,1.0
15.398428916931152,1,,0.0,0.6,0.0,-0.01450086577322376,-0.009580390073772283,-0.011638813162075006,-0.18,0.18,1.0
15.438730955123901,1,,0.0,0.6,0.0,-0.009218578262090573,0.00025361925354230603,-0.0076302230877861865,-0.18,0.18,1.0
15.438730955123901,1,,0.0,0.6,0.0,-0.0036855761126415353,-0.0034864012439580158,-0.009559888974207717,-0.18,0.18,1.0
15.438730955123901,1,,0.0,0.6,0.0,-0.0011182632045533376,0.0024967568411546465,-0.009476025646487448,-0.18,0.18,1.0
15.438730955123901,1,,0.0,0.6,0.0,0.009829005500322811,-0.01511357390268258,-0.009390262664277508,-0.18,0.18,1.0
15.438730955123901,1,,0.0,0.6,0.0,-0.004122231240559194,-0.0310766141529283,-0.005714605162579469,-0.18,0.18,1.0
15.438730955123901,1,,0.0,0.6,0.0,-0.005604146531878843,-0.0329909039156511,0.0012038527592893396,-0.18,0.18,1.0
15.438730955123901,1,,0.0,0.6,0.0,0.002480958902555916,-0.0293109659285005,-0.003816511499042298,-0.18,0.18,1.0
15.438730955123901,1,,0.0,0.6,0.0,-0.007615172488350207,-0.006615002476332807,-0.006930099653458983,-0.18,0.18,1.0
15.438730955123901,1,,0.0,0.6,0.0,-0.007559866206888007,-0.008341204891475818,-0.0029716710548845842,-0.18,0.18,1.0
15.438730955123901,1,,0.0,0.6,0.0,-0.01510685484381512,-0.02476568304294974,-0.0015982627327482,-0.18,0.18,1.0
15.489106178283691,1,,0.0,0.6,0.0,-0.017950528481124585,-0.01819970079975746,-0.0017736964752297693,-0.18,0.18,1.0
15.489106178283691,1,,0.0,0.6,0.0,-0.013485571815508786,-0.01207432157368443,-0.010088328568625961,-0.18,0.18,1.0
15.489106178283691,1,,0.0,0.6,0.0,-0.007646091684896443,0.0034570912867381244,-0.005961649180312506,-0.18,0.18,1.0
15.489106178283691,1,,0.0,0.6,0.0,-0.00649357682794912,-0.0025142611304870884,0.001857496419038637,-0.18,0.18,1.0
15.489106178283691,1,,0.0,0.6,0.0,-0.008327342248104386,-0.02392113982503615,-0.006303646066920739,-0.18,0.18,1.0
15.489106178283691,1,,0.0,0.6,0.0,-0.012337675056653665,-0.03721334708552108,-0.0038748606988656233,-0.18,0.18,1.0
15.489106178283691,1,,0.0,0.6,0.0,-0.014343715294310848,-0.023601840780212015,-0.0022991033076011215,-0.18,0.18,1.0
15.489106178283691,1,,0.0,0.6,0.0,-0.00561475464790309,-0.01736579687496996,0.0011950763410627364,-0.18,0.18,1.0
15.489106178283691,1,,0.0,0.6,0.0,-0.004954854807151618,-0.0065738752688749656,-0.003494783211481176,-0.18,0.18,1.0
15.489106178283691,1,,0.0,0.6,0.0,-0.0003876130799402133,-0.015408286194970616,-0.008424708477858315,-0.18,0.18,1.0
15.529409646987915,1,,0.0,0.6,0.0,0.010314504008231386,0.004622958551232336,-0.009924476440611651,-0.18,0.18,1.0
15.529409646987915,1,,0.0,0.6,0.0,0.0028536196172010454,-0.015202619409872019,-0.012916798124433675,-0.18,0.18,1.0
15.529409646987915,1,,0.0,0.6,0.0,-0.0021125671292056224,-0.004246246358725842,-0.013026793374749867,-0.18,0.18,1.0
15.529409646987915,1,,0.0,0.6,0.0,0.008485778190589127,-0.010908895967418952,-0.01044790444596456,-0.18,0.18,1.0
15.529409646987915,1,,0.0,0.6,0.0,-0.0003531656119145822,-0.014841851471031038,-0.009784473824151776,-0.18,0.18,1.0
15.529409646987915,1,,0.0,0.6,0.0,-0.010769915791101922,0.003684932687583531,-0.008135376686164238,-0.18,0.18,1.0
15.529409646987915,1,,0.0,0.6,0.0,-0.011702798295236277,0.007174861526789561,-0.011375465884430785,-0.18,0.18,1.0
15.529409646987915,1,,0.0,0.6,0.0,-0.006997882007526436,0.009826347360639025,-0.009263686551888101,-0.18,0.18,1.0
15.529409646987915,1,,0.0,0.6,0.0,-0.015256946414100676,-0.015954227338397887,-0.01158317291334032,-0.18,0.18,1.0
15.529409646987915,1,,0.0,0.6,0.0,-0.013993871873020565,-0.01819037122404061,-0.0010780310067207172,-0.18,0.18,1.0
15.569721460342407,1,,0.0,0.6,0.0,-0.01586656006131662,-0.030332614411081656,-0.005604305946865298,-0.18,0.18,1.0
15.569721460342407,1,,0.0,0.6,0.0,-0.008668696712927136,-0.027624084389819992,0.0004836009762361198,-0.18,0.18,1.0
15.569721460342407,1,,0.0,0.6,0.0,-0.0027105604176393804,-0.004757354462029788,-0.006351990230815684,-0.18,0.18,1.0
15.569721460342407,1,,0.0,0.6,0.0,-0.01266349233643899,0.0012658406740831626,-0.007156353058633964,-0.18,0.18,1.0
15.569721460342407,1,,0.0,0.6,0.0,-0.015551103613023145,-0.0030730304734233405,-0.0007467015894976495,-0.18,0.18,1.0
15.569721460342407,1,,0.0,0.6,0.0,-0.013720766845634025,-0.017003346401129795,-0.003308900292428133,-0.18,0.18,1.0
15.569721460342407,1,,0.0,0.6,0.0,-0.001130817674495284,-0.015386823794247008,-0.00039088815003438107,-0.18,0.18,1.0
15.569721460342407,1,,0.0,0.6,0.0,-0.00145289761954853,-0.03678539257486706,-0.004250157868550112,-0.18,0.18,1.0
15.569721460342407,1,,0.0,0.6,0.0,0.0002786464771793875,-0.03484914592340733,-0.0070145509476231315,-0.18,0.18,1.0
15.569721460342407,1,,0.0,0.6,0.0,-0.0003919679426817512,-0.014660831137738278,-0.0068347391708118675,-0.18,0.18,1.0
15.61001706123352,1,,0.0,0.6,0.0,-0.0013786208645414613,0.0015799765649157156,-0.0027745209432292893,-0.18,0.18,1.0
15.61001706123352,1,,0.0,0.6,0.0,-0.005299112136011147,0.013664080890179455,-0.0011511021965596934,-0.18,0.18,1.0
15.61001706123352,1,,0.0,0.6,0.0,0.0049727573647469075,0.0066591675700722,-0.004068627384232698,-0.18,0.18,1.0
15.61001706123352,1,,0.0,0.6,0.0,0.00601267907295666,0.0057645819814415265,-0.0056163984696223366,-0.18,0.18,1.0
15.61001706123352,1,,0.0,0.6,0.0,0.002455381011729677,-0.008212779114902324,-0.00478573520142118,-0.18,0.18,1.0
15.61001706123352,1,,0.0,0.6,0.0,0.010252792706442618,-0.02285751430495857,0.002129791802580837,-0.18,0.18,1.0
15.61001706123352,1,,0.0,0.6,0.0,0.00959036097217739,-0.024340516878090215,0.002670143809736299,-0.18,0.18,1.0
15.61001706123352,1,,0.0,0.6,0.0,0.0067821471775756075,-0.01861498433255315,-0.000540274626533923,-0.18,0.18,1.0
15.61001706123352,1,,0.0,0.6,0.0,0.0028798856861175,8.460296693291288e-05,-0.004981353724273248,-0.18,0.18,1.0
15.660380363464355,1,,0.0,0.6,0.0,0.0017510587507903574,0.0057980668310316456,-0.007143371467353283,-0.18,0.18,1.0
15.660380363464355,1,,0.0,0.6,0.0,-0.010680633359679661,-0.011953558416554187,-0.013311146493988135,-0.18,0.18,1.0
15.660380363464355,1,,0.0,0.6,0.0,-0.008604353275506533,-0.004321692358061962,-0.006145462750164229,-0.18,0.18,1.0
15.660380363464355,1,,0.0,0.6,0.0,-0.013851829596944745,0.01160456648386698,-0.009170502876763563,-0.18,0.18,1.0
15.660380363464355,1,,0.0,0.6,0.0,-0.017821777439467133,-0.0016418947986375605,-0.01118611497895197,-0.18,0.18,1.0
15.660380363464355,1,,0.0,0.6,0.0,-0.012767038074576641,-0.020914128033125125,-0.005579804996032609,-0.18,0.18,1.0
15.660380363464355,1,,0.0,0.6,0.0,-0.007268779038559225,-0.029291244707871145,-0.007629401985751189,-0.18,0.18,1.0
15.660380363464355,1,,0.0,0.6,0.0,-0.010238667039903586,-0.014311672136186414,-0.014721838423240088,-0.18,0.18,1.0
15.660380363464355,1,,0.0,0.6,0.0,-0.0030140943125830247,-0.005579036469544947,-0.0038191234679692057,-0.18,0.18,1.0
15.660380363464355,1,,0.0,0.6,0.0,-0.0026727735833630283,-0.021366587424290324,-0.004882640847310747,-0.18,0.18,1.0
15.701071500778198,1,,0.0,0.6,0.0,-0.002132626035742473,-0.03633176309407097,-0.004147585409821351,-0.18,0.18,1.0
15.701071500778198,1,,0.0,0.6,0.0,-0.009691165922213632,-0.03640912788546945,-0.006285466909091584,-0.18,0.18,1.0
15.701071500778198,1,,0.0,0.6,0.0,-0.01283818062680684,-0.008989825582901961,-0.005256393236833186,-0.18,0.18,1.0
15.701071500778198,1,,0.0,0.6,0.0,-0.009033960565298246,-0.006298553401881578,-0.004596805329179315,-0.18,0.18,1.0
15.701071500778198,1,,0.0,0.6,0.0,-0.006069592238609181,-0.025598365538534066,-0.004547083955059261,-0.18,0.18,1.0
15.701071500778198,1,,0.0,0.6,0.0,-0.004898106966759635,-0.009801903175960955,-0.004820733823687089,-0.18,0.18,1.0
15.701071500778198,1,,0.0,0.6,0.0,-0.003933632482402124,-0.012203922617188905,-0.01183626589712802,-0.18,0.18,1.0
15.701071500778198,1,,0.0,0.6,0.0,0.005450827281871272,-0.001968084818443978,-0.015072647586402426,-0.18,0.18,1.0
15.701071500778198,1,,0.0,0.6,0.0,-0.003364645934161709,-0.011662505146790113,-0.010857099046494938,-0.18,0.18,1.0
15.701071500778198,1,,0.0,0.6,0.0,0.003502509135877916,-0.01643065658514617,-0.005707692351021353,-0.18,0.18,1.0
15.741391658782959,1,,0.0,0.6,0.0,0.003437509321230812,-0.00506381799035462,-0.0036272543122644013,-0.18,0.18,1.0
15.741391658782959,1,,0.0,0.6,0.0,-0.007334697285437642,0.012641096071797323,-0.008995768401409466,-0.18,0.18,1.0
15.741391658782959,1,,0.0,0.6,0.0,0.004102060254919125,0.020495113302694254,-0.014884478608948423,-0.18,0.18,1.0
15.741391658782959,1,,0.0,0.6,0.0,-0.007259899283427849,-0.0013800076387988178,-0.009494466504716137,-0.18,0.18,1.0
15.741391658782959,1,,0.0,0.6,0.0,-0.007710226817040212,-0.0028572518334962814,0.0015274380872164928,-0.18,0.18,1.0
15.741391658782959,1,,0.0,0.6,0.0,-0.007935814584397885,0.004857425158837749,-0.00768534825245863,-0.18,0.18,1.0
15.741391658782959,1,,0.0,0.6,0.0,-0.004254734001254261,0.013999906413246813,-0.008175015608391052,-0.18,0.18,1.0
15.741391658782959,1,,0.0,0.6,0.0,0.007906844674110214,0.013370881216829734,-0.004338284407433766,-0.18,0.18,1.0
15.741391658782959,1,,0.0,0.6,0.0,0.006353836526637518,0.013197374233106044,-0.00571745576383364,-0.18,0.18,1.0
15.741391658782959,1,,0.0,0.6,0.0,-0.011342778510715947,0.006649578355590888,-0.0071258397193572805,-0.18,0.18,1.0
15.7817702293396,1,,0.0,0.6,0.0,-0.004281814232573648,-0.016037816155222803,-0.010920785623606905,-0.18,0.18,1.0
15.7817702293396,1,,0.0,0.6,0.0,-0.012215532486514795,-0.031710788968070454,-0.012624898711419965,-0.18,0.18,1.0
15.7817702293396,1,,0.0,0.6,0.0,-0.01396246465022348,-0.032230619545604126,-0.009900938743009265,-0.18,0.18,1.0
15.7817702293396,1,,0.0,0.6,0.0,-0.018786145382827222,-0.017594264084536175,-0.006944187769086335,-0.18,0.18,1.0
15.7817702293396,1,,0.0,0.6,0.0,-0.012018766809916842,-0.007928925655396308,-0.012134585120185367,-0.18,0.18,1.0
15.7817702293396,1,,0.0,0.6,0.0,-0.007793454044997441,-0.001656136237163184,-0.011880175304707356,-0.18,0.18,1.0
15.7817702293396,1,,0.0,0.6,0.0,-0.0106697619895964,0.012582647120208188,-0.007918314973349808,-0.18,0.18,1.0
15.7817702293396,1,,0.0,0.6,0.0,-0.006396472766544915,-0.009238193601063587,-0.012112012524516507,-0.18,0.18,1.0
15.7817702293396,1,,0.0,0.6,0.0,0.0027032780326835476,-0.029095613618862346,-0.014724900438606688,-0.18,0.18,1.0
15.7817702293396,1,,0.0,0.6,0.0,-0.0093861258419223,-0.03109928571065627,-0.009349134570591958,-0.18,0.18,1.0
15.83221173286438,1,,0.0,0.6,0.0,-0.017006455646894625,-0.005699189778480603,-0.008320437573551902,-0.18,0.18,1.0
15.83221173286438,1,,0.0,0.6,0.0,-0.018491611962171632,-0.011311607718144297,-0.006168474652174671,-0.18,0.18,1.0
15.83221173286438,1,,0.0,0.6,0.0,-0.019988744050929694,-0.011993487869224937,-0.01089920003349508,-0.18,0.18,1.0
15.83221173286438,1,,0.0,0.6,0.0,-0.01478851935732479,-0.0057249509818062694,-0.004984115109931759,-0.18,0.18,1.0
15.83221173286438,1,,0.0,0.6,0.0,-0.014990018485837366,0.003732336172074985,-0.008153632521805546,-0.18,0.18,1.0
15.83221173286438,1,,0.0,0.6,0.0,-0.010266599585847216,0.005255525012353392,-0.0007042332961832879,-0.18,0.18,1.0
15.83221173286438,1,,0.0,0.6,0.0,-0.0016778034054928522,-0.007626607417244602,-0.007693341908205282,-0.18,0.18,1.0
15.83221173286438,1,,0.0,0.6,0.0,0.0023840231975583276,-0.027180437659307406,-0.006808460874607725,-0.18,0.18,1.0
15.83221173286438,1,,0.0,0.6,0.0,0.0034612774355861917,-0.030833613881448257,-0.005043398409054623,-0.18,0.18,1.0
15.83221173286438,1,,0.0,0.6,0.0,-0.00016149018342023218,-0.041954407623329755,-0.002157184548562657,-0.18,0.18,1.0
15.872546911239624,1,,0.0,0.6,0.0,-0.001987737637702868,-0.007352895423651899,-0.0006380111969058607,-0.18,0.18,1.0
15.872546911239624,1,,0.0,0.6,0.0,0.0011080422440071995,-0.011642345063739176,-0.0028546260537685554,-0.18,0.18,1.0
15.872546911239624,1,,0.0,0.6,0.0,-0.005483921561956325,-0.016637369922592713,-0.0015549958702995106,-0.18,0.18,1.0
15.872546911239624,1,,0.0,0.6,0.0,0.007434552394295735,-0.026006031557249218,-0.0041932216207289765,-0.18,0.18,1.0
15.872546911239624,1,,0.0,0.6,0.0,0.0031468358276675076,-0.015339995733618328,-0.002546342388272966,-0.18,0.18,1.0
15.872546911239624,1,,0.0,0.6,0.0,0.001057769420592198,0.005051726841525013,-0.007351315096043751,-0.18,0.18,1.0
15.872546911239624,1,,0.0,0.6,0.0,-0.008912448333089898,-0.018366615365629977,-0.00785239107771627,-0.18,0.18,1.0
15.872546911239624,1,,0.0,0.6,0.0,-0.0017527835942066198,-0.03464855482339921,-0.010300100549601721,-0.18,0.18,1.0
15.872546911239624,1,,0.0,0.6,0.0,-0.005493925937148091,-0.03227351768387101,-0.008452591474271047,-0.18,0.18,1.0
15.872546911239624,1,,0.0,0.6,0.0,-0.00475739616207948,-0.005833254305395427,-0.006304025700852773,-0.18,0.18,1.0
15.912896633148193,1,,0.0,0.6,0.0,-0.006129897982363934,0.010228335618960816,-0.008617411482673087,-0.18,0.18,1.0
15.912896633148193,1,,0.0,0.6,0.0,0.0003272194673871783,-0.00775829892807094,-0.009603515162779906,-0.18,0.18,1.0
15.912896633148193,1,,0.0,0.6,0.0,0.005889717685136768,-0.0017701593474660233,-0.007296145847846715,-0.18,0.18,1.0
15.912896633148193,1,,0.0,0.6,0.0,0.009837057122014275,-0.019828408750240698,-0.004643955696119023,-0.18,0.18,1.0
15.912896633148193,1,,0.0,0.6,0.0,0.001626695948834242,-0.011559792069811257,0.00015447476366545817,-0.18,0.18,1.0
15.912896633148193,1,,0.0,0.6,0.0,-0.00024833761660214305,0.008435929383656513,-0.00389283988003126,-0.18,0.18,1.0
15.912896633148193,1,,0.0,0.6,0.0,0.011601193470746474,0.013748142990593418,-0.004813875716463785,-0.18,0.18,1.0
15.912896633148193,1,,0.0,0.6,0.0,0.004916474064325335,0.010967990564918288,-0.00631618209970573,-0.18,0.18,1.0
15.912896633148193,1,,0.0,0.6,0.0,0.006018696924567361,-0.015962485484110042,-0.004060367611521972,-0.18,0.18,1.0
15.912896633148193,1,,0.0,0.6,0.0,0.0005706870235212501,-0.028159640218968034,-0.008766681374312345,-0.18,0.18,1.0
15.963379859924316,1,,0.0,0.6,0.0,-0.004053380097150549,-0.02958121839712592,-0.0020929602806220526,-0.18,0.18,1.0
15.963379859924316,1,,0.0,0.6,0.0,-0.011012203680916434,-0.019900182792740848,-0.001558005992763596,-0.18,0.18,1.0
15.963379859924316,1,,0.0,0.6,0.0,-0.0048507281898756355,-0.031212360371655506,0.0009791808778758955,-0.18,0.18,1.0
15.963379859924316,1,,0.0,0.6,0.0,-0.00530144990792936,-0.04288602951166544,0.005225654630799875,-0.18,0.18,1.0
15.963379859924316,1,,0.0,0.6,0.0,-0.006751973566461429,-0.047213311340148195,0.0011585524610454629,-0.18,0.18,1.0
15.963379859924316,1,,0.0,0.6,0.0,-0.012879983140738255,-0.040225970466730855,-0.0073260770216652124,-0.18,0.18,1.0
15.963379859924316,1,,0.0,0.6,0.0,-0.008375453175706161,-0.018123263739961547,-0.006007819437268562,-0.18,0.18,1.0
15.963379859924316,1,,0.0,0.6,0.0,-0.002928812766750318,-0.008873554744860932,-0.008976401648444836,-0.18,0.18,1.0
15.963379859924316,1,,0.0,0.6,0.0,-0.012011816688791498,-0.017367650654559134,-0.009408615552893226,-0.18,0.18,1.0
15.963379859924316,1,,0.0,0.6,0.0,-0.01763407369638899,-0.013402787016500597,-0.0025817375182337387,-0.18,0.18,1.0
16.00369119644165,1,,0.0,0.6,0.0,-0.014256994874488515,-0.026502843899518503,-0.005198847162018584,-0.18,0.18,1.0
16.00369119644165,1,,0.0,0.6,0.0,-0.013317737747900533,-0.03548225577321782,-0.007531987061215621,-0.18,0.18,1.0
16.00369119644165,1,,0.0,0.6,0.0,-0.016417371453552054,-0.03841201729959064,-0.004161914786366305,-0.18,0.18,1.0
16.00369119644165,1,,0.0,0.6,0.0,-0.007802148949723971,-0.03921618824239076,0.0007697087530084361,-0.18,0.18,1.0
16.00369119644165,1,,0.0,0.6,0.0,0.00048251997734243153,-0.030157246675460558,-0.0030947537538890467,-0.18,0.18,1.0
16.00369119644165,1,,0.0,0.6,0.0,-0.012260388612652284,-0.027220724889086577,0.0028930885365752164,-0.18,0.18,1.0
16.00369119644165,1,,0.0,0.6,0.0,-0.005366518951779271,-0.023304102509664523,-0.0005649410557162992,-0.18,0.18,1.0
16.00369119644165,1,,0.0,0.6,0.0,-0.00788966185650277,-0.03718209360702883,0.0026870809043849147,-0.18,0.18,1.0
16.00369119644165,1,,0.0,0.6,0.0,-0.0004358167634856765,-0.0411530476799046,-0.0012852430117480085,-0.18,0.18,1.0
16.00369119644165,1,,0.0,0.6,0.0,-0.007869737864804844,-0.043740361837645535,-0.000677046426289765,-0.18,0.18,1.0
16.044011116027832,1,,0.0,0.6,0.0,-0.008653653555002869,-0.027351318788749086,-0.004765492214421883,-0.18,0.18,1.0
16.044011116027832,1,,0.0,0.6,0.0,-0.007514314064355318,-0.014585892874870806,0.007685150621291128,-0.18,0.18,1.0
16.044011116027832,1,,0.0,0.6,0.0,-0.009381489612779617,-0.012747447218123351,0.005481699199822656,-0.18,0.18,1.0
16.044011116027832,1,,0.0,0.6,0.0,-0.014736232321729804,-0.011254556233810071,0.006158352457106559,-0.18,0.18,1.0
16.044011116027832,1,,0.0,0.6,0.0,-0.010896226840276602,-0.005266986594522138,0.006061039344724153,-0.18,0.18,1.0
16.044011116027832,1,,0.0,0.6,0.0,-0.003213158749419887,-0.01901465146914795,-0.0003429930271187184,-0.18,0.18,1.0
16.044011116027832,1,,0.0,0.6,0.0,-0.0065241916951867835,-0.006535972285068084,-0.005502277783688062,-0.18,0.18,1.0
16.044011116027832,1,,0.0,0.6,0.0,-0.0058383341466751205,-0.0042992937759242875,-0.004785413727842423,-0.18,0.18,1.0
16.044011116027832,1,,0.0,0.6,0.0,-0.0036845938102074874,-0.022387902026491983,-0.001298133818415571,-0.18,0.18,1.0
16.044011116027832,1,,0.0,0.6,0.0,0.0015020584027464262,-0.03096173865349663,0.0012864036274829608,-0.18,0.18,1.0
16.08439350128174,1,,0.0,0.6,0.0,0.005550791790047662,-0.036506014595626246,-0.0006125322382720241,-0.18,0.18,1.0
16.08439350128174,1,,0.0,0.6,0.0,-0.0022849291504597404,-0.022840770497916513,-0.008107625222050888,-0.18,0.18,1.0
16.08439350128174,1,,0.0,0.6,0.0,-0.011949689059899009,-0.018032113132191625,-0.0027060694528819405,-0.18,0.18,1.0
16.08439350128174,1,,0.0,0.6,0.0,-0.006663124889108216,-0.029801520538430642,-0.0046743542646574135,-0.18,0.18,1.0
16.08439350128174,1,,0.0,0.6,0.0,-0.013628835119104232,-0.03977018614603224,0.0004881406025184116,-0.18,0.18,1.0
16.08439350128174,1,,0.0,0.6,0.0,-0.007476679740962491,-0.03395569738597377,-0.0038067741648970697,-0.18,0.18,1.0
16.08439350128174,1,,0.0,0.6,0.0,-0.0049824502454125594,-0.022666375249184252,-0.011530585319526838,-0.18,0.18,1.0
16.08439350128174,1,,0.0,0.6,0.0,-0.0004992609551398785,-0.0314813959002603,-0.006655814149144071,-0.18,0.18,1.0
16.08439350128174,1,,0.0,0.6,0.0,-0.010235721947287514,-0.007199045385241757,-0.0018319153699094936,-0.18,0.18,1.0
16.08439350128174,1,,0.0,0.6,0.0,-0.011678815987938651,0.0033942689619835616,-0.0050093577979196564,-0.18,0.18,1.0
16.13479518890381,1,,0.0,0.6,0.0,-0.01036073613804769,-0.02006803073699011,-0.006260679397144344,-0.18,0.18,1.0
16.13479518890381,1,,0.0,0.6,0.0,-0.007901085608793356,-0.01567466362341961,-0.0013513090802657187,-0.18,0.18,1.0
16.13479518890381,1,,0.0,0.6,0.0,-0.015168683450216429,0.005315539618989562,-0.007852949519753218,-0.18,0.18,1.0
16.13479518890381,1,,0.0,0.6,0.0,-0.004913851882300726,0.009680964827444497,-0.0111534135055121,-0.18,0.18,1.0
16.13479518890381,1,,0.0,0.6,0.0,-0.005314857239312168,-0.007891943716455014,-0.009486108627826575,-0.18,0.18,1.0
16.13479518890381,1,,0.0,0.6,0.0,0.0005310783895372574,-0.016103120953783388,-0.0035253305147185912,-0.18,0.18,1.0
16.13479518890381,1,,0.0,0.6,0.0,0.00017283473896229432,-0.0025014838914880467,-0.005310667492129653,-0.18,0.18,1.0
16.13479518890381,1,,0.0,0.6,0.0,-0.0018415677262958573,-0.0023802315770547994,-0.006906509031310699,-0.18,0.18,1.0
16.13479518890381,1,,0.0,0.6,0.0,-0.009736515013885717,-0.009806270450416613,-0.004307036560427845,-0.18,0.18,1.0
16.13479518890381,1,,0.0,0.6,0.0,-0.005506251680425466,-0.009312119848969968,-0.0029898401868541234,-0.18,0.18,1.0
16.175158977508545,1,,0.0,0.6,0.0,-0.012415306074888851,-0.002015870223668179,-0.0030683367742386928,-0.18,0.18,1.0
16.175158977508545,1,,0.0,0.6,0.0,-0.00964260450838149,-0.012483931088909725,-0.0069515929269854315,-0.18,0.18,1.0
16.175158977508545,1,,0.0,0.6,0.0,-0.010333290215940982,0.006277803051526274,-0.00474450361315414,-0.18,0.18,1.0
16.175158977508545,1,,0.0,0.6,0.0,-0.003575703541484281,-0.01417766117447796,-0.004449345306078865,-0.18,0.18,1.0
16.175158977508545,1,,0.0,0.6,0.0,-0.0022109083113784744,-0.014201147889409283,-0.00665838367334251,-0.18,0.18,1.0
16.175158977508545,1,,0.0,0.6,0.0,-0.00815605272665815,0.0013421524595287925,-0.006729990895065045,-0.18,0.18,1.0
16.175158977508545,1,,0.0,0.6,0.0,-0.0012311816374935061,-0.003945662265079494,-0.005607789818057338,-0.18,0.18,1.0
16.175158977508545,1,,0.0,0.6,0.0,-0.008084430849647587,-0.01074365562547959,-0.0019079712689013713,-0.18,0.18,1.0
16.175158977508545,1,,0.0,0.6,0.0,-0.009994581337354836,-0.004722644291438132,-0.006842843817179258,-0.18,0.18,1.0
16.215495347976685,1,,0.0,0.6,0.0,-0.003970759278160124,-0.004427190666675215,-0.0007767102544897292,-0.18,0.18,1.0
16.215495347976685,1,,0.0,0.6,0.0,0.001242617260463592,0.010319026218792623,-0.00443315302062156,-0.18,0.18,1.0
16.215495347976685,1,,0.0,0.6,0.0,-0.0017735078213471252,-0.008317766442569357,-0.009055390613025897,-0.18,0.18,1.0
16.215495347976685,1,,0.0,0.6,0.0,-0.006411105882324426,-0.0024182785671202542,-0.00023419887218193065,-0.18,0.18,1.0
16.215495347976685,1,,0.0,0.6,0.0,-0.009963256559932333,-0.01947626466725592,-0.006925427495810531,-0.18,0.18,1.0
16.215495347976685,1,,0.0,0.6,0.0,-0.01595194664673338,-0.031007550654357466,-0.006952830110650983,-0.18,0.18,1.0
16.215495347976685,1,,0.0,0.6,0.0,-0.014413143901330996,-0.038973448986557066,0.001018910858741949,-0.18,0.18,1.0
16.215495347976685,1,,0.0,0.6,0.0,-0.011278016648017987,-0.02920806723931352,-0.013328465912402072,-0.18,0.18,1.0
16.215495347976685,1,,0.0,0.6,0.0,0.0032022854767043744,-0.008407181799041347,-0.00663938258303039,-0.18,0.18,1.0
16.215495347976685,1,,0.0,0.6,0.0,-0.002389239753472286,-0.008338969801160525,-0.005424386366566944,-0.18,0.18,1.0
16.255897760391235,1,,0.0,0.6,0.0,-0.008991660069192445,-0.013224954152095202,-0.007623961868431354,-0.18,0.18,1.0
16.255897760391235,1,,0.0,0.6,0.0,-0.002173501934634553,-0.01625019253821179,0.0010506294247263864,-0.18,0.18,1.0
16.255897760391235,1,,0.0,0.6,0.0,0.003409733688346573,-0.013909381010761326,-0.0057955969084798175,-0.18,0.18,1.0
16.255897760391235,1,,0.0,0.6,0.0,-0.006993493227136598,-0.005581831410531536,-0.0030759505514635086,-0.18,0.18,1.0
16.255897760391235,1,,0.0,0.6,0.0,-0.007002897442778644,-0.012029860212858455,-0.0003631833434664056,-0.18,0.18,1.0
16.255897760391235,1,,0.0,0.6,0.0,0.001572485538285792,-0.02536290832414032,-0.004439434376492825,-0.18,0.18,1.0
16.255897760391235,1,,0.0,0.6,0.0,-0.001208345493129702,-0.02632226786801252,-0.007873987194780075,-0.18,0.18,1.0
16.255897760391235,1,,0.0,0.6,0.0,-0.009069168492267061,-0.014429688454374609,-0.0072431855086678935,-0.18,0.18,1.0
16.255897760391235,1,,0.0,0.6,0.0,0.005160590008261683,-0.022598992992937647,-0.0021272143381746724,-0.18,0.18,1.0
16.255897760391235,1,,0.0,0.6,0.0,-0.0007034973802134569,-0.014715175772895571,-0.0067580062495457335,-0.18,0.18,1.0
16.306269645690918,1,,0.0,0.6,0.0,0.0009176817547458995,-0.005069962430048691,-0.00199157632554134,-0.18,0.18,1.0
16.306269645690918,1,,0.0,0.6,0.0,-0.01030229679941113,-0.019756364659995775,-0.0026164612761393675,-0.18,0.18,1.0
16.306269645690918,1,,0.0,0.6,0.0,-0.009267953012773184,-0.012149579907001114,0.007162402933675568,-0.18,0.18,1.0
16.306269645690918,1,,0.0,0.6,0.0,0.002261688526869866,0.001517953966929659,-0.00102791424938828,-0.18,0.18,1.0
16.306269645690918,1,,0.0,0.6,0.0,-0.0038306245754411113,-0.013565430154487143,0.0006480035950747104,-0.18,0.18,1.0
16.306269645690918,1,,0.0,0.6,0.0,-0.00287889444598497,-0.020735053802944187,-0.0010791044622315644,-0.18,0.18,1.0
16.306269645690918,1,,0.0,0.6,0.0,-0.004468589800159707,-0.024778295259659442,-0.005132477045232603,-0.18,0.18,1.0
16.306269645690918,1,,0.0,0.6,0.0,4.151448992259389e-05,-0.012197833217790504,0.0001418375616575075,-0.18,0.18,1.0
16.306269645690918,1,,0.0,0.6,0.0,-0.01450183351232591,-0.027371107294752686,-0.00422826442133006,-0.18,0.18,1.0
16.306269645690918,1,,0.0,0.6,0.0,-0.009013228516007289,-0.0015710890107819041,-0.008516208874376973,-0.18,0.18,1.0
16.34657597541809,1,,0.0,0.6,0.0,0.003618020398321825,-0.020314654075125834,-0.011396326617636609,-0.18,0.18,1.0
16.34657597541809,1,,0.0,0.6,0.0,0.005639352963910811,-0.0008573173375426072,-0.01212081332533254,-0.18,0.18,1.0
16.34657597541809,1,,0.0,0.6,0.0,-0.004873725009650897,-0.012388402986371472,-0.010946936431796353,-0.18,0.18,1.0
16.34657597541809,1,,0.0,0.6,0.0,-0.0028223953722052273,0.001958367535067661,-0.008542729930300747,-0.18,0.18,1.0
16.34657597541809,1,,0.0,0.6,0.0,0.002339925028067623,0.0009130420801093343,-0.002472989159182551,-0.18,0.18,1.0
16.34657597541809,1,,0.0,0.6,0.0,0.0022651260835369995,-0.010054913630807513,-0.008376268993638664,-0.18,0.18,1.0
16.34657597541809,1,,0.0,0.6,0.0,-0.0073870105104699765,-0.02758783742108141,-0.0076845514307614295,-0.18,0.18,1.0
16.34657597541809,1,,0.0,0.6,0.0,-0.006298265767050391,-0.013800470983180602,-0.008013077804594157,-0.18,0.18,1.0
16.34657597541809,1,,0.0,0.6,0.0,-0.011226459319638187,0.00632668488240224,-0.006158487406525434,-0.18,0.18,1.0
16.34657597541809,1,,0.0,0.6,0.0,-0.007721642513403469,0.0016712533601395316,-0.0061481865110945425,-0.18,0.18,1.0
16.386881351470947,1,,0.0,0.6,0.0,-0.013482276559382712,-0.01394515072473543,-0.005972416588124186,-0.18,0.18,1.0
16.386881351470947,1,,0.0,0.6,0.0,-0.011214002271300786,-0.005792377144347878,-0.006546813843838313,-0.18,0.18,1.0
16.386881351470947,1,,0.0,0.6,0.0,-0.0046464355379253345,0.005995549423466502,-0.008498299680591178,-0.18,0.18,1.0
16.386881351470947,1,,0.0,0.6,0.0,-0.003686487567407252,-0.0005616377209472565,-0.009732639996167528,-0.18,0.18,1.0
16.386881351470947,1,,0.0,0.6,0.0,-0.008908147377585381,-0.018586234733085606,-0.00407331437178797,-0.18,0.18,1.0
16.386881351470947,1,,0.0,0.6,0.0,-0.016052972388259836,-0.016863465291625877,-0.002573494173850775,-0.18,0.18,1.0
16.386881351470947,1,,0.0,0.6,0.0,-0.010750229111974591,-0.004387618067169539,-0.006956737144273086,-0.18,0.18,1.0
16.386881351470947,1,,0.0,0.6,0.0,-0.0139730097070971,0.006601688614158259,-0.008787674870473211,-0.18,0.18,1.0
16.386881351470947,1,,0.0,0.6,0.0,-0.007092806577015692,-0.01860375685456171,-0.003632997728804412,-0.18,0.18,1.0
16.386881351470947,1,,0.0,0.6,0.0,-0.012622753730242712,-0.007661042063354296,0.0006116346433923598,-0.18,0.18,1.0
16.437288761138916,1,,0.0,0.6,0.0,-0.0029111360840871044,-0.02228143991109115,0.0028114904865083655,-0.18,0.18,1.0
16.437288761138916,1,,0.0,0.6,0.0,-0.010921321040673383,-0.033834536950649356,0.0016297052755799694,-0.18,0.18,1.0
16.437288761138916,1,,0.0,0.6,0.0,-0.007448891161922869,-0.035587571496659746,-0.0054590127973549035,-0.18,0.18,1.0
16.437288761138916,1,,0.0,0.6,0.0,-0.007195962477028494,-0.0165940770923302,-0.004620004735150925,-0.18,0.18,1.0
16.437288761138916,1,,0.0,0.6,0.0,-0.007905254104442695,0.004020503609980629,-0.0028950214359661627,-0.18,0.18,1.0
16.437288761138916,1,,0.0,0.6,0.0,-0.004818802607738516,0.0029533369450219487,0.0070959749676967245,-0.18,0.18,1.0
16.437288761138916,1,,0.0,0.6,0.0,-0.0015932038112076114,-0.018946248398094764,0.0034606993896302714,-0.18,0.18,1.0
16.437288761138916,1,,0.0,0.6,0.0,-0.0013344808247881695,-0.031709098507249324,-0.0012963790804134644,-0.18,0.18,1.0
16.437288761138916,1,,0.0,0.6,0.0,-0.01072243616636328,-0.03208716447643597,-0.001997640559967048,-0.18,0.18,1.0
16.437288761138916,1,,0.0,0.6,0.0,-0.021381324332800128,-0.029203266783099827,-0.001241117836441524,-0.18,0.18,1.0
16.477649688720703,1,,0.0,0.6,0.0,-0.022637980336322517,-0.007674464361813704,-0.010874184646596737,-0.18,0.18,1.0
16.477649688720703,1,,0.0,0.6,0.0,-0.014818096901529926,-0.005336375008183313,-0.004573288927747284,-0.18,0.18,1.0
16.477649688720703,1,,0.0,0.6,0.0,-0.015786791925194797,-0.03193719075991738,-0.006164574244194371,-0.18,0.18,1.0
16.477649688720703,1,,0.0,0.6,0.0,-0.0018147692985484441,-0.0375714207413063,-0.005282196565284206,-0.18,0.18,1.0
16.477649688720703,1,,0.0,0.6,0.0,-0.01071900123208694,-0.030967950528418085,-0.01134205149199337,-0.18,0.18,1.0
16.477649688720703,1,,0.0,0.6,0.0,-0.022628559487387723,-0.023846014326008642,-0.008632453697694265,-0.18,0.18,1.0
16.477649688720703,1,,0.0,0.6,0.0,-0.010222489020151816,-0.012049330538861437,-0.006767342610734293,-0.18,0.18,1.0
16.477649688720703,1,,0.0,0.6,0.0,-0.010094043590693871,-0.013021736761755585,-0.01184393773019635,-0.18,0.18,1.0
16.477649688720703,1,,0.0,0.6,0.0,-0.0010247630630299204,-0.008130652299279511,-0.0067816900612774934,-0.18,0.18,1.0
16.477649688720703,1,,0.0,0.6,0.0,0.010571221546664405,-0.021082039593691714,-0.006608945119268964,-0.18,0.18,1.0
16.517950534820557,1,,0.0,0.6,0.0,-0.0014668392683837754,-0.03199372234429636,-0.007922948711472371,-0.18,0.18,1.0
16.517950534820557,1,,0.0,0.6,0.0,-0.0025135216658744796,-0.0186344823653814,-0.005153463025829246,-0.18,0.18,1.0
16.517950534820557,1,,0.0,0.6,0.0,-0.013093351277801068,-0.029661890484132182,-0.0010744783599009801,-0.18,0.18,1.0
16.517950534820557,1,,0.0,0.6,0.0,-0.01555268405715729,-0.013859468410666006,-0.005818477561846444,-0.18,0.18,1.0
16.517950534820557,1,,0.0,0.6,0.0,-0.0012285102174877844,0.003990672980541276,-0.010467412335761771,-0.18,0.18,1.0
16.517950534820557,1,,0.0,0.6,0.0,-0.010928483361854376,-0.00859333709106161,-0.009016861255954915,-0.18,0.18,1.0
16.517950534820557,1,,0.0,0.6,0.0,-0.007779305118520634,-0.007107429357967753,-0.006926374292063487,-0.18,0.18,1.0
16.517950534820557,1,,0.0,0.6,0.0,-0.0031867171674569207,-0.00185902396595834,-0.007591372077621917,-0.18,0.18,1.0
16.517950534820557,1,,0.0,0.6,0.0,-0.005605996524871843,-0.00917104410734496,-0.00428344315046644,-0.18,0.18,1.0
16.517950534820557,1,,0.0,0.6,0.0,-0.0028045805713798693,-0.0012510029250865503,0.004648499338944556,-0.18,0.18,1.0
16.55827283859253,1,,0.0,0.6,0.0,-0.0009146290611656435,-0.008735364000014186,-0.005004765263823395,-0.18,0.18,1.0
16.55827283859253,1,,0.0,0.6,0.0,0.004417610319577046,-0.013388071081357832,-0.008844658167807357,-0.18,0.18,1.0
16.55827283859253,1,,0.0,0.6,0.0,0.005368399776598751,-0.028718087300427374,-0.009335934873393329,-0.18,0.18,1.0
16.55827283859253,1,,0.0,0.6,0.0,-0.0026678793843640095,-0.031630874891054275,-0.01057276701349001,-0.18,0.18,1.0
16.55827283859253,1,,0.0,0.6,0.0,-0.00756981230277261,-0.02302354300253153,-0.016221509530967942,-0.18,0.18,1.0
16.55827283859253,1,,0.0,0.6,0.0,-0.004745724206168976,-0.024699814528681564,-0.00893374556895305,-0.18,0.18,1.0
16.55827283859253,1,,0.0,0.6,0.0,-0.010337578614953722,-0.013038721169105661,0.0003979364257308371,-0.18,0.18,1.0
16.55827283859253,1,,0.0,0.6,0.0,-0.010920354984717216,-0.019032665254469415,-0.0008163950658983618,-0.18,0.18,1.0
16.55827283859253,1,,0.0,0.6,0.0,-0.019754402087950394,-0.010363278595836092,0.00047983008808489896,-0.18,0.18,1.0
16.55827283859253,1,,0.0,0.6,0.0,-0.00498310586257306,-0.002236069246217755,-0.0004449440615006543,-0.18,0.18,1.0
16.608684062957764,1,,0.0,0.6,0.0,0.0005280329605404718,-0.018881420185926975,0.006079936189962671,-0.18,0.18,1.0
16.608684062957764,1,,0.0,0.6,0.0,-0.008577126256494951,-0.020387606147095887,-0.002166600552981262,-0.18,0.18,1.0
16.608684062957764,1,,0.0,0.6,0.0,-0.004253770936495746,-0.007795512928160129,0.00102210051241656,-0.18,0.18,1.0
16.608684062957764,1,,0.0,0.6,0.0,0.0018533465204032167,-0.013193622195482691,-0.004041336344756045,-0.18,0.18,1.0
16.608684062957764,1,,0.0,0.6,0.0,-0.010200019439518971,0.006763169619912663,-0.003811432424709445,-0.18,0.18,1.0
16.608684062957764,1,,0.0,0.6,0.0,0.0023055828834158665,0.02076267112826009,-0.003659547203817386,-0.18,0.18,1.0
16.608684062957764,1,,0.0,0.6,0.0,0.007255076272806627,-0.0047618494255670185,-0.003624113883954972,-0.18,0.18,1.0
16.608684062957764,1,,0.0,0.6,0.0,-0.010301859534872405,0.003931666758076516,-0.0011098788090840948,-0.18,0.18,1.0
16.608684062957764,1,,0.0,0.6,0.0,-0.004486346558667841,0.005225305413088474,-0.00225559176741029,-0.18,0.18,1.0
16.608684062957764,1,,0.0,0.6,0.0,-0.006738715067446248,-0.008962392624927326,-0.003940687392436828,-0.18,0.18,1.0
16.648959636688232,1,,0.0,0.6,0.0,-0.014798527799527242,0.003974137582677532,-0.0037017551785422207,-0.18,0.18,1.0
16.648959636688232,1,,0.0,0.6,0.0,-0.010254727920258335,-0.011369338405554852,0.002919118479850319,-0.18,0.18,1.0
16.648959636688232,1,,0.0,0.6,0.0,-0.011555890439514561,-0.019976919952329905,-0.0020313307441659155,-0.18,0.18,1.0
16.648959636688232,1,,0.0,0.6,0.0,-0.006521532690783894,-0.01744042677818451,-0.006040566550784876,-0.18,0.18,1.0
16.648959636688232,1,,0.0,0.6,0.0,-0.01249945874690103,0.0025877040700527936,-0.003182944397800238,-0.18,0.18,1.0
16.648959636688232,1,,0.0,0.6,0.0,-0.019226242794849836,-0.014143513399251397,0.002717837208405619,-0.18,0.18,1.0
16.648959636688232,1,,0.0,0.6,0.0,-0.0191602400248411,-0.003227809667693093,-0.0031669620519694875,-0.18,0.18,1.0
16.648959636688232,1,,0.0,0.6,0.0,-0.025686525438671042,0.004087445875482353,-0.010108707933892942,-0.18,0.18,1.0
16.648959636688232,1,,0.0,0.6,0.0,-0.019819506962022913,-0.01506596561030153,-0.008811935654449017,-0.18,0.18,1.0
16.648959636688232,1,,0.0,0.6,0.0,-0.017605131146952887,-0.02377354235876706,-0.00035203391754384176,-0.18,0.18,1.0
16.68933629989624,1,,0.0,0.6,0.0,-0.011037148097687185,-0.002469218431543383,-0.0026625339846888005,-0.18,0.18,1.0
16.68933629989624,1,,0.0,0.6,0.0,-0.002500335697089198,-0.010596833010520808,-0.004794783160742275,-0.18,0.18,1.0
16.68933629989624,1,,0.0,0.6,0.0,-0.006737796066467376,-0.026175293249991943,-0.006107467235730371,-0.18,0.18,1.0
16.68933629989624,1,,0.0,0.6,0.0,-0.008123744712579147,0.002636887704919971,-0.00908066565491014,-0.18,0.18,1.0
16.68933629989624,1,,0.0,0.6,0.0,-0.010858274223468254,0.009614600583334758,-0.008971697687631607,-0.18,0.18,1.0
16.68933629989624,1,,0.0,0.6,0.0,-0.0003939759269472244,-0.009455382545860135,-0.011279739617770968,-0.18,0.18,1.0
16.68933629989624,1,,0.0,0.6,0.0,0.006173453829310221,-0.01738112102094787,-0.014084917841951155,-0.18,0.18,1.0
16.68933629989624,1,,0.0,0.6,0.0,-0.004841487411659064,-0.03288764964735613,-0.0152825686504881,-0.18,0.18,1.0
16.68933629989624,1,,0.0,0.6,0.0,-0.0027730447403306983,-0.04158308424646613,-0.01459775690063634,-0.18,0.18,1.0
16.72998547554016,1,,0.0,0.6,0.0,-0.007363877670580481,-0.045284113492194765,-0.006105827842288376,-0.18,0.18,1.0
16.72998547554016,1,,0.0,0.6,0.0,-0.007987994752540589,-0.034035687128960754,-0.00668777366014316,-0.18,0.18,1.0
16.72998547554016,1,,0.0,0.6,0.0,-0.01212790797581309,-0.019126472304375433,-0.006686825165389741,-0.18,0.18,1.0
16.72998547554016,1,,0.0,0.6,0.0,-0.01427840632032776,-0.019778685144143215,-0.004689292857066471,-0.18,0.18,1.0
16.72998547554016,1,,0.0,0.6,0.0,-0.017419694364061284,-0.02508320802487599,0.007971770282874198,-0.18,0.18,1.0
16.72998547554016,1,,0.0,0.6,0.0,-0.012513994843452477,-0.0026216962450349365,-0.004077510482032706,-0.18,0.18,1.0
16.72998547554016,1,,0.0,0.6,0.0,0.007357901370137091,-0.014440853063058817,-0.0021434577176528947,-0.18,0.18,1.0
16.72998547554016,1,,0.0,0.6,0.0,0.00470322254059038,-0.004392398600523293,-0.005902403268972543,-0.18,0.18,1.0
16.72998547554016,1,,0.0,0.6,0.0,0.0029304656956424167,0.007673612380281092,-0.008127902183192004,-0.18,0.18,1.0
16.72998547554016,1,,0.0,0.6,0.0,-0.00024116236409908742,-0.0029579215787557058,-0.010656856000424994,-0.18,0.18,1.0
16.780356407165527,1,,0.0,0.6,0.0,-0.014391213513618507,-0.026889621175114106,-0.00468082401508143,-0.18,0.18,1.0
16.780356407165527,1,,0.0,0.6,0.0,-0.011599263058229429,-0.012795371215039552,-0.011469441399745919,-0.18,0.18,1.0
16.780356407165527,1,,0.0,0.6,0.0,-0.005338709824820359,-0.009686413182670345,-0.006046503896031495,-0.18,0.18,1.0
16.780356407165527,1,,0.0,0.6,0.0,0.00405780777946409,-0.03417038858957996,-0.002228501553191164,-0.18,0.18,1.0
16.780356407165527,1,,0.0,0.6,0.0,-0.007605184599593695,-0.02275859058639421,-0.0033617620395251205,-0.18,0.18,1.0
16.780356407165527,1,,0.0,0.6,0.0,-0.0013087967731163453,-0.013288682578023242,-0.002618577425858223,-0.18,0.18,1.0
16.780356407165527,1,,0.0,0.6,0.0,-0.006834670525517495,-0.023541485943802152,-0.00777162618137887,-0.18,0.18,1.0
16.780356407165527,1,,0.0,0.6,0.0,-0.01608995336713242,-0.03470899936078629,-0.014793430168871927,-0.18,0.18,1.0
16.780356407165527,1,,0.0,0.6,0.0,-0.010451087687295761,-0.022316782830476063,-0.011880942067138352,-0.18,0.18,1.0
16.780356407165527,1,,0.0,0.6,0.0,-0.013230629550547084,-0.03368908778632086,-0.007338478069985197,-0.18,0.18,1.0
16.820671796798706,1,,0.0,0.6,0.0,-0.007255394376944047,-0.02408515447435621,-0.01003621765095409,-0.18,0.18,1.0
16.820671796798706,1,,0.0,0.6,0.0,-0.01157716311237263,-0.000280619257040108,-0.0054864493114022235,-0.18,0.18,1.0
16.820671796798706,1,,0.0,0.6,0.0,-0.019227184079092154,-0.0031402767445699526,-0.0023877487819252254,-0.18,0.18,1.0
16.820671796798706,1,,0.0,0.6,0.0,-0.011198082553365846,-0.005490580177965742,-0.009105561142055428,-0.18,0.18,1.0
16.820671796798706,1,,0.0,0.6,0.0,-0.00613280905637529,-0.009825599581213722,-0.004950371776054267,-0.18,0.18,1.0
16.820671796798706,1,,0.0,0.6,0.0,0.006546011233671721,-0.030875450127516288,0.0013722346965119,-0.18,0.18,1.0
16.820671796798706,1,,0.0,0.6,0.0,0.00044693230312480806,-0.035737006382849115,-0.004404551384544623,-0.18,0.18,1.0
16.820671796798706,1,,0.0,0.6,0.0,0.004767771401935178,-0.028471092190490828,-0.00047063075675242357,-0.18,0.18,1.0
16.820671796798706,1,,0.0,0.6,0.0,0.003584773355583478,-0.013590855753300355,-2.4877064365617443e-05,-0.18,0.18,1.0
16.820671796798706,1,,0.0,0.6,0.0,-0.0047003259562770055,0.0070161483082273705,-0.0022158236272630666,-0.18,0.18,1.0
16.860971927642822,1,,0.0,0.6,0.0,-0.014745300231757637,-0.0048168742870037425,-0.0041830109908212515,-0.18,0.18,1.0
16.860971927642822,1,,0.0,0.6,0.0,-0.026263111077991143,-0.0008351864197519688,-0.00023297032189354495,-0.18,0.18,1.0
16.860971927642822,1,,0.0,0.6,0.0,-0.02214320645620202,0.008610545039330836,-0.0004010077472592522,-0.18,0.18,1.0
16.860971927642822,1,,0.0,0.6,0.0,-0.009065652033693649,0.007941438447102059,-0.004549779090627817,-0.18,0.18,1.0
16.860971927642822,1,,0.0,0.6,0.0,0.0014933556602388994,-0.01867832064831467,-0.004489717104656991,-0.18,0.18,1.0
16.860971927642822,1,,0.0,0.6,0.0,-0.00420380336358572,-0.03463690205675016,0.00033025031105564265,-0.18,0.18,1.0
16.860971927642822,1,,0.0,0.6,0.0,-0.015906636002101765,-0.034164709746266876,0.001885320223559762,-0.18,0.18,1.0
16.860971927642822,1,,0.0,0.6,0.0,-0.013473639788446859,-0.029309561495904843,0.0077074678000081265,-0.18,0.18,1.0
16.860971927642822,1,,0.0,0.6,0.0,-0.020367012827582895,-0.012151962127993868,0.0036991522555016158,-0.18,0.18,1.0
16.860971927642822,1,,0.0,0.6,0.0,-0.005827840452460527,-0.009389245776963949,0.004205645497462267,-0.18,0.18,1.0
16.901292324066162,1,,0.0,0.6,0.0,-0.013813950428723335,-0.01145827418727847,0.0046055566691550085,-0.18,0.18,1.0
16.901292324066162,1,,0.0,0.6,0.0,-0.01405051188761611,-0.00521455180749631,0.005406420819973629,-0.18,0.18,1.0
16.901292324066162,1,,0.0,0.6,0.0,-0.011810205481564298,-0.004189924168703724,0.0013341541038361738,-0.18,0.18,1.0
16.901292324066162,1,,0.0,0.6,0.0,-0.006546210683851407,0.003707499588021971,-0.00678963921396116,-0.18,0.18,1.0
16.901292324066162,1,,0.0,0.6,0.0,-0.01122203188091547,-0.015638696232539755,-0.003838752389296216,-0.18,0.18,1.0
16.901292324066162,1,,0.0,0.6,0.0,-0.014353198783376264,-0.03259484309898967,-0.009147866682467604,-0.18,0.18,1.0
16.901292324066162,1,,0.0,0.6,0.0,-0.011970695994791777,-0.023093195451256324,0.0020949099816847594,-0.18,0.18,1.0
16.901292324066162,1,,0.0,0.6,0.0,-0.02111679370505103,-0.021895504344737048,-0.003518373733507219,-0.18,0.18,1.0
16.901292324066162,1,,0.0,0.6,0.0,-0.01843303439303515,-0.027348213525964615,0.001961051555992873,-0.18,0.18,1.0
16.901292324066162,1,,0.0,0.6,0.0,-0.022033443727631864,-0.032978269098798356,0.005703854550417717,-0.18,0.18,1.0
16.951708793640137,1,,0.0,0.6,0.0,-0.013176422760538393,-0.013397548224827898,0.0017409688659503317,-0.18,0.18,1.0
16.951708793640137,1,,0.0,0.6,0.0,-0.013916149181752734,-0.021409819643735364,-0.0014139295622561394,-0.18,0.18,1.0
16.951708793640137,1,,0.0,0.6,0.0,-0.0026173868819994203,-0.03310847212410976,-0.0008176164702592918,-0.18,0.18,1.0
16.951708793640137,1,,0.0,0.6,0.0,0.0008971364402301694,-0.034519293872680226,-0.007773599792163255,-0.18,0.18,1.0
16.951708793640137,1,,0.0,0.6,0.0,-0.0004969954895334093,-0.02095132002002511,-0.005183340124947565,-0.18,0.18,1.0
16.951708793640137,1,,0.0,0.6,0.0,0.009774804921179088,-0.02771068569119322,-0.0070237925172968885,-0.18,0.18,1.0
16.951708793640137,1,,0.0,0.6,0.0,-0.004961901557836328,-0.03387946792688458,-0.007624090628885836,-0.18,0.18,1.0
16.951708793640137,1,,0.0,0.6,0.0,0.0010228915720828112,-0.03517679832209437,-0.0038907069242664796,-0.18,0.18,1.0
16.951708793640137,1,,0.0,0.6,0.0,-0.010133297630840372,-0.044731626808124855,-0.003978939494123353,-0.18,0.18,1.0
16.951708793640137,1,,0.0,0.6,0.0,-0.007688491519287681,-0.028083483827310424,-0.003924665731254757,-0.18,0.18,1.0
16.992006540298462,1,,0.0,0.6,0.0,-0.0021420045087423185,-0.01110229345710736,-0.006945653291259897,-0.18,0.18,1.0
16.992006540298462,1,,0.0,0.6,0.0,0.00011622514768982573,0.005166866958687383,-0.005516746615538927,-0.18,0.18,1.0
16.992006540298462,1,,0.0,0.6,0.0,0.0032184308830738757,-0.0012352091640262224,-0.0067701769430559885,-0.18,0.18,1.0
16.992006540298462,1,,0.0,0.6,0.0,0.0009564235928111198,-0.019294675470516155,-0.008174306201259616,-0.18,0.18,1.0
16.992006540298462,1,,0.0,0.6,0.0,-0.0029899585126180084,-0.017314860374539387,-0.012006662619090768,-0.18,0.18,1.0
16.992006540298462,1,,0.0,0.6,0.0,-0.0016558713464622482,4.9050734237438386e-05,-0.011935401767550561,-0.18,0.18,1.0
16.992006540298462,1,,0.0,0.6,0.0,-0.001364053989632603,-0.004102307543788416,-0.008627413522920577,-0.18,0.18,1.0
16.992006540298462,1,,0.0,0.6,0.0,-0.003727701420302975,0.0024817196803000622,-0.007808058701984392,-0.18,0.18,1.0
16.992006540298462,1,,0.0,0.6,0.0,-0.00821428718525568,-0.017422132065788163,-0.004807514215217298,-0.18,0.18,1.0
16.992006540298462,1,,0.0,0.6,0.0,-0.008015887243951867,-0.0044020520372584125,-0.004155383221835027,-0.18,0.18,1.0
17.0323326587677,1,,0.0,0.6,0.0,-0.005863812841619262,-0.01788235196559622,-0.0019151672388621605,-0.18,0.18,1.0
17.0323326587677,1,,0.0,0.6,0.0,-0.007387992104425039,-0.030357670635721166,-0.004510083661404895,-0.18,0.18,1.0
17.0323326587677,1,,0.0,0.6,0.0,-0.000731713202098032,-0.017678175989872008,-0.0031691041909771237,-0.18,0.18,1.0
17.0323326587677,1,,0.0,0.6,0.0,-0.005266220865631684,-0.019139037173507387,-0.004499178609350608,-0.18,0.18,1.0
17.0323326587677,1,,0.0,0.6,0.0,-0.007377149229353792,-0.008561793910376224,-0.008405891462193352,-0.18,0.18,1.0
17.0323326587677,1,,0.0,0.6,0.0,-0.007380609812205003,0.007985993806991241,-0.007547098704791512,-0.18,0.18,1.0
17.0323326587677,1,,0.0,0.6,0.0,-0.004291837425955112,-0.016607227097348663,-0.010540214746587243,-0.18,0.18,1.0
17.0323326587677,1,,0.0,0.6,0.0,-0.010108480663285842,-0.005143646432601671,-0.004042737516775838,-0.18,0.18,1.0
17.0323326587677,1,,0.0,0.6,0.0,-0.015601306979735104,0.00930709582539458,-0.004861181348833264,-0.18,0.18,1.0
17.0323326587677,1,,0.0,0.6,0.0,-0.01569680351361577,0.018079656697479598,-0.0011778187086294919,-0.18,0.18,1.0
17.082717895507812,1,,0.0,0.6,0.0,-0.012824631066480824,-0.006592390654278939,-0.006758829814416853,-0.18,0.18,1.0
17.082717895507812,1,,0.0,0.6,0.0,-0.010653650545606519,-0.02118963527021711,-0.01253600165638013,-0.18,0.18,1.0
17.082717895507812,1,,0.0,0.6,0.0,-0.0027697247733829236,-0.013031546618114828,-0.02033879857151312,-0.18,0.18,1.0
17.082717895507812,1,,0.0,0.6,0.0,-0.0070217879269776195,-0.00465179191681391,-0.01647287766167189,-0.18,0.18,1.0
17.082717895507812,1,,0.0,0.6,0.0,-0.006420002810591413,-0.019482811726763555,-0.015830326575312793,-0.18,0.18,1.0
17.082717895507812,1,,0.0,0.6,0.0,-0.007419051108655012,-0.0352759991388699,-0.00941766784194699,-0.18,0.18,1.0
17.082717895507812,1,,0.0,0.6,0.0,-0.013083045126284663,-0.017822975541777714,-0.009422823940499352,-0.18,0.18,1.0
17.082717895507812,1,,0.0,0.6,0.0,-0.006954214234635888,-0.001974335273499318,-0.0011914115920736764,-0.18,0.18,1.0
17.082717895507812,1,,0.0,0.6,0.0,-0.0013995026669467495,0.0069423144899679575,-0.003977936709633142,-0.18,0.18,1.0
17.082717895507812,1,,0.0,0.6,0.0,0.009434562721615821,0.00759612653204604,-0.0015584265793377595,-0.18,0.18,1.0
17.123010396957397,1,,0.0,0.6,0.0,-0.004108179458634237,-0.0046725775227286674,-0.006543003971589189,-0.18,0.18,1.0
17.123010396957397,1,,0.0,0.6,0.0,-0.01001259584881905,-0.02189388408208274,-0.0032870610482200993,-0.18,0.18,1.0
17.123010396957397,1,,0.0,0.6,0.0,-0.013861992338564798,-0.01705248209798641,-0.005029090932270465,-0.18,0.18,1.0
17.123010396957397,1,,0.0,0.6,0.0,-0.006875473156852364,0.003953172535124144,-0.001700975915806519,-0.18,0.18,1.0
17.123010396957397,1,,0.0,0.6,0.0,-0.012630472562070184,-0.005592481066769523,0.0028762051928347978,-0.18,0.18,1.0
17.123010396957397,1,,0.0,0.6,0.0,-0.007345839986052162,-0.02198623250435025,-0.004174212858524447,-0.18,0.18,1.0
17.123010396957397,1,,0.0,0.6,0.0,-0.013438703053791218,-0.01421789755512425,-0.0014637732555879445,-0.18,0.18,1.0
17.123010396957397,1,,0.0,0.6,0.0,-0.020188022766202653,-0.027237894945142067,-0.00682213156442153,-0.18,0.18,1.0
17.123010396957397,1,,0.0,0.6,0.0,-0.019696587818023813,-0.0318261442126599,-0.002400706015800493,-0.18,0.18,1.0
17.123010396957397,1,,0.0,0.6,0.0,-0.023412023189155955,-0.007526708797014877,0.0025589623062731333,-0.18,0.18,1.0
17.16330337524414,1,,0.0,0.6,0.0,-0.012067324938347,-0.009384021650388744,-0.000980228776287069,-0.18,0.18,1.0
17.16330337524414,1,,0.0,0.6,0.0,-0.01045196050319241,-0.02380399840794473,-0.007150281017823541,-0.18,0.18,1.0
17.16330337524414,1,,0.0,0.6,0.0,-0.010244813460283156,-0.018893059710932112,-0.010707957141228713,-0.18,0.18,1.0
17.16330337524414,1,,0.0,0.6,0.0,-0.004412357454777577,-0.022885209879461542,-0.010401610709657914,-0.18,0.18,1.0
17.16330337524414,1,,0.0,0.6,0.0,-0.0020696445944518634,-0.0363193881066416,-0.005428656120061701,-0.18,0.18,1.0
17.16330337524414,1,,0.0,0.6,0.0,-0.009743901844787869,-0.022324948900975437,-0.008678293756949507,-0.18,0.18,1.0
17.16330337524414,1,,0.0,0.6,0.0,-0.012672298765922251,-0.02592079935486578,-0.002892851164717197,-0.18,0.18,1.0
17.16330337524414,1,,0.0,0.6,0.0,-0.007472299462394357,-0.008923018029651434,-0.010750193167039497,-0.18,0.18,1.0
17.16330337524414,1,,0.0,0.6,0.0,-0.00439627589395836,-0.00927315414591736,-0.002275683959862816,-0.18,0.18,1.0
17.16330337524414,1,,0.0,0.6,0.0,-0.005404747119107377,-0.019214745574209255,-0.0101319224938152,-0.18,0.18,1.0
17.203595399856567,1,,0.0,0.6,0.0,-0.007412362913347586,-0.0003170083533975778,-0.008049332814331903,-0.18,0.18,1.0
17.203595399856567,1,,0.0,0.6,0.0,-0.002664800234345943,-0.007608730513964843,-0.0056050187505447885,-0.18,0.18,1.0
17.203595399856567,1,,0.0,0.6,0.0,-0.003311490000238949,-5.980332200034147e-05,-0.005320853937520978,-0.18,0.18,1.0
17.203595399856567,1,,0.0,0.6,0.0,-0.010473743603653048,0.004988166373056801,-0.006933128574447172,-0.18,0.18,1.0
17.203595399856567,1,,0.0,0.6,0.0,-0.007207132330857766,-0.002522365058903833,-0.001491025889635474,-0.18,0.18,1.0
17.203595399856567,1,,0.0,0.6,0.0,-0.01623716988269938,-0.02209239357811869,-0.004805094722683837,-0.18,0.18,1.0
17.203595399856567,1,,0.0,0.6,0.0,-0.009423396026847145,-0.01098747034627437,-0.008195650507007893,-0.18,0.18,1.0
17.203595399856567,1,,0.0,0.6,0.0,-0.008758645362561036,-0.008787909263366889,0.0038868622981955716,-0.18,0.18,1.0
17.203595399856567,1,,0.0,0.6,0.0,-0.017607614949554283,-0.016799326583102098,0.0015527099302965674,-0.18,0.18,1.0
17.203595399856567,1,,0.0,0.6,0.0,-0.008434846936553435,-0.0312144520326803,-0.002831072459234467,-0.18,0.18,1.0
17.25396704673767,1,,0.0,0.6,0.0,-0.011570925945643682,-0.016724066787748244,0.002903182030415178,-0.18,0.18,1.0
17.25396704673767,1,,0.0,0.6,0.0,-0.008319855992061004,-0.01487088104401987,-0.004717600811926509,-0.18,0.18,1.0
17.25396704673767,1,,0.0,0.6,0.0,0.002677765561705619,-0.027369759234322444,-0.006435959339892628,-0.18,0.18,1.0
17.25396704673767,1,,0.0,0.6,0.0,0.006341713522862732,-0.03392360125843833,-0.009915809747147463,-0.18,0.18,1.0
17.25396704673767,1,,0.0,0.6,0.0,-0.005972661488476517,-0.027599694750870304,-0.015266934838459804,-0.18,0.18,1.0
17.25396704673767,1,,0.0,0.6,0.0,-0.002131738375468977,0.0030649641486216405,-0.0123005296464327,-0.18,0.18,1.0
17.25396704673767,1,,0.0,0.6,0.0,-0.007469431149390384,-0.011585761948997535,-0.0035332769120172253,-0.18,0.18,1.0
17.25396704673767,1,,0.0,0.6,0.0,-0.016727267006278503,-0.027643383654155043,-0.006422268647430587,-0.18,0.18,1.0
17.25396704673767,1,,0.0,0.6,0.0,-0.017758965791202737,-0.0073119796598894275,-0.0029850843717469755,-0.18,0.18,1.0
17.294281244277954,1,,0.0,0.6,0.0,-0.008451465951961133,-0.0007651264495981392,-0.00014588453411929915,-0.18,0.18,1.0
17.294281244277954,1,,0.0,0.6,0.0,0.003976498819583298,0.00153701616189551,0.005931101008478177,-0.18,0.18,1.0
17.294281244277954,1,,0.0,0.6,0.0,-0.0037822915937240215,-0.010043943376956762,0.0010540414790266269,-0.18,0.18,1.0
17.294281244277954,1,,0.0,0.6,0.0,-0.010392000181027606,0.004566184234118574,0.001156861020929369,-0.18,0.18,1.0
17.294281244277954,1,,0.0,0.6,0.0,-0.005822138125010193,-0.005142988030998778,0.0014114923299130078,-0.18,0.18,1.0
17.294281244277954,1,,0.0,0.6,0.0,0.0008537584654657937,-0.018849009262043543,0.0015247823180405,-0.18,0.18,1.0
17.294281244277954,1,,0.0,0.6,0.0,-0.011422616031469535,-0.029950381685405512,-0.004716480027240333,-0.18,0.18,1.0
17.294281244277954,1,,0.0,0.6,0.0,-0.012504917182531973,-0.032476576134570674,0.003616337028699578,-0.18,0.18,1.0
17.294281244277954,1,,0.0,0.6,0.0,-0.011741582412282544,-0.01724296894144326,0.004431547437665969,-0.18,0.18,1.0
17.294281244277954,1,,0.0,0.6,0.0,-0.012106376760632025,-0.002857099013151347,-0.0058720135618356975,-0.18,0.18,1.0
17.334580659866333,1,,0.0,0.6,0.0,-0.009454701753087139,-0.0022631380041128603,-0.009598558027774965,-0.18,0.18,1.0
17.334580659866333,1,,0.0,0.6,0.0,-0.008053241264641593,-0.011553185705730834,-0.002953420831413701,-0.18,0.18,1.0
17.334580659866333,1,,0.0,0.6,0.0,-0.0016346452930879785,-0.028881026573603384,-0.00256485820943987,-0.18,0.18,1.0
17.334580659866333,1,,0.0,0.6,0.0,-0.004814848179059508,-0.01260727303614661,-0.002880878516228324,-0.18,0.18,1.0
17.334580659866333,1,,0.0,0.6,0.0,-0.00836299463725198,-0.013508793465041974,-0.0026520641613359663,-0.18,0.18,1.0
17.334580659866333,1,,0.0,0.6,0.0,-0.0017973744598969693,-0.023118714198163703,-0.000969009591366473,-0.18,0.18,1.0
17.334580659866333,1,,0.0,0.6,0.0,-0.006558826004006986,-0.02083156388515584,0.002708418268086532,-0.18,0.18,1.0
17.334580659866333,1,,0.0,0.6,0.0,-0.004974521175094103,-0.0023533793870222346,0.003998872760437376,-0.18,0.18,1.0
17.334580659866333,1,,0.0,0.6,0.0,-0.009493651045240657,-0.01576059858870036,0.003486752095725432,-0.18,0.18,1.0
17.334580659866333,1,,0.0,0.6,0.0,-0.014616676995110534,-0.0328541270189061,-0.00010626189994421785,-0.18,0.18,1.0
17.37489938735962,1,,0.0,0.6,0.0,-0.01323431083743754,-0.019924388324127858,-0.0075626633161252725,-0.18,0.18,1.0
17.37489938735962,1,,0.0,0.6,0.0,-0.000921467114239581,-0.004580259614165924,-0.008008978639601544,-0.18,0.18,1.0
17.37489938735962,1,,0.0,0.6,0.0,-0.008411875364082031,-0.011986257812513642,-0.01274096747469398,-0.18,0.18,1.0
17.37489938735962,1,,0.0,0.6,0.0,-0.004110655841950911,-0.0321390714916205,-0.002627064431939303,-0.18,0.18,1.0
17.37489938735962,1,,0.0,0.6,0.0,-0.0031499296510384867,-0.02548392821290097,0.001659936852860544,-0.18,0.18,1.0
17.37489938735962,1,,0.0,0.6,0.0,-0.009803639729388337,-0.0020263752763747113,-0.00593219675045855,-0.18,0.18,1.0
17.37489938735962,1,,0.0,0.6,0.0,-0.004793402652752579,-0.01164675464334798,-0.00492177293844735,-0.18,0.18,1.0
17.37489938735962,1,,0.0,0.6,0.0,0.004588001643098486,-0.021137577418940064,-0.004579018817554218,-0.18,0.18,1.0
17.37489938735962,1,,0.0,0.6,0.0,-0.00133186129094296,0.0014284371950855407,-0.00561623755939305,-0.18,0.18,1.0
17.37489938735962,1,,0.0,0.6,0.0,-0.0022604678487998845,0.0007468056334414334,0.002676920141213058,-0.18,0.18,1.0
17.42529606819153,1,,0.0,0.6,0.0,0.00044014307455471856,-0.013566901984823196,-0.001707472402372421,-0.18,0.18,1.0
17.42529606819153,1,,0.0,0.6,0.0,0.00019032756126447116,-0.03386858604695259,-0.0019111149005613109,-0.18,0.18,1.0
17.42529606819153,1,,0.0,0.6,0.0,-0.004636061631962415,-0.03480997519761418,0.0013556690442450392,-0.18,0.18,1.0
17.42529606819153,1,,0.0,0.6,0.0,-0.0002700389246361068,-0.040752390967579495,-0.004296153773964658,-0.18,0.18,1.0
17.42529606819153,1,,0.0,0.6,0.0,-7.572367221639635e-05,-0.033252027850307696,0.001255741123880292,-0.18,0.18,1.0
17.42529606819153,1,,0.0,0.6,0.0,-0.0007820372621248748,-0.03427783821742167,-0.010233554001971531,-0.18,0.18,1.0
17.42529606819153,1,,0.0,0.6,0.0,0.003009791945538619,-0.01800910171536525,-0.007841087254218696,-0.18,0.18,1.0
17.42529606819153,1,,0.0,0.6,0.0,-0.0006671354550921288,-0.00859803198885549,-0.007371215865514104,-0.18,0.18,1.0
17.42529606819153,1,,0.0,0.6,0.0,-0.009530863921072347,-0.013419568152864454,0.0004576386818805026,-0.18,0.18,1.0
17.42529606819153,1,,0.0,0.6,0.0,-0.013273069657172664,-0.011610048344955227,-0.005203323844942494,-0.18,0.18,1.0
17.465606212615967,1,,0.0,0.6,0.0,-0.016054367706987486,-0.01651971103694491,-0.008185174464659791,-0.18,0.18,1.0
17.465606212615967,1,,0.0,0.6,0.0,-0.01890836068215747,-0.01746612918095534,-0.01478194417021851,-0.18,0.18,1.0
17.465606212615967,1,,0.0,0.6,0.0,-0.010600630785828593,-0.008986744525338248,-0.010697970451698997,-0.18,0.18,1.0
17.465606212615967,1,,0.0,0.6,0.0,0.002311411416615975,0.004499282348680374,-0.013714047425504338,-0.18,0.18,1.0
17.465606212615967,1,,0.0,0.6,0.0,0.0023890160385901414,0.002276518319476067,-0.0009939358429402554,-0.18,0.18,1.0
17.465606212615967,1,,0.0,0.6,0.0,-0.002568818037296442,-0.013486859718681892,-0.009521440640481037,-0.18,0.18,1.0
17.465606212615967,1,,0.0,0.6,0.0,-0.011683450618551947,-0.000983798243628773,0.001883538690430464,-0.18,0.18,1.0
17.465606212615967,1,,0.0,0.6,0.0,0.0010459408828116833,-0.02061654076954982,-0.006237470710168387,-0.18,0.18,1.0
17.465606212615967,1,,0.0,0.6,0.0,-0.007320363950188085,-0.01813913315522722,-0.0034196441510606257,-0.18,0.18,1.0
17.465606212615967,1,,0.0,0.6,0.0,0.0018728477602109358,-0.011939960503477834,-0.002599728414592436,-0.18,0.18,1.0
17.505922555923462,1,,0.0,0.6,0.0,-0.004552897456622518,-0.010107454590436533,-0.003086288063004817,-0.18,0.18,1.0
17.505922555923462,1,,0.0,0.6,0.0,-0.006479337942125022,0.0057645507110511045,-0.006679667618951034,-0.18,0.18,1.0
17.505922555923462,1,,0.0,0.6,0.0,-0.005911705661650521,-0.006605383601375104,-0.013129573374646094,-0.18,0.18,1.0
17.505922555923462,1,,0.0,0.6,0.0,-0.0050132666299136505,-0.021394923044230827,-0.010843257608455066,-0.18,0.18,1.0
17.505922555923462,1,,0.0,0.6,0.0,-0.006164973302325133,-0.004580196618804973,-0.0062107555031312815,-0.18,0.18,1.0
17.505922555923462,1,,0.0,0.6,0.0,-0.00818963634075258,0.004194277613411043,-0.004894567990881043,-0.18,0.18,1.0
17.505922555923462,1,,0.0,0.6,0.0,-0.007038625383788531,0.0093017915347735,-0.0128712987447511,-0.18,0.18,1.0
17.505922555923462,1,,0.0,0.6,0.0,0.005281984589392113,-0.005767866234547188,-0.006386853338432919,-0.18,0.18,1.0
17.505922555923462,1,,0.0,0.6,0.0,0.00836915323616885,-0.026215556382779975,-0.0094872092688881,-0.18,0.18,1.0
17.505922555923462,1,,0.0,0.6,0.0,-0.0023712411574757903,-0.014423294525836352,-0.006685785860580116,-0.18,0.18,1.0
17.556326866149902,1,,0.0,0.6,0.0,-0.002303141390865729,0.0047125768613912565,-0.01041585179073914,-0.18,0.18,1.0
17.556326866149902,1,,0.0,0.6,0.0,-0.00644740122615885,0.018876435824087996,-0.009693053134952017,-0.18,0.18,1.0
17.556326866149902,1,,0.0,0.6,0.0,-0.009813297542065762,0.027386208217849702,-0.011157337769923326,-0.18,0.18,1.0
17.556326866149902,1,,0.0,0.6,0.0,-0.01549241148924185,0.028239802476922385,-0.0074459936819257205,-0.18,0.18,1.0
17.556326866149902,1,,0.0,0.6,0.0,-0.008862112149190592,0.021158003633295702,-0.011719793977829192,-0.18,0.18,1.0
17.556326866149902,1,,0.0,0.6,0.0,-0.007278513784318879,-0.0006856743813974962,0.00017093477550427096,-0.18,0.18,1.0
17.556326866149902,1,,0.0,0.6,0.0,-0.0013678339845189288,0.008984359351789872,-0.007206758211762499,-0.18,0.18,1.0
17.556326866149902,1,,0.0,0.6,0.0,-0.014772174943986804,0.01438775395793434,-0.002789080555855468,-0.18,0.18,1.0
17.556326866149902,1,,0.0,0.6,0.0,-0.007011968971816286,-0.001089999088838922,-0.003854227027855831,-0.18,0.18,1.0
17.556326866149902,1,,0.0,0.6,0.0,0.0008189599295875563,0.012924303637975174,0.0002956740027475893,-0.18,0.18,1.0
17.59661889076233,1,,0.0,0.6,0.0,-0.0020193708104374835,0.00879747597455242,-0.002784166952528041,-0.18,0.18,1.0
17.59661889076233,1,,0.0,0.6,0.0,-0.00431757177608728,-0.004366723075689633,0.00029706595911072265,-0.18,0.18,1.0
17.59661889076233,1,,0.0,0.6,0.0,-0.003924583696565006,-0.023914067802830827,-0.005126625069700035,-0.18,0.18,1.0
17.59661889076233,1,,0.0,0.6,0.0,0.0031957402020323543,-0.036582704240081816,-0.004254196795904032,-0.18,0.18,1.0
17.59661889076233,1,,0.0,0.6,0.0,0.004143667954866675,-0.030674199156425226,-0.0008045479138312805,-0.18,0.18,1.0
17.59661889076233,1,,0.0,0.6,0.0,-0.009309166994714888,-0.010679110339488106,0.002920786432653721,-0.18,0.18,1.0
17.59661889076233,1,,0.0,0.6,0.0,-0.01060644208784057,-0.02128443761140532,-0.0026759546534521335,-0.18,0.18,1.0
17.59661889076233,1,,0.0,0.6,0.0,-0.011477695974184961,-0.023764047346671785,-0.0003125597497992984,-0.18,0.18,1.0
17.59661889076233,1,,0.0,0.6,0.0,-0.013072031420065707,-0.030906323511638193,-0.002712702368100512,-0.18,0.18,1.0
17.59661889076233,1,,0.0,0.6,0.0,-0.008129897897384499,-0.0010374849896138969,-0.002752410873758205,-0.18,0.18,1.0
17.63691997528076,1,,0.0,0.6,0.0,-0.011259237792800067,-0.0048556874254244336,0.0019280068199610816,-0.18,0.18,1.0
17.63691997528076,1,,0.0,0.6,0.0,-0.007527321570630778,-0.004590379799950381,0.004012162912443843,-0.18,0.18,1.0
17.63691997528076,1,,0.0,0.6,0.0,-0.0016525440561594856,0.00906999335199581,0.003452898443737911,-0.18,0.18,1.0
17.63691997528076,1,,0.0,0.6,0.0,-0.0003605169227716456,-0.007420525151871661,0.0019538715598295823,-0.18,0.18,1.0
17.63691997528076,1,,0.0,0.6,0.0,0.001710375610847789,-0.020460309332379252,-0.0010430663955213464,-0.18,0.18,1.0
17.63691997528076,1,,0.0,0.6,0.0,-0.005810722277900621,-0.022072056531330295,-0.007411537935529025,-0.18,0.18,1.0
17.63691997528076,1,,0.0,0.6,0.0,0.006555750493272248,-0.006409462526358042,-0.004589556409323886,-0.18,0.18,1.0
17.63691997528076,1,,0.0,0.6,0.0,-0.011128986778184533,0.003897203955691247,-0.0030884184315526524,-0.18,0.18,1.0
17.63691997528076,1,,0.0,0.6,0.0,-0.0026820674383996566,-0.017682723887728943,-0.009196156756691158,-0.18,0.18,1.0
17.63691997528076,1,,0.0,0.6,0.0,-0.00224158637022085,-0.01816676393084896,-0.001982932381595736,-0.18,0.18,1.0
17.677205324172974,1,,0.0,0.6,0.0,-0.01081822900342068,-0.020132380262980698,-0.0028501771728463385,-0.18,0.18,1.0
17.677205324172974,1,,0.0,0.6,0.0,-0.010807130646391551,-0.0137793699955741,0.0016136995839471648,-0.18,0.18,1.0
17.677205324172974,1,,0.0,0.6,0.0,-0.006932238308451609,-0.008769673097346973,-0.005149222374684641,-0.18,0.18,1.0
17.677205324172974,1,,0.0,0.6,0.0,-0.005812610431399158,-0.0191289869931828,-0.00550604312517479,-0.18,0.18,1.0
17.677205324172974,1,,0.0,0.6,0.0,-0.0025289565231926374,-0.034559780045799016,-0.011715104569903012,-0.18,0.18,1.0
17.677205324172974,1,,0.0,0.6,0.0,-0.002836433500145185,-0.018136716580776226,-0.001285414145606927,-0.18,0.18,1.0
17.677205324172974,1,,0.0,0.6,0.0,0.0017150352987712184,-0.010397304704853253,-0.007483762912665216,-0.18,0.18,1.0
17.677205324172974,1,,0.0,0.6,0.0,-0.0019507129401954574,-0.020475258304680367,-0.007681645203577931,-0.18,0.18,1.0
17.677205324172974,1,,0.0,0.6,0.0,0.005998562942626472,-0.03218430755874057,-0.004323309326695081,-0.18,0.18,1.0
17.677205324172974,1,,0.0,0.6,0.0,-0.002243486054504035,-0.005926443668306792,-0.0060625885518112614,-0.18,0.18,1.0
17.727556467056274,1,,0.0,0.6,0.0,-0.005598117007422031,-0.011034975788069057,-0.006300232023638123,-0.18,0.18,1.0
17.727556467056274,1,,0.0,0.6,0.0,-0.008803804587068967,-0.012040975483487195,-0.010369009905034804,-0.18,0.18,1.0
17.727556467056274,1,,0.0,0.6,0.0,-0.010390035407691737,-0.005375267125772832,-0.0032289344503001376,-0.18,0.18,1.0
17.727556467056274,1,,0.0,0.6,0.0,-0.01936719139386386,-0.0054402332238801575,-0.0046641160941419835,-0.18,0.18,1.0
17.727556467056274,1,,0.0,0.6,0.0,-0.00940859347728548,-0.0016016331054860703,-0.010265332287624416,-0.18,0.18,1.0
17.727556467056274,1,,0.0,0.6,0.0,-0.01559357130767871,-0.007282896515453095,-0.004825375813083272,-0.18,0.18,1.0
17.727556467056274,1,,0.0,0.6,0.0,-0.014944535842051345,-0.026729542114534387,-0.008726838675138852,-0.18,0.18,1.0
17.727556467056274,1,,0.0,0.6,0.0,-0.005072538323768873,-0.029375979806908363,-0.0009532424095545951,-0.18,0.18,1.0
17.727556467056274,1,,0.0,0.6,0.0,-0.011666659736016941,-0.020567866244114,-0.008298983323778722,-0.18,0.18,1.0
17.727556467056274,1,,0.0,0.6,0.0,-0.008833740577468812,-0.035917527724851885,-0.006660876072534765,-0.18,0.18,1.0
17.767871379852295,1,,0.0,0.6,0.0,-0.0016681681862547586,-0.038844095702169935,-0.00551715733283252,-0.18,0.18,1.0
17.767871379852295,1,,0.0,0.6,0.0,0.001417468190197242,-0.040148696764094265,0.0019491778757109465,-0.18,0.18,1.0
17.767871379852295,1,,0.0,0.6,0.0,-0.007216230847454047,-0.036325288240632386,-0.00630456903028685,-0.18,0.18,1.0
17.767871379852295,1,,0.0,0.6,0.0,-0.008032325185605392,-0.02537576507608824,0.003498782226574011,-0.18,0.18,1.0
17.767871379852295,1,,0.0,0.6,0.0,-0.0007270470524661063,-0.022621324383575236,0.007479517371481836,-0.18,0.18,1.0
17.767871379852295,1,,0.0,0.6,0.0,-0.0010556825402718855,-0.03205568342917803,0.0018427241227177782,-0.18,0.18,1.0
17.767871379852295,1,,0.0,0.6,0.0,0.0002229959769929898,-0.03215747244581298,0.0010658619393297964,-0.18,0.18,1.0
17.767871379852295,1,,0.0,0.6,0.0,-0.006459120819367911,-0.01069456170990701,-0.006997450730712989,-0.18,0.18,1.0
17.767871379852295,1,,0.0,0.6,0.0,-0.00423935738394924,0.003324622412848726,-0.007461745677541305,-0.18,0.18,1.0
17.808208227157593,1,,0.0,0.6,0.0,-0.003333631022290291,0.007186013355123876,-0.008293864839122849,-0.18,0.18,1.0
17.808208227157593,1,,0.0,0.6,0.0,-0.006466602186492992,-0.0024632123553459634,-0.010561598159468926,-0.18,0.18,1.0
17.808208227157593,1,,0.0,0.6,0.0,0.0018999874557456271,-0.014119518729037193,-0.0031660844749105666,-0.18,0.18,1.0
17.808208227157593,1,,0.0,0.6,0.0,0.003453166382745347,0.0015971850487664398,-0.0066686742670320365,-0.18,0.18,1.0
17.808208227157593,1,,0.0,0.6,0.0,0.002206688933032845,-0.011747134498379117,-0.0004968823283582117,-0.18,0.18,1.0
17.808208227157593,1,,0.0,0.6,0.0,-0.0009431358464034614,-0.019444258937297947,-0.0045280232513702215,-0.18,0.18,1.0
17.808208227157593,1,,0.0,0.6,0.0,-0.0009056753364152608,-0.005707078444405524,-0.005629794000717883,-0.18,0.18,1.0
17.808208227157593,1,,0.0,0.6,0.0,-0.007450893326983606,0.005630457654885685,-0.0063165852815369305,-0.18,0.18,1.0
17.808208227157593,1,,0.0,0.6,0.0,-0.012742822777228992,-0.010145858105962434,-0.011509620450532249,-0.18,0.18,1.0
17.808208227157593,1,,0.0,0.6,0.0,-0.017126636308267253,-0.02679494101050907,-0.013712930070492568,-0.18,0.18,1.0
17.848557233810425,1,,0.0,0.6,0.0,-0.005452038455785835,-0.027337274166278878,-0.01668160312981785,-0.18,0.18,1.0
17.848557233810425,1,,0.0,0.6,0.0,0.0050091376991677535,-0.010191069201211541,-0.010215218985201096,-0.18,0.18,1.0
17.848557233810425,1,,0.0,0.6,0.0,0.005946944019105804,0.007336930460554434,-0.006871562303788268,-0.18,0.18,1.0
17.848557233810425,1,,0.0,0.6,0.0,0.011811681782819213,-0.0013807900820005893,-0.015116065469698119,-0.18,0.18,1.0
17.848557233810425,1,,0.0,0.6,0.0,-0.0032073801802108984,-0.01103348314241638,-0.004933896320225702,-0.18,0.18,1.0
17.848557233810425,1,,0.0,0.6,0.0,0.00299519458241353,-0.013515240200503245,-0.01135299518581394,-0.18,0.18,1.0
17.848557233810425,1,,0.0,0.6,0.0,-0.004619684073751608,-0.0019745278033540714,-0.013509874852146933,-0.18,0.18,1.0
17.848557233810425,1,,0.0,0.6,0.0,-0.00950651482615036,0.003844107236643038,-0.008388562902594748,-0.18,0.18,1.0
17.848557233810425,1,,0.0,0.6,0.0,-0.010805473683141179,-0.0029668282008690904,-0.0036797996904476015,-0.18,0.18,1.0
17.848557233810425,1,,0.0,0.6,0.0,-0.011063014024681442,-0.021645457916243033,-0.0004896995841965655,-0.18,0.18,1.0
17.898972272872925,1,,0.0,0.6,0.0,-0.011376249546648846,-0.012810641585194925,-0.0077173417443080535,-0.18,0.18,1.0
17.898972272872925,1,,0.0,0.6,0.0,-0.0038573432035901327,0.005806154371148743,-0.013907148846203156,-0.18,0.18,1.0
17.898972272872925,1,,0.0,0.6,0.0,-0.012951960595532518,0.009138290681763188,-0.019716427286305863,-0.18,0.18,1.0
17.898972272872925,1,,0.0,0.6,0.0,-0.01646480075650087,0.02199131185832583,-0.02099313428856417,-0.18,0.18,1.0
17.898972272872925,1,,0.0,0.6,0.0,-0.011005563991207805,-0.010807154049665741,-0.01239212928588815,-0.18,0.18,1.0
17.898972272872925,1,,0.0,0.6,0.0,-0.007732151486808904,-0.026109695907060602,-0.016289823080960993,-0.18,0.18,1.0
17.898972272872925,1,,0.0,0.6,0.0,-0.006879098862781488,-0.006231368780682511,-0.012231480606758435,-0.18,0.18,1.0
17.898972272872925,1,,0.0,0.6,0.0,0.0032366972435145585,-0.002043319877770597,-0.006553870928672984,-0.18,0.18,1.0
17.898972272872925,1,,0.0,0.6,0.0,-0.0033173976893464806,-0.0014315162115404439,-0.01209213543714955,-0.18,0.18,1.0
17.898972272872925,1,,0.0,0.6,0.0,-0.0006619819542210464,-0.02314484616250185,-0.014560807718933793,-0.18,0.18,1.0
17.939268112182617,1,,0.0,0.6,0.0,-0.008601242007004212,-0.029436938077853185,-0.010623418731037552,-0.18,0.18,1.0
17.939268112182617,1,,0.0,0.6,0.0,-0.003952047121964504,-0.023116040266871092,-0.016632770682789323,-0.18,0.18,1.0
17.939268112182617,1,,0.0,0.6,0.0,-0.0024252106775290196,-0.034291142567328625,-0.013441694680849494,-0.18,0.18,1.0
17.939268112182617,1,,0.0,0.6,0.0,-0.0011323219651886557,-0.018445631535546434,-0.011068167354454525,-0.18,0.18,1.0
17.939268112182617,1,,0.0,0.6,0.0,0.0011821278104784598,-0.005033285604218173,-0.00700083259710705,-0.18,0.18,1.0
17.939268112182617,1,,0.0,0.6,0.0,-0.009381593815489446,-0.009660819015748228,-0.0033838381734532285,-0.18,0.18,1.0
17.939268112182617,1,,0.0,0.6,0.0,-0.0014891473330239306,-0.014428103836613094,-0.007724987818045207,-0.18,0.18,1.0
17.939268112182617,1,,0.0,0.6,0.0,-0.004420526833790387,-0.02993989033502074,-0.0007677289594595648,-0.18,0.18,1.0
17.939268112182617,1,,0.0,0.6,0.0,-0.0030081861432969554,-0.023122949320594964,0.003521486185299891,-0.18,0.18,1.0
17.939268112182617,1,,0.0,0.6,0.0,-0.005969324329905006,-0.008922548670995921,0.0016681751357373548,-0.18,0.18,1.0
17.97963571548462,1,,0.0,0.6,0.0,-0.002240930712127262,0.004600695325079572,-0.0034732303142403663,-0.18,0.18,1.0
17.97963571548462,1,,0.0,0.6,0.0,-1.2690027659182701e-05,0.013366028181299703,0.0031392156966040257,-0.18,0.18,1.0
17.97963571548462,1,,0.0,0.6,0.0,-0.0007994442779269383,0.019710769336767502,-0.00885488815493145,-0.18,0.18,1.0
17.97963571548462,1,,0.0,0.6,0.0,-0.0038995672722139606,0.0059030730371606105,-0.0066018633578071965,-0.18,0.18,1.0
17.97963571548462,1,,0.0,0.6,0.0,0.0014517534726235274,-0.015226890780349443,-0.00872598235068693,-0.18,0.18,1.0
17.97963571548462,1,,0.0,0.6,0.0,-0.004430836947167813,-0.028097715265934152,-0.008734031719931519,-0.18,0.18,1.0
17.97963571548462,1,,0.0,0.6,0.0,-0.002180512625202527,-0.02656129805223509,-0.010882466603426781,-0.18,0.18,1.0
17.97963571548462,1,,0.0,0.6,0.0,0.002203583782391823,-0.02543819230797523,-0.007498306447154271,-0.18,0.18,1.0
17.97963571548462,1,,0.0,0.6,0.0,0.001495628645595454,-0.033499724985195295,-0.005270581118957992,-0.18,0.18,1.0
17.97963571548462,1,,0.0,0.6,0.0,0.010017352543687623,-0.042198310008967295,-0.005425238422604562,-0.18,0.18,1.0
18.03001308441162,1,,0.0,0.0,0.0,-0.003829996202788407,-0.03784618469766168,-0.010148691561902656,-0.18,0.18,1.0
18.03001308441162,1,,0.0,0.0,0.0,0.005280691617840292,-0.04137202888457105,-0.012022316576057344,-0.18,0.18,1.0
18.03001308441162,1,,0.0,0.0,0.0,0.002244709540377408,-0.023346794620635443,-0.014640587073802214,-0.18,0.18,1.0
18.03001308441162,1,,0.0,0.0,0.0,-0.015557370128299396,-0.004594965194411288,-0.011280966897557814,-0.18,0.18,1.0
18.03001308441162,1,,0.0,0.0,0.0,-0.011590169605479737,0.01062279559889422,-0.0008444513539294335,-0.18,0.18,1.0
18.03001308441162,1,,0.0,0.0,0.0,-0.01299178319297808,-0.002919893832895817,0.000234688795951143,-0.18,0.18,1.0
18.03001308441162,1,,0.0,0.0,0.0,-0.011038923297649748,-0.022443906489464177,0.0032917555409954944,-0.18,0.18,1.0
18.03001308441162,1,,0.0,0.0,0.0,-0.012733842904119734,-0.02219377112378961,-0.009055642970185835,-0.18,0.18,1.0
18.03001308441162,1,,0.0,0.0,0.0,-0.0004565931806762379,-0.011985497027158789,-0.011986653331925268,-0.18,0.18,1.0
18.03001308441162,1,,0.0,0.0,0.0,0.000665694911169574,0.012272193504282025,-0.00858482721357493,-0.18,0.18,1.0
18.070294618606567,1,,0.0,0.0,0.0,0.010445267176846577,0.018871823848518657,-0.008893104976130215,-0.18,0.18,1.0
18.070294618606567,1,,0.0,0.0,0.0,0.00882387404976036,-0.004256258247575201,-0.003509462185303929,-0.18,0.18,1.0
18.070294618606567,1,,0.0,0.0,0.0,0.001225977419860039,-0.004364351007546713,-0.013808397093603321,-0.18,0.18,1.0
18.070294618606567,1,,0.0,0.0,0.0,0.002839625633981503,0.0009954370568707074,-0.013021886818387942,-0.18,0.18,1.0
18.070294618606567,1,,0.0,0.0,0.0,0.00909767950153641,-0.017334475002518633,-0.004595619992815394,-0.18,0.18,1.0
18.070294618606567,1,,0.0,0.0,0.0,-0.0069247722068168475,-0.010757776112966643,-0.0044468805123397135,-0.18,0.18,1.0
18.070294618606567,1,,0.0,0.0,0.0,0.0038207187808736083,-0.007161385990951029,-0.005280560856712004,-0.18,0.18,1.0
18.070294618606567,1,,0.0,0.0,0.0,-0.0002621349133774716,-0.011156075353851123,-0.006006770106327497,-0.18,0.18,1.0
18.070294618606567,1,,0.0,0.0,0.0,-0.002663893970916673,-0.0034962360169254842,-0.012894526317580883,-0.18,0.18,1.0
18.070294618606567,1,,0.0,0.0,0.0,-0.0007349882381088097,0.007221124737441806,-0.004008579658155635,-0.18,0.18,1.0
18.110644340515137,1,,0.0,0.0,0.0,-0.0045710216752318554,-0.002981940357625089,-0.00863305273504218,-0.18,0.18,1.0
18.110644340515137,1,,0.0,0.0,0.0,-0.009980225462020082,-0.028220084122728636,-0.007239592557111672,-0.18,0.18,1.0
18.110644340515137,1,,0.0,0.0,0.0,-0.010568368801085366,-0.04100207652273583,-0.005805534208383894,-0.18,0.18,1.0
18.110644340515137,1,,0.0,0.0,0.0,0.0006429514959900535,-0.04041019743364915,-0.01021013960447752,-0.18,0.18,1.0
18.110644340515137,1,,0.0,0.0,0.0,-0.005713885253636262,-0.026295444297013148,-0.006578670104187363,-0.18,0.18,1.0
18.110644340515137,1,,0.0,0.0,0.0,-0.008442835161146297,-0.010620137923952718,-0.0007204167356087709,-0.18,0.18,1.0
18.110644340515137,1,,0.0,0.0,0.0,-0.00877516291585988,-0.007534954150457307,-0.005578992966774301,-0.18,0.18,1.0
18.110644340515137,1,,0.0,0.0,0.0,-0.0021603912252417864,-0.017536828197924004,-0.010112579958921997,-0.18,0.18,1.0
18.110644340515137,1,,0.0,0.0,0.0,-0.00830787352275052,-0.02018293025413431,-0.01049406885646938,-0.18,0.18,1.0
18.110644340515137,1,,0.0,0.0,0.0,0.0046021362475213035,-0.030733370831189273,-0.011326901031028043,-0.18,0.18,1.0
18.150972366333008,1,,0.0,0.0,0.0,0.005026533924920464,-0.008295898321031383,-0.00198193451820686,-0.18,0.18,1.0
18.150972366333008,1,,0.0,0.0,0.0,-0.0008003629812605917,-0.005604864758969181,0.008493467423696426,-0.18,0.18,1.0
18.150972366333008,1,,0.0,0.0,0.0,-0.0017452046719793773,-0.007634712069882582,0.015891091000827348,-0.18,0.18,1.0
18.150972366333008,1,,0.0,0.0,0.0,-0.011558396655398899,-0.01777895864984286,0.010265523601382493,-0.18,0.18,1.0
18.150972366333008,1,,0.0,0.0,0.0,-0.011839463221607482,0.00029386273098251165,0.002546527061143496,-0.18,0.18,1.0
18.150972366333008,1,,0.0,0.0,0.0,-0.011485699969969787,-0.007266975555601215,-0.0009611421412819189,-0.18,0.18,1.0
18.150972366333008,1,,0.0,0.0,0.0,-0.005939049253028607,-0.02255780605019482,-0.0016999075531758654,-0.18,0.18,1.0
18.150972366333008,1,,0.0,0.0,0.0,-0.007116657522774134,-0.01592578860130065,-0.0019530267411151474,-0.18,0.18,1.0
18.150972366333008,1,,0.0,0.0,0.0,-0.006913602994954677,-0.026655896351095148,-0.007370916810909054,-0.18,0.18,1.0
18.150972366333008,1,,0.0,0.0,0.0,-0.011915568286603584,-0.0049884323294354296,-0.014940716407146169,-0.18,0.18,1.0
18.201401948928833,1,,0.0,0.0,0.0,-0.01501632191624281,-0.013045633770535674,-0.012835375573166621,-0.18,0.18,1.0
18.201401948928833,1,,0.0,0.0,0.0,0.0013897958022603416,-0.030761560631609744,-0.007457148455388034,-0.18,0.18,1.0
18.201401948928833,1,,0.0,0.0,0.0,0.010943276801735062,-0.029146131563444626,-0.000870412285942378,-0.18,0.18,1.0
18.201401948928833,1,,0.0,0.0,0.0,-0.002425308051806241,-0.028803090191275797,-0.00676494862114127,-0.18,0.18,1.0
18.201401948928833,1,,0.0,0.0,0.0,-0.004774748176658301,-0.00922372448607233,-0.011710908277586963,-0.18,0.18,1.0
18.201401948928833,1,,0.0,0.0,0.0,-0.0010006151993268801,-0.018285474966041146,-0.002973142235112816,-0.18,0.18,1.0
18.201401948928833,1,,0.0,0.0,0.0,0.0019538359762267614,-0.004137166183134327,-0.004903246870963964,-0.18,0.18,1.0
18.201401948928833,1,,0.0,0.0,0.0,-0.0002382174618852472,-0.013705951024145166,0.0016668621401435182,-0.18,0.18,1.0
18.201401948928833,1,,0.0,0.0,0.0,-0.00435544529921676,0.00044101578239465504,-0.00540555003898417,-0.18,0.18,1.0
18.201401948928833,1,,0.0,0.0,0.0,-0.004998239241369693,-0.014836830611487632,-0.007905168526181252,-0.18,0.18,1.0
18.24176573753357,1,,0.0,0.0,0.0,-0.00912996658089319,-0.01079978698187336,-0.0009953238600296397,-0.18,0.18,1.0
18.24176573753357,1,,0.0,0.0,0.0,-0.012565898726276404,0.005681322654559666,-0.009121809639911676,-0.18,0.18,1.0
18.24176573753357,1,,0.0,0.0,0.0,-0.017596633894414324,-0.003918273414998503,-0.0028040986101447833,-0.18,0.18,1.0
18.24176573753357,1,,0.0,0.0,0.0,0.002662578077362257,-0.009786608375483024,0.0005287548741732466,-0.18,0.18,1.0
18.24176573753357,1,,0.0,0.0,0.0,0.009869485151352128,-0.024374432428209664,-0.00026251796129665337,-0.18,0.18,1.0
18.24176573753357,1,,0.0,0.0,0.0,-0.0006511780806283137,-0.03116700713098041,0.0015423047983213142,-0.18,0.18,1.0
18.24176573753357,1,,0.0,0.0,0.0,0.0033128107383223636,-0.006896527164457343,-0.002491140332029881,-0.18,0.18,1.0
18.24176573753357,1,,0.0,0.0,0.0,0.0008682160530098943,-0.011112573328972178,-0.0017429612118550599,-0.18,0.18,1.0
18.24176573753357,1,,0.0,0.0,0.0,0.0027384467702458344,-0.0009858835519818265,-0.0025074809139053163,-0.18,0.18,1.0
18.24176573753357,1,,0.0,0.0,0.0,0.001867472690172308,-0.015849429982872573,-0.0045197447018098065,-0.18,0.18,1.0
18.282087802886963,1,,0.0,0.0,0.0,-0.006947205924287658,-0.005969868020338394,-0.005185178204109629,-0.18,0.18,1.0
18.282087802886963,1,,0.0,0.0,0.0,-0.012392760589236612,0.011413331797733893,-0.004413068297916953,-0.18,0.18,1.0
18.282087802886963,1,,0.0,0.0,0.0,-0.008892482053025489,-0.009837451936560495,-0.003467152874413224,-0.18,0.18,1.0
18.282087802886963,1,,0.0,0.0,0.0,-0.007817826361369618,-0.007887473190948962,-0.005251378333767907,-0.18,0.18,1.0
18.282087802886963,1,,0.0,0.0,0.0,-0.014050792187837944,-0.007332372662092267,-0.009416988362841643,-0.18,0.18,1.0
18.282087802886963,1,,0.0,0.0,0.0,-0.020331383816439955,-0.028967111983429536,-0.011701526920032285,-0.18,0.18,1.0
18.282087802886963,1,,0.0,0.0,0.0,-0.014487735537280473,-0.007901904862229503,-0.013787683253622335,-0.18,0.18,1.0
18.282087802886963,1,,0.0,0.0,0.0,-0.014349944287627208,0.006146065759000732,-0.005501452692226397,-0.18,0.18,1.0
18.282087802886963,1,,0.0,0.0,0.0,-0.01074898004445101,0.013782645085158482,-0.013737461880863444,-0.18,0.18,1.0
18.282087802886963,1,,0.0,0.0,0.0,-0.0079064991022478,-0.0049472369255444066,-0.003968281190365594,-0.18,0.18,1.0
18.322430849075317,1,,0.0,0.0,0.0,-0.003454058419027925,-0.017326270189697703,-0.003927820222560047,-0.18,0.18,1.0
18.322430849075317,1,,0.0,0.0,0.0,-0.007391328276836657,0.0014203494579865797,-0.003933188512867333,-0.18,0.18,1.0
18.322430849075317,1,,0.0,0.0,0.0,-0.004752212221316356,-0.010978012564262691,-0.003015539955568247,-0.18,0.18,1.0
18.322430849075317,1,,0.0,0.0,0.0,-0.010723309140514507,-0.005111906655492016,-0.007521223967002935,-0.18,0.18,1.0
18.322430849075317,1,,0.0,0.0,0.0,-0.016380813684054342,-0.022585979361984646,-0.0008500189883524261,-0.18,0.18,1.0
18.322430849075317,1,,0.0,0.0,0.0,-0.018771350139916,-0.034229259374776395,-0.005707499850909142,-0.18,0.18,1.0
18.322430849075317,1,,0.0,0.0,0.0,-0.017728930252562607,-0.040558210001600314,-0.0029831950926246,-0.18,0.18,1.0
18.322430849075317,1,,0.0,0.0,0.0,-0.015231109688582743,-0.01820029602426617,-0.0022692067872335507,-0.18,0.18,1.0
18.322430849075317,1,,0.0,0.0,0.0,-0.01359990236096912,-0.007550457515078594,-0.008327012095123041,-0.18,0.18,1.0
18.372782230377197,1,,0.0,0.0,0.0,-0.014185819440621132,-0.008912244568812178,-0.010392951772513103,-0.18,0.18,1.0
18.372782230377197,1,,0.0,0.0,0.0,-0.010876954032876604,-0.009883551421233877,-0.013158618660967146,-0.18,0.18,1.0
18.372782230377197,1,,0.0,0.0,0.0,-0.014260505867152195,-0.013354881451832046,-0.00737091281085518,-0.18,0.18,1.0
18.372782230377197,1,,0.0,0.0,0.0,-0.022770621028773294,0.007536017562784306,-0.013119299345874687,-0.18,0.18,1.0
18.372782230377197,1,,0.0,0.0,0.0,-0.020298185602643008,0.0017891998429964626,-0.010537412536431203,-0.18,0.18,1.0
18.372782230377197,1,,0.0,0.0,0.0,-0.01413139502907766,-0.018637229216751268,-0.015171266429546491,-0.18,0.18,1.0
18.372782230377197,1,,0.0,0.0,0.0,-0.010682862741909832,-0.010630236777302885,-0.00048351129564223026,-0.18,0.18,1.0
18.372782230377197,1,,0.0,0.0,0.0,-0.014177290070948137,-0.009055799647846344,-0.00024178997385042623,-0.18,0.18,1.0
18.372782230377197,1,,0.0,0.0,0.0,-0.003350979178731538,-0.02267120236978392,-0.001967541414020152,-0.18,0.18,1.0
18.372782230377197,1,,0.0,0.0,0.0,-0.002874312935244091,-0.0063806208285796815,-0.004715540751475863,-0.18,0.18,1.0
18.413114547729492,1,,0.0,0.0,0.0,-0.003477302978601417,-0.0036936062790293447,-0.008161985889081944,-0.18,0.18,1.0
18.413114547729492,1,,0.0,0.0,0.0,-0.013234622490730335,-0.003958359210046196,-0.004225293639540821,-0.18,0.18,1.0
18.413114547729492,1,,0.0,0.0,0.0,-0.01382006021266465,-0.01707457436586093,0.004399716206969396,-0.18,0.18,1.0
18.413114547729492,1,,0.0,0.0,0.0,-0.004025129066184848,-0.012951112234483133,-0.009148582104685587,-0.18,0.18,1.0
18.413114547729492,1,,0.0,0.0,0.0,-0.0015083156206706675,-0.010546657971330156,-0.011574372897054321,-0.18,0.18,1.0
18.413114547729492,1,,0.0,0.0,0.0,-0.012360728502093092,-0.021322951427348562,-0.004147660923323329,-0.18,0.18,1.0
18.413114547729492,1,,0.0,0.0,0.0,-0.009586308340168655,-0.03523878523924732,-0.008087550512156833,-0.18,0.18,1.0
18.413114547729492,1,,0.0,0.0,0.0,-0.017388749087415147,-0.04254636789881803,-0.010844949279557247,-0.18,0.18,1.0
18.413114547729492,1,,0.0,0.0,0.0,-0.01570535513456184,-0.036011576999573906,-0.00811878260010097,-0.18,0.18,1.0
18.413114547729492,1,,0.0,0.0,0.0,-0.0054927833664526905,-0.008170099353004513,-0.0010712345914814095,-0.18,0.18,1.0
18.45345401763916,1,,0.0,0.0,0.0,-0.012647352109385307,0.005572615026933132,-0.014335953413066057,-0.18,0.18,1.0
18.45345401763916,1,,0.0,0.0,0.0,-0.007624303271909942,-0.011953348562695277,-0.019517253412506166,-0.18,0.18,1.0
18.45345401763916,1,,0.0,0.0,0.0,-0.010873504296344887,-0.021830013025341117,-0.01009225305669104,-0.18,0.18,1.0
18.45345401763916,1,,0.0,0.0,0.0,-0.0040107737556292124,-0.03836873144294049,-0.002216287483915746,-0.18,0.18,1.0
18.45345401763916,1,,0.0,0.0,0.0,-0.004589401184643882,-0.028309473318750725,-0.006045160480106971,-0.18,0.18,1.0
18.45345401763916,1,,0.0,0.0,0.0,-0.010344774899861521,-0.01947387672590454,-0.012545374204584974,-0.18,0.18,1.0
18.45345401763916,1,,0.0,0.0,0.0,-0.008651561955693906,0.002078521826702264,-0.008827178498247852,-0.18,0.18,1.0
18.45345401763916,1,,0.0,0.0,0.0,-0.0006148125506796211,0.002493106732162015,-0.014748666114284322,-0.18,0.18,1.0
18.45345401763916,1,,0.0,0.0,0.0,-0.006847557338650667,0.000508655732338289,-0.00907531868102716,-0.18,0.18,1.0
18.45345401763916,1,,0.0,0.0,0.0,-0.006584865816649224,0.008026603716987244,-0.018083450318730397,-0.18,0.18,1.0
18.5039005279541,1,,0.0,0.0,0.0,-0.005960923894720331,-0.001310921271010307,-0.01836730070886008,-0.18,0.18,1.0
18.5039005279541,1,,0.0,0.0,0.0,-0.009803585080622911,0.00822455298086096,-0.020098290343970666,-0.18,0.18,1.0
18.5039005279541,1,,0.0,0.0,0.0,-0.015743278294020082,0.015240986078933406,-0.011850909053369288,-0.18,0.18,1.0
18.5039005279541,1,,0.0,0.0,0.0,-0.014472321875919344,-0.004560329675110866,-0.012480231584034038,-0.18,0.18,1.0
18.5039005279541,1,,0.0,0.0,0.0,-0.008630842905228173,-0.0009592630583202328,-0.011435303795951939,-0.18,0.18,1.0
18.5039005279541,1,,0.0,0.0,0.0,-0.006529557855069268,-0.008964549733495798,-0.00551265829914551,-0.18,0.18,1.0
18.5039005279541,1,,0.0,0.0,0.0,-0.011843823328035274,-0.02156396857427177,-0.009816898598945337,-0.18,0.18,1.0
18.5039005279541,1,,0.0,0.0,0.0,-0.009249982187968492,-0.007439566206336302,-0.006514518252649251,-0.18,0.18,1.0
18.5039005279541,1,,0.0,0.0,0.0,-0.0006618416940787514,-0.006838332858707386,-0.004538458908428718,-0.18,0.18,1.0
18.5039005279541,1,,0.0,0.0,0.0,-0.003644295525096544,-0.013300942606579439,-0.004402418904713081,-0.18,0.18,1.0
18.544211387634277,1,,0.0,0.0,0.0,-0.010456204489517448,-0.00016765926909212463,-0.006931353615848497,-0.18,0.18,1.0
18.544211387634277,1,,0.0,0.0,0.0,-0.009997246976852045,0.006817995671179208,-0.0015080503709465115,-0.18,0.18,1.0
18.544211387634277,1,,0.0,0.0,0.0,-0.0036031918645526486,-0.013212426107390382,-0.0030104594129581855,-0.18,0.18,1.0
18.544211387634277,1,,0.0,0.0,0.0,-0.0007539304297770451,-0.021871958849566695,0.0037847538058496345,-0.18,0.18,1.0
18.544211387634277,1,,0.0,0.0,0.0,-0.0038428111999671377,-0.024131643814103935,-0.007358876771077209,-0.18,0.18,1.0
18.544211387634277,1,,0.0,0.0,0.0,-0.0018618954310755738,-0.014496208043193138,-0.006592947556233025,-0.18,0.18,1.0
18.544211387634277,1,,0.0,0.0,0.0,-0.006342803771228172,-0.011853145543899457,-0.010157737600650493,-0.18,0.18,1.0
18.544211387634277,1,,0.0,0.0,0.0,-0.011343184900474286,-0.03055399729441958,-0.007887553714435074,-0.18,0.18,1.0
18.544211387634277,1,,0.0,0.0,0.0,-0.013056527201567558,-0.010189832982393027,-0.010114988743162365,-0.18,0.18,1.0
18.544211387634277,1,,0.0,0.0,0.0,-0.012022239577353265,-0.009489848109313545,-0.007207524821616403,-0.18,0.18,1.0
18.58450675010681,1,,0.0,0.0,0.0,-0.007518924081180652,-0.018864227666612915,-0.0010020076137882414,-0.18,0.18,1.0
18.58450675010681,1,,0.0,0.0,0.0,-0.010372558618731539,-0.006757502318529118,-0.00871822761442557,-0.18,0.18,1.0
18.58450675010681,1,,0.0,0.0,0.0,-0.012411192263599657,-0.02348149073107038,-0.009694212767696097,-0.18,0.18,1.0
18.58450675010681,1,,0.0,0.0,0.0,-0.01659158473345094,-0.032788200911027125,-0.008783514419658276,-0.18,0.18,1.0
18.58450675010681,1,,0.0,0.0,0.0,-0.015983702925836795,-0.031505563128705526,-0.007992593924918367,-0.18,0.18,1.0
18.58450675010681,1,,0.0,0.0,0.0,-0.01606281694122391,-0.01685485938828165,-0.012740959978725817,-0.18,0.18,1.0
18.58450675010681,1,,0.0,0.0,0.0,-0.006459226043240099,-0.0024633819399623976,-0.009376033820763853,-0.18,0.18,1.0
18.58450675010681,1,,0.0,0.0,0.0,-0.00828080189055393,-0.022552138309797982,-0.009940994585542748,-0.18,0.18,1.0
18.58450675010681,1,,0.0,0.0,0.0,-0.008380208869377716,-0.013280293053551714,-0.015731134626434363,-0.18,0.18,1.0
18.58450675010681,1,,0.0,0.0,0.0,0.0004988362351609026,-0.0043128073212133885,0.00392239979177681,-0.18,0.18,1.0
18.624810934066772,1,,0.0,0.0,0.0,-0.003823591716221104,-0.00660761301589849,0.0030218697853452593,-0.18,0.18,1.0
18.624810934066772,1,,0.0,0.0,0.0,-0.0032909112487896526,-0.02180553979001698,0.00380471593740442,-0.18,0.18,1.0
18.624810934066772,1,,0.0,0.0,0.0,-0.011555551189920714,-0.027799780798995744,0.0011445460159319985,-0.18,0.18,1.0
18.624810934066772,1,,0.0,0.0,0.0,-0.014785994746544575,-0.03308176934446547,-0.0018892871976964605,-0.18,0.18,1.0
18.624810934066772,1,,0.0,0.0,0.0,-0.013230696396287833,-0.00798849099770608,-0.002815386856089971,-0.18,0.18,1.0
18.624810934066772,1,,0.0,0.0,0.0,-0.020193312116670487,-0.0037470878974204436,-0.007725691048572268,-0.18,0.18,1.0
18.624810934066772,1,,0.0,0.0,0.0,-0.013567760422287276,-0.013904487044750082,-0.006760743832696279,-0.18,0.18,1.0
18.624810934066772,1,,0.0,0.0,0.0,-0.01436572176449555,-0.021008276569159004,-0.011817642574730234,-0.18,0.18,1.0
18.624810934066772,1,,0.0,0.0,0.0,-0.021245491502976947,-0.03355728357591309,-0.01628972964552512,-0.18,0.18,1.0
18.624810934066772,1,,0.0,0.0,0.0,-0.015102633239108985,-0.026276412976171247,-0.013646582680560843,-0.18,0.18,1.0
18.675180673599243,1,,0.0,0.0,0.0,-0.017360057771108463,-0.02284809333396329,-0.011828673475784266,-0.18,0.18,1.0
18.675180673599243,1,,0.0,0.0,0.0,-0.012554491995607056,-0.011912684422472498,-0.008138064770492505,-0.18,0.18,1.0
18.675180673599243,1,,0.0,0.0,0.0,-0.0021161511896810523,-0.020848950824980166,-0.0021368047189066815,-0.18,0.18,1.0
18.675180673599243,1,,0.0,0.0,0.0,-0.014787659855030364,0.0007882699734293284,-0.004678800894046977,-0.18,0.18,1.0
18.675180673599243,1,,0.0,0.0,0.0,-0.007524167559736922,-0.0029109975970302475,-0.0013300148985243238,-0.18,0.18,1.0
18.675180673599243,1,,0.0,0.0,0.0,-0.00022235342905538744,-0.011189381062826173,0.0013837380454157383,-0.18,0.18,1.0
18.675180673599243,1,,0.0,0.0,0.0,-0.010305599363406682,-0.017769224707061965,0.000281567391242657,-0.18,0.18,1.0
18.675180673599243,1,,0.0,0.0,0.0,-0.013939624204610326,-0.0024620696700077857,-0.008314340240596102,-0.18,0.18,1.0
18.675180673599243,1,,0.0,0.0,0.0,-0.018173683647194093,-0.007900882114783046,-0.004614965540024873,-0.18,0.18,1.0
18.675180673599243,1,,0.0,0.0,0.0,-0.008773312948851064,0.006448216552305904,-0.006048842565802883,-0.18,0.18,1.0
18.71551513671875,1,,0.0,0.0,0.0,-0.01720909811376268,0.006411075130219729,-0.004374750072281173,-0.18,0.18,1.0
18.71551513671875,1,,0.0,0.0,0.0,-0.013062040888394737,-0.010641683200251089,-0.005609151814607897,-0.18,0.18,1.0
18.71551513671875,1,,0.0,0.0,0.0,-0.013745130152764613,-0.01822682248996204,0.0010520180256409584,-0.18,0.18,1.0
18.71551513671875,1,,0.0,0.0,0.0,-0.013846729195880971,-0.0009516088970001475,0.0025811001774760493,-0.18,0.18,1.0
18.71551513671875,1,,0.0,0.0,0.0,-0.010909644344314167,-0.021918046999364626,-0.006642621883671001,-0.18,0.18,1.0
18.71551513671875,1,,0.0,0.0,0.0,-0.007539438644935324,-0.02648909407816068,-0.005613048431261978,-0.18,0.18,1.0
18.71551513671875,1,,0.0,0.0,0.0,-0.003996235820983515,-0.013536690126252941,-0.0017790626694275749,-0.18,0.18,1.0
18.71551513671875,1,,0.0,0.0,0.0,-0.013642624160460224,-0.005255345088450086,-0.0012312197317886713,-0.18,0.18,1.0
18.71551513671875,1,,0.0,0.0,0.0,0.0014040098942670724,-0.01100271574077391,0.002750057539051725,-0.18,0.18,1.0
18.71551513671875,1,,0.0,0.0,0.0,0.001877291587432408,-0.019535463496000705,0.0016315037028651184,-0.18,0.18,1.0
18.755834102630615,1,,0.0,0.0,0.0,0.005218832799509406,-0.031404525714597724,-0.0020395995657267294,-0.18,0.18,1.0
18.755834102630615,1,,0.0,0.0,0.0,-0.006997339034585805,-0.030101394810002007,-0.0025634162345131778,-0.18,0.18,1.0
18.755834102630615,1,,0.0,0.0,0.0,-0.0045810150250181585,-0.00786571138930565,-0.0033782310295756048,-0.18,0.18,1.0
18.755834102630615,1,,0.0,0.0,0.0,-0.006340020444013198,-0.014273728460883305,-0.00669885811705251,-0.18,0.18,1.0
18.755834102630615,1,,0.0,0.0,0.0,-0.00039621256828345486,-0.032822582254692624,-0.007091617289980265,-0.18,0.18,1.0
18.755834102630615,1,,0.0,0.0,0.0,-0.010226493809298598,-0.015426595945689113,-0.007115160181778251,-0.18,0.18,1.0
18.755834102630615,1,,0.0,0.0,0.0,0.008331015258943524,0.002901199437784779,-0.010124167267587426,-0.18,0.18,1.0
18.755834102630615,1,,0.0,0.0,0.0,-0.009061138873164764,-0.0017178593018068063,-0.002595767484026647,-0.18,0.18,1.0
18.755834102630615,1,,0.0,0.0,0.0,-0.0036071261981408314,-0.026319543872810672,-0.006272669689427471,-0.18,0.18,1.0
18.755834102630615,1,,0.0,0.0,0.0,-0.004545399956744057,-0.036733090071295604,-0.004522335492318655,-0.18,0.18,1.0
18.796154975891113,1,,0.0,0.0,0.0,-0.01096364579860974,-0.014889951561889232,-0.004649263958833318,-0.18,0.18,1.0
18.796154975891113,1,,0.0,0.0,0.0,-0.009985472655216132,-0.00047204159672018816,-0.010960514991499247,-0.18,0.18,1.0
18.796154975891113,1,,0.0,0.0,0.0,-0.0013730902100883558,0.0015878405831927349,-0.014243047122410552,-0.18,0.18,1.0
18.796154975891113,1,,0.0,0.0,0.0,-0.00224336548906678,-0.008878131883763076,-0.0030643622556805455,-0.18,0.18,1.0
18.796154975891113,1,,0.0,0.0,0.0,-0.013371071749465708,-0.0185027607132871,-0.0028997481754423236,-0.18,0.18,1.0
18.796154975891113,1,,0.0,0.0,0.0,-0.009395172725463537,0.010558379722657274,0.0005732089583380154,-0.18,0.18,1.0
18.796154975891113,1,,0.0,0.0,0.0,-0.0144701308011891,0.0007337564822862816,0.003769387399549292,-0.18,0.18,1.0
18.796154975891113,1,,0.0,0.0,0.0,-0.020369362477768434,-0.019287483247853204,0.0018833912549787624,-0.18,0.18,1.0
18.796154975891113,1,,0.0,0.0,0.0,-0.003079923761490506,-0.002362167986279385,-0.004689752567846784,-0.18,0.18,1.0
18.796154975891113,1,,0.0,0.0,0.0,-0.0067109392494839335,-0.004712598804603663,-0.0019978602313454113,-0.18,0.18,1.0
18.846529006958008,1,,0.0,0.0,0.0,0.004491175525115002,0.00459313745679398,-0.0038305257625821567,-0.18,0.18,1.0
18.846529006958008,1,,0.0,0.0,0.0,-0.0023634787497826917,0.011037184152476136,-0.007759685353873837,-0.18,0.18,1.0
18.846529006958008,1,,0.0,0.0,0.0,-0.0005523709508820542,-0.0021688425124149102,-0.017772422882266315,-0.18,0.18,1.0
18.846529006958008,1,,0.0,0.0,0.0,-0.0157564220863518,0.011932240329762272,-0.009024384019307547,-0.18,0.18,1.0
18.846529006958008,1,,0.0,0.0,0.0,-0.0019670049931786717,0.011104391877944096,-0.015183149548645032,-0.18,0.18,1.0
18.846529006958008,1,,0.0,0.0,0.0,-0.004107954393090463,-0.008396591020086087,-0.01027635068858856,-0.18,0.18,1.0
18.846529006958008,1,,0.0,0.0,0.0,0.003002589812228562,-0.010532016613311598,-0.005817460175628463,-0.18,0.18,1.0
18.846529006958008,1,,0.0,0.0,0.0,0.0006173326210376856,0.007662400182241397,-0.010550983544445227,-0.18,0.18,1.0
18.846529006958008,1,,0.0,0.0,0.0,0.008189271411406665,0.006016769584911146,-0.010156541411942797,-0.18,0.18,1.0
18.886850357055664,1,,0.0,0.0,0.0,0.012461608720965904,0.004727659496129862,-0.01052078105015513,-0.18,0.18,1.0
18.886850357055664,1,,0.0,0.0,0.0,0.006305213525039906,0.0049934209904912525,-0.008052082469407367,-0.18,0.18,1.0
18.886850357055664,1,,0.0,0.0,0.0,-0.0016106415477051342,-0.012243312474954712,-0.011809318700371498,-0.18,0.18,1.0
18.886850357055664,1,,0.0,0.0,0.0,0.002632157735691498,-0.00048761880228992286,-0.006998569325098806,-0.18,0.18,1.0
18.886850357055664,1,,0.0,0.0,0.0,0.004365777471477966,0.010952349526846854,-0.011191101371429979,-0.18,0.18,1.0
18.886850357055664,1,,0.0,0.0,0.0,-0.002556114972666564,-0.003893376555668965,0.0015150022916910805,-0.18,0.18,1.0
18.886850357055664,1,,0.0,0.0,0.0,-5.777771660469854e-05,-0.024662284400643088,-0.004555150475373643,-0.18,0.18,1.0
18.886850357055664,1,,0.0,0.0,0.0,0.003483298452443397,-0.01983636262061569,-0.010969003492578809,-0.18,0.18,1.0
18.886850357055664,1,,0.0,0.0,0.0,-0.00888432360543612,0.004701881390830673,-0.012262059831393017,-0.18,0.18,1.0
18.886850357055664,1,,0.0,0.0,0.0,-0.008789722055091893,-0.0037349013691632253,0.002431284707164659,-0.18,0.18,1.0
18.92715072631836,1,,0.0,0.0,0.0,-0.00614420111374892,-0.023164764421109273,-0.0035607936055671954,-0.18,0.18,1.0
18.92715072631836,1,,0.0,0.0,0.0,-0.006430707574881754,-0.00948657414879489,-0.003966734464559804,-0.18,0.18,1.0
18.92715072631836,1,,0.0,0.0,0.0,-0.01737790866692541,-0.02220074352077179,-0.006730266214733427,-0.18,0.18,1.0
18.92715072631836,1,,0.0,0.0,0.0,-0.0008144186355482157,-0.031928363190658296,-0.0035685056108116647,-0.18,0.18,1.0
18.92715072631836,1,,0.0,0.0,0.0,-0.010731754958778941,-0.012080351765351736,-0.00445855827924635,-0.18,0.18,1.0
18.92715072631836,1,,0.0,0.0,0.0,-0.012664668532584036,-0.0068669898403373566,-0.009050640042456457,-0.18,0.18,1.0
18.92715072631836,1,,0.0,0.0,0.0,-0.006237046371559532,-0.020509210988681175,-0.00474297661189959,-0.18,0.18,1.0
18.92715072631836,1,,0.0,0.0,0.0,-0.01793398149716384,-0.003526105079299874,-0.003745952315338324,-0.18,0.18,1.0
18.92715072631836,1,,0.0,0.0,0.0,-0.013382091663072518,-0.00123253711465922,-0.008633332736133984,-0.18,0.18,1.0
18.92715072631836,1,,0.0,0.0,0.0,-0.010118160602906207,-0.0035200181975647343,-0.006801070078772888,-0.18,0.18,1.0
18.977518796920776,1,,0.0,0.0,0.0,-0.005615257096979527,0.002976655316536576,-0.006378494984960549,-0.18,0.18,1.0
18.977518796920776,1,,0.0,0.0,0.0,-0.011895727675972235,-0.012904135241538712,0.004985560162222345,-0.18,0.18,1.0
18.977518796920776,1,,0.0,0.0,0.0,-0.005856739349849092,0.0030344185788941163,0.0018404457129764375,-0.18,0.18,1.0
18.977518796920776,1,,0.0,0.0,0.0,0.00015183665495115855,-0.00936707185691981,0.00482602514531831,-0.18,0.18,1.0
18.977518796920776,1,,0.0,0.0,0.0,-0.006923995956281766,0.0020459104756686106,0.004017025742089141,-0.18,0.18,1.0
18.977518796920776,1,,0.0,0.0,0.0,-0.0033002596632347265,-0.014923504272965337,-0.0020472604601468217,-0.18,0.18,1.0
18.977518796920776,1,,0.0,0.0,0.0,0.00021726127337310535,0.005081756162912627,-0.0019684182936953462,-0.18,0.18,1.0
18.977518796920776,1,,0.0,0.0,0.0,-0.00025888238182064535,-0.005516794410865745,-0.009335794407140859,-0.18,0.18,1.0
18.977518796920776,1,,0.0,0.0,0.0,-0.0023065424202560847,-0.00976134106464123,-0.012350363532755452,-0.18,0.18,1.0
18.977518796920776,1,,0.0,0.0,0.0,-0.013710726119736396,0.005047591482449711,-0.01678013656508143,-0.18,0.18,1.0
19.017826795578003,1,,0.0,0.0,0.0,-0.00492521875394089,-0.009731392541515145,-0.012644860515783113,-0.18,0.18,1.0
19.017826795578003,1,,0.0,0.0,0.0,0.004442472295536652,0.006530794661246775,-0.009091228568315856,-0.18,0.18,1.0
19.017826795578003,1,,0.0,0.0,0.0,-0.0010772851070492233,-0.005162846816029772,-0.011559738583676859,-0.18,0.18,1.0
19.017826795578003,1,,0.0,0.0,0.0,0.004495444744301573,-0.003106430834786141,-0.014071292481210225,-0.18,0.18,1.0
19.017826795578003,1,,0.0,0.0,0.0,-0.006277163813893333,-0.014399913230174583,-0.006012047276959839,-0.18,0.18,1.0
19.017826795578003,1,,0.0,0.0,0.0,-0.009874444541455661,-0.0133897768218247,-0.021610050270914206,-0.18,0.18,1.0
19.017826795578003,1,,0.0,0.0,0.0,-0.0046951389180147195,-0.0199826193216624,-0.009175083161493729,-0.18,0.18,1.0
19.017826795578003,1,,0.0,0.0,0.0,-0.004480321184897437,-0.014549432103213612,-0.010500379838372199,-0.18,0.18,1.0
19.017826795578003,1,,0.0,0.0,0.0,-0.0018950755499928785,-0.03045953256924431,-0.010918759492115916,-0.18,0.18,1.0
19.017826795578003,1,,0.0,0.0,0.0,0.001751976940438971,-0.015819617730497983,-0.01485117641022068,-0.18,0.18,1.0
19.05813980102539,1,,0.0,0.0,0.0,-0.008301258084717168,-0.01750959040621252,-0.012177550040169984,-0.18,0.18,1.0
19.05813980102539,1,,0.0,0.0,0.0,-0.0041637571353676526,-0.016580530897371253,-0.014940237625637879,-0.18,0.18,1.0
19.05813980102539,1,,0.0,0.0,0.0,0.003441858292549145,-0.01785950600931671,-0.01376817472665254,-0.18,0.18,1.0
19.05813980102539,1,,0.0,0.0,0.0,0.0033417377269164147,-0.003014218315943378,-0.011333542823269769,-0.18,0.18,1.0
19.05813980102539,1,,0.0,0.0,0.0,-0.005179058648755962,-0.01603503624230302,-0.011058151106432176,-0.18,0.18,1.0
19.05813980102539,1,,0.0,0.0,0.0,-0.0004536560592486023,-0.029350471766016635,-0.007134844450680823,-0.18,0.18,1.0
19.05813980102539,1,,0.0,0.0,0.0,-0.005397324158442043,-0.023812043812853328,-0.013811102412112686,-0.18,0.18,1.0
19.05813980102539,1,,0.0,0.0,0.0,-0.009139914047396924,-0.027694673028104633,-0.0011287217467330591,-0.18,0.18,1.0
19.05813980102539,1,,0.0,0.0,0.0,-0.010160752143073576,-0.01695343725286173,0.0002128187202282492,-0.18,0.18,1.0
19.05813980102539,1,,0.0,0.0,0.0,-0.0008726638824920977,-0.03146537761468896,0.002946319430358793,-0.18,0.18,1.0
19.098530292510986,1,,0.0,0.0,0.0,-0.013915508812427783,-0.0378954894304626,0.002624840943662647,-0.18,0.18,1.0
19.098530292510986,1,,0.0,0.0,0.0,-0.012460984653016196,-0.007496668059790689,0.0022758214907850995,-0.18,0.18,1.0
19.098530292510986,1,,0.0,0.0,0.0,-0.008006978517858327,-0.009387277101076646,-0.008188810051162086,-0.18,0.18,1.0
19.098530292510986,1,,0.0,0.0,0.0,-0.0010281390352674758,-0.022376004286161082,-0.0009916493430204916,-0.18,0.18,1.0
19.098530292510986,1,,0.0,0.0,0.0,-0.009266211393883662,-0.009669789963589186,-0.00221857288419223,-0.18,0.18,1.0
19.098530292510986,1,,0.0,0.0,0.0,0.0016488293108757632,0.002939882654005604,-0.001398362864057109,-0.18,0.18,1.0
19.098530292510986,1,,0.0,0.0,0.0,-0.008280870444457869,-0.0065730230437623105,-0.007670405141057308,-0.18,0.18,1.0
19.098530292510986,1,,0.0,0.0,0.0,-0.002419065762020195,-0.005533715086818434,-0.0044505823854834,-0.18,0.18,1.0
19.098530292510986,1,,0.0,0.0,0.0,0.001513491079274835,0.012556832964870743,0.0011576249553578082,-0.18,0.18,1.0
19.098530292510986,1,,0.0,0.0,0.0,-0.004886216160897326,-0.0076565644339401835,-0.001989973370644239,-0.18,0.18,1.0
19.148985624313354,1,,0.0,0.0,0.0,-0.01310331414984096,-0.020049521761834145,0.00046802039784860577,-0.18,0.18,1.0
19.148985624313354,1,,0.0,0.0,0.0,-0.005828088930450031,-0.0015880394624436587,0.0007294115467785854,-0.18,0.18,1.0
19.148985624313354,1,,0.0,0.0,0.0,-0.004342396203365735,-0.004310159927381758,-0.0055255412635200445,-0.18,0.18,1.0
19.148985624313354,1,,0.0,0.0,0.0,-0.002247115028799972,-0.000806336155155294,-0.010025395272512696,-0.18,0.18,1.0
19.148985624313354,1,,0.0,0.0,0.0,-0.006713477499537785,4.832498123604077e-05,-0.00989728447692588,-0.18,0.18,1.0
19.148985624313354,1,,0.0,0.0,0.0,-0.0057665804728192,-0.010917811024398592,-0.006747410188629025,-0.18,0.18,1.0
19.148985624313354,1,,0.0,0.0,0.0,-0.013213664501600563,0.00023237872916965433,-0.0043520466525744,-0.18,0.18,1.0
19.148985624313354,1,,0.0,0.0,0.0,-0.006656814757328449,-0.015406126513246566,-0.004287117821571818,-0.18,0.18,1.0
19.148985624313354,1,,0.0,0.0,0.0,-0.0035877905340596945,-0.018027019177471557,-0.0037328675745585977,-0.18,0.18,1.0
19.148985624313354,1,,0.0,0.0,0.0,-0.0033747881706295262,-0.0026558705850521533,-0.006816175188396554,-0.18,0.18,1.0
19.189323663711548,1,,0.0,0.0,0.0,0.0021006814334621733,0.007929044336636598,-0.004764371436155451,-0.18,0.18,1.0
19.189323663711548,1,,0.0,0.0,0.0,-0.010887134158796897,0.002662600156569702,0.0004886677260504519,-0.18,0.18,1.0
19.189323663711548,1,,0.0,0.0,0.0,-0.019010333642391134,-0.007685769383140886,0.0018387177119201683,-0.18,0.18,1.0
19.189323663711548,1,,0.0,0.0,0.0,-0.01582519386499091,-0.001452232126471706,-0.0039216600046039565,-0.18,0.18,1.0
19.189323663711548,1,,0.0,0.0,0.0,-0.016868568284255033,-0.002848781817890035,-0.0038744576248854025,-0.18,0.18,1.0
19.189323663711548,1,,0.0,0.0,0.0,-0.01232503090091065,-0.01336540292958667,-0.0023090937833726115,-0.18,0.18,1.0
19.189323663711548,1,,0.0,0.0,0.0,-0.005466547839244518,-0.013924832512237653,-0.00978367604795832,-0.18,0.18,1.0
19.189323663711548,1,,0.0,0.0,0.0,-0.00524186075335795,-0.0034208423437686072,-0.011379463085486975,-0.18,0.18,1.0
19.189323663711548,1,,0.0,0.0,0.0,0.005257367331113793,0.009373346347805744,-0.0033895962641567155,-0.18,0.18,1.0
19.189323663711548,1,,0.0,0.0,0.0,0.005456429081626592,0.022692492237272537,-0.003338086141751153,-0.18,0.18,1.0
19.22965383529663,1,,0.0,0.0,0.0,-0.0033739943672610566,0.020434586669158237,0.00046534068077956544,-0.18,0.18,1.0
19.22965383529663,1,,0.0,0.0,0.0,-0.012020932717025114,0.009923350612532958,-0.00017502308887143642,-0.18,0.18,1.0
19.22965383529663,1,,0.0,0.0,0.0,-0.015106089691824554,-0.01787270398425931,-0.003788963492454602,-0.18,0.18,1.0
19.22965383529663,1,,0.0,0.0,0.0,-0.019770905703161566,-0.014485087962944529,-0.004201676579773481,-0.18,0.18,1.0
19.22965383529663,1,,0.0,0.0,0.0,-0.020058434810463516,0.0007712543044485745,0.0001402816115711434,-0.18,0.18,1.0
19.22965383529663,1,,0.0,0.0,0.0,-0.016434092398033055,-0.0010094475944164261,-0.0008299887318251869,-0.18,0.18,1.0
19.22965383529663,1,,0.0,0.0,0.0,-0.018925748120619073,-0.017606398575852184,-0.010530176048248121,-0.18,0.18,1.0
19.22965383529663,1,,0.0,0.0,0.0,-0.014479137681470994,-0.015092704748743135,0.0007603508842879309,-0.18,0.18,1.0
19.22965383529663,1,,0.0,0.0,0.0,-0.011154066105611982,-0.000575396341776932,2.073043833264433e-05,-0.18,0.18,1.0
19.22965383529663,1,,0.0,0.0,0.0,-0.010642802816448993,-0.008391878787436488,-0.001480808531436677,-0.18,0.18,1.0
19.269946813583374,1,,0.0,0.0,0.0,-0.013596060442444787,-0.02672479271128713,-0.004733936021956302,-0.18,0.18,1.0
19.269946813583374,1,,0.0,0.0,0.0,-0.008859737584412988,-0.024535486594957422,-0.010496459439103194,-0.18,0.18,1.0
19.269946813583374,1,,0.0,0.0,0.0,-0.0025210657600394865,-0.031833910159047185,-0.007368494517471933,-0.18,0.18,1.0
19.269946813583374,1,,0.0,0.0,0.0,-0.004541856974706861,-0.025246539896740056,-0.006295247627497516,-0.18,0.18,1.0
19.269946813583374,1,,0.0,0.0,0.0,-0.004078405509699798,-0.004418744861957829,-0.006239082225061763,-0.18,0.18,1.0
19.269946813583374,1,,0.0,0.0,0.0,-0.005815550250556047,0.0027803080429001543,-0.0063754475346821165,-0.18,0.18,1.0
19.269946813583374,1,,0.0,0.0,0.0,0.003493483766812756,0.0028348850741393627,-0.005001134655444626,-0.18,0.18,1.0
19.269946813583374,1,,0.0,0.0,0.0,-0.00012905276626213688,-0.00622228844034636,-0.01283018511393343,-0.18,0.18,1.0
19.269946813583374,1,,0.0,0.0,0.0,-0.0017623441579827826,-0.009225052627553876,-0.014022705935597672,-0.18,0.18,1.0
19.269946813583374,1,,0.0,0.0,0.0,-0.0034502916112324486,-0.00805583242796761,-0.01623885978995674,-0.18,0.18,1.0
19.32036280632019,1,,0.0,0.0,0.0,0.00911421023596027,-0.015441513231965335,-0.016372777317535343,-0.18,0.18,1.0
19.32036280632019,1,,0.0,0.0,0.0,0.0015088083716727502,-0.011441621028397863,-0.01184650901156683,-0.18,0.18,1.0
19.32036280632019,1,,0.0,0.0,0.0,-0.008902157177027751,-0.02554529950872184,-0.008307954310622577,-0.18,0.18,1.0
19.32036280632019,1,,0.0,0.0,0.0,-0.008157733889172817,-0.016002956483913724,-0.00564919090517218,-0.18,0.18,1.0
19.32036280632019,1,,0.0,0.0,0.0,-2.19591470062918e-05,-0.018586466382599,-0.00807703796159345,-0.18,0.18,1.0
19.32036280632019,1,,0.0,0.0,0.0,-0.0021513205646108776,-0.02938554056154441,-0.01233864725950069,-0.18,0.18,1.0
19.32036280632019,1,,0.0,0.0,0.0,-0.013358274690058024,-0.015399068378958096,-0.005674225695450507,-0.18,0.18,1.0
19.32036280632019,1,,0.0,0.0,0.0,-0.008067979732087328,-0.01844183976965575,-0.008697311636317493,-0.18,0.18,1.0
19.32036280632019,1,,0.0,0.0,0.0,-0.008818490005899973,-0.01621446584627121,-0.0020674873834971557,-0.18,0.18,1.0
19.32036280632019,1,,0.0,0.0,0.0,-0.012706595160786913,-0.01124567744696331,-0.0034163046694010127,-0.18,0.18,1.0
19.360676050186157,1,,0.0,0.0,0.0,-0.008837341077423715,0.005943259383625633,-0.0015222863659351022,-0.18,0.18,1.0
19.360676050186157,1,,0.0,0.0,0.0,-0.0074329209891224055,-0.006053379524995225,-0.008547459025819755,-0.18,0.18,1.0
19.360676050186157,1,,0.0,0.0,0.0,-0.009705878994203858,-0.0320340274733983,-0.005062883491944109,-0.18,0.18,1.0
19.360676050186157,1,,0.0,0.0,0.0,-0.016985029832688972,-0.02258648428634582,-0.005058141263099071,-0.18,0.18,1.0
19.360676050186157,1,,0.0,0.0,0.0,-0.012301264315483148,-0.0036851557058526887,-0.004072982399953062,-0.18,0.18,1.0
19.360676050186157,1,,0.0,0.0,0.0,-0.015012540934668061,0.0031484608847110796,-0.004984597208219999,-0.18,0.18,1.0
19.360676050186157,1,,0.0,0.0,0.0,-0.009517536420477693,0.015559179566170225,-0.008323124871948516,-0.18,0.18,1.0
19.360676050186157,1,,0.0,0.0,0.0,-0.009951396317492995,-0.005062346643458145,-0.01163974216805874,-0.18,0.18,1.0
19.360676050186157,1,,0.0,0.0,0.0,-0.011770051828893685,0.01338890450660235,-0.0034014234711067792,-0.18,0.18,1.0
19.360676050186157,1,,0.0,0.0,0.0,-0.006331230370033809,0.022473586245786,-0.006567024032559746,-0.18,0.18,1.0
19.400983095169067,1,,0.0,0.0,0.0,0.0019675487626744184,-0.006179617708721231,-0.006114483258619111,-0.18,0.18,1.0
19.400983095169067,1,,0.0,0.0,0.0,-0.007974772429940807,-0.02240072773534963,-0.009025829565500848,-0.18,0.18,1.0
19.400983095169067,1,,0.0,0.0,0.0,-0.014064990274832248,-0.002936399296300374,-0.014760767099064416,-0.18,0.18,1.0
19.400983095169067,1,,0.0,0.0,0.0,-0.00910793681416287,-0.010213936152416886,-0.011096579608647128,-0.18,0.18,1.0
19.400983095169067,1,,0.0,0.0,0.0,-0.009563498495540812,-0.017162553884062764,-0.007036213279530423,-0.18,0.18,1.0
19.400983095169067,1,,0.0,0.0,0.0,-0.012731078998045011,-0.022170133548583378,-0.004887435667225491,-0.18,0.18,1.0
19.400983095169067,1,,0.0,0.0,0.0,-0.015646660450513133,-0.006390442652503906,-0.004354044309711682,-0.18,0.18,1.0
19.400983095169067,1,,0.0,0.0,0.0,-0.013298637015548141,-0.000772280060008345,-0.009138697047302963,-0.18,0.18,1.0
19.400983095169067,1,,0.0,0.0,0.0,-0.0215133251346154,-0.012527775896680244,-0.002639697008647214,-0.18,0.18,1.0
19.441263914108276,1,,0.0,0.0,0.0,-0.017828371883493975,-0.0227556633773113,-0.009332794058961898,-0.18,0.18,1.0
19.441263914108276,1,,0.0,0.0,0.0,-0.007670584941385597,-0.01717047888541303,-0.007629573432062037,-0.18,0.18,1.0
19.441263914108276,1,,0.0,0.0,0.0,-0.005973718938251084,-0.019725917571425743,-0.003218113206598067,-0.18,0.18,1.0
19.441263914108276,1,,0.0,0.0,0.0,-0.005999828964135587,-0.02652756759701448,-0.0018601398455939428,-0.18,0.18,1.0
19.441263914108276,1,,0.0,0.0,0.0,-0.010242989009067272,-0.011953448283662403,0.004089066861096533,-0.18,0.18,1.0
19.441263914108276,1,,0.0,0.0,0.0,-0.0030600754993229994,0.001121160599217093,0.0013834250118356037,-0.18,0.18,1.0
19.441263914108276,1,,0.0,0.0,0.0,-0.00806490951075202,0.010742099252403917,0.0044820822467343865,-0.18,0.18,1.0
19.441263914108276,1,,0.0,0.0,0.0,-0.004132166725328963,-0.0005601922706952146,0.0033593676750681084,-0.18,0.18,1.0
19.441263914108276,1,,0.0,0.0,0.0,-0.0057256589471418535,-0.0112155088531093,0.008336605470123503,-0.18,0.18,1.0
19.441263914108276,1,,0.0,0.0,0.0,-0.012786459580434024,-0.01013053462848322,0.00861345512160201,-0.18,0.18,1.0
19.491631031036377,1,,0.0,0.0,0.0,-0.014806836592162677,-0.0032568026185896865,-0.001711342942826254,-0.18,0.18,1.0
19.491631031036377,1,,0.0,0.0,0.0,-0.004456399462088165,-0.0241091858423765,-0.004872352773028867,-0.18,0.18,1.0
19.491631031036377,1,,0.0,0.0,0.0,-0.00365663353661978,-0.002057754382378047,-0.010261063072365689,-0.18,0.18,1.0
19.491631031036377,1,,0.0,0.0,0.0,-0.0031466187118791653,-0.017008797106372302,-0.009343331005667628,-0.18,0.18,1.0
19.491631031036377,1,,0.0,0.0,0.0,-0.0014065426503317325,-0.022965208498309613,-0.0028416168842385716,-0.18,0.18,1.0
19.491631031036377,1,,0.0,0.0,0.0,-0.009707015652383966,-0.006598215353298878,0.00021670055304059662,-0.18,0.18,1.0
19.491631031036377,1,,0.0,0.0,0.0,-0.009425242130575311,-0.011172912909944153,-0.0009558123603382989,-0.18,0.18,1.0
19.491631031036377,1,,0.0,0.0,0.0,-0.016642558700046127,-0.00879967334714026,-0.0032186739365615076,-0.18,0.18,1.0
19.491631031036377,1,,0.0,0.0,0.0,-0.013192047903219414,-0.0255693919119784,0.003464516639353335,-0.18,0.18,1.0
19.491631031036377,1,,0.0,0.0,0.0,-0.010169015358572541,-0.008426452648152867,-0.0009031849436597476,-0.18,0.18,1.0
19.53193688392639,1,,0.0,0.0,0.0,-0.00806768018541452,-0.021337269705808917,-0.006240810330948288,-0.18,0.18,1.0
19.53193688392639,1,,0.0,0.0,0.0,-0.0015605951793126569,-0.0026014846163213996,-0.010955753988162314,-0.18,0.18,1.0
19.53193688392639,1,,0.0,0.0,0.0,-0.009121194164617367,0.0016953747203548731,-0.005333096437551447,-0.18,0.18,1.0
19.53193688392639,1,,0.0,0.0,0.0,-0.007766385918969774,-0.01766626277824239,-0.007085238761953306,-0.18,0.18,1.0
19.53193688392639,1,,0.0,0.0,0.0,-0.017919509019504083,0.000895896964624307,-0.0027167262127047627,-0.18,0.18,1.0
19.53193688392639,1,,0.0,0.0,0.0,-0.020998026239672115,-0.01033091153249092,-0.004771011316358815,-0.18,0.18,1.0
19.53193688392639,1,,0.0,0.0,0.0,-0.020574515364675434,-0.00542802026390156,-0.007298770763622952,-0.18,0.18,1.0
19.53193688392639,1,,0.0,0.0,0.0,-0.015512133445372783,0.0017728894428650113,-0.004045821340354417,-0.18,0.18,1.0
19.53193688392639,1,,0.0,0.0,0.0,-0.012915763416249077,-0.001330087823712421,-0.012285626594395183,-0.18,0.18,1.0
19.53193688392639,1,,0.0,0.0,0.0,-0.01270987806388346,-0.011749439555605853,-0.01265543361116319,-0.18,0.18,1.0
19.572246551513672,1,,0.0,0.0,0.0,-0.011456449548084734,-0.0018493778359676735,-0.013284005620202504,-0.18,0.18,1.0
19.572246551513672,1,,0.0,0.0,0.0,-0.0003110519353204882,-0.02034628719583463,-0.009822598122389066,-0.18,0.18,1.0
19.572246551513672,1,,0.0,0.0,0.0,-0.009116209374313664,-0.010033726817543227,-0.011174661255062734,-0.18,0.18,1.0
19.572246551513672,1,,0.0,0.0,0.0,-0.013538506797935546,-0.01867563968572747,-0.004752059487857225,-0.18,0.18,1.0
19.572246551513672,1,,0.0,0.0,0.0,-0.016292358265629903,-0.02285621463330337,-0.0026292809341737543,-0.18,0.18,1.0
19.572246551513672,1,,0.0,0.0,0.0,-0.01544266113859981,-0.02834421905105659,0.00406218959027061,-0.18,0.18,1.0
19.572246551513672,1,,0.0,0.0,0.0,-0.01638632692728808,-0.02639380313505419,0.0017484853136483403,-0.18,0.18,1.0
19.572246551513672,1,,0.0,0.0,0.0,-0.015466867766386703,-0.012569288302890037,-0.001978648889173064,-0.18,0.18,1.0
19.572246551513672,1,,0.0,0.0,0.0,-0.013198391030243652,-0.006006615600739325,-0.0015522298979528334,-0.18,0.18,1.0
19.572246551513672,1,,0.0,0.0,0.0,-0.009957604899744062,-0.009728129795185654,-0.0042841224804709005,-0.18,0.18,1.0
19.622624158859253,1,,0.0,0.0,0.0,-0.009754766501660761,-0.02589000609717527,-0.0021159848838303995,-0.18,0.18,1.0
19.622624158859253,1,,0.0,0.0,0.0,-0.009636455187264737,-0.03232171926397563,-0.002588631096997163,-0.18,0.18,1.0
19.622624158859253,1,,0.0,0.0,0.0,-0.01871793175341521,-0.02110961491921734,-0.007310757044263932,-0.18,0.18,1.0
19.622624158859253,1,,0.0,0.0,0.0,-0.011014593835635337,-0.002248264297166364,-0.00634808234074309,-0.18,0.18,1.0
19.622624158859253,1,,0.0,0.0,0.0,-0.0034857244090511445,-0.0032245323716619556,-0.009360862560679167,-0.18,0.18,1.0
19.622624158859253,1,,0.0,0.0,0.0,0.0012325152538884795,-0.01431153917914413,-0.012357498743591409,-0.18,0.18,1.0
19.622624158859253,1,,0.0,0.0,0.0,-0.006683891272419012,0.00022408332569116965,-0.012942977464659432,-0.18,0.18,1.0
19.622624158859253,1,,0.0,0.0,0.0,-0.0016364783153371707,-0.020830580632946835,-0.014988647211819419,-0.18,0.18,1.0
19.622624158859253,1,,0.0,0.0,0.0,-0.004754823065320948,-0.007947441862758507,-0.005860238605693327,-0.18,0.18,1.0
19.622624158859253,1,,0.0,0.0,0.0,-0.014205486302860417,-0.01559404365704881,-0.0019348413692598227,-0.18,0.18,1.0
19.66291332244873,1,,0.0,0.0,0.0,-0.01467564041355241,-0.00881391371519366,-0.008435792847158476,-0.18,0.18,1.0
19.66291332244873,1,,0.0,0.0,0.0,-0.008336948272884165,-0.019965128653036363,-0.006953111851942717,-0.18,0.18,1.0
19.66291332244873,1,,0.0,0.0,0.0,-0.011544247658320565,-0.003197171539464337,-0.007841549558766918,-0.18,0.18,1.0
19.66291332244873,1,,0.0,0.0,0.0,0.0006366548434762796,-0.0008408040528612526,-0.008788637072670713,-0.18,0.18,1.0
19.66291332244873,1,,0.0,0.0,0.0,-0.007886287918973828,0.005535056887078197,-0.0011706659894706953,-0.18,0.18,1.0
19.66291332244873,1,,0.0,0.0,0.0,-0.006304250420658898,-0.015767404680401192,-0.007528437278546997,-0.18,0.18,1.0
19.66291332244873,1,,0.0,0.0,0.0,-0.005812175456266365,-0.013647305224941326,-0.009528371442465464,-0.18,0.18,1.0
19.66291332244873,1,,0.0,0.0,0.0,-0.00122449307652315,-0.016807281512666368,-0.0035845161010455654,-0.18,0.18,1.0
19.66291332244873,1,,0.0,0.0,0.0,-0.0010586642689070379,-0.026881762695421856,-0.003601887228685216,-0.18,0.18,1.0
19.66291332244873,1,,0.0,0.0,0.0,-0.014265982339009895,-0.0019684357322259,-0.011212263581387615,-0.18,0.18,1.0
19.70320415496826,1,,0.0,0.0,0.0,-0.008206305386884303,-0.01058134033308608,-0.008288118704115546,-0.18,0.18,1.0
19.70320415496826,1,,0.0,0.0,0.0,-0.0070236593600377685,-0.020650937397420674,-0.009390617206871689,-0.18,0.18,1.0
19.70320415496826,1,,0.0,0.0,0.0,-0.009090348978083404,-0.0029980401082373414,-0.0037411905109080586,-0.18,0.18,1.0
19.70320415496826,1,,0.0,0.0,0.0,-0.012626317464627388,-0.0037269120306002634,-0.002492615816274712,-0.18,0.18,1.0
19.70320415496826,1,,0.0,0.0,0.0,-0.010821817062324015,-0.009795695968655347,-0.004968051959666938,-0.18,0.18,1.0
19.70320415496826,1,,0.0,0.0,0.0,-0.010263821452034557,0.009525234340982833,-0.011180238832752295,-0.18,0.18,1.0
19.70320415496826,1,,0.0,0.0,0.0,-0.005660805343061479,0.01086448244668148,-0.007446245991237986,-0.18,0.18,1.0
19.70320415496826,1,,0.0,0.0,0.0,-0.014480353573630384,0.0017048914645266925,-0.003241445575510742,-0.18,0.18,1.0
19.70320415496826,1,,0.0,0.0,0.0,-0.007493543011367638,0.00449219222362029,0.001272467372965242,-0.18,0.18,1.0
19.70320415496826,1,,0.0,0.0,0.0,-0.011235881454702668,0.01190760442834483,-0.0033500609856961915,-0.18,0.18,1.0
19.74349021911621,1,,0.0,0.0,0.0,-0.004644905585973028,0.0010038212161802024,-0.011786419942064901,-0.18,0.18,1.0
19.74349021911621,1,,0.0,0.0,0.0,-0.009460432647428019,0.01509543912605969,-0.007248324037987647,-0.18,0.18,1.0
19.74349021911621,1,,0.0,0.0,0.0,-0.011641934316290273,0.006151353396611951,-0.002615921583458118,-0.18,0.18,1.0
19.74349021911621,1,,0.0,0.0,0.0,-0.005502200989680141,-0.018951968217854432,-0.004354824324679247,-0.18,0.18,1.0
19.74349021911621,1,,0.0,0.0,0.0,-0.004951857373041905,-0.010395375716102464,-0.007177547494386532,-0.18,0.18,1.0
19.74349021911621,1,,0.0,0.0,0.0,-0.0022875828628471265,-0.004478532323445499,-0.01462848500164591,-0.18,0.18,1.0
19.74349021911621,1,,0.0,0.0,0.0,-0.019540033023232567,-0.014297692276871195,-0.010754303622452516,-0.18,0.18,1.0
19.74349021911621,1,,0.0,0.0,0.0,0.0009556083332129484,-0.021184316324010632,-0.003781203791785804,-0.18,0.18,1.0
19.74349021911621,1,,0.0,0.0,0.0,-0.0022323907401744464,-0.03577638596911498,-0.009530190896874192,-0.18,0.18,1.0
19.74349021911621,1,,0.0,0.0,0.0,0.00546932224011411,-0.01528569621572611,-0.016459561586164066,-0.18,0.18,1.0
19.793877840042114,1,,0.0,0.0,0.0,-0.0034877335949346547,-0.029558691601345322,-0.013438278071659494,-0.18,0.18,1.0
19.793877840042114,1,,0.0,0.0,0.0,-0.003403280901936903,-0.04362707370131934,-0.008760757596878286,-0.18,0.18,1.0
19.793877840042114,1,,0.0,0.0,0.0,-0.006584323154892504,-0.04358997950247075,-0.008988611943555108,-0.18,0.18,1.0
19.793877840042114,1,,0.0,0.0,0.0,0.006322567617321853,-0.020395859900763865,-0.0072929962456278145,-0.18,0.18,1.0
19.793877840042114,1,,0.0,0.0,0.0,0.0141890528312608,-0.023108310643383954,-0.011239426398388479,-0.18,0.18,1.0
19.793877840042114,1,,0.0,0.0,0.0,0.00493068755308861,-0.028281689638044928,-0.0175497932019772,-0.18,0.18,1.0
19.793877840042114,1,,0.0,0.0,0.0,0.003591172820278087,-0.008870585137456475,-0.016826313145922787,-0.18,0.18,1.0
19.793877840042114,1,,0.0,0.0,0.0,0.001841540202829894,-0.01465610880168727,-0.010532597383083351,-0.18,0.18,1.0
19.793877840042114,1,,0.0,0.0,0.0,0.0005613846417573784,-0.022772301078064473,-0.012960320636050859,-0.18,0.18,1.0
19.793877840042114,1,,0.0,0.0,0.0,0.0026188715077393714,-0.00631805676631066,-0.019495577993813178,-0.18,0.18,1.0
19.834179878234863,1,,0.0,0.0,0.0,0.005637334738718687,-0.010423501324902587,-0.013641281425375554,-0.18,0.18,1.0
19.834179878234863,1,,0.0,0.0,0.0,0.0001344878670118152,-0.0031985831793503888,-0.01043481829584853,-0.18,0.18,1.0
19.834179878234863,1,,0.0,0.0,0.0,0.005587350163883411,-0.01136784226271202,-0.009317744136806989,-0.18,0.18,1.0
19.834179878234863,1,,0.0,0.0,0.0,-0.010095502361516753,-0.007062725344333024,-0.009028952390209259,-0.18,0.18,1.0
19.834179878234863,1,,0.0,0.0,0.0,-0.01056838473799095,0.004569717330154575,-0.008768978368376935,-0.18,0.18,1.0
19.834179878234863,1,,0.0,0.0,0.0,-0.02294975516582939,-0.00314206692912988,-0.004982281893116822,-0.18,0.18,1.0
19.834179878234863,1,,0.0,0.0,0.0,-0.018353953676413452,-0.007154479410581529,-0.002419234505523004,-0.18,0.18,1.0
19.834179878234863,1,,0.0,0.0,0.0,-0.012364505126361166,-0.02050111821326345,-0.001032160879102967,-0.18,0.18,1.0
19.834179878234863,1,,0.0,0.0,0.0,-0.0038906600198327645,-0.020072097023777435,-0.007877961426628149,-0.18,0.18,1.0
19.834179878234863,1,,0.0,0.0,0.0,-0.0062870846288129705,-0.00906392473296802,-0.005795880521003297,-0.18,0.18,1.0
19.87455129623413,1,,0.0,0.0,0.0,-0.007985018129858176,-0.009161832580110819,-0.01664769765987295,-0.18,0.18,1.0
19.87455129623413,1,,0.0,0.0,0.0,-0.016063605698811736,-0.024768397457345825,-0.009986264112062005,-0.18,0.18,1.0
19.87455129623413,1,,0.0,0.0,0.0,-0.015282843137996662,-0.0141621252044743,-0.011796342533441506,-0.18,0.18,1.0
19.87455129623413,1,,0.0,0.0,0.0,-0.008284377225119944,-0.0007939623385987016,-0.004228000850733016,-0.18,0.18,1.0
19.87455129623413,1,,0.0,0.0,0.0,-0.007913889525990883,0.005880206679682315,-0.007155162200781962,-0.18,0.18,1.0
19.87455129623413,1,,0.0,0.0,0.0,-0.0013506512113642545,-0.006019146057314628,-0.002768076493710153,-0.18,0.18,1.0
19.87455129623413,1,,0.0,0.0,0.0,-0.008108705519763252,-0.009706358755701269,-0.0012934772831254822,-0.18,0.18,1.0
19.87455129623413,1,,0.0,0.0,0.0,-0.008023415401651897,0.005093347372476431,-0.008043116676727937,-0.18,0.18,1.0
19.87455129623413,1,,0.0,0.0,0.0,-0.006667932643906776,-0.018465395357172922,-0.011422618652925681,-0.18,0.18,1.0
19.87455129623413,1,,0.0,0.0,0.0,-0.015595179177598215,-0.013030067720811458,-0.006036028211876026,-0.18,0.18,1.0
19.91487193107605,1,,0.0,0.0,0.0,-0.010841072500177606,-0.012176413979065444,-0.01208840287924449,-0.18,0.18,1.0
19.91487193107605,1,,0.0,0.0,0.0,-0.009400474537693403,-0.025262210234401086,-0.008363292104749022,-0.18,0.18,1.0
19.91487193107605,1,,0.0,0.0,0.0,-0.004341929581431551,-0.008563048204861055,-0.0005743114722501091,-0.18,0.18,1.0
19.91487193107605,1,,0.0,0.0,0.0,-0.005493552614729069,-0.02024139854997005,-0.0020667399895554195,-0.18,0.18,1.0
19.91487193107605,1,,0.0,0.0,0.0,-0.00502522581247754,-0.016855146596112376,-0.006079591885338727,-0.18,0.18,1.0
19.91487193107605,1,,0.0,0.0,0.0,-0.007425769232699088,-0.006650961122230082,-0.0039798928160908265,-0.18,0.18,1.0
19.91487193107605,1,,0.0,0.0,0.0,-0.0013765076403897815,-0.021465827192769023,-0.0028844428921272576,-0.18,0.18,1.0
19.91487193107605,1,,0.0,0.0,0.0,-0.008479722780905339,-0.03667946044466284,-0.0019666299891848,-0.18,0.18,1.0
19.91487193107605,1,,0.0,0.0,0.0,-0.006205856215126798,-0.027409645073520755,0.005097444697354956,-0.18,0.18,1.0
19.96528911590576,1,,0.0,0.0,0.0,-0.008345316396476798,-0.01631911298884221,0.0027647244599224596,-0.18,0.18,1.0
19.96528911590576,1,,0.0,0.0,0.0,-0.003191614675610784,-0.030218660568074002,-0.0037969880975032883,-0.18,0.18,1.0
19.96528911590576,1,,0.0,0.0,0.0,-0.009027261438077732,-0.034974587073343305,0.004135582967957954,-0.18,0.18,1.0
19.96528911590576,1,,0.0,0.0,0.0,-0.005763024121304163,-0.01483521504892767,0.002734304653144321,-0.18,0.18,1.0
19.96528911590576,1,,0.0,0.0,0.0,-0.008508593534696926,-0.0014379283785725056,0.0005944139154250257,-0.18,0.18,1.0
19.96528911590576,1,,0.0,0.0,0.0,-0.0074001271536290126,-0.020019967519835438,-0.005830053401927127,-0.18,0.18,1.0
19.96528911590576,1,,0.0,0.0,0.0,-0.004023797963954739,-0.01498551217295899,-0.007552305097832261,-0.18,0.18,1.0
19.96528911590576,1,,0.0,0.0,0.0,-0.004577056447989987,0.003924000061545418,-0.008831217922495003,-0.18,0.18,1.0
19.96528911590576,1,,0.0,0.0,0.0,0.008845321613117225,-0.017122493345685316,-0.007879127898218307,-0.18,0.18,1.0
19.96528911590576,1,,0.0,0.0,0.0,-0.005145773460244441,-0.00012925435219698632,-0.00871660342228542,-0.18,0.18,1.0
20.005670309066772,1,,0.0,0.0,0.0,0.0012041575719040757,-0.009550289635147265,-0.006078832428363228,-0.18,0.18,1.0
20.005670309066772,1,,0.0,0.0,0.0,-0.012625204679416883,-0.0030800308110692115,-0.00606642630200316,-0.18,0.18,1.0
20.005670309066772,1,,0.0,0.0,0.0,-0.010068396179795257,-0.01231998345242388,-0.004951802371819816,-0.18,0.18,1.0
20.005670309066772,1,,0.0,0.0,0.0,-0.023654172563697645,-0.022423699479266174,-0.0020320687040943455,-0.18,0.18,1.0
20.005670309066772,1,,0.0,0.0,0.0,-0.019302678527730658,-0.02239099183462727,0.0004584380886723661,-0.18,0.18,1.0
20.005670309066772,1,,0.0,0.0,0.0,-0.014660407820289855,-0.009724775428907623,-0.013597350274279342,-0.18,0.18,1.0
20.005670309066772,1,,0.0,0.0,0.0,-0.018551936620301655,-0.005453000463328442,-0.010113856635655361,-0.18,0.18,1.0
20.005670309066772,1,,0.0,0.0,0.0,-0.009864108112144117,-0.02718085314480238,-0.015462429141736825,-0.18,0.18,1.0
20.005670309066772,1,,0.0,0.0,0.0,-0.00860644657564683,-0.01048863528870004,-0.007079999081062905,-0.18,0.18,1.0
20.005670309066772,1,,0.0,0.0,0.0,-0.01425648985463739,-0.0025545061468679573,-0.009479825142377867,-0.18,0.18,1.0
20.046035766601562,1,,0.0,0.0,0.0,-0.005820137810974317,-0.02188828526450858,-0.010713711048062902,-0.18,0.18,1.0
20.046035766601562,1,,0.0,0.0,0.0,-0.0024561167784071386,-0.004147718241275283,-0.008110454886662262,-0.18,0.18,1.0
20.046035766601562,1,,0.0,0.0,0.0,-0.0013333987377379913,-0.021085154267334413,-0.008253245982405337,-0.18,0.18,1.0
20.046035766601562,1,,0.0,0.0,0.0,-0.011752923755361513,-0.018454886338230225,-0.003894845280199655,-0.18,0.18,1.0
20.046035766601562,1,,0.0,0.0,0.0,-0.01635806507678996,-0.013447344374188907,-0.0009318026842219944,-0.18,0.18,1.0
20.046035766601562,1,,0.0,0.0,0.0,-0.008550086040403325,0.008776229731784872,-0.0002847291037038148,-0.18,0.18,1.0
20.046035766601562,1,,0.0,0.0,0.0,-0.007509620658542953,-0.013954837972850902,-0.0006006669312048923,-0.18,0.18,1.0
20.046035766601562,1,,0.0,0.0,0.0,-0.020235698089289017,-0.02820971294837451,0.0005507913390619555,-0.18,0.18,1.0
20.046035766601562,1,,0.0,0.0,0.0,-0.018849323635587806,-0.009767313988711076,-0.0041043329163059855,-0.18,0.18,1.0
20.046035766601562,1,,0.0,0.0,0.0,-0.01773484497277475,-0.025296402733750948,-0.005185599339648647,-0.18,0.18,1.0
20.096505403518677,1,,0.0,0.0,0.0,-0.019242809080866435,-0.015416081287210613,0.0017135666167118425,-0.18,0.18,1.0
20.096505403518677,1,,0.0,0.0,0.0,-0.020901615467168826,-0.031265643769234325,0.0011968951912619257,-0.18,0.18,1.0
20.096505403518677,1,,0.0,0.0,0.0,-0.01661077102014086,-0.019548792033122084,0.007218324477488963,-0.18,0.18,1.0
20.096505403518677,1,,0.0,0.0,0.0,-0.014215660616734061,-0.010561888079323794,0.001776560536904871,-0.18,0.18,1.0
20.096505403518677,1,,0.0,0.0,0.0,-0.011968518362750796,-0.022341901083734406,0.0011434426414955003,-0.18,0.18,1.0
20.096505403518677,1,,0.0,0.0,0.0,-0.014070136529625497,-0.01328265762721997,0.003131478167080606,-0.18,0.18,1.0
20.096505403518677,1,,0.0,0.0,0.0,-0.005410379405542746,-0.023258219945228458,-0.004010268407220982,-0.18,0.18,1.0
20.096505403518677,1,,0.0,0.0,0.0,-0.01131676481829305,-0.008897784580928105,-0.007034314706212055,-0.18,0.18,1.0
20.096505403518677,1,,0.0,0.0,0.0,-0.0069858161125748944,-0.009933521909269716,-0.014648221935632168,-0.18,0.18,1.0
20.096505403518677,1,,0.0,0.0,0.0,-0.010271579795121673,0.0026991533019290258,-0.008657758472807009,-0.18,0.18,1.0
20.136807441711426,1,,0.0,0.0,0.0,-0.017831633987297684,-0.013309725339155531,-0.013298807587800582,-0.18,0.18,1.0
20.136807441711426,1,,0.0,0.0,0.0,-0.01784916797022665,0.0032898112057734926,-0.011492333497767548,-0.18,0.18,1.0
20.136807441711426,1,,0.0,0.0,0.0,-0.012930659687063755,-0.01637805179053919,-0.011061596074359548,-0.18,0.18,1.0
20.136807441711426,1,,0.0,0.0,0.0,-0.009731992258256942,-0.007053009236848458,-0.013334490783801313,-0.18,0.18,1.0
20.136807441711426,1,,0.0,0.0,0.0,-0.008958025350904567,-0.008799071968713318,-0.009696514003917339,-0.18,0.18,1.0
20.136807441711426,1,,0.0,0.0,0.0,-0.01672928691363922,-0.012081806279047551,-0.009194063843249816,-0.18,0.18,1.0
20.136807441711426,1,,0.0,0.0,0.0,-0.011761378142671588,-0.01650034600190514,-0.004506471398292657,-0.18,0.18,1.0
20.136807441711426,1,,0.0,0.0,0.0,-0.009300286093141381,0.004918337441716154,-0.006008251565440373,-0.18,0.18,1.0
20.136807441711426,1,,0.0,0.0,0.0,-0.00535199629087203,-0.005056758268584998,-0.005648885857456754,-0.18,0.18,1.0
20.136807441711426,1,,0.0,0.0,0.0,-0.010585500218572875,-0.007288626730866722,0.0015676062855625986,-0.18,0.18,1.0
20.177068948745728,1,,0.0,0.0,0.0,0.004617680999089831,-0.0072427548171773645,0.00020480962431222773,-0.18,0.18,1.0
20.177068948745728,1,,0.0,0.0,0.0,0.002502328889378895,-0.017883905240903004,-0.0039573805931164985,-0.18,0.18,1.0
20.177068948745728,1,,0.0,0.0,0.0,0.0017088475536678664,-0.01897948753407999,-0.006201910781209462,-0.18,0.18,1.0
20.177068948745728,1,,0.0,0.0,0.0,-0.0029078488704328016,0.002759246007795595,-0.007218023333238735,-0.18,0.18,1.0
20.177068948745728,1,,0.0,0.0,0.0,-0.0014422744410954769,-0.015450243276334333,-0.008642498092122246,-0.18,0.18,1.0
20.177068948745728,1,,0.0,0.0,0.0,-0.009917041817612965,-0.024695105700061882,-0.0075737694638927915,-0.18,0.18,1.0
20.177068948745728,1,,0.0,0.0,0.0,-0.012400048568098131,-0.026152914338564464,-0.004640452827837085,-0.18,0.18,1.0
20.177068948745728,1,,0.0,0.0,0.0,-0.009144234947233954,0.0016266434130572866,-0.0032939906713910895,-0.18,0.18,1.0
20.177068948745728,1,,0.0,0.0,0.0,-0.011118366284040558,-0.01833968772130689,-0.011846078328420877,-0.18,0.18,1.0
20.177068948745728,1,,0.0,0.0,0.0,-0.010097086392343862,-0.019567775318362426,-0.0012199589623148744,-0.18,0.18,1.0
20.217432498931885,1,,0.0,0.0,0.0,-0.011978833435932212,-0.0184000434201938,-0.0073394443553399845,-0.18,0.18,1.0
20.217432498931885,1,,0.0,0.0,0.0,-0.018594521058734898,-0.0015654651492642098,-0.00808361602132919,-0.18,0.18,1.0
20.217432498931885,1,,0.0,0.0,0.0,-0.0014982384463843098,-0.0028734085910950705,-0.0029648657461913194,-0.18,0.18,1.0
20.217432498931885,1,,0.0,0.0,0.0,-0.003652992260969626,-0.01544114031561099,-0.0007749421628334764,-0.18,0.18,1.0
20.217432498931885,1,,0.0,0.0,0.0,-0.014211429751399515,-0.0006587139232110525,0.005335532278380692,-0.18,0.18,1.0
20.217432498931885,1,,0.0,0.0,0.0,-0.01661526792918243,-0.013545644682511371,0.002137203139235106,-0.18,0.18,1.0
20.217432498931885,1,,0.0,0.0,0.0,-0.009871371437938307,0.001405105703833004,-0.0021572944027142735,-0.18,0.18,1.0
20.217432498931885,1,,0.0,0.0,0.0,-0.009945844386855215,-0.014372348422811014,-0.005476887175217276,-0.18,0.18,1.0
20.217432498931885,1,,0.0,0.0,0.0,-0.006597639436387286,-0.029204519266925858,-0.0029633562252983853,-0.18,0.18,1.0
20.217432498931885,1,,0.0,0.0,0.0,-0.012020400281120634,-0.0194994384648513,-0.005684570681547849,-0.18,0.18,1.0
20.26786708831787,1,,0.0,0.0,0.0,-0.00838044506329938,-0.02242451590095661,-0.007666803872413286,-0.18,0.18,1.0
20.26786708831787,1,,0.0,0.0,0.0,-0.007895000325559554,-0.016119462606547213,-0.0036442399794903366,-0.18,0.18,1.0
20.26786708831787,1,,0.0,0.0,0.0,-0.006341349800926798,-0.012299887791871567,-0.0003875250260410271,-0.18,0.18,1.0
20.26786708831787,1,,0.0,0.0,0.0,-0.005844367246222839,-0.023269854906202925,0.0044131594548841805,-0.18,0.18,1.0
20.26786708831787,1,,0.0,0.0,0.0,-0.004813117886458441,-0.005981731693603741,-0.006510010010244929,-0.18,0.18,1.0
20.26786708831787,1,,0.0,0.0,0.0,0.006787185378376978,-0.0031635611230039244,-0.006219033205406,-0.18,0.18,1.0
20.26786708831787,1,,0.0,0.0,0.0,-0.0006977066582012197,-0.0228084557097382,-0.006447707051281833,-0.18,0.18,1.0
20.26786708831787,1,,0.0,0.0,0.0,-0.002413995930673182,-0.005758786445192514,-0.0038103261143352207,-0.18,0.18,1.0
20.26786708831787,1,,0.0,0.0,0.0,-0.0029614076478673207,-0.022228352757057326,-0.004310612790087109,-0.18,0.18,1.0
20.26786708831787,1,,0.0,0.0,0.0,-0.005447407030527988,-0.006456426644674367,-0.004780006614001718,-0.18,0.18,1.0
20.308212757110596,1,,0.0,0.0,0.0,-0.0018227718938470083,0.008613304456394789,-0.007302360801313635,-0.18,0.18,1.0
20.308212757110596,1,,0.0,0.0,0.0,-0.009876811375559237,-0.01945230571156872,-0.006891158559015508,-0.18,0.18,1.0
20.308212757110596,1,,0.0,0.0,0.0,-0.01343702505999356,-0.008326558195463756,-0.0016756998181520796,-0.18,0.18,1.0
20.308212757110596,1,,0.0,0.0,0.0,0.0018877452866486368,-0.022331476567326234,-0.011658436477649586,-0.18,0.18,1.0
20.308212757110596,1,,0.0,0.0,0.0,-0.003669645300186889,-0.019537628765171754,-0.0046431208340167954,-0.18,0.18,1.0
20.308212757110596,1,,0.0,0.0,0.0,-0.007616433693666134,0.0020361524101958415,-0.0014509072297004962,-0.18,0.18,1.0
20.308212757110596,1,,0.0,0.0,0.0,-0.0007866124976824002,-0.010188100759516287,-0.009895063650258867,-0.18,0.18,1.0
20.308212757110596,1,,0.0,0.0,0.0,-0.013823031028045121,-0.0035022883622814996,-0.003903192094700516,-0.18,0.18,1.0
20.308212757110596,1,,0.0,0.0,0.0,0.0003574655812495284,-0.017318193305188512,-0.011607304705336507,-0.18,0.18,1.0
20.308212757110596,1,,0.0,0.0,0.0,-0.0026430288610126977,-0.013673048157732242,-0.006341094320714423,-0.18,0.18,1.0
20.34855079650879,1,,0.0,0.0,0.0,-0.0023299216443532613,-0.013579329078971941,-0.010739360915978064,-0.18,0.18,1.0
20.34855079650879,1,,0.0,0.0,0.0,0.0033462865276737536,-0.006741052369704679,-0.0110981463037727,-0.18,0.18,1.0
20.34855079650879,1,,0.0,0.0,0.0,0.00481306885967479,-0.001229967916900008,-0.004731254982568607,-0.18,0.18,1.0
20.34855079650879,1,,0.0,0.0,0.0,0.007945346947755911,-0.009861926856541204,-0.0024594923433284405,-0.18,0.18,1.0
20.34855079650879,1,,0.0,0.0,0.0,0.0019393719245915744,-0.019637295338906974,0.00033828102111138907,-0.18,0.18,1.0
20.34855079650879,1,,0.0,0.0,0.0,0.0001637146104083921,-0.005497993769154918,-0.004934911896980642,-0.18,0.18,1.0
20.34855079650879,1,,0.0,0.0,0.0,-0.013030975314218173,-0.020394003175121935,-0.0028752838696865382,-0.18,0.18,1.0
20.34855079650879,1,,0.0,0.0,0.0,-0.01637270460572411,-0.012197352926759913,-0.0001825531552551153,-0.18,0.18,1.0
20.34855079650879,1,,0.0,0.0,0.0,-0.017885593664123112,-0.01302577279655395,-0.0006375524458208768,-0.18,0.18,1.0
20.34855079650879,1,,0.0,0.0,0.0,-0.014000091102185818,-0.018896907642723372,-0.010517127011901948,-0.18,0.18,1.0
20.388878107070923,1,,0.0,0.0,0.0,0.00012909984576415728,-0.013714397003313486,-0.014536394244032622,-0.18,0.18,1.0
20.388878107070923,1,,0.0,0.0,0.0,-0.0005631086511020069,-0.01704642814841846,-0.014816529136339162,-0.18,0.18,1.0
20.388878107070923,1,,0.0,0.0,0.0,-0.013625041999899787,-0.022028104680383995,-0.01540527895069541,-0.18,0.18,1.0
20.388878107070923,1,,0.0,0.0,0.0,-0.020504976621886353,-0.018989332647705692,-0.015702501483966638,-0.18,0.18,1.0
20.388878107070923,1,,0.0,0.0,0.0,-0.01568919501024782,-0.016789060304186577,-0.010195171470220055,-0.18,0.18,1.0
20.388878107070923,1,,0.0,0.0,0.0,-0.01691397946983884,-0.019372813833721598,-0.006304269293398855,-0.18,0.18,1.0
20.388878107070923,1,,0.0,0.0,0.0,-0.015083820815625282,-0.00048459980842430005,-0.0060131674828251954,-0.18,0.18,1.0
20.388878107070923,1,,0.0,0.0,0.0,-0.01788825712846137,-0.015043304526793526,-0.007829332175379953,-0.18,0.18,1.0
20.388878107070923,1,,0.0,0.0,0.0,-0.009473805838164727,-0.03320388382529657,-0.003005334577072031,-0.18,0.18,1.0
20.388878107070923,1,,0.0,0.0,0.0,-0.013860578108965892,-0.008453692391219814,0.00266392585490449,-0.18,0.18,1.0
20.43929100036621,1,,0.0,0.0,0.0,-0.018767684719882327,-0.01871033137377154,0.004877762537118182,-0.18,0.18,1.0
20.43929100036621,1,,0.0,0.0,0.0,-0.018569461861460253,-0.02615960570062563,0.00010842173893756997,-0.18,0.18,1.0
20.43929100036621,1,,0.0,0.0,0.0,-0.01329492559056286,-0.015408497664571417,-0.00020276277889097127,-0.18,0.18,1.0
20.43929100036621,1,,0.0,0.0,0.0,-0.01464701762115759,-0.00793373690219775,0.005115289299279776,-0.18,0.18,1.0
20.43929100036621,1,,0.0,0.0,0.0,-0.008529105166664648,-0.024329499255850616,-0.0009226551933213404,-0.18,0.18,1.0
20.43929100036621,1,,0.0,0.0,0.0,-0.008018797396781558,-0.009516779993853773,-0.0008371596999512892,-0.18,0.18,1.0
20.43929100036621,1,,0.0,0.0,0.0,-0.015384617190054278,-0.010448133467594763,0.0006041639018790022,-0.18,0.18,1.0
20.43929100036621,1,,0.0,0.0,0.0,-0.00760965058556401,-0.020496147874421562,-8.64513209124803e-05,-0.18,0.18,1.0
20.43929100036621,1,,0.0,0.0,0.0,-0.015406059619301768,-0.011937346986385962,0.0027765162340569072,-0.18,0.18,1.0
20.43929100036621,1,,0.0,0.0,0.0,-0.014926577021805734,-0.018851627492720683,0.007922320056528395,-0.18,0.18,1.0
20.47966194152832,1,,0.0,0.0,0.0,-0.009018784961648907,-0.008928165365496243,0.0016496736922469938,-0.18,0.18,1.0
20.47966194152832,1,,0.0,0.0,0.0,0.0016874666445313572,-0.028175179342995398,0.0025536078142960783,-0.18,0.18,1.0
20.47966194152832,1,,0.0,0.0,0.0,-0.001105630471477843,-0.009709613611715991,-0.0005776854602677258,-0.18,0.18,1.0
20.47966194152832,1,,0.0,0.0,0.0,-0.004140840120129613,-0.019773137191631252,-0.0022240239506106725,-0.18,0.18,1.0
20.47966194152832,1,,0.0,0.0,0.0,-0.015710230752913206,-0.011178905761577313,-0.008427063671660358,-0.18,0.18,1.0
20.47966194152832,1,,0.0,0.0,0.0,-0.011329076531328834,-0.00029079511274418654,-0.0061984451581026355,-0.18,0.18,1.0
20.47966194152832,1,,0.0,0.0,0.0,-0.011005139898239555,-0.016503745017781353,-0.006905702575222872,-0.18,0.18,1.0
20.47966194152832,1,,0.0,0.0,0.0,-0.01857648824841544,-0.009960910689039348,-0.004571850625227667,-0.18,0.18,1.0
20.47966194152832,1,,0.0,0.0,0.0,-0.012957655409236471,-0.007597336585950587,-0.01276367951671369,-0.18,0.18,1.0
20.520001649856567,1,,0.0,0.0,0.0,-0.015789668139733273,-0.016672181582169817,-0.010805082218076684,-0.18,0.18,1.0
20.520001649856567,1,,0.0,0.0,0.0,-0.014637259795795913,-0.02452436380553481,-0.004822563194575706,-0.18,0.18,1.0
20.520001649856567,1,,0.0,0.0,0.0,-0.012008504320911143,-0.02234481678780943,-0.0035442016660002314,-0.18,0.18,1.0
20.520001649856567,1,,0.0,0.0,0.0,-0.013189406992912057,-0.004271783365193199,-0.002616163878747734,-0.18,0.18,1.0
20.520001649856567,1,,0.0,0.0,0.0,-0.011012378025121682,0.01588101795743864,-0.006556174317248902,-0.18,0.18,1.0
20.520001649856567,1,,0.0,0.0,0.0,-0.01233196199806282,0.023704225508634113,-0.00782294751134204,-0.18,0.18,1.0
20.520001649856567,1,,0.0,0.0,0.0,-0.008933977194935877,0.021329501540760264,-0.004434573024580481,-0.18,0.18,1.0
20.520001649856567,1,,0.0,0.0,0.0,-0.00868407381611851,0.02094067028048261,-0.0010378102048978135,-0.18,0.18,1.0
20.520001649856567,1,,0.0,0.0,0.0,-0.0008482889363292991,-0.005009715189560128,0.0017060153632543966,-0.18,0.18,1.0
20.520001649856567,1,,0.0,0.0,0.0,-0.004804870882738008,-0.022973497110204338,-0.0026064996902972304,-0.18,0.18,1.0
20.570371627807617,1,,0.0,0.0,0.0,-0.00946495709357736,-0.01765347497828248,-0.007856249359063296,-0.18,0.18,1.0
20.570371627807617,1,,0.0,0.0,0.0,-0.01282412275230667,-0.014017885315342838,-0.008914604379260888,-0.18,0.18,1.0
20.570371627807617,1,,0.0,0.0,0.0,-0.010205238918134444,-0.019286228003072448,-0.016245752178601813,-0.18,0.18,1.0
20.570371627807617,1,,0.0,0.0,0.0,-0.003160868442273626,-0.01650576563664656,-0.018545029141805454,-0.18,0.18,1.0
20.570371627807617,1,,0.0,0.0,0.0,-0.006894155090069283,-0.003180588722750215,-0.012426154721046365,-0.18,0.18,1.0
20.570371627807617,1,,0.0,0.0,0.0,-0.006402367002990324,0.009557668835936855,-0.010204226502008786,-0.18,0.18,1.0
20.570371627807617,1,,0.0,0.0,0.0,0.0016514586161375004,-0.0016334334236395565,-0.006202815664909413,-0.18,0.18,1.0
20.570371627807617,1,,0.0,0.0,0.0,0.005075729859615872,-0.011117315500177404,-0.004633621183242215,-0.18,0.18,1.0
20.570371627807617,1,,0.0,0.0,0.0,-0.004932351405761471,-2.4136772239407197e-05,-0.0009614978371759008,-0.18,0.18,1.0
20.570371627807617,1,,0.0,0.0,0.0,-0.004836571612234784,-0.00206633670794799,-0.0026337371723977377,-0.18,0.18,1.0
20.610754251480103,1,,0.0,0.0,0.0,0.0022100202960883453,-0.007731538358287641,-0.004813868703736417,-0.18,0.18,1.0
20.610754251480103,1,,0.0,0.0,0.0,-0.00528858642045327,-0.020752166848871163,-0.0032947687642579156,-0.18,0.18,1.0
20.610754251480103,1,,0.0,0.0,0.0,-0.004627541757729182,-0.03145246357414059,-0.0029634696104387168,-0.18,0.18,1.0
20.610754251480103,1,,0.0,0.0,0.0,-0.0048919401084876225,-0.0172615167878661,-0.003451781216609156,-0.18,0.18,1.0
20.610754251480103,1,,0.0,0.0,0.0,0.0027198617339307092,-0.011942623115512934,0.0034156147149283275,-0.18,0.18,1.0
20.610754251480103,1,,0.0,0.0,0.0,-0.00490525746755066,-0.03038264737509775,-0.00462165366327224,-0.18,0.18,1.0
20.610754251480103,1,,0.0,0.0,0.0,-0.0038436278243745565,-0.03823872351178877,-0.007326673688648748,-0.18,0.18,1.0
20.610754251480103,1,,0.0,0.0,0.0,0.002535736145156655,-0.018967720450367844,-0.008962784109121416,-0.18,0.18,1.0
20.610754251480103,1,,0.0,0.0,0.0,0.007246200986317469,-0.0020587942351684776,-0.007194764553466586,-0.18,0.18,1.0
20.610754251480103,1,,0.0,0.0,0.0,0.0007919421003654726,0.013534831705102123,-0.013379761521971806,-0.18,0.18,1.0
20.651073932647705,1,,0.0,0.0,0.0,-0.0027699534354919415,0.009200896920030392,-0.008782477007450018,-0.18,0.18,1.0
20.651073932647705,1,,0.0,0.0,0.0,-0.0004941319447994508,-0.008548661720288049,-0.003670431554736593,-0.18,0.18,1.0
20.651073932647705,1,,0.0,0.0,0.0,0.0011275098305104487,-0.0016849915913581463,-0.0044946237396689785,-0.18,0.18,1.0
20.651073932647705,1,,0.0,0.0,0.0,-0.0027887015991766885,0.0009887845519298982,-0.0019888889126438393,-0.18,0.18,1.0
20.651073932647705,1,,0.0,0.0,0.0,0.003568223288812662,-0.0003906906586100058,-0.00580066260202928,-0.18,0.18,1.0
20.651073932647705,1,,0.0,0.0,0.0,0.01024244612153071,-0.00929563979739055,-0.00879703698007857,-0.18,0.18,1.0
20.651073932647705,1,,0.0,0.0,0.0,0.005506631836652361,0.00690251695411315,-0.00216362399849642,-0.18,0.18,1.0
20.651073932647705,1,,0.0,0.0,0.0,0.008262233555632867,-0.009320774145068418,-0.004341832980293646,-0.18,0.18,1.0
20.651073932647705,1,,0.0,0.0,0.0,0.0006608085573449192,-0.009727586394438215,-0.006473972647912602,-0.18,0.18,1.0
20.651073932647705,1,,0.0,0.0,0.0,0.007027306240699057,-0.005053866932326063,-0.007250586197674734,-0.18,0.18,1.0
20.6913583278656,1,,0.0,0.0,0.0,-0.0018116636503575287,-0.01870345234241459,-0.01146637731265944,-0.18,0.18,1.0
20.6913583278656,1,,0.0,0.0,0.0,-0.006037423225061589,-0.0006094977149952107,-0.0080648036165504,-0.18,0.18,1.0
20.6913583278656,1,,0.0,0.0,0.0,-0.0045408547543477375,0.014426562756168222,-0.009852204368111538,-0.18,0.18,1.0
20.6913583278656,1,,0.0,0.0,0.0,-0.004801559096360824,0.01876476312136121,-0.007952206652973913,-0.18,0.18,1.0
20.6913583278656,1,,0.0,0.0,0.0,-0.00559967500478985,-0.002645715291696705,-0.010925093012379063,-0.18,0.18,1.0
20.6913583278656,1,,0.0,0.0,0.0,0.0035687875352138783,-0.017359463684775592,-0.0016238184199804371,-0.18,0.18,1.0
20.6913583278656,1,,0.0,0.0,0.0,0.0023473006186481562,-0.029757584377495302,-0.00972929683900559,-0.18,0.18,1.0
20.6913583278656,1,,0.0,0.0,0.0,0.0028546617019401376,-0.03263479662537974,-0.010358513730109457,-0.18,0.18,1.0
20.6913583278656,1,,0.0,0.0,0.0,-0.007179283545586059,-0.04046409263557013,-0.007309651291382426,-0.18,0.18,1.0
20.6913583278656,1,,0.0,0.0,0.0,-0.00042592060371300037,-0.0487560117018952,-0.006292209909654414,-0.18,0.18,1.0
20.741803884506226,1,,0.0,0.0,0.0,-0.002805541351723849,-0.009664033484247596,-0.00973006112544913,-0.18,0.18,1.0
20.741803884506226,1,,0.0,0.0,0.0,-0.008501306366616944,-0.014957628400998221,-0.009850805699396064,-0.18,0.18,1.0
20.741803884506226,1,,0.0,0.0,0.0,-0.016772303042071873,-0.03162352619098343,-0.008014799004059622,-0.18,0.18,1.0
20.741803884506226,1,,0.0,0.0,0.0,-0.019652180122830095,-0.018122675193317624,-0.010917192905472198,-0.18,0.18,1.0
20.741803884506226,1,,0.0,0.0,0.0,-0.008737252973119934,-0.020402252738938528,-0.013766573634523709,-0.18,0.18,1.0
20.741803884506226,1,,0.0,0.0,0.0,-0.004872471741960915,-0.032830341677440866,-0.016258128576085547,-0.18,0.18,1.0
20.741803884506226,1,,0.0,0.0,0.0,-0.004849438805423496,-0.016065663159553836,-0.01251247575269046,-0.18,0.18,1.0
20.741803884506226,1,,0.0,0.0,0.0,0.004522373868402072,-0.021399479813791193,-0.006953151907306856,-0.18,0.18,1.0
20.741803884506226,1,,0.0,0.0,0.0,0.005959497578801418,-0.02218195184160519,-0.008238812388058266,-0.18,0.18,1.0
20.741803884506226,1,,0.0,0.0,0.0,-0.005261795135786487,-0.0016419319770984288,-0.004886458806034971,-0.18,0.18,1.0
20.78217053413391,1,,0.0,0.0,0.0,0.005847655802952893,0.0068206341964199176,0.002864922479527421,-0.18,0.18,1.0
20.78217053413391,1,,0.0,0.0,0.0,-0.00629939920218749,0.008094594957137288,-0.004840021770160618,-0.18,0.18,1.0
20.78217053413391,1,,0.0,0.0,0.0,-0.011950514529894853,-0.010299035690133476,-0.007743985959417857,-0.18,0.18,1.0
20.78217053413391,1,,0.0,0.0,0.0,-0.01216603929408429,-0.003965869913726913,-0.008397369457147348,-0.18,0.18,1.0
20.78217053413391,1,,0.0,0.0,0.0,-0.012673499731237752,-0.0018414147686612238,-0.01054413341377156,-0.18,0.18,1.0
20.78217053413391,1,,0.0,0.0,0.0,-0.020814505610873234,-0.020823407669642965,-0.010157082595271354,-0.18,0.18,1.0
20.78217053413391,1,,0.0,0.0,0.0,-0.019930554820432347,-0.008357436447549377,-0.0010795965750435392,-0.18,0.18,1.0
20.78217053413391,1,,0.0,0.0,0.0,-0.015620553812021402,-0.01306941668698454,-0.0011064777060254903,-0.18,0.18,1.0
20.78217053413391,1,,0.0,0.0,0.0,-0.009970891060587047,-0.0027317880121990722,-0.0006636511450888804,-0.18,0.18,1.0
20.78217053413391,1,,0.0,0.0,0.0,-0.013629186850840715,0.014358806884860492,0.0016431842456017143,-0.18,0.18,1.0
20.822500705718994,1,,0.0,0.0,0.0,-0.013411480577306373,-0.0069885650218781525,-0.0032487754780562515,-0.18,0.18,1.0
20.822500705718994,1,,0.0,0.0,0.0,-0.015598603795202195,-0.016026527990183517,-0.0005423758256651557,-0.18,0.18,1.0
20.822500705718994,1,,0.0,0.0,0.0,-0.020966606540443244,-0.008731345387295664,0.00021474187393825757,-0.18,0.18,1.0
20.822500705718994,1,,0.0,0.0,0.0,-0.011536696090294254,-0.017269960059323373,-0.004113413255233374,-0.18,0.18,1.0
20.822500705718994,1,,0.0,0.0,0.0,-0.005932253893574633,-0.0237560756244762,-0.007245437378498737,-0.18,0.18,1.0
20.822500705718994,1,,0.0,0.0,0.0,-0.006135693414874121,-0.03328983003339181,-0.00423529113113108,-0.18,0.18,1.0
20.822500705718994,1,,0.0,0.0,0.0,-0.018040226215544016,-0.00974416676558708,-0.010162836982523947,-0.18,0.18,1.0
20.822500705718994,1,,0.0,0.0,0.0,-0.013795673757949886,-0.0011161107043942131,-0.01092664422310594,-0.18,0.18,1.0
20.822500705718994,1,,0.0,0.0,0.0,-0.011671629849799275,-0.02166878738547177,-0.010918659965350446,-0.18,0.18,1.0
20.822500705718994,1,,0.0,0.0,0.0,-0.008229118538123784,-0.01684565891360286,-0.004902778947252758,-0.18,0.18,1.0
20.862805604934692,1,,0.0,0.0,0.0,-0.008666667648552942,-0.010782431099971006,-0.006572841784918852,-0.18,0.18,1.0
20.862805604934692,1,,0.0,0.0,0.0,-0.003524889721641054,-0.01837924287287176,-0.00667961197147918,-0.18,0.18,1.0
20.862805604934692,1,,0.0,0.0,0.0,-0.004917193070957503,0.0005580334646925621,-0.009550645060961083,-0.18,0.18,1.0
20.862805604934692,1,,0.0,0.0,0.0,-0.003394695872069886,-0.008034683747279066,-0.006561241092626046,-0.18,0.18,1.0
20.862805604934692,1,,0.0,0.0,0.0,-0.0003929853866352838,-0.019770741925349528,-0.0025176381363362955,-0.18,0.18,1.0
20.862805604934692,1,,0.0,0.0,0.0,-0.0054608791187757055,-0.010163390548688124,-0.003806608006921786,-0.18,0.18,1.0
20.862805604934692,1,,0.0,0.0,0.0,-0.017254589842656237,0.007857432720077362,-0.001889879019307685,-0.18,0.18,1.0
20.862805604934692,1,,0.0,0.0,0.0,-0.00683043594104096,0.0005273791344227925,-0.0026422163868591187,-0.18,0.18,1.0
20.862805604934692,1,,0.0,0.0,0.0,-0.007922085179247028,-0.00971678067204029,-0.005756205194337631,-0.18,0.18,1.0
20.862805604934692,1,,0.0,0.0,0.0,-0.00973518199351078,-0.019929787330893834,-0.009529357034609083,-0.18,0.18,1.0
20.91319966316223,1,,0.0,0.0,0.0,-0.004095948392254881,0.003968651785656757,-0.006371792589049559,-0.18,0.18,1.0
20.91319966316223,1,,0.0,0.0,0.0,0.0021926556742211684,-0.012120768388800818,-0.002901805728329795,-0.18,0.18,1.0
20.91319966316223,1,,0.0,0.0,0.0,-0.004484888942890541,-0.008910705740417607,-0.010664414035357941,-0.18,0.18,1.0
20.91319966316223,1,,0.0,0.0,0.0,-0.0015214053824320454,-0.011833811365918418,-0.01123258063803279,-0.18,0.18,1.0
20.91319966316223,1,,0.0,0.0,0.0,0.000976068906582479,-0.015333954127611567,-0.005334220678235626,-0.18,0.18,1.0
20.91319966316223,1,,0.0,0.0,0.0,-0.0052676332738729546,-0.0011144396817339744,-0.004049159798852642,-0.18,0.18,1.0
20.91319966316223,1,,0.0,0.0,0.0,-0.009380044354262075,-0.01342407077358959,-0.009635514335475947,-0.18,0.18,1.0
20.91319966316223,1,,0.0,0.0,0.0,-0.01636609362324721,-0.01042757205083681,-0.011492362527208987,-0.18,0.18,1.0
20.91319966316223,1,,0.0,0.0,0.0,-0.008715533062437981,0.001599978965147025,-0.013304012005546852,-0.18,0.18,1.0
20.91319966316223,1,,0.0,0.0,0.0,-0.018911662688421458,-0.010587081696523639,-0.011858065114456806,-0.18,0.18,1.0
20.953495502471924,1,,0.0,0.0,0.0,-0.006380866631228963,-0.011856492690627428,-0.008047581175667787,-0.18,0.18,1.0
20.953495502471924,1,,0.0,0.0,0.0,-0.0080757524740039,-0.014565791428617959,-0.011185473955887235,-0.18,0.18,1.0
20.953495502471924,1,,0.0,0.0,0.0,-0.018153838122538582,-0.021628969801544693,-0.007950924384788014,-0.18,0.18,1.0
20.953495502471924,1,,0.0,0.0,0.0,-0.013221116352084056,-0.012874788358194583,-0.008381380840035892,-0.18,0.18,1.0
20.953495502471924,1,,0.0,0.0,0.0,-0.012323314683360828,-0.01361752813947675,-0.01617901679729782,-0.18,0.18,1.0
20.953495502471924,1,,0.0,0.0,0.0,-0.011592966309637645,-0.02319647153467766,-0.01924614746704946,-0.18,0.18,1.0
20.953495502471924,1,,0.0,0.0,0.0,-0.005201982911151163,-0.025985646432315393,-0.010849833011772224,-0.18,0.18,1.0
20.953495502471924,1,,0.0,0.0,0.0,-0.005865483068758229,-0.034108589191825356,-0.004984448878764923,-0.18,0.18,1.0
20.953495502471924,1,,0.0,0.0,0.0,-0.0030037764990617608,-0.005465755113316655,-0.004802915855248352,-0.18,0.18,1.0
20.953495502471924,1,,0.0,0.0,0.0,-0.004841648606702336,-0.01656825377957392,-0.011759352979099599,-0.18,0.18,1.0
20.993789196014404,1,,0.0,0.0,0.0,-0.004063475825118091,-0.004158230767652669,-0.011845879591641066,-0.18,0.18,1.0
20.993789196014404,1,,0.0,0.0,0.0,-0.006770020242024816,-0.014354171190797906,-0.012147367336366193,-0.18,0.18,1.0
20.993789196014404,1,,0.0,0.0,0.0,-0.008438333459600404,-0.01125847501733335,-0.012850440552188976,-0.18,0.18,1.0
20.993789196014404,1,,0.0,0.0,0.0,-0.007007626169781753,-0.007730072563487246,-0.008084465147170684,-0.18,0.18,1.0
20.993789196014404,1,,0.0,0.0,0.0,-0.005515336361806254,-0.006486090849084627,-0.001864661779964094,-0.18,0.18,1.0
20.993789196014404,1,,0.0,0.0,0.0,0.0051149257949238665,-0.0038672483899866348,-0.006267949033892508,-0.18,0.18,1.0
20.993789196014404,1,,0.0,0.0,0.0,0.005465286492750723,-0.009236513528163022,-0.0070466591509863565,-0.18,0.18,1.0
20.993789196014404,1,,0.0,0.0,0.0,0.001911580156543931,-0.006613959243195833,-0.0024211073436897295,-0.18,0.18,1.0
20.993789196014404,1,,0.0,0.0,0.0,-0.0035986771843685866,-0.025902411151907376,-0.00817867301258459,-0.18,0.18,1.0
21.03409695625305,1,,0.0,0.2,0.0,0.0014500799626921915,-0.018259856389274753,-0.013435917039144948,-0.18,0.18,1.0
21.03409695625305,1,,0.0,0.2,0.0,0.002577285110222543,0.006386751625653251,-0.01093175093487316,-0.18,0.18,1.0
21.03409695625305,1,,0.0,0.2,0.0,-0.002182935417289002,0.008340664371126892,-0.00840022104677048,-0.18,0.18,1.0
21.03409695625305,1,,0.0,0.2,0.0,0.002428456788070521,-0.010834128748640391,-0.008571386707304096,-0.18,0.18,1.0
21.03409695625305,1,,0.0,0.2,0.0,0.006711216471125376,0.004927760569192612,-0.004204700490954502,-0.18,0.18,1.0
21.03409695625305,1,,0.0,0.2,0.0,-0.0006811492112566254,0.0028337285759288088,-0.007110622843398567,-0.18,0.18,1.0
21.03409695625305,1,,0.0,0.2,0.0,-0.0011375763039723852,-0.01293479303125834,-0.00894447289075575,-0.18,0.18,1.0
21.03409695625305,1,,0.0,0.2,0.0,0.0012727710728603497,0.0007394605652458914,-0.004763218907159432,-0.18,0.18,1.0
21.03409695625305,1,,0.0,0.2,0.0,0.0068730179096401405,-0.0060540300084060234,-0.004518855627681871,-0.18,0.18,1.0
21.03409695625305,1,,0.0,0.2,0.0,-0.0007212665033655446,-0.0013198784595286903,-0.009193498657713964,-0.18,0.18,1.0
21.0844829082489,1,,0.0,0.2,0.0,-0.0067068978391766915,0.007456911284071052,-0.0013742439160255439,-0.18,0.18,1.0
21.0844829082489,1,,0.0,0.2,0.0,-0.001001162449834428,0.017413618902030293,-0.0015292187214295317,-0.18,0.18,1.0
21.0844829082489,1,,0.0,0.2,0.0,-0.008597461473140498,0.02761888965840152,-0.007429709377862497,-0.18,0.18,1.0
21.0844829082489,1,,0.0,0.2,0.0,-0.01632091700434302,0.02336561647676966,-0.00934823610100702,-0.18,0.18,1.0
21.0844829082489,1,,0.0,0.2,0.0,-0.015425714759864683,0.022553452096846734,-0.008248045664487618,-0.18,0.18,1.0
21.0844829082489,1,,0.0,0.2,0.0,-0.013295058550381243,-0.004740991358420648,-0.012565319894073241,-0.18,0.18,1.0
21.0844829082489,1,,0.0,0.2,0.0,-0.01727815922445441,-0.004676509588498265,-0.01146647416105919,-0.18,0.18,1.0
21.0844829082489,1,,0.0,0.2,0.0,-0.02911315314916723,0.0054142021040108025,-0.009836961789993904,-0.18,0.18,1.0
21.0844829082489,1,,0.0,0.2,0.0,-0.015722193737893398,-0.010247565755166312,0.002324593442585315,-0.18,0.18,1.0
21.0844829082489,1,,0.0,0.2,0.0,-0.005970512591378161,-0.009396302277779614,-0.0060180583702533555,-0.18,0.18,1.0
21.124810934066772,1,,0.0,0.2,0.0,-0.005345765991643929,0.0020774617889189276,-0.008376266481073346,-0.18,0.18,1.0
21.124810934066772,1,,0.0,0.2,0.0,-0.007257481430043687,-0.016986988764731367,-0.011632256316280237,-0.18,0.18,1.0
21.124810934066772,1,,0.0,0.2,0.0,0.0005830630551180218,-0.005657932824087869,-0.00977545165895248,-0.18,0.18,1.0
21.124810934066772,1,,0.0,0.2,0.0,-0.0028637847676607877,-0.01913280863087995,-0.01580979874569795,-0.18,0.18,1.0
21.124810934066772,1,,0.0,0.2,0.0,-0.007193829085351158,-0.0212038299869294,-0.006668245676923014,-0.18,0.18,1.0
21.124810934066772,1,,0.0,0.2,0.0,-0.012440385042005942,0.0021361552128384806,-0.008055799409143692,-0.18,0.18,1.0
21.124810934066772,1,,0.0,0.2,0.0,-0.009890508921357179,-0.012197762824325067,-0.008249499625201455,-0.18,0.18,1.0
21.124810934066772,1,,0.0,0.2,0.0,-0.014384744659787571,-0.0071050875405266525,-0.010493241494575764,-0.18,0.18,1.0
21.124810934066772,1,,0.0,0.2,0.0,-0.005940740148202485,-0.020798876702086633,-0.007430441575457591,-0.18,0.18,1.0
21.124810934066772,1,,0.0,0.2,0.0,-0.0046264874157299,-0.009282034319220905,-0.0077830585368676075,-0.18,0.18,1.0
21.165108680725098,1,,0.0,0.2,0.0,-0.016036417274651864,-0.01709125730163649,-0.016467012665876454,-0.18,0.18,1.0
21.165108680725098,1,,0.0,0.2,0.0,-0.015624648224816151,-0.014184377620550762,-0.008572633219377464,-0.18,0.18,1.0
21.165108680725098,1,,0.0,0.2,0.0,-0.017535012046919568,-0.0089372521236719,-0.012274176675747936,-0.18,0.18,1.0
21.165108680725098,1,,0.0,0.2,0.0,-0.019742562066845968,-0.010018340176234737,-0.009018046727340592,-0.18,0.18,1.0
21.165108680725098,1,,0.0,0.2,0.0,-0.011342536330741653,-0.016454989683862668,0.0005133011999572735,-0.18,0.18,1.0
21.165108680725098,1,,0.0,0.2,0.0,-0.014523225610632948,-0.010077303307527642,-0.00443043018131326,-0.18,0.18,1.0
21.165108680725098,1,,0.0,0.2,0.0,-0.016516022683804036,-0.016024007749643725,0.001919906124629524,-0.18,0.18,1.0
21.165108680725098,1,,0.0,0.2,0.0,-0.009779087529384547,-0.002944557423443234,-0.004467020480024372,-0.18,0.18,1.0
21.165108680725098,1,,0.0,0.2,0.0,-0.0033805075533779325,-0.02057109081761988,-0.0017115999722660796,-0.18,0.18,1.0
21.165108680725098,1,,0.0,0.2,0.0,0.0007549004911616183,-0.017250380084347865,0.0002118355367692309,-0.18,0.18,1.0
21.215493202209473,1,,0.0,0.2,0.0,-0.001096244716182955,-0.021797414816469365,-0.004319778857284465,-0.18,0.18,1.0
21.215493202209473,1,,0.0,0.2,0.0,-0.005830045895828459,-0.004086741028357491,-0.006739662854795909,-0.18,0.18,1.0
21.215493202209473,1,,0.0,0.2,0.0,-0.004589385693203418,-0.009893058125965384,-0.014971068036313004,-0.18,0.18,1.0
21.215493202209473,1,,0.0,0.2,0.0,-0.009749383722731084,-0.017617379271653726,-0.01824362174232105,-0.18,0.18,1.0
21.215493202209473,1,,0.0,0.2,0.0,-0.01113660865602818,-0.007137159250236697,-0.011895223128667807,-0.18,0.18,1.0
21.215493202209473,1,,0.0,0.2,0.0,-0.009688906892648855,-0.016376675748825304,-0.005295813815798057,-0.18,0.18,1.0
21.215493202209473,1,,0.0,0.2,0.0,-0.0009736579184103307,-0.009321233891694092,-0.005461767959453373,-0.18,0.18,1.0
21.215493202209473,1,,0.0,0.2,0.0,-0.0029653316233839255,-0.013955203756674351,-0.012195362060824224,-0.18,0.18,1.0
21.215493202209473,1,,0.0,0.2,0.0,-0.004560908703182298,-0.009308359872946422,-0.008871782486505206,-0.18,0.18,1.0
21.215493202209473,1,,0.0,0.2,0.0,-0.007472997087392002,-0.01847797894352489,-0.005672947118382496,-0.18,0.18,1.0
21.255804538726807,1,,0.0,0.2,0.0,-0.004764716576212187,-0.01987784521175953,-0.003513169399977842,-0.18,0.18,1.0
21.255804538726807,1,,0.0,0.2,0.0,-0.013669461488369554,-0.006413266792646525,-0.0055351022936626585,-0.18,0.18,1.0
21.255804538726807,1,,0.0,0.2,0.0,-0.006609832037037166,-0.019384567872805344,0.0008783877283009528,-0.18,0.18,1.0
21.255804538726807,1,,0.0,0.2,0.0,-0.007505572001318978,-0.0072466834099495425,0.005435091126677238,-0.18,0.18,1.0
21.255804538726807,1,,0.0,0.2,0.0,-0.007813419889616775,-0.016796628669096172,-0.005232502393723157,-0.18,0.18,1.0
21.255804538726807,1,,0.0,0.2,0.0,-0.007167999066136283,-0.00017701342335093467,-0.0037967361868354046,-0.18,0.18,1.0
21.255804538726807,1,,0.0,0.2,0.0,-0.006965919731589647,-0.007116667240237234,-0.0059132263315344975,-0.18,0.18,1.0
21.255804538726807,1,,0.0,0.2,0.0,-0.008912708425562193,-0.008550531341873027,-0.0035540729617333953,-0.18,0.18,1.0
21.255804538726807,1,,0.0,0.2,0.0,-0.007846981768573177,-0.008014154893654394,-0.0010607717875430519,-0.18,0.18,1.0
21.255804538726807,1,,0.0,0.2,0.0,-0.00532758882600998,-0.0021486346803791505,-0.007129596900584902,-0.18,0.18,1.0
21.296101331710815,1,,0.0,0.2,0.0,-0.005100424619858188,-0.00019738897300574767,-0.006409625709615332,-0.18,0.18,1.0
21.296101331710815,1,,0.0,0.2,0.0,0.0014083547462462927,0.0022499350638651456,-0.000795158431099935,-0.18,0.18,1.0
21.296101331710815,1,,0.0,0.2,0.0,0.0018171739584485317,0.009568658819853325,-0.0010199509212379535,-0.18,0.18,1.0
21.296101331710815,1,,0.0,0.2,0.0,-0.00025650795608139136,-0.004094372418777489,-0.004604763189854368,-0.18,0.18,1.0
21.296101331710815,1,,0.0,0.2,0.0,0.004097516290648535,-0.00043331503234053615,-0.01416471215874874,-0.18,0.18,1.0
21.296101331710815,1,,0.0,0.2,0.0,0.0015114928684834422,-0.010752004068953897,-0.009900292349036633,-0.18,0.18,1.0
21.296101331710815,1,,0.0,0.2,0.0,0.007238666849685642,-0.029538110533723464,-0.006776224682605026,-0.18,0.18,1.0
21.296101331710815,1,,0.0,0.2,0.0,-0.00663635248417553,-0.01868866659266859,-0.015980987218670105,-0.18,0.18,1.0
21.296101331710815,1,,0.0,0.2,0.0,-0.007628497516959232,-0.028595869689520034,-0.006385625640082167,-0.18,0.18,1.0
21.296101331710815,1,,0.0,0.2,0.0,-0.010881505324151598,-0.027878401765026914,-0.0076555373555161526,-0.18,0.18,1.0
21.336400270462036,1,,0.0,0.2,0.0,-0.008302288624529074,-0.02515990654058612,-0.006596014252075257,-0.18,0.18,1.0
21.336400270462036,1,,0.0,0.2,0.0,-0.0053862088498617434,-0.03160378584575269,-0.010566794682240088,-0.18,0.18,1.0
21.336400270462036,1,,0.0,0.2,0.0,-0.01352318191845647,-0.017644354431439725,-0.005471154120416189,-0.18,0.18,1.0
21.336400270462036,1,,0.0,0.2,0.0,-0.004045540857297464,-0.02597592763151452,-0.005686896626620618,-0.18,0.18,1.0
21.336400270462036,1,,0.0,0.2,0.0,-0.008258075096088927,-0.019051635886790857,-0.0005558463286744067,-0.18,0.18,1.0
21.336400270462036,1,,0.0,0.2,0.0,-0.006438511723762099,-0.01162564655691809,-0.011907289274732627,-0.18,0.18,1.0
21.336400270462036,1,,0.0,0.2,0.0,-0.009439648433711149,0.009518808295074224,-0.006694771705774475,-0.18,0.18,1.0
21.336400270462036,1,,0.0,0.2,0.0,-0.007046454780883347,-0.00604600370981103,-0.011652612298329677,-0.18,0.18,1.0
21.336400270462036,1,,0.0,0.2,0.0,0.0021884186876240464,0.0036919846862087575,-0.0047830312670720685,-0.18,0.18,1.0
21.336400270462036,1,,0.0,0.2,0.0,-0.008140431283863903,-0.007248098863553297,-0.003971907152471009,-0.18,0.18,1.0
21.38678479194641,1,,0.0,0.2,0.0,0.0018764669776483317,-0.012781229945635892,-0.008565274139238205,-0.18,0.18,1.0
21.38678479194641,1,,0.0,0.2,0.0,0.0035707271500863046,-0.011688808425689232,0.001680264889115073,-0.18,0.18,1.0
21.38678479194641,1,,0.0,0.2,0.0,-0.007442649676708735,-0.01475810539651598,0.006625567794297775,-0.18,0.18,1.0
21.38678479194641,1,,0.0,0.2,0.0,-0.004641240839027731,-0.018657604036154546,-0.0003781930100267366,-0.18,0.18,1.0
21.38678479194641,1,,0.0,0.2,0.0,0.0006789541228258577,-0.019482245707086454,-0.0005901938066010302,-0.18,0.18,1.0
21.38678479194641,1,,0.0,0.2,0.0,0.0027284488851627604,-0.007544617930378441,0.002174493147881937,-0.18,0.18,1.0
21.38678479194641,1,,0.0,0.2,0.0,-0.001197781645580417,-0.009320856521652356,-0.011451907074239914,-0.18,0.18,1.0
21.38678479194641,1,,0.0,0.2,0.0,-0.0008861201301821825,-0.0060700962661724795,-0.009478837938003838,-0.18,0.18,1.0
21.38678479194641,1,,0.0,0.2,0.0,-0.004703809896985428,-0.0003033355541368205,-0.012766978268139575,-0.18,0.18,1.0
21.38678479194641,1,,0.0,0.2,0.0,0.0009049929292063493,-0.013878782396398335,-0.018491776696433822,-0.18,0.18,1.0
21.427091121673584,1,,0.0,0.2,0.0,-0.0022787911324641894,-0.015426720138913722,-0.016835504252589555,-0.18,0.18,1.0
21.427091121673584,1,,0.0,0.2,0.0,-0.002182752576783809,0.006106164190151914,-0.009248419531932816,-0.18,0.18,1.0
21.427091121673584,1,,0.0,0.2,0.0,-0.0026425905261330267,-0.006709162358998237,-0.001906224049955879,-0.18,0.18,1.0
21.427091121673584,1,,0.0,0.2,0.0,-0.005140182775639097,-0.02621953561850792,-0.005607002375078572,-0.18,0.18,1.0
21.427091121673584,1,,0.0,0.2,0.0,-0.005253301428481272,-0.022940737389495605,-6.889754269100904e-05,-0.18,0.18,1.0
21.427091121673584,1,,0.0,0.2,0.0,-0.0023017228064764555,-0.005491916626285496,-0.0012972659660373939,-0.18,0.18,1.0
21.427091121673584,1,,0.0,0.2,0.0,-0.0055701238637103625,-0.02115975380768891,-0.0037988679121002955,-0.18,0.18,1.0
21.427091121673584,1,,0.0,0.2,0.0,-0.0032629088941357617,-0.03604354330711249,-0.005067919429578707,-0.18,0.18,1.0
21.427091121673584,1,,0.0,0.2,0.0,-0.01047727101093092,-0.03235967195298073,-0.009687219748959051,-0.18,0.18,1.0
21.427091121673584,1,,0.0,0.2,0.0,-0.02566522935963778,-0.02233129946109199,-0.009705238829924174,-0.18,0.18,1.0
21.46738624572754,1,,0.0,0.2,0.0,-0.021886041702240643,-0.013482113841445183,-0.005644603106833012,-0.18,0.18,1.0
21.46738624572754,1,,0.0,0.2,0.0,-0.009350820400428688,-0.021766589499972278,-0.006895998182074905,-0.18,0.18,1.0
21.46738624572754,1,,0.0,0.2,0.0,-0.007515938922242529,-0.0027235800472219475,-0.00044315012764871995,-0.18,0.18,1.0
21.46738624572754,1,,0.0,0.2,0.0,-0.007954061459091406,-0.022685766619115262,-0.0073626871785755785,-0.18,0.18,1.0
21.46738624572754,1,,0.0,0.2,0.0,-0.007747753781356069,-0.019053671717456228,-0.0075263612887664245,-0.18,0.18,1.0
21.46738624572754,1,,0.0,0.2,0.0,-0.013568753845443255,-0.013232149049071938,-0.007359233879726063,-0.18,0.18,1.0
21.46738624572754,1,,0.0,0.2,0.0,-0.024430309942463493,-0.020686703515467437,-0.00463857191274519,-0.18,0.18,1.0
21.46738624572754,1,,0.0,0.2,0.0,-0.01373285932239613,-0.00835950638036181,-0.007556553316933945,-0.18,0.18,1.0
21.46738624572754,1,,0.0,0.2,0.0,-0.010609222687176035,-0.018259762694078332,-0.012677480786512879,-0.18,0.18,1.0
21.46738624572754,1,,0.0,0.2,0.0,-0.018415072863023036,-0.019927115126730035,-0.003264892781898466,-0.18,0.18,1.0
21.507680416107178,1,,0.0,0.2,0.0,-0.0137289942915435,-0.01291354071928151,-0.004979335602428939,-0.18,0.18,1.0
21.507680416107178,1,,0.0,0.2,0.0,-0.013741008633669689,-0.02560604142637474,-0.00619939165691673,-0.18,0.18,1.0
21.507680416107178,1,,0.0,0.2,0.0,-0.0025457142667022464,-0.02884952027631963,-0.006430746010303022,-0.18,0.18,1.0
21.507680416107178,1,,0.0,0.2,0.0,-0.009412723308180472,-0.017548568164574858,-0.0012832454227774586,-0.18,0.18,1.0
21.507680416107178,1,,0.0,0.2,0.0,-0.002202241154629544,-0.024480467130747537,-0.003735719938541276,-0.18,0.18,1.0
21.507680416107178,1,,0.0,0.2,0.0,-0.010499742101596392,-0.015802191294688794,-0.008142038750630107,-0.18,0.18,1.0
21.507680416107178,1,,0.0,0.2,0.0,-0.010314242437194695,-0.026444574048665646,-0.008822881696617213,-0.18,0.18,1.0
21.507680416107178,1,,0.0,0.2,0.0,-0.011531024525606401,-0.025865477910309388,-0.008864037540307587,-0.18,0.18,1.0
21.507680416107178,1,,0.0,0.2,0.0,-0.010583803326569417,-0.009037765362902048,-0.005139803889719054,-0.18,0.18,1.0
21.507680416107178,1,,0.0,0.2,0.0,-0.011997308101808771,-0.027501036754524744,-0.0039033899719106294,-0.18,0.18,1.0
21.55804705619812,1,,0.0,0.2,0.0,-0.007072440657881447,-0.004127435760335263,-0.004939295431363049,-0.18,0.18,1.0
21.55804705619812,1,,0.0,0.2,0.0,-0.013610810761389397,-0.003508307394860649,-0.012811614296682435,-0.18,0.18,1.0
21.55804705619812,1,,0.0,0.2,0.0,-0.0121614236794007,-0.024776342704125973,-0.009629036881286877,-0.18,0.18,1.0
21.55804705619812,1,,0.0,0.2,0.0,-0.014731108046994824,-0.038994219362903995,-0.0081516888655603,-0.18,0.18,1.0
21.55804705619812,1,,0.0,0.2,0.0,-0.0154800256666864,-0.02302071503908046,-0.012817806844106324,-0.18,0.18,1.0
21.55804705619812,1,,0.0,0.2,0.0,-0.01197853184818345,0.0033279816311933457,-0.01066890565289439,-0.18,0.18,1.0
21.55804705619812,1,,0.0,0.2,0.0,-0.01029859883019047,0.0055259956911868115,-0.009652158650037393,-0.18,0.18,1.0
21.55804705619812,1,,0.0,0.2,0.0,-0.009722531260268256,-0.024804826243341627,-0.003971266634923024,-0.18,0.18,1.0
21.55804705619812,1,,0.0,0.2,0.0,-0.009579904174394957,-0.011732600281025697,-0.007343869368559247,-0.18,0.18,1.0
21.598339080810547,1,,0.0,0.2,0.0,-0.010211370032229496,-0.01404513826737968,-0.0059433722038052215,-0.18,0.18,1.0
21.598339080810547,1,,0.0,0.2,0.0,-0.00387230248625761,-0.030564576513654126,-0.007360743692161892,-0.18,0.18,1.0
21.598339080810547,1,,0.0,0.2,0.0,-0.005082315863693456,-0.029839821891674178,-0.0035446409022771726,-0.18,0.18,1.0
21.598339080810547,1,,0.0,0.2,0.0,-0.010306844698217462,-0.011949388358984795,-0.008129063835710059,-0.18,0.18,1.0
21.598339080810547,1,,0.0,0.2,0.0,-0.008571109374266833,-0.01429542370812843,-0.00596281088502949,-0.18,0.18,1.0
21.598339080810547,1,,0.0,0.2,0.0,-0.009615767284087258,-0.0301171046352625,-0.011012809934609387,-0.18,0.18,1.0
21.598339080810547,1,,0.0,0.2,0.0,-0.014354425560861266,-0.028657132226069897,-0.012787955387000683,-0.18,0.18,1.0
21.598339080810547,1,,0.0,0.2,0.0,-0.00922935177006237,-0.012194185885452874,-0.014527070592553976,-0.18,0.18,1.0
21.598339080810547,1,,0.0,0.2,0.0,-0.016231487044157365,0.0015174364203938758,-0.01173370361503613,-0.18,0.18,1.0
21.598339080810547,1,,0.0,0.2,0.0,-0.01614138590392138,-0.011586507043958236,-0.0030409410551709513,-0.18,0.18,1.0
21.638647079467773,1,,0.0,0.2,0.0,-0.006572628195354323,-0.008330681585434282,-0.00044747616534761937,-0.18,0.18,1.0
21.638647079467773,1,,0.0,0.2,0.0,-0.006767021809425164,-0.007267460832143972,-0.0071673973642895385,-0.18,0.18,1.0
21.638647079467773,1,,0.0,0.2,0.0,-0.006275044855896037,-0.022567878724842113,-0.0029233671248716547,-0.18,0.18,1.0
21.638647079467773,1,,0.0,0.2,0.0,-0.007274961986870396,-0.0012467499824904305,-0.0030183301705367254,-0.18,0.18,1.0
21.638647079467773,1,,0.0,0.2,0.0,-0.00589214992431236,-0.014959295651274067,0.0014779295948868351,-0.18,0.18,1.0
21.638647079467773,1,,0.0,0.2,0.0,-0.010074714225708385,-0.030084517452468134,0.0032715340164606254,-0.18,0.18,1.0
21.638647079467773,1,,0.0,0.2,0.0,-0.011522403651669877,-0.01813860525607447,-0.006072603052079707,-0.18,0.18,1.0
21.638647079467773,1,,0.0,0.2,0.0,-0.004158372702964717,-0.018449448738522375,-0.004635769180533325,-0.18,0.18,1.0
21.638647079467773,1,,0.0,0.2,0.0,0.0024572800664475376,-0.006787521996503433,0.004664316898179496,-0.18,0.18,1.0
21.638647079467773,1,,0.0,0.2,0.0,-0.007328351265095801,-0.011824237265545327,-0.004266132572146634,-0.18,0.18,1.0
21.689010858535767,1,,0.0,0.2,0.0,-0.005739779722318705,-0.02754002797891811,-0.0037412937384271117,-0.18,0.18,1.0
21.689010858535767,1,,0.0,0.2,0.0,0.00015681722116844062,-0.024349578933096583,-0.01027814605186106,-0.18,0.18,1.0
21.689010858535767,1,,0.0,0.2,0.0,-0.007078135049036509,-0.01877538412330085,-0.0029138634926639813,-0.18,0.18,1.0
21.689010858535767,1,,0.0,0.2,0.0,-0.003849615670665053,-0.008621565352027787,-0.006573948226525737,-0.18,0.18,1.0
21.689010858535767,1,,0.0,0.2,0.0,-0.00919679137602455,-0.0016347676931961774,-0.002569128459286947,-0.18,0.18,1.0
21.689010858535767,1,,0.0,0.2,0.0,-0.009054300814832496,-0.018768852367440338,-0.0037701222267161353,-0.18,0.18,1.0
21.689010858535767,1,,0.0,0.2,0.0,-0.004432259100510413,-0.013043878550432448,0.0027830240487928125,-0.18,0.18,1.0
21.689010858535767,1,,0.0,0.2,0.0,0.0061820907848674205,-0.011800041748952671,-0.0032925788420253184,-0.18,0.18,1.0
21.689010858535767,1,,0.0,0.2,0.0,-0.010860891660652492,-0.02912297223416491,-0.003924523040693703,-0.18,0.18,1.0
21.689010858535767,1,,0.0,0.2,0.0,-0.014464954984739575,-0.03112339295963239,-0.004334937704759639,-0.18,0.18,1.0
21.72933006286621,1,,0.0,0.2,0.0,-0.008186902693237715,-0.008214920728179753,-0.0028524485533690707,-0.18,0.18,1.0
21.72933006286621,1,,0.0,0.2,0.0,0.0003872457403970708,0.000168188648612226,-0.0037379829354235233,-0.18,0.18,1.0
21.72933006286621,1,,0.0,0.2,0.0,-0.002198237557930131,0.003361658579373709,-0.008722253627705321,-0.18,0.18,1.0
21.72933006286621,1,,0.0,0.2,0.0,-0.007370857282154036,-0.02312470634924875,-0.009221694553870839,-0.18,0.18,1.0
21.72933006286621,1,,0.0,0.2,0.0,-0.011964268158155003,-0.01353841290498857,-0.0015553611212369394,-0.18,0.18,1.0
21.72933006286621,1,,0.0,0.2,0.0,-0.003819001948643406,-0.0001510524794503639,-0.013806346496502434,-0.18,0.18,1.0
21.72933006286621,1,,0.0,0.2,0.0,-0.0028987889064629154,-0.002966771933940321,-0.013143027459411977,-0.18,0.18,1.0
21.72933006286621,1,,0.0,0.2,0.0,-0.0003642607386072614,0.01578810968685033,-0.0109947359763881,-0.18,0.18,1.0
21.72933006286621,1,,0.0,0.2,0.0,-0.0025605138864454305,0.004409694980026565,-0.006008594697827185,-0.18,0.18,1.0
21.72933006286621,1,,0.0,0.2,0.0,0.0009979674604600195,-0.006380582961001968,-0.008153848985211846,-0.18,0.18,1.0
21.76962900161743,1,,0.0,0.2,0.0,-0.005358502535849138,-0.006118625892200817,0.0009438975038391044,-0.18,0.18,1.0
21.76962900161743,1,,0.0,0.2,0.0,-0.01724179692085701,-0.018879754554443604,-0.002759079617102779,-0.18,0.18,1.0
21.76962900161743,1,,0.0,0.2,0.0,-0.015155266480389529,-0.009013432177562957,-0.0021058748565906914,-0.18,0.18,1.0
21.76962900161743,1,,0.0,0.2,0.0,-0.015451315068762921,-0.010236837489291741,-0.00784536501527559,-0.18,0.18,1.0
21.76962900161743,1,,0.0,0.2,0.0,-0.02114546862169362,-0.007528755939726757,-0.004994204394859958,-0.18,0.18,1.0
21.76962900161743,1,,0.0,0.2,0.0,-0.024082623738591,-0.02456507837131647,-0.0054863379279919385,-0.18,0.18,1.0
21.76962900161743,1,,0.0,0.2,0.0,-0.013503414848873171,-0.011911058713817542,0.00031523423660876644,-0.18,0.18,1.0
21.76962900161743,1,,0.0,0.2,0.0,-0.0144314897214124,-0.019126557492308415,-0.0007300609093423017,-0.18,0.18,1.0
21.76962900161743,1,,0.0,0.2,0.0,-0.009971134916549197,-0.007860606937615408,0.0003194528822854229,-0.18,0.18,1.0
21.76962900161743,1,,0.0,0.2,0.0,3.5468365687630445e-05,-0.015169302126744933,-0.008973703420733576,-0.18,0.18,1.0
21.80994725227356,1,,0.0,0.2,0.0,-0.012155285188825464,-0.013327292296533877,-0.009481979227546837,-0.18,0.18,1.0
21.80994725227356,1,,0.0,0.2,0.0,-0.00897464238288922,0.0009264376292888432,0.0007773757329539568,-0.18,0.18,1.0
21.80994725227356,1,,0.0,0.2,0.0,-0.012780107558718886,-0.007803868882770375,-0.0007834702057551334,-0.18,0.18,1.0
21.80994725227356,1,,0.0,0.2,0.0,-0.009404173593232503,-0.004279686689669086,0.003477669504165806,-0.18,0.18,1.0
21.80994725227356,1,,0.0,0.2,0.0,-0.015184604317941568,-0.00945918225551666,-0.006099088413624857,-0.18,0.18,1.0
21.80994725227356,1,,0.0,0.2,0.0,-0.006353342029083492,-0.01704122685264234,-0.00762824312251072,-0.18,0.18,1.0
21.80994725227356,1,,0.0,0.2,0.0,-0.00945502931665896,-0.001553916301524624,-0.0041686549234156755,-0.18,0.18,1.0
21.80994725227356,1,,0.0,0.2,0.0,-0.010666733256648556,-0.007801441505603055,-0.0034931213002702623,-0.18,0.18,1.0
21.80994725227356,1,,0.0,0.2,0.0,-0.010988756351816684,-0.004054584153734758,0.0013614629287297935,-0.18,0.18,1.0
21.80994725227356,1,,0.0,0.2,0.0,-0.008619009061897753,-0.0198547246722989,0.00498783039951751,-0.18,0.18,1.0
21.860339879989624,1,,0.0,0.2,0.0,-0.006632228363349239,-0.017290214475708776,0.004195698147884124,-0.18,0.18,1.0
21.860339879989624,1,,0.0,0.2,0.0,0.006673397808490816,0.0066394993538583455,0.0005087299694203611,-0.18,0.18,1.0
21.860339879989624,1,,0.0,0.2,0.0,-0.0037980287492728948,-0.002582660040204499,-0.0014862111278072722,-0.18,0.18,1.0
21.860339879989624,1,,0.0,0.2,0.0,-0.011611872471291067,0.004898466208970114,0.001680844173579837,-0.18,0.18,1.0
21.860339879989624,1,,0.0,0.2,0.0,-0.013213822974258964,0.0015307245561968692,0.002830780468810578,-0.18,0.18,1.0
21.860339879989624,1,,0.0,0.2,0.0,-0.004872577778451726,0.00492301241281586,0.00022274718692825732,-0.18,0.18,1.0
21.860339879989624,1,,0.0,0.2,0.0,-0.016380316533699323,0.0045643623374591585,-8.92498378041147e-05,-0.18,0.18,1.0
21.860339879989624,1,,0.0,0.2,0.0,-0.01652045173751539,-0.01018748151271606,0.005511396945874885,-0.18,0.18,1.0
21.860339879989624,1,,0.0,0.2,0.0,-0.01178537235308966,0.009610489121972553,-0.0007882368129380061,-0.18,0.18,1.0
21.860339879989624,1,,0.0,0.2,0.0,-0.008054897068265288,-0.0017588628754279627,-0.001396196719921354,-0.18,0.18,1.0
21.900630712509155,1,,0.0,0.2,0.0,-0.006374817187327058,-0.010720851826789751,-0.004641731759726612,-0.18,0.18,1.0
21.900630712509155,1,,0.0,0.2,0.0,-0.011217379612942476,-0.013932463869182564,-0.008382466026215606,-0.18,0.18,1.0
21.900630712509155,1,,0.0,0.2,0.0,-0.009859099423495476,-0.01305600622903982,-0.002148668574931111,-0.18,0.18,1.0
21.900630712509155,1,,0.0,0.2,0.0,-0.008633342112559235,-0.009978040224059846,-0.006665870331677802,-0.18,0.18,1.0
21.900630712509155,1,,0.0,0.2,0.0,-0.018525982386228913,-0.012391209488896795,-0.005774912657521881,-0.18,0.18,1.0
21.900630712509155,1,,0.0,0.2,0.0,-0.024635470900800097,-0.01369364728385534,-0.009895044240953785,-0.18,0.18,1.0
21.900630712509155,1,,0.0,0.2,0.0,-0.009990859390599533,0.0006174588831777912,-0.010134830106432974,-0.18,0.18,1.0
21.900630712509155,1,,0.0,0.2,0.0,0.002484737593904549,-0.0030195449453663853,-0.0031607103924608006,-0.18,0.18,1.0
21.900630712509155,1,,0.0,0.2,0.0,-0.0036956197088300253,-0.006971863359917157,-0.00650983861853899,-0.18,0.18,1.0
21.900630712509155,1,,0.0,0.2,0.0,-0.008848943809704779,-0.006124276935615708,-0.0023784562635934727,-0.18,0.18,1.0
21.940911769866943,1,,0.0,0.2,0.0,-0.005922771769256971,-0.007701976257801752,-0.010843162248571235,-0.18,0.18,1.0
21.940911769866943,1,,0.0,0.2,0.0,-0.004109426417705916,-0.0005067183808312771,-0.0066226385673115165,-0.18,0.18,1.0
21.940911769866943,1,,0.0,0.2,0.0,0.0033466740240164624,-0.007993043354080388,-0.012730781983113872,-0.18,0.18,1.0
21.940911769866943,1,,0.0,0.2,0.0,0.010542333991133137,-0.023918918352113603,-0.008211466834291152,-0.18,0.18,1.0
21.940911769866943,1,,0.0,0.2,0.0,-0.003166935006562625,-0.012767677412458758,-0.003218877506620186,-0.18,0.18,1.0
21.940911769866943,1,,0.0,0.2,0.0,-0.01076206095877321,-0.02154766464785745,-0.00572867163823687,-0.18,0.18,1.0
21.940911769866943,1,,0.0,0.2,0.0,-0.00444033563245079,-0.009440229693750616,-0.0016816656204202735,-0.18,0.18,1.0
21.940911769866943,1,,0.0,0.2,0.0,0.0030286167791280442,-0.002868600420628016,-0.00782772281374082,-0.18,0.18,1.0
21.940911769866943,1,,0.0,0.2,0.0,-0.006439377212265137,-0.004126139915514437,-0.0010901307960621833,-0.18,0.18,1.0
21.940911769866943,1,,0.0,0.2,0.0,-0.006961280683765179,-0.012783500345522314,-0.008814723001684063,-0.18,0.18,1.0
21.981211185455322,1,,0.0,0.2,0.0,-0.013166979627082465,-0.013580797623054757,-0.005739258063355054,-0.18,0.18,1.0
21.981211185455322,1,,0.0,0.2,0.0,-0.006411586282149263,-0.011069326895607485,-0.0010158423189776105,-0.18,0.18,1.0
21.981211185455322,1,,0.0,0.2,0.0,-0.003717844341584059,-0.01913377666622545,-0.004736566932126317,-0.18,0.18,1.0
21.981211185455322,1,,0.0,0.2,0.0,0.0029791211738869772,-0.02293054623311783,-0.005995058182717178,-0.18,0.18,1.0
21.981211185455322,1,,0.0,0.2,0.0,-0.004839721392087491,-0.02259350988020682,-0.0004027041198003186,-0.18,0.18,1.0
21.981211185455322,1,,0.0,0.2,0.0,-0.016383281358551542,-0.03517072927769933,-0.005841504587137173,-0.18,0.18,1.0
21.981211185455322,1,,0.0,0.2,0.0,-0.005861617289916004,-0.02702938512741278,-0.009791456140095418,-0.18,0.18,1.0
21.981211185455322,1,,0.0,0.2,0.0,-0.0007089415074296658,-0.017915612780130135,-0.00553054892718342,-0.18,0.18,1.0
21.981211185455322,1,,0.0,0.2,0.0,0.0005399730384243996,-0.017190118075210915,-0.006531874653856419,-0.18,0.18,1.0
21.981211185455322,1,,0.0,0.2,0.0,-0.00927428519954558,-0.021760318393032704,5.893531530898758e-05,-0.18,0.18,1.0
22.031585931777954,1,,0.0,0.2,0.0,-0.0021039959137515644,-0.023899623965023056,-0.0007379927465412363,-0.18,0.18,1.0
22.031585931777954,1,,0.0,0.2,0.0,0.004757233252260131,-0.010598196145267275,-0.0011707681050560042,-0.18,0.18,1.0
22.031585931777954,1,,0.0,0.2,0.0,-0.003163252208533505,-0.026613037176965976,-0.0014330347493142523,-0.18,0.18,1.0
22.031585931777954,1,,0.0,0.2,0.0,-0.010679679230895354,-0.020232136799691984,-0.004774180985274235,-0.18,0.18,1.0
22.031585931777954,1,,0.0,0.2,0.0,-0.0036263206117213673,-0.0194443411187117,-0.00499843484337329,-0.18,0.18,1.0
22.031585931777954,1,,0.0,0.2,0.0,-0.002115764949932318,-0.008374984165749106,-0.007351979738513048,-0.18,0.18,1.0
22.031585931777954,1,,0.0,0.2,0.0,-0.010557206251102376,-0.016680405360755886,-0.00920559186044008,-0.18,0.18,1.0
22.031585931777954,1,,0.0,0.2,0.0,-0.0005504370513174664,-0.0008506524959656763,-0.012455720244543925,-0.18,0.18,1.0
22.031585931777954,1,,0.0,0.2,0.0,-0.005196237272304024,-0.013630985962492586,-0.012090937180226266,-0.18,0.18,1.0
22.031585931777954,1,,0.0,0.2,0.0,0.002843355769313294,-0.007008769640960314,-0.012973692308886167,-0.18,0.18,1.0
22.071895360946655,1,,0.0,0.2,0.0,0.002592461732322355,-0.008852642555459377,-0.003945828730229952,-0.18,0.18,1.0
22.071895360946655,1,,0.0,0.2,0.0,-0.0034851594985866865,-0.0023932074887883415,-0.004972630775452773,-0.18,0.18,1.0
22.071895360946655,1,,0.0,0.2,0.0,0.005620249702795701,-0.008994255670705963,-0.00467594907002464,-0.18,0.18,1.0
22.071895360946655,1,,0.0,0.2,0.0,0.001336648533944149,-0.011927562463644629,-0.009665528815172445,-0.18,0.18,1.0
22.071895360946655,1,,0.0,0.2,0.0,0.0027312011537204703,-0.024903765257407156,-0.011329714562846139,-0.18,0.18,1.0
22.071895360946655,1,,0.0,0.2,0.0,-0.0006080291674972633,-0.009218776413706014,-0.006901566689678604,-0.18,0.18,1.0
22.071895360946655,1,,0.0,0.2,0.0,-0.002507011526992393,-0.017678389307269535,-0.002197597106733951,-0.18,0.18,1.0
22.071895360946655,1,,0.0,0.2,0.0,0.002230181182710368,-0.008272980523486222,-0.004371794255362427,-0.18,0.18,1.0
22.071895360946655,1,,0.0,0.2,0.0,-0.0012185028795867856,-0.01476743848752273,0.0008446445481741695,-0.18,0.18,1.0
22.112207651138306,1,,0.0,0.2,0.0,0.0005025796600988988,-0.0259799126684055,-0.003541643861331023,-0.18,0.18,1.0
22.112207651138306,1,,0.0,0.2,0.0,-0.003485378643491752,-0.011433542134890074,-0.007296383649208597,-0.18,0.18,1.0
22.112207651138306,1,,0.0,0.2,0.0,0.0022530704570559077,-0.024313057003626876,-0.005435397588589694,-0.18,0.18,1.0
22.112207651138306,1,,0.0,0.2,0.0,-0.0040436750518175755,-0.01630897999424745,-0.014354963301933227,-0.18,0.18,1.0
22.112207651138306,1,,0.0,0.2,0.0,-0.007224478432186958,-0.01655759662392213,-0.014257560351503863,-0.18,0.18,1.0
22.112207651138306,1,,0.0,0.2,0.0,-0.00892211549797516,-0.009586013273002564,-0.013495656382564065,-0.18,0.18,1.0
22.112207651138306,1,,0.0,0.2,0.0,-0.004302859245166929,-0.02457789232663653,-0.00749516225166335,-0.18,0.18,1.0
22.112207651138306,1,,0.0,0.2,0.0,-0.003339915430754148,-0.011949124170733507,-0.007461671274028211,-0.18,0.18,1.0
22.112207651138306,1,,0.0,0.2,0.0,-0.005398968741480717,-0.015261626606401561,-0.00441601406499018,-0.18,0.18,1.0
22.112207651138306,1,,0.0,0.2,0.0,-0.010005452728118275,-0.01723117210741741,-0.0010291280408455854,-0.18,0.18,1.0
22.16257619857788,1,,0.0,0.2,0.0,-0.0166281498790451,-0.011694615008048989,0.00024353127203315526,-0.18,0.18,1.0
22.16257619857788,1,,0.0,0.2,0.0,-0.01263285987693605,-0.006756986355921841,-0.002305865209264637,-0.18,0.18,1.0
22.16257619857788,1,,0.0,0.2,0.0,-0.012813800607212598,-0.015105250424626135,-0.00388019680082035,-0.18,0.18,1.0
22.16257619857788,1,,0.0,0.2,0.0,-0.007722423588676945,-0.013474806184559714,-0.005934055887460105,-0.18,0.18,1.0
22.16257619857788,1,,0.0,0.2,0.0,-0.004825756032360906,-0.010798462935425128,-0.0076595569444372485,-0.18,0.18,1.0
22.16257619857788,1,,0.0,0.2,0.0,-0.0025141452371381778,-0.015181442014430039,-0.01705718447961585,-0.18,0.18,1.0
22.16257619857788,1,,0.0,0.2,0.0,-0.006846934327892722,-0.012275749190051193,-0.010162045330905124,-0.18,0.18,1.0
22.16257619857788,1,,0.0,0.2,0.0,-0.002475544128598434,-0.008103576577086647,-0.0034054943080730773,-0.18,0.18,1.0
22.16257619857788,1,,0.0,0.2,0.0,-0.002729759988651377,-0.006685624696546461,0.0062498842917164624,-0.18,0.18,1.0
22.16257619857788,1,,0.0,0.2,0.0,-0.0065826284962224165,-0.01269159904075131,0.004389726863791125,-0.18,0.18,1.0
22.20286989212036,1,,0.0,0.2,0.0,-0.010403637634956681,0.0017665101453725063,-0.005015208746797416,-0.18,0.18,1.0
22.20286989212036,1,,0.0,0.2,0.0,-0.006093735676618302,-0.010702273097686215,-0.009976445285153976,-0.18,0.18,1.0
22.20286989212036,1,,0.0,0.2,0.0,-0.009575061350272578,-0.010472895507879321,-0.013442136154609761,-0.18,0.18,1.0
22.20286989212036,1,,0.0,0.2,0.0,-0.005803364627123641,-0.012961336782698856,-0.018675065788615657,-0.18,0.18,1.0
22.20286989212036,1,,0.0,0.2,0.0,-0.007078815444084578,-0.02346671802971098,-0.013572592709871552,-0.18,0.18,1.0
22.20286989212036,1,,0.0,0.2,0.0,-0.009752120551320213,-0.015902154282807276,-0.010453626869939666,-0.18,0.18,1.0
22.20286989212036,1,,0.0,0.2,0.0,-0.005282219019457215,-0.001539895415220176,-0.01317997445005765,-0.18,0.18,1.0
22.20286989212036,1,,0.0,0.2,0.0,-0.007827287635962573,-0.012966297091267705,-0.013793391704531593,-0.18,0.18,1.0
22.20286989212036,1,,0.0,0.2,0.0,-0.008657863403916569,-0.0021403039191759217,-0.00991096447923344,-0.18,0.18,1.0
22.20286989212036,1,,0.0,0.2,0.0,-0.009160520770392117,-0.008075121195188311,-0.010581461171453943,-0.18,0.18,1.0
22.24317216873169,1,,0.0,0.2,0.0,0.00417897953315392,0.011113513832251508,-0.010145866680999833,-0.18,0.18,1.0
22.24317216873169,1,,0.0,0.2,0.0,0.002505803660154085,-0.012090822787282279,-0.010624050613152832,-0.18,0.18,1.0
22.24317216873169,1,,0.0,0.2,0.0,0.005638119642445803,0.007960874763734168,-0.002392535771112912,-0.18,0.18,1.0
22.24317216873169,1,,0.0,0.2,0.0,0.002480761341883702,-0.009229273475350443,-0.0005615732626377225,-0.18,0.18,1.0
22.24317216873169,1,,0.0,0.2,0.0,0.008763470742826712,-0.000884295259334799,-0.011388699537542124,-0.18,0.18,1.0
22.24317216873169,1,,0.0,0.2,0.0,-0.0008118754866421997,-0.006770471315120595,-0.007087129428802527,-0.18,0.18,1.0
22.24317216873169,1,,0.0,0.2,0.0,-0.005518131725908847,-0.01384594469537996,-0.008860346437354087,-0.18,0.18,1.0
22.24317216873169,1,,0.0,0.2,0.0,-0.007811852976063115,-0.0059049235455724,-0.007948068213164294,-0.18,0.18,1.0
22.24317216873169,1,,0.0,0.2,0.0,-0.013097287676586128,-0.0194914872445172,-0.007591130482043038,-0.18,0.18,1.0
22.24317216873169,1,,0.0,0.2,0.0,-0.015079895330011148,-0.015446803911960514,0.0002795509988525319,-0.18,0.18,1.0
22.283463954925537,1,,0.0,0.2,0.0,-0.008502816602073337,-0.01903297078736984,-0.00341586965559371,-0.18,0.18,1.0
22.283463954925537,1,,0.0,0.2,0.0,-0.0069324708233542915,-0.008647871041641024,-0.005122002479301638,-0.18,0.18,1.0
22.283463954925537,1,,0.0,0.2,0.0,-0.016854176601785696,-0.020111414349666262,-0.0034160078769032106,-0.18,0.18,1.0
22.283463954925537,1,,0.0,0.2,0.0,-0.014054054386230955,-0.020267483877291517,-0.007050818326432571,-0.18,0.18,1.0
22.283463954925537,1,,0.0,0.2,0.0,-0.016855080146742456,-0.008383903990733098,-0.0093539945697642,-0.18,0.18,1.0
22.283463954925537,1,,0.0,0.2,0.0,-0.007596257324977201,-0.02225850969488878,-0.0019960710568029476,-0.18,0.18,1.0
22.283463954925537,1,,0.0,0.2,0.0,-0.003439807473612984,-0.008009012379644914,-0.0038896669299848165,-0.18,0.18,1.0
22.283463954925537,1,,0.0,0.2,0.0,-0.0018354303072508603,-0.00886783891863718,-0.0081031963484735,-0.18,0.18,1.0
22.283463954925537,1,,0.0,0.2,0.0,0.0004066761499602752,-0.008819587625214582,-0.010593426738479461,-0.18,0.18,1.0
22.283463954925537,1,,0.0,0.2,0.0,-0.0013771836538617928,-0.007294621134802601,-0.00894196461152608,-0.18,0.18,1.0
22.33384943008423,1,,0.0,0.2,0.0,0.0043104767116503495,0.0006974328635497083,-0.012137806745775201,-0.18,0.18,1.0
22.33384943008423,1,,0.0,0.2,0.0,0.0035565859324449656,-0.0074580252787847575,-0.006369879692935782,-0.18,0.18,1.0
22.33384943008423,1,,0.0,0.2,0.0,-0.00546349424469461,0.0008000076388210236,-0.0008060237252772158,-0.18,0.18,1.0
22.33384943008423,1,,0.0,0.2,0.0,-0.0072754571619368606,0.0043801759076017,-0.007173576669501079,-0.18,0.18,1.0
22.33384943008423,1,,0.0,0.2,0.0,-0.003067447427296474,0.002849596148525349,-0.003980245564071331,-0.18,0.18,1.0
22.33384943008423,1,,0.0,0.2,0.0,-0.005760814990897278,0.010851237971827382,-0.008436272788710512,-0.18,0.18,1.0
22.33384943008423,1,,0.0,0.2,0.0,-0.004765871008505407,0.004153362860318764,-0.004343560107481392,-0.18,0.18,1.0
22.33384943008423,1,,0.0,0.2,0.0,-0.00960775515212714,0.010434170058833302,-0.0024213779801279508,-0.18,0.18,1.0
22.33384943008423,1,,0.0,0.2,0.0,-0.01243246613039204,-0.0018357602939496592,-0.005979420062116661,-0.18,0.18,1.0
22.33384943008423,1,,0.0,0.2,0.0,-0.0026745219784966284,0.0008437212198318952,-0.006460256076929932,-0.18,0.18,1.0
22.374146938323975,1,,0.0,0.2,0.0,-0.0038824913803916523,-0.0038263083136316385,-0.00912632922310922,-0.18,0.18,1.0
22.374146938323975,1,,0.0,0.2,0.0,-0.0016624175300681194,-0.01105212248049388,-0.007870977867554722,-0.18,0.18,1.0
22.374146938323975,1,,0.0,0.2,0.0,-0.00477229956174812,-0.0057040800845534955,-0.005555207418588912,-0.18,0.18,1.0
22.374146938323975,1,,0.0,0.2,0.0,-0.0015986477302455107,-0.010507250453113721,-0.0022570963176982892,-0.18,0.18,1.0
22.374146938323975,1,,0.0,0.2,0.0,-0.008201887241587592,-0.009917659526331671,-0.0022534973984517917,-0.18,0.18,1.0
22.374146938323975,1,,0.0,0.2,0.0,-0.009517319652965208,-0.022845367937184283,-0.004916477802247735,-0.18,0.18,1.0
22.374146938323975,1,,0.0,0.2,0.0,-0.010018982298482637,-0.0038445261611628066,-0.005337897045404034,-0.18,0.18,1.0
22.374146938323975,1,,0.0,0.2,0.0,0.005181449275475628,-0.023018405608113152,-0.006764716758890301,-0.18,0.18,1.0
22.374146938323975,1,,0.0,0.2,0.0,-0.011832641341065818,-0.02801539781397438,-0.007215354420377929,-0.18,0.18,1.0
22.374146938323975,1,,0.0,0.2,0.0,-0.012381199719338853,-0.020963335288731424,-0.013991175803452344,-0.18,0.18,1.0
22.414461612701416,1,,0.0,0.2,0.0,-0.010273511898759908,-0.006925339335886288,-0.012172738439273783,-0.18,0.18,1.0
22.414461612701416,1,,0.0,0.2,0.0,-0.0007712542513532638,-0.014327280157959392,-0.007074154619601365,-0.18,0.18,1.0
22.414461612701416,1,,0.0,0.2,0.0,-0.002932533632382866,-0.005434151308963701,-0.0026676773492317275,-0.18,0.18,1.0
22.414461612701416,1,,0.0,0.2,0.0,-0.005927593011448556,-0.011858708135037319,-0.0016949811178033462,-0.18,0.18,1.0
22.414461612701416,1,,0.0,0.2,0.0,0.0007247547945396091,-0.006691290007742211,-0.0011413153519714355,-0.18,0.18,1.0
22.414461612701416,1,,0.0,0.2,0.0,0.003037015529277982,-0.01749395936546598,-0.0031725052811278497,-0.18,0.18,1.0
22.414461612701416,1,,0.0,0.2,0.0,-0.0036551641341295753,-0.009745375319655985,0.0005735815428113814,-0.18,0.18,1.0
22.414461612701416,1,,0.0,0.2,0.0,-0.018025295587767626,-0.02218383835762705,-0.0037776718374654813,-0.18,0.18,1.0
22.414461612701416,1,,0.0,0.2,0.0,-0.011318721466446156,-0.023755253547819273,-4.585492957724144e-07,-0.18,0.18,1.0
22.414461612701416,1,,0.0,0.2,0.0,-0.015416129075641714,-0.0035485152637779855,-0.003226765742647809,-0.18,0.18,1.0
22.454777240753174,1,,0.0,0.2,0.0,-0.0010301714152250703,-0.007796787236829483,-0.0036943943067694637,-0.18,0.18,1.0
22.454777240753174,1,,0.0,0.2,0.0,-0.010984737440687089,-0.005903592013307534,-0.01240514839911401,-0.18,0.18,1.0
22.454777240753174,1,,0.0,0.2,0.0,-0.013027830131596814,-0.0070488291374647205,-0.014011250005515572,-0.18,0.18,1.0
22.454777240753174,1,,0.0,0.2,0.0,-0.003563843263034288,-0.010279330595729483,-0.01270917948672293,-0.18,0.18,1.0
22.454777240753174,1,,0.0,0.2,0.0,-0.011254985359914496,-0.008166258152898318,-0.00491154863218525,-0.18,0.18,1.0
22.454777240753174,1,,0.0,0.2,0.0,-0.007826779237637423,-0.010130048330511766,-0.007719951569433178,-0.18,0.18,1.0
22.454777240753174,1,,0.0,0.2,0.0,-0.007866047559770124,-0.01999396333997805,-0.006352867317206676,-0.18,0.18,1.0
22.454777240753174,1,,0.0,0.2,0.0,-0.010475310147847746,-0.004357611935634371,0.0013105337669140362,-0.18,0.18,1.0
22.454777240753174,1,,0.0,0.2,0.0,-0.006661169265538249,-0.00793206227303404,-0.0025342923750436342,-0.18,0.18,1.0
22.454777240753174,1,,0.0,0.2,0.0,-0.0013483596449532346,-0.014928019873007386,-0.006750784384690762,-0.18,0.18,1.0
22.505149126052856,1,,0.0,0.2,0.0,-0.008664363191289527,-0.008429618087467027,-0.012125410680359683,-0.18,0.18,1.0
22.505149126052856,1,,0.0,0.2,0.0,-0.0004917148136492014,-0.014184320152032246,-0.008651573289282836,-0.18,0.18,1.0
22.505149126052856,1,,0.0,0.2,0.0,-0.004352837332132066,-0.01923200691080778,-0.0064652182531959815,-0.18,0.18,1.0
22.505149126052856,1,,0.0,0.2,0.0,-0.011134662557681188,-0.02241719578630656,-0.007557553594966631,-0.18,0.18,1.0
22.505149126052856,1,,0.0,0.2,0.0,0.0011520541494375001,-0.009235838778016477,-0.004515936518357984,-0.18,0.18,1.0
22.505149126052856,1,,0.0,0.2,0.0,-0.00649129371043362,-0.0014956769449105056,-0.006416787141137297,-0.18,0.18,1.0
22.505149126052856,1,,0.0,0.2,0.0,-0.013943563524401542,-0.012458030983689502,0.001033717635024928,-0.18,0.18,1.0
22.505149126052856,1,,0.0,0.2,0.0,-0.01347112281421149,0.0052069943587988625,-0.0006742231552319373,-0.18,0.18,1.0
22.505149126052856,1,,0.0,0.2,0.0,-0.020622586550408682,0.0060730509282981415,-0.0029818699327853588,-0.18,0.18,1.0
22.505149126052856,1,,0.0,0.2,0.0,-0.019525911177817313,0.0007486946431924312,-0.0013151140825422162,-0.18,0.18,1.0
22.545443058013916,1,,0.0,0.2,0.0,-0.010069848758166444,0.00915159103380671,-0.0024087408470686543,-0.18,0.18,1.0
22.545443058013916,1,,0.0,0.2,0.0,-0.0016627170795991684,-0.005622455448107753,-0.00404997309358445,-0.18,0.18,1.0
22.545443058013916,1,,0.0,0.2,0.0,-0.004285481721977467,-0.0077621931385256256,-0.004741382573605837,-0.18,0.18,1.0
22.545443058013916,1,,0.0,0.2,0.0,-0.011002512377651881,-0.000767658540690903,-0.0042692505008225315,-0.18,0.18,1.0
22.545443058013916,1,,0.0,0.2,0.0,-0.010750100798724814,-0.017239777135623996,-0.00873055978558829,-0.18,0.18,1.0
22.545443058013916,1,,0.0,0.2,0.0,-0.012863325923618236,-0.013391131154945541,-0.00011457082007983203,-0.18,0.18,1.0
22.545443058013916,1,,0.0,0.2,0.0,-0.00849964507625868,-0.013695695466382218,-0.001995114523959671,-0.18,0.18,1.0
22.545443058013916,1,,0.0,0.2,0.0,-0.020368879929418396,-0.017993713415354835,0.0007805367491170942,-0.18,0.18,1.0
22.545443058013916,1,,0.0,0.2,0.0,-0.02398216919038856,0.002924767604350749,-0.004547357443506424,-0.18,0.18,1.0
22.545443058013916,1,,0.0,0.2,0.0,-0.007913521270479956,-0.006428202169085218,0.0021215780115551464,-0.18,0.18,1.0
22.585737228393555,1,,0.0,0.2,0.0,-0.010434078127976658,-0.009691763478534388,0.0015883607517202282,-0.18,0.18,1.0
22.585737228393555,1,,0.0,0.2,0.0,-0.0063692849416954874,-0.015210852721351826,0.00020119130133172455,-0.18,0.18,1.0
22.585737228393555,1,,0.0,0.2,0.0,0.006620389624041729,-0.021112232053474032,0.000825189118525984,-0.18,0.18,1.0
22.585737228393555,1,,0.0,0.2,0.0,-0.011925965169265407,-0.005624023880717395,-0.0075860715223044755,-0.18,0.18,1.0
22.585737228393555,1,,0.0,0.2,0.0,-0.012835401568136328,-0.0016849040579250197,-0.006436032394232834,-0.18,0.18,1.0
22.585737228393555,1,,0.0,0.2,0.0,-0.011948104509062366,-0.017512432165155238,-0.002859886731721063,-0.18,0.18,1.0
22.585737228393555,1,,0.0,0.2,0.0,-0.0036696309667722227,-0.008177925939700813,0.00011516476967733571,-0.18,0.18,1.0
22.585737228393555,1,,0.0,0.2,0.0,-0.006521655544450775,-0.01413343438385219,-0.004796049899878112,-0.18,0.18,1.0
22.585737228393555,1,,0.0,0.2,0.0,-0.003002683240099361,-0.029678814245654887,-0.009130546336685382,-0.18,0.18,1.0
22.585737228393555,1,,0.0,0.2,0.0,0.001212882873275991,-0.01342742094987882,-0.008829184147775119,-0.18,0.18,1.0
22.636103868484497,1,,0.0,0.2,0.0,-0.006114665640047172,-0.011715026609572285,-0.007292418008365561,-0.18,0.18,1.0
22.636103868484497,1,,0.0,0.2,0.0,-0.010655553706073006,-0.015449651761970627,-0.005940621772009746,-0.18,0.18,1.0
22.636103868484497,1,,0.0,0.2,0.0,-0.013361552373089716,-0.011431602278040581,-0.005750041462423141,-0.18,0.18,1.0
22.636103868484497,1,,0.0,0.2,0.0,-0.009600145146463986,-0.01737190043339983,-0.001695453700428738,-0.18,0.18,1.0
22.636103868484497,1,,0.0,0.2,0.0,-0.01019455076333307,-0.011617867188307334,-0.012480516191570222,-0.18,0.18,1.0
22.636103868484497,1,,0.0,0.2,0.0,-0.011573195523363375,-0.016763518613052635,-0.010475259025350694,-0.18,0.18,1.0
22.636103868484497,1,,0.0,0.2,0.0,-0.008860586681422944,-0.016994953296421283,-0.0032141311157730308,-0.18,0.18,1.0
22.636103868484497,1,,0.0,0.2,0.0,-0.010036370922291992,-0.00913901537226305,-0.0005238683317025874,-0.18,0.18,1.0
22.636103868484497,1,,0.0,0.2,0.0,-0.008011063865463686,-0.013303340109524863,-0.0003852708815971638,-0.18,0.18,1.0
22.676398515701294,1,,0.0,0.2,0.0,-0.012675331867138822,-0.021390726506388263,-0.00546348198554587,-0.18,0.18,1.0
22.676398515701294,1,,0.0,0.2,0.0,-0.005889463283014042,-0.013487856185759737,-0.010310635789666178,-0.18,0.18,1.0
22.676398515701294,1,,0.0,0.2,0.0,-0.0013199653103436783,-0.008257071461313823,-0.011610649862307348,-0.18,0.18,1.0
22.676398515701294,1,,0.0,0.2,0.0,-0.004031975924280464,-0.016802785945672742,-0.00795179000901758,-0.18,0.18,1.0
22.676398515701294,1,,0.0,0.2,0.0,-0.004070947048196635,-0.014176284695407208,-0.007440170462545757,-0.18,0.18,1.0
22.676398515701294,1,,0.0,0.2,0.0,-0.008023157776769818,-0.011718585121604131,-0.014009471244984148,-0.18,0.18,1.0
22.676398515701294,1,,0.0,0.2,0.0,-0.017106429041802353,-0.0029593643513805197,-0.0077210667343666104,-0.18,0.18,1.0
22.676398515701294,1,,0.0,0.2,0.0,-0.0030378862900722167,-0.015590449492033923,-0.013497829452703067,-0.18,0.18,1.0
22.676398515701294,1,,0.0,0.2,0.0,-0.007880538554210788,-0.016898556224416172,-0.003071335462315641,-0.18,0.18,1.0
22.676398515701294,1,,0.0,0.2,0.0,-0.009183228925214193,-0.01074959005127354,0.0036596480826807027,-0.18,0.18,1.0
22.716694116592407,1,,0.0,0.2,0.0,-0.010474664060930035,-0.017301488395993964,-0.007213198999828955,-0.18,0.18,1.0
22.716694116592407,1,,0.0,0.2,0.0,-0.0019834557167380503,0.003482302631148665,-0.0009586632708741433,-0.18,0.18,1.0
22.716694116592407,1,,0.0,0.2,0.0,-0.006768166335212245,-0.0033294943135601923,-0.01321149568090445,-0.18,0.18,1.0
22.716694116592407,1,,0.0,0.2,0.0,-0.007612011059520255,-0.012705381057378767,-0.014443509412405206,-0.18,0.18,1.0
22.716694116592407,1,,0.0,0.2,0.0,-0.000263881405887231,-0.017199348544828245,-0.0067218339268279624,-0.18,0.18,1.0
22.716694116592407,1,,0.0,0.2,0.0,-0.000354674232908794,-0.01140075513099885,-0.016205616700007707,-0.18,0.18,1.0
22.716694116592407,1,,0.0,0.2,0.0,0.0028089816399605384,-0.011708392086887663,-0.01589347307758906,-0.18,0.18,1.0
22.716694116592407,1,,0.0,0.2,0.0,-0.003772458067375734,-0.021673050858229268,-0.015030671796438999,-0.18,0.18,1.0
22.716694116592407,1,,0.0,0.2,0.0,0.00029782263297779013,-0.01681889900165149,-0.009638093231874874,-0.18,0.18,1.0
22.716694116592407,1,,0.0,0.2,0.0,-0.00041471927120826025,-0.0021613964049044775,-0.012675822783575414,-0.18,0.18,1.0
22.75698471069336,1,,0.0,0.2,0.0,0.0027898282139247593,-0.01771417680449685,-0.014364339506023664,-0.18,0.18,1.0
22.75698471069336,1,,0.0,0.2,0.0,0.005463792777560009,-0.001774126163843804,-0.016264475041744587,-0.18,0.18,1.0
22.75698471069336,1,,0.0,0.2,0.0,0.0021803303463834847,-0.014571253085061232,-0.013034294626541154,-0.18,0.18,1.0
22.75698471069336,1,,0.0,0.2,0.0,0.0049851303550753545,-0.002655518004912259,-0.009567101376846748,-0.18,0.18,1.0
22.75698471069336,1,,0.0,0.2,0.0,-0.002977617893038913,0.0011733210397603209,-0.008355120145750588,-0.18,0.18,1.0
22.75698471069336,1,,0.0,0.2,0.0,-0.004721782216022428,-0.012982886430129448,-0.010691294648885068,-0.18,0.18,1.0
22.75698471069336,1,,0.0,0.2,0.0,-0.0046894199440927035,-0.012116160565152021,-0.008386772079218343,-0.18,0.18,1.0
22.75698471069336,1,,0.0,0.2,0.0,-0.006097460411768986,-0.009820672903459969,-0.010925656806183893,-0.18,0.18,1.0
22.75698471069336,1,,0.0,0.2,0.0,-0.0011022871460154664,-0.024765110055881136,-0.013175299198840725,-0.18,0.18,1.0
22.75698471069336,1,,0.0,0.2,0.0,-0.0025721081153458926,-0.0061615963556020765,-0.00659664618144606,-0.18,0.18,1.0
22.807358980178833,1,,0.0,0.2,0.0,-0.0038320290969704107,-0.008585505053638205,-0.006626310788252328,-0.18,0.18,1.0
22.807358980178833,1,,0.0,0.2,0.0,-0.007125100842846261,-0.013161616664605613,0.0001927901539571889,-0.18,0.18,1.0
22.807358980178833,1,,0.0,0.2,0.0,-0.013077091203047005,-0.012017804572916516,-0.010018994403548927,-0.18,0.18,1.0
22.807358980178833,1,,0.0,0.2,0.0,-0.008927006983614679,-0.007580118403924066,0.001191390367430813,-0.18,0.18,1.0
22.807358980178833,1,,0.0,0.2,0.0,-0.001957638726207474,-0.010259116185318188,-0.005292292676531937,-0.18,0.18,1.0
22.807358980178833,1,,0.0,0.2,0.0,-0.008730391295380443,-0.004013174927063188,-0.007774179868952058,-0.18,0.18,1.0
22.807358980178833,1,,0.0,0.2,0.0,-0.016066458412676,-0.0014659009682634174,0.0003744902202741633,-0.18,0.18,1.0
22.807358980178833,1,,0.0,0.2,0.0,-0.01657566811370551,-0.0034259888974494147,-0.0008116072979073014,-0.18,0.18,1.0
22.807358980178833,1,,0.0,0.2,0.0,-0.018225398849371695,-0.022306808772204055,-0.007750903550110108,-0.18,0.18,1.0
22.807358980178833,1,,0.0,0.2,0.0,-0.00915919256240364,-0.00877323718722387,-0.0019145580105782275,-0.18,0.18,1.0
22.84764528274536,1,,0.0,0.2,0.0,-0.00495427024910446,-0.0066008908089761195,0.0009715853180813336,-0.18,0.18,1.0
22.84764528274536,1,,0.0,0.2,0.0,-0.012463585028834273,-0.0072099755812839944,-0.002685249353982241,-0.18,0.18,1.0
22.84764528274536,1,,0.0,0.2,0.0,-0.0016169337775438605,-0.009860071747885824,-0.00378771223420841,-0.18,0.18,1.0
22.84764528274536,1,,0.0,0.2,0.0,-0.007613448302534528,-0.009695200184600572,-0.002841111069162443,-0.18,0.18,1.0
22.84764528274536,1,,0.0,0.2,0.0,-0.014712872795784537,-0.009080088499700914,0.0026413582571847183,-0.18,0.18,1.0
22.84764528274536,1,,0.0,0.2,0.0,-0.021670330569546904,-0.014820321060838942,0.005033188182111309,-0.18,0.18,1.0
22.84764528274536,1,,0.0,0.2,0.0,-0.01959131539826145,-0.008873354003648568,-0.005686061822357763,-0.18,0.18,1.0
22.84764528274536,1,,0.0,0.2,0.0,-0.020185592890064236,-0.0038316062922238896,-0.0010918445286949823,-0.18,0.18,1.0
22.84764528274536,1,,0.0,0.2,0.0,-0.012304432951270266,-0.01334177952451694,-0.0008170191580441854,-0.18,0.18,1.0
22.84764528274536,1,,0.0,0.2,0.0,-0.008069972823170079,-0.01176274516553077,-0.002020667229705079,-0.18,0.18,1.0
22.887959241867065,1,,0.0,0.2,0.0,-0.004534716646316696,-0.012149803560211012,-0.002430455805055122,-0.18,0.18,1.0
22.887959241867065,1,,0.0,0.2,0.0,0.0012310108624106124,-0.010735429885315813,-0.0013861139324661336,-0.18,0.18,1.0
22.887959241867065,1,,0.0,0.2,0.0,-0.0106347476346794,-0.011868028777529488,-0.0030305901225989125,-0.18,0.18,1.0
22.887959241867065,1,,0.0,0.2,0.0,-0.009683650891648531,-0.021307353297014265,-0.0032336420993565925,-0.18,0.18,1.0
22.887959241867065,1,,0.0,0.2,0.0,-0.0068133366878200124,-0.012678066061634304,0.00042373274592316396,-0.18,0.18,1.0
22.887959241867065,1,,0.0,0.2,0.0,0.00220988012353304,-0.030617063639635497,-0.0027624816667352592,-0.18,0.18,1.0
22.887959241867065,1,,0.0,0.2,0.0,0.0002200174792989934,-0.0009007111177117019,-0.001420278210779977,-0.18,0.18,1.0
22.887959241867065,1,,0.0,0.2,0.0,-0.003300379800059116,-0.012859033440456007,-0.005102567364989673,-0.18,0.18,1.0
22.887959241867065,1,,0.0,0.2,0.0,-0.0075708952401209294,-0.024067088220267485,-0.0007691169504336827,-0.18,0.18,1.0
22.887959241867065,1,,0.0,0.2,0.0,-0.011045012558821616,-0.01799405362468429,-0.005357757222841843,-0.18,0.18,1.0
22.93832564353943,1,,0.0,0.2,0.0,-0.004300500197956237,-0.009923458170545131,-0.004126466769834773,-0.18,0.18,1.0
22.93832564353943,1,,0.0,0.2,0.0,-0.005277770766078312,-0.00635818734224094,-0.006400082063380557,-0.18,0.18,1.0
22.93832564353943,1,,0.0,0.2,0.0,-0.007698480285332194,0.0051082152092528825,-0.0002849828459649919,-0.18,0.18,1.0
22.93832564353943,1,,0.0,0.2,0.0,-0.01586895518395247,-0.00796027175327678,-0.005550302389437579,-0.18,0.18,1.0
22.93832564353943,1,,0.0,0.2,0.0,-0.006912417266325807,0.003994181349514935,-0.00863007309740782,-0.18,0.18,1.0
22.93832564353943,1,,0.0,0.2,0.0,-0.0009895126085161842,-0.015838929522217254,-0.010110007928401481,-0.18,0.18,1.0
22.93832564353943,1,,0.0,0.2,0.0,-0.004294993171847798,-0.017442996674023006,-0.010717234095436717,-0.18,0.18,1.0
22.93832564353943,1,,0.0,0.2,0.0,0.0044930591915049905,-0.01669802225747921,-0.011230560260687784,-0.18,0.18,1.0
22.93832564353943,1,,0.0,0.2,0.0,0.00526408849371162,-0.01365927811314527,-0.009431103672153347,-0.18,0.18,1.0
22.93832564353943,1,,0.0,0.2,0.0,-0.0061799277885509945,-0.021963670510236618,-0.004470083768977837,-0.18,0.18,1.0
22.97861933708191,1,,0.0,0.2,0.0,-0.015429404948067035,-0.003305474393585405,-0.012437936100051733,-0.18,0.18,1.0
22.97861933708191,1,,0.0,0.2,0.0,-0.005138219463467685,-0.00604827511124522,-0.011283559905457246,-0.18,0.18,1.0
22.97861933708191,1,,0.0,0.2,0.0,-0.013076081973389487,-0.004719767947997767,-0.00794210685503145,-0.18,0.18,1.0
22.97861933708191,1,,0.0,0.2,0.0,-0.004737267402577889,-0.010136224546359977,-0.00827734894713204,-0.18,0.18,1.0
22.97861933708191,1,,0.0,0.2,0.0,-0.011185594668024311,-0.005136546699334956,-0.002713273145693517,-0.18,0.18,1.0
22.97861933708191,1,,0.0,0.2,0.0,-0.010103619020283233,-0.01709514169682523,-0.007890657804080827,-0.18,0.18,1.0
22.97861933708191,1,,0.0,0.2,0.0,-0.0028461487871202793,-0.020089989437453326,-0.003979138684573406,-0.18,0.18,1.0
22.97861933708191,1,,0.0,0.2,0.0,-0.002044810381465995,-0.02704543536194477,-0.003852826145137238,-0.18,0.18,1.0
22.97861933708191,1,,0.0,0.2,0.0,-0.0066788319098778064,-0.010362001061715346,-0.006049418108912225,-0.18,0.18,1.0
22.97861933708191,1,,0.0,0.2,0.0,0.004712544787364915,-0.013045634614494832,-0.00893882192455346,-0.18,0.18,1.0
23.01892113685608,1,,0.0,0.2,0.0,-0.0017066871209838546,-0.007248778362558967,-0.008601159727988809,-0.18,0.18,1.0
23.01892113685608,1,,0.0,0.2,0.0,-0.012712447729279824,-0.01038580440109313,-0.0017379267169570394,-0.18,0.18,1.0
23.01892113685608,1,,0.0,0.2,0.0,-0.013432820401940944,0.0030650791830485187,-0.002422041035502996,-0.18,0.18,1.0
23.01892113685608,1,,0.0,0.2,0.0,-0.0013793101794803248,-0.0048532269882313895,-0.003907991317796428,-0.18,0.18,1.0
23.01892113685608,1,,0.0,0.2,0.0,-9.592964106394316e-05,0.002822852889449527,-0.00042897572880839217,-0.18,0.18,1.0
23.01892113685608,1,,0.0,0.2,0.0,0.009572117937295743,-0.010504903513461132,-0.013577955843373412,-0.18,0.18,1.0
23.01892113685608,1,,0.0,0.2,0.0,-0.0018914547353683826,-0.011828801699559386,-0.0018592677962069508,-0.18,0.18,1.0
23.01892113685608,1,,0.0,0.2,0.0,-0.0038194259397440738,-0.011591150393518317,-0.00211440355085789,-0.18,0.18,1.0
23.01892113685608,1,,0.0,0.2,0.0,-0.003874858279382267,-0.024523814975006282,-0.011674990965945776,-0.18,0.18,1.0
23.01892113685608,1,,0.0,0.2,0.0,-0.007021185627060901,-0.00572846347520872,-0.0037498713905615394,-0.18,0.18,1.0
23.059234619140625,1,,0.0,0.2,0.0,-0.005654165275821218,-0.017423796459313624,-0.0032944858462525184,-0.18,0.18,1.0
23.059234619140625,1,,0.0,0.2,0.0,-0.013295510545373635,-0.007648886711138249,0.0003074177047390063,-0.18,0.18,1.0
23.059234619140625,1,,0.0,0.2,0.0,-0.004177756414710914,-0.01913577863504149,0.0016719826455215943,-0.18,0.18,1.0
23.059234619140625,1,,0.0,0.2,0.0,0.00235484035563632,-0.022098044460706845,-0.00818962196041307,-0.18,0.18,1.0
23.059234619140625,1,,0.0,0.2,0.0,-0.0076179298536476125,-0.01389164580974566,-0.00741249057881084,-0.18,0.18,1.0
23.059234619140625,1,,0.0,0.2,0.0,-0.006532062648403727,-0.025882767173267963,0.0031238982757657236,-0.18,0.18,1.0
23.059234619140625,1,,0.0,0.2,0.0,-0.01092138179569618,-0.013790874497814326,0.0014773772824134982,-0.18,0.18,1.0
23.059234619140625,1,,0.0,0.2,0.0,-0.01294065287759794,-0.008839623923517864,-0.0010057003946358648,-0.18,0.18,1.0
23.059234619140625,1,,0.0,0.2,0.0,-0.014519479299920292,-0.01454599443508905,0.0004943371920638867,-0.18,0.18,1.0
23.059234619140625,1,,0.0,0.2,0.0,-0.012789897320183758,-0.012515124949899578,0.0036183858112535023,-0.18,0.18,1.0
23.109606742858887,1,,0.0,0.2,0.0,-0.015190720899100186,-0.015325441468235605,-0.0018696749674494437,-0.18,0.18,1.0
23.109606742858887,1,,0.0,0.2,0.0,-0.008641589255986397,-0.005786728589766766,-0.0012734427619216441,-0.18,0.18,1.0
23.109606742858887,1,,0.0,0.2,0.0,-0.011559622958296755,0.0028041277201650825,-0.011687699313965363,-0.18,0.18,1.0
23.109606742858887,1,,0.0,0.2,0.0,-0.009529123965203631,-0.00412928358233399,-0.019522011333607654,-0.18,0.18,1.0
23.109606742858887,1,,0.0,0.2,0.0,-0.004305208506710734,-0.003985303313604837,-0.008068381107094217,-0.18,0.18,1.0
23.109606742858887,1,,0.0,0.2,0.0,-0.005150251567740532,0.0006893418947291709,-0.001209191899023173,-0.18,0.18,1.0
23.109606742858887,1,,0.0,0.2,0.0,-0.004397164559347261,0.0033834785782573865,0.002649867219282589,-0.18,0.18,1.0
23.109606742858887,1,,0.0,0.2,0.0,-0.01157488166590313,-0.009807514729519242,0.011261824144638072,-0.18,0.18,1.0
23.109606742858887,1,,0.0,0.2,0.0,-0.0013142977143271205,-0.009710752621136189,0.01228316441558399,-0.18,0.18,1.0
23.109606742858887,1,,0.0,0.2,0.0,-0.001375199459884457,-0.012094874350683134,0.015865982830250286,-0.18,0.18,1.0
23.149922370910645,1,,0.0,0.2,0.0,-0.005645373471376835,-0.01413076781101782,0.004496044057483462,-0.18,0.18,1.0
23.149922370910645,1,,0.0,0.2,0.0,-0.01008244526686197,-0.020609244949535244,-0.0009361764091351804,-0.18,0.18,1.0
23.149922370910645,1,,0.0,0.2,0.0,-0.005122523426684018,-0.011839535578404435,-0.009061670494832384,-0.18,0.18,1.0
23.149922370910645,1,,0.0,0.2,0.0,-0.008100574652932726,-0.014475157520476092,-0.0007785730166340065,-0.18,0.18,1.0
23.149922370910645,1,,0.0,0.2,0.0,-0.004394828072285851,-0.008311206249815427,0.0002531257259662315,-0.18,0.18,1.0
23.149922370910645,1,,0.0,0.2,0.0,-0.0014359026752768596,0.001400625630278881,0.0002150404483724575,-0.18,0.18,1.0
23.149922370910645,1,,0.0,0.2,0.0,-0.0002763367499184842,-0.007193863483140289,-0.006505693022035813,-0.18,0.18,1.0
23.149922370910645,1,,0.0,0.2,0.0,0.0010116514229626876,-0.014229986039394578,-0.009362281481993789,-0.18,0.18,1.0
23.149922370910645,1,,0.0,0.2,0.0,-0.0014407455371007998,-0.005552519768972438,-0.006473957515487367,-0.18,0.18,1.0
23.19022226333618,1,,0.0,0.2,0.0,-0.011316769622003928,-0.015332972971544383,-0.0008568831157424359,-0.18,0.18,1.0
23.19022226333618,1,,0.0,0.2,0.0,-0.007102903525894241,-0.004750317428747617,0.002410703892085815,-0.18,0.18,1.0
23.19022226333618,1,,0.0,0.2,0.0,-0.00020179549277247376,-0.02430072184792266,-0.00036697121188800417,-0.18,0.18,1.0
23.19022226333618,1,,0.0,0.2,0.0,-0.0050105704218680784,-0.009547873195779181,0.0033998037832658964,-0.18,0.18,1.0
23.19022226333618,1,,0.0,0.2,0.0,0.009743889707301247,-0.010474313978579083,0.003530102366055259,-0.18,0.18,1.0
23.19022226333618,1,,0.0,0.2,0.0,0.01018468255052581,-0.015181230117187907,0.0018002816559446958,-0.18,0.18,1.0
23.19022226333618,1,,0.0,0.2,0.0,0.005472452365020067,-0.0058695079883009415,0.0009668310135272011,-0.18,0.18,1.0
23.19022226333618,1,,0.0,0.2,0.0,-0.0012674931490972926,-0.020960494521639766,-0.002275970561563044,-0.18,0.18,1.0
23.19022226333618,1,,0.0,0.2,0.0,-0.0073913012324669765,-0.018925704818603794,-0.006780582728261831,-0.18,0.18,1.0
23.19022226333618,1,,0.0,0.2,0.0,-0.013913717880543585,-0.014941615545396275,-0.0013175299659775944,-0.18,0.18,1.0
23.230536699295044,1,,0.0,0.2,0.0,-0.010088439491158233,-0.02469047613347316,-0.004493839809371678,-0.18,0.18,1.0
23.230536699295044,1,,0.0,0.2,0.0,-0.012555144569076474,-0.028531968618565093,-0.006180648815301954,-0.18,0.18,1.0
23.230536699295044,1,,0.0,0.2,0.0,-0.015543815586916183,-0.029279719474375392,-0.004582890190603546,-0.18,0.18,1.0
23.230536699295044,1,,0.0,0.2,0.0,-0.015954290673822463,0.0011899713788789627,-0.005431515295948859,-0.18,0.18,1.0
23.230536699295044,1,,0.0,0.2,0.0,-0.016060281854006965,0.007194172180665616,-0.0018650279037725238,-0.18,0.18,1.0
23.230536699295044,1,,0.0,0.2,0.0,-0.008315985575129584,-0.002902315662661721,-0.0017261725032124994,-0.18,0.18,1.0
23.230536699295044,1,,0.0,0.2,0.0,-0.0057525255031414865,-0.00805981539978525,-0.0021141694184939625,-0.18,0.18,1.0
23.230536699295044,1,,0.0,0.2,0.0,-0.011683357779907188,0.003246141187553155,-0.010787221762847188,-0.18,0.18,1.0
23.230536699295044,1,,0.0,0.2,0.0,-0.008154022897644957,-0.014809958986673442,-0.007822241238004488,-0.18,0.18,1.0
23.230536699295044,1,,0.0,0.2,0.0,-0.0008189872396981119,-0.008486920448162004,-0.008593072924876804,-0.18,0.18,1.0
23.280893564224243,1,,0.0,0.2,0.0,-0.007227302279087458,-0.020344478564939813,-0.003444079121963058,-0.18,0.18,1.0
23.280893564224243,1,,0.0,0.2,0.0,-0.008186924886022804,-0.00683020712506595,-0.0054230815894247214,-0.18,0.18,1.0
23.280893564224243,1,,0.0,0.2,0.0,-0.00836447785681992,-0.012171591719854177,-0.006531573164602481,-0.18,0.18,1.0
23.280893564224243,1,,0.0,0.2,0.0,-0.007628829438527565,-0.006803773052808771,-0.006185348958775981,-0.18,0.18,1.0
23.280893564224243,1,,0.0,0.2,0.0,-0.009009259948992765,-0.012000480815051479,-0.007495105092772164,-0.18,0.18,1.0
23.280893564224243,1,,0.0,0.2,0.0,-0.007324869766935842,-0.02375991260011912,-0.009745568939358755,-0.18,0.18,1.0
23.280893564224243,1,,0.0,0.2,0.0,-0.005536592163495456,-0.013843138277898277,-0.010319063203336875,-0.18,0.18,1.0
23.280893564224243,1,,0.0,0.2,0.0,-0.009604742785970257,-0.02167286587883041,-0.013939313013938722,-0.18,0.18,1.0
23.280893564224243,1,,0.0,0.2,0.0,-0.006263957111405288,-0.010734733821791066,-0.005958624126756444,-0.18,0.18,1.0
23.280893564224243,1,,0.0,0.2,0.0,-0.009660780979015564,-0.007302216702208142,-0.0027385900735243745,-0.18,0.18,1.0
23.32118034362793,1,,0.0,0.2,0.0,-0.008145862222886272,-0.015262626548415629,-0.002171008563212141,-0.18,0.18,1.0
23.32118034362793,1,,0.0,0.2,0.0,-0.00969429801931044,-0.019772875564618108,-0.008639510721253225,-0.18,0.18,1.0
23.32118034362793,1,,0.0,0.2,0.0,-0.012165623943745147,-0.02254632192510492,-0.008953519707136703,-0.18,0.18,1.0
23.32118034362793,1,,0.0,0.2,0.0,-0.014848024279032446,-0.01543721083464168,-0.0008310323506615865,-0.18,0.18,1.0
23.32118034362793,1,,0.0,0.2,0.0,-0.009422277483402424,-0.01033994114369373,-0.0019518178270238448,-0.18,0.18,1.0
23.32118034362793,1,,0.0,0.2,0.0,-0.001350252866253903,-0.015968735692614384,-0.003273791967212742,-0.18,0.18,1.0
23.32118034362793,1,,0.0,0.2,0.0,-0.0006700381472863134,7.84615400611549e-05,-0.0036613424538637666,-0.18,0.18,1.0
23.32118034362793,1,,0.0,0.2,0.0,0.0007263773066826513,-0.0034438769308143846,0.0008522864589542862,-0.18,0.18,1.0
23.32118034362793,1,,0.0,0.2,0.0,0.0014594529782102634,-0.0005436954145538658,0.001695180964684058,-0.18,0.18,1.0
23.32118034362793,1,,0.0,0.2,0.0,-0.001718257063720949,-0.00587214795691711,0.0020810389142386027,-0.18,0.18,1.0
23.361474752426147,1,,0.0,0.2,0.0,-0.003635949338440417,-0.01676866295869728,-0.0004799877401140233,-0.18,0.18,1.0
23.361474752426147,1,,0.0,0.2,0.0,-0.00276839572158797,-0.010367854243961416,-0.0043078800991154026,-0.18,0.18,1.0
23.361474752426147,1,,0.0,0.2,0.0,-0.006498160742025279,-0.02448160192375858,-0.014178814910091882,-0.18,0.18,1.0
23.361474752426147,1,,0.0,0.2,0.0,-0.006523142808116996,-0.011292269613321507,-0.011018778539234789,-0.18,0.18,1.0
23.361474752426147,1,,0.0,0.2,0.0,-0.007223242298769488,-0.005720728440075956,-0.0059645236770937415,-0.18,0.18,1.0
23.361474752426147,1,,0.0,0.2,0.0,-0.002915660101410492,-0.020346613894498614,-0.0010118781701548068,-0.18,0.18,1.0
23.361474752426147,1,,0.0,0.2,0.0,-0.0046068586017520225,-0.008301493975564043,-0.0051578834099600445,-0.18,0.18,1.0
23.361474752426147,1,,0.0,0.2,0.0,0.0021815226849956743,-0.005691752413621692,-0.004795868212895271,-0.18,0.18,1.0
23.361474752426147,1,,0.0,0.2,0.0,0.003428555708511951,-0.020755151782045927,-0.010748213319178558,-0.18,0.18,1.0
23.361474752426147,1,,0.0,0.2,0.0,0.0029228724600690458,0.007835955285207877,-0.007164309989479497,-0.18,0.18,1.0
23.41185426712036,1,,0.0,0.2,0.0,-0.005219188812464082,-0.005181588152854119,-0.0038365346993475763,-0.18,0.18,1.0
23.41185426712036,1,,0.0,0.2,0.0,-0.001980346543807434,-0.014175929154674216,-0.004680317496874893,-0.18,0.18,1.0
23.41185426712036,1,,0.0,0.2,0.0,-0.0010235881824193903,-0.016832065101718613,-0.0003610735496056437,-0.18,0.18,1.0
23.41185426712036,1,,0.0,0.2,0.0,0.012823533545881035,0.0017981567181386993,-0.009654571827310597,-0.18,0.18,1.0
23.41185426712036,1,,0.0,0.2,0.0,0.003213041981816506,-0.015025293160914003,-0.007573601460569048,-0.18,0.18,1.0
23.41185426712036,1,,0.0,0.2,0.0,-0.005846285013697029,-0.008355350465911043,-0.009854132389363035,-0.18,0.18,1.0
23.41185426712036,1,,0.0,0.2,0.0,-0.008160276086515223,-0.02211029332117379,-0.006916606267680336,-0.18,0.18,1.0
23.41185426712036,1,,0.0,0.2,0.0,-0.010769308713591785,-0.010593482451898043,-0.009125697857347265,-0.18,0.18,1.0
23.41185426712036,1,,0.0,0.2,0.0,-0.01700531045952415,-0.008701003059884504,-0.005683830810766256,-0.18,0.18,1.0
23.41185426712036,1,,0.0,0.2,0.0,-0.01139600907728647,-0.020263488232105737,0.0012959454198394566,-0.18,0.18,1.0
23.45214319229126,1,,0.0,0.2,0.0,-0.01198956613704629,-0.018467428570550073,0.004969518576845918,-0.18,0.18,1.0
23.45214319229126,1,,0.0,0.2,0.0,-0.011442057794159504,-0.014183325339405898,0.00042829724410681555,-0.18,0.18,1.0
23.45214319229126,1,,0.0,0.2,0.0,-0.009615774671743425,-0.007038568789883792,-0.0019844769809614117,-0.18,0.18,1.0
23.45214319229126,1,,0.0,0.2,0.0,-0.0021706937216023174,-0.007281060038433826,-0.004445805593493137,-0.18,0.18,1.0
23.45214319229126,1,,0.0,0.2,0.0,-0.004323241257456139,-0.0019554172669765477,-0.00899803136110097,-0.18,0.18,1.0
23.45214319229126,1,,0.0,0.2,0.0,-0.004215930571419063,0.004422545508482315,-0.003983458192428155,-0.18,0.18,1.0
23.45214319229126,1,,0.0,0.2,0.0,-0.00997263886818451,-0.0037989149361670606,-0.009224361916847642,-0.18,0.18,1.0
23.45214319229126,1,,0.0,0.2,0.0,-0.003246380219687922,-0.0006338626329096837,-0.0021704874407893317,-0.18,0.18,1.0
23.45214319229126,1,,0.0,0.2,0.0,0.0017852977481597069,-0.008390526310593106,0.00247790781914561,-0.18,0.18,1.0
23.45214319229126,1,,0.0,0.2,0.0,-0.011404513101218445,-0.020135847376305006,0.0010335175517309518,-0.18,0.18,1.0
23.49244236946106,1,,0.0,0.2,0.0,-0.013911357059381705,-0.012838302381468426,-0.0051238768152077445,-0.18,0.18,1.0
23.49244236946106,1,,0.0,0.2,0.0,-0.009068510784062006,-0.025351387169317872,-0.0043993919302751155,-0.18,0.18,1.0
23.49244236946106,1,,0.0,0.2,0.0,-0.003214605215006981,-0.02157977568131339,-0.0037427157468325955,-0.18,0.18,1.0
23.49244236946106,1,,0.0,0.2,0.0,-0.002998978729010187,-0.03208524106102817,-0.008855474490421684,-0.18,0.18,1.0
23.49244236946106,1,,0.0,0.2,0.0,-0.0017969040613556803,-0.016711610531108298,-0.0038417496852626147,-0.18,0.18,1.0
23.49244236946106,1,,0.0,0.2,0.0,-0.0034095641603990447,-0.00659999977004918,-0.007171251768299315,-0.18,0.18,1.0
23.49244236946106,1,,0.0,0.2,0.0,-0.0055240439161477525,-0.013460744025282093,-0.006439663986038758,-0.18,0.18,1.0
23.49244236946106,1,,0.0,0.2,0.0,-0.00687689868669613,-0.0096176006554301,-3.9490403632023377e-05,-0.18,0.18,1.0
23.49244236946106,1,,0.0,0.2,0.0,-0.006106909118718793,-0.003302968747698527,-0.007810855636061169,-0.18,0.18,1.0
23.49244236946106,1,,0.0,0.2,0.0,-0.0034600284727190488,-0.01499612194060449,-0.0060896932237330895,-0.18,0.18,1.0
23.532809257507324,1,,0.0,0.2,0.0,-0.01210886716576798,-0.013454447563603393,-0.00788621663793753,-0.18,0.18,1.0
23.532809257507324,1,,0.0,0.2,0.0,-0.019768591644063683,-0.016185905229164,0.000938929682196925,-0.18,0.18,1.0
23.532809257507324,1,,0.0,0.2,0.0,-0.022656231359578803,-0.01829188984387152,-0.0021721262908711582,-0.18,0.18,1.0
23.532809257507324,1,,0.0,0.2,0.0,-0.015284301263301776,-0.017670467683850406,-0.0042863132783498275,-0.18,0.18,1.0
23.532809257507324,1,,0.0,0.2,0.0,-0.014237637175956651,-0.014092065283279526,-0.007283309209278224,-0.18,0.18,1.0
23.532809257507324,1,,0.0,0.2,0.0,-0.015872765364048396,-0.02039784190583001,-0.012891095575906229,-0.18,0.18,1.0
23.532809257507324,1,,0.0,0.2,0.0,-0.008736613223845446,-0.021840134506110487,-0.011679679607323067,-0.18,0.18,1.0
23.532809257507324,1,,0.0,0.2,0.0,-0.006782121691711734,-0.014822150318247858,-0.012933281480662797,-0.18,0.18,1.0
23.532809257507324,1,,0.0,0.2,0.0,0.001367182390087942,-0.012328311007951093,-0.010614133267282945,-0.18,0.18,1.0
23.532809257507324,1,,0.0,0.2,0.0,-0.0031846292513846275,-0.02017570882828075,-0.01295411499475331,-0.18,0.18,1.0
23.583182096481323,1,,0.0,0.2,0.0,-0.0004284066254715748,-0.015959589303773777,-0.005629663764955691,-0.18,0.18,1.0
23.583182096481323,1,,0.0,0.2,0.0,-0.008504971291003388,-0.0048143610256802475,-0.008374782557325131,-0.18,0.18,1.0
23.583182096481323,1,,0.0,0.2,0.0,-0.00969064436461026,-0.005229003944415008,0.0004396651909952706,-0.18,0.18,1.0
23.583182096481323,1,,0.0,0.2,0.0,-0.011625814800347942,-0.016150130442565087,-0.0029014237200233853,-0.18,0.18,1.0
23.583182096481323,1,,0.0,0.2,0.0,-0.001772662299407451,0.004921697048396679,-0.003515644580627221,-0.18,0.18,1.0
23.583182096481323,1,,0.0,0.2,0.0,-0.00012820151533525688,-0.013516169375348507,-0.011743176346664441,-0.18,0.18,1.0
23.583182096481323,1,,0.0,0.2,0.0,0.004037188142440049,-0.018480520908629266,-0.010786055006570375,-0.18,0.18,1.0
23.583182096481323,1,,0.0,0.2,0.0,-0.0008199750838120233,-0.02112025776216999,-0.006314449278634881,-0.18,0.18,1.0
23.583182096481323,1,,0.0,0.2,0.0,-3.171638767998448e-05,-0.01889155798900219,-0.012935035633304797,-0.18,0.18,1.0
23.583182096481323,1,,0.0,0.2,0.0,-0.0048880177464876405,-0.021196749395992313,-0.007874660978867779,-0.18,0.18,1.0
23.623491525650024,1,,0.0,0.2,0.0,-0.0026579759686828973,-0.01169168540772181,-0.009512109567509874,-0.18,0.18,1.0
23.623491525650024,1,,0.0,0.2,0.0,-0.0016789645634035235,-0.0075783849641631994,-0.015082521571205758,-0.18,0.18,1.0
23.623491525650024,1,,0.0,0.2,0.0,-0.00780726569280549,0.005788752592144083,-0.017864004627057003,-0.18,0.18,1.0
23.623491525650024,1,,0.0,0.2,0.0,-0.01835696798116201,-0.009033081763232855,-0.008822477027840649,-0.18,0.18,1.0
23.623491525650024,1,,0.0,0.2,0.0,-0.007573455399092826,-0.0025010956238080383,-0.0030902126073909116,-0.18,0.18,1.0
23.623491525650024,1,,0.0,0.2,0.0,-0.010815850273446677,0.0002432950547710061,0.002212262629846079,-0.18,0.18,1.0
23.623491525650024,1,,0.0,0.2,0.0,-0.013340216099538246,0.0007526745319393278,0.007229708103073857,-0.18,0.18,1.0
23.623491525650024,1,,0.0,0.2,0.0,-0.019231731885514816,0.004677849521875226,0.0030109015246489582,-0.18,0.18,1.0
23.623491525650024,1,,0.0,0.2,0.0,-0.013124609873294994,0.02064200535341541,-5.2893864241876526e-05,-0.18,0.18,1.0
23.623491525650024,1,,0.0,0.2,0.0,-0.011546685937641916,0.01029673893807416,0.0020283337207506217,-0.18,0.18,1.0
23.663784980773926,1,,0.0,0.2,0.0,-0.013544631164027487,-0.008644424790102837,0.0015330565164758045,-0.18,0.18,1.0
23.663784980773926,1,,0.0,0.2,0.0,-0.017497378836867646,-0.0056016685995830704,-0.0026880632583841956,-0.18,0.18,1.0
23.663784980773926,1,,0.0,0.2,0.0,-0.013851152878239924,-0.010219676747616945,-0.004433979653354348,-0.18,0.18,1.0
23.663784980773926,1,,0.0,0.2,0.0,-0.003421669593360441,-0.006447662797805395,-0.003733494687792209,-0.18,0.18,1.0
23.663784980773926,1,,0.0,0.2,0.0,-0.006733203124428064,-0.01147744444384936,0.0006788487984455188,-0.18,0.18,1.0
23.663784980773926,1,,0.0,0.2,0.0,-0.010554272966494723,-0.01643523502408843,0.0009217233036732077,-0.18,0.18,1.0
23.663784980773926,1,,0.0,0.2,0.0,-0.011884612868145556,-0.019300273242381337,-0.0011227522286096484,-0.18,0.18,1.0
23.663784980773926,1,,0.0,0.2,0.0,-0.01004133968239174,-0.018193765776294852,-0.0027664642394643695,-0.18,0.18,1.0
23.663784980773926,1,,0.0,0.2,0.0,-0.005319997259876689,-0.017611169814941062,-0.009273894747862886,-0.18,0.18,1.0
23.663784980773926,1,,0.0,0.2,0.0,-0.0017479600444243767,-0.014793749918823892,-0.006664891201765066,-0.18,0.18,1.0
23.704084157943726,1,,0.0,0.2,0.0,-0.0025120799110982593,-0.010616790751424266,-0.011864331857202735,-0.18,0.18,1.0
23.704084157943726,1,,0.0,0.2,0.0,-0.006547607692852748,-0.025739166069310076,-0.009756622081810608,-0.18,0.18,1.0
23.704084157943726,1,,0.0,0.2,0.0,0.003021100432130926,-0.016425808024491742,-0.011926202251614428,-0.18,0.18,1.0
23.704084157943726,1,,0.0,0.2,0.0,-0.010259885334766497,-0.01818981407069383,-0.007348832171639479,-0.18,0.18,1.0
23.704084157943726,1,,0.0,0.2,0.0,-0.006676575197780949,-0.012715943518740223,-0.0020527696317402338,-0.18,0.18,1.0
23.704084157943726,1,,0.0,0.2,0.0,-0.00970737177189495,0.0036812912353629107,-0.0032774482426066653,-0.18,0.18,1.0
23.704084157943726,1,,0.0,0.2,0.0,-0.0013208201819658785,-0.005731165436341907,-0.008533511226588289,-0.18,0.18,1.0
23.704084157943726,1,,0.0,0.2,0.0,-0.009465388455077182,0.0059263244574998255,-0.0037489290342557005,-0.18,0.18,1.0
23.704084157943726,1,,0.0,0.2,0.0,-0.004873887023335014,-0.0043352261595468585,-0.008640373650956368,-0.18,0.18,1.0
23.75446057319641,1,,0.0,0.2,0.0,-0.003102122185827949,-0.010502040940256717,-0.009619557233693751,-0.18,0.18,1.0
23.75446057319641,1,,0.0,0.2,0.0,-0.0027647275499956877,0.0009686665438218234,-0.006976949074194578,-0.18,0.18,1.0
23.75446057319641,1,,0.0,0.2,0.0,-0.0127476080540943,0.0018725694639860025,-0.0027231366074130076,-0.18,0.18,1.0
23.75446057319641,1,,0.0,0.2,0.0,-0.016763202851847642,-0.013458266667461222,0.0037592171027305494,-0.18,0.18,1.0
23.75446057319641,1,,0.0,0.2,0.0,-0.02288129356651766,0.0019008175488753494,-0.0014487384914434011,-0.18,0.18,1.0
23.75446057319641,1,,0.0,0.2,0.0,-0.019679591763162613,-0.02035138964365963,-0.004272878999091789,-0.18,0.18,1.0
23.75446057319641,1,,0.0,0.2,0.0,-0.014673269876583789,-0.02269852470784967,-0.0013032962340042418,-0.18,0.18,1.0
23.75446057319641,1,,0.0,0.2,0.0,-0.0081329713198521,-0.017970212104461612,0.0014528825903586495,-0.18,0.18,1.0
23.75446057319641,1,,0.0,0.2,0.0,-0.010240895688924398,-0.01669099699855481,-0.004016651882128417,-0.18,0.18,1.0
23.75446057319641,1,,0.0,0.2,0.0,-0.01028271556115849,-0.019496636369070876,-0.0010383702841474452,-0.18,0.18,1.0
23.79477310180664,1,,0.0,0.2,0.0,-0.0159206153243796,-0.026442277958625943,-0.005027585818596194,-0.18,0.18,1.0
23.79477310180664,1,,0.0,0.2,0.0,-0.010439440124825988,-0.018496878784239966,-0.002654646999383454,-0.18,0.18,1.0
23.79477310180664,1,,0.0,0.2,0.0,-0.009233691952009362,-0.02945943799296629,-0.0013205073470233643,-0.18,0.18,1.0
23.79477310180664,1,,0.0,0.2,0.0,0.002137216597148545,-0.03243631418837461,-0.0020371636781831167,-0.18,0.18,1.0
23.79477310180664,1,,0.0,0.2,0.0,4.865332896676317e-05,-0.028236384559757428,0.006565450206437938,-0.18,0.18,1.0
23.79477310180664,1,,0.0,0.2,0.0,-0.01199090105521382,-0.02242046800756023,0.002549700556856174,-0.18,0.18,1.0
23.79477310180664,1,,0.0,0.2,0.0,-0.00022818981737239541,-0.013579736994325046,-0.004299747228457548,-0.18,0.18,1.0
23.79477310180664,1,,0.0,0.2,0.0,0.0015990616315547188,-0.013715356381031182,-0.0016407554618676618,-0.18,0.18,1.0
23.79477310180664,1,,0.0,0.2,0.0,-0.00014617641307156773,-0.025322075144281954,0.0025437486095432503,-0.18,0.18,1.0
23.79477310180664,1,,0.0,0.2,0.0,-0.0023604964810339827,-0.01737537467651569,0.0025767471270787706,-0.18,0.18,1.0
23.8350830078125,1,,0.0,0.2,0.0,-0.002191404771209732,-0.024939268812563756,0.002057350639528823,-0.18,0.18,1.0
23.8350830078125,1,,0.0,0.2,0.0,-0.0006076413533948982,-0.027129830848018937,-0.00018510296838863898,-0.18,0.18,1.0
23.8350830078125,1,,0.0,0.2,0.0,-0.002827514246379931,-0.024658209757658534,-0.0013831140466951776,-0.18,0.18,1.0
23.8350830078125,1,,0.0,0.2,0.0,-0.010638826820399563,-0.021675476526525704,0.0014327416694587826,-0.18,0.18,1.0
23.8350830078125,1,,0.0,0.2,0.0,-0.006061811726737468,-0.016485763470688114,-0.008026097304410576,-0.18,0.18,1.0
23.8350830078125,1,,0.0,0.2,0.0,-0.0070424742027066275,-0.014935211814925155,-0.00955916945823947,-0.18,0.18,1.0
23.8350830078125,1,,0.0,0.2,0.0,-0.0061483927142134045,-0.015505861695923034,-0.006533100473838354,-0.18,0.18,1.0
23.8350830078125,1,,0.0,0.2,0.0,-0.011185993427762816,-0.008909334494817171,-0.0004724874951650938,-0.18,0.18,1.0
23.8350830078125,1,,0.0,0.2,0.0,-0.012750224529112451,-0.013478935129895231,-0.00274078535497442,-0.18,0.18,1.0
23.8350830078125,1,,0.0,0.2,0.0,-0.007456522353224713,-0.006782136016174139,-0.0034967926125651335,-0.18,0.18,1.0
23.88545060157776,1,,0.0,0.2,0.0,-0.007895858307466558,0.002794874642859503,-0.005650353149812853,-0.18,0.18,1.0
23.88545060157776,1,,0.0,0.2,0.0,-0.0018263614204392623,-0.008675698739235824,-0.001034832617846143,-0.18,0.18,1.0
23.88545060157776,1,,0.0,0.2,0.0,-0.0061290391484648005,-0.004812638195994183,-0.0002818338649006695,-0.18,0.18,1.0
23.88545060157776,1,,0.0,0.2,0.0,-0.0036011089246125436,-0.01861159807475439,-0.0039536976302320176,-0.18,0.18,1.0
23.88545060157776,1,,0.0,0.2,0.0,0.004077687685444342,0.0014106266889599773,-0.0021107654177804,-0.18,0.18,1.0
23.88545060157776,1,,0.0,0.2,0.0,0.0019838649545699505,-0.01776568858012875,-9.366786207396749e-05,-0.18,0.18,1.0
23.88545060157776,1,,0.0,0.2,0.0,0.007913985529606777,-0.005780610608895358,-0.0030592732984053763,-0.18,0.18,1.0
23.88545060157776,1,,0.0,0.2,0.0,0.006615022084447222,-0.00772633655866575,-0.007474269657874765,-0.18,0.18,1.0
23.88545060157776,1,,0.0,0.2,0.0,0.012569635780859201,0.002589887062633749,-0.0031693587549788764,-0.18,0.18,1.0
23.88545060157776,1,,0.0,0.2,0.0,0.0015558135813400957,-0.00714298906347598,-0.008240556298063105,-0.18,0.18,1.0
23.925769805908203,1,,0.0,0.2,0.0,-0.0011469779855057727,-0.011823179298868312,-0.0036748279373224426,-0.18,0.18,1.0
23.925769805908203,1,,0.0,0.2,0.0,0.002002467648917749,-0.011299863818868685,-0.010292635567192222,-0.18,0.18,1.0
23.925769805908203,1,,0.0,0.2,0.0,0.0035407065942659787,0.006116629791263832,-0.009065563428948783,-0.18,0.18,1.0
23.925769805908203,1,,0.0,0.2,0.0,0.013663031503172274,-0.005581832195447275,-0.00716647676023385,-0.18,0.18,1.0
23.925769805908203,1,,0.0,0.2,0.0,0.022636765147764595,-0.010308998274763892,-0.0032348876815116675,-0.18,0.18,1.0
23.925769805908203,1,,0.0,0.2,0.0,0.009081295404762749,0.0009562032112053751,-0.001340146402584487,-0.18,0.18,1.0
23.925769805908203,1,,0.0,0.2,0.0,0.005224555399118905,-0.005893695133554834,-0.002505496898816585,-0.18,0.18,1.0
23.925769805908203,1,,0.0,0.2,0.0,0.005310166205738752,-0.016327167841042517,0.0005614409529846373,-0.18,0.18,1.0
23.925769805908203,1,,0.0,0.2,0.0,0.005190415329548033,-0.014460183289078228,-0.0032544825291513065,-0.18,0.18,1.0
23.925769805908203,1,,0.0,0.2,0.0,-0.011761110297382285,-0.011895139757352846,-0.0021574704919081404,-0.18,0.18,1.0
23.966066598892212,1,,0.0,0.2,0.0,-0.011663189067083017,-0.007654633898433978,-0.009365491211970601,-0.18,0.18,1.0
23.966066598892212,1,,0.0,0.2,0.0,-0.01396072289852519,-0.02239784031132169,-0.01048817035599603,-0.18,0.18,1.0
23.966066598892212,1,,0.0,0.2,0.0,-0.01387677940715973,-0.01466883443607699,0.00234867373907187,-0.18,0.18,1.0
23.966066598892212,1,,0.0,0.2,0.0,-0.016071368378870587,-0.01754942369567262,-0.0022381063289589995,-0.18,0.18,1.0
23.966066598892212,1,,0.0,0.2,0.0,-0.01051609064621672,-0.0001770335718102547,-0.004418373495777587,-0.18,0.18,1.0
23.966066598892212,1,,0.0,0.2,0.0,-0.004889081544479042,-0.006986975236764668,-0.006407583672012762,-0.18,0.18,1.0
23.966066598892212,1,,0.0,0.2,0.0,-0.007548139774543588,-0.007355992735259652,-0.010468247191139,-0.18,0.18,1.0
23.966066598892212,1,,0.0,0.2,0.0,-0.008268180479160725,-0.013080198380587115,-0.010423030514013372,-0.18,0.18,1.0
23.966066598892212,1,,0.0,0.2,0.0,-0.0085486225016013,-0.018190268784658577,-0.00010258349386393482,-0.18,0.18,1.0
23.966066598892212,1,,0.0,0.2,0.0,-0.009648557278172896,-0.0024090478683071273,-0.005962216831831718,-0.18,0.18,1.0
24.006385326385498,1,,0.0,0.3,0.0,-0.001999371187556601,-0.015537890830154999,-0.006448114519274668,-0.18,0.18,1.0
24.006385326385498,1,,0.0,0.3,0.0,-0.001650125550722378,-0.011126737667789906,-0.016229595484544203,-0.18,0.18,1.0
24.006385326385498,1,,0.0,0.3,0.0,-0.005849718680794268,-0.007459018010370654,-0.005145174027130824,-0.18,0.18,1.0
24.006385326385498,1,,0.0,0.3,0.0,-0.0031179337435258865,-0.0033015226254453846,-0.01315797851409536,-0.18,0.18,1.0
24.006385326385498,1,,0.0,0.3,0.0,0.006239883075151394,-0.001270145993364493,-0.01446004937654987,-0.18,0.18,1.0
24.006385326385498,1,,0.0,0.3,0.0,0.00349118339754869,-0.000584954926509493,-0.007504567568597554,-0.18,0.18,1.0
24.006385326385498,1,,0.0,0.3,0.0,0.014315069501352678,-0.01882019064242311,-0.005227476906577565,-0.18,0.18,1.0
24.006385326385498,1,,0.0,0.3,0.0,0.00014944176791706644,-0.022809514648331756,-0.004747492236129596,-0.18,0.18,1.0
24.006385326385498,1,,0.0,0.3,0.0,0.007140673183152785,-0.0068314630374695815,-0.008366891944402469,-0.18,0.18,1.0
24.006385326385498,1,,0.0,0.3,0.0,-0.0005186991342444992,-0.006337816749319563,-0.010695558623511639,-0.18,0.18,1.0
24.05674695968628,1,,0.0,0.3,0.0,-1.7865948761752475e-06,-0.015034277672625291,-0.0022140882434838515,-0.18,0.18,1.0
24.05674695968628,1,,0.0,0.3,0.0,-0.003289113607724407,-0.0116033762456387,0.0023211930016711992,-0.18,0.18,1.0
24.05674695968628,1,,0.0,0.3,0.0,-0.010402053876823142,-0.014719029264080825,-0.007566120571142671,-0.18,0.18,1.0
24.05674695968628,1,,0.0,0.3,0.0,-0.008491916824989808,-0.024636961765405883,-0.005906423494195796,-0.18,0.18,1.0
24.05674695968628,1,,0.0,0.3,0.0,-0.009605966166825573,-0.023830112335526725,0.001153999470138513,-0.18,0.18,1.0
24.05674695968628,1,,0.0,0.3,0.0,-0.0037200538264751996,-0.0071004607061468045,-0.009250820937876221,-0.18,0.18,1.0
24.05674695968628,1,,0.0,0.3,0.0,-0.0050877846134342155,-0.006650726395913064,-0.005352765385082957,-0.18,0.18,1.0
24.05674695968628,1,,0.0,0.3,0.0,-0.01259275184645755,-0.018419232527413072,-0.000915650501389569,-0.18,0.18,1.0
24.05674695968628,1,,0.0,0.3,0.0,-0.019125132075193327,-0.001280476766237746,0.0015069087185814634,-0.18,0.18,1.0
24.05674695968628,1,,0.0,0.3,0.0,-0.016559331440065522,-0.01366207811093381,0.0009180683200729953,-0.18,0.18,1.0
24.097068548202515,1,,0.0,0.3,0.0,-0.01326386856544437,-0.018103840362613026,-0.01089451425761231,-0.18,0.18,1.0
24.097068548202515,1,,0.0,0.3,0.0,-0.005362320555448362,-0.011752409321323825,-0.007276452314475248,-0.18,0.18,1.0
24.097068548202515,1,,0.0,0.3,0.0,-0.010206844142431887,-0.024492100069061114,-0.005561744427153113,-0.18,0.18,1.0
24.097068548202515,1,,0.0,0.3,0.0,-0.0037982281699049697,-0.022515350591850843,-0.004556028379567738,-0.18,0.18,1.0
24.097068548202515,1,,0.0,0.3,0.0,-0.001665097888028632,-0.008638629851814546,-0.0005139706495349973,-0.18,0.18,1.0
24.097068548202515,1,,0.0,0.3,0.0,0.0012762134701283174,-0.01873332294488134,0.005802480045078274,-0.18,0.18,1.0
24.097068548202515,1,,0.0,0.3,0.0,-0.001918583962720666,-0.014457909867995455,0.005188928755525056,-0.18,0.18,1.0
24.097068548202515,1,,0.0,0.3,0.0,-0.0024363819994129283,-0.0024181944487842726,-0.0013094495714581305,-0.18,0.18,1.0
24.097068548202515,1,,0.0,0.3,0.0,-0.0005015018067061881,-0.012023070648516012,-0.005508703367663734,-0.18,0.18,1.0
24.097068548202515,1,,0.0,0.3,0.0,-0.014477151580382557,-0.006256704980382179,-0.012760797191661339,-0.18,0.18,1.0
24.13742971420288,1,,0.0,0.3,0.0,-0.011526153673725153,-0.009585203431071337,-0.01354347353197059,-0.18,0.18,1.0
24.13742971420288,1,,0.0,0.3,0.0,-0.002421308570812764,-0.010313108845420207,-0.013885730310294107,-0.18,0.18,1.0
24.13742971420288,1,,0.0,0.3,0.0,-0.0024527539659805983,0.0012305340992539951,-0.006403571038574093,-0.18,0.18,1.0
24.13742971420288,1,,0.0,0.3,0.0,-0.0021777300716048116,-0.013903897988960483,-0.005371060530355826,-0.18,0.18,1.0
24.13742971420288,1,,0.0,0.3,0.0,-0.0021772240263753834,0.005599748693266306,-0.00685880418882528,-0.18,0.18,1.0
24.13742971420288,1,,0.0,0.3,0.0,0.0059432059543151035,-0.013268525558638129,-0.005670707962911464,-0.18,0.18,1.0
24.13742971420288,1,,0.0,0.3,0.0,0.0022574622168113727,-0.008138791335078267,-0.010897355138376238,-0.18,0.18,1.0
24.13742971420288,1,,0.0,0.3,0.0,-0.0032458266529141904,-0.007395511816135143,-0.015676288059431075,-0.18,0.18,1.0
24.13742971420288,1,,0.0,0.3,0.0,-0.010764610671414406,-0.0098517932212039,-0.018894890778110268,-0.18,0.18,1.0
24.13742971420288,1,,0.0,0.3,0.0,-0.0024834830775676896,-0.008869118293807684,-0.021094898440122377,-0.18,0.18,1.0
24.177727699279785,1,,0.0,0.3,0.0,-0.01759586043491149,-0.004399988777467885,-0.013561578571389293,-0.18,0.18,1.0
24.177727699279785,1,,0.0,0.3,0.0,-0.0006863361301033249,-0.017905748772032628,-0.009785728170917682,-0.18,0.18,1.0
24.177727699279785,1,,0.0,0.3,0.0,0.0014224890584571541,-0.014511392848478395,-0.007792239720574008,-0.18,0.18,1.0
24.177727699279785,1,,0.0,0.3,0.0,-0.0018689472762300039,-0.009869227255797098,-0.014902813350201955,-0.18,0.18,1.0
24.177727699279785,1,,0.0,0.3,0.0,-0.004939005074797259,-0.009417439287532154,-0.002365914814137748,-0.18,0.18,1.0
24.177727699279785,1,,0.0,0.3,0.0,-0.01405501490674966,-0.013422657614660763,0.00026922586925830146,-0.18,0.18,1.0
24.177727699279785,1,,0.0,0.3,0.0,-0.009949890464497641,-0.01925590144637276,-0.0025522596467651816,-0.18,0.18,1.0
24.177727699279785,1,,0.0,0.3,0.0,-0.01328123347121899,-0.0073210258604438465,-0.004385809116973801,-0.18,0.18,1.0
24.177727699279785,1,,0.0,0.3,0.0,0.00025834755000292425,0.0008788681456462751,-0.005034564641043431,-0.18,0.18,1.0
24.177727699279785,1,,0.0,0.3,0.0,0.0014705264865126015,-0.010357342473650987,-0.002708389659444322,-0.18,0.18,1.0
24.22814631462097,1,,0.0,0.3,0.0,-0.010817753110698242,-0.00660936044469332,-0.009756552231982787,-0.18,0.18,1.0
24.22814631462097,1,,0.0,0.3,0.0,-0.015961080899840847,-0.012353215912686564,-0.002151773588941831,-0.18,0.18,1.0
24.22814631462097,1,,0.0,0.3,0.0,-0.007910145411546991,-0.00910498539733865,0.0037326860536390527,-0.18,0.18,1.0
24.22814631462097,1,,0.0,0.3,0.0,-0.003923834105556661,-0.00024373468365196708,0.004158820153924497,-0.18,0.18,1.0
24.22814631462097,1,,0.0,0.3,0.0,-0.010029010673816284,-0.012316987753477924,0.007517022417531928,-0.18,0.18,1.0
24.22814631462097,1,,0.0,0.3,0.0,-0.009705062895674858,-0.005243406720692065,0.0009786170683801672,-0.18,0.18,1.0
24.22814631462097,1,,0.0,0.3,0.0,-0.010939212552009069,-0.010543857555769504,-0.0031584855412709664,-0.18,0.18,1.0
24.22814631462097,1,,0.0,0.3,0.0,-0.011181873716956489,-0.019594384438174614,-0.010729027717184729,-0.18,0.18,1.0
24.22814631462097,1,,0.0,0.3,0.0,-0.009114713958173733,-0.017148331688260535,-0.012259365994523708,-0.18,0.18,1.0
24.26848316192627,1,,0.0,0.3,0.0,-0.013221620934192685,-0.013708708796167523,-0.0091705047987448,-0.18,0.18,1.0
24.26848316192627,1,,0.0,0.3,0.0,-0.013660173343674064,-0.024475753765174406,-0.007830676246187416,-0.18,0.18,1.0
24.26848316192627,1,,0.0,0.3,0.0,-0.015614218196924266,-0.002317585442651426,-0.007662154300102028,-0.18,0.18,1.0
24.26848316192627,1,,0.0,0.3,0.0,-0.01223463647729539,-0.022599537441801196,-0.0008907854737457456,-0.18,0.18,1.0
24.26848316192627,1,,0.0,0.3,0.0,-0.007903417614598689,-0.006316930733528972,-0.0042121055633509066,-0.18,0.18,1.0
24.26848316192627,1,,0.0,0.3,0.0,-0.004954874876362559,-0.012576491896652508,0.009038469309653874,-0.18,0.18,1.0
24.26848316192627,1,,0.0,0.3,0.0,-0.001032094464620238,-0.013421619324401977,-0.0006016790762150855,-0.18,0.18,1.0
24.26848316192627,1,,0.0,0.3,0.0,-0.006518196180892405,-0.024486878599938904,-0.0038676711240055953,-0.18,0.18,1.0
24.26848316192627,1,,0.0,0.3,0.0,-0.0032495230189756225,-0.015424661696209827,-0.004268262556994343,-0.18,0.18,1.0
24.26848316192627,1,,0.0,0.3,0.0,-0.0067903214799174575,-0.02224707982719164,0.0021236911144010408,-0.18,0.18,1.0
24.308809280395508,1,,0.0,0.3,0.0,-0.003411734891387153,-0.006731081101354598,0.0021585038912251752,-0.18,0.18,1.0
24.308809280395508,1,,0.0,0.3,0.0,8.795390771847916e-05,-0.018601618766789434,0.0030731182898702343,-0.18,0.18,1.0
24.308809280395508,1,,0.0,0.3,0.0,0.0009456631920520965,-0.011031843005536142,0.004733570038192119,-0.18,0.18,1.0
24.308809280395508,1,,0.0,0.3,0.0,-0.002956580244028407,0.002329948778340061,-0.0016480596545411581,-0.18,0.18,1.0
24.308809280395508,1,,0.0,0.3,0.0,0.0024397364857303436,-0.003456323048011841,-0.00926780809889517,-0.18,0.18,1.0
24.308809280395508,1,,0.0,0.3,0.0,0.01026351743782655,-0.013652503726671603,-0.00486416628374214,-0.18,0.18,1.0
24.308809280395508,1,,0.0,0.3,0.0,0.009112305760317406,-0.005501410044994477,-0.006275353466474645,-0.18,0.18,1.0
24.308809280395508,1,,0.0,0.3,0.0,-0.0007176830139841154,-0.022342524387395216,-0.00842845130974154,-0.18,0.18,1.0
24.308809280395508,1,,0.0,0.3,0.0,-0.014288220835149365,-0.0065865044868443495,-0.00521208943552657,-0.18,0.18,1.0
24.308809280395508,1,,0.0,0.3,0.0,-0.010945120385963994,-0.010039190035199699,-0.0034746681813080734,-0.18,0.18,1.0
24.349147081375122,1,,0.0,0.3,0.0,-0.0019652644034396133,0.0064735946971117226,-0.0012110433679252963,-0.18,0.18,1.0
24.349147081375122,1,,0.0,0.3,0.0,-0.004618813796014153,0.003561091617436956,-0.0011183463392422034,-0.18,0.18,1.0
24.349147081375122,1,,0.0,0.3,0.0,-0.005954773524344226,-0.015070313143356514,-0.006141781793759092,-0.18,0.18,1.0
24.349147081375122,1,,0.0,0.3,0.0,-0.0035340845679421827,-0.0070498253608546535,-0.002619189519458195,-0.18,0.18,1.0
24.349147081375122,1,,0.0,0.3,0.0,0.001602424509619221,-0.00880528637290584,-0.000628417484733819,-0.18,0.18,1.0
24.349147081375122,1,,0.0,0.3,0.0,-0.008322182864858469,-0.021557058817438243,0.0027853156074897525,-0.18,0.18,1.0
24.349147081375122,1,,0.0,0.3,0.0,-0.00032564561749696627,-0.008515769431696614,-0.0005438601643538795,-0.18,0.18,1.0
24.349147081375122,1,,0.0,0.3,0.0,-0.0053917781521736294,-0.015395612565444016,-0.0013364372940020573,-0.18,0.18,1.0
24.349147081375122,1,,0.0,0.3,0.0,-0.0015524943745452036,-0.005722176397931507,0.0067186231001579635,-0.18,0.18,1.0
24.349147081375122,1,,0.0,0.3,0.0,-0.008543458803622858,-0.014596320270386485,-0.0006208833679946723,-0.18,0.18,1.0
24.399561166763306,1,,0.0,0.3,0.0,-0.01726016311963479,0.0060240478037272465,0.003778020819182475,-0.18,0.18,1.0
24.399561166763306,1,,0.0,0.3,0.0,-0.01168265209441937,-0.000561685928103808,0.010378915866826743,-0.18,0.18,1.0
24.399561166763306,1,,0.0,0.3,0.0,-0.010952352613262753,-0.008951488994327612,0.003604764175733915,-0.18,0.18,1.0
24.399561166763306,1,,0.0,0.3,0.0,-0.006152270478026311,-0.024061114014202932,4.377593686594156e-06,-0.18,0.18,1.0
24.399561166763306,1,,0.0,0.3,0.0,-0.009786800464007097,-0.03936187833650618,-0.0032886866520445333,-0.18,0.18,1.0
24.399561166763306,1,,0.0,0.3,0.0,-0.0019372282166992048,-0.013784657121965766,-0.0012520194252028261,-0.18,0.18,1.0
24.399561166763306,1,,0.0,0.3,0.0,-0.008059341340139017,0.0004999300121912914,-0.004572917122218584,-0.18,0.18,1.0
24.399561166763306,1,,0.0,0.3,0.0,-0.020352252271185693,-0.01873713233673865,-0.0075699898587916516,-0.18,0.18,1.0
24.399561166763306,1,,0.0,0.3,0.0,-0.02018378305418556,-0.01598626601714653,-0.007264159435986091,-0.18,0.18,1.0
24.399561166763306,1,,0.0,0.3,0.0,-0.01778095572673755,0.00025538628394508367,-0.004196620222479392,-0.18,0.18,1.0
24.439889907836914,1,,0.0,0.3,0.0,-0.009091362770748734,0.0007867772092761318,-0.004049739543868822,-0.18,0.18,1.0
24.439889907836914,1,,0.0,0.3,0.0,-0.005424096053392039,-0.014859726741454303,-0.0022966300135408005,-0.18,0.18,1.0
24.439889907836914,1,,0.0,0.3,0.0,-0.0026428988697714244,-0.014493243228023305,0.005735533872603936,-0.18,0.18,1.0
24.439889907836914,1,,0.0,0.3,0.0,-0.005970755574605277,-0.009018327316184438,-0.0005099065823356098,-0.18,0.18,1.0
24.439889907836914,1,,0.0,0.3,0.0,-0.004789943974279062,0.00034783096956601166,-0.006819117977648312,-0.18,0.18,1.0
24.439889907836914,1,,0.0,0.3,0.0,-0.0072056823635985165,-0.006460532111610252,-0.007373139031322981,-0.18,0.18,1.0
24.439889907836914,1,,0.0,0.3,0.0,-0.007417353542548048,-0.023510807030412122,-0.005885928792995543,-0.18,0.18,1.0
24.439889907836914,1,,0.0,0.3,0.0,-0.003595142102638678,-0.013980597357792128,-0.0030794639573195766,-0.18,0.18,1.0
24.439889907836914,1,,0.0,0.3,0.0,-0.017539444860364236,-0.0157822106811341,-0.0033766730603879045,-0.18,0.18,1.0
24.439889907836914,1,,0.0,0.3,0.0,-0.018031177091833932,-0.032355405012870916,-0.000749389325600715,-0.18,0.18,1.0
24.480235815048218,1,,0.0,0.3,0.0,-0.013648352003108767,-0.02461164258945977,0.00600226545045418,-0.18,0.18,1.0
24.480235815048218,1,,0.0,0.3,0.0,-0.005791587493860802,-0.0183362519730029,0.011418979486222815,-0.18,0.18,1.0
24.480235815048218,1,,0.0,0.3,0.0,-0.013884055781627182,-0.025990491368353425,0.011256257555202622,-0.18,0.18,1.0
24.480235815048218,1,,0.0,0.3,0.0,-0.013078240555685147,-0.020008447540528964,-0.000148181845168607,-0.18,0.18,1.0
24.480235815048218,1,,0.0,0.3,0.0,-0.020925395889396185,-0.022920270633495627,-0.005608935875514779,-0.18,0.18,1.0
24.480235815048218,1,,0.0,0.3,0.0,-0.01396584314412188,-0.011471541626914787,-0.014283690915620215,-0.18,0.18,1.0
24.480235815048218,1,,0.0,0.3,0.0,-0.014991531359883077,-0.015394228789492759,-0.012716452092724286,-0.18,0.18,1.0
24.480235815048218,1,,0.0,0.3,0.0,-0.01820599820075876,-0.019717606281392856,-0.005286669931101326,-0.18,0.18,1.0
24.480235815048218,1,,0.0,0.3,0.0,-0.003040358569027981,-0.028191896657466256,-0.0046695813340927326,-0.18,0.18,1.0
24.480235815048218,1,,0.0,0.3,0.0,-0.008990309800311656,-0.007970572517699993,-0.005700882373511683,-0.18,0.18,1.0
24.530614614486694,1,,0.0,0.3,0.0,-0.00817939113232554,-0.016548916897181732,-0.00480545482448888,-0.18,0.18,1.0
24.530614614486694,1,,0.0,0.3,0.0,-0.011063680900531416,-0.01520092730418675,-0.01150534235405572,-0.18,0.18,1.0
24.530614614486694,1,,0.0,0.3,0.0,-0.015100161656534468,-0.003367202189417679,-0.008933767099245565,-0.18,0.18,1.0
24.530614614486694,1,,0.0,0.3,0.0,-0.0053455480737168125,-0.018688074318298296,-0.0060758928191637146,-0.18,0.18,1.0
24.530614614486694,1,,0.0,0.3,0.0,0.004882198913153391,-0.010936425441603208,-0.0060346919524359695,-0.18,0.18,1.0
24.530614614486694,1,,0.0,0.3,0.0,0.0014216065014693365,-0.007998406555045374,-0.008085901048796293,-0.18,0.18,1.0
24.530614614486694,1,,0.0,0.3,0.0,-0.003128552171047257,-0.009210028322313815,-0.007131862610943994,-0.18,0.18,1.0
24.530614614486694,1,,0.0,0.3,0.0,-0.004830112026840733,0.00035181853046531685,-0.00594477415813391,-0.18,0.18,1.0
24.530614614486694,1,,0.0,0.3,0.0,-0.0100089005408505,-0.006825229023329956,-0.007017918282914016,-0.18,0.18,1.0
24.530614614486694,1,,0.0,0.3,0.0,-0.01195553895110088,0.008794857177630717,-0.011492696327719923,-0.18,0.18,1.0
24.570908308029175,1,,0.0,0.3,0.0,-0.00933569984161857,0.0034354544193846443,-0.010864527957159302,-0.18,0.18,1.0
24.570908308029175,1,,0.0,0.3,0.0,-0.007470609222987738,-0.017140261638622957,-0.011852751385422683,-0.18,0.18,1.0
24.570908308029175,1,,0.0,0.3,0.0,-0.011511106745383042,-0.0015032507625745682,-0.011343199119795375,-0.18,0.18,1.0
24.570908308029175,1,,0.0,0.3,0.0,-0.015280282986654476,0.008012837478639205,-0.013489960402442183,-0.18,0.18,1.0
24.570908308029175,1,,0.0,0.3,0.0,-0.01133810386377803,-0.0021702981591475634,-0.013152326330690224,-0.18,0.18,1.0
24.570908308029175,1,,0.0,0.3,0.0,-0.003757605006798415,-0.00466734649827438,-0.007051943491120038,-0.18,0.18,1.0
24.570908308029175,1,,0.0,0.3,0.0,-0.00104184730031061,-0.009155943382678056,-0.01038330031453121,-0.18,0.18,1.0
24.570908308029175,1,,0.0,0.3,0.0,0.004307034366832005,-0.024004821039269434,-0.0054459583264453906,-0.18,0.18,1.0
24.570908308029175,1,,0.0,0.3,0.0,-0.0006043078022465412,-0.0321110189693592,-0.0034355562542881016,-0.18,0.18,1.0
24.570908308029175,1,,0.0,0.3,0.0,0.0076058444813530066,-0.02617389367709603,-0.01073213744193502,-0.18,0.18,1.0
24.61122751235962,1,,0.0,0.3,0.0,0.010162812594551093,-0.01525896975671955,-0.00466324859138887,-0.18,0.18,1.0
24.61122751235962,1,,0.0,0.3,0.0,-5.3470657813702735e-05,-0.01870895865811006,0.0033641898143757336,-0.18,0.18,1.0
24.61122751235962,1,,0.0,0.3,0.0,-0.001856635032946261,-0.017864788926744167,0.0003845017809876625,-0.18,0.18,1.0
24.61122751235962,1,,0.0,0.3,0.0,-0.0009145949220542372,-0.023453399073627413,0.003582155702081548,-0.18,0.18,1.0
24.61122751235962,1,,0.0,0.3,0.0,-0.001703907245740109,-0.013813449591266385,0.004867035247459369,-0.18,0.18,1.0
24.61122751235962,1,,0.0,0.3,0.0,-0.007393777380717083,-0.020554400346045873,-0.004314087794186428,-0.18,0.18,1.0
24.61122751235962,1,,0.0,0.3,0.0,-0.002639291691122746,-0.0050845709192395535,-0.010665934746814057,-0.18,0.18,1.0
24.61122751235962,1,,0.0,0.3,0.0,0.0027498718454510547,-0.005348875709627492,-0.001335769605799649,-0.18,0.18,1.0
24.61122751235962,1,,0.0,0.3,0.0,0.003820607587010318,-0.011840060062519845,0.0014879444981257721,-0.18,0.18,1.0
24.61122751235962,1,,0.0,0.3,0.0,0.004358752244636981,-0.004569483384435566,-0.00588660409245541,-0.18,0.18,1.0
24.65153431892395,1,,0.0,0.3,0.0,-0.0020920359820747014,0.0003539844793157812,-0.008107384146461215,-0.18,0.18,1.0
24.65153431892395,1,,0.0,0.3,0.0,0.0014426156987680425,-0.02120301568378324,-0.0039573990605245414,-0.18,0.18,1.0
24.65153431892395,1,,0.0,0.3,0.0,-0.007492014961959753,-0.018824582534342382,-0.0013878349113477604,-0.18,0.18,1.0
24.65153431892395,1,,0.0,0.3,0.0,-0.016342192586413933,-0.0108891039894352,0.0035937270763579682,-0.18,0.18,1.0
24.65153431892395,1,,0.0,0.3,0.0,-0.006816256816940457,-0.0021309229018145266,0.0006372390001630026,-0.18,0.18,1.0
24.65153431892395,1,,0.0,0.3,0.0,-0.004945289393655009,-0.02399855913458272,-0.005448435743617769,-0.18,0.18,1.0
24.65153431892395,1,,0.0,0.3,0.0,-0.004111088181107839,-0.03037786149044956,-0.010925683839249746,-0.18,0.18,1.0
24.65153431892395,1,,0.0,0.3,0.0,-0.008917016663926062,-0.014697941614423525,-0.009339160558341239,-0.18,0.18,1.0
24.65153431892395,1,,0.0,0.3,0.0,-0.017089371073523,-0.00815777229634836,-0.000752559049694823,-0.18,0.18,1.0
24.65153431892395,1,,0.0,0.3,0.0,-0.004174098957853247,0.001706286475298946,-0.012096107732548078,-0.18,0.18,1.0
24.701927423477173,1,,0.0,0.3,0.0,-0.013033111192630948,-0.0016062635328870257,-0.006557550162423572,-0.18,0.18,1.0
24.701927423477173,1,,0.0,0.3,0.0,-0.0163871116279778,-0.014494475143747682,-0.0165509765805089,-0.18,0.18,1.0
24.701927423477173,1,,0.0,0.3,0.0,-0.019265708668264478,-0.002593776220642175,-0.011511896570679067,-0.18,0.18,1.0
24.701927423477173,1,,0.0,0.3,0.0,-0.009045153329864056,0.01082632867997587,-0.008481902909223283,-0.18,0.18,1.0
24.701927423477173,1,,0.0,0.3,0.0,-0.0027223130357843604,-0.013243454192648932,-0.005968916960562432,-0.18,0.18,1.0
24.701927423477173,1,,0.0,0.3,0.0,-0.0033678785881798945,0.002574082744762148,-0.005600899096434607,-0.18,0.18,1.0
24.701927423477173,1,,0.0,0.3,0.0,0.0046156369915389545,0.00740867822370588,-0.010655983302731212,-0.18,0.18,1.0
24.701927423477173,1,,0.0,0.3,0.0,0.0016846710949334368,-0.0026737078294142825,-0.004970564051092718,-0.18,0.18,1.0
24.701927423477173,1,,0.0,0.3,0.0,0.006554466579710596,-0.01952894961806988,-0.005355834890322592,-0.18,0.18,1.0
24.701927423477173,1,,0.0,0.3,0.0,0.00033551766809418763,-0.0018438156056388428,-0.010570348506685832,-0.18,0.18,1.0
24.742267847061157,1,,0.0,0.3,0.0,-0.006187382125351697,-0.0074909189733694875,-0.006422503977618394,-0.18,0.18,1.0
24.742267847061157,1,,0.0,0.3,0.0,-0.008723403473475584,-0.025718837739244237,-0.0080710314326751,-0.18,0.18,1.0
24.742267847061157,1,,0.0,0.3,0.0,-0.0016936793907238318,-0.012118150101749063,-0.007760874318394204,-0.18,0.18,1.0
24.742267847061157,1,,0.0,0.3,0.0,-0.010886487033360898,0.006590044528386794,-0.005619203106285545,-0.18,0.18,1.0
24.742267847061157,1,,0.0,0.3,0.0,-0.006554618679774904,-0.002920597631051113,-0.004950716035380038,-0.18,0.18,1.0
24.742267847061157,1,,0.0,0.3,0.0,-0.005277810590183645,-2.3725896154302144e-05,-0.004660219783028884,-0.18,0.18,1.0
24.742267847061157,1,,0.0,0.3,0.0,0.0007084502803073676,0.013231974410632123,-0.00018275941440400338,-0.18,0.18,1.0
24.742267847061157,1,,0.0,0.3,0.0,-0.003708678156722226,-0.010794584996270694,-0.003033383136686867,-0.18,0.18,1.0
24.742267847061157,1,,0.0,0.3,0.0,-0.009904423509359567,-0.0034312256782608732,-0.00613650521791615,-0.18,0.18,1.0
24.742267847061157,1,,0.0,0.3,0.0,-0.017090086600255457,0.008031196459923104,-0.0029696964902049864,-0.18,0.18,1.0
24.782610177993774,1,,0.0,0.3,0.0,-0.011345743428668334,-0.01878888740127525,-0.003588089233978714,-0.18,0.18,1.0
24.782610177993774,1,,0.0,0.3,0.0,0.0014173106738572556,-0.009286473621284964,0.0024082962869372226,-0.18,0.18,1.0
24.782610177993774,1,,0.0,0.3,0.0,-0.006708750344319977,-0.02118625190043721,-0.00026770802901717844,-0.18,0.18,1.0
24.782610177993774,1,,0.0,0.3,0.0,0.004749407454345459,-0.004941608963340811,-0.004949915371387164,-0.18,0.18,1.0
24.782610177993774,1,,0.0,0.3,0.0,-0.002631192281121456,-0.010240864374573933,-0.009551003377874104,-0.18,0.18,1.0
24.782610177993774,1,,0.0,0.3,0.0,-0.008596612383430288,0.004743817797102279,-0.008337113284935332,-0.18,0.18,1.0
24.782610177993774,1,,0.0,0.3,0.0,-0.011373530789718719,0.0010264611858514256,-0.00773347912594999,-0.18,0.18,1.0
24.782610177993774,1,,0.0,0.3,0.0,-0.006469973319193798,-0.018086757175898235,-0.008184231836670228,-0.18,0.18,1.0
24.782610177993774,1,,0.0,0.3,0.0,5.969160760551773e-05,-0.02320123705436149,-0.011283217859582043,-0.18,0.18,1.0
24.822934865951538,1,,0.0,0.3,0.0,0.003166873707391423,-0.013994459839624905,-0.009108723095211404,-0.18,0.18,1.0
24.822934865951538,1,,0.0,0.3,0.0,-0.004077365634930471,-0.02439353083442094,-0.0065882596242988496,-0.18,0.18,1.0
24.822934865951538,1,,0.0,0.3,0.0,-0.00863268011677549,-0.027839065473954042,-0.005223465828122094,-0.18,0.18,1.0
24.822934865951538,1,,0.0,0.3,0.0,-0.01674685109049849,-0.027369855807665905,-0.0047648837063354104,-0.18,0.18,1.0
24.822934865951538,1,,0.0,0.3,0.0,-0.005948288189904419,-0.023250906967692733,-0.0011137298997297147,-0.18,0.18,1.0
24.822934865951538,1,,0.0,0.3,0.0,-0.004026167318879127,-0.009284639748993653,9.639979734497342e-05,-0.18,0.18,1.0
24.822934865951538,1,,0.0,0.3,0.0,-0.00017939806620304906,-0.008763709420576539,0.004115977424021817,-0.18,0.18,1.0
24.822934865951538,1,,0.0,0.3,0.0,-0.001906952163310134,-0.019817287427160973,-0.000440764422097103,-0.18,0.18,1.0
24.822934865951538,1,,0.0,0.3,0.0,0.002333985408574681,-0.017236453315232617,-0.005718201773184888,-0.18,0.18,1.0
24.822934865951538,1,,0.0,0.3,0.0,-0.003409987368600073,-0.005737448885720614,-0.009207111670675621,-0.18,0.18,1.0
24.873352527618408,1,,0.0,0.3,0.0,-0.015033731519593408,-0.015841063974106347,0.002032409829529313,-0.18,0.18,1.0
24.873352527618408,1,,0.0,0.3,0.0,-0.0066851384065957555,-0.002354733707067015,0.0014466244334029232,-0.18,0.18,1.0
24.873352527618408,1,,0.0,0.3,0.0,-0.010675871956048182,-0.015291135890037763,-0.0047184567632926385,-0.18,0.18,1.0
24.873352527618408,1,,0.0,0.3,0.0,-0.013235543292258425,-0.01027609240009731,0.00013414467910762305,-0.18,0.18,1.0
24.873352527618408,1,,0.0,0.3,0.0,-0.003938748093337245,-0.002429858234751565,0.00046004592484143295,-0.18,0.18,1.0
24.873352527618408,1,,0.0,0.3,0.0,-0.006215757318395689,-0.013405521073363855,-0.001610990035281493,-0.18,0.18,1.0
24.873352527618408,1,,0.0,0.3,0.0,-0.005500574984772276,0.0021914437091567116,-0.0024139402267497616,-0.18,0.18,1.0
24.873352527618408,1,,0.0,0.3,0.0,-0.007968738997665174,-0.006841057244227135,-0.012077690205059326,-0.18,0.18,1.0
24.873352527618408,1,,0.0,0.3,0.0,-0.011911235150310204,0.00833123855105325,-0.009178401645990071,-0.18,0.18,1.0
24.873352527618408,1,,0.0,0.3,0.0,-0.005993641914361305,0.013602403728522864,-0.010184790745758803,-0.18,0.18,1.0
24.91368865966797,1,,0.0,0.3,0.0,-0.0033166358943213423,-0.007228530786881203,-0.004821545233683729,-0.18,0.18,1.0
24.91368865966797,1,,0.0,0.3,0.0,0.0033884995483892907,0.01189658410206862,-0.003073777624749733,-0.18,0.18,1.0
24.91368865966797,1,,0.0,0.3,0.0,-0.0014935565707289223,0.006230553181026267,-0.005625380495462014,-0.18,0.18,1.0
24.91368865966797,1,,0.0,0.3,0.0,-0.0007641894114576118,-0.012454198482502189,-0.00394818465199929,-0.18,0.18,1.0
24.91368865966797,1,,0.0,0.3,0.0,-0.0016963622522038915,0.0026600376664769987,-0.002847680047361569,-0.18,0.18,1.0
24.91368865966797,1,,0.0,0.3,0.0,0.0021023072625392042,0.006913077337323277,-0.007579202290677109,-0.18,0.18,1.0
24.91368865966797,1,,0.0,0.3,0.0,0.0102876538898975,-0.0021932148896563995,-0.0060439760595751135,-0.18,0.18,1.0
24.91368865966797,1,,0.0,0.3,0.0,0.0022072304038281924,-0.015825189945037895,-0.01314854314954927,-0.18,0.18,1.0
24.91368865966797,1,,0.0,0.3,0.0,-0.002008471618971162,-0.01162212111872787,-0.009217607422390157,-0.18,0.18,1.0
24.91368865966797,1,,0.0,0.3,0.0,-0.008024363197620288,0.002595327090861668,-0.010018254675583541,-0.18,0.18,1.0
24.954014539718628,1,,0.0,0.3,0.0,0.0006672025187858371,-0.0013273299534266759,-0.006853825764991506,-0.18,0.18,1.0
24.954014539718628,1,,0.0,0.3,0.0,0.0009348996530243246,-0.001003831752242957,0.004449976173588559,-0.18,0.18,1.0
24.954014539718628,1,,0.0,0.3,0.0,-0.0004647038626606838,0.0037082467008761315,0.004866715612799239,-0.18,0.18,1.0
24.954014539718628,1,,0.0,0.3,0.0,-0.004786369757927995,0.0014680746574539994,0.008138017322456812,-0.18,0.18,1.0
24.954014539718628,1,,0.0,0.3,0.0,-0.0038565631267021925,-0.0015689955336298021,0.0022202447635182574,-0.18,0.18,1.0
24.954014539718628,1,,0.0,0.3,0.0,-0.00590176465365934,-0.01372183183112158,-0.00027024296563473804,-0.18,0.18,1.0
24.954014539718628,1,,0.0,0.3,0.0,-0.005385959703692008,-0.0127358591953721,0.00033245722439115,-0.18,0.18,1.0
24.954014539718628,1,,0.0,0.3,0.0,-0.0024556335979431976,-0.02068890216560727,0.0004417709781467755,-0.18,0.18,1.0
24.954014539718628,1,,0.0,0.3,0.0,0.0044070976916765,-0.007841572062737653,-0.004327353703791132,-0.18,0.18,1.0
24.954014539718628,1,,0.0,0.3,0.0,0.008396156208943215,-0.022921187563300846,-0.0009988671547786871,-0.18,0.18,1.0
25.004429578781128,1,,0.0,0.3,0.0,-0.0005879210604563337,-0.022587392545822038,-0.004693728425177162,-0.18,0.18,1.0
25.004429578781128,1,,0.0,0.3,0.0,0.0021748343150288438,0.0010492103895606072,-0.0041106024624113875,-0.18,0.18,1.0
25.004429578781128,1,,0.0,0.3,0.0,-0.008263014590583036,-0.013029016395271433,-0.008563255319589074,-0.18,0.18,1.0
25.004429578781128,1,,0.0,0.3,0.0,-0.0033215172283916333,-0.016069626606185272,-0.008116172030643062,-0.18,0.18,1.0
25.004429578781128,1,,0.0,0.3,0.0,0.0026075479503647157,-0.006857014582619641,-0.010273911884448185,-0.18,0.18,1.0
25.004429578781128,1,,0.0,0.3,0.0,-0.005158875681596586,-0.016644932170184645,-0.012260353482634713,-0.18,0.18,1.0
25.004429578781128,1,,0.0,0.3,0.0,-0.007114781518386449,-0.031367388301554985,-0.010779523916843692,-0.18,0.18,1.0
25.004429578781128,1,,0.0,0.3,0.0,-0.013841950687860006,-0.02821325986224538,-0.005762181504141615,-0.18,0.18,1.0
25.004429578781128,1,,0.0,0.3,0.0,-0.015445311286717524,-0.021029971634359424,-0.0037056008552277496,-0.18,0.18,1.0
25.004429578781128,1,,0.0,0.3,0.0,-0.013493430843434013,-0.00031289622926414874,-0.0033572091060143396,-0.18,0.18,1.0
25.04476833343506,1,,0.0,0.3,0.0,-0.012537023099641265,-0.004621909307392638,-0.008314822705668494,-0.18,0.18,1.0
25.04476833343506,1,,0.0,0.3,0.0,-0.014828390521496988,-0.00623768159132198,-0.0014621707233177816,-0.18,0.18,1.0
25.04476833343506,1,,0.0,0.3,0.0,-0.017003109418114205,-0.020649810453655,-0.0022207870850063133,-0.18,0.18,1.0
25.04476833343506,1,,0.0,0.3,0.0,-0.006803497741740945,-0.024296008261556305,-0.007535401709185741,-0.18,0.18,1.0
25.04476833343506,1,,0.0,0.3,0.0,-0.00736331785367682,-0.017450653898912854,-0.005592146713790911,-0.18,0.18,1.0
25.04476833343506,1,,0.0,0.3,0.0,-0.012908744739301994,-0.01326154251576752,-0.004815819037640701,-0.18,0.18,1.0
25.04476833343506,1,,0.0,0.3,0.0,-0.007868512631134479,0.000621573496894901,-0.0067952625267135025,-0.18,0.18,1.0
25.04476833343506,1,,0.0,0.3,0.0,-0.0010192399211995415,0.005546984028270034,-0.013772175137653653,-0.18,0.18,1.0
25.04476833343506,1,,0.0,0.3,0.0,-0.000917367527515559,0.0059812575344646126,-0.011671359912129812,-0.18,0.18,1.0
25.04476833343506,1,,0.0,0.3,0.0,0.0036335106404678727,0.01261207944813137,-0.004519448729290613,-0.18,0.18,1.0
25.085073947906494,1,,0.0,0.3,0.0,-0.004433860456105571,0.025423797289174724,-0.008067380940274054,-0.18,0.18,1.0
25.085073947906494,1,,0.0,0.3,0.0,-0.004446000789859787,0.004885192977830648,-0.001769664264052927,-0.18,0.18,1.0
25.085073947906494,1,,0.0,0.3,0.0,-0.0016111826039261767,-0.005256589461114255,-0.001975154680114482,-0.18,0.18,1.0
25.085073947906494,1,,0.0,0.3,0.0,-0.007258086469105725,-0.002141956503034671,-0.006342220742268541,-0.18,0.18,1.0
25.085073947906494,1,,0.0,0.3,0.0,-3.7172443449345376e-05,-0.018883107216376045,0.0011354150386877135,-0.18,0.18,1.0
25.085073947906494,1,,0.0,0.3,0.0,-0.00953254720069276,-0.01131176821575716,0.0019180673926247858,-0.18,0.18,1.0
25.085073947906494,1,,0.0,0.3,0.0,-0.0192237422611779,-0.014292609703069564,0.009200472324794224,-0.18,0.18,1.0
25.085073947906494,1,,0.0,0.3,0.0,-0.004492090436997919,-0.0006358981792159457,0.00010930580403796212,-0.18,0.18,1.0
25.085073947906494,1,,0.0,0.3,0.0,-0.009673519424230234,-0.003902871384818139,-0.006495274879158679,-0.18,0.18,1.0
25.085073947906494,1,,0.0,0.3,0.0,-0.009997590338446596,-0.019248960148679557,-0.007588916558625805,-0.18,0.18,1.0
25.12536859512329,1,,0.0,0.3,0.0,-0.01619359593685425,-0.011663051921308953,-0.004355192924157376,-0.18,0.18,1.0
25.12536859512329,1,,0.0,0.3,0.0,-0.015609994587391905,0.008820639205461028,-0.008824850598307475,-0.18,0.18,1.0
25.12536859512329,1,,0.0,0.3,0.0,-0.007227429445613874,0.0050919387813052166,-0.008001525814870602,-0.18,0.18,1.0
25.12536859512329,1,,0.0,0.3,0.0,-0.01483092916082817,-0.005721638085693873,-0.008887582746360251,-0.18,0.18,1.0
25.12536859512329,1,,0.0,0.3,0.0,-0.006876941682754438,0.0061368586250649705,-0.003271824975981125,-0.18,0.18,1.0
25.12536859512329,1,,0.0,0.3,0.0,-0.006746208546426423,-0.013432943431106336,-0.006499562699209834,-0.18,0.18,1.0
25.12536859512329,1,,0.0,0.3,0.0,-0.0009481706726486954,-0.005242713754227493,-0.008381899785459232,-0.18,0.18,1.0
25.12536859512329,1,,0.0,0.3,0.0,-0.00525819968691771,-0.00889559433441551,-0.008393778799322953,-0.18,0.18,1.0
25.12536859512329,1,,0.0,0.3,0.0,-0.005122466385679608,-0.003940172293543972,-0.006742443007929216,-0.18,0.18,1.0
25.12536859512329,1,,0.0,0.3,0.0,-0.0046220985552744825,-0.0047643997960897305,-0.004953756989342291,-0.18,0.18,1.0
25.175752639770508,1,,0.0,0.3,0.0,-0.008342298291312906,-0.021957984889769508,-0.003698021936376604,-0.18,0.18,1.0
25.175752639770508,1,,0.0,0.3,0.0,-0.008082739646898525,-0.001811189536679818,-0.005006477124247797,-0.18,0.18,1.0
25.175752639770508,1,,0.0,0.3,0.0,-0.004865930640570068,-0.005149789382758503,-0.004766376837807527,-0.18,0.18,1.0
25.175752639770508,1,,0.0,0.3,0.0,-0.0022094695252980376,-0.007228460184492043,-0.007194309445629295,-0.18,0.18,1.0
25.175752639770508,1,,0.0,0.3,0.0,-0.005917369550292747,-0.011322538251505875,-0.007519903368101953,-0.18,0.18,1.0
25.175752639770508,1,,0.0,0.3,0.0,0.001271752910900597,-0.017150970680960158,-0.006270597900022246,-0.18,0.18,1.0
25.175752639770508,1,,0.0,0.3,0.0,0.003117713378674094,-0.025321703095199804,-0.0038230865462201944,-0.18,0.18,1.0
25.175752639770508,1,,0.0,0.3,0.0,-0.00299096660785075,-0.012000759815647645,-0.007984477587437134,-0.18,0.18,1.0
25.175752639770508,1,,0.0,0.3,0.0,-0.0010892409241908159,-0.018600842440337072,-0.01182409274942058,-0.18,0.18,1.0
25.175752639770508,1,,0.0,0.3,0.0,0.00263234219349232,-0.017153964658452737,-0.0125369728664694,-0.18,0.18,1.0
25.21607279777527,1,,0.0,0.3,0.0,0.008922037292422145,-0.0013195627043081023,-0.011706459007038381,-0.18,0.18,1.0
25.21607279777527,1,,0.0,0.3,0.0,-0.0031807090185284083,-0.016504184078913152,-0.009355755769288843,-0.18,0.18,1.0
25.21607279777527,1,,0.0,0.3,0.0,-0.010775485123761109,-0.008940842911227391,-0.00808231218423018,-0.18,0.18,1.0
25.21607279777527,1,,0.0,0.3,0.0,-0.005547668119662488,-0.008769572556548649,-0.013024650669924996,-0.18,0.18,1.0
25.21607279777527,1,,0.0,0.3,0.0,-0.006910305345916473,-0.011617718887990769,-0.009824567824116021,-0.18,0.18,1.0
25.21607279777527,1,,0.0,0.3,0.0,-0.003000824969463605,-0.02737567602069498,-0.006350271488847715,-0.18,0.18,1.0
25.21607279777527,1,,0.0,0.3,0.0,-8.956159304694348e-07,-0.026484041689663746,0.0019246823380646714,-0.18,0.18,1.0
25.21607279777527,1,,0.0,0.3,0.0,0.003004046101208503,-0.0157015937149497,-0.0023192666733747344,-0.18,0.18,1.0
25.21607279777527,1,,0.0,0.3,0.0,0.0042325722805976835,-0.028216427135752807,-0.009908121409156577,-0.18,0.18,1.0
25.21607279777527,1,,0.0,0.3,0.0,-0.0073412021731612395,-0.01234330796065324,-0.005492000081353025,-0.18,0.18,1.0
25.256369590759277,1,,0.0,0.3,0.0,-0.008813421628223255,-0.015469116828340878,0.0006641988229205358,-0.18,0.18,1.0
25.256369590759277,1,,0.0,0.3,0.0,-0.004900805493230729,-0.012209923152888732,-0.006865516483348572,-0.18,0.18,1.0
25.256369590759277,1,,0.0,0.3,0.0,-0.009690662632184497,-0.02508767929120328,-0.0072345848446895775,-0.18,0.18,1.0
25.256369590759277,1,,0.0,0.3,0.0,-0.013109556708083508,-0.011888676396691751,-0.013101581818831743,-0.18,0.18,1.0
25.256369590759277,1,,0.0,0.3,0.0,-0.006215253003855719,-0.02450930621819664,-0.007250976518734399,-0.18,0.18,1.0
25.256369590759277,1,,0.0,0.3,0.0,-0.007453665228914835,-0.01913076867636248,-0.013340523291524575,-0.18,0.18,1.0
25.256369590759277,1,,0.0,0.3,0.0,0.007968568514740607,-0.012317485316476053,0.00025471163659990405,-0.18,0.18,1.0
25.256369590759277,1,,0.0,0.3,0.0,0.0031801241204631446,-0.016226856436034942,0.0017889973131047581,-0.18,0.18,1.0
25.256369590759277,1,,0.0,0.3,0.0,0.005811345814244571,-0.010871756349477717,-0.003935919354654919,-0.18,0.18,1.0
25.256369590759277,1,,0.0,0.3,0.0,0.00023581587080232256,-0.001510208555040693,-0.001310172021088205,-0.18,0.18,1.0
25.296666383743286,1,,0.0,0.3,0.0,-0.014274961220594753,-0.02210188408895139,0.0004538189403942534,-0.18,0.18,1.0
25.296666383743286,1,,0.0,0.3,0.0,-0.01637054234431655,-9.059548386642461e-06,0.0025372041728805236,-0.18,0.18,1.0
25.296666383743286,1,,0.0,0.3,0.0,-0.011359538937639113,-0.007767619588459228,-0.008386194097475689,-0.18,0.18,1.0
25.296666383743286,1,,0.0,0.3,0.0,-0.005770572729396602,-0.0008733656362221911,-0.00825725467031,-0.18,0.18,1.0
25.296666383743286,1,,0.0,0.3,0.0,-0.01095842070928361,0.0011210954967084347,0.0014820146553727184,-0.18,0.18,1.0
25.296666383743286,1,,0.0,0.3,0.0,-0.015253352035731794,0.0006201893655717099,0.00450742653464754,-0.18,0.18,1.0
25.296666383743286,1,,0.0,0.3,0.0,-0.02411905808210027,-0.009750838591990675,-0.005408413557066285,-0.18,0.18,1.0
25.296666383743286,1,,0.0,0.3,0.0,-0.022309882671260443,-0.002129040901978242,-0.003935833864458279,-0.18,0.18,1.0
25.296666383743286,1,,0.0,0.3,0.0,-0.015135307541798548,-0.014570429796060195,-0.0124304151078552,-0.18,0.18,1.0
25.34704089164734,1,,0.0,0.3,0.0,-0.010518071689197304,-0.009352921265265508,-0.007041847526707535,-0.18,0.18,1.0
25.34704089164734,1,,0.0,0.3,0.0,-0.001711129772994096,-0.009164897181860568,-0.009595560532523343,-0.18,0.18,1.0
25.34704089164734,1,,0.0,0.3,0.0,-0.0016161130534122963,-0.018492354002718016,-0.015469017576982488,-0.18,0.18,1.0
25.34704089164734,1,,0.0,0.3,0.0,-0.012157136224324464,-0.010817103168074592,-0.013828553456667421,-0.18,0.18,1.0
25.34704089164734,1,,0.0,0.3,0.0,-0.010854774660934152,-0.007959831421838882,-0.013147015152815394,-0.18,0.18,1.0
25.34704089164734,1,,0.0,0.3,0.0,-0.010612588094810622,0.0017888060156126275,-0.009230239047841392,-0.18,0.18,1.0
25.34704089164734,1,,0.0,0.3,0.0,-0.011138479063654168,-0.012091870064858522,-0.0073669762582468205,-0.18,0.18,1.0
25.34704089164734,1,,0.0,0.3,0.0,-0.009750240271505265,-0.004741066665823148,-0.008470831593448047,-0.18,0.18,1.0
25.34704089164734,1,,0.0,0.3,0.0,-0.009507558527934373,-0.011703651804472323,-0.007576766076889899,-0.18,0.18,1.0
25.34704089164734,1,,0.0,0.3,0.0,-0.00961489393937459,-0.006085679310381374,-0.01675310148175098,-0.18,0.18,1.0
25.38733696937561,1,,0.0,0.3,0.0,-0.015202909730287689,-0.020953306099757967,-0.011433843941720579,-0.18,0.18,1.0
25.38733696937561,1,,0.0,0.3,0.0,-0.00681154807791761,-0.011022422932063394,-0.009602496528458682,-0.18,0.18,1.0
25.38733696937561,1,,0.0,0.3,0.0,-0.008905656779373562,-0.023464487090859982,-0.004369706166541511,-0.18,0.18,1.0
25.38733696937561,1,,0.0,0.3,0.0,-0.010114694732445315,-0.0022403997224318237,-0.003513653720552415,-0.18,0.18,1.0
25.38733696937561,1,,0.0,0.3,0.0,-0.005445343842126739,-0.01980589568233225,-0.005480370436384314,-0.18,0.18,1.0
25.38733696937561,1,,0.0,0.3,0.0,0.0022756458834514697,-0.02162374374114988,0.00577559196520298,-0.18,0.18,1.0
25.38733696937561,1,,0.0,0.3,0.0,-0.005425489493336909,-0.008940445815795823,0.007624075352159448,-0.18,0.18,1.0
25.38733696937561,1,,0.0,0.3,0.0,-0.009331540624152099,-0.027940894824835697,0.00476256550265958,-0.18,0.18,1.0
25.38733696937561,1,,0.0,0.3,0.0,-0.015512406865733453,-0.020702434162600453,0.000545956294076575,-0.18,0.18,1.0
25.38733696937561,1,,0.0,0.3,0.0,-0.007575126748604555,-0.01345679545838798,0.00037613039690447144,-0.18,0.18,1.0
25.427640676498413,1,,0.0,0.3,0.0,-0.011138680602384656,-0.023651288878830463,-0.004618918804902687,-0.18,0.18,1.0
25.427640676498413,1,,0.0,0.3,0.0,-0.0007971878946025054,-0.026910027546758655,-0.00958245556804987,-0.18,0.18,1.0
25.427640676498413,1,,0.0,0.3,0.0,-0.002159752559362058,-0.01176462244114588,-0.017937339787000243,-0.18,0.18,1.0
25.427640676498413,1,,0.0,0.3,0.0,-0.0003882903960414268,-0.0027980886786521412,-0.013810974318018027,-0.18,0.18,1.0
25.427640676498413,1,,0.0,0.3,0.0,-0.0011704639209966009,-0.026187460060822416,-0.011395957763581885,-0.18,0.18,1.0
25.427640676498413,1,,0.0,0.3,0.0,0.007530718095905395,-0.02501265962558943,-0.0023735087267243715,-0.18,0.18,1.0
25.427640676498413,1,,0.0,0.3,0.0,0.007177397413392172,-0.008364824505084488,-0.0036366094891296464,-0.18,0.18,1.0
25.427640676498413,1,,0.0,0.3,0.0,0.0035028593262543583,-0.027780714078511053,-0.002775596325931487,-0.18,0.18,1.0
25.427640676498413,1,,0.0,0.3,0.0,-0.004684090808691416,-0.037170934960538256,-0.004033014457015279,-0.18,0.18,1.0
25.427640676498413,1,,0.0,0.3,0.0,-0.01286735640354557,-0.04227956541524918,0.004335122264772148,-0.18,0.18,1.0
25.47803020477295,1,,0.0,0.3,0.0,-0.003246639676479473,-0.024731204193000483,-0.0040051464057287,-0.18,0.18,1.0
25.47803020477295,1,,0.0,0.3,0.0,-0.00987918344491246,-0.034329537934737,-0.004956043778586935,-0.18,0.18,1.0
25.47803020477295,1,,0.0,0.3,0.0,-0.006029618088463191,-0.02956668900399453,-0.00718800863087954,-0.18,0.18,1.0
25.47803020477295,1,,0.0,0.3,0.0,-0.00821062012277768,-0.009067947338708143,-0.010697728386667908,-0.18,0.18,1.0
25.47803020477295,1,,0.0,0.3,0.0,-0.005492158441819175,-0.025628761402780722,-0.0088113561929829,-0.18,0.18,1.0
25.47803020477295,1,,0.0,0.3,0.0,-0.002238978291285494,-0.02565248343415612,-0.012294202638787373,-0.18,0.18,1.0
25.47803020477295,1,,0.0,0.3,0.0,-0.0028731830853007327,-0.010771039798795639,-0.005991954217759348,-0.18,0.18,1.0
25.47803020477295,1,,0.0,0.3,0.0,-0.0055018767876639195,-0.0211637243610727,-0.005268980240002545,-0.18,0.18,1.0
25.47803020477295,1,,0.0,0.3,0.0,-0.003497529373362872,-0.008891544825721298,-0.013057980072000368,-0.18,0.18,1.0
25.47803020477295,1,,0.0,0.3,0.0,-0.009454762744816367,-0.0023713665416004405,-0.012681772165407912,-0.18,0.18,1.0
25.518322706222534,1,,0.0,0.3,0.0,-0.016929452429116254,-0.005011306482624708,-0.0072976699022696,-0.18,0.18,1.0
25.518322706222534,1,,0.0,0.3,0.0,-0.008677135562529349,-0.024638005923964888,-0.005101749048435236,-0.18,0.18,1.0
25.518322706222534,1,,0.0,0.3,0.0,-0.0035044360243925367,-0.020175984639012948,-0.0017671869003288748,-0.18,0.18,1.0
25.518322706222534,1,,0.0,0.3,0.0,0.0019534533828511574,-0.014355923405075705,-0.0023694743667804475,-0.18,0.18,1.0
25.518322706222534,1,,0.0,0.3,0.0,-0.004581084528031277,-0.018047292115441812,-0.0013001892370588322,-0.18,0.18,1.0
25.518322706222534,1,,0.0,0.3,0.0,0.00031949012065225264,0.0018412436080435341,-0.004248266441652544,-0.18,0.18,1.0
25.518322706222534,1,,0.0,0.3,0.0,0.0016668434882411143,-0.0063146604990736484,-0.010026387163746122,-0.18,0.18,1.0
25.518322706222534,1,,0.0,0.3,0.0,0.007575371284707493,-0.014720705389692043,-0.0059152773997738755,-0.18,0.18,1.0
25.518322706222534,1,,0.0,0.3,0.0,-0.0003145541416574426,-0.006856436665974986,-0.005201811103236811,-0.18,0.18,1.0
25.518322706222534,1,,0.0,0.3,0.0,0.0009579456530438527,-0.010271796008164618,-0.005420395218170896,-0.18,0.18,1.0
25.55862259864807,1,,0.0,0.3,0.0,-0.014652912955461492,-0.010613962803803409,-0.013363445680449889,-0.18,0.18,1.0
25.55862259864807,1,,0.0,0.3,0.0,-0.0021850163097108495,0.005667787787651626,-0.01152036070276415,-0.18,0.18,1.0
25.55862259864807,1,,0.0,0.3,0.0,-0.006278063848029765,-0.018107151677736685,-0.008781094709616131,-0.18,0.18,1.0
25.55862259864807,1,,0.0,0.3,0.0,-0.00963001901336451,-0.01698077743778516,-0.0029105445577144434,-0.18,0.18,1.0
25.55862259864807,1,,0.0,0.3,0.0,-0.010270431895645511,-0.008159093667870543,0.0008012577078469682,-0.18,0.18,1.0
25.55862259864807,1,,0.0,0.3,0.0,0.0033939413792309346,-0.0061461537057202935,-0.007104962105091253,-0.18,0.18,1.0
25.55862259864807,1,,0.0,0.3,0.0,-0.0016450596101755864,-0.011323991278471297,-0.006710573022629593,-0.18,0.18,1.0
25.55862259864807,1,,0.0,0.3,0.0,-0.002135190030720274,0.01023086202277789,-0.015148200954104553,-0.18,0.18,1.0
25.55862259864807,1,,0.0,0.3,0.0,-0.0009003816533826869,-0.0008676219142360206,-0.0065513960126068445,-0.18,0.18,1.0
25.55862259864807,1,,0.0,0.3,0.0,-0.0011910612439408068,-0.0114320077247849,0.0009905194555309546,-0.18,0.18,1.0
25.59891653060913,1,,0.0,0.3,0.0,-0.00997550951354094,-0.018899854364730913,0.0049929513501601,-0.18,0.18,1.0
25.59891653060913,1,,0.0,0.3,0.0,-0.00857463622007001,-0.022034447660773095,-0.0010333099275494815,-0.18,0.18,1.0
25.59891653060913,1,,0.0,0.3,0.0,-0.015454978496829481,-0.004491281685201943,-0.010510730759679671,-0.18,0.18,1.0
25.59891653060913,1,,0.0,0.3,0.0,-0.009107335986636551,-0.014217385603837101,-0.005524789294774301,-0.18,0.18,1.0
25.59891653060913,1,,0.0,0.3,0.0,-0.011240699128868988,-0.002610309936964006,0.0002539563055443155,-0.18,0.18,1.0
25.59891653060913,1,,0.0,0.3,0.0,-0.005202585661919895,-0.007649809209211981,-0.007960228190713452,-0.18,0.18,1.0
25.59891653060913,1,,0.0,0.3,0.0,-0.004966369143271771,-0.009661403472016434,-0.002341694414331607,-0.18,0.18,1.0
25.59891653060913,1,,0.0,0.3,0.0,-0.012618845421445604,0.005789374410685246,-0.0051102427870630225,-0.18,0.18,1.0
25.59891653060913,1,,0.0,0.3,0.0,-0.009080635199110966,-0.0003754500568949573,-0.004708151957681848,-0.18,0.18,1.0
25.59891653060913,1,,0.0,0.3,0.0,-0.015700772526590717,0.01163593977847941,-0.014270811919644398,-0.18,0.18,1.0
25.649293184280396,1,,0.0,0.3,0.0,-0.005937572476212266,-0.002361448652100605,-0.01022900850828658,-0.18,0.18,1.0
25.649293184280396,1,,0.0,0.3,0.0,-0.006058543764486599,0.01045839532224811,-0.00610740791305559,-0.18,0.18,1.0
25.649293184280396,1,,0.0,0.3,0.0,-0.003969214335967455,-0.013676061551201983,-0.004197836193751076,-0.18,0.18,1.0
25.649293184280396,1,,0.0,0.3,0.0,-0.003635776902283744,-0.009686075723740195,-0.0035436929348147224,-0.18,0.18,1.0
25.649293184280396,1,,0.0,0.3,0.0,-0.010592450193879643,-0.01054397666340008,-0.0053320079620901165,-0.18,0.18,1.0
25.649293184280396,1,,0.0,0.3,0.0,-0.014007726500023826,0.00055844279423469,-0.007557284194486633,-0.18,0.18,1.0
25.649293184280396,1,,0.0,0.3,0.0,-0.011626420923791077,-0.009599732426072488,-0.004271349541331471,-0.18,0.18,1.0
25.649293184280396,1,,0.0,0.3,0.0,-0.015682557337147494,0.004058275456984267,-0.0011912481633073603,-0.18,0.18,1.0
25.649293184280396,1,,0.0,0.3,0.0,-0.004369622356222018,-0.01471388224259365,-0.0033860298075157553,-0.18,0.18,1.0
25.649293184280396,1,,0.0,0.3,0.0,-0.006709062156168233,-0.007311072826093206,-0.005380905953946083,-0.18,0.18,1.0
25.689711570739746,1,,0.0,0.3,0.0,0.0013086591167735355,-0.01631322035360394,-0.005937968668897796,-0.18,0.18,1.0
25.689711570739746,1,,0.0,0.3,0.0,0.0031789541219690875,-0.0025897222705570638,-0.007876257242076867,-0.18,0.18,1.0
25.689711570739746,1,,0.0,0.3,0.0,0.0013854851994910627,-0.021515374754673126,0.0006832337491486079,-0.18,0.18,1.0
25.689711570739746,1,,0.0,0.3,0.0,-0.005056560570813237,-0.02230916242308176,-0.00021775331762122842,-0.18,0.18,1.0
25.689711570739746,1,,0.0,0.3,0.0,-0.007293822501262209,-0.0016735286327507076,-4.842651846901783e-06,-0.18,0.18,1.0
25.689711570739746,1,,0.0,0.3,0.0,-0.0017228566299770174,-0.017354156007255494,0.0017870581388316346,-0.18,0.18,1.0
25.689711570739746,1,,0.0,0.3,0.0,-0.005285585663011049,-0.005727398314482754,0.0018082481454032035,-0.18,0.18,1.0
25.689711570739746,1,,0.0,0.3,0.0,-0.0032430494205324227,-0.011558575712465793,-0.002328703361819112,-0.18,0.18,1.0
25.689711570739746,1,,0.0,0.3,0.0,-0.002504464605789152,-0.019738472879055096,-0.003336841584140147,-0.18,0.18,1.0
25.689711570739746,1,,0.0,0.3,0.0,0.001044614131314078,-0.023077806233016425,-0.002974957300937889,-0.18,0.18,1.0
25.730042457580566,1,,0.0,0.3,0.0,-0.0016987918125259596,-0.00528166088343843,-0.007912573143033565,-0.18,0.18,1.0
25.730042457580566,1,,0.0,0.3,0.0,-0.006855683451574273,-5.069078402601857e-05,-0.009948559970367797,-0.18,0.18,1.0
25.730042457580566,1,,0.0,0.3,0.0,-0.00225695812474255,0.005191103939752471,-0.002049843812086113,-0.18,0.18,1.0
25.730042457580566,1,,0.0,0.3,0.0,-0.01317524882728545,-0.004691389113343968,-0.004598284738922337,-0.18,0.18,1.0
25.730042457580566,1,,0.0,0.3,0.0,-0.027577290192562862,-0.008636054679382268,-0.006623106616340674,-0.18,0.18,1.0
25.730042457580566,1,,0.0,0.3,0.0,-0.01569920138993569,-0.013209042047608883,-0.001886897194247169,-0.18,0.18,1.0
25.730042457580566,1,,0.0,0.3,0.0,-0.01399339996729856,-0.011055596290652886,-0.006670816669049795,-0.18,0.18,1.0
25.730042457580566,1,,0.0,0.3,0.0,-0.013952908000962902,-0.02588393119878491,-0.0044188101300191825,-0.18,0.18,1.0
25.730042457580566,1,,0.0,0.3,0.0,-0.012906702561002188,-0.017869378470802395,-0.009738000107396286,-0.18,0.18,1.0
25.730042457580566,1,,0.0,0.3,0.0,-0.013903299043544176,-0.029677232702653905,-0.009564158329705247,-0.18,0.18,1.0
25.77034282684326,1,,0.0,0.3,0.0,-0.022169558036512712,-0.007523802797671861,-0.0011505615688552275,-0.18,0.18,1.0
25.77034282684326,1,,0.0,0.3,0.0,-0.019690713830511464,-0.004227268304357231,0.002408194033908378,-0.18,0.18,1.0
25.77034282684326,1,,0.0,0.3,0.0,-0.017704839696565285,-0.02060837736860237,-0.004480992683683379,-0.18,0.18,1.0
25.77034282684326,1,,0.0,0.3,0.0,-0.017006868460998564,-0.00856002400224585,0.000553792635414057,-0.18,0.18,1.0
25.77034282684326,1,,0.0,0.3,0.0,-0.008583346782404763,-0.017455554084370568,0.0005121340521571144,-0.18,0.18,1.0
25.77034282684326,1,,0.0,0.3,0.0,-0.006255474697958684,-0.011826747304045232,-0.007734645308858694,-0.18,0.18,1.0
25.77034282684326,1,,0.0,0.3,0.0,-0.006287131924763256,0.0024145769014882862,-0.01280391234144985,-0.18,0.18,1.0
25.77034282684326,1,,0.0,0.3,0.0,-0.013549059493149114,-0.016047050863450627,-0.008116254815934025,-0.18,0.18,1.0
25.77034282684326,1,,0.0,0.3,0.0,-0.010142639943204176,-0.011287766150390685,-0.011022179187116583,-0.18,0.18,1.0
25.77034282684326,1,,0.0,0.3,0.0,-0.004247173883747283,-0.003701507942944087,-0.01126069241532178,-0.18,0.18,1.0
25.820740699768066,1,,0.0,0.3,0.0,-0.004456124330107103,-0.015283048086015832,-0.008664792053074253,-0.18,0.18,1.0
25.820740699768066,1,,0.0,0.3,0.0,-0.007232955296155996,-0.017237146964808547,-0.005059754910530177,-0.18,0.18,1.0
25.820740699768066,1,,0.0,0.3,0.0,-0.013730407077996092,0.002959413433809727,-0.002397781462554032,-0.18,0.18,1.0
25.820740699768066,1,,0.0,0.3,0.0,-0.003095828198744904,0.003942454716653355,-0.0027007159279427042,-0.18,0.18,1.0
25.820740699768066,1,,0.0,0.3,0.0,-0.001777459541556047,-0.0030333107507873255,-0.008931027369482423,-0.18,0.18,1.0
25.820740699768066,1,,0.0,0.3,0.0,-0.008021233524559324,0.005415649378350055,-0.008766374947284113,-0.18,0.18,1.0
25.820740699768066,1,,0.0,0.3,0.0,-0.00552481130447673,-0.014248302346120848,-0.011098219603920219,-0.18,0.18,1.0
25.820740699768066,1,,0.0,0.3,0.0,-0.0021721194161884753,-0.002577721093909165,-0.006331747119108275,-0.18,0.18,1.0
25.820740699768066,1,,0.0,0.3,0.0,0.0033786514054746026,-0.019612118233158123,-0.006932788750467869,-0.18,0.18,1.0
25.820740699768066,1,,0.0,0.3,0.0,-0.005411896989570251,-0.0225714530012366,-0.008593291715570366,-0.18,0.18,1.0
25.86110210418701,1,,0.0,0.3,0.0,-0.011841535891659967,-0.024000514175923478,-0.008140586390133075,-0.18,0.18,1.0
25.86110210418701,1,,0.0,0.3,0.0,-0.001517061099850719,-0.025157344309732012,-0.00320191814862571,-0.18,0.18,1.0
25.86110210418701,1,,0.0,0.3,0.0,6.376447646055414e-05,-0.01813673217358047,-0.005921357787387243,-0.18,0.18,1.0
25.86110210418701,1,,0.0,0.3,0.0,0.0019326383572124612,-0.017963135730604415,-0.0056456332041180295,-0.18,0.18,1.0
25.86110210418701,1,,0.0,0.3,0.0,0.005334966976696614,-0.005590800736497691,-0.002734887780543937,-0.18,0.18,1.0
25.86110210418701,1,,0.0,0.3,0.0,0.0026550441653299534,-0.004933347758705451,-0.003026394389249041,-0.18,0.18,1.0
25.86110210418701,1,,0.0,0.3,0.0,-0.0031213421303346324,-0.017684179816234314,0.0022564998597425826,-0.18,0.18,1.0
25.86110210418701,1,,0.0,0.3,0.0,-0.0017237625122014494,0.006392539631419093,-0.003064626717543964,-0.18,0.18,1.0
25.86110210418701,1,,0.0,0.3,0.0,0.0005015713838833184,-0.0016546378222605902,-0.010577493636256959,-0.18,0.18,1.0
25.901405096054077,1,,0.0,0.3,0.0,-0.0019074225890730408,-0.006086899471401579,-0.010231782887925547,-0.18,0.18,1.0
25.901405096054077,1,,0.0,0.3,0.0,-0.003172549013701467,-0.019658691649830397,-0.006701279637743661,-0.18,0.18,1.0
25.901405096054077,1,,0.0,0.3,0.0,-0.007555937185836875,-0.012018427252087929,-0.010490777535044234,-0.18,0.18,1.0
25.901405096054077,1,,0.0,0.3,0.0,-0.018621405739048205,-0.014083334646600243,-0.014951645187069552,-0.18,0.18,1.0
25.901405096054077,1,,0.0,0.3,0.0,-0.009592334927661955,-0.023785619396288222,-0.010301780846641776,-0.18,0.18,1.0
25.901405096054077,1,,0.0,0.3,0.0,-0.007075730262424417,-0.014129360871499946,-0.007175662282618255,-0.18,0.18,1.0
25.901405096054077,1,,0.0,0.3,0.0,-0.017420023424395362,-0.008055791872082026,-0.007398733144875831,-0.18,0.18,1.0
25.901405096054077,1,,0.0,0.3,0.0,-0.01096259254123885,-0.006932723949981266,-0.0063823887358685815,-0.18,0.18,1.0
25.901405096054077,1,,0.0,0.3,0.0,-0.005196450365153231,-0.0069999617461304255,-0.001623246076044628,-0.18,0.18,1.0
25.901405096054077,1,,0.0,0.3,0.0,0.001581275592262444,-0.009471640781942578,0.006456608324582669,-0.18,0.18,1.0
25.951842069625854,1,,0.0,0.3,0.0,-0.006179506345551804,-0.00372079284104757,0.006474871325109626,-0.18,0.18,1.0
25.951842069625854,1,,0.0,0.3,0.0,-0.01169689784145766,-0.019876492342928286,0.004665737923048924,-0.18,0.18,1.0
25.951842069625854,1,,0.0,0.3,0.0,-0.011909873480336456,-0.0022586622393409206,0.008281432177629866,-0.18,0.18,1.0
25.951842069625854,1,,0.0,0.3,0.0,-0.01739177803409022,-0.018803392562939898,-0.005461464149764608,-0.18,0.18,1.0
25.951842069625854,1,,0.0,0.3,0.0,-0.01000549798666047,-0.016025951335161166,-0.005610129104256955,-0.18,0.18,1.0
25.951842069625854,1,,0.0,0.3,0.0,-0.014742921539177023,-0.023068578055013604,-0.0024448999159417347,-0.18,0.18,1.0
25.951842069625854,1,,0.0,0.3,0.0,-0.008695851696514583,-0.016665074786403854,-0.003853879864543854,-0.18,0.18,1.0
25.951842069625854,1,,0.0,0.3,0.0,-0.011315858956113301,-0.011609296620627646,-0.0025692439905280846,-0.18,0.18,1.0
25.951842069625854,1,,0.0,0.3,0.0,-0.011536592057474267,-0.009230474582833747,-0.0007360617005911937,-0.18,0.18,1.0
25.951842069625854,1,,0.0,0.3,0.0,-0.0047926244938077,-0.017383465824952312,-0.002132717215154258,-0.18,0.18,1.0
25.99214267730713,1,,0.0,0.3,0.0,-1.0497481185306743e-05,-0.004105060750042015,-0.00427346549843612,-0.18,0.18,1.0
25.99214267730713,1,,0.0,0.3,0.0,-0.007073555895386866,-0.003300991973131427,-0.013899080274032733,-0.18,0.18,1.0
25.99214267730713,1,,0.0,0.3,0.0,-0.008727749323173847,-0.01818266748782733,-0.005956906682542477,-0.18,0.18,1.0
25.99214267730713,1,,0.0,0.3,0.0,-0.007999045427891692,-0.03386312770662143,-0.011103654853578036,-0.18,0.18,1.0
25.99214267730713,1,,0.0,0.3,0.0,-0.00861901403239817,-0.027262294734330145,-0.00891441716297056,-0.18,0.18,1.0
25.99214267730713,1,,0.0,0.3,0.0,-0.00670977152744568,-0.014973619023541416,-0.005933486031073316,-0.18,0.18,1.0
25.99214267730713,1,,0.0,0.3,0.0,-0.004773983574208255,-0.0229140097036216,-0.003647273213338933,-0.18,0.18,1.0
25.99214267730713,1,,0.0,0.3,0.0,-0.005534881082692279,-0.014662440899684942,-0.008660336506660628,-0.18,0.18,1.0
25.99214267730713,1,,0.0,0.3,0.0,0.0001141052221041065,-0.018085398075040598,-0.008782261321323474,-0.18,0.18,1.0
25.99214267730713,1,,0.0,0.3,0.0,-0.003013900937476621,-0.031030029176530576,-0.007630005610560642,-0.18,0.18,1.0
26.032438039779663,1,,0.0,0.3,0.0,-0.008920643007086514,-0.0248138430375244,-0.006941494692807954,-0.18,0.18,1.0
26.032438039779663,1,,0.0,0.3,0.0,-0.006364326384655407,-0.023311417289199745,-0.0007417845309231791,-0.18,0.18,1.0
26.032438039779663,1,,0.0,0.3,0.0,0.004338116617217382,-0.02203881117401741,-0.009393804717060831,-0.18,0.18,1.0
26.032438039779663,1,,0.0,0.3,0.0,-0.0018802113166438085,-0.010857352997142739,-0.011424615190022164,-0.18,0.18,1.0
26.032438039779663,1,,0.0,0.3,0.0,-0.00043574828125248643,-0.012991198592480381,-0.00395999328860218,-0.18,0.18,1.0
26.032438039779663,1,,0.0,0.3,0.0,-0.007983337062291018,-0.007068088732602383,-0.011515986740645833,-0.18,0.18,1.0
26.032438039779663,1,,0.0,0.3,0.0,-0.010093784222593816,-0.011386887010197022,-0.012979993434062347,-0.18,0.18,1.0
26.032438039779663,1,,0.0,0.3,0.0,-0.006642594466394716,0.0002627345148072566,-0.019755531770738577,-0.18,0.18,1.0
26.032438039779663,1,,0.0,0.3,0.0,-0.0071351411029023605,-0.010532515816717667,-0.00801569311208863,-0.18,0.18,1.0
26.032438039779663,1,,0.0,0.3,0.0,-0.0030401287046475382,-0.012682374502314117,-0.005445925225114194,-0.18,0.18,1.0
26.07271957397461,1,,0.0,0.3,0.0,0.009746351048442363,-0.014568451459843687,-0.004604309523534342,-0.18,0.18,1.0
26.07271957397461,1,,0.0,0.3,0.0,0.010718189278850975,-0.004381798455118245,-0.010406971801032531,-0.18,0.18,1.0
26.07271957397461,1,,0.0,0.3,0.0,0.0029822413230882186,-0.013256458598552007,-0.004160784681551554,-0.18,0.18,1.0
26.07271957397461,1,,0.0,0.3,0.0,0.0013820284875211855,-0.002369147465299593,-0.006386605664613375,-0.18,0.18,1.0
26.07271957397461,1,,0.0,0.3,0.0,0.0024975773156023892,-0.001745331365780477,-0.0009346998967163823,-0.18,0.18,1.0
26.07271957397461,1,,0.0,0.3,0.0,0.002968624312333013,-0.015812622666863185,-0.004468097600801222,-0.18,0.18,1.0
26.07271957397461,1,,0.0,0.3,0.0,-0.01123432315696348,-0.020733630358701148,-7.776582218283218e-05,-0.18,0.18,1.0
26.07271957397461,1,,0.0,0.3,0.0,-0.005851073347658856,-0.015095066651164075,-0.003100319467253457,-0.18,0.18,1.0
26.07271957397461,1,,0.0,0.3,0.0,-0.007594799260377916,-0.007502743162621506,-0.007001761370054416,-0.18,0.18,1.0
26.07271957397461,1,,0.0,0.3,0.0,-0.009602722795832463,-0.02658405903935141,-0.012137893256315091,-0.18,0.18,1.0
26.12320375442505,1,,0.0,0.3,0.0,0.0009243285515284212,-0.019288905692131913,-0.003719915089544329,-0.18,0.18,1.0
26.12320375442505,1,,0.0,0.3,0.0,0.0028757831495226146,-0.012871623545741824,-0.004674410361724361,-0.18,0.18,1.0
26.12320375442505,1,,0.0,0.3,0.0,6.321434971178099e-05,-0.011763366510398731,2.3644288813004825e-05,-0.18,0.18,1.0
26.12320375442505,1,,0.0,0.3,0.0,-0.006199280245671075,-0.008794128885640323,-0.007681882990288673,-0.18,0.18,1.0
26.12320375442505,1,,0.0,0.3,0.0,-0.00010096619626081994,-0.014905736803080855,-0.0018470561463809338,-0.18,0.18,1.0
26.12320375442505,1,,0.0,0.3,0.0,-0.0011083846422139422,-0.02629116931308935,-0.005555128021114748,-0.18,0.18,1.0
26.12320375442505,1,,0.0,0.3,0.0,-0.008338329831668344,-0.010852176646407474,-0.0024083936561741567,-0.18,0.18,1.0
26.12320375442505,1,,0.0,0.3,0.0,-0.014137228442127924,-0.028478646835920204,-0.0036615346018491392,-0.18,0.18,1.0
26.12320375442505,1,,0.0,0.3,0.0,-0.008992844101647914,-0.02229621977826817,-0.009837605382562842,-0.18,0.18,1.0
26.12320375442505,1,,0.0,0.3,0.0,0.0006927978536486748,-0.015816126474276816,-0.013015759236297586,-0.18,0.18,1.0
26.16352677345276,1,,0.0,0.3,0.0,0.0011585052113461526,-0.022299499261983765,-0.012625299750294793,-0.18,0.18,1.0
26.16352677345276,1,,0.0,0.3,0.0,-0.001733444725342441,-0.003101825615084115,-0.008098542176514225,-0.18,0.18,1.0
26.16352677345276,1,,0.0,0.3,0.0,-0.0006480884070303867,-0.006253836232359395,-0.009380680457647398,-0.18,0.18,1.0
26.16352677345276,1,,0.0,0.3,0.0,0.002741023651784738,-0.003519720577035204,-0.012555061468267929,-0.18,0.18,1.0
26.16352677345276,1,,0.0,0.3,0.0,-0.002457178669304283,0.00019236466965805111,-0.007025877217922745,-0.18,0.18,1.0
26.16352677345276,1,,0.0,0.3,0.0,0.004681438476967691,-0.009295443185673345,-0.004730403925427003,-0.18,0.18,1.0
26.16352677345276,1,,0.0,0.3,0.0,-0.007076960163868319,-0.027205580235056526,-0.009474549898159485,-0.18,0.18,1.0
26.16352677345276,1,,0.0,0.3,0.0,-0.007524661961597488,-0.008950912562196442,-0.011391148425250266,-0.18,0.18,1.0
26.16352677345276,1,,0.0,0.3,0.0,-0.008492537013022399,-5.75386048915887e-05,-0.003143073229414483,-0.18,0.18,1.0
26.16352677345276,1,,0.0,0.3,0.0,-0.00011854232784727346,-0.010809009509407637,0.000320491325985152,-0.18,0.18,1.0
26.20380926132202,1,,0.0,0.3,0.0,0.0001370229528232093,-0.00913176109286968,0.000690339714609049,-0.18,0.18,1.0
26.20380926132202,1,,0.0,0.3,0.0,0.005892863343654667,-0.007476465338923105,-0.003947602950123581,-0.18,0.18,1.0
26.20380926132202,1,,0.0,0.3,0.0,0.0007407522028993334,-0.007772075015010853,-0.005556454224040709,-0.18,0.18,1.0
26.20380926132202,1,,0.0,0.3,0.0,-0.00565084413963562,-0.01710821567446323,-0.00790716876626836,-0.18,0.18,1.0
26.20380926132202,1,,0.0,0.3,0.0,-0.012303623915243075,-0.0015434379058708587,-0.0038432120407876575,-0.18,0.18,1.0
26.20380926132202,1,,0.0,0.3,0.0,-0.014067191274558785,-0.009341717727354966,-0.006387237007899833,-0.18,0.18,1.0
26.20380926132202,1,,0.0,0.3,0.0,-0.009425064352103158,-0.016795581758997397,-0.00239753820625434,-0.18,0.18,1.0
26.20380926132202,1,,0.0,0.3,0.0,-0.00741954445518197,-0.015584285651901916,-0.0035174682497015933,-0.18,0.18,1.0
26.20380926132202,1,,0.0,0.3,0.0,-0.007481372187145908,-0.006437009153350814,-0.010044789433598487,-0.18,0.18,1.0
26.20380926132202,1,,0.0,0.3,0.0,-0.008535922469054862,-0.019087570034625124,-0.005721610597391538,-0.18,0.18,1.0
26.24414300918579,1,,0.0,0.3,0.0,-0.006857234278075658,-0.013823262381226394,-0.012537223806792966,-0.18,0.18,1.0
26.24414300918579,1,,0.0,0.3,0.0,-0.00927632487583258,-0.027970877581230784,-0.010293059697448086,-0.18,0.18,1.0
26.24414300918579,1,,0.0,0.3,0.0,-0.009299546310041295,-0.01695055978138118,-0.009686099887399869,-0.18,0.18,1.0
26.24414300918579,1,,0.0,0.3,0.0,-0.004736296806539925,-0.030110220749430833,-0.00889442587143495,-0.18,0.18,1.0
26.24414300918579,1,,0.0,0.3,0.0,-0.011868461799300914,-0.010977431807324736,-0.004680812399121999,-0.18,0.18,1.0
26.24414300918579,1,,0.0,0.3,0.0,-0.0047894331116960405,-0.010318196967036411,-0.00628724590657061,-0.18,0.18,1.0
26.24414300918579,1,,0.0,0.3,0.0,0.004261174008447028,-0.014143615430414383,-0.006614588849811507,-0.18,0.18,1.0
26.24414300918579,1,,0.0,0.3,0.0,0.003392650245640162,-0.014724305944730533,-0.009418609935834427,-0.18,0.18,1.0
26.24414300918579,1,,0.0,0.3,0.0,-0.0002798740510593341,-0.007861223635328185,-0.003690866580485944,-0.18,0.18,1.0
26.24414300918579,1,,0.0,0.3,0.0,-0.0007137265337589464,-0.011877728532330047,-0.005888108677077212,-0.18,0.18,1.0
26.294493675231934,1,,0.0,0.3,0.0,-0.004417724356740436,-0.006210641040383709,-0.001288046191961279,-0.18,0.18,1.0
26.294493675231934,1,,0.0,0.3,0.0,0.0015858077825350052,-0.009346354983037309,-0.0018211619860886942,-0.18,0.18,1.0
26.294493675231934,1,,0.0,0.3,0.0,-0.0017098742471165103,-0.00019062688704234458,-0.008798736414962502,-0.18,0.18,1.0
26.294493675231934,1,,0.0,0.3,0.0,0.006212840170633899,-0.007992973973370895,-0.0046836802032669145,-0.18,0.18,1.0
26.294493675231934,1,,0.0,0.3,0.0,0.005385173388862855,-0.01677166680097262,-0.011007136445311875,-0.18,0.18,1.0
26.294493675231934,1,,0.0,0.3,0.0,0.005068466479616816,-0.012939826895988856,-0.01563270098149685,-0.18,0.18,1.0
26.294493675231934,1,,0.0,0.3,0.0,0.00030978546190923734,-0.01910802853217441,-0.011226098893372269,-0.18,0.18,1.0
26.294493675231934,1,,0.0,0.3,0.0,-0.004280493311406199,0.004033809503570179,-0.012462288633024418,-0.18,0.18,1.0
26.294493675231934,1,,0.0,0.3,0.0,-0.004782486915416055,-0.012129285326348814,-0.015119563612136412,-0.18,0.18,1.0
26.294493675231934,1,,0.0,0.3,0.0,-0.00045237674977126145,-0.0005800622812727961,-0.0035383216434409256,-0.18,0.18,1.0
26.334847688674927,1,,0.0,0.3,0.0,-0.01003901682486941,-0.005675519656834734,-0.007877115102669799,-0.18,0.18,1.0
26.334847688674927,1,,0.0,0.3,0.0,-0.01373623347964586,-0.013439232449656982,-0.006098602935771946,-0.18,0.18,1.0
26.334847688674927,1,,0.0,0.3,0.0,-0.010183248727949457,-0.02335494416948993,-0.014380938303302171,-0.18,0.18,1.0
26.334847688674927,1,,0.0,0.3,0.0,-0.009446794169163142,-0.02195413477944986,-0.00724379365145958,-0.18,0.18,1.0
26.334847688674927,1,,0.0,0.3,0.0,-0.0167085957179275,-0.01987224116416493,-0.0003565860876313621,-0.18,0.18,1.0
26.334847688674927,1,,0.0,0.3,0.0,-0.011924846365156751,-0.03181098227788032,0.004580869349579802,-0.18,0.18,1.0
26.334847688674927,1,,0.0,0.3,0.0,-0.01321228017028644,-0.038235090468397334,0.0040824585130148205,-0.18,0.18,1.0
26.334847688674927,1,,0.0,0.3,0.0,-0.016998934544063486,-0.03618261333881311,0.006906922155301297,-0.18,0.18,1.0
26.334847688674927,1,,0.0,0.3,0.0,-0.023400218559659576,-0.018891420247191648,0.0020082227131863126,-0.18,0.18,1.0
26.334847688674927,1,,0.0,0.3,0.0,-0.02093453032835659,-0.0027071650204775486,0.0003189278180229349,-0.18,0.18,1.0
26.37521195411682,1,,0.0,0.3,0.0,-0.010092778790617435,-0.007376495229098527,-0.004115783503030123,-0.18,0.18,1.0
26.37521195411682,1,,0.0,0.3,0.0,-0.0031826215465243267,-0.017649209013295874,-0.001437748441557917,-0.18,0.18,1.0
26.37521195411682,1,,0.0,0.3,0.0,-0.004750758134452324,-0.022976522877676597,0.002013319270574442,-0.18,0.18,1.0
26.37521195411682,1,,0.0,0.3,0.0,-0.003600853298271664,-0.0058258602819802946,0.003724810809313665,-0.18,0.18,1.0
26.37521195411682,1,,0.0,0.3,0.0,-0.014051073119054323,-0.02189460179107989,-0.00555558932447218,-0.18,0.18,1.0
26.37521195411682,1,,0.0,0.3,0.0,-0.011087513919750882,-0.02483710319896302,-0.010304216619728603,-0.18,0.18,1.0
26.37521195411682,1,,0.0,0.3,0.0,-0.00872041085433583,-0.0004586403160938749,-0.0033952388472728487,-0.18,0.18,1.0
26.37521195411682,1,,0.0,0.3,0.0,-0.008068573747570619,-0.006950052526459216,-0.006777188185600285,-0.18,0.18,1.0
26.37521195411682,1,,0.0,0.3,0.0,-0.015347193286624936,0.0007471607501041007,-0.008734091372252879,-0.18,0.18,1.0
26.42561674118042,1,,0.0,0.3,0.0,-0.01627373931547828,-0.002129232451491564,-0.008703396959037683,-0.18,0.18,1.0
26.42561674118042,1,,0.0,0.3,0.0,-0.01670933864425169,0.009105487928583109,-0.008612718099663354,-0.18,0.18,1.0
26.42561674118042,1,,0.0,0.3,0.0,-0.010960596040760507,-0.008061888240871815,-0.003832246802539462,-0.18,0.18,1.0
26.42561674118042,1,,0.0,0.3,0.0,-0.00507112086830626,-0.0051652120894116055,-0.006473009724576525,-0.18,0.18,1.0
26.42561674118042,1,,0.0,0.3,0.0,0.0008167148223406373,-0.0030834458090332976,0.002494335366734399,-0.18,0.18,1.0
26.42561674118042,1,,0.0,0.3,0.0,0.0033864302297644333,-0.016881043683835424,0.0001566498132896922,-0.18,0.18,1.0
26.42561674118042,1,,0.0,0.3,0.0,-0.0018616411681839943,-0.01059038786030215,-0.005967035436815162,-0.18,0.18,1.0
26.42561674118042,1,,0.0,0.3,0.0,-0.006241406489067333,-0.011268156101811224,-0.009077987450784914,-0.18,0.18,1.0
26.42561674118042,1,,0.0,0.3,0.0,0.0032583008089562544,-0.017305520051736772,-0.012982163180950147,-0.18,0.18,1.0
26.42561674118042,1,,0.0,0.3,0.0,0.0077195042378627576,-0.02675999580534727,-0.0013337936358433836,-0.18,0.18,1.0
26.46593689918518,1,,0.0,0.3,0.0,0.004445871958282372,-0.003909060543643197,0.0033694557823208773,-0.18,0.18,1.0
26.46593689918518,1,,0.0,0.3,0.0,0.003996145094285797,-0.016704786351557845,-0.003170127570603715,-0.18,0.18,1.0
26.46593689918518,1,,0.0,0.3,0.0,0.0023317671860212104,-0.00892558010582908,-0.005972757241936314,-0.18,0.18,1.0
26.46593689918518,1,,0.0,0.3,0.0,0.0003541674731796115,-0.01980535363357353,-0.004785957539847293,-0.18,0.18,1.0
26.46593689918518,1,,0.0,0.3,0.0,-0.006645114825046288,-0.012055985731236634,-0.0004198674722929668,-0.18,0.18,1.0
26.46593689918518,1,,0.0,0.3,0.0,-0.01321835542678823,-0.00978011641746903,-0.003993051421141355,-0.18,0.18,1.0
26.46593689918518,1,,0.0,0.3,0.0,-0.006312675761408249,0.004640867016246293,-0.004691554193940302,-0.18,0.18,1.0
26.46593689918518,1,,0.0,0.3,0.0,-0.0046277866378629144,-0.016668034191260953,-0.00139289127264044,-0.18,0.18,1.0
26.46593689918518,1,,0.0,0.3,0.0,0.0031798466117462978,0.0037061183620720603,-0.007419371584573245,-0.18,0.18,1.0
26.46593689918518,1,,0.0,0.3,0.0,-0.008550862738133942,-0.002702325621486025,-0.0072007936646551,-0.18,0.18,1.0
26.50629472732544,1,,0.0,0.3,0.0,-0.0019759771754916345,0.0023156698285491375,-0.0070855629677632126,-0.18,0.18,1.0
26.50629472732544,1,,0.0,0.3,0.0,-0.0006285006707395114,-0.0030797198726882384,-0.0043581100111586895,-0.18,0.18,1.0
26.50629472732544,1,,0.0,0.3,0.0,0.005727588675869151,0.0013120071077925477,-0.006023044292783891,-0.18,0.18,1.0
26.50629472732544,1,,0.0,0.3,0.0,0.0034262545173833676,-0.0029879065443656912,-0.0021466586286616666,-0.18,0.18,1.0
26.50629472732544,1,,0.0,0.3,0.0,3.022899411045e-05,0.012279248304504276,-0.003843649478790304,-0.18,0.18,1.0
26.50629472732544,1,,0.0,0.3,0.0,-0.010840341783285036,-0.0054860073474049635,-0.0015111071914062823,-0.18,0.18,1.0
26.50629472732544,1,,0.0,0.3,0.0,-0.016815176546879033,-0.0010068701072988556,-0.008398396411404928,-0.18,0.18,1.0
26.50629472732544,1,,0.0,0.3,0.0,-0.017383661887600103,-0.019205304123414636,-0.011275304466228975,-0.18,0.18,1.0
26.50629472732544,1,,0.0,0.3,0.0,-0.004171361504401913,-0.009364451153624937,-0.001887213045191581,-0.18,0.18,1.0
26.50629472732544,1,,0.0,0.3,0.0,-0.009790224704254547,-0.00632420760035516,-0.007482167732589504,-0.18,0.18,1.0
26.546653270721436,1,,0.0,0.3,0.0,-0.005713294557371619,-0.019132621270797855,-0.008512411100207957,-0.18,0.18,1.0
26.546653270721436,1,,0.0,0.3,0.0,-0.007020246915608764,-0.01183780539061714,-0.007275926636643868,-0.18,0.18,1.0
26.546653270721436,1,,0.0,0.3,0.0,-0.004625983543553264,-0.021055239727611877,-0.003882910093213253,-0.18,0.18,1.0
26.546653270721436,1,,0.0,0.3,0.0,0.0016136829011367275,-0.005335799586336026,0.0006437561941143172,-0.18,0.18,1.0
26.546653270721436,1,,0.0,0.3,0.0,-0.005141916507629714,-0.008072805931709809,-0.003575360220973795,-0.18,0.18,1.0
26.546653270721436,1,,0.0,0.3,0.0,-0.015245152969167466,0.0002564588957561252,-0.003479019698105171,-0.18,0.18,1.0
26.546653270721436,1,,0.0,0.3,0.0,-0.012437487689695095,-0.007985781783962696,-0.006873631456209229,-0.18,0.18,1.0
26.546653270721436,1,,0.0,0.3,0.0,-0.015280473259805197,-0.0163572827935509,-0.0013916776260075995,-0.18,0.18,1.0
26.546653270721436,1,,0.0,0.3,0.0,-0.0187081588146055,-0.013080216463603371,-0.010124071694574136,-0.18,0.18,1.0
26.546653270721436,1,,0.0,0.3,0.0,-0.015872191332257257,-0.015162669027477156,-0.009320465971236017,-0.18,0.18,1.0
26.597100973129272,1,,0.0,0.3,0.0,-0.003319923972361286,-0.018684169151586227,-0.0034948317917433045,-0.18,0.18,1.0
26.597100973129272,1,,0.0,0.3,0.0,-0.0036806611471672983,-0.010547535731806862,-0.0006409411021236652,-0.18,0.18,1.0
26.597100973129272,1,,0.0,0.3,0.0,0.006761179521557866,-0.012138440134948551,-0.007678636171343574,-0.18,0.18,1.0
26.597100973129272,1,,0.0,0.3,0.0,0.007728367286358646,-0.009107340152299873,0.0032595160605831865,-0.18,0.18,1.0
26.597100973129272,1,,0.0,0.3,0.0,0.003902445389361045,-0.004805660509380342,0.005677851149783379,-0.18,0.18,1.0
26.597100973129272,1,,0.0,0.3,0.0,0.0007642592261403295,-0.030351431389373143,0.002907970604618893,-0.18,0.18,1.0
26.597100973129272,1,,0.0,0.3,0.0,0.00044647961307090573,-0.015510442172532734,-0.006595836551863304,-0.18,0.18,1.0
26.597100973129272,1,,0.0,0.3,0.0,-0.0012878418797080018,-0.012255225078636089,-0.002084374426315687,-0.18,0.18,1.0
26.597100973129272,1,,0.0,0.3,0.0,-0.005604721269196922,-0.030563429900677855,-0.003896438489585566,-0.18,0.18,1.0
26.597100973129272,1,,0.0,0.3,0.0,-0.009423780197370987,-0.015317903386736956,0.007276700023122188,-0.18,0.18,1.0
26.637385368347168,1,,0.0,0.3,0.0,-0.012899107079001822,-0.012442310214339197,0.0041415613763353286,-0.18,0.18,1.0
26.637385368347168,1,,0.0,0.3,0.0,-0.015204683334805867,-0.021741796441732644,-0.00019197708194772331,-0.18,0.18,1.0
26.637385368347168,1,,0.0,0.3,0.0,-0.010744975908060029,-0.013334438172933278,-0.011184012287004857,-0.18,0.18,1.0
26.637385368347168,1,,0.0,0.3,0.0,-0.007980763372986378,-0.019671263567472282,-0.004915517616263239,-0.18,0.18,1.0
26.637385368347168,1,,0.0,0.3,0.0,-0.007031348531929048,-0.015969453481985214,-0.011323724478799705,-0.18,0.18,1.0
26.637385368347168,1,,0.0,0.3,0.0,-0.008980003359432514,-0.004047150549651342,-0.008650451928034923,-0.18,0.18,1.0
26.637385368347168,1,,0.0,0.3,0.0,-0.014158651613766947,-0.0019173325006614612,-0.013258907168434243,-0.18,0.18,1.0
26.637385368347168,1,,0.0,0.3,0.0,-0.012776881838639747,-0.008372950256650339,-0.009756820746498078,-0.18,0.18,1.0
26.637385368347168,1,,0.0,0.3,0.0,-0.01889841023640618,-0.008240115027351981,-0.0004382042957020447,-0.18,0.18,1.0
26.637385368347168,1,,0.0,0.3,0.0,-0.019438061159420424,-0.023401313833897687,-0.0038516351453347234,-0.18,0.18,1.0
26.677791595458984,1,,0.0,0.3,0.0,-0.015217060982446863,-0.015917639599289976,-0.001924548652465963,-0.18,0.18,1.0
26.677791595458984,1,,0.0,0.3,0.0,-0.008742964737531233,-0.016863187505649992,-0.0029762366705746502,-0.18,0.18,1.0
26.677791595458984,1,,0.0,0.3,0.0,-0.005174980286154607,-0.012109358783072816,0.004279832244127503,-0.18,0.18,1.0
26.677791595458984,1,,0.0,0.3,0.0,-0.010988615611292515,-0.02513453353253424,0.0036264407487259583,-0.18,0.18,1.0
26.677791595458984,1,,0.0,0.3,0.0,-0.015131803162666041,-0.01352881106164574,-0.0023438382253102054,-0.18,0.18,1.0
26.677791595458984,1,,0.0,0.3,0.0,-0.016117128811167038,-0.017289133259196933,-0.001841461609974913,-0.18,0.18,1.0
26.677791595458984,1,,0.0,0.3,0.0,-0.014934111136069515,-0.024428701854232772,-0.001653465563702241,-0.18,0.18,1.0
26.677791595458984,1,,0.0,0.3,0.0,-0.012443929821364991,-0.009063426009301406,-0.005454008195109681,-0.18,0.18,1.0
26.677791595458984,1,,0.0,0.3,0.0,-0.011609012512967871,-0.014807687393984602,-0.008339211136563619,-0.18,0.18,1.0
26.677791595458984,1,,0.0,0.3,0.0,-0.010911392644656136,4.8903266961672294e-05,-0.010171239693400622,-0.18,0.18,1.0
26.718120098114014,1,,0.0,0.3,0.0,-0.00915290371864878,-0.011010628531682545,-0.0044005818974803,-0.18,0.18,1.0
26.718120098114014,1,,0.0,0.3,0.0,-0.012900284523860467,0.0022734981099715376,-0.00617767635613547,-0.18,0.18,1.0
26.718120098114014,1,,0.0,0.3,0.0,-0.0026405200978401595,-0.005133127475301125,-0.01094366007489403,-0.18,0.18,1.0
26.718120098114014,1,,0.0,0.3,0.0,-0.0022893035082349102,-0.01646507156699648,-0.006959122618400945,-0.18,0.18,1.0
26.718120098114014,1,,0.0,0.3,0.0,-0.005499534691746211,0.002316797627995463,-0.00610497684945982,-0.18,0.18,1.0
26.718120098114014,1,,0.0,0.3,0.0,-0.004232556518866027,-0.014897948130198395,-0.011539566774903467,-0.18,0.18,1.0
26.718120098114014,1,,0.0,0.3,0.0,-0.0038398732134649264,-0.015196505496018281,-0.008884858720213506,-0.18,0.18,1.0
26.718120098114014,1,,0.0,0.3,0.0,0.003122179816673948,-0.019586661379002505,-0.01212138184867322,-0.18,0.18,1.0
26.718120098114014,1,,0.0,0.3,0.0,-0.0015291639400206239,-0.02770867086176729,-0.007330835548545023,-0.18,0.18,1.0
26.718120098114014,1,,0.0,0.3,0.0,0.0029882901414488594,-0.01606912319997169,-0.011096156814838746,-0.18,0.18,1.0
26.768469095230103,1,,0.0,0.3,0.0,0.0015247717455600784,-0.0012713530975522558,-0.005500072024141551,-0.18,0.18,1.0
26.768469095230103,1,,0.0,0.3,0.0,0.001614730419498206,-0.011603905420705333,-0.0063746446502844605,-0.18,0.18,1.0
26.768469095230103,1,,0.0,0.3,0.0,-0.0022907088902460976,-0.01120901542187493,0.0006667403637202614,-0.18,0.18,1.0
26.768469095230103,1,,0.0,0.3,0.0,0.002159704374846276,0.003823563529026744,-0.0049067645750037504,-0.18,0.18,1.0
26.768469095230103,1,,0.0,0.3,0.0,0.0004680521459921337,-0.01770909576232033,-0.0012850156628424396,-0.18,0.18,1.0
26.768469095230103,1,,0.0,0.3,0.0,0.0011693109130678052,-0.012979851911609677,-0.003320471590502715,-0.18,0.18,1.0
26.768469095230103,1,,0.0,0.3,0.0,-0.0018814120214630295,-0.00966087056667684,-0.005042298554606722,-0.18,0.18,1.0
26.768469095230103,1,,0.0,0.3,0.0,0.008845485482383274,-0.008085287394562561,-0.00827159401105761,-0.18,0.18,1.0
26.768469095230103,1,,0.0,0.3,0.0,0.011178707661973987,0.00248449508435279,-0.004805546711083363,-0.18,0.18,1.0
26.768469095230103,1,,0.0,0.3,0.0,0.00876618471721829,-0.012314945969223338,-0.005509064861987504,-0.18,0.18,1.0
26.80879235267639,1,,0.0,0.3,0.0,-0.004417932001277295,-0.010749780659312756,-0.008652151955904222,-0.18,0.18,1.0
26.80879235267639,1,,0.0,0.3,0.0,0.003261723880244229,-0.01087683543248839,-0.01160679670124554,-0.18,0.18,1.0
26.80879235267639,1,,0.0,0.3,0.0,-0.0012492412097989025,-0.022293670339884202,-0.010283988961977646,-0.18,0.18,1.0
26.80879235267639,1,,0.0,0.3,0.0,-0.0034417034845412803,-0.005179127087109153,-0.015262075516546026,-0.18,0.18,1.0
26.80879235267639,1,,0.0,0.3,0.0,-0.0046492673106770036,-0.022252492428676864,-0.004567864537689726,-0.18,0.18,1.0
26.80879235267639,1,,0.0,0.3,0.0,-0.0023998082456688523,-0.0018687993064729193,-0.009156216164884812,-0.18,0.18,1.0
26.80879235267639,1,,0.0,0.3,0.0,-0.0071420137124810585,-0.003930543421135199,-0.012006817891302455,-0.18,0.18,1.0
26.80879235267639,1,,0.0,0.3,0.0,-0.00760710921268946,-0.018360914410581648,-0.009076770633565812,-0.18,0.18,1.0
26.80879235267639,1,,0.0,0.3,0.0,-0.007177942686846712,-0.006085690508451267,-0.008523832458350514,-0.18,0.18,1.0
26.80879235267639,1,,0.0,0.3,0.0,-0.012770075504802412,-0.01335316350249358,-0.011288509151176296,-0.18,0.18,1.0
26.849122047424316,1,,0.0,0.3,0.0,-0.014257328493106226,-0.0011473237854487776,-0.007803728877097693,-0.18,0.18,1.0
26.849122047424316,1,,0.0,0.3,0.0,-0.011946231316732383,-0.008703496970658184,-0.00864796931280167,-0.18,0.18,1.0
26.849122047424316,1,,0.0,0.3,0.0,-0.010578601251151384,-0.0018783176386108216,-0.012246858933410258,-0.18,0.18,1.0
26.849122047424316,1,,0.0,0.3,0.0,-0.008544797501864964,-0.017277167663491532,-0.00402854391854239,-0.18,0.18,1.0
26.849122047424316,1,,0.0,0.3,0.0,-0.007931365240936985,-0.03335435139474223,-0.002452992010181005,-0.18,0.18,1.0
26.849122047424316,1,,0.0,0.3,0.0,-0.013906387653798426,-0.016094022368194665,-0.00013492758123607087,-0.18,0.18,1.0
26.849122047424316,1,,0.0,0.3,0.0,-0.007912337365329293,-0.017493637421150513,0.005957363933687312,-0.18,0.18,1.0
26.849122047424316,1,,0.0,0.3,0.0,-0.015450800979609935,-0.007434523813661798,-0.002242137248807421,-0.18,0.18,1.0
26.849122047424316,1,,0.0,0.3,0.0,-0.0028074592797032267,0.01159512145980833,-0.00403827029569689,-0.18,0.18,1.0
26.849122047424316,1,,0.0,0.3,0.0,-0.0056570646733864445,0.007155623553316737,-0.0008677340319030648,-0.18,0.18,1.0
26.88945484161377,1,,0.0,0.3,0.0,-0.009396124959016311,0.007165573221992257,-0.00022162520875973165,-0.18,0.18,1.0
26.88945484161377,1,,0.0,0.3,0.0,0.003533469718346738,-0.002067422528554133,0.0005941510704739771,-0.18,0.18,1.0
26.88945484161377,1,,0.0,0.3,0.0,-0.0019448408574743226,-0.010444227263423728,-0.0015741122018173188,-0.18,0.18,1.0
26.88945484161377,1,,0.0,0.3,0.0,-0.002322972731933352,-0.007078891877477589,0.002747832760503898,-0.18,0.18,1.0
26.88945484161377,1,,0.0,0.3,0.0,0.0031442506592146203,-0.002358062297523739,0.007855640177044505,-0.18,0.18,1.0
26.88945484161377,1,,0.0,0.3,0.0,-0.0012450064512450542,-0.005816307845499196,-0.002935694593980259,-0.18,0.18,1.0
26.88945484161377,1,,0.0,0.3,0.0,-0.0005422561321091176,-0.009543441543697758,0.0003226659040408565,-0.18,0.18,1.0
26.88945484161377,1,,0.0,0.3,0.0,-0.0022819751516246836,-0.009436218530222622,-0.0032693644541171617,-0.18,0.18,1.0
26.88945484161377,1,,0.0,0.3,0.0,-0.013342637565000627,0.011851658794836016,-0.0015568185555940846,-0.18,0.18,1.0
26.88945484161377,1,,0.0,0.3,0.0,-0.006375139946439909,-0.0021758104214679884,0.004924938812077762,-0.18,0.18,1.0
26.939876556396484,1,,0.0,0.3,0.0,-0.007514818768610535,-0.001986887118462012,0.002944498150679606,-0.18,0.18,1.0
26.939876556396484,1,,0.0,0.3,0.0,-0.011237832527889503,-0.011810935497484779,-0.0012353310435895542,-0.18,0.18,1.0
26.939876556396484,1,,0.0,0.3,0.0,-0.0009947757299531136,-0.005321295195561885,-0.0011374401489763523,-0.18,0.18,1.0
26.939876556396484,1,,0.0,0.3,0.0,-0.00935556169630687,-0.008491136214894317,-0.004882335915502905,-0.18,0.18,1.0
26.939876556396484,1,,0.0,0.3,0.0,-0.005786414718360075,-0.024938822946803014,-0.010679010149506755,-0.18,0.18,1.0
26.939876556396484,1,,0.0,0.3,0.0,-0.010156724730713695,-0.007936295113491303,-0.0036832106474729543,-0.18,0.18,1.0
26.939876556396484,1,,0.0,0.3,0.0,-0.015737899180074708,-0.024919694180365555,0.001973737178919706,-0.18,0.18,1.0
26.939876556396484,1,,0.0,0.3,0.0,-0.007417780950670633,-0.01636056378558902,-0.0029307329626286622,-0.18,0.18,1.0
26.939876556396484,1,,0.0,0.3,0.0,-0.00528848261605306,-0.009279869656553462,-0.009697835585674965,-0.18,0.18,1.0
26.980209827423096,1,,0.0,0.3,0.0,-0.010606674137162573,-0.018167201487982104,-0.008665686571335663,-0.18,0.18,1.0
26.980209827423096,1,,0.0,0.3,0.0,-0.006640679729054387,-0.010155685929987989,-0.006129763783392052,-0.18,0.18,1.0
26.980209827423096,1,,0.0,0.3,0.0,0.0012581101512310724,-0.023969484996046064,-0.004719065359816107,-0.18,0.18,1.0
26.980209827423096,1,,0.0,0.3,0.0,-0.0024522405241649003,-0.014085468771840384,-0.003050426760209413,-0.18,0.18,1.0
26.980209827423096,1,,0.0,0.3,0.0,-0.004344113857161439,-0.00853713779069604,0.0019511425675820338,-0.18,0.18,1.0
26.980209827423096,1,,0.0,0.3,0.0,-0.004811104068815223,-0.019296544483637657,0.0015059030235510928,-0.18,0.18,1.0
26.980209827423096,1,,0.0,0.3,0.0,-0.006241508309936923,-0.006677982749042097,-0.0009408711880572635,-0.18,0.18,1.0
26.980209827423096,1,,0.0,0.3,0.0,-0.010648976157215283,-0.005220287633628353,-0.004273150408554349,-0.18,0.18,1.0
26.980209827423096,1,,0.0,0.3,0.0,-0.0058706726170810256,-0.014463844919737836,-0.0033276953759173275,-0.18,0.18,1.0
26.980209827423096,1,,0.0,0.3,0.0,0.0002070280562956583,-0.011631069787738929,-0.002057154966108526,-0.18,0.18,1.0
27.020511865615845,1,,0.0,0.4,0.0,-0.00047845536951288044,-0.018108624516630454,-0.006346840551888662,-0.18,0.18,1.0
27.020511865615845,1,,0.0,0.4,0.0,-0.008041583515566343,0.0008739413464479418,-0.003277530625348302,-0.18,0.18,1.0
27.020511865615845,1,,0.0,0.4,0.0,-0.0015784168475752303,-0.017164546930613304,-0.00840299946473941,-0.18,0.18,1.0
27.020511865615845,1,,0.0,0.4,0.0,-0.00325167262967239,-0.00601132582645937,-0.007219194917411915,-0.18,0.18,1.0
27.020511865615845,1,,0.0,0.4,0.0,3.3290286423714324e-05,-0.02197632174665374,-0.0010267623585735954,-0.18,0.18,1.0
27.020511865615845,1,,0.0,0.4,0.0,-0.0095298054796264,-0.01978596487803876,0.0021341257253445277,-0.18,0.18,1.0
27.020511865615845,1,,0.0,0.4,0.0,-0.007277609138115074,-0.023761581169811707,-0.0003781083180286697,-0.18,0.18,1.0
27.020511865615845,1,,0.0,0.4,0.0,-0.010213941958746111,-0.023755920089677394,-0.0066318799315169446,-0.18,0.18,1.0
27.020511865615845,1,,0.0,0.4,0.0,0.001018468653331264,-0.01770888321155946,-0.010104995697265145,-0.18,0.18,1.0
27.020511865615845,1,,0.0,0.4,0.0,-0.006115393513997991,-0.028451925354177624,0.0005564255344871109,-0.18,0.18,1.0
27.070859670639038,1,,0.0,0.4,0.0,-0.013754216938783795,-0.039551446992538514,-0.003118123426617276,-0.18,0.18,1.0
27.070859670639038,1,,0.0,0.4,0.0,-0.0031376042110286165,-0.024276414934260596,-0.00038336830240578323,-0.18,0.18,1.0
27.070859670639038,1,,0.0,0.4,0.0,0.0008007176299442258,-0.030939118642409027,-0.008563414139686525,-0.18,0.18,1.0
27.070859670639038,1,,0.0,0.4,0.0,-0.009003488684085532,-0.016538532976995295,-0.006572244055896472,-0.18,0.18,1.0
27.070859670639038,1,,0.0,0.4,0.0,-0.014983220451248783,-0.029763315134389234,-0.0022545852606185323,-0.18,0.18,1.0
27.070859670639038,1,,0.0,0.4,0.0,-0.011241629365239399,-0.04335489593075559,-0.004694181003025329,-0.18,0.18,1.0
27.070859670639038,1,,0.0,0.4,0.0,-0.013880159684451582,-0.0422211970568947,-0.005816220300864703,-0.18,0.18,1.0
27.070859670639038,1,,0.0,0.4,0.0,-0.012602401913166191,-0.009755661873246597,-0.01472532212889391,-0.18,0.18,1.0
27.070859670639038,1,,0.0,0.4,0.0,-0.003156305550674335,0.0014937673206793498,-0.011739901818065694,-0.18,0.18,1.0
27.070859670639038,1,,0.0,0.4,0.0,0.00183639988901681,0.0002248397850891094,-0.008563082283415782,-0.18,0.18,1.0
27.111161470413208,1,,0.0,0.4,0.0,0.006964549305054346,-0.003302159883765335,-0.0075863258437527375,-0.18,0.18,1.0
27.111161470413208,1,,0.0,0.4,0.0,0.005079891099653458,-0.016313763048711433,-0.007912927953333686,-0.18,0.18,1.0
27.111161470413208,1,,0.0,0.4,0.0,-0.0035400640185605015,-0.00747674537957238,-0.008129677948988778,-0.18,0.18,1.0
27.111161470413208,1,,0.0,0.4,0.0,-0.0034260121126882957,-0.016918717076656112,-0.007015797196578773,-0.18,0.18,1.0
27.111161470413208,1,,0.0,0.4,0.0,-0.001469739436932431,-0.031101082118227617,-0.0034620865750391674,-0.18,0.18,1.0
27.111161470413208,1,,0.0,0.4,0.0,-0.00608718111186464,-0.021059143998887905,0.0005472351333137612,-0.18,0.18,1.0
27.111161470413208,1,,0.0,0.4,0.0,-0.0030762323104772432,-0.009727540841185479,7.58498030237938e-05,-0.18,0.18,1.0
27.111161470413208,1,,0.0,0.4,0.0,-0.007409817376977834,-0.020898325089283853,0.0047275254549460225,-0.18,0.18,1.0
27.111161470413208,1,,0.0,0.4,0.0,-0.0038816096988763173,-0.0307295077118214,-0.0013939614695109737,-0.18,0.18,1.0
27.111161470413208,1,,0.0,0.4,0.0,-0.009643701007637838,-0.02091386867811585,0.0018445226710854222,-0.18,0.18,1.0
27.15147590637207,1,,0.0,0.4,0.0,-0.009372813913901832,-0.00121786827044396,-0.00485011553911364,-0.18,0.18,1.0
27.15147590637207,1,,0.0,0.4,0.0,-0.00037372498691930347,0.00029726312515235834,-0.0056803777612963345,-0.18,0.18,1.0
27.15147590637207,1,,0.0,0.4,0.0,-0.0011531060208347372,-0.018569914392491574,-0.0012672588668567082,-0.18,0.18,1.0
27.15147590637207,1,,0.0,0.4,0.0,0.000573713238465163,-0.03524857859977646,-0.0035057804942229794,-0.18,0.18,1.0
27.15147590637207,1,,0.0,0.4,0.0,-0.014371803700326893,-0.022375976708384582,-0.0035112490308207363,-0.18,0.18,1.0
27.15147590637207,1,,0.0,0.4,0.0,-0.005012238598036879,-0.0012905183525518508,-0.004387361123601246,-0.18,0.18,1.0
27.15147590637207,1,,0.0,0.4,0.0,-0.0032204518635992273,-0.01763300264319406,-0.0016596873612843635,-0.18,0.18,1.0
27.15147590637207,1,,0.0,0.4,0.0,-0.007705999321615373,-0.01555731147470382,-0.00528524873808595,-0.18,0.18,1.0
27.15147590637207,1,,0.0,0.4,0.0,0.0010416491659231174,-0.013282797291554018,-0.0048484727421415855,-0.18,0.18,1.0
27.15147590637207,1,,0.0,0.4,0.0,0.0029171649929505845,-0.020653434721183726,-0.010247134939140725,-0.18,0.18,1.0
27.191772937774658,1,,0.0,0.4,0.0,0.003695299801845913,-0.006752554971876394,-0.01185275963220299,-0.18,0.18,1.0
27.191772937774658,1,,0.0,0.4,0.0,0.006636618070470552,-0.027021108023490593,-0.009824237276868632,-0.18,0.18,1.0
27.191772937774658,1,,0.0,0.4,0.0,-0.005389613470957277,-0.010843964636311272,-0.0031192660185138344,-0.18,0.18,1.0
27.191772937774658,1,,0.0,0.4,0.0,-0.006195840623188183,-0.022389810806690794,0.0035613034941485975,-0.18,0.18,1.0
27.191772937774658,1,,0.0,0.4,0.0,-0.00516455314414426,-0.02570362182177587,-0.003982830156925702,-0.18,0.18,1.0
27.191772937774658,1,,0.0,0.4,0.0,-0.010086774881336281,-0.009646009890048296,-0.002750287336432234,-0.18,0.18,1.0
27.191772937774658,1,,0.0,0.4,0.0,-0.004282819165604382,0.005018200297229033,-0.0029464150275215813,-0.18,0.18,1.0
27.191772937774658,1,,0.0,0.4,0.0,-0.0041928985707187175,-0.01143360404393754,-0.0036727917841053257,-0.18,0.18,1.0
27.191772937774658,1,,0.0,0.4,0.0,-0.0012832247496577626,-0.00849036566333072,-0.004679534884807308,-0.18,0.18,1.0
27.191772937774658,1,,0.0,0.4,0.0,-0.00683718041891514,-0.01044069020203388,-0.01082957616108254,-0.18,0.18,1.0
27.242141246795654,1,,0.0,0.4,0.0,-0.00472135577472992,-0.0015982110964840842,-0.010527435418415686,-0.18,0.18,1.0
27.242141246795654,1,,0.0,0.4,0.0,-0.00579294123631596,-0.00945375995072215,-0.00867724829055648,-0.18,0.18,1.0
27.242141246795654,1,,0.0,0.4,0.0,-0.000674602775116023,-0.012026499503998448,-0.008741943988974448,-0.18,0.18,1.0
27.242141246795654,1,,0.0,0.4,0.0,-0.0034137433147828464,-0.0008572145874680939,-0.0027401073058785585,-0.18,0.18,1.0
27.242141246795654,1,,0.0,0.4,0.0,-0.003936084849176357,-0.00901182872064219,-0.002429420653272402,-0.18,0.18,1.0
27.242141246795654,1,,0.0,0.4,0.0,-0.019551292901003093,-0.001100367205033705,-0.005536928974171653,-0.18,0.18,1.0
27.242141246795654,1,,0.0,0.4,0.0,-0.012545057570880161,0.002824137366825257,-0.007505107204449381,-0.18,0.18,1.0
27.242141246795654,1,,0.0,0.4,0.0,-0.0028398511944096165,-0.02477553866499971,-0.011102148291505916,-0.18,0.18,1.0
27.242141246795654,1,,0.0,0.4,0.0,-0.006104477474948146,-0.0090826891840446,-0.009474809059778645,-0.18,0.18,1.0
27.242141246795654,1,,0.0,0.4,0.0,-0.0035660572754883644,-0.02052102331087504,-0.0038320209972766664,-0.18,0.18,1.0
27.282437562942505,1,,0.0,0.4,0.0,-0.012684193031928592,-0.009678345027005398,-0.000920072181977448,-0.18,0.18,1.0
27.282437562942505,1,,0.0,0.4,0.0,-0.009808802896632421,-0.010274270927978536,-0.007727772795895086,-0.18,0.18,1.0
27.282437562942505,1,,0.0,0.4,0.0,-0.011963413638892985,-0.025460677083334722,-0.005505670261615281,-0.18,0.18,1.0
27.282437562942505,1,,0.0,0.4,0.0,-0.024387140114271948,-0.01492556919857776,-0.01490355646122762,-0.18,0.18,1.0
27.282437562942505,1,,0.0,0.4,0.0,-0.01703131037428826,-0.012039407537469321,-0.00937568118766078,-0.18,0.18,1.0
27.282437562942505,1,,0.0,0.4,0.0,-0.011890331331803524,-0.0146893038585933,-0.011178502411781834,-0.18,0.18,1.0
27.282437562942505,1,,0.0,0.4,0.0,-0.01561492554570621,-0.01753889665384692,-0.009212822720190137,-0.18,0.18,1.0
27.282437562942505,1,,0.0,0.4,0.0,-0.01715466592914134,-0.011355129984111954,-0.008120389030907579,-0.18,0.18,1.0
27.282437562942505,1,,0.0,0.4,0.0,-0.017293506992247354,-0.02254170429421061,-0.0034068921975616883,-0.18,0.18,1.0
27.282437562942505,1,,0.0,0.4,0.0,-0.017597225929922803,-0.0043366892771865145,-0.003594528153259877,-0.18,0.18,1.0
27.322772979736328,1,,0.0,0.4,0.0,-0.009606968351458385,-0.012355123454074211,-0.0028562511738334023,-0.18,0.18,1.0
27.322772979736328,1,,0.0,0.4,0.0,-0.011484016517053322,-0.009693610464534458,-0.0006857642899548949,-0.18,0.18,1.0
27.322772979736328,1,,0.0,0.4,0.0,-0.014774418936170345,-0.014675770391472137,-0.008354996786175144,-0.18,0.18,1.0
27.322772979736328,1,,0.0,0.4,0.0,-0.014109023724322324,-0.0035137225116968866,-0.011695834678996644,-0.18,0.18,1.0
27.322772979736328,1,,0.0,0.4,0.0,-0.006142930862268498,-0.008909675523828885,-0.008079344857124415,-0.18,0.18,1.0
27.322772979736328,1,,0.0,0.4,0.0,-0.008509229900555729,0.005302244667221,-0.00902634645691095,-0.18,0.18,1.0
27.322772979736328,1,,0.0,0.4,0.0,-0.006673761629352887,0.0019486328906584236,-0.008033946980968537,-0.18,0.18,1.0
27.322772979736328,1,,0.0,0.4,0.0,-0.01241261676532606,-0.00511147739303889,-0.0033316617740388873,-0.18,0.18,1.0
27.322772979736328,1,,0.0,0.4,0.0,-0.016519536226170483,-0.012258253621069581,0.002668554104362048,-0.18,0.18,1.0
27.322772979736328,1,,0.0,0.4,0.0,-0.013330039268635942,-0.00367102622941007,0.0016027755102609354,-0.18,0.18,1.0
27.363065481185913,1,,0.0,0.4,0.0,-0.018868868794365383,-0.013303113518137235,0.005160384839303274,-0.18,0.18,1.0
27.363065481185913,1,,0.0,0.4,0.0,-0.011317990826908804,0.0001661469631739103,0.003506205649962541,-0.18,0.18,1.0
27.363065481185913,1,,0.0,0.4,0.0,-0.011284702408507126,-0.0008093104757372531,0.0019389503821911902,-0.18,0.18,1.0
27.363065481185913,1,,0.0,0.4,0.0,-0.01588493591509782,-0.002024017412604119,0.00011255414119003629,-0.18,0.18,1.0
27.363065481185913,1,,0.0,0.4,0.0,-0.012589941509974023,-0.012617478473134117,-0.005818339458560808,-0.18,0.18,1.0
27.363065481185913,1,,0.0,0.4,0.0,-0.01915976077762419,0.0005316161779957537,-0.0064239557451716564,-0.18,0.18,1.0
27.363065481185913,1,,0.0,0.4,0.0,-0.015351911251771903,-0.014430010757823157,-0.008340793467803764,-0.18,0.18,1.0
27.363065481185913,1,,0.0,0.4,0.0,-0.017275301201054333,0.005612922073510079,-0.012148870164159184,-0.18,0.18,1.0
27.363065481185913,1,,0.0,0.4,0.0,-0.011727001438700264,-0.005017977538498738,-0.00013299795555688586,-0.18,0.18,1.0
27.363065481185913,1,,0.0,0.4,0.0,-0.008429897041695139,-0.013437213098442168,0.0030844587585587844,-0.18,0.18,1.0
27.413434982299805,1,,0.0,0.4,0.0,-0.007783741737089846,0.0011530337619078802,0.003852326783012421,-0.18,0.18,1.0
27.413434982299805,1,,0.0,0.4,0.0,-0.009713432470291494,-0.013102974360818196,-0.0013676061991120946,-0.18,0.18,1.0
27.413434982299805,1,,0.0,0.4,0.0,-0.021836955455788117,-0.026054869148647148,-0.003983653586921102,-0.18,0.18,1.0
27.413434982299805,1,,0.0,0.4,0.0,-0.02150725745082973,-0.02410448230475848,-0.007964045155306331,-0.18,0.18,1.0
27.413434982299805,1,,0.0,0.4,0.0,-0.015222810017371339,-0.017917617394917533,-0.0038081539944130995,-0.18,0.18,1.0
27.413434982299805,1,,0.0,0.4,0.0,-0.013062412511737502,-0.005617166510163098,-0.005803213663976301,-0.18,0.18,1.0
27.413434982299805,1,,0.0,0.4,0.0,-0.00765474163132346,-0.004239977071894596,-0.009235901980219736,-0.18,0.18,1.0
27.413434982299805,1,,0.0,0.4,0.0,-0.0046388666090252375,-0.016132951438024904,-0.0005804377941814624,-0.18,0.18,1.0
27.413434982299805,1,,0.0,0.4,0.0,-0.004692241219609384,-0.008739476644518608,-0.007176384030670933,-0.18,0.18,1.0
27.413434982299805,1,,0.0,0.4,0.0,-0.010469925901834421,0.0007561625013222755,-0.009105238422187936,-0.18,0.18,1.0
27.45375943183899,1,,0.0,0.4,0.0,-0.011702804055753378,0.0038767732969234234,-0.007396683981319847,-0.18,0.18,1.0
27.45375943183899,1,,0.0,0.4,0.0,-0.012510482301787888,-0.004123967427290536,-0.00636300723864975,-0.18,0.18,1.0
27.45375943183899,1,,0.0,0.4,0.0,-0.010825725173729654,-0.008588149500922538,-0.0009215897835534474,-0.18,0.18,1.0
27.45375943183899,1,,0.0,0.4,0.0,-0.014198825213575269,-0.005516359285577619,-0.0014461670965413792,-0.18,0.18,1.0
27.45375943183899,1,,0.0,0.4,0.0,-0.013675677688834107,-0.003073640968233743,-0.0050020563582858606,-0.18,0.18,1.0
27.45375943183899,1,,0.0,0.4,0.0,-0.014000058190178561,-0.010023339829858485,-0.005537360056519977,-0.18,0.18,1.0
27.45375943183899,1,,0.0,0.4,0.0,-0.014488655355011575,-0.022586374813113066,-0.003941219178600105,-0.18,0.18,1.0
27.45375943183899,1,,0.0,0.4,0.0,-0.002365723108877554,-0.012546659551108938,-0.007357031296798798,-0.18,0.18,1.0
27.45375943183899,1,,0.0,0.4,0.0,-0.0019331997003127254,-0.007628720687969256,-0.005636751542036098,-0.18,0.18,1.0
27.494056463241577,1,,0.0,0.4,0.0,-0.004314368810938765,-0.006216361720763853,-0.012059436735540947,-0.18,0.18,1.0
27.494056463241577,1,,0.0,0.4,0.0,-0.013157566309624636,-0.003085149211928205,-0.014838023493795208,-0.18,0.18,1.0
27.494056463241577,1,,0.0,0.4,0.0,-0.01114326383779377,-0.001205029003616468,-0.021797296521814006,-0.18,0.18,1.0
27.494056463241577,1,,0.0,0.4,0.0,-0.01663899618830225,-0.01310037705971496,-0.018301521351572547,-0.18,0.18,1.0
27.494056463241577,1,,0.0,0.4,0.0,-0.012852778619860464,0.0022809186467869255,-0.005259454688297083,-0.18,0.18,1.0
27.494056463241577,1,,0.0,0.4,0.0,-0.003861945547531195,-0.019758870452026442,-0.007490862349840857,-0.18,0.18,1.0
27.494056463241577,1,,0.0,0.4,0.0,0.00012709170821607253,0.0013099156894000735,-0.0029606340259885587,-0.18,0.18,1.0
27.494056463241577,1,,0.0,0.4,0.0,-0.0007135167385649069,-0.011264265753606416,-0.003997445738532933,-0.18,0.18,1.0
27.494056463241577,1,,0.0,0.4,0.0,0.00021896836053663198,-0.0026935892563176257,-0.005755375139377073,-0.18,0.18,1.0
27.494056463241577,1,,0.0,0.4,0.0,-0.005758326954358006,-0.021807001299295997,-0.003306775019856859,-0.18,0.18,1.0
27.54442548751831,1,,0.0,0.4,0.0,-0.008921607301844969,-0.011104459901538783,-0.0011127290258898137,-0.18,0.18,1.0
27.54442548751831,1,,0.0,0.4,0.0,8.029528461036918e-05,-0.005550719983539676,-0.0033050920287687672,-0.18,0.18,1.0
27.54442548751831,1,,0.0,0.4,0.0,0.002200457699854811,-0.0171148513077118,-0.005561078534117383,-0.18,0.18,1.0
27.54442548751831,1,,0.0,0.4,0.0,-0.0060102066723321,-0.010617610264898977,-0.0064028527286850035,-0.18,0.18,1.0
27.54442548751831,1,,0.0,0.4,0.0,-0.006589909806127994,-0.016962317644102887,-0.006520351202863675,-0.18,0.18,1.0
27.54442548751831,1,,0.0,0.4,0.0,-0.0009367809990486139,-0.015452147780164405,-0.009925401086164465,-0.18,0.18,1.0
27.54442548751831,1,,0.0,0.4,0.0,0.0007875257266285728,-0.02611007941873621,-0.005291935562297704,-0.18,0.18,1.0
27.54442548751831,1,,0.0,0.4,0.0,-0.0032484972477388775,-0.011436155453200973,-0.00772239217417069,-0.18,0.18,1.0
27.54442548751831,1,,0.0,0.4,0.0,-0.005815031748905718,-0.027778803456266397,-0.005981788393654,-0.18,0.18,1.0
27.54442548751831,1,,0.0,0.4,0.0,0.00029475171843363365,-0.03175987885603981,-0.0023885655165092534,-0.18,0.18,1.0
27.58471918106079,1,,0.0,0.4,0.0,0.000461405115593539,-0.001882616946821161,-6.554025106835191e-05,-0.18,0.18,1.0
27.58471918106079,1,,0.0,0.4,0.0,0.0027162590404797952,-0.018229289565741304,-0.00800738814705565,-0.18,0.18,1.0
27.58471918106079,1,,0.0,0.4,0.0,-0.005848277953047749,-0.0003526156493039013,-0.008335378220548115,-0.18,0.18,1.0
27.58471918106079,1,,0.0,0.4,0.0,-0.009609374113937181,-0.014048661989045768,-0.0013957978869590102,-0.18,0.18,1.0
27.58471918106079,1,,0.0,0.4,0.0,-0.009715468893707224,-0.011829568868126495,-0.004701018901712056,-0.18,0.18,1.0
27.58471918106079,1,,0.0,0.4,0.0,-0.0036120802527460794,-0.009280711583884932,-0.011008153071303619,-0.18,0.18,1.0
27.58471918106079,1,,0.0,0.4,0.0,0.006924409473789467,-0.017530588435664365,-0.007717950038822803,-0.18,0.18,1.0
27.58471918106079,1,,0.0,0.4,0.0,0.008306675873954521,-0.010148165244092348,-0.005030644356205707,-0.18,0.18,1.0
27.58471918106079,1,,0.0,0.4,0.0,0.009996571367846364,0.0006796874313810716,-0.008693816156710915,-0.18,0.18,1.0
27.58471918106079,1,,0.0,0.4,0.0,0.003427411780025867,-0.017767269301985838,-0.015721250397532787,-0.18,0.18,1.0
27.625014305114746,1,,0.0,0.4,0.0,0.0006915156339740097,-0.020526442679599657,-0.013757774765654545,-0.18,0.18,1.0
27.625014305114746,1,,0.0,0.4,0.0,-0.0027351281137506186,-0.022467191243348745,-0.005197290822567729,-0.18,0.18,1.0
27.625014305114746,1,,0.0,0.4,0.0,-0.006012131979276381,-0.0036204312457947794,-0.010873270212833686,-0.18,0.18,1.0
27.625014305114746,1,,0.0,0.4,0.0,-0.011362955586152605,-0.017545286660389087,-0.0064762657370658495,-0.18,0.18,1.0
27.625014305114746,1,,0.0,0.4,0.0,-0.0066592231663005295,-0.01202158938228818,-0.004014362382597184,-0.18,0.18,1.0
27.625014305114746,1,,0.0,0.4,0.0,-0.005806043992257177,-0.006054942365069095,0.0015995093352334708,-0.18,0.18,1.0
27.625014305114746,1,,0.0,0.4,0.0,-0.003403733872390043,-0.005774279663016092,-0.005850478762215071,-0.18,0.18,1.0
27.625014305114746,1,,0.0,0.4,0.0,-0.00717901409861603,-0.010819018055641684,-0.009707302332540177,-0.18,0.18,1.0
27.625014305114746,1,,0.0,0.4,0.0,-0.018841733992595925,-0.00717256579098559,-0.006330181953351183,-0.18,0.18,1.0
27.625014305114746,1,,0.0,0.4,0.0,-0.0008810869123689869,0.014840435267330311,-0.0018231604269398312,-0.18,0.18,1.0
27.66531014442444,1,,0.0,0.4,0.0,-0.0174647758160365,-0.011101108906165771,0.0004132539003501219,-0.18,0.18,1.0
27.66531014442444,1,,0.0,0.4,0.0,-0.0185878723301659,-0.006785621915651107,7.087876557735284e-05,-0.18,0.18,1.0
27.66531014442444,1,,0.0,0.4,0.0,-0.006806020477150003,-0.014780084656477059,-0.001888196750141567,-0.18,0.18,1.0
27.66531014442444,1,,0.0,0.4,0.0,-0.009012591050714088,-0.008375909334612151,0.00569428576908198,-0.18,0.18,1.0
27.66531014442444,1,,0.0,0.4,0.0,-0.014449030155523446,-0.010412082724320907,0.006472208978668603,-0.18,0.18,1.0
27.66531014442444,1,,0.0,0.4,0.0,-0.014499588597755974,-0.006883724267321235,0.002113887394616786,-0.18,0.18,1.0
27.66531014442444,1,,0.0,0.4,0.0,-0.017861610134740295,-0.020541657005056523,-0.004894547173353414,-0.18,0.18,1.0
27.66531014442444,1,,0.0,0.4,0.0,-0.0216313021316847,0.001403869029723143,-0.002587134874267518,-0.18,0.18,1.0
27.66531014442444,1,,0.0,0.4,0.0,-0.016204194206554823,-0.014933152157974784,-0.009104713877734375,-0.18,0.18,1.0
27.66531014442444,1,,0.0,0.4,0.0,-0.011098011377012629,-0.010601912959211155,-0.016568220073072695,-0.18,0.18,1.0
27.71567964553833,1,,0.0,0.4,0.0,-0.003220713867625824,-0.013316897941136085,-0.013995583145447006,-0.18,0.18,1.0
27.71567964553833,1,,0.0,0.4,0.0,-0.013724607873825229,-0.012565414450618635,-0.01576954738702303,-0.18,0.18,1.0
27.71567964553833,1,,0.0,0.4,0.0,-0.000482866262120119,-0.01716634088114793,-0.011744027989476736,-0.18,0.18,1.0
27.71567964553833,1,,0.0,0.4,0.0,-0.011543137053042518,-0.025041280478100825,-0.01744221018232713,-0.18,0.18,1.0
27.71567964553833,1,,0.0,0.4,0.0,-0.015092940577689864,-0.015911069304945645,-0.007793776878419554,-0.18,0.18,1.0
27.71567964553833,1,,0.0,0.4,0.0,-0.0064534999201270515,-0.016773905575522097,-0.011063227684084938,-0.18,0.18,1.0
27.71567964553833,1,,0.0,0.4,0.0,0.000628620575320387,-0.01838697986487341,-0.004900819510554766,-0.18,0.18,1.0
27.71567964553833,1,,0.0,0.4,0.0,-0.0052909015284316714,-0.0021580630095313713,-0.0023194446796847624,-0.18,0.18,1.0
27.71567964553833,1,,0.0,0.4,0.0,-0.00473918559122623,-0.009794069909986203,-0.0021831870805931936,-0.18,0.18,1.0
27.71567964553833,1,,0.0,0.4,0.0,-0.0027913943458065874,-0.010819343810622026,-0.003722813098266326,-0.18,0.18,1.0
27.755970001220703,1,,0.0,0.4,0.0,-0.00946135389345054,-0.005065355780501375,-0.0012687368430057814,-0.18,0.18,1.0
27.755970001220703,1,,0.0,0.4,0.0,-0.007376165565471825,-0.0034112373756291755,-0.009127748147783528,-0.18,0.18,1.0
27.755970001220703,1,,0.0,0.4,0.0,-0.015362500213284466,-0.007196991439519603,-0.008867711958576665,-0.18,0.18,1.0
27.755970001220703,1,,0.0,0.4,0.0,-0.016360810891721263,-0.0015991342605982362,-0.007219983467317635,-0.18,0.18,1.0
27.755970001220703,1,,0.0,0.4,0.0,-0.012252160754107837,-0.0076166630720907865,-0.007644142728577759,-0.18,0.18,1.0
27.755970001220703,1,,0.0,0.4,0.0,-0.0143075053985145,-0.020356955564661633,-0.01062379474541314,-0.18,0.18,1.0
27.755970001220703,1,,0.0,0.4,0.0,-0.012156209409355384,-0.0032654940788095425,-0.0040774299439047725,-0.18,0.18,1.0
27.755970001220703,1,,0.0,0.4,0.0,-0.010086513218310063,-0.017712758566887518,-0.005298682996168535,-0.18,0.18,1.0
27.755970001220703,1,,0.0,0.4,0.0,-0.009683424184559041,-0.03372210767328553,-0.012489476717338473,-0.18,0.18,1.0
27.755970001220703,1,,0.0,0.4,0.0,-0.008145748143058523,-0.029242176654190256,-0.011282958455397524,-0.18,0.18,1.0
27.79628276824951,1,,0.0,0.4,0.0,-0.011592710979390925,-0.008958439125733615,-0.013225881309806368,-0.18,0.18,1.0
27.79628276824951,1,,0.0,0.4,0.0,-0.0027380353980262927,-0.02387525775405398,-0.007676734739224906,-0.18,0.18,1.0
27.79628276824951,1,,0.0,0.4,0.0,-0.0021965707505277455,-0.00784188670063327,-0.010542651431014129,-0.18,0.18,1.0
27.79628276824951,1,,0.0,0.4,0.0,-0.010862419344606694,-0.01277895648387224,-0.005596599172905937,-0.18,0.18,1.0
27.79628276824951,1,,0.0,0.4,0.0,-0.007845869945694573,-0.0032036402125931096,-0.0050229406705856,-0.18,0.18,1.0
27.79628276824951,1,,0.0,0.4,0.0,-0.009775397522415494,-0.013043727094054563,-0.010278219149477052,-0.18,0.18,1.0
27.79628276824951,1,,0.0,0.4,0.0,-0.004074770668197438,-0.0044838767883057015,-0.008892902856325099,-0.18,0.18,1.0
27.79628276824951,1,,0.0,0.4,0.0,-0.0075180438147860245,-0.0028833622374027407,-0.013077715780899373,-0.18,0.18,1.0
27.79628276824951,1,,0.0,0.4,0.0,-0.010972425120262858,-0.01328245895190512,-0.008579177687140392,-0.18,0.18,1.0
27.79628276824951,1,,0.0,0.4,0.0,0.004001564863610917,0.005148722136960699,-0.004378342991778844,-0.18,0.18,1.0
27.836576461791992,1,,0.0,0.4,0.0,-0.0013003240483179877,-0.010684496268881443,0.0005650175593462947,-0.18,0.18,1.0
27.836576461791992,1,,0.0,0.4,0.0,-0.0006678259852938397,-0.004150638051939144,0.0030077863679380027,-0.18,0.18,1.0
27.836576461791992,1,,0.0,0.4,0.0,-0.005115963754046662,0.006177876484904852,0.00047028582952199816,-0.18,0.18,1.0
27.836576461791992,1,,0.0,0.4,0.0,-0.007056627307906,-0.017420863608870685,-0.004292395355858045,-0.18,0.18,1.0
27.836576461791992,1,,0.0,0.4,0.0,-0.0035865725895410047,-0.01232164278657588,-0.003962037431260831,-0.18,0.18,1.0
27.836576461791992,1,,0.0,0.4,0.0,-0.013500473039754058,-0.02687763707126287,0.0010983793382765429,-0.18,0.18,1.0
27.836576461791992,1,,0.0,0.4,0.0,-0.011510535107128628,-0.015817279893823578,0.009567620453521615,-0.18,0.18,1.0
27.836576461791992,1,,0.0,0.4,0.0,-0.005505508386469704,-0.007411648580135792,-0.002142895866307654,-0.18,0.18,1.0
27.836576461791992,1,,0.0,0.4,0.0,0.0002789057877317635,-0.011796000128011557,-0.008046336164250743,-0.18,0.18,1.0
27.836576461791992,1,,0.0,0.4,0.0,-0.0014633179359853116,-0.0051792670277183905,-0.009155344075544797,-0.18,0.18,1.0
27.88696050643921,1,,0.0,0.4,0.0,0.0002564665269261262,-0.0021189208018330343,-0.011494112577656406,-0.18,0.18,1.0
27.88696050643921,1,,0.0,0.4,0.0,-0.0007150441874827644,0.0064170067903305626,0.0008882910779605626,-0.18,0.18,1.0
27.88696050643921,1,,0.0,0.4,0.0,0.0010946180156270423,-0.005587718193629649,-0.0005960329781676438,-0.18,0.18,1.0
27.88696050643921,1,,0.0,0.4,0.0,0.0013642534367715523,0.0037058325088827173,0.0014308649713435967,-0.18,0.18,1.0
27.88696050643921,1,,0.0,0.4,0.0,-0.005188933065609785,-0.007925489029622569,-0.0022253250658968247,-0.18,0.18,1.0
27.88696050643921,1,,0.0,0.4,0.0,-0.005670104552063622,-0.006366158635546089,-0.0024652243715762214,-0.18,0.18,1.0
27.88696050643921,1,,0.0,0.4,0.0,-0.011268743352582967,-0.005231665471943613,-0.004061358237917217,-0.18,0.18,1.0
27.88696050643921,1,,0.0,0.4,0.0,-0.001191209158729937,0.0006884239591408258,-0.002235103778283686,-0.18,0.18,1.0
27.88696050643921,1,,0.0,0.4,0.0,-0.002029334396366526,-0.011442412842159442,-0.0085381189676971,-0.18,0.18,1.0
27.88696050643921,1,,0.0,0.4,0.0,-0.006319302219572858,-0.011221723735561054,-0.008554123565146439,-0.18,0.18,1.0
27.927258491516113,1,,0.0,0.4,0.0,-0.0051444103275014065,-0.00022421956908040859,-0.01457521410432111,-0.18,0.18,1.0
27.927258491516113,1,,0.0,0.4,0.0,-0.004809772442681143,-0.00922497309546251,-0.009944373186711673,-0.18,0.18,1.0
27.927258491516113,1,,0.0,0.4,0.0,-0.006549495031189562,-0.013385110815616257,-0.009853531313998114,-0.18,0.18,1.0
27.927258491516113,1,,0.0,0.4,0.0,-0.015240033477249481,0.0041088999447271395,-0.011240348991277963,-0.18,0.18,1.0
27.927258491516113,1,,0.0,0.4,0.0,-0.008966051151959644,-0.012725636539898333,-0.011079475275493795,-0.18,0.18,1.0
27.927258491516113,1,,0.0,0.4,0.0,-0.003672416956418274,0.0004920113280093479,-0.0050245867562979316,-0.18,0.18,1.0
27.927258491516113,1,,0.0,0.4,0.0,-0.006494667473196513,-0.00025150622715537814,-0.004915762661434824,-0.18,0.18,1.0
27.927258491516113,1,,0.0,0.4,0.0,-0.002676856243856669,-0.00042195676512636653,-0.007403731598091987,-0.18,0.18,1.0
27.927258491516113,1,,0.0,0.4,0.0,-0.004542719141169547,0.0017944278563935664,-0.005073379341273704,-0.18,0.18,1.0
27.927258491516113,1,,0.0,0.4,0.0,-0.0007883055728172828,-0.012065143318119594,-0.004190327406621965,-0.18,0.18,1.0
27.967560052871704,1,,0.0,0.4,0.0,0.004899871634540091,0.0037114948460379086,-0.0017247849965183952,-0.18,0.18,1.0
27.967560052871704,1,,0.0,0.4,0.0,0.010428224108916912,-0.016867003110258235,-0.002125621602326474,-0.18,0.18,1.0
27.967560052871704,1,,0.0,0.4,0.0,0.009566129260328115,-0.01629452311009755,-0.0067173482302559625,-0.18,0.18,1.0
27.967560052871704,1,,0.0,0.4,0.0,0.00044995491922195503,-0.011540542871881299,-0.008432386455312609,-0.18,0.18,1.0
27.967560052871704,1,,0.0,0.4,0.0,-0.004300592097259182,-0.01000446678336236,-0.002926484999553954,-0.18,0.18,1.0
27.967560052871704,1,,0.0,0.4,0.0,-0.008492402342927667,-0.0217309836366965,-0.010004040775918746,-0.18,0.18,1.0
27.967560052871704,1,,0.0,0.4,0.0,-0.0005154611750091963,-0.015284391006453273,-0.002886643671673152,-0.18,0.18,1.0
27.967560052871704,1,,0.0,0.4,0.0,0.0003798354955121428,-0.020127016976688627,-0.004880882539071913,-0.18,0.18,1.0
27.967560052871704,1,,0.0,0.4,0.0,-0.0010544285006867898,-0.010315990613026167,0.007251880542640103,-0.18,0.18,1.0
27.967560052871704,1,,0.0,0.4,0.0,-0.0001064144090476287,-0.00922244678072492,0.008766791643631323,-0.18,0.18,1.0
28.0179660320282,1,,0.0,0.4,0.0,-0.006042201531588544,-0.002731183494215539,-0.001103872186090777,-0.18,0.18,1.0
28.0179660320282,1,,0.0,0.4,0.0,-0.008433283908135851,-0.008427708628101799,-0.0035134996333684738,-0.18,0.18,1.0
28.0179660320282,1,,0.0,0.4,0.0,-0.00046809320430081926,0.004209234557907051,-0.011943716749165395,-0.18,0.18,1.0
28.0179660320282,1,,0.0,0.4,0.0,-0.002474031313207013,-0.0005460304995189054,-0.0012249968306660244,-0.18,0.18,1.0
28.0179660320282,1,,0.0,0.4,0.0,0.003432131083451418,0.004564420826992607,-0.007608518693252414,-0.18,0.18,1.0
28.0179660320282,1,,0.0,0.4,0.0,0.0027921949030010476,0.00734518114889663,-0.00249014318184463,-0.18,0.18,1.0
28.0179660320282,1,,0.0,0.4,0.0,-0.005612621599820817,-0.0033141032679788137,-0.006754340972554021,-0.18,0.18,1.0
28.0179660320282,1,,0.0,0.4,0.0,-0.005133096812507855,0.006321494063235236,-0.008729862011552653,-0.18,0.18,1.0
28.0179660320282,1,,0.0,0.4,0.0,-0.004720933891839298,-0.015139260097172882,-0.006155503739011874,-0.18,0.18,1.0
28.05828619003296,1,,0.0,0.4,0.0,0.0001300321765458808,-0.006725207640913897,5.966419734094511e-05,-0.18,0.18,1.0
28.05828619003296,1,,0.0,0.4,0.0,-0.006340474819003778,-0.010997738343098683,0.004140345478954616,-0.18,0.18,1.0
28.05828619003296,1,,0.0,0.4,0.0,-0.0028313873964812006,-0.024205905900154492,0.004714509935992723,-0.18,0.18,1.0
28.05828619003296,1,,0.0,0.4,0.0,-0.00470407590152683,-0.010591403458155506,0.0027897802885336314,-0.18,0.18,1.0
28.05828619003296,1,,0.0,0.4,0.0,0.000386331816511653,-0.02199837052760675,0.0009152979406630031,-0.18,0.18,1.0
28.05828619003296,1,,0.0,0.4,0.0,-0.007588039734738637,-0.006432187118257243,-0.005567662815741391,-0.18,0.18,1.0
28.05828619003296,1,,0.0,0.4,0.0,-0.01643510257912064,-0.01039554250150801,-0.01230089959623573,-0.18,0.18,1.0
28.05828619003296,1,,0.0,0.4,0.0,-0.014900378611847625,0.0032866785404068047,-0.006793369485016399,-0.18,0.18,1.0
28.05828619003296,1,,0.0,0.4,0.0,-0.011946871998466356,-0.015865650337192536,-0.0091885520203304,-0.18,0.18,1.0
28.05828619003296,1,,0.0,0.4,0.0,-0.017550296055392784,-0.009939310207015105,-0.003010704533991901,-0.18,0.18,1.0
28.09861969947815,1,,0.0,0.4,0.0,-0.022377258016014707,-0.021145722123255006,-0.008951971244263784,-0.18,0.18,1.0
28.09861969947815,1,,0.0,0.4,0.0,-0.010346353372563705,-0.016649506344090407,-0.004565931898533715,-0.18,0.18,1.0
28.09861969947815,1,,0.0,0.4,0.0,-0.013698375355847801,-0.014147688223780831,0.0017368255754361644,-0.18,0.18,1.0
28.09861969947815,1,,0.0,0.4,0.0,-0.004902070949558337,-0.019780880226871696,-0.0005926533946328188,-0.18,0.18,1.0
28.09861969947815,1,,0.0,0.4,0.0,0.0003418409438940718,-0.024246167430055896,-0.0017643571809542137,-0.18,0.18,1.0
28.09861969947815,1,,0.0,0.4,0.0,0.003221569607933031,-0.03414903467113208,0.0014237141376851896,-0.18,0.18,1.0
28.09861969947815,1,,0.0,0.4,0.0,-0.002120727881153713,-0.020718212288313248,-0.0019373899997495155,-0.18,0.18,1.0
28.09861969947815,1,,0.0,0.4,0.0,-0.004194933687706664,-0.015276538428045485,-0.004464733291839526,-0.18,0.18,1.0
28.09861969947815,1,,0.0,0.4,0.0,-0.004918050996665877,-0.0052223664803104,-0.0023501180396500627,-0.18,0.18,1.0
28.09861969947815,1,,0.0,0.4,0.0,-0.0034595307380835883,-0.010721388849214827,0.0036088161835993457,-0.18,0.18,1.0
28.138938426971436,1,,0.0,0.4,0.0,-0.011275797293256853,-0.0039008633301743176,-0.0054175450174102895,-0.18,0.18,1.0
28.138938426971436,1,,0.0,0.4,0.0,-0.008426847106684626,-0.016830637750547744,-0.006697943976739854,-0.18,0.18,1.0
28.138938426971436,1,,0.0,0.4,0.0,-0.004095581463605972,-0.00811651130500514,-0.0028222122188980773,-0.18,0.18,1.0
28.138938426971436,1,,0.0,0.4,0.0,0.0063316021887760265,-0.013486970567442802,-0.0017965087790840716,-0.18,0.18,1.0
28.138938426971436,1,,0.0,0.4,0.0,-0.005740244050045316,-0.026873989078132505,-0.004292769887266556,-0.18,0.18,1.0
28.138938426971436,1,,0.0,0.4,0.0,-0.0025208457420727074,-0.01821711975709736,-0.0074137434719964345,-0.18,0.18,1.0
28.138938426971436,1,,0.0,0.4,0.0,-0.005397840737621605,-0.0010074701747892418,-0.0011989626890714995,-0.18,0.18,1.0
28.138938426971436,1,,0.0,0.4,0.0,-0.0049324677032292616,-0.018231279968263313,-0.00845557691839243,-0.18,0.18,1.0
28.138938426971436,1,,0.0,0.4,0.0,-0.011770672635057482,-0.005803077715611656,-0.003899340571227926,-0.18,0.18,1.0
28.138938426971436,1,,0.0,0.4,0.0,-0.0026185912207592394,-0.02119032626675633,-0.014060453852977831,-0.18,0.18,1.0
28.189351081848145,1,,0.0,0.4,0.0,-0.0031200269067640537,-0.02384741640600602,-0.009725859543073345,-0.18,0.18,1.0
28.189351081848145,1,,0.0,0.4,0.0,-0.0026932127139240028,-0.029363866276550556,-0.005997902552353791,-0.18,0.18,1.0
28.189351081848145,1,,0.0,0.4,0.0,0.0006000651111108961,-0.015853398556558634,-0.00404510041722849,-0.18,0.18,1.0
28.189351081848145,1,,0.0,0.4,0.0,-0.0006152724141386933,-0.024875652643475868,-0.005501586660778044,-0.18,0.18,1.0
28.189351081848145,1,,0.0,0.4,0.0,-0.0010073615261219793,-0.025322611765548605,-0.010453887861678116,-0.18,0.18,1.0
28.189351081848145,1,,0.0,0.4,0.0,-0.014432188328026879,-0.008405352596802506,-0.0075153504389197014,-0.18,0.18,1.0
28.189351081848145,1,,0.0,0.4,0.0,-0.002010120764169803,-0.013459564612282052,-0.0031050613577674377,-0.18,0.18,1.0
28.189351081848145,1,,0.0,0.4,0.0,-0.007311708820670062,-0.012277674646754068,-0.006122227094610071,-0.18,0.18,1.0
28.189351081848145,1,,0.0,0.4,0.0,-0.005281748960255833,-0.027760241529451467,-0.004078045866597854,-0.18,0.18,1.0
28.189351081848145,1,,0.0,0.4,0.0,-0.005601577148758118,-0.028441882022024956,-0.0006763711446999765,-0.18,0.18,1.0
28.22963309288025,1,,0.0,0.4,0.0,0.0013006551731887216,-0.03756567881540316,-0.00460789031126035,-0.18,0.18,1.0
28.22963309288025,1,,0.0,0.4,0.0,-0.0021962807854218006,-0.011350318691978079,-0.0022939840789224773,-0.18,0.18,1.0
28.22963309288025,1,,0.0,0.4,0.0,0.005353452837593625,-0.019380332106136326,-0.008899575126183334,-0.18,0.18,1.0
28.22963309288025,1,,0.0,0.4,0.0,0.004338102871594397,-0.01771086201063677,-0.008537750468811382,-0.18,0.18,1.0
28.22963309288025,1,,0.0,0.4,0.0,0.005353437003028571,-0.014172911134715247,-0.005398130579916712,-0.18,0.18,1.0
28.22963309288025,1,,0.0,0.4,0.0,0.008832275115498871,-0.026362106524891224,-0.0037642567334705275,-0.18,0.18,1.0
28.22963309288025,1,,0.0,0.4,0.0,0.0004717158064313452,-0.013356469695339135,-0.009662333445021246,-0.18,0.18,1.0
28.22963309288025,1,,0.0,0.4,0.0,-0.0033135601784957504,-0.005103242177463842,-0.007594044668215427,-0.18,0.18,1.0
28.22963309288025,1,,0.0,0.4,0.0,0.0008351722086077291,0.0028613311230494486,-0.006488749438283768,-0.18,0.18,1.0
28.22963309288025,1,,0.0,0.4,0.0,-0.0029556990673214483,-0.009203183284329574,-0.00265551066426579,-0.18,0.18,1.0
28.269918203353882,1,,0.0,0.4,0.0,-0.0010136483227551946,-0.011840073066990359,0.002500854716329631,-0.18,0.18,1.0
28.269918203353882,1,,0.0,0.4,0.0,-0.007777708401551137,-0.013782511112811124,-0.0004868351753876794,-0.18,0.18,1.0
28.269918203353882,1,,0.0,0.4,0.0,0.0072205317996723185,-0.03069867267268073,-0.001279687377749657,-0.18,0.18,1.0
28.269918203353882,1,,0.0,0.4,0.0,-0.00760114103322846,-0.0035294677747257593,0.00018638772045174746,-0.18,0.18,1.0
28.269918203353882,1,,0.0,0.4,0.0,-0.007294867199972759,-0.014876379781606172,-0.004179136993966845,-0.18,0.18,1.0
28.269918203353882,1,,0.0,0.4,0.0,-0.004630070112448028,-0.0031614540558788226,-0.005789924426780879,-0.18,0.18,1.0
28.269918203353882,1,,0.0,0.4,0.0,-0.00043070946954148364,0.0015719818839492106,-0.011109228872571151,-0.18,0.18,1.0
28.269918203353882,1,,0.0,0.4,0.0,-0.0072351564981626626,-0.01508673076527244,-0.009028642834603466,-0.18,0.18,1.0
28.269918203353882,1,,0.0,0.4,0.0,-0.013563228892150362,-0.0001531061944427989,-0.008282409413052456,-0.18,0.18,1.0
28.269918203353882,1,,0.0,0.4,0.0,-0.005581070414736563,0.008957362053140173,-0.00797183487138635,-0.18,0.18,1.0
28.310253620147705,1,,0.0,0.4,0.0,-0.007057460841117415,0.009880699619724776,-0.008624675697826299,-0.18,0.18,1.0
28.310253620147705,1,,0.0,0.4,0.0,0.003753757020911113,-0.0017718530448081848,-0.013382207725771072,-0.18,0.18,1.0
28.310253620147705,1,,0.0,0.4,0.0,-0.0053602388784086885,-0.021251880896959917,-0.009710288205849687,-0.18,0.18,1.0
28.310253620147705,1,,0.0,0.4,0.0,-0.008352512843483935,-0.02709403885629398,-0.00797714968260474,-0.18,0.18,1.0
28.310253620147705,1,,0.0,0.4,0.0,-0.011569754592531973,-0.012771309424516247,-0.0074660423453892615,-0.18,0.18,1.0
28.310253620147705,1,,0.0,0.4,0.0,-0.011564939395856991,-0.0039537159358073795,-0.00616900399894812,-0.18,0.18,1.0
28.310253620147705,1,,0.0,0.4,0.0,-0.01067359233441121,-0.009337649316263597,-0.01130671003208713,-0.18,0.18,1.0
28.310253620147705,1,,0.0,0.4,0.0,-0.007787966209119168,-0.020156357403829973,-0.012119123644410519,-0.18,0.18,1.0
28.310253620147705,1,,0.0,0.4,0.0,-0.0001144783246789905,-0.013167663731740959,-0.00846637441864811,-0.18,0.18,1.0
28.310253620147705,1,,0.0,0.4,0.0,0.0045864494402682995,-0.005822478084480387,-0.008370066365798741,-0.18,0.18,1.0
28.360679864883423,1,,0.0,0.4,0.0,0.007610770936544777,0.004053164618167217,-0.011107901241474405,-0.18,0.18,1.0
28.360679864883423,1,,0.0,0.4,0.0,0.0005127204870206525,-0.005659400891209811,-0.008211141485696904,-0.18,0.18,1.0
28.360679864883423,1,,0.0,0.4,0.0,-0.002218745694349661,0.003200985700723551,-0.008212911306371284,-0.18,0.18,1.0
28.360679864883423,1,,0.0,0.4,0.0,0.0011252061185519084,-0.008845482105266733,-0.008062838012007368,-0.18,0.18,1.0
28.360679864883423,1,,0.0,0.4,0.0,-0.002129196915761568,0.005552214507843787,-0.001092664290557916,-0.18,0.18,1.0
28.360679864883423,1,,0.0,0.4,0.0,0.0012463770536894246,-0.006925006478347581,-0.002776349386382476,-0.18,0.18,1.0
28.360679864883423,1,,0.0,0.4,0.0,0.007941399066806808,-0.01835767946476009,-0.002752150771490639,-0.18,0.18,1.0
28.360679864883423,1,,0.0,0.4,0.0,0.004690054830042184,-0.021396728051716652,-0.0037126374746708638,-0.18,0.18,1.0
28.360679864883423,1,,0.0,0.4,0.0,-0.009193472629968329,-0.004073506791003958,-0.0061804934721185764,-0.18,0.18,1.0
28.360679864883423,1,,0.0,0.4,0.0,-0.0020867958873492915,-0.013959252305837128,-0.009957441121895663,-0.18,0.18,1.0
28.400991678237915,1,,0.0,0.4,0.0,-0.008815978197443555,-0.020171660982157363,-0.0010301725209364324,-0.18,0.18,1.0
28.400991678237915,1,,0.0,0.4,0.0,-0.014705839829660847,-0.009285900155201327,-0.0013226314734351443,-0.18,0.18,1.0
28.400991678237915,1,,0.0,0.4,0.0,-0.016469756891127788,-0.01597442052680791,-0.002041476895291585,-0.18,0.18,1.0
28.400991678237915,1,,0.0,0.4,0.0,-0.017156063088785818,-0.008246345888222794,-0.005679360956942182,-0.18,0.18,1.0
28.400991678237915,1,,0.0,0.4,0.0,-0.012262402773469263,-0.005150854478656783,-0.0038511191270164283,-0.18,0.18,1.0
28.400991678237915,1,,0.0,0.4,0.0,-0.016684505601504526,0.00023930578087310027,-0.00916153756738895,-0.18,0.18,1.0
28.400991678237915,1,,0.0,0.4,0.0,-0.009405117315246951,-0.007607062798925836,-0.012822320846427232,-0.18,0.18,1.0
28.400991678237915,1,,0.0,0.4,0.0,-0.008750719291267774,-0.009305069801908301,-0.012584241019484174,-0.18,0.18,1.0
28.400991678237915,1,,0.0,0.4,0.0,-0.01781072541755527,0.0019259482197074057,-0.0059838399396037,-0.18,0.18,1.0
28.400991678237915,1,,0.0,0.4,0.0,-0.010910195224955909,-0.012672684959466963,-0.01100440864785918,-0.18,0.18,1.0
28.44129991531372,1,,0.0,0.4,0.0,-0.007885330642011664,-0.002442515001027304,-0.013080189510839103,-0.18,0.18,1.0
28.44129991531372,1,,0.0,0.4,0.0,-0.005427191796112297,-0.011472374938147114,-0.007421310970832329,-0.18,0.18,1.0
28.44129991531372,1,,0.0,0.4,0.0,-0.009218885732076519,-0.0009193464053675799,-0.005825178221694631,-0.18,0.18,1.0
28.44129991531372,1,,0.0,0.4,0.0,-0.0022994974396341734,-0.0157071467679799,-0.008291215358863931,-0.18,0.18,1.0
28.44129991531372,1,,0.0,0.4,0.0,-0.006206942688577712,-0.005676163362061408,-0.011819948713827704,-0.18,0.18,1.0
28.44129991531372,1,,0.0,0.4,0.0,-0.0024470378684461787,-0.003313125044368668,-0.01225967893496147,-0.18,0.18,1.0
28.44129991531372,1,,0.0,0.4,0.0,-0.008479347945829364,-0.01713848712242633,-0.006220783363388777,-0.18,0.18,1.0
28.44129991531372,1,,0.0,0.4,0.0,-0.02082747832379851,-0.015323660036846537,0.0024279490769384426,-0.18,0.18,1.0
28.44129991531372,1,,0.0,0.4,0.0,-0.018559637218694962,-0.008601899402605785,0.00015118152768919517,-0.18,0.18,1.0
28.44129991531372,1,,0.0,0.4,0.0,-0.015466349714030082,-0.017660053659264135,0.0022441043775128728,-0.18,0.18,1.0
28.491679906845093,1,,0.0,0.4,0.0,-0.004256242304035842,0.0031604364320241885,-0.00661665263968875,-0.18,0.18,1.0
28.491679906845093,1,,0.0,0.4,0.0,-0.003695123041573465,-0.00862172025834666,-0.0005605856504109382,-0.18,0.18,1.0
28.491679906845093,1,,0.0,0.4,0.0,-0.006833061136112415,0.0075025097431742046,0.003119478877053006,-0.18,0.18,1.0
28.491679906845093,1,,0.0,0.4,0.0,-0.010535902055038708,-0.004394746367238841,0.002507090036301205,-0.18,0.18,1.0
28.491679906845093,1,,0.0,0.4,0.0,-0.013079788022108617,-0.002845178576942254,0.007257947672655488,-0.18,0.18,1.0
28.491679906845093,1,,0.0,0.4,0.0,-0.0041007322514717,-0.00870890299379386,0.00831217783117232,-0.18,0.18,1.0
28.491679906845093,1,,0.0,0.4,0.0,-0.011310320976392382,-0.010902578800639813,0.0010297988433686494,-0.18,0.18,1.0
28.491679906845093,1,,0.0,0.4,0.0,-0.012343369978487062,-0.01443804400743695,-0.0020947605209660765,-0.18,0.18,1.0
28.491679906845093,1,,0.0,0.4,0.0,-0.000853744145030798,-0.01385043136879626,-0.009317800979752901,-0.18,0.18,1.0
28.491679906845093,1,,0.0,0.4,0.0,0.0021535131575369003,-0.018860920365662996,-0.008429854411560628,-0.18,0.18,1.0
28.531989097595215,1,,0.0,0.4,0.0,0.00819863197948607,-0.015727598702889648,-0.008807251167891966,-0.18,0.18,1.0
28.531989097595215,1,,0.0,0.4,0.0,-0.004761974546082275,-0.02014003370269736,-0.0024578123195872444,-0.18,0.18,1.0
28.531989097595215,1,,0.0,0.4,0.0,-0.002473068796355014,-0.02296696840031239,-0.0039576915161787015,-0.18,0.18,1.0
28.531989097595215,1,,0.0,0.4,0.0,0.0043769058432938344,-0.02279687793095214,-0.0010638557493972806,-0.18,0.18,1.0
28.531989097595215,1,,0.0,0.4,0.0,-0.014053956016764863,-0.013505008996282214,0.005669719474608551,-0.18,0.18,1.0
28.531989097595215,1,,0.0,0.4,0.0,-0.019424078993479855,-0.021627812982556574,0.0021742068200895246,-0.18,0.18,1.0
28.531989097595215,1,,0.0,0.4,0.0,-0.023415875798959162,-0.026437820683688638,0.011281997293031103,-0.18,0.18,1.0
28.531989097595215,1,,0.0,0.4,0.0,-0.018830839299050224,-0.0018734375423952248,0.006586699710007713,-0.18,0.18,1.0
28.531989097595215,1,,0.0,0.4,0.0,-0.010521577533243497,-0.006874242024875257,-0.000801839683708885,-0.18,0.18,1.0
28.57229781150818,1,,0.0,0.4,0.0,-0.0040466005252222485,-0.005261848110547962,-0.0066929416263022895,-0.18,0.18,1.0
28.57229781150818,1,,0.0,0.4,0.0,-0.013934232415960883,0.015899264318911553,0.00034596451580799444,-0.18,0.18,1.0
28.57229781150818,1,,0.0,0.4,0.0,-0.014033285838916082,-0.0104870410674589,-0.004387489899111063,-0.18,0.18,1.0
28.57229781150818,1,,0.0,0.4,0.0,-0.014021329997700678,-0.0011477013355735268,-0.011361864490737922,-0.18,0.18,1.0
28.57229781150818,1,,0.0,0.4,0.0,-0.009094314042626391,-0.01626379742825781,-0.007564487400530756,-0.18,0.18,1.0
28.57229781150818,1,,0.0,0.4,0.0,-0.008433188482949687,-0.003194774144799464,-0.008770719566403911,-0.18,0.18,1.0
28.57229781150818,1,,0.0,0.4,0.0,-0.008211884325172265,-0.01590084854420965,-0.010125530650392948,-0.18,0.18,1.0
28.57229781150818,1,,0.0,0.4,0.0,-0.0036576337369110474,-0.003342633860200504,-0.00738309347017233,-0.18,0.18,1.0
28.57229781150818,1,,0.0,0.4,0.0,0.0034805510790329587,-0.016360046865515707,-0.007876391192313661,-0.18,0.18,1.0
28.57229781150818,1,,0.0,0.4,0.0,-0.007811218475621883,-0.015096999300117427,-0.0046134940477085265,-0.18,0.18,1.0
28.612598657608032,1,,0.0,0.4,0.0,-0.016397881210133733,-0.013972769989128423,-0.007342748132519975,-0.18,0.18,1.0
28.612598657608032,1,,0.0,0.4,0.0,-0.006941656392929733,-0.018562720857960065,-0.006075735410291979,-0.18,0.18,1.0
28.612598657608032,1,,0.0,0.4,0.0,-0.006806185492211627,-0.0114858517973222,-0.008159439055092846,-0.18,0.18,1.0
28.612598657608032,1,,0.0,0.4,0.0,-0.0058072105631668145,0.007433535541139012,-0.009487455176180572,-0.18,0.18,1.0
28.612598657608032,1,,0.0,0.4,0.0,-0.008771034187998008,0.011787049739679962,-0.009222379334377986,-0.18,0.18,1.0
28.612598657608032,1,,0.0,0.4,0.0,-0.007942734314215818,-0.010368874524258907,-0.007940284708616178,-0.18,0.18,1.0
28.612598657608032,1,,0.0,0.4,0.0,-0.0014123319906372935,0.008103760348551054,-0.002319756757282782,-0.18,0.18,1.0
28.612598657608032,1,,0.0,0.4,0.0,-0.003688024341607244,0.006335109685208019,-0.007091470084163518,-0.18,0.18,1.0
28.612598657608032,1,,0.0,0.4,0.0,-0.010860577817679632,-0.014742894409798727,-0.005361882045429012,-0.18,0.18,1.0
28.612598657608032,1,,0.0,0.4,0.0,-0.012392649093728093,-0.0037153275948572147,-0.006261974359918992,-0.18,0.18,1.0
28.66300892829895,1,,0.0,0.4,0.0,-0.012541102571051179,0.003739805890219352,-0.002632341511213874,-0.18,0.18,1.0
28.66300892829895,1,,0.0,0.4,0.0,-0.0021777410809295113,-0.002083064126882346,-0.013491615136069557,-0.18,0.18,1.0
28.66300892829895,1,,0.0,0.4,0.0,-0.008165314271061782,-0.0005967898357608827,-0.013003430767100067,-0.18,0.18,1.0
28.66300892829895,1,,0.0,0.4,0.0,-0.0014424268828246137,-0.0215201839879449,-0.012331672237369555,-0.18,0.18,1.0
28.66300892829895,1,,0.0,0.4,0.0,0.0010175790735993608,-0.015357820858660068,-0.012018613280033553,-0.18,0.18,1.0
28.66300892829895,1,,0.0,0.4,0.0,-0.0019043618225535483,-0.0115681048529702,-0.007864600838455617,-0.18,0.18,1.0
28.66300892829895,1,,0.0,0.4,0.0,-0.00728952912000042,-0.02222548408881298,-0.006679032161673298,-0.18,0.18,1.0
28.66300892829895,1,,0.0,0.4,0.0,-0.0091083100998841,-0.017627492904639722,-0.004253212735762763,-0.18,0.18,1.0
28.66300892829895,1,,0.0,0.4,0.0,-0.009427745300450081,-0.031958463526418436,-0.006984793107264236,-0.18,0.18,1.0
28.66300892829895,1,,0.0,0.4,0.0,-0.010329291104743748,-0.025189870663650412,-0.004009509916705595,-0.18,0.18,1.0
28.703320264816284,1,,0.0,0.4,0.0,-0.0104541796117093,-0.007017371545295894,-0.003824235910099709,-0.18,0.18,1.0
28.703320264816284,1,,0.0,0.4,0.0,-0.01092677034819772,-0.011149261700648738,-0.012584980292389608,-0.18,0.18,1.0
28.703320264816284,1,,0.0,0.4,0.0,-0.003711858523880854,-0.012850174954345466,-0.010928933881858088,-0.18,0.18,1.0
28.703320264816284,1,,0.0,0.4,0.0,-2.57256025922793e-05,-0.0006479123825349554,-0.006768264742763687,-0.18,0.18,1.0
28.703320264816284,1,,0.0,0.4,0.0,0.006310941342414771,0.00672627420393157,-0.013531377056032821,-0.18,0.18,1.0
28.703320264816284,1,,0.0,0.4,0.0,-0.002813257317429521,-0.006917966204111672,-0.016527677842095304,-0.18,0.18,1.0
28.703320264816284,1,,0.0,0.4,0.0,-0.004682330816106002,-0.003972299030499129,-0.009231733366451994,-0.18,0.18,1.0
28.703320264816284,1,,0.0,0.4,0.0,-0.017925354173402106,-0.011941107287278804,-0.0013824300838062515,-0.18,0.18,1.0
28.703320264816284,1,,0.0,0.4,0.0,-0.020354335875091792,-0.002493297177483893,-0.008766240412288106,-0.18,0.18,1.0
28.703320264816284,1,,0.0,0.4,0.0,-0.0113392075425432,-0.01947698283633077,-0.005356447629341509,-0.18,0.18,1.0
28.743616342544556,1,,0.0,0.4,0.0,-0.0158691204525244,-0.018101149076753423,-0.0033738222127348287,-0.18,0.18,1.0
28.743616342544556,1,,0.0,0.4,0.0,-0.015744339018594247,-0.020765656881410834,-0.0031679458344755743,-0.18,0.18,1.0
28.743616342544556,1,,0.0,0.4,0.0,-0.0138169461598522,-0.02146939203691745,-0.0010009211294270016,-0.18,0.18,1.0
28.743616342544556,1,,0.0,0.4,0.0,-0.009707002813269125,-0.0018459751287641924,0.0007448911746031631,-0.18,0.18,1.0
28.743616342544556,1,,0.0,0.4,0.0,-0.005535794637036186,-0.008413285918384689,0.0017229045932329887,-0.18,0.18,1.0
28.743616342544556,1,,0.0,0.4,0.0,0.0010211733969492155,-0.003004516814145545,0.00012654245291064987,-0.18,0.18,1.0
28.743616342544556,1,,0.0,0.4,0.0,-0.008076293416602544,-0.017413202122750725,0.006461848048685596,-0.18,0.18,1.0
28.743616342544556,1,,0.0,0.4,0.0,-0.01025023478429849,-0.00997606003828992,0.003960699928125918,-0.18,0.18,1.0
28.743616342544556,1,,0.0,0.4,0.0,-0.007077364930219489,-0.02587162970183704,-0.002737182225809185,-0.18,0.18,1.0
28.743616342544556,1,,0.0,0.4,0.0,-0.0014894955392988033,-0.021366175160916354,-0.011443409281303269,-0.18,0.18,1.0
28.783926725387573,1,,0.0,0.4,0.0,0.0025563904291826503,-0.012927115461098778,-0.009686724868019742,-0.18,0.18,1.0
28.783926725387573,1,,0.0,0.4,0.0,0.003980561307753136,-0.010320520494311387,-0.005924144380371657,-0.18,0.18,1.0
28.783926725387573,1,,0.0,0.4,0.0,0.0011786397430558245,-0.026995973051968165,0.000337202961213271,-0.18,0.18,1.0
28.783926725387573,1,,0.0,0.4,0.0,-0.003835129017637488,-0.012291927147583204,0.0018713113443120189,-0.18,0.18,1.0
28.783926725387573,1,,0.0,0.4,0.0,-0.005753992515060302,-0.02920280905691426,-0.003416305169493855,-0.18,0.18,1.0
28.783926725387573,1,,0.0,0.4,0.0,-0.010637626966928845,-0.02181329030273709,-0.0026234097751946807,-0.18,0.18,1.0
28.783926725387573,1,,0.0,0.4,0.0,-0.009673653062096568,-0.023320132794756747,0.000884372600393525,-0.18,0.18,1.0
28.783926725387573,1,,0.0,0.4,0.0,-0.008634191386317205,-0.00764943586845646,-0.005924921186011177,-0.18,0.18,1.0
28.783926725387573,1,,0.0,0.4,0.0,-0.009500629380196378,-0.02329440219163286,-0.012361135309017602,-0.18,0.18,1.0
28.783926725387573,1,,0.0,0.4,0.0,-0.003175883612636988,-0.010318845778555897,-0.011090763911617382,-0.18,0.18,1.0
28.83430528640747,1,,0.0,0.4,0.0,-0.015730409631817866,-0.022596233870558202,-0.013940185924327527,-0.18,0.18,1.0
28.83430528640747,1,,0.0,0.4,0.0,-0.013827686343036792,-0.032547322396900835,-0.007025079389111207,-0.18,0.18,1.0
28.83430528640747,1,,0.0,0.4,0.0,-0.012286854272034122,-0.01066346827374143,-0.005192876777204153,-0.18,0.18,1.0
28.83430528640747,1,,0.0,0.4,0.0,-0.002264065538945109,-0.029686769840929696,-0.005797929811780456,-0.18,0.18,1.0
28.83430528640747,1,,0.0,0.4,0.0,-0.009921660020905927,-0.016462496010702377,-0.009998360701301575,-0.18,0.18,1.0
28.83430528640747,1,,0.0,0.4,0.0,0.001879332085784883,-0.01626184489608812,-0.010535290678237667,-0.18,0.18,1.0
28.83430528640747,1,,0.0,0.4,0.0,-0.00936607789346344,-0.009536076516803747,-0.00734751635584219,-0.18,0.18,1.0
28.83430528640747,1,,0.0,0.4,0.0,-0.01302205062383712,-0.0174792927663274,-0.002743846903840979,-0.18,0.18,1.0
28.83430528640747,1,,0.0,0.4,0.0,-0.009624201234911709,-0.02082472164871106,-0.010729437300513931,-0.18,0.18,1.0
28.83430528640747,1,,0.0,0.4,0.0,-0.008837833156627123,-0.014748958359390855,-0.003831846607752256,-0.18,0.18,1.0
28.874617338180542,1,,0.0,0.4,0.0,-0.011159698812227078,-0.028241920367706366,-0.006186903167397041,-0.18,0.18,1.0
28.874617338180542,1,,0.0,0.4,0.0,-0.013025851451911779,-0.016103625338442118,-0.006346219291074903,-0.18,0.18,1.0
28.874617338180542,1,,0.0,0.4,0.0,-0.005414392947041724,-0.019562416948454595,-0.006329289161160259,-0.18,0.18,1.0
28.874617338180542,1,,0.0,0.4,0.0,-0.0025767316423767786,-0.0007134174921726863,-0.0020714849315740125,-0.18,0.18,1.0
28.874617338180542,1,,0.0,0.4,0.0,-0.007398846598488469,-0.01689514389748249,-0.0015153278025014868,-0.18,0.18,1.0
28.874617338180542,1,,0.0,0.4,0.0,-0.0027889080800757105,-0.018604064194349967,-0.005184888507315461,-0.18,0.18,1.0
28.874617338180542,1,,0.0,0.4,0.0,-0.005935719367362334,-0.012921894668796468,-0.009185393258216218,-0.18,0.18,1.0
28.874617338180542,1,,0.0,0.4,0.0,-0.010684774869295427,-0.008905962724247814,-0.010783419670366515,-0.18,0.18,1.0
28.874617338180542,1,,0.0,0.4,0.0,-0.011604534322116462,-0.02671120873649985,-0.012330547152104087,-0.18,0.18,1.0
28.874617338180542,1,,0.0,0.4,0.0,-0.017997316773605287,-0.03333998661801382,-0.0029759808277076464,-0.18,0.18,1.0
28.914977550506592,1,,0.0,0.4,0.0,-0.015407768683390794,-0.014782461017680094,-0.004362872299479342,-0.18,0.18,1.0
28.914977550506592,1,,0.0,0.4,0.0,-0.009109817544052585,-0.028436285262585074,-0.012207082554324802,-0.18,0.18,1.0
28.914977550506592,1,,0.0,0.4,0.0,-0.012489502522255362,-0.03260426186680171,-0.014185301585016834,-0.18,0.18,1.0
28.914977550506592,1,,0.0,0.4,0.0,-0.010054544342575687,-0.01397727817803173,-0.0144293960299533,-0.18,0.18,1.0
28.914977550506592,1,,0.0,0.4,0.0,-0.005445417025051149,-0.021518176620700123,-0.008809684033753849,-0.18,0.18,1.0
28.914977550506592,1,,0.0,0.4,0.0,-0.00840729056887754,-0.01409995580235124,-0.005365668985443893,-0.18,0.18,1.0
28.914977550506592,1,,0.0,0.4,0.0,-0.010677712694332575,-0.008575616305734435,-0.005462463060743018,-0.18,0.18,1.0
28.914977550506592,1,,0.0,0.4,0.0,-0.010032971283248178,-0.016040028098617196,-0.01384813066920279,-0.18,0.18,1.0
28.914977550506592,1,,0.0,0.4,0.0,-0.006837296450149829,-0.010451833412400205,-0.012531445503712255,-0.18,0.18,1.0
28.914977550506592,1,,0.0,0.4,0.0,-0.010763236037303081,-0.016549922800401753,-0.014917080070482223,-0.18,0.18,1.0
28.965362071990967,1,,0.0,0.4,0.0,-0.0026418801699645625,-0.018327209091919965,-0.016213785433742824,-0.18,0.18,1.0
28.965362071990967,1,,0.0,0.4,0.0,-0.002837011245091934,0.0038238388338073634,-0.013911328016126512,-0.18,0.18,1.0
28.965362071990967,1,,0.0,0.4,0.0,-0.014021661680004344,0.0013518914071598733,-0.015033031936594035,-0.18,0.18,1.0
28.965362071990967,1,,0.0,0.4,0.0,-0.018841647660240365,0.008210187567582291,-0.017017491385652943,-0.18,0.18,1.0
28.965362071990967,1,,0.0,0.4,0.0,-0.02547686372918483,0.004914649099255123,-0.014514851838963725,-0.18,0.18,1.0
28.965362071990967,1,,0.0,0.4,0.0,-0.010734751835123646,-0.012755892872528516,-0.006946244158788573,-0.18,0.18,1.0
28.965362071990967,1,,0.0,0.4,0.0,-0.004912682636176593,0.0005493490882627964,-0.010994786211142468,-0.18,0.18,1.0
28.965362071990967,1,,0.0,0.4,0.0,-0.013840842284664905,-0.01091599137898238,-0.004532973942954509,-0.18,0.18,1.0
28.965362071990967,1,,0.0,0.4,0.0,-0.009358735496225292,-0.027242232653305647,-0.002772580404417971,-0.18,0.18,1.0
28.965362071990967,1,,0.0,0.4,0.0,-0.010918747963163632,-0.007635911715851627,-0.008887809455411113,-0.18,0.18,1.0
29.00566840171814,1,,0.0,0.4,0.0,-0.008313821820103845,0.007743188922308084,-0.008155057309986953,-0.18,0.18,1.0
29.00566840171814,1,,0.0,0.4,0.0,-0.010387933915952234,-0.0005398016310046768,-0.010798119849945635,-0.18,0.18,1.0
29.00566840171814,1,,0.0,0.4,0.0,-0.018338827126962175,-0.023005435062369753,-0.010010613306659151,-0.18,0.18,1.0
29.00566840171814,1,,0.0,0.4,0.0,-0.011415182727458178,-0.02408691764277587,-0.004610523740851539,-0.18,0.18,1.0
29.00566840171814,1,,0.0,0.4,0.0,-0.0047232449404502165,-0.026255575931455093,-0.005101003781620325,-0.18,0.18,1.0
29.00566840171814,1,,0.0,0.4,0.0,-0.0066021811452041425,-0.031152743679306122,-0.006463221872542296,-0.18,0.18,1.0
29.00566840171814,1,,0.0,0.4,0.0,-0.010285173114654177,-0.02684706319397996,-0.005289190681945086,-0.18,0.18,1.0
29.00566840171814,1,,0.0,0.4,0.0,-0.012227985042040748,-0.017193121093788653,-0.0016183313625446072,-0.18,0.18,1.0
29.00566840171814,1,,0.0,0.4,0.0,-0.01193221959810112,-0.017358330422842558,-0.0016485536182939131,-0.18,0.18,1.0
29.00566840171814,1,,0.0,0.4,0.0,-0.010603916967147445,-0.023855591111377937,-0.0029666016852631814,-0.18,0.18,1.0
29.045976400375366,1,,0.0,0.4,0.0,-0.00997958701922484,-0.01593751486569755,0.002227764219735449,-0.18,0.18,1.0
29.045976400375366,1,,0.0,0.4,0.0,-0.003008141269821836,-0.016156242622009626,-0.005256138638313111,-0.18,0.18,1.0
29.045976400375366,1,,0.0,0.4,0.0,-0.0005367068101417619,0.001483428004936154,-0.004503331616497644,-0.18,0.18,1.0
29.045976400375366,1,,0.0,0.4,0.0,-0.004884318377684065,0.0006154810198105694,-0.006609937308961982,-0.18,0.18,1.0
29.045976400375366,1,,0.0,0.4,0.0,-0.0070071183016675535,2.5499735117737263e-05,-0.005267474622278149,-0.18,0.18,1.0
29.045976400375366,1,,0.0,0.4,0.0,-0.01107575024264861,-0.006225794877855816,-0.0028749428570239944,-0.18,0.18,1.0
29.045976400375366,1,,0.0,0.4,0.0,-0.00969921878385537,0.008751270110708696,-0.0017603558161657811,-0.18,0.18,1.0
29.045976400375366,1,,0.0,0.4,0.0,-0.01349517531734293,-0.014992133599091753,-0.0001173585650325676,-0.18,0.18,1.0
29.045976400375366,1,,0.0,0.4,0.0,-0.015065382529798164,-0.0020520001904644593,0.005678339495752283,-0.18,0.18,1.0
29.045976400375366,1,,0.0,0.4,0.0,-0.01453848772103306,0.0008564758816160246,-0.0030010131600749185,-0.18,0.18,1.0
29.086291313171387,1,,0.0,0.4,0.0,-0.014311903592297405,-0.00789015840306494,0.0010612841210770778,-0.18,0.18,1.0
29.086291313171387,1,,0.0,0.4,0.0,-0.010849879877324196,-0.013488588606219593,0.0046474842374162155,-0.18,0.18,1.0
29.086291313171387,1,,0.0,0.4,0.0,-0.006754673896041671,-0.005811187532364866,0.007639100471853408,-0.18,0.18,1.0
29.086291313171387,1,,0.0,0.4,0.0,-0.01088489029040816,-0.010586351384834547,-0.000694484334047145,-0.18,0.18,1.0
29.086291313171387,1,,0.0,0.4,0.0,-0.007602415931139905,0.00020124682027614795,0.002771228768615398,-0.18,0.18,1.0
29.086291313171387,1,,0.0,0.4,0.0,-0.01268872865515169,-0.011360609289321307,-0.004257233219596881,-0.18,0.18,1.0
29.086291313171387,1,,0.0,0.4,0.0,-0.013353108410486996,-0.014504198547167313,-0.0014947325000999173,-0.18,0.18,1.0
29.086291313171387,1,,0.0,0.4,0.0,-0.013539414380622023,-0.019884084770858068,-0.00826665936197901,-0.18,0.18,1.0
29.086291313171387,1,,0.0,0.4,0.0,-0.0104583486343442,-0.0067112309247427905,0.004266288891851754,-0.18,0.18,1.0
29.136672973632812,1,,0.0,0.4,0.0,-0.007843749425800114,-0.0024407328875031904,-0.00484187803109599,-0.18,0.18,1.0
29.136672973632812,1,,0.0,0.4,0.0,-0.0035260586190750047,0.008561555926458566,-0.0029713688963168587,-0.18,0.18,1.0
29.136672973632812,1,,0.0,0.4,0.0,-0.00549131122208944,-0.011025622588395888,-0.001994707704668235,-0.18,0.18,1.0
29.136672973632812,1,,0.0,0.4,0.0,-0.00517488289369183,-0.019785787105616577,-0.008029394096687223,-0.18,0.18,1.0
29.136672973632812,1,,0.0,0.4,0.0,-0.009721015299807609,-0.021206441466326813,-0.011147852667093328,-0.18,0.18,1.0
29.136672973632812,1,,0.0,0.4,0.0,0.004011623237309723,-0.02247055788934279,-0.006232023122331879,-0.18,0.18,1.0
29.136672973632812,1,,0.0,0.4,0.0,0.0013929569731304877,-0.01790488942024776,0.00014422956779068817,-0.18,0.18,1.0
29.136672973632812,1,,0.0,0.4,0.0,-0.0077198458458505505,-0.010171447297054399,-0.003017429606629226,-0.18,0.18,1.0
29.136672973632812,1,,0.0,0.4,0.0,-0.01124254257157533,-0.01897288090281009,-0.008680811890922221,-0.18,0.18,1.0
29.136672973632812,1,,0.0,0.4,0.0,-0.0075174436134442385,-0.006445400931505886,-0.007707621707666398,-0.18,0.18,1.0
29.17698049545288,1,,0.0,0.4,0.0,0.0038563249449171067,-0.024551570707385274,-0.009871160946343487,-0.18,0.18,1.0
29.17698049545288,1,,0.0,0.4,0.0,-0.002720165047995495,-0.016022767336824617,-0.019289583263380514,-0.18,0.18,1.0
29.17698049545288,1,,0.0,0.4,0.0,-0.0019248550511983059,-0.030808218280453006,-0.012808650697555535,-0.18,0.18,1.0
29.17698049545288,1,,0.0,0.4,0.0,-0.01127796057240585,-0.017084509081586836,-0.015996755539555086,-0.18,0.18,1.0
29.17698049545288,1,,0.0,0.4,0.0,-0.011178869174696437,-0.01639626530854206,-0.01144636931664338,-0.18,0.18,1.0
29.17698049545288,1,,0.0,0.4,0.0,-0.00964978322393987,-0.02377974839570222,-0.006540170892291795,-0.18,0.18,1.0
29.17698049545288,1,,0.0,0.4,0.0,-0.012109378387106786,-0.016562289815635952,-0.0004443791806924508,-0.18,0.18,1.0
29.17698049545288,1,,0.0,0.4,0.0,-0.011945835226189036,-0.013038622141489513,0.0005115198482656192,-0.18,0.18,1.0
29.17698049545288,1,,0.0,0.4,0.0,-0.00840289809479579,-0.02482362478881355,0.004653601122671437,-0.18,0.18,1.0
29.17698049545288,1,,0.0,0.4,0.0,-0.014760990974367798,-0.018189865324999763,0.0001364427599882179,-0.18,0.18,1.0
29.217383861541748,1,,0.0,0.4,0.0,-0.01858911975474684,-0.01060597850740408,-0.006624760278718264,-0.18,0.18,1.0
29.217383861541748,1,,0.0,0.4,0.0,-0.012169696360459822,-0.018715466711482876,0.00017590070782754372,-0.18,0.18,1.0
29.217383861541748,1,,0.0,0.4,0.0,-0.0055140133215123375,-0.026151210110295094,-0.0018754382816397088,-0.18,0.18,1.0
29.217383861541748,1,,0.0,0.4,0.0,-0.009140078348441516,-0.022965231817831923,-0.0026858287661086456,-0.18,0.18,1.0
29.217383861541748,1,,0.0,0.4,0.0,-0.008398710834612442,-0.006180474301375391,-0.004660799154812316,-0.18,0.18,1.0
29.217383861541748,1,,0.0,0.4,0.0,-0.0002659203176925811,-0.021345707910406863,-0.0031648894715644617,-0.18,0.18,1.0
29.217383861541748,1,,0.0,0.4,0.0,-0.003542521426765244,-0.01442913767225008,-0.0010641553417471124,-0.18,0.18,1.0
29.217383861541748,1,,0.0,0.4,0.0,-0.0036055015506923104,-0.016766201130690987,-0.00016133587878880716,-0.18,0.18,1.0
29.217383861541748,1,,0.0,0.4,0.0,0.0009051349523819713,-0.013940208275949018,-0.005107533276982688,-0.18,0.18,1.0
29.217383861541748,1,,0.0,0.4,0.0,-0.005916322403213739,-0.00888070036363647,-0.002279885662077098,-0.18,0.18,1.0
29.257686138153076,1,,0.0,0.4,0.0,-0.00685404401842407,-0.015280569737043491,-0.007587718874181873,-0.18,0.18,1.0
29.257686138153076,1,,0.0,0.4,0.0,0.0006393474643161688,8.275661527733766e-05,-0.012076864168591672,-0.18,0.18,1.0
29.257686138153076,1,,0.0,0.4,0.0,-0.00839900232318715,-0.007920474495895481,-0.004835991340313509,-0.18,0.18,1.0
29.257686138153076,1,,0.0,0.4,0.0,0.0009627296104952977,0.0029274807492799724,-0.001767638627859539,-0.18,0.18,1.0
29.257686138153076,1,,0.0,0.4,0.0,0.0010915432871063029,-0.01794908257823372,-8.393438546108545e-05,-0.18,0.18,1.0
29.257686138153076,1,,0.0,0.4,0.0,-0.011081609835175126,-0.014108368084919897,-0.008028306906378777,-0.18,0.18,1.0
29.257686138153076,1,,0.0,0.4,0.0,-0.009016839317689457,-0.01960342174587256,-0.004060657326227607,-0.18,0.18,1.0
29.257686138153076,1,,0.0,0.4,0.0,-0.006726506917651969,-0.02034876826318158,-0.008687706442549983,-0.18,0.18,1.0
29.257686138153076,1,,0.0,0.4,0.0,-0.009760175004400717,-0.02390603713000373,-0.007340239036887413,-0.18,0.18,1.0
29.257686138153076,1,,0.0,0.4,0.0,-0.005715255479246426,-0.02036052060808264,-0.007493351161776596,-0.18,0.18,1.0
29.308080911636353,1,,0.0,0.4,0.0,-0.004542242307216956,-0.010709395062989326,-0.006624890609697685,-0.18,0.18,1.0
29.308080911636353,1,,0.0,0.4,0.0,-0.002963733249300409,-0.02038978213390935,-0.005661986554090519,-0.18,0.18,1.0
29.308080911636353,1,,0.0,0.4,0.0,-0.016968830925806554,-0.011737070907143871,-0.015612159771522333,-0.18,0.18,1.0
29.308080911636353,1,,0.0,0.4,0.0,-0.01565009847654062,-0.011151948821804774,-0.012692143885649593,-0.18,0.18,1.0
29.308080911636353,1,,0.0,0.4,0.0,-0.012534562703979624,-0.020439956555389834,-0.007627964959813237,-0.18,0.18,1.0
29.308080911636353,1,,0.0,0.4,0.0,-0.008586389586388306,-0.004865200465014982,-0.011423240937975471,-0.18,0.18,1.0
29.308080911636353,1,,0.0,0.4,0.0,-0.010075348958201657,-0.019698247941780846,-0.006081440346323589,-0.18,0.18,1.0
29.308080911636353,1,,0.0,0.4,0.0,0.0019039583549007864,0.0009507848291827967,-0.009453977721819709,-0.18,0.18,1.0
29.308080911636353,1,,0.0,0.4,0.0,-0.0013143318600847187,-0.006334328597087701,-0.012836977476849525,-0.18,0.18,1.0
29.308080911636353,1,,0.0,0.4,0.0,-0.003285461906917115,-0.0016807563413243868,-0.017494616626746413,-0.18,0.18,1.0
29.3484046459198,1,,0.0,0.4,0.0,0.0015803218618603001,-0.013486532040346574,-0.006763804839745493,-0.18,0.18,1.0
29.3484046459198,1,,0.0,0.4,0.0,-0.0008619842564087561,-0.006686943341766273,-0.011870403182713755,-0.18,0.18,1.0
29.3484046459198,1,,0.0,0.4,0.0,-0.008477366926387096,-0.013001918077758206,-0.01747902131607483,-0.18,0.18,1.0
29.3484046459198,1,,0.0,0.4,0.0,-0.01887432152564083,-0.0022604643012154244,-0.01646225069458339,-0.18,0.18,1.0
29.3484046459198,1,,0.0,0.4,0.0,-0.018720632733228233,-0.026015848400614876,-0.012814635966588652,-0.18,0.18,1.0
29.3484046459198,1,,0.0,0.4,0.0,-0.013971236702603019,-0.006133714923875464,-0.015544079795042588,-0.18,0.18,1.0
29.3484046459198,1,,0.0,0.4,0.0,-0.010651073064416426,-0.01229522257017922,-0.011211245038631345,-0.18,0.18,1.0
29.3484046459198,1,,0.0,0.4,0.0,-0.005758923912895483,-0.008700172148064416,-0.017078630240829003,-0.18,0.18,1.0
29.3484046459198,1,,0.0,0.4,0.0,-0.009427683038731314,-0.020373565038083734,-0.009491456023625193,-0.18,0.18,1.0
29.3484046459198,1,,0.0,0.4,0.0,-0.013580690235692259,-0.01397792334673455,-0.007436832606731826,-0.18,0.18,1.0
29.388806343078613,1,,0.0,0.4,0.0,-0.008705323213257734,-0.016184429866751244,-0.00547607472608597,-0.18,0.18,1.0
29.388806343078613,1,,0.0,0.4,0.0,-0.009253253604834364,-0.021621478099504078,-0.0018932125110375966,-0.18,0.18,1.0
29.388806343078613,1,,0.0,0.4,0.0,-0.003136966700233505,-0.008419641111813753,-0.008109528464079373,-0.18,0.18,1.0
29.388806343078613,1,,0.0,0.4,0.0,-0.004864808494498826,-0.013982158242192323,-0.0007367609019937879,-0.18,0.18,1.0
29.388806343078613,1,,0.0,0.4,0.0,-0.001704661159163878,-0.012775393119226708,-0.005737083774786078,-0.18,0.18,1.0
29.388806343078613,1,,0.0,0.4,0.0,-0.006757579619371458,-0.009593736170176278,-0.0057533680678171495,-0.18,0.18,1.0
29.388806343078613,1,,0.0,0.4,0.0,-0.01034239993382459,-0.012229654164895942,-0.0016597322974585041,-0.18,0.18,1.0
29.388806343078613,1,,0.0,0.4,0.0,-0.0036046837539052117,-0.015250127356476718,-0.000476736089907528,-0.18,0.18,1.0
29.388806343078613,1,,0.0,0.4,0.0,-0.008596154147532488,-0.018389285226529665,-0.001409408718785639,-0.18,0.18,1.0
29.388806343078613,1,,0.0,0.4,0.0,-0.008817465194706164,-8.739165277595007e-05,-0.002776792133853306,-0.18,0.18,1.0
29.439229726791382,1,,0.0,0.4,0.0,-0.015532844685296851,-0.016927727842529997,-0.005327257384086588,-0.18,0.18,1.0
29.439229726791382,1,,0.0,0.4,0.0,-0.011230363749352348,-0.027751949372101063,-0.010163502549465402,-0.18,0.18,1.0
29.439229726791382,1,,0.0,0.4,0.0,-0.00851191745782388,-0.015282551953554654,-0.0019206033479399816,-0.18,0.18,1.0
29.439229726791382,1,,0.0,0.4,0.0,-0.004253530245897127,-0.010145929701453834,-0.0020939292317474836,-0.18,0.18,1.0
29.439229726791382,1,,0.0,0.4,0.0,0.0015210412392128354,-0.004595595302649559,-0.0007381744832169275,-0.18,0.18,1.0
29.439229726791382,1,,0.0,0.4,0.0,-0.013484958066924319,0.005999953950989268,-0.00767075395554779,-0.18,0.18,1.0
29.439229726791382,1,,0.0,0.4,0.0,-0.017492614048410387,-0.0065825218293213954,-0.01130135447213925,-0.18,0.18,1.0
29.439229726791382,1,,0.0,0.4,0.0,-0.016182028897865804,0.0044167775135392495,-0.009268019297851813,-0.18,0.18,1.0
29.439229726791382,1,,0.0,0.4,0.0,-0.0026216702622183026,0.000459241049183215,-0.003915965058293136,-0.18,0.18,1.0
29.439229726791382,1,,0.0,0.4,0.0,-0.009571767821503662,-0.001019146215644411,-0.013539496157640489,-0.18,0.18,1.0
29.479528188705444,1,,0.0,0.4,0.0,-0.014314820970464043,-0.013941940230314582,-0.014152498580921791,-0.18,0.18,1.0
29.479528188705444,1,,0.0,0.4,0.0,-0.015110842707198905,0.0009298872957218995,-0.013200264188628774,-0.18,0.18,1.0
29.479528188705444,1,,0.0,0.4,0.0,-0.012977074635574468,-0.015422644378383673,-0.009918602164749837,-0.18,0.18,1.0
29.479528188705444,1,,0.0,0.4,0.0,-0.017170691207235207,-0.011643717628532892,-0.0005613631532498767,-0.18,0.18,1.0
29.479528188705444,1,,0.0,0.4,0.0,-0.016889675133018468,-0.00817915165916784,0.0013237738989698416,-0.18,0.18,1.0
29.479528188705444,1,,0.0,0.4,0.0,-0.02038857849706593,-0.020630931539997753,0.0048005457863681145,-0.18,0.18,1.0
29.479528188705444,1,,0.0,0.4,0.0,-0.013805596365658302,-0.009670672802735182,0.006445848454521956,-0.18,0.18,1.0
29.479528188705444,1,,0.0,0.4,0.0,-0.009977269940125285,-0.021409767288144508,0.0008166688561828975,-0.18,0.18,1.0
29.479528188705444,1,,0.0,0.4,0.0,-0.005668147875253652,-0.010161097461707451,-0.0022163221480099105,-0.18,0.18,1.0
29.479528188705444,1,,0.0,0.4,0.0,-0.010240544201340648,-0.019478669712770718,0.0005539782364291257,-0.18,0.18,1.0
29.519847631454468,1,,0.0,0.4,0.0,-0.00787501707088599,-0.012555959257510652,-0.006521055128109864,-0.18,0.18,1.0
29.519847631454468,1,,0.0,0.4,0.0,-0.0029045401779145726,-0.0009636210168064125,-0.0028640709775212456,-0.18,0.18,1.0
29.519847631454468,1,,0.0,0.4,0.0,-0.005604911188732014,-0.011277837846724805,-0.0069822565600140465,-0.18,0.18,1.0
29.519847631454468,1,,0.0,0.4,0.0,0.002668489377703553,-0.010058934838037466,-0.009859771105702934,-0.18,0.18,1.0
29.519847631454468,1,,0.0,0.4,0.0,-0.010188085463323872,-0.0008676829863427421,-0.002485119513970561,-0.18,0.18,1.0
29.519847631454468,1,,0.0,0.4,0.0,-0.01432618605702377,-0.0011271021526072932,0.002201055460864135,-0.18,0.18,1.0
29.519847631454468,1,,0.0,0.4,0.0,-0.007521114476176415,-0.013771313371346221,0.00017550868255014152,-0.18,0.18,1.0
29.519847631454468,1,,0.0,0.4,0.0,-0.005958593045155683,0.0071200316287959595,-0.004533659294471985,-0.18,0.18,1.0
29.519847631454468,1,,0.0,0.4,0.0,-0.004018538857191526,-0.012684692913192706,-0.003477626151075726,-0.18,0.18,1.0
29.519847631454468,1,,0.0,0.4,0.0,-0.0015638858027744726,-0.018125943515600162,-0.004486940301344536,-0.18,0.18,1.0
29.56023097038269,1,,0.0,0.4,0.0,-0.006169359300006094,-0.015975894691650845,0.002572749503016715,-0.18,0.18,1.0
29.56023097038269,1,,0.0,0.4,0.0,0.0011187595435693631,-0.020819718251508006,-0.0034095127184799994,-0.18,0.18,1.0
29.56023097038269,1,,0.0,0.4,0.0,-0.003024033409226646,-0.01706145064803414,-0.0031550490151672113,-0.18,0.18,1.0
29.56023097038269,1,,0.0,0.4,0.0,-0.005934178173897202,-0.014200427297983279,-0.0036168889813237752,-0.18,0.18,1.0
29.56023097038269,1,,0.0,0.4,0.0,-0.01151381210866493,-0.01340451365017328,-0.008939199648451314,-0.18,0.18,1.0
29.56023097038269,1,,0.0,0.4,0.0,-0.00901248035167483,-0.018557803764959472,-0.012681747528833765,-0.18,0.18,1.0
29.56023097038269,1,,0.0,0.4,0.0,-0.005694021156975981,-0.02098739420971017,-0.008827630544146042,-0.18,0.18,1.0
29.56023097038269,1,,0.0,0.4,0.0,-0.007280048001328771,-0.03018683654335905,-0.0019405731633431267,-0.18,0.18,1.0
29.56023097038269,1,,0.0,0.4,0.0,-5.142881219352253e-05,-0.021129135352823198,-0.002014636640194878,-0.18,0.18,1.0
29.56023097038269,1,,0.0,0.4,0.0,-0.007546707469468309,-0.012622143768893014,-0.00708852953171292,-0.18,0.18,1.0
29.610583305358887,1,,0.0,0.4,0.0,-0.01472088103079988,-0.020877041447612616,-0.0013631811150716425,-0.18,0.18,1.0
29.610583305358887,1,,0.0,0.4,0.0,-0.010047109477273882,-0.013704730736058978,-0.0025398366346492747,-0.18,0.18,1.0
29.610583305358887,1,,0.0,0.4,0.0,-0.01484790770403969,-0.003262527896415983,-0.005495264192622327,-0.18,0.18,1.0
29.610583305358887,1,,0.0,0.4,0.0,-0.010741645866862356,-0.017967064374610483,-0.006526188556558542,-0.18,0.18,1.0
29.610583305358887,1,,0.0,0.4,0.0,-0.011979562754887221,-0.015731276204897445,3.339108353136713e-05,-0.18,0.18,1.0
29.610583305358887,1,,0.0,0.4,0.0,-0.008270363953636457,-0.010469399559492661,-0.006781336321736421,-0.18,0.18,1.0
29.610583305358887,1,,0.0,0.4,0.0,-0.0007458923545122595,-0.006602792900221677,-0.002461818305110954,-0.18,0.18,1.0
29.610583305358887,1,,0.0,0.4,0.0,-0.006739292725645329,-0.023982758496281436,-0.0005168758285562662,-0.18,0.18,1.0
29.610583305358887,1,,0.0,0.4,0.0,-0.009855419450993873,-0.006128221947740859,-0.0003907008010184473,-0.18,0.18,1.0
29.650851249694824,1,,0.0,0.4,0.0,-0.01278507667396419,-0.010825875655424113,0.003463117517205484,-0.18,0.18,1.0
29.650851249694824,1,,0.0,0.4,0.0,-0.003501463236467404,-0.001368849812429594,0.00770254017825946,-0.18,0.18,1.0
29.650851249694824,1,,0.0,0.4,0.0,-0.0006266757022268161,0.0010852246133754686,0.002076309574608534,-0.18,0.18,1.0
29.650851249694824,1,,0.0,0.4,0.0,0.0014373724203513864,-0.01477474901656735,0.0021765592928510514,-0.18,0.18,1.0
29.650851249694824,1,,0.0,0.4,0.0,0.002112893261338255,-0.01229553249589741,0.002434798113000308,-0.18,0.18,1.0
29.650851249694824,1,,0.0,0.4,0.0,-0.0007973538558620778,-0.02060032357219706,-0.0016107751856654809,-0.18,0.18,1.0
29.650851249694824,1,,0.0,0.4,0.0,-0.003483365276617314,-0.019604942854512378,0.0015764119241688545,-0.18,0.18,1.0
29.650851249694824,1,,0.0,0.4,0.0,0.0019377207240390195,-0.014771821989358464,-0.0050629275077493955,-0.18,0.18,1.0
29.650851249694824,1,,0.0,0.4,0.0,0.0019927404347747472,-0.007205772173446305,-0.008396101597296616,-0.18,0.18,1.0
29.650851249694824,1,,0.0,0.4,0.0,0.0027968676764614318,-0.0062252603015008874,-0.006689064197132359,-0.18,0.18,1.0
29.69117760658264,1,,0.0,0.4,0.0,-0.005449058951819194,-0.016563375949301323,-0.005899073601848548,-0.18,0.18,1.0
29.69117760658264,1,,0.0,0.4,0.0,-0.003467231676924407,-0.012765911797764547,-0.010401994025250804,-0.18,0.18,1.0
29.69117760658264,1,,0.0,0.4,0.0,-0.006380205388778939,-0.01470344750375477,-0.003585335017872926,-0.18,0.18,1.0
29.69117760658264,1,,0.0,0.4,0.0,0.004887090193120526,-0.003482523355927171,-0.002943919011424707,-0.18,0.18,1.0
29.69117760658264,1,,0.0,0.4,0.0,0.0027122161036185932,-0.010677567524139701,-0.0014014849685869447,-0.18,0.18,1.0
29.69117760658264,1,,0.0,0.4,0.0,-0.005040465727023061,-0.012977591757168918,0.00015668051175615,-0.18,0.18,1.0
29.69117760658264,1,,0.0,0.4,0.0,-0.007373485556885843,-0.004520486021920958,-0.0009087709027496234,-0.18,0.18,1.0
29.69117760658264,1,,0.0,0.4,0.0,-0.004605294305709717,-0.01935329512715886,-0.002625834573119212,-0.18,0.18,1.0
29.69117760658264,1,,0.0,0.4,0.0,-4.992572630441414e-05,-0.004816431482933519,-0.011578810765349206,-0.18,0.18,1.0
29.69117760658264,1,,0.0,0.4,0.0,-0.00903402461929761,0.0021391733926861105,-0.0038902289316290815,-0.18,0.18,1.0
29.731473922729492,1,,0.0,0.4,0.0,-0.010775869293863144,-0.009265113020429106,-0.001617729249345569,-0.18,0.18,1.0
29.731473922729492,1,,0.0,0.4,0.0,-0.005086201801360288,0.0017986418652784241,-0.006069942800093497,-0.18,0.18,1.0
29.731473922729492,1,,0.0,0.4,0.0,0.002982957799604639,0.010335708148366408,-0.007258508789357811,-0.18,0.18,1.0
29.731473922729492,1,,0.0,0.4,0.0,0.0027505899401809794,-0.006336309100873915,-0.009679856522609078,-0.18,0.18,1.0
29.731473922729492,1,,0.0,0.4,0.0,0.00043040365953297727,-0.00877795539494915,-0.012048700835521724,-0.18,0.18,1.0
29.731473922729492,1,,0.0,0.4,0.0,-0.006673568609067421,-0.0006205656053374977,-0.009720426369215792,-0.18,0.18,1.0
29.731473922729492,1,,0.0,0.4,0.0,-0.0054366938313681785,0.010319378767045672,-0.006054552805202435,-0.18,0.18,1.0
29.731473922729492,1,,0.0,0.4,0.0,-0.0042223563248816945,-0.002944292927285773,0.0013224678245482176,-0.18,0.18,1.0
29.731473922729492,1,,0.0,0.4,0.0,-0.002562215076035776,0.009606288443581442,-0.003780796068175422,-0.18,0.18,1.0
29.731473922729492,1,,0.0,0.4,0.0,-0.0002444814333390152,-0.004453526957732799,-0.004932195492443935,-0.18,0.18,1.0
29.78186798095703,1,,0.0,0.4,0.0,-0.0068798498996891005,-0.0030133337432278495,-0.005401983035638505,-0.18,0.18,1.0
29.78186798095703,1,,0.0,0.4,0.0,-0.01138125362514631,-0.00208685615491467,-0.0007287887853719392,-0.18,0.18,1.0
29.78186798095703,1,,0.0,0.4,0.0,-0.0027904196331413173,-0.00437917059627768,0.0005780358328284959,-0.18,0.18,1.0
29.78186798095703,1,,0.0,0.4,0.0,-0.0019028585550569558,-0.008025083945624912,-0.00103983097554555,-0.18,0.18,1.0
29.78186798095703,1,,0.0,0.4,0.0,-0.0014335243986961274,0.0023617963189632506,-0.005105817044215728,-0.18,0.18,1.0
29.78186798095703,1,,0.0,0.4,0.0,-0.014948548755610176,0.006599058039098867,-0.0019929691055121587,-0.18,0.18,1.0
29.78186798095703,1,,0.0,0.4,0.0,-0.010171965579145568,0.0028244208614354163,-0.006857467155813435,-0.18,0.18,1.0
29.78186798095703,1,,0.0,0.4,0.0,-0.016817525307233364,-0.00609456814757643,-0.004057110620802867,-0.18,0.18,1.0
29.78186798095703,1,,0.0,0.4,0.0,-0.020790702344676115,-0.013623499672779432,-0.0008139844480527401,-0.18,0.18,1.0
29.78186798095703,1,,0.0,0.4,0.0,0.0008694110849347809,0.004279407289049374,-0.006560524662598619,-0.18,0.18,1.0
29.822219371795654,1,,0.0,0.4,0.0,-0.005863002128709571,-0.003180005934008935,-0.008959971169826601,-0.18,0.18,1.0
29.822219371795654,1,,0.0,0.4,0.0,-0.003883569085726803,-0.002285751086088633,-0.008881477594792719,-0.18,0.18,1.0
29.822219371795654,1,,0.0,0.4,0.0,-0.007111070836238384,-0.009726809953618716,-0.00824559428151184,-0.18,0.18,1.0
29.822219371795654,1,,0.0,0.4,0.0,-0.004585815740028676,-0.006173435324146958,-0.002735050378435933,-0.18,0.18,1.0
29.822219371795654,1,,0.0,0.4,0.0,-0.009353119227220815,-0.010486144112986671,-0.007174782877642571,-0.18,0.18,1.0
29.822219371795654,1,,0.0,0.4,0.0,-0.00859174449382016,-0.009962414824395577,-0.008761875763206205,-0.18,0.18,1.0
29.822219371795654,1,,0.0,0.4,0.0,-0.002888533628620553,-0.016540401616934475,-0.010089041913313591,-0.18,0.18,1.0
29.822219371795654,1,,0.0,0.4,0.0,-0.0043591946929101184,-0.014911672355209075,-0.009574417853694004,-0.18,0.18,1.0
29.822219371795654,1,,0.0,0.4,0.0,-0.0059088079865396975,-0.024273776968481216,-0.0037668542915630827,-0.18,0.18,1.0
29.822219371795654,1,,0.0,0.4,0.0,-0.012723636957933753,-0.021379776556797857,-9.714875974176935e-05,-0.18,0.18,1.0
29.862541675567627,1,,0.0,0.4,0.0,-0.02161982412014602,-0.016917613053628613,0.006014195053419508,-0.18,0.18,1.0
29.862541675567627,1,,0.0,0.4,0.0,-0.026077015666783637,-0.018602532212519365,-0.004399421108315284,-0.18,0.18,1.0
29.862541675567627,1,,0.0,0.4,0.0,-0.01329978006283815,-0.022616055289445828,-0.005380667879774003,-0.18,0.18,1.0
29.862541675567627,1,,0.0,0.4,0.0,-0.014638483791821276,-0.013185696802130522,-0.005641147488988923,-0.18,0.18,1.0
29.862541675567627,1,,0.0,0.4,0.0,-0.011123297145515843,-0.01489569624330518,-0.004387527661073353,-0.18,0.18,1.0
29.862541675567627,1,,0.0,0.4,0.0,-0.014587702126889437,-0.0033084624354855173,-0.006833285793355024,-0.18,0.18,1.0
29.862541675567627,1,,0.0,0.4,0.0,-0.00748707538290875,-0.006669662122742828,-0.014017852791380504,-0.18,0.18,1.0
29.862541675567627,1,,0.0,0.4,0.0,-0.011957044836631051,-0.010006723915493941,-0.008557814123548963,-0.18,0.18,1.0
29.862541675567627,1,,0.0,0.4,0.0,-0.01540052494531129,-0.017868958574719436,-0.009657548196751957,-0.18,0.18,1.0
29.862541675567627,1,,0.0,0.4,0.0,-0.012797964796268983,-0.01486466130136601,-0.008276533900713649,-0.18,0.18,1.0
29.91293954849243,1,,0.0,0.4,0.0,-0.008151660471745892,-0.011844689356275088,-0.004505151492282627,-0.18,0.18,1.0
29.91293954849243,1,,0.0,0.4,0.0,-0.006845533625755564,-0.004956976394714722,-0.0010707673892337804,-0.18,0.18,1.0
29.91293954849243,1,,0.0,0.4,0.0,0.0011237818058791368,-0.02349248568954612,-0.004316870368716354,-0.18,0.18,1.0
29.91293954849243,1,,0.0,0.4,0.0,-0.001377514937954321,-0.0021081073513741205,-0.010606547893581642,-0.18,0.18,1.0
29.91293954849243,1,,0.0,0.4,0.0,-0.006864573555003427,-0.004564922653445925,-0.014842995655485676,-0.18,0.18,1.0
29.91293954849243,1,,0.0,0.4,0.0,-0.011820028386124674,-0.005352572380325422,-0.011077750749042244,-0.18,0.18,1.0
29.91293954849243,1,,0.0,0.4,0.0,-0.010126746802913847,-0.00862151618030384,-0.005426948137902668,-0.18,0.18,1.0
29.91293954849243,1,,0.0,0.4,0.0,-0.01575865877849228,-0.002421326740297877,-0.009845856787046966,-0.18,0.18,1.0
29.91293954849243,1,,0.0,0.4,0.0,-0.012408733769992427,0.0014598547087884845,-0.002322534794581936,-0.18,0.18,1.0
29.91293954849243,1,,0.0,0.4,0.0,-0.013973902194630721,-0.0011462368428830675,-0.0014548913139618407,-0.18,0.18,1.0
29.95325255393982,1,,0.0,0.4,0.0,-0.020048349406172117,0.0031171951646463457,-0.005193928409053566,-0.18,0.18,1.0
29.95325255393982,1,,0.0,0.4,0.0,-0.0185607802136686,-0.005558466658798954,-0.006760959946743448,-0.18,0.18,1.0
29.95325255393982,1,,0.0,0.4,0.0,-0.017262652715718012,-0.007250092676502751,-0.0061093251235315015,-0.18,0.18,1.0
29.95325255393982,1,,0.0,0.4,0.0,-0.020099718728651527,-0.0014150341952020933,-0.002324548038372809,-0.18,0.18,1.0
29.95325255393982,1,,0.0,0.4,0.0,-0.012158656421947947,-0.0008947290491535481,-0.009809227431949253,-0.18,0.18,1.0
29.95325255393982,1,,0.0,0.4,0.0,-0.019815490428099606,-0.01161105179913154,-0.012905258229104308,-0.18,0.18,1.0
29.95325255393982,1,,0.0,0.4,0.0,-0.011493682153509092,0.0008453644143304035,-0.015763019162373344,-0.18,0.18,1.0
29.95325255393982,1,,0.0,0.4,0.0,-0.012224669275487864,-0.008839396697033574,-0.01388147974190842,-0.18,0.18,1.0
29.95325255393982,1,,0.0,0.4,0.0,-0.006158017389451473,0.0016606734018313415,-0.01700242858613582,-0.18,0.18,1.0
29.95325255393982,1,,0.0,0.4,0.0,-0.006860981254935874,-0.014866609890339163,-0.008441399080962026,-0.18,0.18,1.0
29.99353790283203,1,,0.0,0.4,0.0,-0.01300185831236534,0.0008626872237870262,-0.008495693571895712,-0.18,0.18,1.0
29.99353790283203,1,,0.0,0.4,0.0,-0.01487899712808282,0.006292942435102038,-0.012652886669894996,-0.18,0.18,1.0
29.99353790283203,1,,0.0,0.4,0.0,-0.01721018214811643,0.0006408264380608589,-0.012814672707503041,-0.18,0.18,1.0
29.99353790283203,1,,0.0,0.4,0.0,-0.007415767352070525,0.006475270439397183,-0.006901002609823598,-0.18,0.18,1.0
29.99353790283203,1,,0.0,0.4,0.0,4.6451592325327356e-05,-0.0008591856180120523,-0.002467979600384733,-0.18,0.18,1.0
29.99353790283203,1,,0.0,0.4,0.0,-0.00015237704868902417,-0.009701474524640645,-0.000815119128144952,-0.18,0.18,1.0
29.99353790283203,1,,0.0,0.4,0.0,-0.0007844765195701744,0.001915699229320535,-0.0048339291194930455,-0.18,0.18,1.0
29.99353790283203,1,,0.0,0.4,0.0,-0.00476614696257835,-0.008812205929984654,9.820992107075211e-05,-0.18,0.18,1.0
29.99353790283203,1,,0.0,0.4,0.0,-0.008647404281253712,-0.00016849163145674233,-0.008576630280855872,-0.18,0.18,1.0
29.99353790283203,1,,0.0,0.4,0.0,-0.005516920573825684,-0.00875583719269008,-0.0034147590448107734,-0.18,0.18,1.0
30.03448462486267,1,,0.0,0.5,0.0,-0.012146349943539378,0.0010289218849496538,-0.0017394185873758077,-0.18,0.18,1.0
30.03448462486267,1,,0.0,0.5,0.0,-0.018915441243520303,-0.008797299759469631,-0.00957040136357167,-0.18,0.18,1.0
30.03448462486267,1,,0.0,0.5,0.0,-0.014536373665961964,-0.009065997099775304,-0.007204929493411509,-0.18,0.18,1.0
30.03448462486267,1,,0.0,0.5,0.0,-0.010501267061807384,-0.008676077066680676,-0.007472891567816241,-0.18,0.18,1.0
30.03448462486267,1,,0.0,0.5,0.0,-0.008092198437083782,-0.014198327561685176,0.00130858786115514,-0.18,0.18,1.0
30.03448462486267,1,,0.0,0.5,0.0,-0.006447809568343108,-0.017570263000706035,-0.0038010343384890406,-0.18,0.18,1.0
30.03448462486267,1,,0.0,0.5,0.0,-0.00033185271504023665,-0.021840983712343325,-0.0010068785203689277,-0.18,0.18,1.0
30.03448462486267,1,,0.0,0.5,0.0,-0.010563131715848018,-0.01768230707961287,-0.00993580831567474,-0.18,0.18,1.0
30.03448462486267,1,,0.0,0.5,0.0,-0.01433216525900654,-0.013583159672919743,-0.008495486057661693,-0.18,0.18,1.0
30.03448462486267,1,,0.0,0.5,0.0,-0.01147208648754447,-0.014999661694661779,-0.007194507470396525,-0.18,0.18,1.0
30.084890127182007,1,,0.0,0.5,0.0,-0.00564773730865534,0.0037138971383767886,-0.006390955256323084,-0.18,0.18,1.0
30.084890127182007,1,,0.0,0.5,0.0,0.002471867951095396,-0.007353186809029558,-0.002338078582200146,-0.18,0.18,1.0
30.084890127182007,1,,0.0,0.5,0.0,0.0014411741051191286,-0.006307612455571212,-0.007489969807868428,-0.18,0.18,1.0
30.084890127182007,1,,0.0,0.5,0.0,-0.0018875139765012262,-0.023411353072637035,-0.0023758376437417296,-0.18,0.18,1.0
30.084890127182007,1,,0.0,0.5,0.0,-0.006558997150915982,-0.01908582963965621,-0.00047032383760356857,-0.18,0.18,1.0
30.084890127182007,1,,0.0,0.5,0.0,-0.008155765178150948,-0.02287923589857155,0.0017816004367616845,-0.18,0.18,1.0
30.084890127182007,1,,0.0,0.5,0.0,-0.01610498248775965,-0.009630625222813194,-0.00047916242067902996,-0.18,0.18,1.0
30.084890127182007,1,,0.0,0.5,0.0,-0.017922426304753252,0.002273762178744766,-0.002848248668986663,-0.18,0.18,1.0
30.084890127182007,1,,0.0,0.5,0.0,-0.005695796720461718,0.003158084053238047,-0.005898194870969959,-0.18,0.18,1.0
30.084890127182007,1,,0.0,0.5,0.0,-0.012111453739571548,-0.0027513422087116304,-0.008756469829165076,-0.18,0.18,1.0
30.125239610671997,1,,0.0,0.5,0.0,-0.025220197750974276,-0.0005489440099172701,-0.013150300624329545,-0.18,0.18,1.0
30.125239610671997,1,,0.0,0.5,0.0,-0.018368044012244702,0.0007208927073733103,-0.01501858959794042,-0.18,0.18,1.0
30.125239610671997,1,,0.0,0.5,0.0,-0.020470533420823854,-0.014049607473286168,-0.00630060769619726,-0.18,0.18,1.0
30.125239610671997,1,,0.0,0.5,0.0,-0.025559202191184665,-0.020878927259969777,-0.004242888891975703,-0.18,0.18,1.0
30.125239610671997,1,,0.0,0.5,0.0,-0.024419400950226343,-0.010484144231420203,-0.0038250303453523805,-0.18,0.18,1.0
30.125239610671997,1,,0.0,0.5,0.0,-0.010880446034887335,-0.020956639370088924,-0.002806000462504757,-0.18,0.18,1.0
30.125239610671997,1,,0.0,0.5,0.0,-0.019386923377337696,-0.003027074260367759,-0.002609551557216819,-0.18,0.18,1.0
30.125239610671997,1,,0.0,0.5,0.0,-0.006286956209034924,-0.01814045972400461,-0.006674374746066367,-0.18,0.18,1.0
30.125239610671997,1,,0.0,0.5,0.0,-0.019551317020171495,-0.021608964963583315,-0.00449067337856342,-0.18,0.18,1.0
30.125239610671997,1,,0.0,0.5,0.0,-0.013987355264420112,-0.03107557504655277,-0.005570139055880425,-0.18,0.18,1.0
30.165568351745605,1,,0.0,0.5,0.0,-0.013310632186459113,-0.01220676624194507,-0.010234765536726902,-0.18,0.18,1.0
30.165568351745605,1,,0.0,0.5,0.0,-0.014914288827555649,-0.013766636210517385,-0.0037653951277974843,-0.18,0.18,1.0
30.165568351745605,1,,0.0,0.5,0.0,-0.012613112276693378,-0.022786488601661634,-0.003989643656187033,-0.18,0.18,1.0
30.165568351745605,1,,0.0,0.5,0.0,-0.007121901698935808,-0.01283325519496953,0.0004073090239311204,-0.18,0.18,1.0
30.165568351745605,1,,0.0,0.5,0.0,-0.012607712600930287,-0.021504587149209924,0.005022701532299718,-0.18,0.18,1.0
30.165568351745605,1,,0.0,0.5,0.0,-0.007326565917575337,-0.017387414427632284,0.0012387422032388647,-0.18,0.18,1.0
30.165568351745605,1,,0.0,0.5,0.0,-0.009824182256381259,0.0012885398617571387,-0.0014502033773609961,-0.18,0.18,1.0
30.165568351745605,1,,0.0,0.5,0.0,-0.016514902394928352,0.0012214120104096446,-0.008466617905474828,-0.18,0.18,1.0
30.165568351745605,1,,0.0,0.5,0.0,-0.009687610216447767,-0.012320553373296197,-0.011411915974422268,-0.18,0.18,1.0
30.205905437469482,1,,0.0,0.5,0.0,-0.0101133830534286,-0.02035501001740626,-0.010442444743385374,-0.18,0.18,1.0
30.205905437469482,1,,0.0,0.5,0.0,-0.00048506636219134233,-0.016370023393871655,-0.016687871296406736,-0.18,0.18,1.0
30.205905437469482,1,,0.0,0.5,0.0,-0.0027923395685325336,-0.017552757200092542,-0.01722932684098383,-0.18,0.18,1.0
30.205905437469482,1,,0.0,0.5,0.0,0.0010273983544332305,-0.004138875214532901,-0.015687895737781496,-0.18,0.18,1.0
30.205905437469482,1,,0.0,0.5,0.0,-0.00985743849780719,-0.0003518066905133076,-0.007483318267603247,-0.18,0.18,1.0
30.205905437469482,1,,0.0,0.5,0.0,-0.0072871109259237685,-0.001445764520773469,-0.004569266616274798,-0.18,0.18,1.0
30.205905437469482,1,,0.0,0.5,0.0,-0.003566858719747386,0.005147976913759639,-0.0012395665627391505,-0.18,0.18,1.0
30.205905437469482,1,,0.0,0.5,0.0,-0.008642397316491074,-0.004271070295428139,0.002097481967590818,-0.18,0.18,1.0
30.205905437469482,1,,0.0,0.5,0.0,-0.007708297601417738,0.0006562509470214452,-0.0013201241636467628,-0.18,0.18,1.0
30.205905437469482,1,,0.0,0.5,0.0,0.004217516091805985,-0.010891084803399264,-0.013182305608322925,-0.18,0.18,1.0
30.256312370300293,1,,0.0,0.5,0.0,-0.005736269905978778,-0.0069748233012339655,-0.013598771087439801,-0.18,0.18,1.0
30.256312370300293,1,,0.0,0.5,0.0,-0.005905098561895802,-0.013324070450046572,-0.011016420045501444,-0.18,0.18,1.0
30.256312370300293,1,,0.0,0.5,0.0,-0.005819663545621806,-0.01642490626435445,-0.010371785512175824,-0.18,0.18,1.0
30.256312370300293,1,,0.0,0.5,0.0,-0.006613969749856301,-0.014172864504788654,-0.008690089612268569,-0.18,0.18,1.0
30.256312370300293,1,,0.0,0.5,0.0,-0.003588796773647854,-0.014386376623672136,-0.01044875369223206,-0.18,0.18,1.0
30.256312370300293,1,,0.0,0.5,0.0,-0.0051512899123221075,-0.02643724836254045,-0.009251056283953741,-0.18,0.18,1.0
30.256312370300293,1,,0.0,0.5,0.0,-0.00904111278126703,-0.018174869885910872,-0.006915988617457748,-0.18,0.18,1.0
30.256312370300293,1,,0.0,0.5,0.0,-0.0013767218084269955,-0.0054763243316151115,-0.003864458546172298,-0.18,0.18,1.0
30.256312370300293,1,,0.0,0.5,0.0,0.0014592064992765652,-0.0025576401007508655,0.0002512097073583224,-0.18,0.18,1.0
30.256312370300293,1,,0.0,0.5,0.0,-0.004026604062167822,-0.004742981094138248,-0.002743669390418633,-0.18,0.18,1.0
30.29663872718811,1,,0.0,0.5,0.0,-0.006709799045797456,-0.014354891075709695,-0.003412233520501937,-0.18,0.18,1.0
30.29663872718811,1,,0.0,0.5,0.0,-0.00838228893024702,0.002463219785533876,-0.005095644521874486,-0.18,0.18,1.0
30.29663872718811,1,,0.0,0.5,0.0,0.0050423637833882816,-0.01097492050136633,-0.00719125722324483,-0.18,0.18,1.0
30.29663872718811,1,,0.0,0.5,0.0,0.013107056698937159,-0.01844867924797214,-0.006552870955491893,-0.18,0.18,1.0
30.29663872718811,1,,0.0,0.5,0.0,0.00046363868858785643,-0.018496664034598785,0.00048513736329406563,-0.18,0.18,1.0
30.29663872718811,1,,0.0,0.5,0.0,-0.012196182797046812,-0.030788958035086453,-0.0036185532390977473,-0.18,0.18,1.0
30.29663872718811,1,,0.0,0.5,0.0,-0.0231690600688033,-0.030165136999560478,-0.0006505259501295972,-0.18,0.18,1.0
30.29663872718811,1,,0.0,0.5,0.0,-0.026859415293898913,-0.021642471755448603,0.0027656755041242324,-0.18,0.18,1.0
30.29663872718811,1,,0.0,0.5,0.0,-0.019649427766337293,-0.021558327308764183,-0.00216342348604536,-0.18,0.18,1.0
30.29663872718811,1,,0.0,0.5,0.0,-0.01752563239937756,-0.02562230254642567,-0.008612545566046686,-0.18,0.18,1.0
30.33696746826172,1,,0.0,0.5,0.0,-0.010645855225804858,-0.01869175813268136,-0.008583133339625099,-0.18,0.18,1.0
30.33696746826172,1,,0.0,0.5,0.0,-0.007735190420926211,-0.014161412533741128,-0.004106187784189019,-0.18,0.18,1.0
30.33696746826172,1,,0.0,0.5,0.0,-0.006123852191082657,-0.015576592078857409,-0.007305731690639909,-0.18,0.18,1.0
30.33696746826172,1,,0.0,0.5,0.0,-0.007445052177475183,-0.016114690975563853,-0.0036415090442381607,-0.18,0.18,1.0
30.33696746826172,1,,0.0,0.5,0.0,-0.008486974656352626,-0.012893362192590822,2.9315537181898186e-05,-0.18,0.18,1.0
30.33696746826172,1,,0.0,0.5,0.0,-0.010117677679625936,-0.015575696670451653,-0.003308453230814307,-0.18,0.18,1.0
30.33696746826172,1,,0.0,0.5,0.0,-0.016036912051912607,0.0012826371250790702,-0.008210657701038997,-0.18,0.18,1.0
30.33696746826172,1,,0.0,0.5,0.0,-0.012429688765666452,-0.002889139316893906,-0.0036727968001129783,-0.18,0.18,1.0
30.33696746826172,1,,0.0,0.5,0.0,-0.00917990211773652,-0.0012837391463548385,0.004029124267195182,-0.18,0.18,1.0
30.33696746826172,1,,0.0,0.5,0.0,-0.0018890031597651657,-0.007361375913467143,0.0021085418013111717,-0.18,0.18,1.0
30.37730073928833,1,,0.0,0.5,0.0,-0.0046249481107298734,-0.007412857149252918,-0.004828622987259787,-0.18,0.18,1.0
30.37730073928833,1,,0.0,0.5,0.0,0.00140273164465085,-0.0043427337225409625,-0.007744915067317254,-0.18,0.18,1.0
30.37730073928833,1,,0.0,0.5,0.0,-0.004812228728667245,-0.017699233262036006,-0.008832059064371957,-0.18,0.18,1.0
30.37730073928833,1,,0.0,0.5,0.0,-0.00032113654626129176,-0.016829036204979025,-0.004883654807263053,-0.18,0.18,1.0
30.37730073928833,1,,0.0,0.5,0.0,-0.0030549193540952402,-0.0014462860363595213,4.3292000116595486e-05,-0.18,0.18,1.0
30.37730073928833,1,,0.0,0.5,0.0,0.0011930893606901195,-0.009260832613070452,-0.0046428759124183885,-0.18,0.18,1.0
30.37730073928833,1,,0.0,0.5,0.0,-0.0026580409694654345,-0.0076401692139875105,0.0008243473077769236,-0.18,0.18,1.0
30.37730073928833,1,,0.0,0.5,0.0,-0.0006386922593991279,-0.007507025608168113,-0.004076346726270951,-0.18,0.18,1.0
30.37730073928833,1,,0.0,0.5,0.0,-0.005197750938442155,-0.01659769218379096,-0.008088347253371207,-0.18,0.18,1.0
30.37730073928833,1,,0.0,0.5,0.0,-0.005188567856393835,-0.02369605478065667,-0.00496466206022653,-0.18,0.18,1.0
30.427717685699463,1,,0.0,0.5,0.0,-0.006267529618342097,-0.006776741607590466,-0.00738339281866627,-0.18,0.18,1.0
30.427717685699463,1,,0.0,0.5,0.0,-0.004779874637975991,-0.016061554586693807,-0.008221623956070722,-0.18,0.18,1.0
30.427717685699463,1,,0.0,0.5,0.0,0.0054423087527248155,-0.006780511218396358,-0.01424404344058954,-0.18,0.18,1.0
30.427717685699463,1,,0.0,0.5,0.0,0.003958640146606096,-0.011934466444234943,-0.00306914356844434,-0.18,0.18,1.0
30.427717685699463,1,,0.0,0.5,0.0,-0.0044392462556606255,-0.01849000063856708,-0.006863752835971037,-0.18,0.18,1.0
30.427717685699463,1,,0.0,0.5,0.0,-0.0014773470167593827,-0.021455545422286802,0.0010567109176094496,-0.18,0.18,1.0
30.427717685699463,1,,0.0,0.5,0.0,-0.008563050157321684,-0.011728037003101972,-0.0007624805652413014,-0.18,0.18,1.0
30.427717685699463,1,,0.0,0.5,0.0,0.004851895252488663,0.004133291350988857,-0.00795374794967426,-0.18,0.18,1.0
30.427717685699463,1,,0.0,0.5,0.0,0.003454098248477148,0.0041379752485276155,-0.009172113197333086,-0.18,0.18,1.0
30.427717685699463,1,,0.0,0.5,0.0,-0.002388779567318352,0.006387398627974328,-0.004357718027319996,-0.18,0.18,1.0
30.468050003051758,1,,0.0,0.5,0.0,-0.0033343785579397138,0.0006791652876974907,-0.0034424318767370715,-0.18,0.18,1.0
30.468050003051758,1,,0.0,0.5,0.0,0.003051104016642469,-0.011648406582443326,-0.00894283734417671,-0.18,0.18,1.0
30.468050003051758,1,,0.0,0.5,0.0,-0.008850989801993746,0.0032179551566738924,-0.00991635718922943,-0.18,0.18,1.0
30.468050003051758,1,,0.0,0.5,0.0,-0.008275038855634928,-0.0052262518846537456,-0.009437228705599605,-0.18,0.18,1.0
30.468050003051758,1,,0.0,0.5,0.0,-0.01017276246917932,-0.007328845439328258,-0.007901460721241612,-0.18,0.18,1.0
30.468050003051758,1,,0.0,0.5,0.0,-0.00636354042899275,0.0017141558193950268,-0.0018317756463083461,-0.18,0.18,1.0
30.468050003051758,1,,0.0,0.5,0.0,-0.0003507857048941739,-0.010564757784845943,-0.0006607981544406032,-0.18,0.18,1.0
30.468050003051758,1,,0.0,0.5,0.0,0.0010909858557192722,0.00945925727194193,-0.010318939695679506,-0.18,0.18,1.0
30.468050003051758,1,,0.0,0.5,0.0,0.0032425811527417667,-0.013218296059578161,-0.007379667479694968,-0.18,0.18,1.0
30.468050003051758,1,,0.0,0.5,0.0,0.001227929768247983,0.0007036448142237075,-0.0053724121873204665,-0.18,0.18,1.0
30.508384943008423,1,,0.0,0.5,0.0,0.0003829901124350198,-0.01698294199707508,-0.003222084591830412,-0.18,0.18,1.0
30.508384943008423,1,,0.0,0.5,0.0,0.00883560779518992,-0.021224078879371094,-0.009643485240114602,-0.18,0.18,1.0
30.508384943008423,1,,0.0,0.5,0.0,-0.0024680433580904527,-0.026298089674373668,-0.014920515896136197,-0.18,0.18,1.0
30.508384943008423,1,,0.0,0.5,0.0,8.469255157882342e-05,-0.013958164641582314,-0.013511573295092616,-0.18,0.18,1.0
30.508384943008423,1,,0.0,0.5,0.0,-0.009852315384944048,-0.02785231886745567,-0.011405046849249905,-0.18,0.18,1.0
30.508384943008423,1,,0.0,0.5,0.0,-0.0034852103442432805,-0.03590733587668984,-0.007262938943384527,-0.18,0.18,1.0
30.508384943008423,1,,0.0,0.5,0.0,-0.0020246779104042814,-0.02955003128611007,-0.006043514817554372,-0.18,0.18,1.0
30.508384943008423,1,,0.0,0.5,0.0,-0.006255095635770474,-0.006543422214032535,-0.0031718847438760595,-0.18,0.18,1.0
30.508384943008423,1,,0.0,0.5,0.0,-0.013321926100567478,-0.022758564132278652,0.0037361029996387796,-0.18,0.18,1.0
30.508384943008423,1,,0.0,0.5,0.0,-0.02215199829920262,-0.02425933436331856,0.004425886268270154,-0.18,0.18,1.0
30.558807134628296,1,,0.0,0.5,0.0,-0.012962423505292735,-0.03285453032377892,0.0018251220854126624,-0.18,0.18,1.0
30.558807134628296,1,,0.0,0.5,0.0,-0.015369764168454236,-0.020676148339419234,-0.008783137546249568,-0.18,0.18,1.0
30.558807134628296,1,,0.0,0.5,0.0,-0.003184327344930234,-0.025641187043843765,-0.008828294665374882,-0.18,0.18,1.0
30.558807134628296,1,,0.0,0.5,0.0,-0.012598105086899718,-0.009632818275870187,-0.006897535276532843,-0.18,0.18,1.0
30.558807134628296,1,,0.0,0.5,0.0,-0.011109875452919762,-0.014595882500193898,-0.006335840795564927,-0.18,0.18,1.0
30.558807134628296,1,,0.0,0.5,0.0,-0.0113204556798434,-0.016297378546085928,-0.009804831902163798,-0.18,0.18,1.0
30.558807134628296,1,,0.0,0.5,0.0,-0.011559860556540444,-0.022144192178195896,-0.010061975435887854,-0.18,0.18,1.0
30.558807134628296,1,,0.0,0.5,0.0,-0.022221256537270025,-0.016308104546099492,-0.014240065812847844,-0.18,0.18,1.0
30.558807134628296,1,,0.0,0.5,0.0,-0.006834617886620963,-0.015326538829202124,-0.005351416503214095,-0.18,0.18,1.0
30.558807134628296,1,,0.0,0.5,0.0,-0.0047169826449557535,-0.00016767867785826262,-0.004257892731661441,-0.18,0.18,1.0
30.599128007888794,1,,0.0,0.5,0.0,-0.007858033572330288,-0.01053715209785459,-0.002135802651249207,-0.18,0.18,1.0
30.599128007888794,1,,0.0,0.5,0.0,-0.011001188679981356,-0.020523820858692657,0.0024344317143726343,-0.18,0.18,1.0
30.599128007888794,1,,0.0,0.5,0.0,-0.012585607332127657,-0.0027561486978416377,-0.002029721010881075,-0.18,0.18,1.0
30.599128007888794,1,,0.0,0.5,0.0,-0.01035912110319374,-0.015509301191455821,-0.0016128162080747872,-0.18,0.18,1.0
30.599128007888794,1,,0.0,0.5,0.0,-0.007782323723004094,0.00041232243258950985,-0.008408645565828427,-0.18,0.18,1.0
30.599128007888794,1,,0.0,0.5,0.0,-0.016951517563749796,0.003429314202599925,-0.00814339939403912,-0.18,0.18,1.0
30.599128007888794,1,,0.0,0.5,0.0,-0.014454804123083389,-0.0005504687070988757,-0.002671387867316932,-0.18,0.18,1.0
30.599128007888794,1,,0.0,0.5,0.0,-0.010385903525271618,0.008104013573072144,-0.0053395708058582726,-0.18,0.18,1.0
30.599128007888794,1,,0.0,0.5,0.0,-0.005890810309858441,-0.005212355937848322,-0.008419681608274924,-0.18,0.18,1.0
30.599128007888794,1,,0.0,0.5,0.0,-0.004751510374209334,0.008753134632744772,-0.008180478827240812,-0.18,0.18,1.0
30.639461994171143,1,,0.0,0.5,0.0,-0.016141397180632094,0.0020742014313451765,-0.0016336188939307377,-0.18,0.18,1.0
30.639461994171143,1,,0.0,0.5,0.0,-0.015028885812134189,0.0049517425025546995,-0.00737604340690764,-0.18,0.18,1.0
30.639461994171143,1,,0.0,0.5,0.0,-0.014391972260890774,-0.004026051877439723,0.0010674789186831837,-0.18,0.18,1.0
30.639461994171143,1,,0.0,0.5,0.0,-0.01246109239488321,-0.005197992316343842,0.0027690449056082087,-0.18,0.18,1.0
30.639461994171143,1,,0.0,0.5,0.0,-0.012003951578585458,-0.017606532248788904,-0.0014944444267000984,-0.18,0.18,1.0
30.639461994171143,1,,0.0,0.5,0.0,-0.004007535695378685,-0.0047376202644379625,0.0023825332818529967,-0.18,0.18,1.0
30.639461994171143,1,,0.0,0.5,0.0,0.000684611320266639,-0.004636635786505451,-0.010797967247634361,-0.18,0.18,1.0
30.639461994171143,1,,0.0,0.5,0.0,-0.002624144157525352,-0.01965236786943114,-0.011521447296987238,-0.18,0.18,1.0
30.639461994171143,1,,0.0,0.5,0.0,-0.00834415878991304,-0.010034351769375751,-0.00656804370968007,-0.18,0.18,1.0
30.639461994171143,1,,0.0,0.5,0.0,-0.014616271791937772,-0.016235034365814475,-0.012083161241219534,-0.18,0.18,1.0
30.679788827896118,1,,0.0,0.5,0.0,-0.011539946646959325,-0.014122352469861777,-0.012959076200856496,-0.18,0.18,1.0
30.679788827896118,1,,0.0,0.5,0.0,0.003226545146291741,-0.023096315276027447,-0.020259715589525454,-0.18,0.18,1.0
30.679788827896118,1,,0.0,0.5,0.0,0.006723138394570297,-0.007329998541044294,-0.010781262431217154,-0.18,0.18,1.0
30.679788827896118,1,,0.0,0.5,0.0,0.0015655258771294714,-0.018919119113917762,-0.007981369264000629,-0.18,0.18,1.0
30.679788827896118,1,,0.0,0.5,0.0,0.002185756168475979,-0.015673663464866077,-0.00793800586476925,-0.18,0.18,1.0
30.679788827896118,1,,0.0,0.5,0.0,-0.007318651443721813,0.004659910535989955,-0.011972761562057036,-0.18,0.18,1.0
30.679788827896118,1,,0.0,0.5,0.0,-0.009860914372478588,-0.003916427216212691,-0.006689608013671773,-0.18,0.18,1.0
30.679788827896118,1,,0.0,0.5,0.0,-0.0026578490418267147,-0.006825155072679442,-0.012610053893028671,-0.18,0.18,1.0
30.679788827896118,1,,0.0,0.5,0.0,-0.0016471038887012574,0.0003889985443756893,-0.008321006485867932,-0.18,0.18,1.0
