meas_pres_DF,meas_pres_F,meas_pres_G,wrist_angle_deg,wrist_velocity,grip_angle_deg,grip_velocity,flag,force_N,time,target_force,action_DF,action_F,action_G,cmd_DF,cmd_F,cmd_G
-0.0003093088243168679,-0.00892382061182629,0.006330728233860351,1.7999999999999998,0.0,6.4799999999999995,0.0,1.0,0.5522934659871268,0.0,0.0,50.658264,-12.986058,-41.84127,0.6,0.0,0.5
-0.00530767558321699,-0.021628463134844324,-0.007039974788682155,1.7999999999999998,0.0,6.4799999999999995,0.0,1.0,0.09451582384718193,0.005,0.0,50.658264,-12.986058,-41.84127,0.6,0.0,0.5
0.00135024310801507,-0.02000905233422425,-0.0019594141648564996,1.7999999999999998,0.0,6.4799999999999995,0.0,1.0,0.3997009186071452,0.01,0.0,50.658264,-12.986058,-41.84127,0.6,0.0,0.5
-0.009008535198010361,-0.03463086822002927,0.0036410546999955814,1.7999999999999998,0.0,6.4799999999999995,0.0,1.0,0.21658986175116723,0.015,0.0,50.658264,-12.986058,-41.84127,0.6,0.0,0.5
0.001402203162288894,-0.03623538525414758,-0.0021935730498796806,1.7999999999999998,0.0,6.4799999999999995,0.0,1.0,0.2776268807031599,0.02,0.0,50.151936,-10.209101,-62.799656,0.6,0.0,0.5
-0.006762456717531515,-0.02382709446006628,-0.010666513685414282,1.7999999999999998,0.0,6.4799999999999995,0.0,1.0,0.2776268807031599,0.025,0.0,50.151936,-10.209101,-62.799656,0.6,0.0,0.5
0.0010240824084958096,-0.006811985373702463,-0.0012748915997530554,1.7999999999999998,0.0,6.4799999999999995,0.0,1.0,0.6133304849391195,0.03,0.0,50.151936,-10.209101,-62.799656,0.6,0.0,0.5
-0.004863938447896563,-0.006683281996392311,-0.010859847317171769,1.7999999999999998,0.0,6.4799999999999995,0.0,1.0,0.1097750785851801,0.035,0.0,50.151936,-10.209101,-62.799656,0.6,0.0,0.5
-0.002154905790306221,-0.021358735857212773,0.0014070023066807356,1.7999999999999998,0.0,6.4799999999999995,0.0,1.0,0.5828119754631231,0.04,0.0,124.33346,-108.406296,-200.78062,0.6,0.0,0.5
-0.008479733333515555,-0.03890607322774689,0.010919709231660546,1.7999999999999998,0.0,6.4799999999999995,0.0,1.0,0.6133304849391195,0.045,0.0,124.33346,-108.406296,-200.78062,0.6,0.0,0.5
-0.011577410679007501,-0.040823427981057994,0.012009136137193779,1.7999999999999998,0.0,6.4799999999999995,0.0,1.0,0.567552720725125,0.05,0.0,124.33346,-108.406296,-200.78062,0.6,0.0,0.5
-0.017740558083191492,-0.03006914251125593,0.000832896169763791,1.7999999999999998,0.0,6.4799999999999995,0.0,1.0,0.3081453901791562,0.055,0.0,124.33346,-108.406296,-200.78062,0.6,0.0,0.5
-0.012557463400516744,-0.03410566353994993,-0.015333064652603097,1.7999999999999998,0.0,6.4799999999999995,0.0,1.0,0.44547868282113967,0.06,0.0,-15.683306,-59.290215,74.70333,0.0,0.0,0.5
-0.010169478466505392,-0.01859046527884222,-0.01633902813708393,1.7999999999999998,0.0,6.4799999999999995,0.0,1.0,0.2776268807031599,0.065,0.0,-15.683306,-59.290215,74.70333,0.0,0.0,0.5
-0.014084544494629246,0.003852220051658314,-0.019195705459430328,1.7999999999999998,0.0,6.4799999999999995,0.0,1.0,0.46073793755913783,0.07,0.0,-15.683306,-59.290215,74.70333,0.0,0.0,0.5
-0.006659271844562824,0.010721414618535687,-0.01706676830802906,1.7999999999999998,0.0,6.4799999999999995,0.0,1.0,0.04873805963318745,0.075,0.0,-15.683306,-59.290215,74.70333,0.0,0.0,0.5
-0.016319974680313324,-0.011149699592097108,-0.007218952725260889,1.7999999999999998,0.0,6.4799999999999995,0.0,1.0,0.36918240913114886,0.08,0.0,72.74612,-106.988,-202.16624,0.6,0.0,0.5
-0.011625466882701151,-0.00545996084586339,-0.0003869554401508368,1.7999999999999998,0.0,6.4799999999999995,0.0,1.0,0.36918240913114886,0.085,0.0,72.74612,-106.988,-202.16624,0.6,0.0,0.5
-0.00925573019482304,0.001382394221178987,-0.00809355702524317,1.7999999999999998,0.0,6.4799999999999995,0.0,1.0,0.3081453901791562,0.09,0.0,72.74612,-106.988,-202.16624,0.6,0.0,0.5
-0.010024213617171427,-0.016974316210230506,-0.00524441969887131,1.7999999999999998,0.0,6.4799999999999995,0.0,1.0,0.32340464491715437,0.095,0.0,72.74612,-106.988,-202.16624,0.6,0.0,0.5
-0.005125479142127657,-0.0002729829279215964,0.0009558916845559921,1.7999999999999998,0.0,6.4799999999999995,0.0,1.0,0.3081453901791562,0.1,0.0,46.27228,-46.866524,-140.33655,0.6,0.0,0.5
0.0006478105837784325,0.011750293706747197,-0.014642533347489424,1.7999999999999998,0.0,6.4799999999999995,0.0,1.0,0.4302194280831415,0.105,0.0,46.27228,-46.866524,-140.33655,0.6,0.0,0.5
-0.00526605651473075,-0.014011062995919525,-0.021785195646306835,1.7999999999999998,0.0,6.4799999999999995,0.0,1.0,0.49125644703513416,0.11,0.0,46.27228,-46.866524,-140.33655,0.6,0.0,0.5
-0.017682620897881966,-0.017488071762629714,-0.009790026407236278,1.7999999999999998,0.0,6.4799999999999995,0.0,1.0,0.44547868282113967,0.115,0.0,46.27228,-46.866524,-140.33655,0.6,0.0,0.5
-0.01415992692776333,-0.008371669667666882,-0.006763307862128867,1.7999999999999998,0.0,6.4799999999999995,0.0,1.0,0.33866389965515253,0.12,0.0,26.663193,-57.347214,-83.99358,0.6,0.0,0.5
-0.005031534135207868,0.003250532193815123,-0.006327740109412349,1.7999999999999998,0.0,6.4799999999999995,0.0,1.0,0.49125644703513416,0.125,0.0,26.663193,-57.347214,-83.99358,0.6,0.0,0.5
-0.015013590275937534,0.01813106810648551,-0.014490140693896189,1.7999999999999998,0.0,6.4799999999999995,0.0,1.0,0.5065157017731323,0.13,0.0,26.663193,-57.347214,-83.99358,0.6,0.0,0.5
-0.010668952225422874,0.01031416928458236,-0.01019651015975299,1.7999999999999998,0.0,6.4799999999999995,0.0,1.0,0.46073793755913783,0.135,0.0,26.663193,-57.347214,-83.99358,0.6,0.0,0.5
-0.009338218492683601,-0.003910988275768585,0.004421845317165214,1.7999999999999998,0.0,6.4799999999999995,0.0,1.0,0.5065157017731323,0.14,0.0,26.390028,9.345741,-121.1079,0.6,0.6,0.5
-0.011933155751365134,0.008061237378037904,-0.0067008892743872055,1.7999999999999998,0.0,6.4799999999999995,0.0,1.0,0.2776268807031599,0.145,0.0,26.390028,9.345741,-121.1079,0.6,0.6,0.5
-0.003327610271860298,0.010356578289284065,-0.0010498130363721348,1.7999999999999998,0.0,6.4799999999999995,0.0,1.0,0.46073793755913783,0.15,0.0,26.390028,9.345741,-121.1079,0.6,0.6,0.5
-0.006629844674638451,0.006288993543361514,-0.015437352065788675,1.7999999999999998,0.0,6.4799999999999995,0.0,1.0,0.2318491164891654,0.155,0.0,26.390028,9.345741,-121.1079,0.6,0.6,0.5
-0.011075852572002644,-0.005755779019805075,-0.015023847893699135,1.7999999999999998,0.0,6.4799999999999995,0.0,1.0,0.5217749565111305,0.16,0.0,23.283302,-38.135235,-72.35435,0.6,0.0,0.5
-0.017558246913962777,-0.013848780080056501,8.116846314579135e-05,1.7999999999999998,0.0,6.4799999999999995,0.0,1.0,0.1860713522751709,0.165,0.0,23.283302,-38.135235,-72.35435,0.6,0.0,0.5
-0.018427802818053014,0.005835476927403557,0.0038132008568335434,1.7999999999999998,0.0,6.4799999999999995,0.0,1.0,0.384441663869147,0.17,0.0,23.283302,-38.135235,-72.35435,0.6,0.0,0.5
-0.023390725180316006,-0.008789878271161492,-0.011213433437132629,1.7999999999999998,0.0,6.4799999999999995,0.0,1.0,0.41496017334514335,0.17500000000000002,0.0,23.283302,-38.135235,-72.35435,0.6,0.0,0.5
-0.009347408101971025,-0.021055040335240315,-0.017385450203172437,1.7999999999999998,0.0,6.4799999999999995,0.0,1.0,0.567552720725125,0.18,0.0,51.965054,11.9297905,-119.69692,0.6,0.6,0.5
-0.00592534472026805,-0.032331540805704176,-0.007522720815127127,1.7999999999999998,0.0,6.4799999999999995,0.0,1.0,0.41496017334514335,0.185,0.0,51.965054,11.9297905,-119.69692,0.6,0.6,0.5
0.003454243342617765,-0.005081293978555042,0.0025082429924431844,1.7999999999999998,0.0,6.4799999999999995,0.0,1.0,0.3997009186071452,0.19,0.0,51.965054,11.9297905,-119.69692,0.6,0.6,0.5
-0.00615766300569648,-0.006290293440703537,-0.004454066978307931,1.7999999999999998,0.0,6.4799999999999995,0.0,1.0,0.3081453901791562,0.195,0.0,51.965054,11.9297905,-119.69692,0.6,0.6,0.5
-0.005453707653368763,-0.015931708732362982,-0.016969742873084493,1.7999999999999998,0.0,6.4799999999999995,0.0,1.0,0.475997192297136,0.2,0.0,44.12975,-46.749393,-82.90181,0.6,0.0,0.5
-0.006040844389871991,-0.02097705851395264,-0.01831933024057452,1.7999999999999998,0.0,6.4799999999999995,0.0,1.0,0.3081453901791562,0.20500000000000002,0.0,44.12975,-46.749393,-82.90181,0.6,0.0,0.5
-0.013149386994937314,-0.01974328698440945,-0.011875696615737494,1.7999999999999998,0.0,6.4799999999999995,0.0,1.0,0.5370342112491286,0.21,0.0,44.12975,-46.749393,-82.90181,0.6,0.0,0.5
-0.010888039350060446,-0.02413551821296328,-0.004620215544927459,1.7999999999999998,0.0,6.4799999999999995,0.0,1.0,0.49125644703513416,0.215,0.0,44.12975,-46.749393,-82.90181,0.6,0.0,0.5
-0.007121619506975393,-0.013635973332775352,-0.01740198002637198,1.7999999999999998,0.0,6.4799999999999995,0.0,1.0,0.5065157017731323,0.22,0.0,67.40394,48.188408,-98.46928,0.6,0.6,0.5
0.0015696109262576538,0.0015332806511186823,-0.014733730480428597,1.7999999999999998,0.0,6.4799999999999995,0.0,1.0,0.36918240913114886,0.225,0.0,67.40394,48.188408,-98.46928,0.6,0.6,0.5
-0.001702872273128403,-0.007595613886542864,0.003076004324574803,1.7999999999999998,0.0,6.4799999999999995,0.0,1.0,0.2318491164891654,0.23,0.0,67.40394,48.188408,-98.46928,0.6,0.6,0.5
0.003161547049343799,-0.02237879130574403,0.003975681056779232,1.7999999999999998,0.0,6.4799999999999995,0.0,1.0,0.384441663869147,0.23500000000000001,0.0,67.40394,48.188408,-98.46928,0.6,0.6,0.5
-0.005220552783599044,-0.009967040218843507,-0.0017063748997528285,1.7999999999999998,0.0,6.4799999999999995,0.0,1.0,0.3081453901791562,0.24,0.0,51.398823,-25.818977,-85.7985,0.6,0.0,0.5
-0.011782916687933355,-0.006940768933541535,-0.013629742079104688,1.7999999999999998,0.0,6.4799999999999995,0.0,1.0,0.4302194280831415,0.245,0.0,51.398823,-25.818977,-85.7985,0.6,0.0,0.5
-0.019790839636348066,-0.01300242029898458,-0.00910739011683461,1.7999999999999998,0.0,6.4799999999999995,0.0,1.0,0.33866389965515253,0.25,0.0,51.398823,-25.818977,-85.7985,0.6,0.0,0.5
-0.010681022121391846,-0.016256060599158816,-0.0013432603492192618,1.7999999999999998,0.0,6.4799999999999995,0.0,1.0,0.4302194280831415,0.255,0.0,51.398823,-25.818977,-85.7985,0.6,0.0,0.5
-0.006234056848899179,-0.017234447043077087,-0.01227368177309195,1.7999999999999998,0.0,6.4799999999999995,0.0,1.0,0.3081453901791562,0.26,0.0,31.396423,16.763239,-30.922606,0.6,0.6,0.5
-0.007835303094882862,-0.0025163310753369456,-0.004335488532266497,1.7999999999999998,0.0,6.4799999999999995,0.0,1.0,0.46073793755913783,0.265,0.0,31.396423,16.763239,-30.922606,0.6,0.6,0.5
-0.011348566452083052,-0.0015365151001877186,0.0002699167002918052,1.7999999999999998,0.0,6.4799999999999995,0.0,1.0,0.3539231543931507,0.27,0.0,31.396423,16.763239,-30.922606,0.6,0.6,0.5
-0.01451392420867301,-0.025386995660117574,0.008799032225792584,1.7999999999999998,0.0,6.4799999999999995,0.0,1.0,0.20133060701316907,0.275,0.0,31.396423,16.763239,-30.922606,0.6,0.6,0.5
-0.006303321200647744,-0.028253245856978776,0.017613121059043647,1.7999999999999998,0.0,6.3,-37748.73599999994,1.0,0.4302194280831415,0.28,0.0,37.55472,-27.83289,-64.012215,0.6,0.0,0.5
0.003431576166118547,-0.013790824455697685,0.035772189765467866,1.7999999999999998,0.0,6.3,0.0,1.0,0.17081209753717275,0.28500000000000003,0.0,37.55472,-27.83289,-64.012215,0.6,0.0,0.5
0.03835910606654035,0.010530292118670275,0.057688017410937924,1.98,47185.92000000004,6.12,-47185.919999999925,1.0,0.384441663869147,0.29,0.0,37.55472,-27.83289,-64.012215,0.6,0.0,0.5
0.06540738284220499,0.0026247152126549736,0.07654361442115745,2.16,4.115582060912658,5.9399999999999995,-4.115582060912668,1.0,0.475997192297136,0.295,0.0,37.55472,-27.83289,-64.012215,0.6,0.0,0.5
0.07587629835926606,-0.010073725544866427,0.08162535022633104,2.52,14659.703300970868,5.3999999999999995,-21989.554951456314,1.0,0.2623676259651617,0.3,0.0,74.073364,117.818504,-4.5858264,0.6,0.6,0.5
0.07909855582650066,-0.010471782153774015,0.09966316117612159,2.88,68634.06545454543,5.04,-68634.06545454534,1.0,0.475997192297136,0.305,0.0,74.073364,117.818504,-4.5858264,0.6,0.6,0.5
0.10860457179290427,0.0020759500932231037,0.12073722985336809,3.42,133230.8329411765,4.32,-177641.11058823523,1.0,0.06399731437118561,0.31,0.0,74.073364,117.818504,-4.5858264,0.6,0.6,0.5
0.12943817518739598,-0.007158736501433628,0.13633656459835602,3.96,174224.93538461538,3.42,-290374.89230769244,1.0,0.5065157017731323,0.315,0.0,74.073364,117.818504,-4.5858264,0.6,0.6,0.5
0.14831061662013328,-0.010260003818852611,0.1550993577196152,4.859999999999999,222051.388235294,2.34,-266461.665882353,1.0,0.29288613544115805,0.32,0.0,37.02699,84.457466,27.44295,0.6,0.6,0.5
0.16243347888652832,-0.010988430646845846,0.1732316055029709,5.76,134816.91428571433,0.8999999999999999,-215707.06285714285,1.0,0.5370342112491286,0.325,0.0,37.02699,84.457466,27.44295,0.6,0.6,0.5
0.17604174979099352,-0.01992636527626877,0.1868484411158462,7.02,65244.72888888888,-0.54,-74565.40444444444,1.0,0.46073793755913783,0.33,0.0,37.02699,84.457466,27.44295,0.6,0.6,0.5
0.1881291913508842,-0.0151122114117197,0.20173018914248028,7.56,141557.76,-0.54,0.0,1.0,0.24710837122716356,0.335,0.0,37.02699,84.457466,27.44295,0.6,0.6,0.5
0.2049576720017419,-0.01270591714471157,0.21756452182456168,8.28,17.63413709540854,0.18,17.634137095408548,1.0,0.24710837122716356,0.34,0.0,56.395863,-63.37061,-72.48342,0.6,0.0,0.5
0.22888207543390274,-0.0028927250258894716,0.2301637442117204,9.18,59918.6285714286,0.54,23967.451428571432,1.0,0.1860713522751709,0.34500000000000003,0.0,56.395863,-63.37061,-72.48342,0.6,0.0,0.5
0.23929818228648958,-0.010128085602771383,0.2422562438531034,10.26,226492.41600000003,0.54,0.0,1.0,0.033478804895189285,0.35000000000000003,0.0,56.395863,-63.37061,-72.48342,0.6,0.0,0.5
0.2517088458337086,-0.007987275340397665,0.25524437267815736,11.52,330301.43999999994,0.18,-94371.84000000001,1.0,0.32340464491715437,0.355,0.0,56.395863,-63.37061,-72.48342,0.6,0.0,0.5
0.26441106342612225,-0.01553822748410065,0.266689058653152,13.139999999999999,424673.2799999998,-0.54,-188743.68,1.0,0.04873805963318745,0.36,0.0,31.210306,-49.856873,-79.46873,0.6,0.0,0.5
0.27398179990850247,-0.014722908585533857,0.27695541165722887,14.399999999999999,278148.58105263155,-0.54,0.0,1.0,0.3539231543931507,0.365,0.0,31.210306,-49.856873,-79.46873,0.6,0.0,0.5
0.2839999009334863,-0.014848868615816063,0.28824108053934977,15.84,335544.3200000003,-0.36,41943.04000000001,1.0,0.09451582384718193,0.37,0.0,31.210306,-49.856873,-79.46873,0.6,0.0,0.5
0.2960005147380919,-0.023455232440916494,0.29767409418157154,17.46,452984.8320000003,-0.36,0.0,1.0,0.33866389965515253,0.375,0.0,31.210306,-49.856873,-79.46873,0.6,0.0,0.5
0.30583505959148377,-0.006893814525152543,0.30580979699513655,19.08,452984.8319999993,-0.54,-50331.648000000016,1.0,0.12503433332317826,0.38,0.0,27.72263,13.154882,-30.866133,0.6,0.6,0.5
0.3130998156019467,-0.005039365200842745,0.31477306321345483,20.7,36.89482575502538,-0.54,0.0,1.0,0.36918240913114886,0.385,0.0,27.72263,13.154882,-30.866133,0.6,0.6,0.5
0.3194441614438746,0.0052717648055293324,0.3223914819195394,22.68,140757.99864406782,-0.36,12796.181694915258,1.0,0.17081209753717275,0.39,0.0,27.72263,13.154882,-30.866133,0.6,0.6,0.5
0.32286999597427857,0.009719314441827396,0.32872639214090704,24.3,295424.8904347828,-0.54,-32824.98782608697,1.0,0.12503433332317826,0.395,0.0,27.72263,13.154882,-30.866133,0.6,0.6,0.5
0.3258023655366706,0.018154081001814464,0.33672623128222234,26.099999999999998,419430.3999999993,-0.54,0.0,1.0,0.3081453901791562,0.4,0.0,9.781574,-35.94511,-43.03777,0.6,0.0,0.5
0.33302243768740825,0.024894555556760727,0.3435490842822507,28.08,395462.94857142866,-0.54,0.0,1.0,0.36918240913114886,0.405,0.0,9.781574,-35.94511,-43.03777,0.6,0.0,0.5
0.3402542466936444,0.04687112269630079,0.34886687525721094,29.88,377487.36000000016,-0.54,0.0,1.0,-0.05807672353279969,0.41000000000000003,0.0,9.781574,-35.94511,-43.03777,0.6,0.0,0.5
0.34724139770726564,0.05350268175108609,0.35453010533945883,31.68,419430.40000000014,-0.54,0.0,1.0,0.2318491164891654,0.41500000000000004,0.0,9.781574,-35.94511,-43.03777,0.6,0.0,0.5
0.3548789580910121,0.0581937181461856,0.3605369969780408,33.48,471859.19999999925,-0.54,0.0,1.0,0.1860713522751709,0.42,0.0,12.533016,-89.80453,6.0885034,0.6,0.0,0.5
0.36245868289391525,0.07339539881033659,0.36534661361797155,35.28,40.82732006986853,-0.54,0.0,1.0,0.5980712302011213,0.425,0.0,12.533016,-89.80453,6.0885034,0.6,0.0,0.5
0.36893180542319015,0.09321886595992544,0.37031031354067107,37.08,89877.94285714271,-0.54,0.0,1.0,0.2776268807031599,0.43,0.0,12.533016,-89.80453,6.0885034,0.6,0.0,0.5
0.37572923627880045,0.11696531377608213,0.37510733337735774,38.699999999999996,169869.31199999974,-0.54,0.0,1.0,0.36918240913114886,0.435,0.0,12.533016,-89.80453,6.0885034,0.6,0.0,0.5
0.38081077637503347,0.11505648808952322,0.37908412100022065,40.5,209715.2000000005,-0.54,0.0,1.0,0.04873805963318745,0.44,0.0,84.2822,52.06473,73.247696,0.6,0.6,0.5
0.3852230086422704,0.12524797944879032,0.38269683170454655,42.12,194136.35657142827,-0.54,0.0,1.0,0.6743675038911121,0.445,0.0,84.2822,52.06473,73.247696,0.6,0.6,0.5
0.38986244251551255,0.13140404180727555,0.3863787424117095,43.92,235929.60000000056,-0.54,0.0,1.0,-0.07333597827079785,0.45,0.0,84.2822,52.06473,73.247696,0.6,0.6,0.5
0.3952046193855047,0.140549761614337,0.3893993207477164,45.54,205902.19636363603,-0.54,0.0,1.0,0.29288613544115805,0.455,0.0,84.2822,52.06473,73.247696,0.6,0.6,0.5
0.3997226174533195,0.12918766620322394,0.3919972170821524,46.98,194832.1858064513,-0.54,0.0,1.0,0.2318491164891654,0.46,0.0,-3.9139552,-1.2165453,14.269741,0.0,0.0,0.5
0.4042473251896057,0.12602080844173918,0.3955887945901415,48.6,144569.62723404297,-0.54,0.0,1.0,0.3997009186071452,0.465,0.0,-3.9139552,-1.2165453,14.269741,0.0,0.0,0.5
0.40908506273015555,0.1223534908902548,0.3984104717555342,50.04,34.942422678623025,-0.54,0.0,1.0,0.1860713522751709,0.47000000000000003,0.0,-3.9139552,-1.2165453,14.269741,0.0,0.0,0.5
0.41285848202476116,0.11376069834254642,0.40151610738953053,51.3,40652.48492307686,-0.54,0.0,1.0,0.3081453901791562,0.47500000000000003,0.0,-3.9139552,-1.2165453,14.269741,0.0,0.0,0.5
0.4170252115726067,0.10641666061774036,0.4047807198844517,52.739999999999995,143804.70857142835,-0.54,0.0,1.0,0.1097750785851801,0.48,0.0,130.45055,-126.02639,146.44667,0.6,0.0,0.5
0.421361902428861,0.10651917704410933,0.4080065632652822,54.0,165150.72000000067,-0.54,0.0,1.0,0.3081453901791562,0.485,0.0,130.45055,-126.02639,146.44667,0.6,0.0,0.5
0.4250486722048679,0.09002941212436037,0.41064137977360254,55.26,142833.0551351349,-0.54,0.0,1.0,0.1097750785851801,0.49,0.0,130.45055,-126.02639,146.44667,0.6,0.0,0.5
0.4258218863058389,0.08918250572870966,0.4142521909054589,56.339999999999996,137268.1309090907,-0.54,0.0,1.0,0.46073793755913783,0.495,0.0,130.45055,-126.02639,146.44667,0.6,0.0,0.5
0.42478995629691524,0.0877422414052677,0.4171634061250591,57.419999999999995,137268.1309090907,-0.54,0.0,1.0,0.1097750785851801,0.5,0.0,21.36255,-54.2607,59.440323,0.6,0.0,0.5
0.4238289685242107,0.10225913941607111,0.4199410489530886,58.32,125829.1200000008,-0.54,0.0,1.0,0.4302194280831415,0.505,0.0,21.36255,-54.2607,59.440323,0.6,0.0,0.5
0.4222577717591191,0.11336064312856799,0.42279306578902776,59.22,20.70624993143393,-0.54,0.0,1.0,0.29288613544115805,0.51,0.0,21.36255,-54.2607,59.440323,0.6,0.0,0.5
0.4199296379517766,0.12390953293914904,0.4259582660679294,59.94,39735.511578947306,-0.54,0.0,1.0,0.32340464491715437,0.515,0.0,21.36255,-54.2607,59.440323,0.6,0.0,0.5
0.41891772514941167,0.11358396758105217,0.4283070231792141,60.66,86282.82514285701,-0.54,0.0,1.0,0.17081209753717275,0.52,0.0,-103.774704,-70.23129,123.706505,0.0,0.0,0.5
0.41808881323471003,0.12350943336753219,0.4315635840044808,61.379999999999995,79471.02315789461,-0.54,0.0,1.0,0.4302194280831415,0.525,0.0,-103.774704,-70.23129,123.706505,0.0,0.0,0.5
0.41787128040206983,0.11029059968341204,0.43489179368612046,61.739999999999995,47185.919999999925,-0.54,0.0,1.0,0.24710837122716356,0.53,0.0,-103.774704,-70.23129,123.706505,0.0,0.0,0.5
0.4172556319544494,0.10626647897935941,0.437728651673896,62.28,68634.06545454625,-0.54,0.0,1.0,0.5370342112491286,0.535,0.0,-103.774704,-70.23129,123.706505,0.0,0.0,0.5
0.41653972336257683,0.09747114770604653,0.4408481816969069,62.46,5066.944429530194,-0.54,0.0,1.0,0.04873805963318745,0.54,0.0,5.2169075,-27.615723,85.705376,0.6,0.0,0.5
0.4171206960229888,0.08076362040586715,0.44391352623255226,62.64,17975.588571428543,-0.54,0.0,1.0,0.2623676259651617,0.545,0.0,5.2169075,-27.615723,85.705376,0.6,0.0,0.5
0.4171731992849555,0.08761995220387767,0.44647844465189046,62.82,23592.959999999963,-0.54,0.0,1.0,0.20133060701316907,0.55,0.0,5.2169075,-27.615723,85.705376,0.6,0.0,0.5
0.41642358958222153,0.05823963967214652,0.44908031068123444,62.82,0.0,-0.54,0.0,1.0,0.24710837122716356,0.555,0.0,5.2169075,-27.615723,85.705376,0.6,0.0,0.5
0.41510498587506667,0.05516348077043362,0.4522701244629942,62.82,0.0,-0.54,0.0,1.0,0.09451582384718193,0.56,0.0,4.6374598,-80.833,29.06495,0.6,0.0,0.5
0.4142503015278989,0.0360014938770193,0.4544409994511864,62.64,-20404.72216216213,-0.54,0.0,1.0,0.32340464491715437,0.5650000000000001,0.0,4.6374598,-80.833,29.06495,0.6,0.0,0.5
0.4141176373093641,0.02280152445410706,0.4565238155782422,62.46,-21570.706285714252,-0.54,0.0,1.0,0.07925656910918377,0.5700000000000001,0.0,4.6374598,-80.833,29.06495,0.6,0.0,0.5
0.4138471978422511,0.020742123491779334,0.4591496745705957,62.099999999999994,-48708.04645161379,-0.54,0.0,1.0,0.3539231543931507,0.5750000000000001,0.0,4.6374598,-80.833,29.06495,0.6,0.0,0.5
0.4140045071399818,0.039238281325026755,0.46112498686928144,61.739999999999995,-40809.44432432426,-0.54,0.0,1.0,0.12503433332317826,0.58,0.0,71.19212,27.17997,-65.82567,0.6,0.6,0.5
0.4134453588337287,0.029767090717458592,0.46348092652052114,61.379999999999995,-44410.277647058756,-0.54,0.0,1.0,0.41496017334514335,0.585,0.0,71.19212,27.17997,-65.82567,0.6,0.6,0.5
0.41346662248327737,0.016400540701197612,0.4657252493316516,61.019999999999996,-53926.765714285626,-0.54,0.0,1.0,0.20133060701316907,0.59,0.0,71.19212,27.17997,-65.82567,0.6,0.6,0.5
0.41468934188231743,0.012919539534151104,0.4675863969051671,60.48,-12.162037921054166,-0.54,0.0,1.0,0.17081209753717275,0.595,0.0,71.19212,27.17997,-65.82567,0.6,0.6,0.5
0.4144599103273486,-0.005083372690188301,0.46954870955412675,59.94,-32356.059428571378,-0.54,0.0,1.0,-0.027558214056803365,0.6,0.0,22.761234,-1.2894566,-22.499676,0.6,0.0,0.5
0.4149405806318189,-0.009728183547532136,0.4715316893726542,59.4,-68634.06545454534,-0.54,0.0,1.0,0.3997009186071452,0.605,0.0,22.761234,-1.2894566,-22.499676,0.6,0.0,0.5
0.4169953191077847,-0.008005286930125425,0.4729103700641406,58.68,-97416.09290322565,-0.54,0.0,1.0,0.15555284279917458,0.61,0.0,22.761234,-1.2894566,-22.499676,0.6,0.0,0.5
0.41690688512726864,-0.015124211058727065,0.474571191826627,58.14,-78100.83310344815,-0.54,0.0,1.0,0.5065157017731323,0.615,0.0,22.761234,-1.2894566,-22.499676,0.6,0.0,0.5
0.41744895802187887,-0.0038511929160684757,0.47625648350483374,57.419999999999995,-91512.08727272804,-0.54,0.0,1.0,-0.14963225196078866,0.62,0.0,-7.1481276,-3.5295956,-7.789718,0.0,0.0,0.5
0.41902740337627453,0.014884166869581064,0.478181230527276,56.879999999999995,-66615.41647058813,-0.54,0.0,1.0,0.6438489944151158,0.625,0.0,-7.1481276,-3.5295956,-7.789718,0.0,0.0,0.5
0.42169363420050293,0.041995260099616454,0.4795187013962833,56.16,-97416.09290322565,-0.54,0.0,1.0,0.36918240913114886,0.63,0.0,-7.1481276,-3.5295956,-7.789718,0.0,0.0,0.5
0.42405041376363595,0.059597594439240814,0.4807027934677,55.62,-73062.06967741923,-0.72,-24354.023225806442,1.0,0.2776268807031599,0.635,0.0,-7.1481276,-3.5295956,-7.789718,0.0,0.0,0.5
0.42842210026712013,0.08134909447826115,0.48175195976532975,55.08,-13.09522635553138,-0.72,0.0,1.0,0.06399731437118561,0.64,0.0,33.709007,-37.17404,-76.55259,0.6,0.0,0.5
0.434849534165082,0.09294367486206903,0.48277412487533783,54.54,-27288.24289156622,-0.72,0.0,1.0,0.2318491164891654,0.645,0.0,33.709007,-37.17404,-76.55259,0.6,0.0,0.5
0.4405148104015811,0.0953084262497133,0.4835906109547293,54.18,-39735.511578947306,-0.72,0.0,1.0,0.09451582384718193,0.65,0.0,33.709007,-37.17404,-76.55259,0.6,0.0,0.5
0.4423405820166988,0.08814650557313156,0.4845832964610651,53.82,-48708.04645161283,-0.72,0.0,1.0,0.46073793755913783,0.655,0.0,33.709007,-37.17404,-76.55259,0.6,0.0,0.5
0.4428504081771981,0.07810519611793296,0.4852294865523623,53.46,-45756.04363636357,-0.72,0.0,1.0,0.32340464491715437,0.66,0.0,8.268996,-39.99418,-25.414825,0.6,0.0,0.5
0.44412511947895916,0.0936765769938294,0.48540907163625646,53.28,-20404.72216216213,-0.72,0.0,1.0,0.44547868282113967,0.665,0.0,8.268996,-39.99418,-25.414825,0.6,0.0,0.5
0.4427814966581514,0.09116218902327683,0.4860814536794558,53.28,0.0,-0.72,0.0,1.0,0.24710837122716356,0.67,0.0,8.268996,-39.99418,-25.414825,0.6,0.0,0.5
0.4409648724181676,0.07961016560159782,0.48657187671706653,53.28,0.0,-0.72,0.0,1.0,0.44547868282113967,0.675,0.0,8.268996,-39.99418,-25.414825,0.6,0.0,0.5
0.4391915124820067,0.06229417949714744,0.48700455951488825,53.28,0.0,-0.72,0.0,1.0,0.06399731437118561,0.68,0.0,-2.0928345,22.467966,5.1853056,0.0,0.6,0.5
0.4376656951373523,0.06863108191808784,0.48736663264489155,53.28,0.0,-0.72,0.0,1.0,0.5522934659871268,0.685,0.0,-2.0928345,22.467966,5.1853056,0.0,0.6,0.5
0.4372745383987449,0.052969389525982985,0.4881605359022115,53.46,20404.72216216213,-0.72,0.0,1.0,0.2318491164891654,0.6900000000000001,0.0,-2.0928345,22.467966,5.1853056,0.0,0.6,0.5
0.436956847437414,0.03330965184808448,0.48832496368977124,53.64,25165.82399999996,-0.72,0.0,1.0,0.41496017334514335,0.6950000000000001,0.0,-2.0928345,22.467966,5.1853056,0.0,0.6,0.5
0.43717690051420693,0.03399678457747371,0.4883353039760483,53.64,0.0,-0.72,0.0,1.0,0.1097750785851801,0.7000000000000001,0.0,49.88104,-135.134,-30.722965,0.6,0.0,0.5
0.43845418759704885,0.025217907859775665,0.4884592463545553,53.82,22205.138823529378,-0.72,0.0,1.0,0.29288613544115805,0.705,0.0,49.88104,-135.134,-30.722965,0.6,0.0,0.5
0.4376912988294449,0.01490311936331985,0.48918789132505963,54.0,24354.023225806413,-0.72,0.0,1.0,0.2776268807031599,0.71,0.0,49.88104,-135.134,-30.722965,0.6,0.0,0.5
0.4371748205495069,0.0021302168839359187,0.48969311990110875,54.18,23592.959999999963,-0.72,0.0,1.0,0.12503433332317826,0.715,0.0,49.88104,-135.134,-30.722965,0.6,0.0,0.5
0.43509951004415975,-0.00967121672062293,0.49074713944722076,54.18,0.0,-0.72,0.0,1.0,0.2776268807031599,0.72,0.0,20.00337,-112.96384,-23.411367,0.6,0.0,0.5
0.4333594514963339,-0.007366387197470119,0.49119595190043425,54.36,4.287899313345178,-0.72,0.0,1.0,0.33866389965515253,0.725,0.0,20.00337,-112.96384,-23.411367,0.6,0.0,0.5
0.4321514152964428,0.008361154745711717,0.49149549446681423,54.36,0.0,-0.72,0.0,1.0,0.15555284279917458,0.73,0.0,20.00337,-112.96384,-23.411367,0.6,0.0,0.5
0.4285670234662679,0.036952948171493125,0.4920707218313988,54.36,0.0,-0.72,0.0,1.0,0.33866389965515253,0.735,0.0,20.00337,-112.96384,-23.411367,0.6,0.0,0.5
0.42413110659946623,0.043891000758924444,0.4928075694535623,54.36,0.0,-0.72,0.0,1.0,0.06399731437118561,0.74,0.0,-27.577692,-8.026011,-7.6389318,0.0,0.0,0.5
0.42059638742370836,0.04023637128356712,0.4932138557922891,54.36,0.0,-0.72,0.0,1.0,0.5828119754631231,0.745,0.0,-27.577692,-8.026011,-7.6389318,0.0,0.0,0.5
0.41872213078266407,0.047370512734392696,0.4937081104111559,54.36,0.0,-0.72,0.0,1.0,0.2318491164891654,0.75,0.0,-27.577692,-8.026011,-7.6389318,0.0,0.0,0.5
0.4186099816543735,0.0409351150228127,0.49429802336977346,54.36,0.0,-0.72,0.0,1.0,0.41496017334514335,0.755,0.0,-27.577692,-8.026011,-7.6389318,0.0,0.0,0.5
0.4181290701569985,0.02884750340219776,0.49462054317665344,54.36,0.0,-0.72,0.0,1.0,0.4302194280831415,0.76,0.0,34.61527,-101.972244,-9.060566,0.6,0.0,0.5
0.41851045592977004,0.03136392187440537,0.4950322715059266,54.18,-4.1215809931432,-0.72,0.0,1.0,0.3539231543931507,0.765,0.0,34.61527,-101.972244,-9.060566,0.6,0.0,0.5
0.41982672688404765,0.03545407168347259,0.49529709467916755,54.18,0.0,-0.72,0.0,1.0,0.00296029541919296,0.77,0.0,34.61527,-101.972244,-9.060566,0.6,0.0,0.5
0.41990896225910096,0.047718834696207836,0.49564175024413304,54.18,0.0,-0.72,0.0,1.0,0.2776268807031599,0.775,0.0,34.61527,-101.972244,-9.060566,0.6,0.0,0.5
0.42005645327788455,0.054262428703487006,0.495938644155096,54.18,0.0,-0.72,0.0,1.0,0.33866389965515253,0.78,0.0,40.131386,-32.189404,-85.78236,0.6,0.0,0.5
0.4182828973416099,0.04506228649597687,0.4967985917340221,54.18,0.0,-0.72,0.0,1.0,0.3997009186071452,0.785,0.0,40.131386,-32.189404,-85.78236,0.6,0.0,0.5
0.4177177418724698,0.04997595982126707,0.4969911786214439,54.36,22878.021818181784,-0.72,0.0,1.0,0.17081209753717275,0.79,0.0,40.131386,-32.189404,-85.78236,0.6,0.0,0.5
0.41781887459435607,0.053525059680117656,0.4977346258067527,54.36,0.0,-0.72,0.0,1.0,0.2776268807031599,0.795,0.0,40.131386,-32.189404,-85.78236,0.6,0.0,0.5
0.4179164926292582,0.039639525857619824,0.49820867291741344,54.36,0.0,-0.72,0.0,1.0,0.24710837122716356,0.8,0.0,-12.601574,-63.09551,-49.025585,0.0,0.0,0.5
0.41822534668751377,0.013313496835739064,0.4986692579941089,54.36,0.0,-0.72,0.0,1.0,0.2776268807031599,0.805,0.0,-12.601574,-63.09551,-49.025585,0.0,0.0,0.5
0.41825933634952434,0.027071848009391393,0.49935349807981894,54.36,0.0,-0.72,0.0,1.0,0.04873805963318745,0.81,0.0,-12.601574,-63.09551,-49.025585,0.0,0.0,0.5
0.4190735381956728,0.030571382253072446,0.5002690313305496,54.36,0.0,-0.72,0.0,1.0,0.4302194280831415,0.8150000000000001,0.0,-12.601574,-63.09551,-49.025585,0.0,0.0,0.5
0.4198973748088246,0.02086983538210123,0.5006383311957182,54.36,0.0,-0.72,0.0,1.0,0.04873805963318745,0.8200000000000001,0.0,13.332643,-115.36381,-44.70327,0.6,0.0,0.5
0.41972509014496967,0.014868078665991897,0.5011828349689725,54.36,0.0,-0.72,0.0,1.0,0.3539231543931507,0.8250000000000001,0.0,13.332643,-115.36381,-44.70327,0.6,0.0,0.5
0.42068292608949337,0.002022590676477427,0.5017587521414806,54.36,0.0,-0.72,0.0,1.0,0.2318491164891654,0.8300000000000001,0.0,13.332643,-115.36381,-44.70327,0.6,0.0,0.5
0.42173775933585955,-0.009060676845521951,0.501930979011296,54.36,0.0,-0.72,0.0,1.0,0.1097750785851801,0.835,0.0,13.332643,-115.36381,-44.70327,0.6,0.0,0.5
0.4216774778515506,-0.005858507068803224,0.5025765605833915,54.36,0.0,-0.72,0.0,1.0,0.3081453901791562,0.84,0.0,40.63524,35.85827,50.735558,0.6,0.6,0.5
0.4210418540082599,-0.009873900398461926,0.5034258965146015,54.36,0.0,-0.72,0.0,1.0,0.04873805963318745,0.845,0.0,40.63524,35.85827,50.735558,0.6,0.6,0.5
0.42009996666771887,-0.008549062374843978,0.5033010277186641,54.36,0.0,-0.72,0.0,1.0,0.32340464491715437,0.85,0.0,40.63524,35.85827,50.735558,0.6,0.6,0.5
0.41911403606526365,-0.010132911454380672,0.5034779577209322,54.36,0.0,-0.72,0.0,1.0,0.20133060701316907,0.855,0.0,40.63524,35.85827,50.735558,0.6,0.6,0.5
0.4193851354065514,-0.007406421841574574,0.5038237368686962,54.36,0.0,-0.72,0.0,1.0,0.384441663869147,0.86,0.0,44.593224,-22.750853,26.295406,0.6,0.0,0.5
0.4202152438654693,0.00295341712103967,0.5041059586930542,54.36,0.0,-0.72,0.0,1.0,0.3081453901791562,0.865,0.0,44.593224,-22.750853,26.295406,0.6,0.0,0.5
0.42006110249657924,-0.0013662563811692799,0.5044962902214727,54.36,0.0,-0.72,0.0,1.0,0.384441663869147,0.87,0.0,44.593224,-22.750853,26.295406,0.6,0.0,0.5
0.4201383618579513,-0.009176013866293546,0.5048406324889906,54.36,0.0,-0.72,0.0,1.0,0.29288613544115805,0.875,0.0,44.593224,-22.750853,26.295406,0.6,0.0,0.5
0.4208973597639139,-0.009028993632900498,0.5054607170532769,54.36,0.0,-0.72,0.0,1.0,0.475997192297136,0.88,0.0,34.8578,-50.42768,30.634716,0.6,0.0,0.5
0.4213648639946433,-0.012590231811416918,0.5055038346537271,54.36,0.0,-0.72,0.0,1.0,0.2318491164891654,0.885,0.0,34.8578,-50.42768,30.634716,0.6,0.0,0.5
0.4218707524108595,0.0002246712142461327,0.5053000172335511,54.36,0.0,-0.72,0.0,1.0,0.20133060701316907,0.89,0.0,34.8578,-50.42768,30.634716,0.6,0.0,0.5
0.42326562760363157,0.021889681776554797,0.5053120757421748,54.36,0.0,-0.72,0.0,1.0,0.2623676259651617,0.895,0.0,34.8578,-50.42768,30.634716,0.6,0.0,0.5
0.4253379652417885,0.03255814368556948,0.5054987029918191,54.36,0.0,-0.72,0.0,1.0,0.33866389965515253,0.9,0.0,44.539917,-78.07091,-83.22083,0.6,0.0,0.5
0.4272840475093327,0.041519801021323695,0.5057149075072753,54.36,0.0,-0.72,0.0,1.0,0.06399731437118561,0.905,0.0,44.539917,-78.07091,-83.22083,0.6,0.0,0.5
0.43127237005292274,0.03394430574070261,0.5055024529531245,54.36,0.0,-0.72,0.0,1.0,0.3081453901791562,0.91,0.0,44.539917,-78.07091,-83.22083,0.6,0.0,0.5
0.4382518296022369,0.037828597233916676,0.5053867673494391,54.36,0.0,-0.72,0.0,1.0,-0.012298959318805203,0.915,0.0,44.539917,-78.07091,-83.22083,0.6,0.0,0.5
0.44500070719667395,0.04535373982692767,0.5055927214242032,54.36,0.0,-0.72,0.0,1.0,0.1097750785851801,0.92,0.0,69.14938,-25.946625,43.01865,0.6,0.0,0.5
0.4512105734460141,0.044161695768694095,0.5052926136966912,54.54,21570.706285714252,-0.72,0.0,1.0,0.06399731437118561,0.925,0.0,69.14938,-25.946625,43.01865,0.6,0.0,0.5
0.45816592578581256,0.037943281914088106,0.5054212611125664,54.54,0.0,-0.72,0.0,1.0,0.07925656910918377,0.93,0.0,69.14938,-25.946625,43.01865,0.6,0.0,0.5
0.4643599390224374,0.03476447353394024,0.5050329632997631,54.72,25165.82399999996,-0.72,0.0,1.0,0.384441663869147,0.935,0.0,69.14938,-25.946625,43.01865,0.6,0.0,0.5
0.4690771681475018,0.04340344500583539,0.5046701725786525,55.08,8.756071117915159,-0.72,0.0,1.0,0.41496017334514335,0.9400000000000001,0.0,59.501057,-42.558243,-116.09316,0.6,0.0,0.5
0.47471505649877244,0.026817079333264878,0.5040725579845263,55.26,7783.244536082462,-0.72,0.0,1.0,0.06399731437118561,0.9450000000000001,0.0,59.501057,-42.558243,-116.09316,0.6,0.0,0.5
0.4790270874037843,0.017200890947892525,0.5040638396927172,55.62,37748.73599999994,-0.72,0.0,1.0,0.2318491164891654,0.9500000000000001,0.0,59.501057,-42.558243,-116.09316,0.6,0.0,0.5
0.48239990914722236,0.03321604273683182,0.5035738455944669,56.16,62914.5599999999,-0.72,0.0,1.0,0.09451582384718193,0.9550000000000001,0.0,59.501057,-42.558243,-116.09316,0.6,0.0,0.5
0.48595123383340666,0.02543063406251837,0.5029451126355086,56.699999999999996,75497.47199999988,-0.72,0.0,1.0,0.15555284279917458,0.96,0.0,34.893944,-73.08999,-42.234955,0.6,0.0,0.5
0.48861855188207853,0.03267402457869066,0.5026296895384734,57.239999999999995,64712.118857142756,-0.72,0.0,1.0,0.1097750785851801,0.965,0.0,34.893944,-73.08999,-42.234955,0.6,0.0,0.5
0.4900889354143103,0.010324212667388723,0.5023436634797633,57.96,81618.88864864933,-0.72,0.0,1.0,0.1860713522751709,0.97,0.0,34.893944,-73.08999,-42.234955,0.6,0.0,0.5
0.4907994465070684,0.006249248403031798,0.5025907955105698,58.68,91512.08727272713,-0.72,0.0,1.0,0.1860713522751709,0.975,0.0,34.893944,-73.08999,-42.234955,0.6,0.0,0.5
0.4924890125296336,0.011534045735009402,0.5020888478287373,59.58,20.489893666103935,-0.72,0.0,1.0,0.2318491164891654,0.98,0.0,67.19,-111.22333,-121.43808,0.6,0.0,0.5
0.49350142633630056,0.003437916390605638,0.5018365710623535,60.3,39219.46597402591,-0.72,0.0,1.0,0.09451582384718193,0.985,0.0,67.19,-111.22333,-121.43808,0.6,0.0,0.5
0.49465693875531264,0.004689019527573406,0.5013557596158587,61.199999999999996,130168.05517241359,-0.72,0.0,1.0,0.29288613544115805,0.99,0.0,67.19,-111.22333,-121.43808,0.6,0.0,0.5
0.4955826645226057,0.0006762994563982157,0.5011098354683764,62.099999999999994,150994.94399999976,-0.72,0.0,1.0,0.018219550157191122,0.995,0.0,67.19,-111.22333,-121.43808,0.6,0.0,0.5
0.4966080371372335,0.0037664668898252838,0.5005939411394712,63.0,198677.5578947381,-0.72,0.0,1.0,0.12503433332317826,1.0,0.0,90.510635,-94.356094,-127.97068,0.6,0.0,0.5
0.49739481758835374,-0.0025028507219568724,0.5004257368271439,63.9,111025.69411764688,-0.72,0.0,1.0,-0.027558214056803365,1.0050000000000001,0.0,90.510635,-94.356094,-127.97068,0.6,0.0,0.5
0.49881755964859326,-0.0052183985263668155,0.4998647451106596,64.8,157286.39999999976,-0.72,0.0,1.0,0.44547868282113967,1.01,0.0,90.510635,-94.356094,-127.97068,0.6,0.0,0.5
0.49957264927738126,-0.005526006325954562,0.49991954120501314,65.52,150994.94399999976,-0.72,0.0,1.0,0.32340464491715437,1.0150000000000001,0.0,90.510635,-94.356094,-127.97068,0.6,0.0,0.5
0.49998164816320984,-0.0060747390726907085,0.5002779056245434,66.42,29491.200000000186,-0.72,0.0,1.0,0.20133060701316907,1.02,0.0,65.34268,-76.85549,-82.520256,0.6,0.0,0.5
0.5001288458025064,-0.015767588666732082,0.5006383397420917,67.14,17.47970596066353,-0.72,0.0,1.0,0.3081453901791562,1.025,0.0,65.34268,-76.85549,-82.520256,0.6,0.0,0.5
0.5011483171046671,-0.015055751522885836,0.5004242185365935,67.86,37282.702222222164,-0.72,0.0,1.0,0.36918240913114886,1.03,0.0,65.34268,-76.85549,-82.520256,0.6,0.0,0.5
0.5012077947190682,-0.0073882257477251405,0.5009539109856245,68.39999999999999,87112.46769230641,-0.72,0.0,1.0,0.2318491164891654,1.035,0.0,65.34268,-76.85549,-82.520256,0.6,0.0,0.5
0.5019316970515125,-0.011877801218032686,0.5009706389379417,69.12,143804.70857143117,-0.72,0.0,1.0,0.15555284279917458,1.04,0.0,58.16746,-81.09086,-35.93658,0.6,0.0,0.5
0.5032203033142719,-0.00717638321600335,0.5008488536729241,69.48,88820.55529411751,-0.72,0.0,1.0,0.06399731437118561,1.045,0.0,58.16746,-81.09086,-35.93658,0.6,0.0,0.5
0.5036032452642851,-0.009446373915946283,0.5012065260978327,70.02,94371.83999999861,-0.72,0.0,1.0,0.33866389965515253,1.05,0.0,58.16746,-81.09086,-35.93658,0.6,0.0,0.5
0.5041730230952656,-0.013080708303932622,0.5013946499911511,70.38,68634.06545454534,-0.72,0.0,1.0,0.018219550157191122,1.055,0.0,58.16746,-81.09086,-35.93658,0.6,0.0,0.5
0.5056572753999243,-0.007978473764331013,0.5010468993974607,70.56,39735.51157894888,-0.72,0.0,1.0,0.2776268807031599,1.06,0.0,82.411705,-23.045004,22.308468,0.6,0.0,0.5
0.5064584239063504,-0.0071758301621009865,0.501211561032354,70.74,4.1516572540952605,-0.72,0.0,1.0,-0.05807672353279969,1.065,0.0,82.411705,-23.045004,22.308468,0.6,0.0,0.5
0.5074279775926557,-0.004039393545118997,0.5011994511283542,70.74,0.0,-0.72,0.0,1.0,0.018219550157191122,1.07,0.0,82.411705,-23.045004,22.308468,0.6,0.0,0.5
0.5077450509504934,-0.0062334862883048165,0.5016207924315883,70.92,16412.4939130441,-0.72,0.0,1.0,0.04873805963318745,1.075,0.0,82.411705,-23.045004,22.308468,0.6,0.0,0.5
0.5087078686047958,-0.007525549698458614,0.501647774101236,70.74,-25165.824000000954,-0.72,0.0,1.0,0.29288613544115805,1.08,0.0,59.33684,-139.3879,22.140072,0.6,0.0,0.5
0.5094809538742104,-0.016323664411101384,0.501733261242293,70.74,0.0,-0.72,0.0,1.0,-0.16489150669878683,1.085,0.0,59.33684,-139.3879,22.140072,0.6,0.0,0.5
0.5102934796376059,-0.009228429957527772,0.502038156572537,70.56,-22878.021818180878,-0.72,0.0,1.0,0.33866389965515253,1.09,0.0,59.33684,-139.3879,22.140072,0.6,0.0,0.5
0.5108507193749069,-0.016837485476527213,0.5021454487709803,70.56,0.0,-0.72,0.0,1.0,-0.180150761436785,1.095,0.0,59.33684,-139.3879,22.140072,0.6,0.0,0.5
0.5109304512968118,-0.01738329723209223,0.5027614771626693,70.38,-26963.38285714388,-0.72,0.0,1.0,0.24710837122716356,1.1,0.0,73.00997,-172.7219,19.413189,0.6,0.0,0.5
0.5112935139798271,-0.015880114475036993,0.5031792794701831,70.38,0.0,-0.72,0.0,1.0,-0.04281746879480153,1.105,0.0,73.00997,-172.7219,19.413189,0.6,0.0,0.5
0.5122028610205691,-0.015174990856974354,0.5029964364820214,70.38,0.0,-0.72,0.0,1.0,0.3997009186071452,1.11,0.0,73.00997,-172.7219,19.413189,0.6,0.0,0.5
0.5134585032602327,-0.01182752862836495,0.5026397741922217,70.38,0.0,-0.72,0.0,1.0,0.018219550157191122,1.115,0.0,73.00997,-172.7219,19.413189,0.6,0.0,0.5
0.5131464744399532,-0.01804282495567799,0.5033255331592769,70.38,0.0,-0.72,0.0,1.0,0.3997009186071452,1.12,0.0,-124.25273,-121.52337,-163.90634,0.0,0.0,0.5
0.5138177346587521,-0.007581850330228646,0.5034027798169739,70.38,0.0,-0.72,0.0,1.0,0.00296029541919296,1.125,0.0,-124.25273,-121.52337,-163.90634,0.0,0.0,0.5
0.5138840425587033,-0.02145806907451531,0.5033762268394821,70.38,0.0,-0.72,0.0,1.0,0.2776268807031599,1.1300000000000001,0.0,-124.25273,-121.52337,-163.90634,0.0,0.0,0.5
0.5143480197031904,-0.005355354739046251,0.503771837131421,70.38,0.0,-0.72,0.0,1.0,0.15555284279917458,1.135,0.0,-124.25273,-121.52337,-163.90634,0.0,0.0,0.5
0.5141066534384506,-0.004656609800059026,0.5045934602488505,70.56,20971.520000000794,-0.72,0.0,1.0,0.36918240913114886,1.1400000000000001,0.0,-129.29475,-124.482635,-161.0626,0.0,0.0,0.5
0.515252026194889,-0.007797404611141151,0.5041683525309483,70.56,0.0,-0.72,0.0,1.0,-0.012298959318805203,1.145,0.0,-129.29475,-124.482635,-161.0626,0.0,0.0,0.5
0.5160611548330093,-0.0005454777632954681,0.5042288392045274,70.56,0.0,-0.72,0.0,1.0,0.567552720725125,1.1500000000000001,0.0,-129.29475,-124.482635,-161.0626,0.0,0.0,0.5
0.5154010194804346,-0.020546876913403064,0.5049998582662456,70.56,0.0,-0.72,0.0,1.0,0.09451582384718193,1.155,0.0,-129.29475,-124.482635,-161.0626,0.0,0.0,0.5
0.5167314720537947,-0.019643839197894933,0.5044560551561721,70.38,-19358.326153846887,-0.72,0.0,1.0,0.2318491164891654,1.16,0.0,-128.24281,-127.053856,-161.39758,0.0,0.0,0.5
0.5163855302772633,-7.647865996846067e-05,0.5041685152181284,70.38,0.0,-0.72,0.0,1.0,0.00296029541919296,1.165,0.0,-128.24281,-127.053856,-161.39758,0.0,0.0,0.5
0.5138534550443951,-0.003166636293117,0.504690809258755,70.38,0.0,-0.72,0.0,1.0,0.09451582384718193,1.17,0.0,-128.24281,-127.053856,-161.39758,0.0,0.0,0.5
0.5124392837753997,-0.011411745860462234,0.5041746779703721,70.38,0.0,-0.72,0.0,1.0,0.07925656910918377,1.175,0.0,-128.24281,-127.053856,-161.39758,0.0,0.0,0.5
0.5072441487561282,-0.009540365665190549,0.5047846808533695,70.38,0.0,-0.72,0.0,1.0,0.44547868282113967,1.18,0.0,-128.30203,-131.9574,-168.71132,0.0,0.0,0.5
0.49119706431694177,-0.028584218922163306,0.5050216332181945,70.38,0.0,-0.72,0.0,1.0,0.09451582384718193,1.185,0.0,-128.30203,-131.9574,-168.71132,0.0,0.0,0.5
0.46668957230995756,-0.02732014544202969,0.5044712644987036,70.2,-25165.823999998967,-0.72,0.0,1.0,0.5522934659871268,1.19,0.0,-128.30203,-131.9574,-168.71132,0.0,0.0,0.5
0.4363804354474077,-0.011058145282546332,0.5037987248579913,70.02,-4.080040207305562,-0.72,0.0,1.0,0.17081209753717275,1.195,0.0,-128.30203,-131.9574,-168.71132,0.0,0.0,0.5
0.40292812562294206,-0.013804007556992032,0.5043907796398633,69.84,-11614.995692307215,-0.72,0.0,1.0,-0.027558214056803365,1.2,0.0,-102.935684,125.39503,142.72867,0.0,0.6,0.5
0.36960317177149316,-0.02739115932231908,0.5044828356035803,69.66,-20404.722162162936,-0.72,0.0,1.0,-0.19541001617478315,1.205,0.0,-102.935684,125.39503,142.72867,0.0,0.6,0.5
0.3388319459993582,-0.029091147026920273,0.5033524430658177,69.3,-45756.04363636357,-0.72,0.0,1.0,0.384441663869147,1.21,0.0,-102.935684,125.39503,142.72867,0.0,0.6,0.5
0.30917821273276486,-0.004629159600925175,0.5025972458540349,68.75999999999999,-66615.416470589,-0.72,0.0,1.0,0.15555284279917458,1.215,0.0,-102.935684,125.39503,142.72867,0.0,0.6,0.5
0.2801162554803888,0.01352199516711117,0.5026595883611074,68.22,-70778.87999999896,-0.72,0.0,1.0,0.33866389965515253,1.22,0.0,-103.38022,124.23791,151.06442,0.0,0.6,0.5
0.2517643068953676,-0.012027383752443124,0.5031501059351591,67.67999999999999,-66615.416470589,-0.72,0.0,1.0,0.33866389965515253,1.225,0.0,-103.38022,124.23791,151.06442,0.0,0.6,0.5
0.22621256701545706,-0.02700928096391166,0.5028335647926273,67.14,-73062.06967741827,-0.72,0.0,1.0,0.20133060701316907,1.23,0.0,-103.38022,124.23791,151.06442,0.0,0.6,0.5
0.2036386639369853,-0.007228433589795514,0.5018723302131721,66.42,-104134.44413793087,-0.72,0.0,1.0,0.15555284279917458,1.235,0.0,-103.38022,124.23791,151.06442,0.0,0.6,0.5
0.18163328501209403,-0.004745152446931792,0.501491097425204,65.52,-21.692805792604222,-0.72,0.0,1.0,0.2623676259651617,1.24,0.0,-112.74198,125.00854,150.143,0.0,0.6,0.5
0.16227873049535677,0.01672073101303464,0.5013412190317226,64.8,-29899.988910891043,-0.72,0.0,1.0,-0.07333597827079785,1.245,0.0,-112.74198,125.00854,150.143,0.0,0.6,0.5
0.14413229324847707,0.022246812544512568,0.5009422838237285,63.72,-107853.53142857125,-0.72,0.0,1.0,0.1860713522751709,1.25,0.0,-112.74198,125.00854,150.143,0.0,0.6,0.5
0.12603699772005034,0.03496418941195169,0.5008300853584284,62.82,-125829.1199999998,-0.72,0.0,1.0,0.2318491164891654,1.2550000000000001,0.0,-112.74198,125.00854,150.143,0.0,0.6,0.5
0.10521325649714369,0.07110579935036852,0.5004540643117702,61.739999999999995,-146124.13935483943,-0.72,0.0,1.0,0.5065157017731323,1.26,0.0,-112.34944,126.590775,148.89597,0.0,0.6,0.5
0.09637176065214365,0.08971717793027634,0.500532805102958,60.66,-129424.23771428551,-0.72,0.0,1.0,-0.012298959318805203,1.2650000000000001,0.0,-112.34944,126.590775,148.89597,0.0,0.6,0.5
0.09684401654305305,0.10457694098053938,0.5003581537145678,59.4,-160146.15272727248,-0.72,0.0,1.0,0.29288613544115805,1.27,0.0,-112.34944,126.590775,148.89597,0.0,0.6,0.5
0.09377143005783879,0.12485749995119516,0.5002422983607485,58.14,-165150.71999999974,-0.72,0.0,1.0,-0.05807672353279969,1.2750000000000001,0.0,-112.34944,126.590775,148.89597,0.0,0.6,0.5
0.07408870190667242,0.141926565960415,0.5004886975655204,56.879999999999995,-29.248172495282066,-0.72,0.0,1.0,0.5065157017731323,1.28,0.0,-136.60843,-137.21127,137.45831,0.0,0.0,0.5
0.06573783579133083,0.16888481858400972,0.500417380422113,55.44,-92919.96553846139,-0.72,0.0,1.0,0.04873805963318745,1.285,0.0,-136.60843,-137.21127,137.45831,0.0,0.0,0.5
0.043304804089083854,0.18254043672770442,0.5010248319474171,53.82,-194136.35657142827,-0.72,0.0,1.0,0.1097750785851801,1.29,0.0,-136.60843,-137.21127,137.45831,0.0,0.0,0.5
0.040630388081575146,0.19412101397661288,0.5014880778342822,52.379999999999995,-188743.68000000063,-0.72,0.0,1.0,0.018219550157191122,1.295,0.0,-136.60843,-137.21127,137.45831,0.0,0.0,0.5
0.039794645790049925,0.2115840367697111,0.5013573991881566,50.76,-212336.63999999966,-0.72,0.0,1.0,0.24710837122716356,1.3,0.0,64.764435,-185.77637,-28.611301,0.6,0.0,0.5
0.0263562212635649,0.24066799381074347,0.501761304122978,49.14,-205902.19636363603,-0.72,0.0,1.0,0.20133060701316907,1.305,0.0,64.764435,-185.77637,-28.611301,0.6,0.0,0.5
0.02101108941229154,0.2530144220490456,0.50183282316038,47.339999999999996,-222051.38823529464,-0.72,0.0,1.0,0.36918240913114886,1.31,0.0,64.764435,-185.77637,-28.611301,0.6,0.0,0.5
0.024535748599979427,0.25428732165727114,0.5021812565608639,45.36,-251658.2399999996,-0.72,0.0,1.0,0.15555284279917458,1.315,0.0,64.764435,-185.77637,-28.611301,0.6,0.0,0.5
0.01980382611133167,0.25716634498326146,0.502525875187998,43.559999999999995,-260336.1103448282,-0.72,0.0,1.0,0.5065157017731323,1.32,8.522881865501404,89.58018,147.3336,-148.15675,0.6,0.6,0.5
0.006183677534638384,0.2678465569321581,0.502804506374427,41.58,-46.89072159360383,-0.72,0.0,1.0,0.07925656910918377,1.325,8.522881865501404,89.58018,147.3336,-148.15675,0.6,0.6,0.5
-0.004896742972380899,0.26890720552909464,0.5029654509047635,39.6,-112225.97189189172,-0.72,0.0,1.0,0.29288613544115805,1.33,8.522881865501404,89.58018,147.3336,-148.15675,0.6,0.6,0.5
0.003439398047164497,0.27168738224387756,0.5033385793284545,37.44,-266461.6658823534,-0.72,0.0,1.0,0.07925656910918377,1.335,8.522881865501404,89.58018,147.3336,-148.15675,0.6,0.6,0.5
-0.005213300856987332,0.265300719222806,0.5034926148621134,35.28,-251658.2399999996,-0.72,0.0,1.0,0.3539231543931507,1.34,20.0,94.41555,-149.70561,-158.87941,0.6,0.0,0.5
0.007542037977567938,0.25397941279772923,0.5038931365682162,32.94,-251658.24000000037,-0.72,0.0,1.0,-0.11911374248479234,1.345,20.0,94.41555,-149.70561,-158.87941,0.6,0.0,0.5
0.01853596687649439,0.24337427518753216,0.5041441262409755,30.599999999999998,-297414.28363636363,-0.72,0.0,1.0,0.32340464491715437,1.35,20.0,94.41555,-149.70561,-158.87941,0.6,0.0,0.5
0.019950658545240287,0.2334984202026431,0.5043386899857745,28.259999999999998,-288666.8047058823,-0.72,0.0,1.0,0.20133060701316907,1.355,20.0,94.41555,-149.70561,-158.87941,0.6,0.0,0.5
0.05263374619976209,0.22486893923643445,0.5047156083278762,25.74,-352321.53599999996,-0.72,0.0,1.0,0.2623676259651617,1.36,8.522881865501404,63.878002,34.871708,35.994034,0.6,0.6,0.5
0.07344285221108224,0.21508222613657654,0.5048365039513101,23.22,-58.08295688968264,-0.72,0.0,1.0,0.033478804895189285,1.365,8.522881865501404,63.878002,34.871708,35.994034,0.6,0.6,0.5
0.09219612222986942,0.20597310313458725,0.5047855749479373,20.7,-132120.57599999997,-0.72,0.0,1.0,0.15555284279917458,1.37,8.522881865501404,63.878002,34.871708,35.994034,0.6,0.6,0.5
0.11126337524514907,0.20159596384078504,0.5048665038034018,18.0,-323560.5942857142,-0.72,0.0,1.0,0.06399731437118561,1.375,8.522881865501404,63.878002,34.871708,35.994034,0.6,0.6,0.5
0.12971164046651398,0.21160512686101887,0.5044605102399409,15.299999999999999,-343170.3272727274,-0.72,0.0,1.0,0.3081453901791562,1.3800000000000001,0.0,39.93486,-76.59518,-59.58059,0.6,0.0,0.5
0.14714366790418562,0.21493315581647573,0.5043389702360025,12.6,-390504.1655172413,-0.72,0.0,1.0,0.2318491164891654,1.385,0.0,39.93486,-76.59518,-59.58059,0.6,0.0,0.5
0.1607768759814799,0.21336724282137043,0.5041734583735195,10.08,-340956.32516129024,-0.72,0.0,1.0,0.09451582384718193,1.3900000000000001,0.0,39.93486,-76.59518,-59.58059,0.6,0.0,0.5
0.1797550368330006,0.21318290791161035,0.5040587157825854,7.38,-333077.0823529412,-0.72,0.0,1.0,0.1097750785851801,1.395,0.0,39.93486,-76.59518,-59.58059,0.6,0.0,0.5
0.19521646446235918,0.20910503246305057,0.5040049236481501,5.22,-283115.52,1.44,283115.52,1.0,5.862514114810654,1.4000000000000001,0.0,86.80789,-97.21015,-113.70052,0.6,0.0,0.5
0.20962264627763,0.2056615634814378,0.5047023989516535,4.14,-150994.94400000002,3.2399999999999998,251658.23999999996,1.0,6.884884182256531,1.405,0.0,86.80789,-97.21015,-113.70052,0.6,0.0,0.5
0.22776881453640718,0.21275651327410483,0.5055792700650952,4.32,4.383297162663523,2.16,-26.299782975981042,1.0,2.6885891293069264,1.41,0.0,86.80789,-97.21015,-113.70052,0.6,0.0,0.5
0.24202285347926342,0.22184368161490375,0.5053283656795936,5.76,86282.82514285711,1.08,-64712.118857142865,1.0,-0.04281746879480153,1.415,0.0,86.80789,-97.21015,-113.70052,0.6,0.0,0.5
0.2525737666208393,0.23474070092071778,0.5045318853781319,7.739999999999999,230686.71999999994,-1.08,-251658.24000000002,1.0,-0.27170628986482903,1.42,0.0,97.73432,-154.33679,48.661415,0.6,0.0,0.5
0.2682198289245185,0.2540610074788314,0.5034993933137153,8.82,137268.13090909104,-0.36,91512.08727272728,1.0,-0.6226691488387868,1.425,0.0,97.73432,-154.33679,48.661415,0.6,0.0,0.5
0.28236434259327864,0.25935712582050363,0.5026608641127764,10.62,251658.23999999985,-0.72,-50331.648,1.0,-0.454817346720807,1.43,0.0,97.73432,-154.33679,48.661415,0.6,0.0,0.5
0.29266903898732183,0.2471144022052713,0.5020921515600457,12.42,215707.06285714294,-0.72,0.0,1.0,-0.454817346720807,1.435,0.0,97.73432,-154.33679,48.661415,0.6,0.0,0.5
0.3052008073100928,0.2512480507339041,0.5016837678618401,14.94,251658.23999999996,-0.8999999999999999,-17975.588571428565,1.0,0.24710837122716356,1.44,0.0,84.185036,-74.40891,-155.52348,0.6,0.0,0.5
0.31731357991652037,0.2433156798530576,0.5017464377114965,17.46,278148.5810526317,-0.72,19867.75578947368,1.0,-0.07333597827079785,1.445,0.0,84.185036,-74.40891,-155.52348,0.6,0.0,0.5
0.32637688660967923,0.2338539368242954,0.5014472379973033,19.98,57.09032715959359,-0.72,0.0,1.0,0.17081209753717275,1.45,0.0,84.185036,-74.40891,-155.52348,0.6,0.0,0.5
0.33664319165610396,0.2122160703094051,0.5011663123296993,22.68,179755.88571428566,-0.72,0.0,1.0,-0.07333597827079785,1.455,0.0,84.185036,-74.40891,-155.52348,0.6,0.0,0.5
0.3467022834053549,0.19272181564949,0.5010558905824694,25.56,345131.30057142844,-0.72,0.0,1.0,-0.10385448774679418,1.46,0.0,56.36423,-97.56891,-93.08727,0.6,0.0,0.5
0.35487235924636046,0.17605350272858644,0.5006493053090607,28.619999999999997,414018.3948387095,-0.72,0.0,1.0,0.00296029541919296,1.465,0.0,56.36423,-97.56891,-93.08727,0.6,0.0,0.5
0.3630679619456404,0.15124398604437977,0.5001778630024791,31.68,388926.3709090912,-0.72,0.0,1.0,0.41496017334514335,1.47,0.0,56.36423,-97.56891,-93.08727,0.6,0.0,0.5
0.3716968468681417,0.1436010522095707,0.5000313438846842,34.92,377487.3600000002,-0.72,0.0,1.0,0.5522934659871268,1.475,0.0,56.36423,-97.56891,-93.08727,0.6,0.0,0.5
0.3785536134485491,0.13114033452727408,0.5000085194660194,37.98,377487.3599999994,-0.72,0.0,1.0,0.2776268807031599,1.48,0.0,57.75651,-94.10785,-17.65187,0.6,0.0,0.5
0.3855916940386943,0.10669391311001544,0.49963352418956575,41.22,424673.28000000026,-0.72,0.0,1.0,-0.04281746879480153,1.485,0.0,57.75651,-94.10785,-17.65187,0.6,0.0,0.5
0.39251683690733896,0.08906680632489075,0.4994381064432871,44.46,452984.8320000003,-0.72,0.0,1.0,0.1097750785851801,1.49,0.0,57.75651,-94.10785,-17.65187,0.6,0.0,0.5
0.39854111273909004,0.07000041518238281,0.49935870774836305,47.699999999999996,78.78225432621223,-0.72,0.0,1.0,0.12503433332317826,1.495,0.0,57.75651,-94.10785,-17.65187,0.6,0.0,0.5
0.40439059523654863,0.06460287251783717,0.4990857638577558,50.94,149335.658901099,-0.72,0.0,1.0,0.4302194280831415,1.5,0.0,97.43829,237.96649,161.04144,0.6,0.6,0.5
0.41075958199649487,0.07114382477113929,0.4987823189804651,54.0,320864.2560000002,-0.72,0.0,1.0,0.36918240913114886,1.5050000000000001,0.0,97.43829,237.96649,161.04144,0.6,0.6,0.5
0.4165276325343823,0.05790489615646439,0.49856971546922096,57.059999999999995,388926.37090909027,-0.72,0.0,1.0,0.018219550157191122,1.51,0.0,97.43829,237.96649,161.04144,0.6,0.6,0.5
0.4218185233972655,0.05731027133276127,0.49846185688329403,60.12,414018.39483870997,-0.72,0.0,1.0,0.00296029541919296,1.5150000000000001,0.0,97.43829,237.96649,161.04144,0.6,0.6,0.5
0.426844606986781,0.04006011341662402,0.4986724090819297,63.0,366048.3490909094,-0.72,0.0,1.0,0.5217749565111305,1.52,0.0,78.87396,-108.35532,-58.224648,0.6,0.0,0.5
0.4320518867109087,0.031379216904235466,0.49857404906383196,65.7,343170.3272727276,-0.72,0.0,1.0,0.17081209753717275,1.5250000000000001,0.0,78.87396,-108.35532,-58.224648,0.6,0.0,0.5
0.43650657278784916,0.00811113861658947,0.4985030339494669,68.39999999999999,353894.3999999985,-0.72,0.0,1.0,0.00296029541919296,1.53,0.0,78.87396,-108.35532,-58.224648,0.6,0.0,0.5
0.44168114860819857,0.031694414935822944,0.49850936830917275,70.92,57.959060340856986,-0.72,0.0,1.0,-0.027558214056803365,1.5350000000000001,0.0,78.87396,-108.35532,-58.224648,0.6,0.0,0.5
0.44671369200228017,0.037685641505704026,0.49829840715625817,73.25999999999999,106681.21043478212,-0.72,0.0,1.0,-0.180150761436785,1.54,0.0,-103.27161,142.51741,-89.71657,0.0,0.6,0.5
0.45072966456014596,0.03613229092476351,0.49830561410306545,75.42,201326.592000001,-0.72,0.0,1.0,0.12503433332317826,1.545,0.0,-103.27161,142.51741,-89.71657,0.0,0.6,0.5
0.4545214982564499,0.0335387185183971,0.49852858063124544,77.39999999999999,237277.76914285592,-0.72,0.0,1.0,0.20133060701316907,1.55,0.0,-103.27161,142.51741,-89.71657,0.0,0.6,0.5
0.45860030756844145,0.062148449091507185,0.49827966440478927,79.02,205902.19636363693,-0.54,22878.02181818181,1.0,0.2623676259651617,1.555,0.0,-103.27161,142.51741,-89.71657,0.0,0.6,0.5
0.4610319924055419,0.08137178819996987,0.4986009052271998,80.28,155435.9717647065,-0.54,0.0,1.0,0.1860713522751709,1.56,0.0,-111.54545,-36.60812,28.477402,0.0,0.0,0.5
0.4636860952462703,0.089783138847856,0.49856840547514775,81.17999999999999,107853.53142857041,-0.54,0.0,1.0,-0.07333597827079785,1.565,0.0,-111.54545,-36.60812,28.477402,0.0,0.0,0.5
0.46558310478682874,0.09588877073227785,0.4984232457338828,81.72,70778.88000000082,-0.54,0.0,1.0,-0.04281746879480153,1.57,0.0,-111.54545,-36.60812,28.477402,0.0,0.0,0.5
0.4666682430941448,0.10369162245999543,0.4983876432767482,81.72,0.0,-0.54,0.0,1.0,0.2623676259651617,1.575,0.0,-111.54545,-36.60812,28.477402,0.0,0.0,0.5
0.46632668044503217,0.10642061035551552,0.4981629688421761,81.53999999999999,-4.27133032350062,-0.54,0.0,1.0,0.1860713522751709,1.58,0.0,-95.93707,127.29288,138.88577,0.0,0.6,0.5
0.4650548366926996,0.11218846083085661,0.4981565101312435,80.82,-39219.46597402591,-0.54,0.0,1.0,0.1097750785851801,1.585,0.0,-95.93707,127.29288,138.88577,0.0,0.6,0.5
0.4647898039462061,0.12248134772855071,0.49779149374515913,79.92,-102023.61081080984,-0.54,0.0,1.0,0.17081209753717275,1.59,0.0,-95.93707,127.29288,138.88577,0.0,0.6,0.5
0.4637567429750066,0.13938466907559244,0.49732478483450177,78.66,-155435.9717647065,-0.72,-22205.138823529403,1.0,0.1097750785851801,1.595,0.0,-95.93707,127.29288,138.88577,0.0,0.6,0.5
0.4611928091736552,0.13538164816721845,0.49709243575111045,77.39999999999999,-150994.9440000006,-0.72,0.0,1.0,0.1097750785851801,1.6,0.0,-108.119446,121.96378,148.14217,0.0,0.6,0.5
0.45375200689642864,0.1360538131922449,0.49700066808295296,75.78,-194136.3565714274,-0.72,0.0,1.0,0.3539231543931507,1.605,0.0,-108.119446,121.96378,148.14217,0.0,0.6,0.5
0.4345124090844539,0.1338388505065748,0.49688612831416845,74.16,-199846.24941176525,-0.72,0.0,1.0,-0.04281746879480153,1.61,0.0,-108.119446,121.96378,148.14217,0.0,0.6,0.5
0.40958986705742445,0.13717068754890593,0.49648978343830924,72.17999999999999,-267894.2554838715,-0.72,0.0,1.0,0.384441663869147,1.615,0.0,-108.119446,121.96378,148.14217,0.0,0.6,0.5
0.37981059924188565,0.15477231677908015,0.4961822533669313,70.38,-228780.21818181782,-0.72,0.0,1.0,0.29288613544115805,1.62,0.0,-107.58049,116.66836,141.40445,0.0,0.6,0.5
0.3491628440527164,0.16625079844990334,0.49640526288927506,68.22,-49.978742545691176,-0.72,0.0,1.0,0.32340464491715437,1.625,0.0,-107.58049,116.66836,141.40445,0.0,0.6,0.5
0.3180585242561384,0.18152731789953264,0.4961973805345882,66.06,-153554.1803389828,-0.72,0.0,1.0,0.24710837122716356,1.6300000000000001,0.0,-107.58049,116.66836,141.40445,0.0,0.6,0.5
0.28848207077343146,0.2001877627908812,0.49643806385676587,63.72,-288666.8047058828,-0.72,0.0,1.0,0.20133060701316907,1.635,0.0,-107.58049,116.66836,141.40445,0.0,0.6,0.5
0.2598989429693251,0.22674675871990252,0.49625367428545963,61.379999999999995,-338436.9434482764,-0.72,0.0,1.0,0.1097750785851801,1.6400000000000001,0.0,-94.30495,113.12043,142.24701,0.0,0.6,0.5
0.23277965598523706,0.22588420988391783,0.4964634676004846,59.04,-327155.7119999995,-0.72,0.0,1.0,0.20133060701316907,1.645,0.0,-94.30495,113.12043,142.24701,0.0,0.6,0.5
0.20657134497537866,0.23691658467606797,0.49695890825609296,56.519999999999996,-320292.3054545458,-0.72,0.0,1.0,-0.04281746879480153,1.6500000000000001,0.0,-94.30495,113.12043,142.24701,0.0,0.6,0.5
0.18370134756842718,0.25786101582858867,0.49719312716684794,53.82,-377487.3599999994,-0.72,0.0,1.0,0.09451582384718193,1.655,0.0,-94.30495,113.12043,142.24701,0.0,0.6,0.5
0.1614835100257691,0.28004286948669205,0.49759986350822033,51.12,-390504.1655172418,-0.72,0.0,1.0,0.12503433332317826,1.6600000000000001,0.0,-113.82367,110.21322,133.81374,0.0,0.6,0.5
0.14290861572201483,0.29836585677183597,0.4976985641219851,48.42,-60.944364139296745,-0.72,0.0,1.0,0.24710837122716356,1.665,0.0,-113.82367,110.21322,133.81374,0.0,0.6,0.5
0.12661940518338238,0.3077275954768931,0.4979163821186555,45.54,-185839.93107692324,-0.72,0.0,1.0,0.018219550157191122,1.67,0.0,-113.82367,110.21322,133.81374,0.0,0.6,0.5
0.10926730739567914,0.3303016533660142,0.49810815418213084,42.48,-346880.276756757,-0.72,0.0,1.0,0.3539231543931507,1.675,0.0,-113.82367,110.21322,133.81374,0.0,0.6,0.5
0.0987982973130983,0.33431184262957353,0.49844665307522296,39.6,-355282.22117647005,-0.72,0.0,1.0,0.06399731437118561,1.68,0.0,-134.67714,-132.85739,134.12238,0.0,0.0,0.5
0.08674690597004127,0.35048685075239583,0.49865977603082917,36.54,-442571.38758620725,-0.72,0.0,1.0,0.2776268807031599,1.685,0.0,-134.67714,-132.85739,134.12238,0.0,0.0,0.5
0.09205238847463248,0.36169917208072544,0.49905045423752775,33.3,-438372.4180645164,-0.72,0.0,1.0,0.033478804895189285,1.69,0.0,-134.67714,-132.85739,134.12238,0.0,0.0,0.5
0.07846028463875022,0.3655205430202294,0.49917828012376136,30.06,-424673.2799999998,-0.72,0.0,1.0,0.17081209753717275,1.695,0.0,-134.67714,-132.85739,134.12238,0.0,0.0,0.5
0.06509939219577895,0.3765253778727109,0.4992245019362889,26.82,-411804.3927272725,-0.72,0.0,1.0,-0.027558214056803365,1.7,0.0,46.45567,-50.23446,-115.99649,0.6,0.0,0.5
0.05399798760584926,0.3877178113175857,0.4997137709174866,23.4,-478150.65600000025,-0.72,0.0,1.0,0.2623676259651617,1.705,0.0,46.45567,-50.23446,-115.99649,0.6,0.0,0.5
0.03852467895562757,0.39245168790545526,0.4999933155165241,19.98,-83.61908572627746,-0.72,0.0,1.0,-0.05807672353279969,1.71,0.0,46.45567,-50.23446,-115.99649,0.6,0.0,0.5
0.037113362219493816,0.4075601908953238,0.4998300786522335,16.38,-243540.2322580646,-0.72,0.0,1.0,0.3081453901791562,1.715,0.0,46.45567,-50.23446,-115.99649,0.6,0.0,0.5
0.03692040717318507,0.40099407534804404,0.49946170795978845,12.78,-431414.12571428565,-0.72,0.0,1.0,-0.1343729972227905,1.72,8.522881865501404,70.23797,-144.62897,-150.1792,0.6,0.0,0.5
0.03367679447520118,0.40133547369893846,0.4993880964921525,9.18,-520672.2206896551,-0.72,0.0,1.0,0.09451582384718193,1.725,8.522881865501404,70.23797,-144.62897,-150.1792,0.6,0.0,0.5
0.0284790202301919,0.4103555739612298,0.4990375310513239,5.58,-520672.2206896551,-0.8999999999999999,-26033.61103448275,1.0,11.020142216254143,1.73,8.522881865501404,70.23797,-144.62897,-150.1792,0.6,0.0,0.5
0.034721942038580755,0.40312018726486304,0.49962281668867536,2.34,-438372.41806451615,6.12,949806.9058064516,1.0,19.83999145481736,1.735,8.522881865501404,70.23797,-144.62897,-150.1792,0.6,0.0,0.5
0.036774479147244625,0.3962172757835589,0.5025728540552139,0.18,-266461.6658823529,9.0,355282.2211764706,1.0,-0.454817346720807,1.74,20.0,63.220215,82.744514,-0.74447876,0.6,0.6,0.5
0.0345092638518634,0.391395802951963,0.5045839513844834,-0.72,-125829.11999999998,8.82,-25165.82399999996,1.0,3.115848261970875,1.745,20.0,63.220215,82.744514,-0.74447876,0.6,0.6,0.5
0.032588106511670135,0.3722324936496422,0.5066510833858219,-0.36,8.14278632828931,9.18,8.142786328289297,1.0,-0.5921506393627904,1.75,20.0,63.220215,82.744514,-0.74447876,0.6,0.6,0.5
0.03362448830769467,0.34864215474700255,0.5080225235832715,0.8999999999999999,67754.14153846152,6.84,-125829.12,1.0,0.9185155796990827,1.7550000000000001,20.0,63.220215,82.744514,-0.74447876,0.6,0.6,0.5
0.06582895765591178,0.32264372959314314,0.5050335484976998,3.06,251658.24000000002,3.42,-398458.88,1.0,3.3599963377788455,1.76,8.522881865501404,101.42237,-77.028404,-16.49136,0.6,0.0,0.5
0.08789206579195057,0.2810745216847511,0.5029387605712213,5.58,278148.5810526316,0.0,-377487.36,1.0,2.093478194524998,1.7650000000000001,8.522881865501404,101.42237,-77.028404,-16.49136,0.6,0.0,0.5
0.09861420747250473,0.25909605059796753,0.49999166718485355,6.66,150994.94400000002,-0.54,-75497.47200000001,1.0,-0.8057802056947647,1.77,8.522881865501404,101.42237,-77.028404,-16.49136,0.6,0.0,0.5
0.1172599441462198,0.23780426360999773,0.497493994546676,8.1,172565.65028571422,0.72,150994.944,1.0,-1.3703726310006967,1.7750000000000001,8.522881865501404,101.42237,-77.028404,-16.49136,0.6,0.0,0.5
0.13541885666170655,0.22908362644422706,0.4971799756125343,9.719999999999999,219186.20903225796,0.36,-48708.0464516129,1.0,-1.1262245551927261,1.78,0.0,35.959248,-72.031906,-4.462951,0.6,0.0,0.5
0.15017981135348055,0.23020347730960375,0.4965484226080028,11.34,205902.1963636365,-0.8999999999999999,-160146.1527272727,1.0,-0.3327433088168217,1.7850000000000001,0.0,35.959248,-72.031906,-4.462951,0.6,0.0,0.5
0.16802278519260314,0.22480322875421385,0.495619978364881,12.6,176160.76799999998,-0.54,50331.64799999998,1.0,-0.42429883724481066,1.79,0.0,35.959248,-72.031906,-4.462951,0.6,0.0,0.5
0.18823249117083454,0.2408325441423393,0.495269055694926,14.219999999999999,39.394781277720746,-0.72,-4.3771979197467505,1.0,-0.012298959318805203,1.795,0.0,35.959248,-72.031906,-4.462951,0.6,0.0,0.5
0.20239334830511208,0.24456055279687847,0.49496190421937697,15.66,95869.8057142858,-0.72,0.0,1.0,-0.04281746879480153,1.8,0.0,110.83351,-102.13682,-186.04929,0.6,0.0,0.5
0.2185187201636569,0.24884813925359806,0.49470310430826303,17.099999999999998,177641.11058823502,-0.72,0.0,1.0,0.7201452681051066,1.805,0.0,110.83351,-102.13682,-186.04929,0.6,0.0,0.5
0.23669134403663028,0.2576590010829199,0.4945707543130549,18.72,226492.41600000014,-0.72,0.0,1.0,0.7354045228431048,1.81,0.0,110.83351,-102.13682,-186.04929,0.6,0.0,0.5
0.2506066833341717,0.2550151747131241,0.49440772641175534,20.34,242670.44571428586,-0.72,0.0,1.0,0.6133304849391195,1.815,0.0,110.83351,-102.13682,-186.04929,0.6,0.0,0.5
0.26360052582057714,0.24703942086212746,0.4941559896234933,21.96,199846.24941176482,-0.72,0.0,1.0,-0.22592852565083454,1.82,0.0,53.303112,-90.57458,-12.463134,0.6,0.0,0.5
0.2797338620005666,0.23734175452267106,0.4940660820685064,23.58,212336.63999999966,-0.72,0.0,1.0,0.06399731437118561,1.825,0.0,53.303112,-90.57458,-12.463134,0.6,0.0,0.5
0.2930090509041212,0.23549184136248943,0.49407930012190054,25.38,243540.2322580646,-0.72,0.0,1.0,0.06399731437118561,1.83,0.0,53.303112,-90.57458,-12.463134,0.6,0.0,0.5
0.3045368038845555,0.2207343733746413,0.49420597713354664,27.18,41.154474540608035,-0.72,0.0,1.0,0.2776268807031599,1.835,0.0,53.303112,-90.57458,-12.463134,0.6,0.0,0.5
0.31784075886880697,0.2027547594033788,0.4942198255491026,28.98,79471.02315789477,-0.72,0.0,1.0,-0.16489150669878683,1.84,0.0,94.14275,262.0579,25.494987,0.6,0.6,0.5
0.330300342898204,0.18695670635875344,0.4939528930333701,30.779999999999998,188743.6799999997,-0.72,0.0,1.0,0.2623676259651617,1.845,0.0,94.14275,262.0579,25.494987,0.6,0.6,0.5
0.34041803389826136,0.1610332876667515,0.4935105480920734,32.76,259522.56000000006,-0.72,0.0,1.0,-0.07333597827079785,1.85,0.0,94.14275,262.0579,25.494987,0.6,0.6,0.5
0.35182419749932425,0.13712308100855194,0.4935335079583063,34.74,267894.2554838715,-0.72,0.0,1.0,0.04873805963318745,1.855,0.0,94.14275,262.0579,25.494987,0.6,0.6,0.5
0.3625559164673771,0.12984110414954106,0.49344294553093887,36.9,251658.2399999996,-0.72,0.0,1.0,0.07925656910918377,1.86,0.0,30.272478,-102.60574,70.70913,0.6,0.0,0.5
0.3708114742101308,0.12213235970334071,0.49347966830388457,38.879999999999995,251658.2399999996,-0.72,0.0,1.0,0.384441663869147,1.865,0.0,30.272478,-102.60574,70.70913,0.6,0.0,0.5
0.37940474541470226,0.11083025458053897,0.493595516069144,41.04,274536.2618181823,-0.72,0.0,1.0,-0.16489150669878683,1.87,0.0,30.272478,-102.60574,70.70913,0.6,0.0,0.5
0.3881415216060568,0.09896770838991387,0.4934415086967674,43.379999999999995,338436.9434482753,-0.72,0.0,1.0,0.07925656910918377,1.875,0.0,30.272478,-102.60574,70.70913,0.6,0.0,0.5
0.3951507164977444,0.08320022912322338,0.49296585865670023,45.54,52.743797680592515,-0.72,0.0,1.0,-0.027558214056803365,1.8800000000000001,0.0,115.32289,85.68195,80.412384,0.6,0.6,0.5
0.40199396302507406,0.07378256803388633,0.4928894622632164,47.699999999999996,137268.1309090907,-0.72,0.0,1.0,0.29288613544115805,1.885,0.0,115.32289,85.68195,80.412384,0.6,0.6,0.5
0.40861206180707693,0.07929110333144512,0.4930320809900933,49.86,266461.6658823534,-0.72,0.0,1.0,0.07925656910918377,1.8900000000000001,0.0,115.32289,85.68195,80.412384,0.6,0.6,0.5
0.4139041774208042,0.08718457826056289,0.49297023662466294,52.019999999999996,292248.27870967693,-0.72,0.0,1.0,0.29288613544115805,1.895,0.0,115.32289,85.68195,80.412384,0.6,0.6,0.5
0.4191479937047023,0.09364140913195755,0.4931863213741784,54.18,283115.5200000005,-0.72,0.0,1.0,0.17081209753717275,1.9000000000000001,0.0,58.092606,-59.116848,-88.7306,0.6,0.0,0.5
0.4246807264677185,0.08070980939151667,0.4931998108398771,56.339999999999996,283115.51999999955,-0.72,0.0,1.0,0.2623676259651617,1.905,0.0,58.092606,-59.116848,-88.7306,0.6,0.0,0.5
0.42897283681470383,0.0900769846746635,0.4932221107783784,58.32,237277.7691428576,-0.72,0.0,1.0,-0.1343729972227905,1.9100000000000001,0.0,58.092606,-59.116848,-88.7306,0.6,0.0,0.5
0.4335016635440497,0.08282311935133889,0.49301950136262773,60.3,244256.52705882315,-0.72,0.0,1.0,0.17081209753717275,1.915,0.0,58.092606,-59.116848,-88.7306,0.6,0.0,0.5
0.43788976644275723,0.095796364207212,0.4932287238831325,62.099999999999994,40.7618521078092,-0.72,0.0,1.0,0.2776268807031599,1.92,0.0,102.68172,-90.34763,106.71611,0.6,0.0,0.5
0.44199506401551386,0.12280147351192301,0.49301500153734423,63.9,119837.25714285743,-0.72,0.0,1.0,0.07925656910918377,1.925,0.0,102.68172,-90.34763,106.71611,0.6,0.0,0.5
0.4456491329703822,0.13393913030780707,0.49279287942817124,65.52,212336.63999999966,-0.72,0.0,1.0,-0.180150761436785,1.93,0.0,102.68172,-90.34763,106.71611,0.6,0.0,0.5
0.44889387209212084,0.1516143838696298,0.49249155877952855,66.96,201326.59199999968,-0.72,0.0,1.0,0.20133060701316907,1.935,0.0,102.68172,-90.34763,106.71611,0.6,0.0,0.5
0.45132776864636504,0.16507574699740896,0.492233213388354,68.22,188743.68000000078,-0.72,0.0,1.0,-0.07333597827079785,1.94,0.0,55.22189,-51.410515,-101.05488,0.6,0.0,0.5
0.4528838931429967,0.1626398241136122,0.4923898063637585,69.3,146124.13935483847,-0.72,0.0,1.0,0.3081453901791562,1.945,0.0,55.22189,-51.410515,-101.05488,0.6,0.0,0.5
0.4548899604785857,0.17191115005152532,0.4921976817452395,70.2,121770.11612903302,-0.72,0.0,1.0,0.1097750785851801,1.95,0.0,55.22189,-51.410515,-101.05488,0.6,0.0,0.5
0.45609730448393876,0.17880855584600197,0.4924892269074004,70.74,68634.06545454444,-0.54,22878.02181818181,1.0,0.33866389965515253,1.955,0.0,55.22189,-51.410515,-101.05488,0.6,0.0,0.5
0.4575346408013896,0.18276904423428195,0.49230298271639705,71.1,48708.04645161283,-0.54,0.0,1.0,0.12503433332317826,1.96,0.0,64.67316,-98.43576,-75.77544,0.6,0.0,0.5
0.45914888150407124,0.18327228681094004,0.49237868886236813,71.28,4.381135071145218,-0.54,0.0,1.0,0.3997009186071452,1.965,0.0,64.67316,-98.43576,-75.77544,0.6,0.0,0.5
0.4611640896337787,0.18157593551810816,0.4921652288832176,71.1,-8778.775813953822,-0.72,-8778.775813953485,1.0,0.00296029541919296,1.97,0.0,64.67316,-98.43576,-75.77544,0.6,0.0,0.5
0.4628565226445199,0.1605300921822157,0.4922250162080304,70.92,-17557.551627906258,-0.72,0.0,1.0,0.29288613544115805,1.975,0.0,64.67316,-98.43576,-75.77544,0.6,0.0,0.5
0.46532145032693967,0.14967058700477348,0.49194429017835684,70.56,-44410.277647058756,-0.72,0.0,1.0,0.15555284279917458,1.98,0.0,24.764664,-15.123154,-20.677265,0.6,0.0,0.5
0.4683442252171659,0.12649322661178447,0.49147615068802036,70.2,-47185.919999999925,-0.72,0.0,1.0,0.2318491164891654,1.985,0.0,24.764664,-15.123154,-20.677265,0.6,0.0,0.5
0.47016609842521995,0.11501690678157146,0.4917921145507729,69.84,-44410.277647058756,-0.72,0.0,1.0,-0.07333597827079785,1.99,0.0,24.764664,-15.123154,-20.677265,0.6,0.0,0.5
0.4731925265430645,0.10408427153124618,0.49134445544001043,69.3,-64712.11885714361,-0.72,0.0,1.0,0.29288613544115805,1.995,0.0,24.764664,-15.123154,-20.677265,0.6,0.0,0.5
0.47623615059154134,0.07809306142690337,0.49131221047626134,68.94,-48708.04645161283,-0.72,0.0,1.0,0.2318491164891654,2.0,0.0,60.65643,39.248714,6.748978,0.6,0.6,0.5
0.4782110428958782,0.06959699039417402,0.49169839491643935,68.39999999999999,-12.109433163314547,-0.72,0.0,1.0,0.00296029541919296,2.005,0.0,60.65643,39.248714,6.748978,0.6,0.6,0.5
0.4808511899418536,0.048686915941384905,0.4916574451128868,68.03999999999999,-15894.204631578923,-0.72,0.0,1.0,-0.05807672353279969,2.0100000000000002,0.0,60.65643,39.248714,6.748978,0.6,0.6,0.5
0.483859716408203,0.04208158221350387,0.4914790050424269,67.67999999999999,-35951.17714285709,-0.72,0.0,1.0,0.07925656910918377,2.015,0.0,60.65643,39.248714,6.748978,0.6,0.6,0.5
0.4858922592884175,0.044657034907687,0.4919255217202186,67.32,-44410.277647058756,-0.72,0.0,1.0,0.1860713522751709,2.02,0.0,48.59508,1.2243555,64.36093,0.6,0.6,0.5
0.48862696815315904,0.02505933653751296,0.4916063367556132,66.96,-53926.765714285626,-0.72,0.0,1.0,0.33866389965515253,2.025,0.0,48.59508,1.2243555,64.36093,0.6,0.6,0.5
0.4912798719646007,0.02468878540418483,0.49177599822345236,66.78,-23592.95999999903,-0.72,0.0,1.0,0.24710837122716356,2.0300000000000002,0.0,48.59508,1.2243555,64.36093,0.6,0.6,0.5
0.4933482269282659,0.016567527266192292,0.4920984769206945,66.6,-21570.706285715103,-0.72,0.0,1.0,-0.012298959318805203,2.035,0.0,48.59508,1.2243555,64.36093,0.6,0.6,0.5
0.4952740270790694,0.017284048152128213,0.4925295571768039,66.6,0.0,-0.72,0.0,1.0,0.12503433332317826,2.04,0.0,73.98856,-31.297548,-30.357986,0.6,0.0,0.5
0.49758742499493763,0.006937360657408575,0.4927789198995112,66.6,0.0,-0.72,0.0,1.0,0.20133060701316907,2.045,0.0,73.98856,-31.297548,-30.357986,0.6,0.0,0.5
0.49972810855260585,0.006084872756539677,0.4929882811789419,66.6,0.0,-0.72,0.0,1.0,0.21658986175116723,2.05,0.0,73.98856,-31.297548,-30.357986,0.6,0.0,0.5
0.5016706780447906,0.03776119160419135,0.49333426859568863,66.6,0.0,-0.72,0.0,1.0,0.6438489944151158,2.055,0.0,73.98856,-31.297548,-30.357986,0.6,0.0,0.5
0.5037490975690154,0.05463106370118633,0.49352026722934517,66.78,17158.516363637013,-0.72,0.0,1.0,0.1097750785851801,2.06,0.0,100.357254,-79.87708,-91.4989,0.6,0.0,0.5
0.505408659126534,0.06493355685618461,0.4937881132490469,66.78,0.0,-0.72,0.0,1.0,0.2776268807031599,2.065,0.0,100.357254,-79.87708,-91.4989,0.6,0.0,0.5
0.5065473144576847,0.08330843396035868,0.49418734927008706,66.78,0.0,-0.72,0.0,1.0,0.15555284279917458,2.07,0.0,100.357254,-79.87708,-91.4989,0.6,0.0,0.5
0.507349629146413,0.09197876803933493,0.49497544483634337,66.96,22205.1388235285,-0.72,0.0,1.0,-0.04281746879480153,2.075,0.0,100.357254,-79.87708,-91.4989,0.6,0.0,0.5
0.5079216758585785,0.11395481720776186,0.4954230906295487,66.96,0.0,-0.72,0.0,1.0,-0.05807672353279969,2.08,0.0,12.687687,-110.31836,-68.4804,0.6,0.0,0.5
0.508562033380143,0.11385113891983828,0.4956904995486218,66.96,0.0,-0.72,0.0,1.0,0.04873805963318745,2.085,0.0,12.687687,-110.31836,-68.4804,0.6,0.0,0.5
0.5087295239184247,0.12342634634643831,0.49607774233625557,66.96,0.0,-0.72,0.0,1.0,0.033478804895189285,2.09,0.0,12.687687,-110.31836,-68.4804,0.6,0.0,0.5
0.5086966777639295,0.11725346120997858,0.49633663925430044,66.78,-4.266526817855413,-0.72,0.0,1.0,0.17081209753717275,2.095,0.0,12.687687,-110.31836,-68.4804,0.6,0.0,0.5
0.508944761914464,0.1259082084287804,0.4964822007716782,66.78,0.0,-0.72,0.0,1.0,0.018219550157191122,2.1,0.0,-134.39462,-130.72037,-166.14609,0.0,0.0,0.5
0.5088165682281235,0.11870067857862444,0.49688396732072226,66.78,0.0,-0.72,0.0,1.0,0.17081209753717275,2.105,0.0,-134.39462,-130.72037,-166.14609,0.0,0.0,0.5
0.508481711007657,0.10055563219268641,0.49752792357420295,66.78,0.0,-0.72,0.0,1.0,-0.012298959318805203,2.11,0.0,-134.39462,-130.72037,-166.14609,0.0,0.0,0.5
0.5084314122720087,0.11070572260719949,0.49804309105493766,66.78,0.0,-0.72,0.0,1.0,0.29288613544115805,2.115,0.0,-134.39462,-130.72037,-166.14609,0.0,0.0,0.5
0.5087426298261384,0.11983425422643422,0.49840568870555635,66.78,0.0,-0.72,0.0,1.0,0.00296029541919296,2.12,0.0,-122.87364,-125.12007,-168.33499,0.0,0.0,0.5
0.5089299530341794,0.10801480485775944,0.4990452178588128,66.78,0.0,-0.72,0.0,1.0,0.1860713522751709,2.125,0.0,-122.87364,-125.12007,-168.33499,0.0,0.0,0.5
0.5094289501705891,0.10253692984408277,0.49956861135570196,66.78,0.0,-0.72,0.0,1.0,0.2318491164891654,2.13,0.0,-122.87364,-125.12007,-168.33499,0.0,0.0,0.5
0.5094501373077315,0.07007100956245381,0.4998639625931489,66.78,0.0,-0.72,0.0,1.0,0.1097750785851801,2.1350000000000002,0.0,-122.87364,-125.12007,-168.33499,0.0,0.0,0.5
0.5073846412641966,0.047591807312658684,0.5005914553073961,66.96,7401.712941176167,-0.72,0.0,1.0,0.3539231543931507,2.14,0.0,-107.48505,118.96081,140.32045,0.0,0.6,0.5
0.5067035878421604,0.04531157875587628,0.5010936764513004,66.96,0.0,-0.72,0.0,1.0,0.00296029541919296,2.145,0.0,-107.48505,118.96081,140.32045,0.0,0.6,0.5
0.506189686032685,0.043173674829886106,0.5016084678239765,66.96,0.0,-0.72,0.0,1.0,0.12503433332317826,2.15,0.0,-107.48505,118.96081,140.32045,0.0,0.6,0.5
0.503807177006261,0.020318426634802142,0.5019979415340741,66.96,0.0,-0.72,0.0,1.0,0.12503433332317826,2.1550000000000002,0.0,-107.48505,118.96081,140.32045,0.0,0.6,0.5
0.4994066549752997,0.011596836120915163,0.5028386712471496,66.78,-20404.722162161324,-0.72,0.0,1.0,0.033478804895189285,2.16,0.0,-109.55179,130.96063,157.6857,0.0,0.6,0.5
0.48406348797151955,0.008248358456433912,0.5032481748945168,66.78,0.0,-0.72,0.0,1.0,0.44547868282113967,2.165,0.0,-109.55179,130.96063,157.6857,0.0,0.6,0.5
0.45862288969652765,-0.0031965520477640137,0.5037448420129219,66.6,-22878.021818182686,-0.72,0.0,1.0,0.1860713522751709,2.17,0.0,-109.55179,130.96063,157.6857,0.0,0.6,0.5
0.42792868747202634,0.0028234777624981397,0.5040611116247082,66.42,-24354.023225805453,-0.72,0.0,1.0,0.2623676259651617,2.1750000000000003,0.0,-109.55179,130.96063,157.6857,0.0,0.6,0.5
0.39684923234265423,0.007695082989800483,0.5041446154465127,66.24,-4.394983845710693,-0.72,0.0,1.0,0.2623676259651617,2.18,0.0,-119.03747,142.74086,165.23749,0.0,0.6,0.5
0.3636491993789928,0.023215012243938352,0.5046720563432477,65.88,-23229.991384615347,-0.72,0.0,1.0,0.07925656910918377,2.185,0.0,-119.03747,142.74086,165.23749,0.0,0.6,0.5
0.3331087490064768,0.039438500303547556,0.504874578254339,65.52,-44410.277647058756,-0.72,0.0,1.0,-0.04281746879480153,2.19,0.0,-119.03747,142.74086,165.23749,0.0,0.6,0.5
0.30228377112264615,0.06373123159366655,0.5049128778417045,64.98,-70778.87999999896,-0.72,0.0,1.0,-0.04281746879480153,2.195,0.0,-119.03747,142.74086,165.23749,0.0,0.6,0.5
0.27383129514702587,0.08551019812743507,0.5048876899347676,64.44,-75497.47200000087,-0.72,0.0,1.0,0.09451582384718193,2.2,0.0,-115.94019,134.32375,161.20956,0.0,0.6,0.5
0.24659336526359726,0.08681636906976481,0.5046838407761859,63.9,-61214.16648648639,-0.72,0.0,1.0,0.04873805963318745,2.205,0.0,-115.94019,134.32375,161.20956,0.0,0.6,0.5
0.2215343844542147,0.10647670601200299,0.5043683131739887,63.18,-88820.55529411751,-0.72,0.0,1.0,0.07925656910918377,2.21,0.0,-115.94019,134.32375,161.20956,0.0,0.6,0.5
0.19742571442025791,0.13624725845115254,0.5043508409338433,62.28,-117964.79999999981,-0.72,0.0,1.0,0.00296029541919296,2.215,0.0,-115.94019,134.32375,161.20956,0.0,0.6,0.5
0.1759006214486962,0.1441121099503866,0.5042561286276176,61.559999999999995,-16.630131723864626,-0.72,0.0,1.0,-0.08859523300879601,2.22,0.0,-111.991745,139.3565,169.10583,0.0,0.6,0.5
0.1565081043168565,0.17282976122371443,0.5036452297297582,60.48,-62914.5599999999,-0.72,0.0,1.0,0.07925656910918377,2.225,0.0,-111.991745,139.3565,169.10583,0.0,0.6,0.5
0.13953857606632564,0.1875999725795906,0.5034727694874812,59.58,-114390.10909090891,-0.72,0.0,1.0,0.04873805963318745,2.23,0.0,-111.991745,139.3565,169.10583,0.0,0.6,0.5
0.1250767692530682,0.20811018947910573,0.5034726249274069,58.32,-160146.15272727248,-0.72,0.0,1.0,0.20133060701316907,2.235,0.0,-111.991745,139.3565,169.10583,0.0,0.6,0.5
0.10534825167797154,0.2213727559964001,0.5033296564825384,57.239999999999995,-150994.94400000075,-0.72,0.0,1.0,0.41496017334514335,2.24,0.0,-124.038086,-41.25104,129.13177,0.0,0.0,0.5
0.09210483709621488,0.24611119731192946,0.5031336250415605,55.8,-167772.15999999974,-0.72,0.0,1.0,0.1097750785851801,2.245,0.0,-124.038086,-41.25104,129.13177,0.0,0.0,0.5
0.08160385840675927,0.25489188840644345,0.5029506198484962,54.36,-194832.1858064513,-0.72,0.0,1.0,0.1097750785851801,2.25,0.0,-124.038086,-41.25104,129.13177,0.0,0.0,0.5
0.06964382201429335,0.2608376068209739,0.5025635546095257,52.919999999999995,-188743.68000000063,-0.72,0.0,1.0,0.29288613544115805,2.255,0.0,-124.038086,-41.25104,129.13177,0.0,0.0,0.5
0.061646018868764245,0.27462161719923733,0.5024349918787896,51.12,-251658.2399999996,-0.72,0.0,1.0,0.1860713522751709,2.2600000000000002,0.0,-20.912796,-82.35389,-134.21289,0.0,0.0,0.5
0.05993386393811104,0.28800677705169375,0.502109335516285,49.32,-42.91384657359822,-0.72,0.0,1.0,0.2318491164891654,2.265,0.0,-20.912796,-82.35389,-134.21289,0.0,0.0,0.5
0.058318043093053495,0.30429141904679624,0.5020009821399918,47.519999999999996,-154076.47346938812,-0.72,0.0,1.0,0.15555284279917458,2.27,0.0,-20.912796,-82.35389,-134.21289,0.0,0.0,0.5
0.04131345544979958,0.3278796806622344,0.5020545654829534,45.54,-237277.76914285676,-0.72,0.0,1.0,0.2623676259651617,2.275,0.0,-20.912796,-82.35389,-134.21289,0.0,0.0,0.5
0.030239799072369372,0.33351435669137347,0.5020078656602763,43.379999999999995,-274536.2618181823,-0.72,0.0,1.0,0.09451582384718193,2.2800000000000002,8.522881865501404,22.496119,-125.131546,-120.624626,0.6,0.0,0.5
0.029517549831650527,0.33553279636464345,0.5020397551976978,41.22,-210690.6195348834,-0.72,0.0,1.0,-0.1343729972227905,2.285,8.522881865501404,22.496119,-125.131546,-120.624626,0.6,0.0,0.5
0.01848342780568841,0.3405992451778075,0.5020297746517791,39.059999999999995,-266461.6658823534,-0.72,0.0,1.0,0.1097750785851801,2.29,8.522881865501404,22.496119,-125.131546,-120.624626,0.6,0.0,0.5
0.024702914420940907,0.33194878494998087,0.5021486531133612,36.54,-330301.4399999995,-0.72,0.0,1.0,0.1097750785851801,2.295,8.522881865501404,22.496119,-125.131546,-120.624626,0.6,0.0,0.5
0.015898481472967314,0.33261303946863974,0.5025675846639232,34.199999999999996,-350523.9771428577,-0.72,0.0,1.0,0.018219550157191122,2.3000000000000003,20.0,76.83535,82.279335,-131.74832,0.6,0.6,0.5
0.006263400398155823,0.32471360667244953,0.5026191978132178,31.68,-58.31528871724129,-0.72,0.0,1.0,0.12503433332317826,2.305,20.0,76.83535,82.279335,-131.74832,0.6,0.6,0.5
0.002040738324880962,0.31084261593587303,0.5028680241155674,29.16,-211392.92159999997,-0.72,0.0,1.0,0.1097750785851801,2.31,20.0,76.83535,82.279335,-131.74832,0.6,0.6,0.5
0.004345716975479276,0.28151823760359407,0.5029760317777816,26.64,-320292.3054545454,-0.72,0.0,1.0,0.15555284279917458,2.315,20.0,76.83535,82.279335,-131.74832,0.6,0.6,0.5
0.009604707034301215,0.24711141058026287,0.5032231735827271,23.939999999999998,-377487.3600000004,-0.72,0.0,1.0,0.2776268807031599,2.32,20.0,102.30166,-68.525246,-146.68822,0.6,0.0,0.5
0.026330153994115462,0.23251569245535406,0.5034419560292486,21.24,-390504.1655172413,-0.72,0.0,1.0,0.1097750785851801,2.325,20.0,102.30166,-68.525246,-146.68822,0.6,0.0,0.5
0.041630818414022074,0.21751177754430676,0.5033404562259287,18.36,-345131.30057142844,-0.72,0.0,1.0,0.20133060701316907,2.33,20.0,102.30166,-68.525246,-146.68822,0.6,0.0,0.5
0.060552023247683655,0.18426814643854755,0.5034116428571046,15.479999999999999,-366048.3490909092,-0.72,0.0,1.0,0.3997009186071452,2.335,20.0,102.30166,-68.525246,-146.68822,0.6,0.0,0.5
0.07626134377538263,0.17055019545888384,0.5035712664309213,12.42,-427819.0079999998,-0.72,0.0,1.0,0.29288613544115805,2.34,8.522881865501404,5.25158,68.2339,-51.90047,0.6,0.6,0.5
0.09942403448741494,0.16111364795860134,0.5034682921097593,9.54,-389664.3716129033,-0.72,0.0,1.0,-0.1343729972227905,2.345,8.522881865501404,5.25158,68.2339,-51.90047,0.6,0.6,0.5
0.11762549202992727,0.14681361593711367,0.5033524390413889,6.66,-68.65669095497377,-0.72,0.0,1.0,0.24710837122716356,2.35,8.522881865501404,5.25158,68.2339,-51.90047,0.6,0.6,0.5
0.13777610204892196,0.1520155631114201,0.5034950636931107,4.14,-153183.27652173917,3.06,229774.9147826087,1.0,10.745475630970176,2.355,8.522881865501404,5.25158,68.2339,-51.90047,0.6,0.6,0.5
0.15100825200098897,0.15399264207455962,0.505701431694921,2.6999999999999997,-158942.04631578946,5.22,238413.06947368418,1.0,3.7414777062288547,2.36,0.0,69.58805,-134.44147,-99.121956,0.6,0.0,0.5
0.16687455084015643,0.1488085714245456,0.5068740451674875,2.52,-21570.706285714252,4.5,-86282.82514285711,1.0,2.352885525070967,2.365,0.0,69.58805,-134.44147,-99.121956,0.6,0.0,0.5
0.18367629786899825,0.13919677339846503,0.5079878856905554,3.78,160146.1527272727,3.78,-91512.0872727273,1.0,0.2318491164891654,2.37,0.0,69.58805,-134.44147,-99.121956,0.6,0.0,0.5
0.19428447589815845,0.12971652424266067,0.5082520337346703,5.76,244256.52705882353,0.72,-377487.3599999999,1.0,0.20133060701316907,2.375,0.0,69.58805,-134.44147,-99.121956,0.6,0.0,0.5
0.21034552186199787,0.14073374997339994,0.5057187202211776,7.38,205902.19636363638,-1.08,-228780.2181818182,1.0,0.2623676259651617,2.38,0.0,87.51587,-120.98735,-161.4443,0.6,0.0,0.5
0.22810067190170008,0.14555459221283878,0.5048513083754147,9.0,234302.49931034484,-0.36,104134.44413793104,1.0,0.15555284279917458,2.3850000000000002,0.0,87.51587,-120.98735,-161.4443,0.6,0.0,0.5
0.2409451707715297,0.1521048296420411,0.5040071635788906,10.98,45.60102527496061,-0.8999999999999999,-12.436643256807436,1.0,0.24710837122716356,2.39,0.0,87.51587,-120.98735,-161.4443,0.6,0.0,0.5
0.25501863458653373,0.17365369148797755,0.5028348527769101,12.6,125829.11999999994,-0.72,13981.013333333329,1.0,-0.37852107303081617,2.395,0.0,87.51587,-120.98735,-161.4443,0.6,0.0,0.5
0.2720117945508272,0.1807654953749649,0.5026777021017933,14.94,297414.28363636363,-0.8999999999999999,-22878.02181818181,1.0,-0.4853358561968033,2.4,0.0,61.63872,-96.553375,-109.23573,0.6,0.0,0.5
0.2840297841163062,0.17863479674260613,0.5025625513914523,17.28,297414.28363636386,-0.72,22878.02181818181,1.0,-0.4395580919828088,2.4050000000000002,0.0,61.63872,-96.553375,-109.23573,0.6,0.0,0.5
0.2956582976394153,0.18100683475749743,0.5023542319419326,19.62,363506.3466666666,-0.8999999999999999,-27962.026666666658,1.0,-0.180150761436785,2.41,0.0,61.63872,-96.553375,-109.23573,0.6,0.0,0.5
0.30992078633161146,0.17615461548576508,0.5023781794577536,22.32,404450.74285714276,-0.72,26963.38285714285,1.0,0.09451582384718193,2.415,0.0,61.63872,-96.553375,-109.23573,0.6,0.0,0.5
0.32115687329747233,0.17920091416904121,0.5021581898512981,24.84,320292.3054545454,-0.72,0.0,1.0,0.3539231543931507,2.42,0.0,71.1156,-78.93651,-97.235054,0.6,0.0,0.5
0.3308754657243745,0.1722887020817944,0.50201485088886,27.54,377487.3599999999,-0.8999999999999999,-25165.82399999999,1.0,0.07925656910918377,2.4250000000000003,0.0,71.1156,-78.93651,-97.235054,0.6,0.0,0.5
0.34236564089203414,0.1686976698284524,0.501917479868702,30.419999999999998,402653.18399999983,-0.72,25165.82399999999,1.0,0.20133060701316907,2.43,0.0,71.1156,-78.93651,-97.235054,0.6,0.0,0.5
0.351672941390499,0.16402937334808845,0.502087822239353,33.3,65.26159820632645,-0.72,0.0,1.0,-0.21066927091278131,2.435,0.0,71.1156,-78.93651,-97.235054,0.6,0.0,0.5
0.3600522873037699,0.15302749233578308,0.5018154616014864,36.18,185839.93107692324,-0.72,0.0,1.0,0.4302194280831415,2.44,0.0,39.587452,93.89239,39.76935,0.6,0.6,0.5
0.3689763936791531,0.13306711790241904,0.501963690210194,39.059999999999995,326475.55459459405,-0.72,0.0,1.0,0.15555284279917458,2.445,0.0,39.587452,93.89239,39.76935,0.6,0.6,0.5
0.37745492812417875,0.12180610780314599,0.5019190405308839,41.94,355282.2211764709,-0.72,0.0,1.0,0.3539231543931507,2.45,0.0,39.587452,93.89239,39.76935,0.6,0.6,0.5
0.38448338667766824,0.114318066620301,0.5018684619563296,45.0,414018.39483870997,-0.72,0.0,1.0,-0.180150761436785,2.455,0.0,39.587452,93.89239,39.76935,0.6,0.6,0.5
0.3918070532804938,0.10084734432271958,0.5017442241899513,47.879999999999995,335544.3199999995,-0.72,0.0,1.0,0.24710837122716356,2.46,0.0,90.51792,-124.44165,-126.27409,0.6,0.0,0.5
0.3987826267799011,0.08610928158988321,0.5015570564575956,50.76,389664.37161290355,-0.72,0.0,1.0,0.07925656910918377,2.465,0.0,90.51792,-124.44165,-126.27409,0.6,0.0,0.5
0.4048155450381107,0.07785842182993544,0.5014037076330438,53.46,377487.3600000004,-0.72,0.0,1.0,0.20133060701316907,2.47,0.0,90.51792,-124.44165,-126.27409,0.6,0.0,0.5
0.41130214548137195,0.07561792244834292,0.501132902161265,56.16,365310.3483870962,-0.72,0.0,1.0,-0.11911374248479234,2.475,0.0,90.51792,-124.44165,-126.27409,0.6,0.0,0.5
0.41711596107087856,0.07852987671370726,0.5011322085392079,58.86,66.11913402928613,-0.72,0.0,1.0,0.29288613544115805,2.48,0.0,68.67758,96.45058,46.98652,0.6,0.6,0.5
0.4223251146379843,0.07318624354730321,0.5010934364329453,61.379999999999995,215707.0628571425,-0.72,0.0,1.0,-0.05807672353279969,2.485,0.0,68.67758,96.45058,46.98652,0.6,0.6,0.5
0.4268270359275378,0.06750547951751092,0.5016811188443402,63.9,330301.4400000004,-0.72,0.0,1.0,-0.25644703512683087,2.49,0.0,68.67758,96.45058,46.98652,0.6,0.6,0.5
0.43170677882346425,0.09036105294777878,0.5019806594973647,66.24,350523.9771428566,-0.72,0.0,1.0,-0.027558214056803365,2.495,0.0,68.67758,96.45058,46.98652,0.6,0.6,0.5
0.435661144473361,0.11723269741353409,0.5021538898216122,68.39999999999999,301989.8879999995,-0.72,0.0,1.0,0.3081453901791562,2.5,0.0,71.89903,-213.04262,29.944483,0.6,0.0,0.5
0.43910085693346523,0.1282823615371619,0.5022168132444786,70.38,237277.7691428576,-0.72,0.0,1.0,0.04873805963318745,2.505,0.0,71.89903,-213.04262,29.944483,0.6,0.0,0.5
0.44197763835272397,0.12060438597298707,0.5020249450309725,72.17999999999999,251658.2399999996,-0.72,0.0,1.0,0.1097750785851801,2.5100000000000002,0.0,71.89903,-213.04262,29.944483,0.6,0.0,0.5
0.4438648061497355,0.13987128272264138,0.502101386920768,73.61999999999999,188743.6799999997,-0.72,0.0,1.0,-0.08859523300879601,2.515,0.0,71.89903,-213.04262,29.944483,0.6,0.0,0.5
0.44604872985639427,0.13886636940858862,0.502069092767068,74.88,28.482088504923343,-0.72,0.0,1.0,0.3081453901791562,2.52,0.0,-9.978079,-102.550865,-61.818604,0.0,0.0,0.5
0.449023082414897,0.1511737311899949,0.5021252583847728,75.78,75497.47200000047,-0.72,0.0,1.0,-0.027558214056803365,2.525,0.0,-9.978079,-102.550865,-61.818604,0.0,0.0,0.5
0.4513983400145206,0.1510754118677623,0.5023019453037723,76.32,70778.87999999896,-0.72,0.0,1.0,0.2776268807031599,2.5300000000000002,0.0,-9.978079,-102.550865,-61.818604,0.0,0.0,0.5
0.4536180000546426,0.14680682640540788,0.5024729074613485,76.5,26963.38285714388,-0.72,0.0,1.0,0.2318491164891654,2.535,0.0,-9.978079,-102.550865,-61.818604,0.0,0.0,0.5
0.4564603874504896,0.1482749134383662,0.5023073667032547,76.32,-24354.023225807374,-0.72,0.0,1.0,0.24710837122716356,2.54,0.0,-122.8836,-117.62704,-98.7914,0.0,0.0,0.5
0.4590105622144491,0.15053105247956933,0.5022003206030216,75.96,-47185.919999999925,-0.72,0.0,1.0,0.06399731437118561,2.545,0.0,-122.8836,-117.62704,-98.7914,0.0,0.0,0.5
0.4612092278018381,0.14835431749873906,0.5020526967540843,75.24,-94371.83999999985,-0.72,0.0,1.0,0.20133060701316907,2.5500000000000003,0.0,-122.8836,-117.62704,-98.7914,0.0,0.0,0.5
0.4633094191476757,0.15324384068957864,0.5021919286730357,74.52,-100663.29599999984,-0.72,0.0,1.0,0.04873805963318745,2.555,0.0,-122.8836,-117.62704,-98.7914,0.0,0.0,0.5
0.46507969892654966,0.14254011236918723,0.502110266199636,73.44,-150994.94399999976,-0.72,0.0,1.0,0.12503433332317826,2.56,0.0,-87.48938,122.40538,150.42792,0.0,0.6,0.5
0.466095623034483,0.14315706368886585,0.5019347541486191,72.36,-26.257706982001523,-0.72,0.0,1.0,-0.11911374248479234,2.565,0.0,-87.48938,122.40538,150.42792,0.0,0.6,0.5
0.4655014747999518,0.15039603996260864,0.501744925663152,71.28,-94371.83999999985,-0.72,0.0,1.0,0.2318491164891654,2.57,0.0,-87.48938,122.40538,150.42792,0.0,0.6,0.5
0.4642712072102558,0.15854531373664488,0.5016454685036916,70.02,-170478.16258064585,-0.72,0.0,1.0,-0.012298959318805203,2.575,0.0,-87.48938,122.40538,150.42792,0.0,0.6,0.5
0.46246177201468996,0.13410604474861143,0.5013906868518399,68.94,-146124.13935483847,-0.72,0.0,1.0,0.12503433332317826,2.58,0.0,-107.790085,128.00443,156.55566,0.0,0.6,0.5
0.4525389399829134,0.12410311592884092,0.501382666140186,67.67999999999999,-176160.7680000007,-0.72,0.0,1.0,0.06399731437118561,2.585,0.0,-107.790085,128.00443,156.55566,0.0,0.6,0.5
0.43188144258481453,0.10801452064026672,0.5011565952631495,66.24,-183024.17454545427,-0.72,0.0,1.0,0.1097750785851801,2.59,0.0,-107.790085,128.00443,156.55566,0.0,0.6,0.5
0.4049055335470596,0.08993169670688521,0.5009005807739377,64.98,-182235.277241378,-0.72,0.0,1.0,0.00296029541919296,2.595,0.0,-107.790085,128.00443,156.55566,0.0,0.6,0.5
0.3751562273438894,0.08600688452011768,0.5008182260170715,63.54,-194832.18580645227,-0.72,0.0,1.0,0.32340464491715437,2.6,0.0,-115.12056,128.58963,153.0013,0.0,0.6,0.5
0.34384635599603985,0.07339660007350063,0.5013921350389003,61.919999999999995,-36.581580355652804,-0.72,0.0,1.0,-0.08859523300879601,2.605,0.0,-115.12056,128.58963,153.0013,0.0,0.6,0.5
0.31332736179150095,0.08924501476034764,0.5015416636184915,60.3,-130668.70153846133,-0.72,0.0,1.0,-0.04281746879480153,2.61,0.0,-115.12056,128.58963,153.0013,0.0,0.6,0.5
0.28406757362621904,0.08739895200934489,0.5013490167956594,58.68,-219186.20903225773,-0.72,0.0,1.0,0.24710837122716356,2.615,0.0,-115.12056,128.58963,153.0013,0.0,0.6,0.5
0.25597235060660856,0.09678784163655073,0.5015732891249406,56.879999999999995,-235929.60000000056,-0.72,0.0,1.0,0.21658986175116723,2.62,0.0,-112.44809,121.78089,145.8013,0.0,0.6,0.5
0.22898734789021935,0.11503489924940485,0.501870427325337,55.08,-222051.38823529377,-0.72,0.0,1.0,0.04873805963318745,2.625,0.0,-112.44809,121.78089,145.8013,0.0,0.6,0.5
0.20416097406347788,0.13474152208235457,0.5022317009840102,53.28,-228780.21818181782,-0.72,0.0,1.0,0.2623676259651617,2.63,0.0,-112.44809,121.78089,145.8013,0.0,0.6,0.5
0.18126684430383025,0.15142327913374062,0.5023545436120493,51.3,-259522.56000000052,-0.72,0.0,1.0,0.06399731437118561,2.6350000000000002,0.0,-112.44809,121.78089,145.8013,0.0,0.6,0.5
0.16043413732248624,0.17080335384622422,0.502936433352709,49.32,-276824.06399999955,-0.72,0.0,1.0,0.36918240913114886,2.64,0.0,-100.64563,101.4533,124.13668,0.0,0.6,0.5
0.14153971018238262,0.19217926448699996,0.5032231125906849,47.16,-292248.2787096779,-0.72,0.0,1.0,0.018219550157191122,2.645,0.0,-100.64563,101.4533,124.13668,0.0,0.6,0.5
0.12491191025474276,0.20536022831424877,0.5031883325632686,45.0,-52.488031285304515,-0.72,0.0,1.0,0.20133060701316907,2.65,0.0,-100.64563,101.4533,124.13668,0.0,0.6,0.5
0.10371758474236725,0.23077059651804072,0.5035266548281805,42.839999999999996,-188743.6800000003,-0.72,0.0,1.0,0.1097750785851801,2.6550000000000002,0.0,-100.64563,101.4533,124.13668,0.0,0.6,0.5
0.09686128797167855,0.24399801175785418,0.5033883215166429,40.5,-327155.7119999995,-0.72,0.0,1.0,0.32340464491715437,2.66,0.0,-60.946453,-111.15237,65.86722,0.0,0.0,0.5
0.0896916868014883,0.25499520646828183,0.503885453419123,38.16,-338436.9434482764,-0.72,0.0,1.0,0.018219550157191122,2.665,0.0,-60.946453,-111.15237,65.86722,0.0,0.0,0.5
0.0857671325667921,0.27427406677724914,0.5040169187435032,35.82,-338436.9434482753,-0.72,0.0,1.0,0.2623676259651617,2.67,0.0,-60.946453,-111.15237,65.86722,0.0,0.0,0.5
0.07560094861786441,0.2916608151336026,0.5042359094387893,33.3,-340956.32516129076,-0.72,0.0,1.0,-0.012298959318805203,2.6750000000000003,0.0,-60.946453,-111.15237,65.86722,0.0,0.0,0.5
0.052740631600761985,0.2997063729471808,0.5045935660830874,30.599999999999998,-353894.3999999999,-0.72,0.0,1.0,0.1860713522751709,2.68,0.0,42.41632,-79.74836,-117.10256,0.6,0.0,0.5
0.04642649600988048,0.30507950722576127,0.5048889867892818,27.9,-390504.1655172413,-0.72,0.0,1.0,0.04873805963318745,2.685,0.0,42.41632,-79.74836,-117.10256,0.6,0.0,0.5
0.04659535356710489,0.3210328497583467,0.5049371579032002,25.2,-61.02712659039591,-0.72,0.0,1.0,0.1860713522751709,2.69,0.0,42.41632,-79.74836,-117.10256,0.6,0.0,0.5
0.04278244820314118,0.33901377545392825,0.5050594361994182,22.5,-263363.27441860456,-0.72,0.0,1.0,-0.027558214056803365,2.695,0.0,42.41632,-79.74836,-117.10256,0.6,0.0,0.5
0.03425183350859119,0.34654835091472147,0.5051012766825115,19.62,-377487.35999999987,-0.72,0.0,1.0,-0.04281746879480153,2.7,8.522881865501404,-8.975807,-160.61234,-162.45825,0.0,0.0,0.5
0.02558637266078205,0.3566064338944196,0.5052397781986191,16.74,-402653.18400000036,-0.72,0.0,1.0,0.09451582384718193,2.705,8.522881865501404,-8.975807,-160.61234,-162.45825,0.0,0.0,0.5
0.023761817835184988,0.35311581625526905,0.5049769652609684,13.68,-414018.3948387095,-0.72,0.0,1.0,0.3539231543931507,2.71,8.522881865501404,-8.975807,-160.61234,-162.45825,0.0,0.0,0.5
0.012844296223667126,0.355583237288906,0.5047575941350986,10.62,-427819.0080000001,-0.72,0.0,1.0,0.15555284279917458,2.715,8.522881865501404,-8.975807,-160.61234,-162.45825,0.0,0.0,0.5
0.009410539579746961,0.3537742223546145,0.5046580032034443,7.56,-401080.31999999995,-0.72,0.0,1.0,0.018219550157191122,2.72,20.0,71.845566,-60.860176,130.32545,0.6,0.0,0.5
0.008043946356558355,0.3449072905108726,0.5044862269136101,4.32,-468604.99862068956,2.34,442571.38758620684,1.0,7.022217474898515,2.725,20.0,71.845566,-60.860176,130.32545,0.6,0.0,0.5
0.008739228308718676,0.325379707368461,0.5064794417856637,1.98,-327155.71200000006,6.12,528482.304,1.0,8.685476241340371,2.73,20.0,71.845566,-60.860176,130.32545,0.6,0.0,0.5
0.016865045366350622,0.2947606304470642,0.5087806286208809,0.8999999999999999,-26.390796819015993,6.66,13.195398409507996,1.0,1.8493301187170275,2.735,20.0,71.845566,-60.860176,130.32545,0.6,0.0,0.5
0.014982385030600271,0.2617363808102644,0.5102285994754622,0.72,-16063.29191489361,7.38,64253.16765957444,1.0,0.033478804895189285,2.74,8.522881865501404,115.016014,89.09419,-68.61246,0.6,0.6,0.5
0.02563849513848311,0.24120822737635322,0.5126125280731123,1.6199999999999999,130168.05517241378,5.58,-260336.11034482755,1.0,1.696737571336989,2.745,8.522881865501404,115.016014,89.09419,-68.61246,0.6,0.6,0.5
0.02483152275884208,0.22324273957925736,0.5111130040728751,3.2399999999999998,234302.4993103448,3.42,-312403.33241379313,1.0,2.8717001861629043,2.75,8.522881865501404,115.016014,89.09419,-68.61246,0.6,0.6,0.5
0.03071824493817117,0.1865743435521591,0.5094531734865312,5.22,276824.064,0.36,-427819.00800000003,1.0,2.6122928556169356,2.755,8.522881865501404,115.016014,89.09419,-68.61246,0.6,0.6,0.5
0.05051342223069453,0.17191559289513403,0.5073053395510737,6.84,205902.19636363638,-0.8999999999999999,-160146.1527272727,1.0,1.5746635334330037,2.7600000000000002,0.0,54.05402,-43.48243,-86.998314,0.6,0.0,0.5
0.07241493554788725,0.14085180554053894,0.5049902840303122,8.1,165150.71999999997,-0.36,70778.87999999999,1.0,0.12503433332317826,2.765,0.0,54.05402,-43.48243,-86.998314,0.6,0.0,0.5
0.09205441384082202,0.13383647286329498,0.5033740779252471,9.719999999999999,226492.41599999988,-0.72,-50331.648,1.0,-0.8210394604327629,2.77,0.0,54.05402,-43.48243,-86.998314,0.6,0.0,0.5
0.09467566788932419,0.10573712545792807,0.5030756907508699,10.62,20.829876837504976,-0.54,4.165975367500992,1.0,-0.5616321298867941,2.775,0.0,54.05402,-43.48243,-86.998314,0.6,0.0,0.5
0.11603545087036236,0.11294169606128723,0.502363127963492,12.059999999999999,128506.33531914889,-0.72,-16063.29191489361,1.0,-0.42429883724481066,2.7800000000000002,0.0,90.499886,-148.11028,-155.71707,0.6,0.0,0.5
0.13842539332218257,0.1013656203658434,0.5016260019754294,13.32,165150.7200000002,-0.72,0.0,1.0,-0.34800256355481984,2.785,0.0,90.499886,-148.11028,-155.71707,0.6,0.0,0.5
0.15201815275264005,0.12018519664173455,0.5017260814624881,14.58,176160.76799999998,-0.72,0.0,1.0,-0.1343729972227905,2.79,0.0,90.499886,-148.11028,-155.71707,0.6,0.0,0.5
0.170259721938307,0.13956612598706103,0.5016511500236983,15.66,150994.94400000002,-0.72,0.0,1.0,1.0863673818170625,2.795,0.0,90.499886,-148.11028,-155.71707,0.6,0.0,0.5
0.1892560899934467,0.14971499069555483,0.5013535451964395,16.919999999999998,176160.76799999972,-0.72,0.0,1.0,1.406811731315024,2.8000000000000003,0.0,62.084774,-68.89409,-79.70434,0.6,0.0,0.5
0.20330589186035972,0.16549618305034317,0.5014997499895656,18.0,137268.13090909115,-0.72,0.0,1.0,0.00296029541919296,2.805,0.0,62.084774,-68.89409,-79.70434,0.6,0.0,0.5
0.21904100790139072,0.1701651809682594,0.501325536786909,19.259999999999998,170478.1625806449,-0.72,0.0,1.0,-0.5616321298867941,2.81,0.0,62.084774,-68.89409,-79.70434,0.6,0.0,0.5
0.23625357445508488,0.16116579078773913,0.5009804676898199,20.34,146124.13935483896,-0.72,0.0,1.0,-0.14963225196078866,2.815,0.0,62.084774,-68.89409,-79.70434,0.6,0.0,0.5
0.24931836208650485,0.1598251348434826,0.5010159927900026,21.599999999999998,29.949466955309433,-0.72,0.0,1.0,0.44547868282113967,2.82,0.0,58.859097,-23.080141,-61.634686,0.6,0.0,0.5
0.26363892667396344,0.15489866471786992,0.5007109987548456,22.86,120109.6145454547,-0.72,0.0,1.0,0.3997009186071452,2.825,0.0,58.859097,-23.080141,-61.634686,0.6,0.0,0.5
0.27935467263955366,0.153193011772396,0.5006540999460785,24.119999999999997,176160.76799999972,-0.72,0.0,1.0,0.033478804895189285,2.83,0.0,58.859097,-23.080141,-61.634686,0.6,0.0,0.5
0.2924309043573705,0.15447163592438745,0.5004112882304786,25.56,215707.06285714306,-0.72,0.0,1.0,0.33866389965515253,2.835,0.0,58.859097,-23.080141,-61.634686,0.6,0.0,0.5
0.3038762103580769,0.13578683091169538,0.5002944103252748,27.0,208268.88827586226,-0.72,0.0,1.0,0.04873805963318745,2.84,0.0,80.553276,71.39003,-131.57541,0.6,0.6,0.5
0.3177653125189485,0.13030914899071128,0.5001252875132852,28.439999999999998,201326.59199999968,-0.72,0.0,1.0,0.384441663869147,2.845,0.0,80.553276,71.39003,-131.57541,0.6,0.6,0.5
0.32889461212712934,0.11795984408645996,0.5001553593159039,30.06,226492.41600000014,-0.72,0.0,1.0,-0.07333597827079785,2.85,0.0,80.553276,71.39003,-131.57541,0.6,0.6,0.5
0.33915438747112403,0.10177182150640242,0.499747377866703,31.68,226492.41600000014,-0.72,0.0,1.0,-0.11911374248479234,2.855,0.0,80.553276,71.39003,-131.57541,0.6,0.6,0.5
0.35015882238551355,0.07292246333176881,0.49943340301130235,33.48,228780.21818181782,-0.72,0.0,1.0,-0.04281746879480153,2.86,0.0,32.69713,19.498901,-62.704124,0.6,0.6,0.5
0.35997289915335046,0.06020705200994156,0.49960186993112465,35.28,41.60419692945245,-0.72,0.0,1.0,0.15555284279917458,2.865,0.0,32.69713,19.498901,-62.704124,0.6,0.6,0.5
0.36826829258835214,0.05248959992936882,0.49923319860502513,37.26,166094.43839999975,-0.72,0.0,1.0,0.00296029541919296,2.87,0.0,32.69713,19.498901,-62.704124,0.6,0.6,0.5
0.3776930204203402,0.04862872438476995,0.4990381221929002,39.24,251658.24000000051,-0.72,0.0,1.0,-0.05807672353279969,2.875,0.0,32.69713,19.498901,-62.704124,0.6,0.6,0.5
0.38575005738990126,0.06427160649623506,0.49929956044774787,41.22,251658.2399999996,-0.72,0.0,1.0,-0.08859523300879601,2.88,0.0,52.52879,-51.91892,-67.89123,0.6,0.0,0.5
0.39221193126730947,0.0645254540307135,0.49921325442379594,43.199999999999996,296597.21142857097,-0.72,0.0,1.0,0.018219550157191122,2.8850000000000002,0.0,52.52879,-51.91892,-67.89123,0.6,0.0,0.5
0.3991558602611041,0.07177619229813477,0.49901881185926206,45.36,274536.2618181823,-0.72,0.0,1.0,0.00296029541919296,2.89,0.0,52.52879,-51.91892,-67.89123,0.6,0.0,0.5
0.40594693073242777,0.08731879557881542,0.49907832635101024,47.339999999999996,286369.7213793099,-0.72,0.0,1.0,0.06399731437118561,2.895,0.0,52.52879,-51.91892,-67.89123,0.6,0.0,0.5
0.4108949786126726,0.10787829808432065,0.4992253697560127,49.5,283115.5200000005,-0.72,0.0,1.0,0.04873805963318745,2.9,0.0,68.46268,-101.63712,-54.586174,0.6,0.0,0.5
0.41504815113691546,0.12307464269474784,0.49924215896291074,51.66,48.890729553978495,-0.72,0.0,1.0,0.20133060701316907,2.9050000000000002,0.0,68.46268,-101.63712,-54.586174,0.6,0.0,0.5
0.41791956033068084,0.141901249585739,0.4995278891918204,53.64,180537.4330434786,-0.72,0.0,1.0,0.15555284279917458,2.91,0.0,68.46268,-101.63712,-54.586174,0.6,0.0,0.5
0.42041070179125467,0.16024965863502677,0.4998507254556921,55.62,259522.5599999996,-0.72,0.0,1.0,-0.1343729972227905,2.915,0.0,68.46268,-101.63712,-54.586174,0.6,0.0,0.5
0.42335851481547376,0.17303063468819288,0.49997127204709685,57.419999999999995,251658.2399999996,-0.72,0.0,1.0,-0.04281746879480153,2.92,0.0,50.53333,29.301182,4.478585,0.6,0.6,0.5
0.42591927528515033,0.18128929926401183,0.5002170210039835,59.4,276824.06400000054,-0.72,0.0,1.0,-0.04281746879480153,2.9250000000000003,0.0,50.53333,29.301182,4.478585,0.6,0.6,0.5
0.42832205990802114,0.18828139666036836,0.5000978773467966,61.019999999999996,212336.63999999966,-0.72,0.0,1.0,-0.012298959318805203,2.93,0.0,50.53333,29.301182,4.478585,0.6,0.6,0.5
0.4308005744045152,0.1844945912343337,0.5003985484098422,62.64,234302.49931034548,-0.72,0.0,1.0,0.21658986175116723,2.935,0.0,50.53333,29.301182,4.478585,0.6,0.6,0.5
0.4341178379765942,0.19591675591809654,0.5003248632958537,64.08,208268.88827586174,-0.72,0.0,1.0,-0.04281746879480153,2.94,0.0,55.886684,-97.74256,-64.96998,0.6,0.0,0.5
0.43677415252919605,0.18663240607673734,0.5005332657204761,65.34,182235.27724138004,-0.72,0.0,1.0,0.32340464491715437,2.945,0.0,55.886684,-97.74256,-64.96998,0.6,0.0,0.5
0.4399575757938372,0.18378501190634378,0.5003936249904728,66.42,26.394487387907034,-0.72,0.0,1.0,-0.10385448774679418,2.95,0.0,55.886684,-97.74256,-64.96998,0.6,0.0,0.5
0.44308895456727176,0.17821024993552856,0.5006420082526015,67.32,80316.45957446733,-0.54,16063.29191489361,1.0,0.3539231543931507,2.955,0.0,55.886684,-97.74256,-64.96998,0.6,0.0,0.5
0.44630840175389347,0.19204734715302973,0.5006437459724425,67.86,78100.83310344919,-0.54,0.0,1.0,0.15555284279917458,2.96,0.0,37.826603,-104.73,-20.854307,0.6,0.0,0.5
0.4491985610670898,0.19593816453487353,0.5006701207526023,68.39999999999999,64712.118857141904,-0.54,0.0,1.0,0.1860713522751709,2.965,0.0,37.826603,-104.73,-20.854307,0.6,0.0,0.5
0.45264492922815897,0.19142229762796906,0.5005875220922936,68.58,25165.824000000954,-0.54,0.0,1.0,-0.180150761436785,2.97,0.0,37.826603,-104.73,-20.854307,0.6,0.0,0.5
0.4556640910423691,0.19147299532854897,0.5007744268358336,68.58,0.0,-0.54,0.0,1.0,0.1860713522751709,2.975,0.0,37.826603,-104.73,-20.854307,0.6,0.0,0.5
0.4586018572857512,0.2048003217182415,0.5007227961547343,68.22,-50331.64799999992,-0.72,-25165.82399999999,1.0,-0.11911374248479234,2.98,0.0,-126.33264,-125.77499,-24.572529,0.0,0.0,0.5
0.46201111346753654,0.20172173254423686,0.5003657202654338,68.03999999999999,-25165.824000000954,-0.72,0.0,1.0,0.12503433332317826,2.985,0.0,-126.33264,-125.77499,-24.572529,0.0,0.0,0.5
0.4650865662355572,0.20574688065457541,0.5002793982496265,67.5,-12.182251290877618,-0.72,0.0,1.0,0.2318491164891654,2.99,0.0,-126.33264,-125.77499,-24.572529,0.0,0.0,0.5
0.46774322497295023,0.21153587564012016,0.5001514804075334,66.96,-27288.24289156658,-0.72,0.0,1.0,0.24710837122716356,2.995,0.0,-126.33264,-125.77499,-24.572529,0.0,0.0,0.5
0.47073158794793923,0.2069370053238646,0.5002157461521263,66.42,-58074.978461537605,-0.72,0.0,1.0,0.12503433332317826,3.0,0.0,-126.47986,-119.89018,-136.99673,0.0,0.0,0.5
0.47437158466758916,0.20270680841736993,0.49979190894625397,65.7,-94371.83999999985,-0.72,0.0,1.0,0.17081209753717275,3.005,0.0,-126.47986,-119.89018,-136.99673,0.0,0.0,0.5
0.47633222079390725,0.18734379828757125,0.4996397405891946,65.16,-73062.06967742021,-0.72,0.0,1.0,-0.1343729972227905,3.0100000000000002,0.0,-126.47986,-119.89018,-136.99673,0.0,0.0,0.5
0.4759623879246017,0.1653286940637006,0.49982625545118453,64.62,-64712.118857141904,-0.72,0.0,1.0,0.12503433332317826,3.015,0.0,-126.47986,-119.89018,-136.99673,0.0,0.0,0.5
0.47598323838346235,0.14186041092420187,0.49965326277000477,64.25999999999999,-47185.92000000179,-0.72,0.0,1.0,0.00296029541919296,3.02,0.0,-46.16058,128.99214,150.41766,0.0,0.6,0.5
0.4763444150823624,0.12403293387084531,0.4995814645052943,63.72,-75497.47199999889,-0.72,0.0,1.0,0.36918240913114886,3.025,0.0,-46.16058,128.99214,150.41766,0.0,0.6,0.5
0.47490327486075123,0.11624559081535582,0.4993941512057187,63.36,-53926.765714285626,-0.72,0.0,1.0,-0.14963225196078866,3.0300000000000002,0.0,-46.16058,128.99214,150.41766,0.0,0.6,0.5
0.4732041354744507,0.11259316915646755,0.4993259637776984,63.0,-8.840660437012563,-0.72,0.0,1.0,0.2776268807031599,3.035,0.0,-46.16058,128.99214,150.41766,0.0,0.6,0.5
0.46481974052669933,0.09883793846844766,0.49949965818659825,62.64,-19867.755789473653,-0.72,0.0,1.0,0.04873805963318745,3.04,0.0,-101.53279,112.72462,134.67375,0.0,0.6,0.5
0.4452163564732558,0.0852818656946629,0.49964262950465577,62.28,-41943.039999999935,-0.72,0.0,1.0,0.04873805963318745,3.045,0.0,-101.53279,112.72462,134.67375,0.0,0.6,0.5
0.41685718691496526,0.06847620946793169,0.49959700792863915,61.919999999999995,-45756.04363636447,-0.72,0.0,1.0,0.06399731437118561,3.0500000000000003,0.0,-101.53279,112.72462,134.67375,0.0,0.6,0.5
0.38700476904741227,0.0478032265298421,0.5001586533957476,61.379999999999995,-68634.06545454534,-0.72,0.0,1.0,0.2318491164891654,3.055,0.0,-101.53279,112.72462,134.67375,0.0,0.6,0.5
0.3553964758150939,0.04477658433678956,0.5002733479215321,61.019999999999996,-50331.64799999992,-0.72,0.0,1.0,0.12503433332317826,3.06,0.0,-111.46804,122.50016,146.8332,0.0,0.6,0.5
0.3245885806905687,0.03514749191914445,0.5011349129679622,60.3,-97416.09290322565,-0.72,0.0,1.0,0.00296029541919296,3.065,0.0,-111.46804,122.50016,146.8332,0.0,0.6,0.5
0.2941996916235648,0.039158758708664185,0.5015771220578692,59.76,-68634.06545454534,-0.72,0.0,1.0,0.07925656910918377,3.0700000000000003,0.0,-111.46804,122.50016,146.8332,0.0,0.6,0.5
0.26610561745164574,0.048034030773975334,0.5021184210944265,59.04,-16.340825185193175,-0.72,0.0,1.0,0.24710837122716356,3.075,0.0,-111.46804,122.50016,146.8332,0.0,0.6,0.5
0.23849924273227074,0.052704792922486754,0.5023097422672078,58.32,-52980.68210526308,-0.72,0.0,1.0,-0.14963225196078866,3.08,0.0,-116.058624,110.75942,134.54762,0.0,0.6,0.5
0.21371039539461478,0.07701548179610922,0.5024273489792245,57.419999999999995,-107853.53142857211,-0.72,0.0,1.0,0.33866389965515253,3.085,0.0,-116.058624,110.75942,134.54762,0.0,0.6,0.5
0.1897149933028944,0.10665814210244519,0.5029620423769002,56.519999999999996,-114390.10909090891,-0.72,0.0,1.0,-0.04281746879480153,3.09,0.0,-116.058624,110.75942,134.54762,0.0,0.6,0.5
0.16863538815451296,0.12390441067041526,0.503201189570652,55.44,-156201.6662068963,-0.72,0.0,1.0,0.20133060701316907,3.095,0.0,-116.058624,110.75942,134.54762,0.0,0.6,0.5
0.14936252904394542,0.15584404834351934,0.503567347137848,54.36,-122428.33297297278,-0.72,0.0,1.0,0.00296029541919296,3.1,0.0,-108.394394,106.042694,128.56021,0.0,0.6,0.5
0.13395510103130112,0.17019687270635867,0.5037960827900649,53.28,-141557.75999999978,-0.72,0.0,1.0,0.36918240913114886,3.105,0.0,-108.394394,106.042694,128.56021,0.0,0.6,0.5
0.11531831803858915,0.18424309769147507,0.504222488515316,52.019999999999996,-160146.15272727338,-0.72,0.0,1.0,0.033478804895189285,3.11,0.0,-108.394394,106.042694,128.56021,0.0,0.6,0.5
0.1057339467098263,0.2102167759260408,0.5043117558505443,50.76,-176160.76799999972,-0.72,0.0,1.0,0.24710837122716356,3.115,0.0,-108.394394,106.042694,128.56021,0.0,0.6,0.5
0.09600984605120153,0.22589452007845934,0.5044038392483982,49.32,-35.18260476495596,-0.72,0.0,1.0,0.2623676259651617,3.12,0.0,-138.92496,-131.95992,151.99718,0.0,0.0,0.5
0.08166748037192173,0.23711055460569258,0.5047609785509555,47.879999999999995,-113958.44830188717,-0.72,0.0,1.0,0.2318491164891654,3.125,0.0,-138.92496,-131.95992,151.99718,0.0,0.0,0.5
0.07796786663399058,0.24790435497565066,0.5048007110699164,46.44,-201326.59199999968,-0.72,0.0,1.0,0.00296029541919296,3.13,0.0,-138.92496,-131.95992,151.99718,0.0,0.0,0.5
0.05700321946012023,0.26742664334169025,0.5049499303470355,44.82,-234302.49931034446,-0.72,0.0,1.0,0.3081453901791562,3.1350000000000002,0.0,-138.92496,-131.95992,151.99718,0.0,0.0,0.5
0.04443450702873202,0.288138357781472,0.5051872920826486,43.199999999999996,-234302.49931034548,-0.72,0.0,1.0,0.17081209753717275,3.14,0.0,74.054,-54.632076,-153.64041,0.6,0.0,0.5
0.04288298152284804,0.29763178209631824,0.5052602836264048,41.4,-235929.59999999963,-0.72,0.0,1.0,0.12503433332317826,3.145,0.0,74.054,-54.632076,-153.64041,0.6,0.0,0.5
0.04977909577138978,0.31969950603126535,0.5048639201555114,39.6,-243540.23225806412,-0.72,0.0,1.0,-0.1343729972227905,3.15,0.0,74.054,-54.632076,-153.64041,0.6,0.0,0.5
0.03456951016487701,0.333858362521883,0.5048767196905174,37.8,-243540.23225806508,-0.72,0.0,1.0,0.2318491164891654,3.1550000000000002,0.0,74.054,-54.632076,-153.64041,0.6,0.0,0.5
0.030931306406634124,0.3350746121041873,0.5050287248451438,35.82,-44.59006861892329,-0.72,0.0,1.0,0.09451582384718193,3.16,8.522881865501404,58.44355,-104.74703,-159.39336,0.6,0.0,0.5
0.025326703523141862,0.3322352541963508,0.5049700678054665,33.66,-170937.67245283048,-0.72,0.0,1.0,0.1860713522751709,3.165,8.522881865501404,58.44355,-104.74703,-159.39336,0.6,0.0,0.5
0.019722769994460095,0.3324586203823957,0.5049285800047302,31.5,-266461.6658823525,-0.72,0.0,1.0,-0.14963225196078866,3.17,8.522881865501404,58.44355,-104.74703,-159.39336,0.6,0.0,0.5
0.014886228233990242,0.3387892142671643,0.5047581652498412,29.34,-292248.27870967746,-0.72,0.0,1.0,0.32340464491715437,3.1750000000000003,8.522881865501404,58.44355,-104.74703,-159.39336,0.6,0.0,0.5
0.019860930117811502,0.3330456502892083,0.5045006055247621,27.18,-312403.33241379313,-0.72,0.0,1.0,-0.08859523300879601,3.18,20.0,35.69228,58.42757,-52.900867,0.6,0.6,0.5
0.02718746585125607,0.32655763061705106,0.5045428647658569,24.84,-306708.48,-0.72,0.0,1.0,0.04873805963318745,3.185,20.0,35.69228,58.42757,-52.900867,0.6,0.6,0.5
0.04014511319386034,0.31775672023485363,0.5044089901833023,22.32,-330301.43999999994,-0.72,0.0,1.0,0.06399731437118561,3.19,20.0,35.69228,58.42757,-52.900867,0.6,0.6,0.5
0.07520232171961035,0.2975616239516392,0.5040211317021777,19.8,-364470.55448275857,-0.72,0.0,1.0,0.36918240913114886,3.1950000000000003,20.0,35.69228,58.42757,-52.900867,0.6,0.6,0.5
0.08368291982504208,0.26981289950994825,0.5041006823747465,17.28,-352321.53599999996,-0.72,0.0,1.0,-0.027558214056803365,3.2,8.522881865501404,54.549835,91.03204,14.561764,0.6,0.6,0.5
0.102370942235781,0.23698682368570206,0.5040060450266839,14.76,-61.505068839103906,-0.72,0.0,1.0,0.21658986175116723,3.205,8.522881865501404,54.549835,91.03204,14.561764,0.6,0.6,0.5
0.11722940213772944,0.2030887136802845,0.5038316691652469,12.24,-203262.42461538457,-0.72,0.0,1.0,-0.07333597827079785,3.21,8.522881865501404,54.549835,91.03204,14.561764,0.6,0.6,0.5
0.1343909720621797,0.18668018556008423,0.5035190207286584,9.54,-353894.40000000014,-0.72,0.0,1.0,0.17081209753717275,3.215,8.522881865501404,54.549835,91.03204,14.561764,0.6,0.6,0.5
0.15022011826600598,0.15976117436962847,0.5033766189186072,7.199999999999999,-327155.712,-0.72,0.0,1.0,-0.027558214056803365,3.22,0.0,57.213192,-56.83837,16.524048,0.6,0.0,0.5
0.1711443123924243,0.16831367464498895,0.5030303261959249,5.04,-301989.8879999999,1.26,276824.064,1.0,6.39658803064059,3.225,0.0,57.213192,-56.83837,16.524048,0.6,0.0,0.5
0.1913576815131429,0.1561649140211574,0.5044535652941909,4.14,-121770.1161290323,3.2399999999999998,267894.2554838709,1.0,5.465773491622647,3.23,0.0,57.213192,-56.83837,16.524048,0.6,0.0,0.5
0.20492338198452245,0.14354685659574984,0.5048719424373352,4.32,22205.138823529487,2.34,-111025.69411764704,1.0,3.0700704977568805,3.235,0.0,57.213192,-56.83837,16.524048,0.6,0.0,0.5
0.22001385547658955,0.15692166533309634,0.504964209995044,5.76,188743.67999999993,0.8999999999999999,-188743.68,1.0,0.33866389965515253,3.24,0.0,66.544205,-98.21187,-5.142698,0.6,0.0,0.5
0.23756710025263245,0.17326394979045842,0.5045818251798228,7.739999999999999,44.706488014168734,-1.26,-48.770714197275,1.0,-0.21066927091278131,3.245,0.0,66.544205,-98.21187,-5.142698,0.6,0.0,0.5
0.25045354738371756,0.19325595984574406,0.5031774562898603,8.64,63980.90847457636,-0.36,63980.908474576274,1.0,-0.6226691488387868,3.25,0.0,66.544205,-98.21187,-5.142698,0.6,0.0,0.5
0.26391731820068465,0.21033580687076672,0.5027387709660768,10.62,230686.71999999986,-0.72,-41943.04,1.0,-0.5768913846247923,3.255,0.0,66.544205,-98.21187,-5.142698,0.6,0.0,0.5
0.2783304358265745,0.20994632236278368,0.5024214069828136,12.24,212336.64000000013,-0.72,0.0,1.0,-0.4395580919828088,3.2600000000000002,0.0,60.16544,-118.659325,133.62268,0.6,0.0,0.5
0.29046932917849627,0.219865758092873,0.501993768832555,14.58,316602.3019354839,-0.8999999999999999,-24354.023225806442,1.0,0.44547868282113967,3.265,0.0,60.16544,-118.659325,133.62268,0.6,0.0,0.5
0.3008805155825269,0.22191464351444964,0.5020277964074181,16.919999999999998,338436.94344827556,-0.72,26033.61103448275,1.0,0.2776268807031599,3.27,0.0,60.16544,-118.659325,133.62268,0.6,0.0,0.5
0.31389405157088457,0.213265396877138,0.5018398545895167,19.259999999999998,306708.48,-0.8999999999999999,-23592.959999999992,1.0,0.2623676259651617,3.275,0.0,60.16544,-118.659325,133.62268,0.6,0.0,0.5
0.32441616735879714,0.21002126586340888,0.5019808521359901,21.96,390504.1655172418,-0.8999999999999999,0.0,1.0,-0.21066927091278131,3.2800000000000002,0.0,41.80179,-90.158585,200.68317,0.6,0.0,0.5
0.3331899866109601,0.20998309034038556,0.5020289249876321,24.84,366048.34909090895,-0.8999999999999999,0.0,1.0,0.20133060701316907,3.285,0.0,41.80179,-90.158585,200.68317,0.6,0.0,0.5
0.34330293240573473,0.212395713791302,0.5019021813643553,27.54,62.70172248644876,-0.8999999999999999,0.0,1.0,0.033478804895189285,3.29,0.0,41.80179,-90.158585,200.68317,0.6,0.0,0.5
0.35258357450615097,0.1933552463061959,0.5018697086059895,30.599999999999998,242161.70264150933,-0.8999999999999999,0.0,1.0,0.07925656910918377,3.295,0.0,41.80179,-90.158585,200.68317,0.6,0.0,0.5
0.36034132545184067,0.17152868927079754,0.501624959255961,33.66,401080.31999999983,-0.8999999999999999,0.0,1.0,-0.012298959318805203,3.3000000000000003,0.0,107.89751,24.28909,-79.55451,0.6,0.6,0.5
0.36887784039127475,0.15509044157730106,0.501459699122111,36.72,442571.38758620725,-0.8999999999999999,0.0,1.0,0.36918240913114886,3.305,0.0,107.89751,24.28909,-79.55451,0.6,0.6,0.5
0.37727759981370346,0.12920545145332227,0.5010126495025524,39.96,485340.8914285717,-0.8999999999999999,0.0,1.0,0.07925656910918377,3.31,0.0,107.89751,24.28909,-79.55451,0.6,0.6,0.5
0.3836319087567319,0.11450743429818122,0.501111275317113,43.019999999999996,401080.31999999937,-0.72,23592.959999999992,1.0,0.475997192297136,3.315,0.0,107.89751,24.28909,-79.55451,0.6,0.6,0.5
0.39024070394623717,0.1124817294287377,0.5012602032030372,46.26,438372.4180645164,-0.72,0.0,1.0,0.033478804895189285,3.3200000000000003,0.0,42.238255,16.178005,-101.807816,0.6,0.6,0.5
0.3970792195551437,0.09843228640579754,0.5011433941873594,49.32,401080.3200000003,-0.72,0.0,1.0,0.07925656910918377,3.325,0.0,42.238255,16.178005,-101.807816,0.6,0.6,0.5
0.4027527838487537,0.09640880304775278,0.5012292255339715,52.379999999999995,427819.00799999933,-0.72,0.0,1.0,-0.19541001617478315,3.33,0.0,42.238255,16.178005,-101.807816,0.6,0.6,0.5
0.4091434320831643,0.10046626508490282,0.5007743170948965,55.26,68.61496242523394,-0.72,0.0,1.0,0.1097750785851801,3.335,0.0,42.238255,16.178005,-101.807816,0.6,0.6,0.5
0.415112230901269,0.10394525927044816,0.5008669938740269,58.14,236854.81411764727,-0.72,0.0,1.0,-0.08859523300879601,3.34,0.0,125.950134,63.2566,5.7079473,0.6,0.6,0.5
0.4203130332705461,0.0886685843414371,0.5009634968988829,61.019999999999996,389664.3716129026,-0.72,0.0,1.0,0.12503433332317826,3.345,0.0,125.950134,63.2566,5.7079473,0.6,0.6,0.5
0.42530840730621683,0.09638293014480695,0.5010984275321199,63.72,404450.7428571433,-0.72,0.0,1.0,0.00296029541919296,3.35,0.0,125.950134,63.2566,5.7079473,0.6,0.6,0.5
0.430212576845147,0.11307502835028202,0.5012935138060627,66.24,352321.53599999944,-0.72,0.0,1.0,-0.11911374248479234,3.355,0.0,125.950134,63.2566,5.7079473,0.6,0.6,0.5
0.4349662022990751,0.13703393578188766,0.5013401909054505,68.58,297414.2836363641,-0.72,0.0,1.0,-0.012298959318805203,3.36,0.0,52.42542,-8.077312,-93.21809,0.6,0.0,0.5
0.43843276713867,0.14998375120085944,0.5015118189417003,70.74,238413.06947368383,-0.72,0.0,1.0,0.29288613544115805,3.365,0.0,52.42542,-8.077312,-93.21809,0.6,0.0,0.5
0.4412437683696085,0.1601547705226354,0.5015866422331281,72.53999999999999,251658.2399999996,-0.72,0.0,1.0,0.06399731437118561,3.37,0.0,52.42542,-8.077312,-93.21809,0.6,0.0,0.5
0.44352017522971315,0.1846947220081535,0.501421722493032,73.98,33.382512062876465,-0.72,0.0,1.0,0.12503433332317826,3.375,0.0,52.42542,-8.077312,-93.21809,0.6,0.0,0.5
0.44514510285557873,0.19078434747223574,0.5017058509226622,75.06,90596.96639999986,-0.72,0.0,1.0,0.06399731437118561,3.38,0.0,118.31897,175.91304,-139.15665,0.6,0.6,0.5
0.4472808271097551,0.209964831372634,0.5016454329200206,75.6,73062.06967741827,-0.54,24354.023225806442,1.0,0.17081209753717275,3.3850000000000002,0.0,118.31897,175.91304,-139.15665,0.6,0.6,0.5
0.4490577297569654,0.2324143770743396,0.5013567361241653,75.6,0.0,-0.54,0.0,1.0,0.033478804895189285,3.39,0.0,118.31897,175.91304,-139.15665,0.6,0.6,0.5
0.4503903961097321,0.2463982026260825,0.5012078691319641,75.24,-50331.64799999992,-0.54,0.0,1.0,0.32340464491715437,3.395,0.0,118.31897,175.91304,-139.15665,0.6,0.6,0.5
0.4516430911782235,0.24971538603987217,0.5009975999350326,74.52,-91512.08727272713,-0.72,-22878.02181818181,1.0,0.1860713522751709,3.4,0.0,34.29809,77.06822,5.7415853,0.6,0.6,0.5
0.45222099281863987,0.2541347472262963,0.5012668209011194,73.25999999999999,-182235.27724138004,-0.72,0.0,1.0,0.04873805963318745,3.4050000000000002,0.0,34.29809,77.06822,5.7415853,0.6,0.6,0.5
0.4533099628034079,0.24903065665435797,0.500987323082264,72.0,-165150.7199999988,-0.72,0.0,1.0,0.12503433332317826,3.41,0.0,34.29809,77.06822,5.7415853,0.6,0.6,0.5
0.45492547777934644,0.2421825828448776,0.5008614697073007,70.38,-226492.41600000064,-0.72,0.0,1.0,0.20133060701316907,3.415,0.0,34.29809,77.06822,5.7415853,0.6,0.6,0.5
0.4577656875993359,0.25335396429960627,0.5004144770064898,68.58,-42.80071884938738,-0.72,0.0,1.0,0.033478804895189285,3.42,0.0,41.022118,-34.613422,-16.037811,0.6,0.0,0.5
0.4599140676303817,0.2618658164043607,0.5004385781864262,66.6,-169484.12081632687,-0.72,0.0,1.0,-0.08859523300879601,3.4250000000000003,0.0,41.022118,-34.613422,-16.037811,0.6,0.0,0.5
0.4625044067040274,0.2658437935161228,0.5002471752123547,64.62,-276824.06399999856,-0.72,0.0,1.0,0.15555284279917458,3.43,0.0,41.022118,-34.613422,-16.037811,0.6,0.0,0.5
0.4650458111015993,0.264047668041612,0.500244637541163,62.64,-259522.56000000052,-0.72,0.0,1.0,0.1097750785851801,3.435,0.0,41.022118,-34.613422,-16.037811,0.6,0.0,0.5
0.46774779193948973,0.2789881176431921,0.5001944567083477,60.66,-267894.2554838715,-0.72,0.0,1.0,0.2623676259651617,3.44,0.0,46.043358,-96.224976,13.591724,0.6,0.0,0.5
0.47052807189044465,0.2896683033927256,0.5001179551015253,58.5,-274536.2618181814,-0.72,0.0,1.0,0.32340464491715437,3.4450000000000003,0.0,46.043358,-96.224976,13.591724,0.6,0.0,0.5
0.4734205417614269,0.31163308245871246,0.49999083565495617,56.519999999999996,-267894.2554838715,-0.72,0.0,1.0,0.00296029541919296,3.45,0.0,46.043358,-96.224976,13.591724,0.6,0.0,0.5
0.4758723599492192,0.318569333503826,0.49987788721528803,54.54,-296597.21142857097,-0.72,0.0,1.0,0.15555284279917458,3.455,0.0,46.043358,-96.224976,13.591724,0.6,0.0,0.5
0.4781472039888339,0.3256896023317567,0.49987160444361883,52.739999999999995,-41.6961063921444,-0.72,0.0,1.0,0.018219550157191122,3.46,0.0,79.06798,-80.97645,-79.390686,0.6,0.0,0.5
0.4802157413938558,0.32112610346246406,0.4998226859357636,51.12,-135895.4495999998,-0.8999999999999999,-15099.494399999994,1.0,0.36918240913114886,3.465,0.0,79.06798,-80.97645,-79.390686,0.6,0.0,0.5
0.4826589959952423,0.3339443291298241,0.4994822922790995,49.68,-194832.1858064513,-0.8999999999999999,0.0,1.0,-0.027558214056803365,3.47,0.0,79.06798,-80.97645,-79.390686,0.6,0.0,0.5
0.4842074310475653,0.3337066781246428,0.49959299326234624,48.42,-170478.1625806449,-0.8999999999999999,0.0,1.0,-0.11911374248479234,3.475,0.0,79.06798,-80.97645,-79.390686,0.6,0.0,0.5
0.4856162304039926,0.3333051938303425,0.49942855289477567,47.519999999999996,-134816.91428571515,-0.8999999999999999,0.0,1.0,0.1097750785851801,3.48,0.0,102.90956,-144.7643,-80.70637,0.6,0.0,0.5
0.48707281401753927,0.3378231080938496,0.49912624680737516,46.98,-68634.06545454534,-0.8999999999999999,0.0,1.0,0.3539231543931507,3.485,0.0,102.90956,-144.7643,-80.70637,0.6,0.0,0.5
0.4881546610912804,0.32792055604148124,0.49884387825734,46.62,-50331.64799999992,-0.8999999999999999,0.0,1.0,0.04873805963318745,3.49,0.0,102.90956,-144.7643,-80.70637,0.6,0.0,0.5
0.48860806805442064,0.30566648934873275,0.49893466450185275,46.62,0.0,-0.8999999999999999,0.0,1.0,-0.012298959318805203,3.495,0.0,102.90956,-144.7643,-80.70637,0.6,0.0,0.5
0.4882173901938364,0.27497049583479516,0.49893396518376254,46.8,22878.021818181784,-0.8999999999999999,0.0,1.0,-0.04281746879480153,3.5,0.0,70.56652,-122.09649,-104.3148,0.6,0.0,0.5
0.4874975145836985,0.24975121454137375,0.49915020085330536,47.339999999999996,12.822406050793127,-0.8999999999999999,0.0,1.0,-0.027558214056803365,3.505,0.0,70.56652,-122.09649,-104.3148,0.6,0.0,0.5
0.4869096075421726,0.23379263643911594,0.4990918167904268,48.059999999999995,62914.5599999999,-0.8999999999999999,0.0,1.0,0.09451582384718193,3.5100000000000002,0.0,70.56652,-122.09649,-104.3148,0.6,0.0,0.5
0.48587616780545495,0.20869240852272775,0.49917853363811776,48.96,111025.69411764776,-0.8999999999999999,0.0,1.0,-0.027558214056803365,3.515,0.0,70.56652,-122.09649,-104.3148,0.6,0.0,0.5
0.4848412432641172,0.19107903258984407,0.4992823751057668,50.04,150994.94399999976,-0.8999999999999999,0.0,1.0,0.2776268807031599,3.52,0.0,22.649048,-139.59096,-127.45159,0.6,0.0,0.5
0.4847993771697038,0.16913169026392297,0.4994306152726884,51.3,182235.27724137902,-0.8999999999999999,0.0,1.0,0.00296029541919296,3.525,0.0,22.649048,-139.59096,-127.45159,0.6,0.0,0.5
0.48586064690080144,0.14668314563873683,0.49953053249407386,52.559999999999995,160146.15272727248,-0.8999999999999999,0.0,1.0,0.17081209753717275,3.5300000000000002,0.0,22.649048,-139.59096,-127.45159,0.6,0.0,0.5
0.48662297389078896,0.1351706012361672,0.5000454738049619,54.18,251658.24000000072,-0.8999999999999999,0.0,1.0,0.07925656910918377,3.535,0.0,22.649048,-139.59096,-127.45159,0.6,0.0,0.5
0.48784553467439123,0.12128268417037524,0.500496001352529,55.62,208268.88827586174,-0.8999999999999999,0.0,1.0,0.21658986175116723,3.54,0.0,-116.45058,-138.35513,-121.00539,0.0,0.0,0.5
0.490402769766219,0.11169102700470859,0.5006434117325725,57.239999999999995,37.48467727342934,-0.8999999999999999,0.0,1.0,-0.05807672353279969,3.545,0.0,-116.45058,-138.35513,-121.00539,0.0,0.0,0.5
0.49288860635979537,0.10206155827330711,0.5009106274493149,59.04,142448.06037735884,-0.72,14244.806037735843,1.0,0.3081453901791562,3.5500000000000003,0.0,-116.45058,-138.35513,-121.00539,0.0,0.0,0.5
0.49462094370194354,0.08453112285819969,0.5016018502109507,60.66,199846.24941176438,-0.72,0.0,1.0,0.09451582384718193,3.555,0.0,-116.45058,-138.35513,-121.00539,0.0,0.0,0.5
0.49739127674284045,0.0661595017373623,0.5018154777304418,62.46,228780.21818181872,-0.72,0.0,1.0,0.2318491164891654,3.56,0.0,-94.64172,95.15044,99.136215,0.0,0.6,0.5
0.49966687190319936,0.07017485214805716,0.5021926297552387,64.25999999999999,260336.11034482616,-0.72,0.0,1.0,0.21658986175116723,3.565,0.0,-94.64172,95.15044,99.136215,0.0,0.6,0.5
0.5012940119610179,0.0626379057403559,0.5028626043736886,66.06,243540.23225806604,-0.72,0.0,1.0,-0.10385448774679418,3.5700000000000003,0.0,-94.64172,95.15044,99.136215,0.0,0.6,0.5
0.5034329347817257,0.0623385121594509,0.5033492826295252,67.67999999999999,199846.2494117635,-0.72,0.0,1.0,0.018219550157191122,3.575,0.0,-94.64172,95.15044,99.136215,0.0,0.6,0.5
0.5050731103174844,0.06146271814727118,0.5039434478263587,69.3,219186.2090322587,-0.72,0.0,1.0,-0.012298959318805203,3.58,0.0,-97.786674,121.33317,148.68472,0.0,0.6,0.5
0.5060903960662528,0.04689478468940013,0.5041095778140945,70.92,226492.41600000064,-0.72,0.0,1.0,-0.2411877803888327,3.585,0.0,-97.786674,121.33317,148.68472,0.0,0.6,0.5
0.5037551041757434,0.026607228279739634,0.5049045874373934,72.36,34.36584785206254,-0.72,0.0,1.0,0.3081453901791562,3.59,0.0,-97.786674,121.33317,148.68472,0.0,0.6,0.5
0.5016962028243342,0.013029723428112028,0.5047912687610446,73.61999999999999,99713.64226415023,-0.72,0.0,1.0,-0.04281746879480153,3.595,0.0,-97.786674,121.33317,148.68472,0.0,0.6,0.5
0.4995855021342119,0.014513114706564155,0.5047492735788347,74.88,165150.72000000067,-0.72,0.0,1.0,0.21658986175116723,3.6,0.0,-104.91029,46.641018,49.056293,0.0,0.6,0.5
0.49298422803330927,0.013016679221796099,0.505096936703703,75.78,121770.11612903302,-0.72,0.0,1.0,0.00296029541919296,3.605,0.0,-104.91029,46.641018,49.056293,0.0,0.6,0.5
0.47669897172273257,0.02978898793433945,0.5052130700027978,76.5,104134.44413793087,-0.72,0.0,1.0,0.1860713522751709,3.61,0.0,-104.91029,46.641018,49.056293,0.0,0.6,0.5
0.45065911212347887,0.05026716505436574,0.5053172591292133,77.03999999999999,75497.47199999889,-0.72,0.0,1.0,0.07925656910918377,3.615,0.0,-104.91029,46.641018,49.056293,0.0,0.6,0.5
0.4208441219364825,0.05376835657781219,0.5050933497769688,77.22,26033.611034483743,-0.72,0.0,1.0,-0.027558214056803365,3.62,0.0,-117.437836,136.45197,165.50777,0.0,0.6,0.5
0.38781835907586965,0.057567032980860126,0.5048810918857967,77.39999999999999,23592.95999999903,-0.72,0.0,1.0,-0.27170628986482903,3.625,0.0,-117.437836,136.45197,165.50777,0.0,0.6,0.5
0.3556885224319963,0.08415030476115035,0.5045708120302883,77.22,-4.152730553019048,-0.72,0.0,1.0,0.033478804895189285,3.63,0.0,-117.437836,136.45197,165.50777,0.0,0.6,0.5
0.3237022335740642,0.1001621799918142,0.5044999029932807,76.67999999999999,-34317.03272727312,-0.72,0.0,1.0,-0.04281746879480153,3.6350000000000002,0.0,-117.437836,136.45197,165.50777,0.0,0.6,0.5
0.2935426452580489,0.11254392281843094,0.5042419196689404,75.96,-81618.88864864851,-0.72,0.0,1.0,0.2318491164891654,3.64,0.0,-135.73315,188.5046,166.56857,0.0,0.6,0.5
0.26471124680442526,0.13765321459997273,0.5041488683522588,75.06,-114390.10909090801,-0.72,0.0,1.0,0.033478804895189285,3.645,0.0,-135.73315,188.5046,166.56857,0.0,0.6,0.5
0.23754868195018575,0.1467550323484903,0.5040495355971268,73.8,-170478.16258064585,-0.72,0.0,1.0,0.20133060701316907,3.65,0.0,-135.73315,188.5046,166.56857,0.0,0.6,0.5
0.21270675051168983,0.16378296752461896,0.5035886023918165,72.36,-201326.59199999968,-0.72,0.0,1.0,0.018219550157191122,3.6550000000000002,0.0,-135.73315,188.5046,166.56857,0.0,0.6,0.5
0.18984163491915118,0.19081066048592157,0.503033676530894,70.74,-212336.6400000006,-0.72,0.0,1.0,0.1097750785851801,3.66,0.0,-133.07094,-125.427635,138.16301,0.0,0.0,0.5
0.16859854884001352,0.20859068420028817,0.5029516387901994,68.75999999999999,-276824.06400000054,-0.72,0.0,1.0,-0.012298959318805203,3.665,0.0,-133.07094,-125.427635,138.16301,0.0,0.0,0.5
0.14903293482907953,0.21858384698286998,0.5028158256468805,66.6,-301989.8879999995,-0.72,0.0,1.0,0.1097750785851801,3.67,0.0,-133.07094,-125.427635,138.16301,0.0,0.0,0.5
0.13155105101282516,0.23715736203801524,0.5025746785397194,64.25999999999999,-52.90956479549763,-0.72,0.0,1.0,0.018219550157191122,3.6750000000000003,0.0,-133.07094,-125.427635,138.16301,0.0,0.0,0.5
0.11680484203767068,0.251294274944576,0.5023039357039223,61.739999999999995,-207247.96235294084,-0.72,0.0,1.0,0.2623676259651617,3.68,0.0,70.23664,31.965637,-185.98795,0.6,0.6,0.5
0.09604026670203138,0.2769246156148792,0.5017351358139024,59.22,-330301.4399999995,-0.72,0.0,1.0,-0.04281746879480153,3.685,0.0,70.23664,31.965637,-185.98795,0.6,0.6,0.5
0.09083901031282524,0.28947033528135774,0.5018557579797356,56.339999999999996,-416537.7765517245,-0.72,0.0,1.0,0.3539231543931507,3.69,0.0,70.23664,31.965637,-185.98795,0.6,0.6,0.5
0.07415440062410215,0.29657888149449835,0.501934638204615,53.46,-416537.7765517235,-0.72,0.0,1.0,-0.19541001617478315,3.6950000000000003,0.0,70.23664,31.965637,-185.98795,0.6,0.6,0.5
0.06064716231719853,0.306984923137965,0.5016353972244023,50.4,-388926.3709090912,-0.72,0.0,1.0,0.21658986175116723,3.7,8.522881865501404,74.09486,95.42841,-90.76458,0.6,0.6,0.5
0.05973798739403234,0.30764695704064665,0.5017332352996151,47.16,-468604.99862068996,-0.72,0.0,1.0,-0.10385448774679418,3.705,8.522881865501404,74.09486,95.42841,-90.76458,0.6,0.6,0.5
0.058069018643906754,0.31439647468914683,0.5016084391142975,44.1,-356515.83999999944,-0.72,0.0,1.0,0.33866389965515253,3.71,8.522881865501404,74.09486,95.42841,-90.76458,0.6,0.6,0.5
0.04906537213646349,0.3042568028099118,0.5021057777567465,40.68,-478150.65600000025,-0.72,0.0,1.0,-0.027558214056803365,3.715,8.522881865501404,74.09486,95.42841,-90.76458,0.6,0.6,0.5
0.05264592109632415,0.3023518958412111,0.5023324051382585,37.44,-78.7932171785402,-0.72,0.0,1.0,0.07925656910918377,3.72,20.0,63.122307,-162.58461,-137.4661,0.6,0.0,0.5
0.062328565490634986,0.302242051150453,0.5024653603780611,34.019999999999996,-292745.29959183687,-0.72,0.0,1.0,-0.07333597827079785,3.725,20.0,63.122307,-162.58461,-137.4661,0.6,0.0,0.5
0.06723039434663922,0.30469518724997074,0.5029643767930174,30.419999999999998,-457560.4363636361,-0.72,0.0,1.0,0.21658986175116723,3.73,20.0,63.122307,-162.58461,-137.4661,0.6,0.0,0.5
0.09516633542590706,0.3101091415141448,0.5028552193155358,27.0,-512304.274285714,-0.72,0.0,1.0,0.018219550157191122,3.735,20.0,63.122307,-162.58461,-137.4661,0.6,0.0,0.5
0.10600448901683795,0.3266588221001021,0.5029433989529136,23.4,-503316.4800000002,-0.72,0.0,1.0,0.2623676259651617,3.74,8.522881865501404,88.08948,-6.9465714,86.83895,0.6,0.0,0.5
0.12057439150998206,0.33369592773310125,0.5031412749037869,19.62,-495452.1599999997,-0.72,0.0,1.0,-0.180150761436785,3.745,8.522881865501404,88.08948,-6.9465714,86.83895,0.6,0.0,0.5
0.14152752145545555,0.34175038243859335,0.5035984221805947,16.02,-520672.2206896554,-0.72,0.0,1.0,0.24710837122716356,3.75,8.522881865501404,88.08948,-6.9465714,86.83895,0.6,0.0,0.5
0.1618345333319513,0.3593243984663976,0.5037111950411638,12.42,-503316.4799999999,-0.72,0.0,1.0,0.06399731437118561,3.755,8.522881865501404,88.08948,-6.9465714,86.83895,0.6,0.0,0.5
0.17853907562276847,0.37612844316050337,0.5036529518505152,8.82,-83.44659460176403,-0.8999999999999999,-4.172329730088201,1.0,0.24710837122716356,3.7600000000000002,0.0,30.860964,-54.79385,-15.541255,0.6,0.0,0.5
0.19460212061513094,0.38665142439330036,0.5036331301282557,5.3999999999999995,-298844.1600000001,0.0,78643.2,1.0,11.69154942472612,3.765,0.0,30.860964,-54.79385,-15.541255,0.6,0.0,0.5
0.21510797649836338,0.3809917852920783,0.504586040150704,3.42,-259522.55999999994,4.68,613416.96,1.0,15.811548203985733,3.77,0.0,30.860964,-54.79385,-15.541255,0.6,0.0,0.5
0.2289680640124579,0.3730417208090062,0.5073972430791871,2.88,-70778.88,5.04,47185.92000000004,1.0,-0.5005951109348015,3.775,0.0,30.860964,-54.79385,-15.541255,0.6,0.0,0.5
0.240647213549424,0.37579941971324665,0.5079938105448477,3.78,125829.11999999998,3.5999999999999996,-201326.59200000006,1.0,-0.7447431867427721,3.7800000000000002,0.0,50.41145,-60.97853,-119.434105,0.6,0.0,0.5
0.25557020244793144,0.35918768378813876,0.5089335917824563,5.9399999999999995,292248.2787096774,1.26,-316602.3019354839,1.0,-0.30222479934082536,3.785,0.0,50.41145,-60.97853,-119.434105,0.6,0.0,0.5
0.2676212791880329,0.34216972064435874,0.5071377556649386,8.1,312403.33241379313,-1.26,-364470.5544827586,1.0,0.20133060701316907,3.79,0.0,50.41145,-60.97853,-119.434105,0.6,0.0,0.5
0.27798637112961355,0.3111565123695944,0.50557884458805,9.719999999999999,212336.6399999999,0.0,165150.72,1.0,-0.5768913846247923,3.795,0.0,50.41145,-60.97853,-119.434105,0.6,0.0,0.5
0.2920605286987384,0.27919857001393333,0.5052645573547813,12.24,352321.5360000002,-0.36,-50331.648,1.0,-0.6074098941007886,3.8000000000000003,0.0,83.32513,-97.33871,-116.48914,0.6,0.0,0.5
0.30424713399404024,0.256833028749286,0.5040986621398342,14.219999999999999,46.93630420038881,-0.72,-8.533873490979788,1.0,-0.16489150669878683,3.805,0.0,83.32513,-97.33871,-116.48914,0.6,0.0,0.5
0.3143223576499282,0.23534277728307196,0.5037608589037983,17.28,242161.70264150962,-0.8999999999999999,-14244.806037735843,1.0,0.44547868282113967,3.81,0.0,83.32513,-97.33871,-116.48914,0.6,0.0,0.5
0.32536521417211195,0.20925203507285048,0.5039406483289488,20.16,345131.30057142844,-0.72,21570.706285714277,1.0,0.2776268807031599,3.815,0.0,83.32513,-97.33871,-116.48914,0.6,0.0,0.5
0.3367678328808082,0.17502958367287874,0.5032935879060797,23.04,416537.776551724,-0.8999999999999999,-26033.61103448275,1.0,-0.2869655446028272,3.8200000000000003,0.0,80.02714,-63.920143,-141.53456,0.6,0.0,0.5
0.3453784822161752,0.16474938444117132,0.5033461246311666,26.279999999999998,468604.99862068944,-0.8999999999999999,0.0,1.0,-0.7294839320047739,3.825,0.0,80.02714,-63.920143,-141.53456,0.6,0.0,0.5
0.3545677080445203,0.14464651517684468,0.5032703925328533,29.52,438372.4180645164,-0.8999999999999999,0.0,1.0,-0.10385448774679418,3.83,0.0,80.02714,-63.920143,-141.53456,0.6,0.0,0.5
0.36412575729074315,0.12393316740652417,0.5026763517599935,32.94,494638.60965517216,-0.72,26033.61103448275,1.0,0.32340464491715437,3.835,0.0,80.02714,-63.920143,-141.53456,0.6,0.0,0.5
0.3720375522737415,0.1085566975691669,0.5025725430841855,36.36,512304.27428571455,-0.72,0.0,1.0,0.46073793755913783,3.84,0.0,70.44827,-78.82193,-62.826553,0.6,0.0,0.5
0.37952037780851466,0.11280435080533399,0.5025770376648988,39.78,78.95660230300099,-0.72,0.0,1.0,0.033478804895189285,3.845,0.0,70.44827,-78.82193,-62.826553,0.6,0.0,0.5
0.38727505681820346,0.08568160637392602,0.5021629179340933,43.379999999999995,212668.93521126726,-0.72,0.0,1.0,0.2623676259651617,3.85,0.0,70.44827,-78.82193,-62.826553,0.6,0.0,0.5
0.3939798115227251,0.07465559778063853,0.5018588618363307,46.8,409843.41942857165,-0.72,0.0,1.0,-0.012298959318805203,3.855,0.0,70.44827,-78.82193,-62.826553,0.6,0.0,0.5
0.3999704590299592,0.06233229388862703,0.5018318031948715,50.22,434682.4145454548,-0.72,0.0,1.0,0.29288613544115805,3.86,0.0,77.69744,2.7602499,61.269703,0.6,0.6,0.5
0.40699719805004,0.05976182426785738,0.5013206312399561,53.64,462726.4412903228,-0.72,0.0,1.0,-0.1343729972227905,3.865,0.0,77.69744,2.7602499,61.269703,0.6,0.6,0.5
0.4126310823859587,0.038071812149541105,0.5013934459790664,57.059999999999995,409843.4194285708,-0.72,0.0,1.0,0.2776268807031599,3.87,0.0,77.69744,2.7602499,61.269703,0.6,0.6,0.5
0.4179023681194654,0.05395754288091773,0.5014245088541958,60.3,452984.8320000003,-0.72,0.0,1.0,0.20133060701316907,3.875,0.0,77.69744,2.7602499,61.269703,0.6,0.6,0.5
0.423578807050378,0.046222747950906154,0.5013006509393902,63.54,438372.4180645164,-0.72,0.0,1.0,0.24710837122716356,3.88,0.0,93.280525,-119.2828,-109.56201,0.6,0.0,0.5
0.4291332159332025,0.05183894660867835,0.5011427283192132,66.6,458377.50857142784,-0.72,0.0,1.0,0.00296029541919296,3.8850000000000002,0.0,93.280525,-119.2828,-109.56201,0.6,0.0,0.5
0.4334847176576279,0.03584806635623647,0.5014480231472112,69.48,70.23143147845626,-0.72,0.0,1.0,0.04873805963318745,3.89,0.0,93.280525,-119.2828,-109.56201,0.6,0.0,0.5
0.4383178135957498,0.021066003791411405,0.501750691935412,72.36,227916.89660377323,-0.72,0.0,1.0,0.00296029541919296,3.895,0.0,93.280525,-119.2828,-109.56201,0.6,0.0,0.5
0.4429477033196602,0.028424853967504812,0.5020074460791103,74.88,330301.4399999995,-0.72,0.0,1.0,-0.012298959318805203,3.9,0.0,8.331421,178.8466,27.516762,0.6,0.6,0.5
0.4473049375402637,0.021011820099352516,0.5019965915482272,77.22,316602.30193548434,-0.72,0.0,1.0,-0.2869655446028272,3.9050000000000002,0.0,8.331421,178.8466,27.516762,0.6,0.6,0.5
0.45134035488999846,0.029312569418526058,0.5020630022717467,79.38,301989.8879999995,-0.72,0.0,1.0,0.20133060701316907,3.91,0.0,8.331421,178.8466,27.516762,0.6,0.6,0.5
0.4553628766024291,0.05609862354784337,0.5019782814728957,81.0,212336.6400000006,-0.54,23592.959999999992,1.0,-0.16489150669878683,3.915,0.0,8.331421,178.8466,27.516762,0.6,0.6,0.5
0.45803592361942796,0.07703362270455962,0.5022536331178997,82.25999999999999,170478.16258064393,-0.54,0.0,1.0,0.20133060701316907,3.92,0.0,-115.62759,-114.088425,-138.88033,0.0,0.0,0.5
0.46011621948526943,0.09572552928846118,0.5023777920258496,83.16,125829.1200000008,-0.54,0.0,1.0,0.15555284279917458,3.9250000000000003,0.0,-115.62759,-114.088425,-138.88033,0.0,0.0,0.5
0.4613734877158682,0.10211110803735378,0.502681451173377,83.34,4.0680147423326325,-0.54,0.0,1.0,0.12503433332317826,3.93,0.0,-115.62759,-114.088425,-138.88033,0.0,0.0,0.5
0.4622925896254441,0.0981312172477536,0.5028282398656283,83.34,0.0,-0.54,0.0,1.0,0.09451582384718193,3.935,0.0,-115.62759,-114.088425,-138.88033,0.0,0.0,0.5
0.46391664346570866,0.10696546791041403,0.5027141411874123,82.8,-68634.06545454625,-0.72,-22878.02181818181,1.0,0.384441663869147,3.94,0.0,-72.5685,63.333664,48.18816,0.0,0.6,0.5
0.4664198248714186,0.10814052382612865,0.5024530065681749,81.72,-150994.94399999976,-0.72,0.0,1.0,0.17081209753717275,3.9450000000000003,0.0,-72.5685,63.333664,48.18816,0.0,0.6,0.5
0.4683738829260602,0.12399360223551163,0.5021189590327427,80.46,-188743.68000000078,-0.72,0.0,1.0,0.07925656910918377,3.95,0.0,-72.5685,63.333664,48.18816,0.0,0.6,0.5
0.46844470829875323,0.1326410393909933,0.5019842160776169,79.02,-201326.59199999968,-0.72,0.0,1.0,0.1860713522751709,3.955,0.0,-72.5685,63.333664,48.18816,0.0,0.6,0.5
0.46802077784440876,0.13989622463872325,0.5021376033076888,77.22,-243540.23225806412,-0.72,0.0,1.0,0.24710837122716356,3.96,0.0,-101.99623,106.0098,129.63004,0.0,0.6,0.5
0.46891079661995005,0.14588003455352327,0.5017124919452286,75.42,-251658.2399999996,-0.72,0.0,1.0,-0.21066927091278131,3.9650000000000003,0.0,-101.99623,106.0098,129.63004,0.0,0.6,0.5
0.4677604847106778,0.1428261155107947,0.5017649432320761,73.44,-286369.72137931094,-0.72,0.0,1.0,0.2623676259651617,3.97,0.0,-101.99623,106.0098,129.63004,0.0,0.6,0.5
0.4665778769434784,0.14320749343016165,0.5019147016239175,71.46,-48.40286708436553,-0.72,0.0,1.0,-0.07333597827079785,3.975,0.0,-101.99623,106.0098,129.63004,0.0,0.6,0.5
0.46381705010895324,0.15443449615871585,0.5015904634604695,69.3,-196949.92695652143,-0.72,0.0,1.0,-0.11911374248479234,3.98,0.0,-111.38461,118.6063,142.53316,0.0,0.6,0.5
0.44945056797846894,0.15227157541244907,0.5016601829973562,67.14,-292248.27870967693,-0.72,0.0,1.0,-0.05807672353279969,3.985,0.0,-111.38461,118.6063,142.53316,0.0,0.6,0.5
0.4253819070520236,0.16100569258208225,0.5015495167613102,64.98,-323560.5942857138,-0.72,0.0,1.0,0.29288613544115805,3.99,0.0,-111.38461,118.6063,142.53316,0.0,0.6,0.5
0.39635164026688924,0.18132419872258712,0.5013289820719391,62.64,-338436.9434482764,-0.72,0.0,1.0,-0.027558214056803365,3.995,0.0,-111.38461,118.6063,142.53316,0.0,0.6,0.5
0.3655038510716633,0.2005637548307735,0.5011717855215748,60.12,-364470.5544827591,-0.72,0.0,1.0,0.24710837122716356,4.0,0.0,-96.63323,113.04365,132.3132,0.0,0.6,0.5
0.33400259456635073,0.2131917724305032,0.5013683626892464,57.599999999999994,-352321.53600000043,-0.72,0.0,1.0,0.1097750785851801,4.005,0.0,-96.63323,113.04365,132.3132,0.0,0.6,0.5
0.30339454865900833,0.23297689717158782,0.5014844952372647,55.08,-352321.53599999944,-0.72,0.0,1.0,0.46073793755913783,4.01,0.0,-96.63323,113.04365,132.3132,0.0,0.6,0.5
0.2740674053951516,0.2514763855046709,0.5015744951021589,52.379999999999995,-60.99787133192578,-0.72,0.0,1.0,-0.012298959318805203,4.015,0.0,-96.63323,113.04365,132.3132,0.0,0.6,0.5
0.24688928339468055,0.27723793028520444,0.5011636334154189,49.5,-257012.67063829748,-0.72,0.0,1.0,0.20133060701316907,4.0200000000000005,0.0,-20.00617,23.531677,44.81355,0.0,0.6,0.5
0.22116545297919155,0.29482504339594207,0.5009226495716083,46.62,-377487.36000000034,-0.72,0.0,1.0,-0.012298959318805203,4.025,0.0,-20.00617,23.531677,44.81355,0.0,0.6,0.5
0.19734252547070882,0.3013243748124595,0.5009241359272215,43.739999999999995,-389664.37161290355,-0.72,0.0,1.0,0.29288613544115805,4.03,0.0,-20.00617,23.531677,44.81355,0.0,0.6,0.5
0.17532580796163733,0.31081876007049664,0.5011825753290333,40.68,-442571.3875862062,-0.72,0.0,1.0,0.00296029541919296,4.035,0.0,-20.00617,23.531677,44.81355,0.0,0.6,0.5
0.1551335589483272,0.32504602463753723,0.501259763870792,37.62,-458377.5085714289,-0.72,0.0,1.0,-0.10385448774679418,4.04,0.0,-98.22301,-76.183914,73.74842,0.0,0.0,0.5
0.1375412133526131,0.34179955409099644,0.5012333543467374,34.56,-401080.31999999937,-0.72,0.0,1.0,0.12503433332317826,4.045,0.0,-98.22301,-76.183914,73.74842,0.0,0.0,0.5
0.12520199527620404,0.34232946841289635,0.501562657855057,31.32,-388272.71314285736,-0.72,0.0,1.0,0.033478804895189285,4.05,0.0,-98.22301,-76.183914,73.74842,0.0,0.0,0.5
0.11319730473308173,0.3591195824831446,0.5014494107526319,28.08,-411804.392727273,-0.72,0.0,1.0,0.1860713522751709,4.055,0.0,-98.22301,-76.183914,73.74842,0.0,0.0,0.5
0.09526032590266723,0.3820982718103241,0.5013928867717589,24.66,-81.3328930418216,-0.72,0.0,1.0,0.15555284279917458,4.0600000000000005,0.0,81.35319,-93.172935,-169.59348,0.6,0.0,0.5
0.08833075729915862,0.3833492443652676,0.5017809590977157,21.24,-214097.30865671652,-0.72,0.0,1.0,0.018219550157191122,4.065,0.0,81.35319,-93.172935,-169.59348,0.6,0.0,0.5
0.0742109903723768,0.38745789330628444,0.5021321546819018,17.64,-431414.1257142855,-0.72,0.0,1.0,0.00296029541919296,4.07,0.0,81.35319,-93.172935,-169.59348,0.6,0.0,0.5
0.06636611832786755,0.38946484303255186,0.5020196424868195,14.219999999999999,-434682.4145454548,-0.72,0.0,1.0,0.12503433332317826,4.075,0.0,81.35319,-93.172935,-169.59348,0.6,0.0,0.5
0.07262984616140263,0.3906094554180366,0.5015166394086166,10.44,-495452.1599999999,-0.72,0.0,1.0,-0.012298959318805203,4.08,8.522881865501404,94.758835,38.271294,-137.79178,0.6,0.6,0.5
0.06608649005931559,0.4052586392304892,0.5011953184689101,6.84,-487080.464516129,-0.72,0.0,1.0,0.29288613544115805,4.085,8.522881865501404,94.758835,38.271294,-137.79178,0.6,0.6,0.5
0.058303371001803946,0.3934396770226181,0.500776814157228,3.42,-478150.656,3.42,578813.9519999999,1.0,13.110660115359948,4.09,8.522881865501404,94.758835,38.271294,-137.79178,0.6,0.6,0.5
0.04669801127679482,0.40036217817620184,0.5039806589829733,0.8999999999999999,-352321.536,7.92,629145.6,1.0,3.939848017822831,4.095,8.522881865501404,94.758835,38.271294,-137.79178,0.6,0.6,0.5
0.03508076912074261,0.4018810602138736,0.5065951489148235,-0.18,-141557.75999999998,8.1,23592.959999999963,1.0,2.7191076387829227,4.1,8.522881865501404,118.246185,27.489735,-91.317604,0.6,0.6,0.5
0.022262125150764554,0.39995737310402335,0.5085335879799826,-0.18,0.0,8.82,16.660959526857056,1.0,-0.2869655446028272,4.105,8.522881865501404,118.246185,27.489735,-91.317604,0.6,0.6,0.5
0.03934275328036659,0.38328395777289737,0.5107234315612827,1.08,97867.09333333334,6.4799999999999995,-181753.1733333334,1.0,0.7811822870570992,4.11,8.522881865501404,118.246185,27.489735,-91.317604,0.6,0.6,0.5
0.05598469790135466,0.37930132333539845,0.5084967881849303,3.06,251658.24,3.42,-388926.37090909085,1.0,2.8869594409009025,4.115,8.522881865501404,118.246185,27.489735,-91.317604,0.6,0.6,0.5
0.07885764000399734,0.38973470694563245,0.50596659010515,5.76,377487.36,-0.36,-528482.304,1.0,1.4373302407910202,4.12,8.522881865501404,32.732018,-10.244169,-53.830803,0.6,0.0,0.5
0.09640454492228716,0.3839028461796156,0.5041229912186628,6.66,125829.12000000005,-0.54,-25165.824000000008,1.0,0.33866389965515253,4.125,8.522881865501404,32.732018,-10.244169,-53.830803,0.6,0.0,0.5
0.11005214298931737,0.38321842256500693,0.5018292328248125,8.28,205902.19636363626,0.36,114390.1090909091,1.0,-1.2788171025727078,4.13,8.522881865501404,32.732018,-10.244169,-53.830803,0.6,0.0,0.5
0.13841474324485736,0.3990531097792366,0.5006149743892923,10.26,244256.5270588236,-0.36,-88820.55529411764,1.0,-1.0041505172887408,4.135,8.522881865501404,32.732018,-10.244169,-53.830803,0.6,0.0,0.5
0.1565054390792729,0.38496556757689054,0.4998878668249907,11.52,176160.76799999998,-0.72,-50331.648,1.0,-0.3174840540788235,4.14,8.522881865501404,61.590572,-38.07385,-70.404,0.6,0.0,0.5
0.17029839559273494,0.3863445023455346,0.49915685076872895,13.32,41.42863445551076,-0.72,0.0,1.0,-0.5616321298867941,4.1450000000000005,8.522881865501404,61.590572,-38.07385,-70.404,0.6,0.0,0.5
0.18891787488440578,0.3908860452919465,0.49860017173471033,14.94,128203.25433962258,-0.72,0.0,1.0,-0.25644703512683087,4.15,8.522881865501404,61.590572,-38.07385,-70.404,0.6,0.0,0.5
0.20686544769195006,0.38739952252511667,0.4986517754192261,16.38,188743.67999999993,-0.72,0.0,1.0,0.8574785607470901,4.155,8.522881865501404,61.590572,-38.07385,-70.404,0.6,0.0,0.5
0.2203500160963491,0.38755621035121435,0.4987015902731643,18.18,235929.6000000001,-0.72,0.0,1.0,0.2776268807031599,4.16,0.0,95.99867,-93.224724,-173.11816,0.6,0.0,0.5
0.2366414145811973,0.38476077097170946,0.4982231187004551,19.8,199846.24941176482,-0.72,0.0,1.0,-0.012298959318805203,4.165,0.0,95.99867,-93.224724,-173.11816,0.6,0.0,0.5
0.2543815875257701,0.3875784686929866,0.49820413623969334,21.419999999999998,205902.19636363603,-0.72,0.0,1.0,-0.11911374248479234,4.17,0.0,95.99867,-93.224724,-173.11816,0.6,0.0,0.5
0.26746980917734364,0.3863658879319505,0.49792757723913444,23.22,260336.1103448277,-0.72,0.0,1.0,-0.027558214056803365,4.175,0.0,95.99867,-93.224724,-173.11816,0.6,0.0,0.5
0.28131200727260824,0.3727287668061008,0.4975609415825479,25.02,235929.6000000001,-0.72,0.0,1.0,0.09451582384718193,4.18,0.0,24.782295,-7.372675,-98.35697,0.6,0.0,0.5
0.29667956328695466,0.3718223813091799,0.4973990925737951,26.82,251658.2400000001,-0.72,0.0,1.0,-0.07333597827079785,4.1850000000000005,0.0,24.782295,-7.372675,-98.35697,0.6,0.0,0.5
0.30864252607088105,0.35043829510714,0.49743339692154265,28.619999999999997,43.80194591583936,-0.72,0.0,1.0,-0.08859523300879601,4.19,0.0,24.782295,-7.372675,-98.35697,0.6,0.0,0.5
0.3206968692272852,0.3323823553727642,0.49693768753761175,30.599999999999998,169484.12081632655,-0.72,0.0,1.0,0.2776268807031599,4.195,0.0,24.782295,-7.372675,-98.35697,0.6,0.0,0.5
0.3341815372831329,0.3127143708245335,0.49671792983743396,32.58,251658.24000000005,-0.72,0.0,1.0,-0.012298959318805203,4.2,0.0,49.755398,-81.525566,-47.940228,0.6,0.0,0.5
0.34496015242237743,0.284035058188816,0.4968734712137062,34.74,301989.8880000005,-0.72,0.0,1.0,0.04873805963318745,4.205,0.0,49.755398,-81.525566,-47.940228,0.6,0.0,0.5
0.35462323983197286,0.25179717885663466,0.49647529257876605,36.72,276824.06399999955,-0.72,0.0,1.0,-0.027558214056803365,4.21,0.0,49.755398,-81.525566,-47.940228,0.6,0.0,0.5
0.36598295085609306,0.2256124037708505,0.4961044791538626,38.879999999999995,266461.6658823525,-0.72,0.0,1.0,0.00296029541919296,4.215,0.0,49.755398,-81.525566,-47.940228,0.6,0.0,0.5
0.37527851098531423,0.19853131248429565,0.4961018952927016,41.22,316602.30193548434,-0.72,0.0,1.0,-0.027558214056803365,4.22,0.0,54.11379,-62.746902,50.16497,0.6,0.0,0.5
0.38327263672151707,0.17520131067979813,0.4959626036560108,43.379999999999995,292248.27870967693,-0.72,0.0,1.0,-0.012298959318805203,4.225,0.0,54.11379,-62.746902,50.16497,0.6,0.0,0.5
0.39179046114678434,0.1589298953128626,0.49574888799122885,45.72,52.695373282578075,-0.72,0.0,1.0,-0.027558214056803365,4.23,0.0,54.11379,-62.746902,50.16497,0.6,0.0,0.5
0.39934213377403605,0.1367853298414209,0.4956488247909588,47.879999999999995,106584.66635294101,-0.72,0.0,1.0,0.384441663869147,4.235,0.0,54.11379,-62.746902,50.16497,0.6,0.0,0.5
0.4055241136925039,0.12702303772764043,0.49556358792402405,50.22,245366.78400000036,-0.72,0.0,1.0,0.018219550157191122,4.24,0.0,59.772793,22.378796,-24.881123,0.6,0.6,0.5
0.41227302323722304,0.09987865628103211,0.49551647229440376,52.559999999999995,327155.7119999995,-0.72,0.0,1.0,-0.07333597827079785,4.245,0.0,59.772793,22.378796,-24.881123,0.6,0.6,0.5
0.41824506921594884,0.10077368575513843,0.49571061592050203,54.72,301989.8880000005,-0.72,0.0,1.0,0.07925656910918377,4.25,0.0,59.772793,22.378796,-24.881123,0.6,0.6,0.5
0.4233800508804309,0.09837234002925942,0.49565104927152304,56.879999999999995,274536.2618181814,-0.72,0.0,1.0,0.24710837122716356,4.255,0.0,59.772793,22.378796,-24.881123,0.6,0.6,0.5
0.4284163109430153,0.08811336090743951,0.4958185240046272,59.04,258848.47542857187,-0.72,0.0,1.0,-0.16489150669878683,4.26,0.0,79.94641,-7.023533,-124.5811,0.6,0.0,0.5
0.4334441258202735,0.07887248630595911,0.4957861804653293,61.019999999999996,276824.06399999955,-0.72,0.0,1.0,-0.04281746879480153,4.265,0.0,79.94641,-7.023533,-124.5811,0.6,0.0,0.5
0.4378205039656631,0.06521356100394755,0.4955923375213261,63.0,276824.06400000054,-0.72,0.0,1.0,0.07925656910918377,4.2700000000000005,0.0,79.94641,-7.023533,-124.5811,0.6,0.0,0.5
0.4425980462542646,0.07339712789894773,0.49539960056525484,64.98,48.218788364396545,-0.72,0.0,1.0,0.1097750785851801,4.275,0.0,79.94641,-7.023533,-124.5811,0.6,0.0,0.5
0.4471615052840037,0.0758592466911306,0.49530657213612933,66.78,134816.91428571407,-0.72,0.0,1.0,-0.08859523300879601,4.28,0.0,86.643326,108.83912,86.121666,0.6,0.6,0.5
0.45079044991483935,0.07557126996986246,0.49556374341987314,68.39999999999999,178809.8021052621,-0.72,0.0,1.0,0.1097750785851801,4.285,0.0,86.643326,108.83912,86.121666,0.6,0.6,0.5
0.45460626984531954,0.0744800793723559,0.4953749856958376,69.84,188743.68000000156,-0.72,0.0,1.0,-0.05807672353279969,4.29,0.0,86.643326,108.83912,86.121666,0.6,0.6,0.5
0.4583557035571859,0.09323778697656918,0.49545504581655136,71.28,194832.1858064513,-0.72,0.0,1.0,0.12503433332317826,4.295,0.0,86.643326,108.83912,86.121666,0.6,0.6,0.5
0.46183002802961065,0.11876602241326353,0.4951921036832217,72.36,150994.94399999976,-0.72,0.0,1.0,-0.14963225196078866,4.3,0.0,67.6389,-39.195267,-43.665215,0.6,0.0,0.5
0.4635710270608304,0.12895275615255392,0.49536637784823373,73.08,83886.07999999987,-0.72,0.0,1.0,0.3081453901791562,4.305,0.0,67.6389,-39.195267,-43.665215,0.6,0.0,0.5
0.464551755970572,0.13438978935919518,0.49538144128521866,73.61999999999999,78100.83310344712,-0.72,0.0,1.0,0.2776268807031599,4.3100000000000005,0.0,67.6389,-39.195267,-43.665215,0.6,0.0,0.5
0.46538429686495036,0.14214541098031583,0.495141452308608,73.8,4.056038165642479,-0.72,0.0,1.0,0.20133060701316907,4.315,0.0,67.6389,-39.195267,-43.665215,0.6,0.0,0.5
0.4662968411610979,0.1489265462872178,0.49498844479152665,73.8,0.0,-0.72,0.0,1.0,0.033478804895189285,4.32,0.0,59.996075,28.77229,14.3946705,0.6,0.6,0.5
0.46786598974466315,0.14234852735080125,0.49503440172756336,73.61999999999999,-21570.706285715103,-0.72,0.0,1.0,0.32340464491715437,4.325,0.0,59.996075,28.77229,14.3946705,0.6,0.6,0.5
0.4692751576895204,0.14802784147834955,0.4952337174025227,73.08,-68634.06545454444,-0.72,0.0,1.0,0.00296029541919296,4.33,0.0,59.996075,28.77229,14.3946705,0.6,0.6,0.5
0.4706545716404453,0.16175520122603476,0.4951243444493751,72.53999999999999,-78100.83310344919,-0.72,0.0,1.0,0.06399731437118561,4.335,0.0,59.996075,28.77229,14.3946705,0.6,0.6,0.5
0.47280542186245417,0.16050865968415953,0.49495546457109946,71.82,-91512.08727272713,-0.72,0.0,1.0,-0.05807672353279969,4.34,0.0,53.151394,-87.52914,5.233297,0.6,0.0,0.5
0.4747389894801187,0.16660931534340104,0.49487152457598926,70.92,-18687.493069306754,-0.72,0.0,1.0,0.1860713522751709,4.345,0.0,53.151394,-87.52914,5.233297,0.6,0.0,0.5
0.47664582941079564,0.17049750802634756,0.4945192213379767,70.02,-117964.80000000075,-0.72,0.0,1.0,0.1097750785851801,4.3500000000000005,0.0,53.151394,-87.52914,5.233297,0.6,0.0,0.5
0.4794013862534354,0.17971574832450024,0.4942237596100531,68.94,-161780.2971428569,-0.72,0.0,1.0,0.17081209753717275,4.355,0.0,53.151394,-87.52914,5.233297,0.6,0.0,0.5
0.48217992878339727,0.19105522519483853,0.49410542816066166,68.03999999999999,-22.02890756302535,-0.72,0.0,1.0,-0.04281746879480153,4.36,0.0,82.1344,-57.8565,-48.939285,0.6,0.0,0.5
0.48473278130646236,0.20642634069192514,0.4939796370841232,66.96,-87112.46769230756,-0.72,0.0,1.0,0.12503433332317826,4.365,0.0,82.1344,-57.8565,-48.939285,0.6,0.0,0.5
0.48686499851138976,0.21755925330211914,0.4940204874994479,65.88,-133230.83294117625,-0.72,0.0,1.0,-0.07333597827079785,4.37,0.0,82.1344,-57.8565,-48.939285,0.6,0.0,0.5
0.48847367912291173,0.2264203853916063,0.49430406542135413,64.62,-170478.16258064393,-0.72,0.0,1.0,0.21658986175116723,4.375,0.0,82.1344,-57.8565,-48.939285,0.6,0.0,0.5
0.4904938944274892,0.24158276750728394,0.49400361166487644,63.54,-156201.66620689732,-0.72,0.0,1.0,-0.05807672353279969,4.38,0.0,-142.87445,-96.596,-183.14685,0.0,0.0,0.5
0.4917144397693177,0.25409335519466586,0.49426578686263173,62.46,-150994.94399999976,-0.72,0.0,1.0,0.24710837122716356,4.385,0.0,-142.87445,-96.596,-183.14685,0.0,0.0,0.5
0.4930095751587576,0.2631587214061913,0.4944646857339431,61.379999999999995,-146124.13935483943,-0.72,0.0,1.0,0.00296029541919296,4.39,0.0,-142.87445,-96.596,-183.14685,0.0,0.0,0.5
0.49422771805386684,0.26717749459946744,0.4944270720336672,60.3,-150994.94399999976,-0.72,0.0,1.0,0.3997009186071452,4.3950000000000005,0.0,-142.87445,-96.596,-183.14685,0.0,0.0,0.5
0.49497197194831033,0.25791706346635807,0.49457564996548364,59.4,-20.276813828444322,-0.72,0.0,1.0,0.2623676259651617,4.4,0.0,-114.28109,-123.28138,-138.24811,0.0,0.0,0.5
0.4957285688401817,0.2529588662984218,0.4946946797169468,58.68,-45073.11761194023,-0.72,0.0,1.0,0.3539231543931507,4.405,0.0,-114.28109,-123.28138,-138.24811,0.0,0.0,0.5
0.4960327935144296,0.23441769824929068,0.49489987495491516,58.32,-43141.412571428504,-0.72,0.0,1.0,-0.012298959318805203,4.41,0.0,-114.28109,-123.28138,-138.24811,0.0,0.0,0.5
0.49560579126281346,0.21613058144314226,0.4950076659542053,57.96,-47185.919999999925,-0.72,0.0,1.0,0.21658986175116723,4.415,0.0,-114.28109,-123.28138,-138.24811,0.0,0.0,0.5
0.4942489615342756,0.20384698059146225,0.49504478800997687,57.78,-25165.82399999996,-0.72,0.0,1.0,0.1860713522751709,4.42,0.0,-105.370735,-12.33945,54.221542,0.0,0.0,0.5
0.49377186608887913,0.1794820515353939,0.49515651808237526,57.78,0.0,-0.72,0.0,1.0,0.36918240913114886,4.425,0.0,-105.370735,-12.33945,54.221542,0.0,0.0,0.5
0.49249079604357876,0.1464203355991409,0.49556678813747923,57.96,23592.959999999963,-0.72,0.0,1.0,0.17081209753717275,4.43,0.0,-105.370735,-12.33945,54.221542,0.0,0.0,0.5
0.4894577355337446,0.1385555875758349,0.49610598520692895,58.14,26033.611034482718,-0.72,0.0,1.0,0.41496017334514335,4.4350000000000005,0.0,-105.370735,-12.33945,54.221542,0.0,0.0,0.5
0.48048292454701674,0.11283778911518061,0.4966294242088984,58.5,53926.765714285626,-0.72,0.0,1.0,0.33866389965515253,4.44,0.0,-115.18201,123.10766,141.52954,0.0,0.6,0.5
0.4606831946149287,0.10928359035195508,0.49668358630663,58.68,4.402955152504805,-0.72,0.0,1.0,0.2318491164891654,4.445,0.0,-115.18201,123.10766,141.52954,0.0,0.6,0.5
0.4310035283652926,0.09510790536928504,0.4967151564838417,59.04,30198.988799999952,-0.72,0.0,1.0,-0.07333597827079785,4.45,0.0,-115.18201,123.10766,141.52954,0.0,0.6,0.5
0.3998598748469101,0.0858827929822422,0.4975136218082061,59.22,22878.021818181784,-0.72,0.0,1.0,0.12503433332317826,4.455,0.0,-115.18201,123.10766,141.52954,0.0,0.6,0.5
0.3672606735724509,0.06947447504614507,0.4984001379635069,59.4,26033.611034482718,-0.72,0.0,1.0,0.32340464491715437,4.46,0.0,-105.82446,107.24709,126.98769,0.0,0.6,0.5
0.3371187825281588,0.056187955898450576,0.4988065738264337,59.4,0.0,-0.72,0.0,1.0,0.5217749565111305,4.465,0.0,-105.82446,107.24709,126.98769,0.0,0.6,0.5
0.3067120000656509,0.05305650867682201,0.49954749790182135,59.4,0.0,-0.72,0.0,1.0,0.17081209753717275,4.47,0.0,-105.82446,107.24709,126.98769,0.0,0.6,0.5
0.2789157907608634,0.04509333992961308,0.5003257346359182,59.22,-26033.611034482718,-0.72,0.0,1.0,0.475997192297136,4.4750000000000005,0.0,-105.82446,107.24709,126.98769,0.0,0.6,0.5
0.2512141392064847,0.0426180704821767,0.5010792825727368,59.04,-24354.023225806413,-0.72,0.0,1.0,0.15555284279917458,4.48,0.0,-111.4202,99.48693,124.05088,0.0,0.6,0.5
0.22585732495029265,0.0374269494349005,0.5016102279425464,58.68,-8.322031746031733,-0.72,0.0,1.0,0.36918240913114886,4.485,0.0,-111.4202,99.48693,124.05088,0.0,0.6,0.5
0.20163384715216343,0.04657107382415974,0.5023165717353504,58.5,-14803.425882352918,-0.72,0.0,1.0,0.09451582384718193,4.49,0.0,-111.4202,99.48693,124.05088,0.0,0.6,0.5
0.1803200569279072,0.06375055853700436,0.5026090398740435,57.96,-70778.87999999989,-0.72,0.0,1.0,0.2623676259651617,4.495,0.0,-111.4202,99.48693,124.05088,0.0,0.6,0.5
0.15977121969786978,0.07366583944406473,0.5032299029339526,57.599999999999994,-17355.740689655486,-0.72,0.0,1.0,0.21658986175116723,4.5,0.0,-96.24481,113.92323,143.01877,0.0,0.6,0.5
0.14220038956840786,0.10020121996894699,0.5035566576628971,57.059999999999995,-78100.83310344815,-0.72,0.0,1.0,0.3081453901791562,4.505,0.0,-96.24481,113.92323,143.01877,0.0,0.6,0.5
0.12512874691377843,0.11557170742942234,0.5042537932541428,56.339999999999996,-100663.29599999984,-0.72,0.0,1.0,0.06399731437118561,4.51,0.0,-96.24481,113.92323,143.01877,0.0,0.6,0.5
0.11211577370407994,0.1347722787627133,0.5046405013086599,55.62,-91512.08727272713,-0.72,0.0,1.0,0.5065157017731323,4.515,0.0,-96.24481,113.92323,143.01877,0.0,0.6,0.5
0.10333064982788315,0.14799697365169362,0.5049674401185594,54.9,-100663.29599999984,-0.72,0.0,1.0,0.12503433332317826,4.5200000000000005,0.0,-110.00295,63.950905,130.70383,0.0,0.6,0.5
0.09265426204914921,0.1660885915640749,0.5051565855583158,54.0,-65084.027586206794,-0.72,0.0,1.0,0.15555284279917458,4.525,0.0,-110.00295,63.950905,130.70383,0.0,0.6,0.5
0.08041202732240597,0.18427696010502384,0.5054015216762235,53.1,-20.36388431847481,-0.72,0.0,1.0,0.09451582384718193,4.53,0.0,-110.00295,63.950905,130.70383,0.0,0.6,0.5
0.06619309274306096,0.21709865830205816,0.5051337238155772,52.199999999999996,-60885.05806451651,-0.72,0.0,1.0,0.24710837122716356,4.535,0.0,-110.00295,63.950905,130.70383,0.0,0.6,0.5
0.0596024542616738,0.22707284253166957,0.5051576095880982,51.12,-129424.23771428551,-0.72,0.0,1.0,-0.05807672353279969,4.54,0.0,-144.2971,-153.25664,157.2502,0.0,0.0,0.5
0.05861417155859995,0.24116461961382132,0.504899793978483,49.86,-165150.71999999974,-0.72,0.0,1.0,0.384441663869147,4.545,0.0,-144.2971,-153.25664,157.2502,0.0,0.0,0.5
0.04805422030567079,0.26378666720350724,0.5046002588531754,48.6,-170478.1625806449,-0.72,0.0,1.0,0.21658986175116723,4.55,0.0,-144.2971,-153.25664,157.2502,0.0,0.0,0.5
0.0446209635785394,0.2869589122805477,0.5043881290859976,47.339999999999996,-66060.28800000026,-0.72,0.0,1.0,0.29288613544115805,4.555,0.0,-144.2971,-153.25664,157.2502,0.0,0.0,0.5
0.03143408005361108,0.2900944990827241,0.504436487617223,45.72,-219186.20903225773,-0.72,0.0,1.0,-0.027558214056803365,4.5600000000000005,0.0,65.23125,-110.339836,-115.561775,0.6,0.0,0.5
0.024521349327200733,0.29862916262742834,0.5041193368006096,44.28,-201326.59199999968,-0.72,0.0,1.0,0.1860713522751709,4.565,0.0,65.23125,-110.339836,-115.561775,0.6,0.0,0.5
0.029773402039391977,0.31105834885518435,0.5039484134693221,42.66,-219186.2090322587,-0.72,0.0,1.0,0.00296029541919296,4.57,0.0,65.23125,-110.339836,-115.561775,0.6,0.0,0.5
0.028167816928930743,0.3204883836928195,0.5039828742150185,40.86,-43.66691267481803,-0.72,0.0,1.0,0.49125644703513416,4.575,0.0,65.23125,-110.339836,-115.561775,0.6,0.0,0.5
0.007126347575095218,0.3317867605181582,0.5036189620990443,39.059999999999995,-77832.44536082493,-0.72,0.0,1.0,0.17081209753717275,4.58,8.522881865501404,99.08763,-164.1698,-171.89865,0.6,0.0,0.5
0.001947346574637432,0.3298390147295523,0.5035700886956047,37.08,-230686.71999999962,-0.72,0.0,1.0,0.3081453901791562,4.585,8.522881865501404,99.08763,-164.1698,-171.89865,0.6,0.0,0.5
0.0036511783147718437,0.321560040408868,0.503503892332152,35.28,-243540.23225806412,-0.72,0.0,1.0,0.018219550157191122,4.59,8.522881865501404,99.08763,-164.1698,-171.89865,0.6,0.0,0.5
0.0028384592579118787,0.3260970671361202,0.5033886718047952,33.3,-259522.56000000052,-0.72,0.0,1.0,0.46073793755913783,4.595,8.522881865501404,99.08763,-164.1698,-171.89865,0.6,0.0,0.5
0.008542769557074685,0.32604732886423826,0.503356212188018,31.14,-283115.51999999955,-0.72,0.0,1.0,0.04873805963318745,4.6000000000000005,20.0,49.331146,62.652096,61.218727,0.6,0.6,0.5
0.007864628055695388,0.3118376525062395,0.5033857618055837,28.98,-292248.27870967746,-0.72,0.0,1.0,0.3997009186071452,4.605,20.0,49.331146,62.652096,61.218727,0.6,0.6,0.5
0.006094122545751773,0.2985601738652513,0.5032074480543007,26.64,-181753.1733333333,-0.72,0.0,1.0,0.2776268807031599,4.61,20.0,49.331146,62.652096,61.218727,0.6,0.6,0.5
0.016712661691183704,0.27218731519368683,0.5030413832964234,24.3,-52.80736562321772,-0.72,0.0,1.0,0.2623676259651617,4.615,20.0,49.331146,62.652096,61.218727,0.6,0.6,0.5
0.019429954731272944,0.24650866153026868,0.5029262165670577,21.96,-160896.2518032787,-0.72,0.0,1.0,0.2776268807031599,4.62,8.522881865501404,64.78571,-67.5735,-31.609764,0.6,0.0,0.5
0.03702157061345405,0.22614689864671234,0.5030685727990016,19.62,-258280.82526315787,-0.72,0.0,1.0,0.384441663869147,4.625,8.522881865501404,64.78571,-67.5735,-31.609764,0.6,0.0,0.5
0.06757694918899569,0.20254520206775786,0.5026399103267642,16.919999999999998,-333077.0823529415,-0.72,0.0,1.0,0.09451582384718193,4.63,8.522881865501404,64.78571,-67.5735,-31.609764,0.6,0.0,0.5
0.07471889275834932,0.18849330757050403,0.5025152120743706,14.399999999999999,-352321.53599999996,-0.72,0.0,1.0,0.21658986175116723,4.635,8.522881865501404,64.78571,-67.5735,-31.609764,0.6,0.0,0.5
0.08693948613414373,0.16879588602583354,0.5023303253029454,11.879999999999999,-128898.12292682925,-0.72,0.0,1.0,0.384441663869147,4.64,8.522881865501404,66.36663,-76.560814,-59.081764,0.6,0.0,0.5
0.10727101785279625,0.15753724924533033,0.5020137370414093,9.18,-306070.83243243233,-0.72,0.0,1.0,0.24710837122716356,4.6450000000000005,8.522881865501404,66.36663,-76.560814,-59.081764,0.6,0.0,0.5
0.12959668427064697,0.16349316144124806,0.5017718317662514,6.66,-330301.43999999994,-0.72,0.0,1.0,0.2776268807031599,4.65,8.522881865501404,66.36663,-76.560814,-59.081764,0.6,0.0,0.5
0.14357511067214038,0.1615498344146255,0.5014699258859717,4.5,-301989.88800000004,1.7999999999999998,352321.53599999996,1.0,8.410809656056404,4.655,8.522881865501404,66.36663,-76.560814,-59.081764,0.6,0.0,0.5
0.1635884963344724,0.15199140200487282,0.5032940453709056,3.5999999999999996,-22.022224815065464,3.5999999999999996,44.044449630130906,1.0,4.489181188390765,4.66,0.0,87.24811,-93.76088,-23.743313,0.6,0.0,0.5
0.1830069000710526,0.14713657550625067,0.5041105698442605,3.78,14803.425882352954,2.16,-118427.40705882349,1.0,2.7191076387829227,4.665,0.0,87.24811,-93.76088,-23.743313,0.6,0.0,0.5
0.19586219278563788,0.14567150768806927,0.5044143348778308,5.22,177641.1105882353,1.08,-133230.8329411765,1.0,0.21658986175116723,4.67,0.0,87.24811,-93.76088,-23.743313,0.6,0.0,0.5
0.21233542910443193,0.15210194714157876,0.5037867491612316,7.02,260336.11034482755,-1.26,-338436.94344827585,1.0,0.6133304849391195,4.675,0.0,87.24811,-93.76088,-23.743313,0.6,0.0,0.5
0.2301833409307224,0.15294483738758383,0.5023431696115838,7.739999999999999,100663.29599999996,-0.36,125829.12000000001,1.0,-0.5158543656727996,4.68,0.0,63.281643,3.9519403,-26.362564,0.6,0.6,0.5
0.24333935014295582,0.15245746851860284,0.5019114731542093,9.54,243540.2322580645,-0.72,-48708.0464516129,1.0,-0.37852107303081617,4.6850000000000005,0.0,63.281643,3.9519403,-26.362564,0.6,0.6,0.5
0.2574305416900358,0.1472066209160652,0.5016279335882429,11.16,226492.41600000014,-0.72,0.0,1.0,-0.04281746879480153,4.69,0.0,63.281643,3.9519403,-26.362564,0.6,0.6,0.5
0.2744887429014878,0.14475124887962773,0.5009838697548648,13.139999999999999,296597.2114285712,-0.8999999999999999,-26963.38285714285,1.0,0.033478804895189285,4.695,0.0,63.281643,3.9519403,-26.362564,0.6,0.6,0.5
0.2865936463178881,0.12724318889270203,0.5012884856989513,15.299999999999999,48.590749427457375,-0.8999999999999999,0.0,1.0,-0.10385448774679418,4.7,0.0,20.28731,122.431694,93.50966,0.6,0.6,0.5
0.2984210370682187,0.12310299902564614,0.5010537598387672,17.64,155788.4342857144,-0.8999999999999999,0.0,1.0,0.12503433332317826,4.705,0.0,20.28731,122.431694,93.50966,0.6,0.6,0.5
0.3122501840782507,0.10660178075741204,0.5011833593305642,20.16,301989.888,-0.8999999999999999,0.0,1.0,0.07925656910918377,4.71,0.0,20.28731,122.431694,93.50966,0.6,0.6,0.5
0.3238778678112531,0.10412362551089911,0.5012553621654454,22.68,122902.86139534881,-0.8999999999999999,0.0,1.0,0.09451582384718193,4.715,0.0,20.28731,122.431694,93.50966,0.6,0.6,0.5
0.3333535128722015,0.07813123913169984,0.5014222496751565,25.56,377487.35999999987,-0.8999999999999999,0.0,1.0,0.46073793755913783,4.72,0.0,-14.804322,66.67234,43.446793,0.0,0.6,0.5
0.34479584530289004,0.07937102401330454,0.5011950427995073,28.439999999999998,335544.3199999999,-0.8999999999999999,0.0,1.0,0.6133304849391195,4.7250000000000005,0.0,-14.804322,66.67234,43.446793,0.0,0.6,0.5
0.35496949870816286,0.08291075328948068,0.5010395523141206,31.32,377487.36000000034,-0.8999999999999999,0.0,1.0,0.1097750785851801,4.73,0.0,-14.804322,66.67234,43.446793,0.0,0.6,0.5
0.36312227455326895,0.08606363593711573,0.5010171724501643,34.379999999999995,401080.31999999937,-0.8999999999999999,0.0,1.0,-0.07333597827079785,4.735,0.0,-14.804322,66.67234,43.446793,0.0,0.6,0.5
0.3720703040705206,0.10522791083319061,0.5010104913771756,37.62,468604.99862068996,-0.8999999999999999,0.0,1.0,0.384441663869147,4.74,0.0,71.37857,19.218126,-59.38337,0.6,0.6,0.5
0.3801793907163508,0.12757854005455413,0.5011683927928023,40.68,74.92058350699618,-0.8999999999999999,0.0,1.0,0.3997009186071452,4.745,0.0,71.37857,19.218126,-59.38337,0.6,0.6,0.5
0.38674540862979273,0.14903247214611137,0.5009110002665695,43.92,271790.89920000016,-0.8999999999999999,0.0,1.0,0.44547868282113967,4.75,0.0,71.37857,19.218126,-59.38337,0.6,0.6,0.5
0.3916134270983601,0.16107638588446063,0.5013188631656507,46.98,388926.37090909027,-0.8999999999999999,0.0,1.0,0.15555284279917458,4.755,0.0,71.37857,19.218126,-59.38337,0.6,0.6,0.5
0.396124355720483,0.17531546327010972,0.5013686211633234,50.04,166682.73038961051,-0.8999999999999999,0.0,1.0,0.1860713522751709,4.76,0.0,62.066666,61.409653,35.80494,0.6,0.6,0.5
0.3990575061345627,0.19739249003289683,0.5011658988173258,52.919999999999995,366048.34909090854,-0.8999999999999999,0.0,1.0,0.20133060701316907,4.765,0.0,62.066666,61.409653,35.80494,0.6,0.6,0.5
0.3972146966780706,0.21556588772542262,0.5014727344839663,55.8,211922.72842105283,-0.72,13245.170526315786,1.0,0.3539231543931507,4.7700000000000005,0.0,62.066666,61.409653,35.80494,0.6,0.6,0.5
0.3949173981174068,0.2313901085902122,0.501793411116911,58.5,404450.7428571433,-0.72,0.0,1.0,0.475997192297136,4.775,0.0,62.066666,61.409653,35.80494,0.6,0.6,0.5
0.39380539126972036,0.2482834592355339,0.501907945995179,61.019999999999996,340956.3251612898,-0.72,0.0,1.0,0.33866389965515253,4.78,0.0,48.725544,-141.58315,112.04034,0.6,0.0,0.5
0.39237634955287076,0.25672055814349914,0.50217620561378,63.18,48.99622857019251,-0.72,0.0,1.0,0.07925656910918377,4.785,0.0,48.725544,-141.58315,112.04034,0.6,0.0,0.5
0.3916080083463791,0.2787081548834192,0.5022621272500367,64.98,150994.94400000037,-0.72,0.0,1.0,0.2318491164891654,4.79,0.0,48.725544,-141.58315,112.04034,0.6,0.0,0.5
0.3907434581653882,0.3002882271426365,0.5025250964615534,66.42,183024.17454545427,-0.72,0.0,1.0,0.12503433332317826,4.795,0.0,48.725544,-141.58315,112.04034,0.6,0.0,0.5
0.39040209190112096,0.30597559187926376,0.5024874154825097,67.32,121770.1161290311,-0.54,24354.023225806442,1.0,0.12503433332317826,4.8,0.0,-56.654015,242.73708,-91.29713,0.0,0.6,0.5
0.3907936244044431,0.3181087468752398,0.5021326409026828,67.67999999999999,50331.64799999992,-0.54,0.0,1.0,0.5217749565111305,4.805,0.0,-56.654015,242.73708,-91.29713,0.0,0.6,0.5
0.38982070577428973,0.3197499740497855,0.5023074330286609,67.67999999999999,0.0,-0.54,0.0,1.0,0.29288613544115805,4.8100000000000005,0.0,-56.654015,242.73708,-91.29713,0.0,0.6,0.5
0.39004983341425903,0.3347290528440976,0.5022352248756988,67.14,-70778.87999999896,-0.72,-23592.959999999992,1.0,0.20133060701316907,4.815,0.0,-56.654015,242.73708,-91.29713,0.0,0.6,0.5
0.39186167751985207,0.34010764461954496,0.502190661728471,66.06,-24223.78780748659,-0.72,0.0,1.0,0.20133060701316907,4.82,0.0,-92.22615,-46.19354,53.675156,0.0,0.0,0.5
0.39416195817379185,0.33740177116795567,0.5022378590953649,64.8,-165150.72000000067,-0.72,0.0,1.0,0.1860713522751709,4.825,0.0,-92.22615,-46.19354,53.675156,0.0,0.0,0.5
0.3971922478758043,0.32439409348238196,0.5023984124662653,63.18,-39.42930040388091,-0.72,0.0,1.0,0.41496017334514335,4.83,0.0,-92.22615,-46.19354,53.675156,0.0,0.0,0.5
0.4031001695771854,0.32539408072111914,0.5024417405303898,61.379999999999995,-119837.25714285743,-0.72,0.0,1.0,0.32340464491715437,4.835,0.0,-92.22615,-46.19354,53.675156,0.0,0.0,0.5
0.41101749203929955,0.3220898650137798,0.5021785744415672,59.4,-230686.71999999962,-0.72,0.0,1.0,0.1860713522751709,4.84,8.522881865501404,65.14887,50.492184,14.527632,0.6,0.6,0.5
0.41571817468348427,0.31710147574365155,0.5022335782058079,57.419999999999995,-244256.52705882402,-0.72,0.0,1.0,0.20133060701316907,4.845,8.522881865501404,65.14887,50.492184,14.527632,0.6,0.6,0.5
0.417014315971994,0.3207064028670829,0.5023366291428294,55.44,-251658.2399999996,-0.72,0.0,1.0,0.3539231543931507,4.8500000000000005,8.522881865501404,65.14887,50.492184,14.527632,0.6,0.6,0.5
0.4181249814576514,0.32486134127641564,0.5021558379474139,53.28,-283115.51999999955,-0.72,0.0,1.0,0.3539231543931507,4.855,8.522881865501404,65.14887,50.492184,14.527632,0.6,0.6,0.5
0.41794077727288204,0.31457661449127633,0.5021641831129219,51.3,-259522.56000000052,-0.72,0.0,1.0,0.384441663869147,4.86,20.0,103.54901,-77.76441,-90.73715,0.6,0.0,0.5
0.410937973675383,0.3065431221379828,0.5020885633476426,49.32,-237277.76914285676,-0.72,0.0,1.0,0.12503433332317826,4.865,20.0,103.54901,-77.76441,-90.73715,0.6,0.0,0.5
0.39305572258566335,0.30564795806094347,0.5018549156069599,47.16,-49.87693659471163,-0.72,0.0,1.0,0.46073793755913783,4.87,20.0,103.54901,-77.76441,-90.73715,0.6,0.0,0.5
0.3715875977941641,0.30621141416078385,0.5019679919226256,45.18,-82224.96950495036,-0.72,0.0,1.0,0.2776268807031599,4.875,20.0,103.54901,-77.76441,-90.73715,0.6,0.0,0.5
0.3588658478586353,0.3024376716365735,0.5018104978523413,43.379999999999995,-209715.2000000005,-0.72,0.0,1.0,0.17081209753717275,4.88,8.522881865501404,106.75197,-179.06554,47.770714,0.6,0.0,0.5
0.35525284482096403,0.29914652486909377,0.5017662898828412,41.4,-267894.25548387057,-0.72,0.0,1.0,0.21658986175116723,4.885,8.522881865501404,106.75197,-179.06554,47.770714,0.6,0.0,0.5
0.3523079231199102,0.30185355524387003,0.5020529483595939,39.6,-260336.11034482718,-0.8999999999999999,-26033.61103448275,1.0,0.4302194280831415,4.89,8.522881865501404,106.75197,-179.06554,47.770714,0.6,0.0,0.5
0.3533860277588618,0.3027581447562079,0.5021900889626808,37.8,-260336.1103448282,-0.8999999999999999,0.0,1.0,0.21658986175116723,4.8950000000000005,8.522881865501404,106.75197,-179.06554,47.770714,0.6,0.0,0.5
0.3560112124001312,0.3060593846567294,0.5022824891436436,36.36,-194832.1858064513,-0.8999999999999999,0.0,1.0,0.24710837122716356,4.9,0.0,50.13971,-91.41288,-74.677505,0.6,0.0,0.5
0.3575380133080935,0.30771598195158895,0.502397574834493,34.92,-208268.88827586174,-0.8999999999999999,0.0,1.0,0.033478804895189285,4.905,0.0,50.13971,-91.41288,-74.677505,0.6,0.0,0.5
0.360145428952279,0.308603391996614,0.5029229508337364,33.66,-182235.27724138004,-0.8999999999999999,0.0,1.0,0.3081453901791562,4.91,0.0,50.13971,-91.41288,-74.677505,0.6,0.0,0.5
0.3636130489780981,0.30744131137960806,0.5030466273257675,32.76,-20.34632271695832,-0.8999999999999999,0.0,1.0,-0.027558214056803365,4.915,0.0,50.13971,-91.41288,-74.677505,0.6,0.0,0.5
0.36658240362440037,0.3061104185130193,0.5030751908262776,32.04,-62914.5599999999,-0.8999999999999999,0.0,1.0,0.1097750785851801,4.92,0.0,64.36192,-53.61833,-116.4252,0.6,0.0,0.5
0.3701010966153268,0.2939389138021905,0.5034183589021229,31.5,-19032.97613445375,-0.8999999999999999,0.0,1.0,0.17081209753717275,4.925,0.0,64.36192,-53.61833,-116.4252,0.6,0.0,0.5
0.3791921206133846,0.2703097868275599,0.5035123938143704,31.32,-25165.82399999996,-0.8999999999999999,0.0,1.0,0.3539231543931507,4.93,0.0,64.36192,-53.61833,-116.4252,0.6,0.0,0.5
0.3921422734534069,0.25423115920352934,0.5036304803822782,31.5,26963.382857142813,-0.8999999999999999,0.0,1.0,-0.05807672353279969,4.9350000000000005,0.0,64.36192,-53.61833,-116.4252,0.6,0.0,0.5
0.4022036169922353,0.22975093118106268,0.5042391082119401,31.86,27453.626181818137,-0.8999999999999999,0.0,1.0,0.24710837122716356,4.94,0.0,-75.84297,-154.1841,-80.893776,0.0,0.0,0.5
0.4137606047856292,0.21415777822135734,0.5040805229829213,32.58,104134.44413793087,-0.8999999999999999,0.0,1.0,0.09451582384718193,4.945,0.0,-75.84297,-154.1841,-80.893776,0.0,0.0,0.5
0.42488790268463555,0.19569564304263548,0.5042187146112351,33.66,146124.13935483847,-0.8999999999999999,0.0,1.0,0.475997192297136,4.95,0.0,-75.84297,-154.1841,-80.893776,0.0,0.0,0.5
0.43317064609889105,0.17138189423711275,0.5042570943097556,34.92,182235.27724138004,-0.8999999999999999,0.0,1.0,-0.012298959318805203,4.955,0.0,-75.84297,-154.1841,-80.893776,0.0,0.0,0.5
0.44032842288219703,0.15363101513274813,0.5045673155045843,36.54,39.296584812908385,-0.8999999999999999,0.0,1.0,0.3081453901791562,4.96,0.0,-95.04605,121.37325,150.68558,0.0,0.6,0.5
0.4480723430898381,0.12662013122794294,0.5047285025651765,38.339999999999996,142448.06037735826,-0.8999999999999999,0.0,1.0,0.04873805963318745,4.965,0.0,-95.04605,121.37325,150.68558,0.0,0.6,0.5
0.4528460301774022,0.13337518034515566,0.5045870474938108,40.5,283115.5200000005,-0.8999999999999999,0.0,1.0,0.41496017334514335,4.97,0.0,-95.04605,121.37325,150.68558,0.0,0.6,0.5
0.45175388928379884,0.11668080712301925,0.5047867734196078,42.66,114679.70430379729,-0.8999999999999999,0.0,1.0,0.3539231543931507,4.9750000000000005,0.0,-95.04605,121.37325,150.68558,0.0,0.6,0.5
0.4479495470547775,0.093739702103745,0.5052264677528625,45.0,288666.8047058828,-0.8999999999999999,0.0,1.0,0.32340464491715437,4.98,0.0,-26.503458,134.32976,158.90573,0.0,0.6,0.5
0.4456174219855032,0.08473718541010594,0.5047550220466931,47.519999999999996,330301.4399999995,-0.8999999999999999,0.0,1.0,-0.14963225196078866,4.985,0.0,-26.503458,134.32976,158.90573,0.0,0.6,0.5
0.4409340821292715,0.07194093027741498,0.50437522277578,50.04,340956.32516129076,-0.8999999999999999,0.0,1.0,0.384441663869147,4.99,0.0,-26.503458,134.32976,158.90573,0.0,0.6,0.5
0.43529313916289186,0.06301628686369236,0.5043366068270685,52.559999999999995,364470.55448275805,-0.8999999999999999,0.0,1.0,0.32340464491715437,4.995,0.0,-26.503458,134.32976,158.90573,0.0,0.6,0.5
0.4297914959197775,0.04988080744560238,0.5044054309794763,55.08,56.846531169830065,-0.8999999999999999,0.0,1.0,0.09451582384718193,5.0,0.0,-103.66504,75.949905,90.83418,0.0,0.6,0.5
0.4193218010592336,0.05609687464921846,0.5043877104075607,57.419999999999995,188743.6799999997,-0.72,14518.74461538461,1.0,0.04873805963318745,5.005,0.0,-103.66504,75.949905,90.83418,0.0,0.6,0.5
0.400479787306887,0.060627575806303735,0.5046026150980522,59.94,320292.3054545458,-0.72,0.0,1.0,0.1097750785851801,5.01,0.0,-103.66504,75.949905,90.83418,0.0,0.6,0.5
0.3757019003994094,0.05335179713288063,0.5044529691691982,62.099999999999994,301989.8879999995,-0.72,0.0,1.0,-0.04281746879480153,5.015,0.0,-103.66504,75.949905,90.83418,0.0,0.6,0.5
0.3489962606852042,0.04354530956481486,0.5042440161952141,64.25999999999999,301989.8879999995,-0.72,0.0,1.0,0.3539231543931507,5.0200000000000005,0.0,-106.61752,130.37923,159.05942,0.0,0.6,0.5
0.3208703119515588,0.07466768676133734,0.5037807812468951,66.24,259522.56000000052,-0.72,0.0,1.0,0.2318491164891654,5.025,0.0,-106.61752,130.37923,159.05942,0.0,0.6,0.5
0.2925074451000583,0.11012840368447799,0.5039776556584369,68.03999999999999,260336.11034482718,-0.72,0.0,1.0,0.3539231543931507,5.03,0.0,-106.61752,130.37923,159.05942,0.0,0.6,0.5
0.2644715282123018,0.12262655349925267,0.5039463456956528,69.66,91821.24972972999,-0.72,0.0,1.0,0.12503433332317826,5.035,0.0,-106.61752,130.37923,159.05942,0.0,0.6,0.5
0.23838720956166232,0.14195483727278596,0.5036608495103975,70.92,170478.16258064585,-0.72,0.0,1.0,0.07925656910918377,5.04,0.0,-117.27759,122.67344,143.53354,0.0,0.6,0.5
0.2133751363407703,0.16233247659096595,0.5034701775708074,72.0,26.37773435043378,-0.72,0.0,1.0,0.033478804895189285,5.045,0.0,-117.27759,122.67344,143.53354,0.0,0.6,0.5
0.19003387469030875,0.18351349646952023,0.5034116344515552,72.72,59213.70352941167,-0.72,0.0,1.0,0.21658986175116723,5.05,0.0,-117.27759,122.67344,143.53354,0.0,0.6,0.5
0.16891456854618683,0.19445150135514122,0.5032366595814846,72.89999999999999,10785.3531428567,-0.72,0.0,1.0,-0.07333597827079785,5.055,0.0,-117.27759,122.67344,143.53354,0.0,0.6,0.5
0.1501378752999455,0.21771502109568505,0.5032859418993149,72.89999999999999,0.0,-0.72,0.0,1.0,0.21658986175116723,5.0600000000000005,0.0,-126.19675,76.44045,-83.80015,0.0,0.6,0.5
0.13170208362299968,0.2335703483581079,0.5032421369478832,72.36,-73062.06967741827,-0.72,0.0,1.0,0.2318491164891654,5.065,0.0,-126.19675,76.44045,-83.80015,0.0,0.6,0.5
0.11215945391611826,0.2389707881420285,0.5029541798916207,71.46,-121770.11612903302,-0.72,0.0,1.0,0.3539231543931507,5.07,0.0,-126.19675,76.44045,-83.80015,0.0,0.6,0.5
0.09995327626093149,0.2543257824252688,0.5031259895837363,70.2,-182235.277241378,-0.72,0.0,1.0,0.00296029541919296,5.075,0.0,-126.19675,76.44045,-83.80015,0.0,0.6,0.5
0.09592705014875746,0.2658055295735716,0.5028852900865081,68.75999999999999,-201326.59200000166,-0.72,0.0,1.0,0.384441663869147,5.08,0.0,-99.97812,-137.00465,-160.16322,0.0,0.0,0.5
0.07763800685817887,0.285928416868888,0.5026207107877819,66.6,-49.56585553203006,-0.72,0.0,1.0,0.2623676259651617,5.085,0.0,-99.97812,-137.00465,-160.16322,0.0,0.0,0.5
0.07408438510896949,0.30008960913491317,0.5022976552663657,64.44,-91512.08727272713,-0.72,0.0,1.0,0.3997009186071452,5.09,0.0,-99.97812,-137.00465,-160.16322,0.0,0.0,0.5
0.0573852539580575,0.31560017140836877,0.5024854496178787,61.919999999999995,-257796.24585365885,-0.72,0.0,1.0,0.04873805963318745,5.095,0.0,-99.97812,-137.00465,-160.16322,0.0,0.0,0.5
0.04258031690676057,0.33476267165006063,0.5022609838483127,59.04,-366048.34909090854,-0.72,0.0,1.0,0.2623676259651617,5.1000000000000005,8.522881865501404,103.89609,172.46426,-68.58122,0.6,0.6,0.5
0.03386886116638861,0.33928934271069383,0.5021312406552118,55.8,-424673.28000000026,-0.72,0.0,1.0,0.018219550157191122,5.105,8.522881865501404,103.89609,172.46426,-68.58122,0.6,0.6,0.5
0.036788491462209694,0.3473453772436336,0.5022984974285638,52.559999999999995,-411804.392727273,-0.72,0.0,1.0,0.5980712302011213,5.11,8.522881865501404,103.89609,172.46426,-68.58122,0.6,0.6,0.5
0.040610035771135165,0.35437479023872115,0.5022606920766808,48.96,-100663.29599999984,-0.72,0.0,1.0,0.2623676259651617,5.115,8.522881865501404,103.89609,172.46426,-68.58122,0.6,0.6,0.5
0.02498483673138152,0.3639859760558532,0.502524091072752,45.36,-397355.1157894738,-0.72,0.0,1.0,0.384441663869147,5.12,20.0,78.86656,114.0767,20.781687,0.6,0.6,0.5
0.02628174735086131,0.35377168358815275,0.5026907396241304,41.4,-535788.5109677421,-0.72,0.0,1.0,0.09451582384718193,5.125,20.0,78.86656,114.0767,20.781687,0.6,0.6,0.5
0.016076715960585814,0.35064451556837595,0.5029604511875873,37.62,-92.372632314899,-0.72,0.0,1.0,0.12503433332317826,5.13,20.0,78.86656,114.0767,20.781687,0.6,0.6,0.5
0.016102855040984063,0.3519309392923824,0.503208708194176,33.66,-89298.08516129034,-0.72,0.0,1.0,0.00296029541919296,5.135,20.0,78.86656,114.0767,20.781687,0.6,0.6,0.5
0.02395045641555615,0.3515052146254212,0.5033805921627992,29.7,-386266.13581395324,-0.72,0.0,1.0,0.44547868282113967,5.14,8.522881865501404,10.899256,18.034122,23.14146,0.6,0.6,0.5
0.03425214679781677,0.35699204603328144,0.5037770287215231,25.56,-469308.60972972977,-0.72,0.0,1.0,0.12503433332317826,5.1450000000000005,8.522881865501404,10.899256,18.034122,23.14146,0.6,0.6,0.5
0.041813895372762755,0.35276778010810445,0.5039366042634592,21.419999999999998,-482344.9600000001,-0.72,0.0,1.0,0.2623676259651617,5.15,8.522881865501404,10.899256,18.034122,23.14146,0.6,0.6,0.5
0.06048081228084781,0.34884056379834055,0.504284474409323,17.28,-496126.2445714282,-0.72,0.0,1.0,0.24710837122716356,5.155,8.522881865501404,10.899256,18.034122,23.14146,0.6,0.6,0.5
0.08014490783361622,0.3533118029461892,0.5043637621187544,13.139999999999999,-542638.0800000003,-0.72,0.0,1.0,0.46073793755913783,5.16,0.0,41.16476,-8.035605,8.619722,0.6,0.0,0.5
0.0994933068500675,0.3634324023119721,0.5043861323403555,8.82,-584496.5574193547,-0.72,0.0,1.0,0.00296029541919296,5.165,0.0,41.16476,-8.035605,8.619722,0.6,0.0,0.5
0.12634094041563335,0.3816045415215395,0.5042953430448045,4.68,-93.3074254026083,0.8999999999999999,36.51160124449889,1.0,7.663106173894494,5.17,0.0,41.16476,-8.035605,8.619722,0.6,0.0,0.5
0.14502925617159945,0.3856757372431808,0.5061970911609758,1.7999999999999998,-158942.04631578946,6.84,327817.97052631574,1.0,16.49821466719565,5.175,0.0,41.16476,-8.035605,8.619722,0.6,0.0,0.5
0.1571648508681677,0.3914831114260754,0.5097472822572855,0.18,-178809.80210526314,8.82,218545.31368421056,1.0,-1.5077059236426802,5.18,0.0,32.331463,-51.60469,37.853466,0.6,0.0,0.5
0.1726000027155947,0.3899516080179105,0.5113877002735778,0.18,0.0,7.02,-235929.6000000001,1.0,2.764885402996917,5.1850000000000005,0.0,32.331463,-51.60469,37.853466,0.6,0.0,0.5
0.19092967007357764,0.3968775723984819,0.5128250448209978,1.98,100663.296,5.76,-70464.30719999998,1.0,1.1474044007690551,5.19,0.0,32.331463,-51.60469,37.853466,0.6,0.0,0.5
0.20225715175060882,0.40577388015546334,0.5123821864373508,4.5,310871.94352941174,1.98,-466307.91529411764,1.0,0.949034089175079,5.195,0.0,32.331463,-51.60469,37.853466,0.6,0.0,0.5
0.21478580943870318,0.4057145620673273,0.508004611943301,6.84,316602.3019354839,-1.44,-462726.4412903226,1.0,-0.5311136204107978,5.2,0.0,-19.296965,9.229789,32.411495,0.0,0.6,0.5
0.23151810744013102,0.41073225071384456,0.5066844384203865,8.1,170478.16258064512,0.36,243540.2322580645,1.0,-0.14963225196078866,5.205,0.0,-19.296965,9.229789,32.411495,0.0,0.6,0.5
0.2449249124272754,0.41473833471437427,0.5055048441420393,10.08,286369.7213793104,0.8999999999999999,78100.83310344827,1.0,-0.9888912625507427,5.21,0.0,-19.296965,9.229789,32.411495,0.0,0.6,0.5
0.2570161106449895,0.4014578226176439,0.5038565110282607,12.6,61.223976505888,-0.8999999999999999,-43.73141178992,1.0,-0.6684469130527813,5.215,0.0,-19.296965,9.229789,32.411495,0.0,0.6,0.5
0.27229143144039303,0.3911072953136508,0.5038172622496612,14.58,153791.1466666667,-0.72,13981.013333333329,1.0,0.06399731437118561,5.22,0.0,55.047153,-165.62022,61.77096,0.6,0.0,0.5
0.28479377085171065,0.3916579357162794,0.5036008491400856,17.28,343170.3272727274,-0.72,0.0,1.0,-0.2869655446028272,5.2250000000000005,0.0,55.047153,-165.62022,61.77096,0.6,0.0,0.5
0.29526245236590704,0.3698910738763712,0.5027488703924018,19.62,338436.94344827585,-0.72,0.0,1.0,-0.027558214056803365,5.23,0.0,55.047153,-165.62022,61.77096,0.6,0.0,0.5
0.30820155062953697,0.35400288241669486,0.5029404370928964,22.32,139810.1333333333,-0.8999999999999999,-9320.675555555552,1.0,0.8269600512710937,5.235,0.0,55.047153,-165.62022,61.77096,0.6,0.0,0.5
0.3192136711567946,0.32136212689617044,0.5028827783126202,25.2,377487.35999999987,-0.72,23592.959999999992,1.0,0.8117007965330956,5.24,0.0,44.42831,-81.55525,-114.16828,0.6,0.0,0.5
0.32364583718334416,0.3000496719950531,0.5020715973726796,27.72,207247.96235294113,-0.72,0.0,1.0,0.04873805963318745,5.245,0.0,44.42831,-81.55525,-114.16828,0.6,0.0,0.5
0.3224722454531736,0.2899297964219988,0.5022707824051789,30.599999999999998,389664.3716129031,-0.72,0.0,1.0,-0.1343729972227905,5.25,0.0,44.42831,-81.55525,-114.16828,0.6,0.0,0.5
0.3210024575470307,0.28503595792246683,0.5017646435672432,33.3,62.497217470005836,-0.72,0.0,1.0,0.033478804895189285,5.255,0.0,44.42831,-81.55525,-114.16828,0.6,0.0,0.5
0.31877561598527954,0.2817536402172649,0.5015765901675515,36.0,209715.20000000022,-0.72,0.0,1.0,0.7506637775811029,5.26,0.0,116.2265,140.9711,7.122513,0.6,0.6,0.5
0.31792625427723936,0.28545652785298287,0.5013915238708335,38.699999999999996,353894.39999999944,-0.72,0.0,1.0,0.9185155796990827,5.265,0.0,116.2265,140.9711,7.122513,0.6,0.6,0.5
0.31636661888465745,0.28074594904621186,0.5013455081804655,41.22,364470.5544827591,-0.72,0.0,1.0,0.3997009186071452,5.2700000000000005,0.0,116.2265,140.9711,7.122513,0.6,0.6,0.5
0.3156680093306282,0.2899757598817541,0.5011194609825343,43.559999999999995,327155.7119999995,-0.72,0.0,1.0,-0.3174840540788235,5.275,0.0,116.2265,140.9711,7.122513,0.6,0.6,0.5
0.31972416088805505,0.2782676575881707,0.501090129075103,45.9,350523.9771428577,-0.72,0.0,1.0,-0.2411877803888327,5.28,0.0,41.911175,-67.73986,37.79065,0.6,0.0,0.5
0.3298586749280454,0.26185770711562767,0.5009940932485552,48.059999999999995,274536.2618181814,-0.72,0.0,1.0,0.32340464491715437,5.285,0.0,41.911175,-67.73986,37.79065,0.6,0.0,0.5
0.3402515584617254,0.24817230914864724,0.5008188160662462,50.22,301989.8880000005,-0.72,0.0,1.0,0.3997009186071452,5.29,0.0,41.911175,-67.73986,37.79065,0.6,0.0,0.5
0.3514824530835278,0.24681377473347865,0.5008622167252645,52.199999999999996,116967.914366197,-0.72,0.0,1.0,-0.08859523300879601,5.295,0.0,41.911175,-67.73986,37.79065,0.6,0.0,0.5
0.3639370378345771,0.2443688539371013,0.500795785296574,54.0,42.824025366285404,-0.72,0.0,1.0,0.475997192297136,5.3,0.0,151.78282,-12.907509,122.8131,0.6,0.0,0.5
0.37525464097287736,0.2400394147184892,0.5006189449022801,55.62,135895.4495999998,-0.72,0.0,1.0,0.033478804895189285,5.305,0.0,151.78282,-12.907509,122.8131,0.6,0.0,0.5
0.3849867499761819,0.2438335116355984,0.5008260515477708,57.239999999999995,205902.19636363603,-0.72,0.0,1.0,0.3539231543931507,5.3100000000000005,0.0,151.78282,-12.907509,122.8131,0.6,0.0,0.5
0.39584292681133176,0.24843219124764795,0.5009374775466795,58.5,170478.16258064585,-0.72,0.0,1.0,0.3539231543931507,5.315,0.0,151.78282,-12.907509,122.8131,0.6,0.0,0.5
0.4052238296794781,0.25347566172643493,0.5007055303285508,59.58,161780.2971428569,-0.72,0.0,1.0,0.36918240913114886,5.32,0.0,42.26649,-91.82653,6.8029485,0.6,0.0,0.5
0.41331371750281337,0.2500188918494209,0.5006908768461448,60.48,125829.1199999998,-0.72,0.0,1.0,0.033478804895189285,5.325,0.0,42.26649,-91.82653,6.8029485,0.6,0.0,0.5
0.42153793283851315,0.2585938458073674,0.5005988597508343,61.199999999999996,104134.44413793087,-0.72,0.0,1.0,0.2776268807031599,5.33,0.0,42.26649,-91.82653,6.8029485,0.6,0.0,0.5
0.42881731411562685,0.2530915235820684,0.5005939081023331,61.559999999999995,50331.64799999992,-0.72,0.0,1.0,0.2623676259651617,5.335,0.0,42.26649,-91.82653,6.8029485,0.6,0.0,0.5
0.434820494401571,0.2548433660198712,0.5004040880884157,61.919999999999995,48708.04645161283,-0.72,0.0,1.0,0.567552720725125,5.34,0.0,47.04991,7.4992723,102.31073,0.6,0.6,0.5
0.4412199580087231,0.23955472726040172,0.5005127942918665,61.919999999999995,0.0,-0.72,0.0,1.0,0.1860713522751709,5.345,0.0,47.04991,7.4992723,102.31073,0.6,0.6,0.5
0.44667949339093516,0.22541132492691196,0.5006905481694788,61.919999999999995,0.0,-0.72,0.0,1.0,0.1097750785851801,5.3500000000000005,0.0,47.04991,7.4992723,102.31073,0.6,0.6,0.5
0.4511235022698271,0.19419009216291924,0.5006283319506487,61.919999999999995,0.0,-0.72,0.0,1.0,0.06399731437118561,5.355,0.0,47.04991,7.4992723,102.31073,0.6,0.6,0.5
0.45586671380040733,0.17570721909390097,0.5006041911733407,61.739999999999995,-24354.023225806413,-0.72,0.0,1.0,-0.11911374248479234,5.36,0.0,35.740017,-53.019653,15.329169,0.6,0.0,0.5
0.4603638568226333,0.15165040031400362,0.5006253575937714,61.559999999999995,-26033.611034482718,-0.72,0.0,1.0,-0.21066927091278131,5.365,0.0,35.740017,-53.019653,15.329169,0.6,0.0,0.5
0.4636786203882734,0.13228760854302676,0.5008122747757661,61.559999999999995,0.0,-0.72,0.0,1.0,-0.027558214056803365,5.37,0.0,35.740017,-53.019653,15.329169,0.6,0.0,0.5
0.4674422594872431,0.12192324383190996,0.5008414690303187,61.379999999999995,-25165.82399999996,-0.72,0.0,1.0,0.04873805963318745,5.375,0.0,35.740017,-53.019653,15.329169,0.6,0.0,0.5
0.47148891066493887,0.12571703178361543,0.5006411544620015,61.379999999999995,0.0,-0.72,0.0,1.0,0.21658986175116723,5.38,0.0,17.160568,-49.85862,-78.0536,0.6,0.0,0.5
0.4746148957302704,0.13404343813159947,0.500559798109022,61.379999999999995,0.0,-0.72,0.0,1.0,0.04873805963318745,5.385,0.0,17.160568,-49.85862,-78.0536,0.6,0.0,0.5
0.4776278322316244,0.12353578906026019,0.5006883678475258,61.379999999999995,0.0,-0.72,0.0,1.0,0.12503433332317826,5.39,0.0,17.160568,-49.85862,-78.0536,0.6,0.0,0.5
0.4811707896429466,0.14320177770956202,0.500482019772346,61.559999999999995,23592.959999999963,-0.72,0.0,1.0,0.2776268807031599,5.3950000000000005,0.0,17.160568,-49.85862,-78.0536,0.6,0.0,0.5
0.48377809624913565,0.16821049820008063,0.5004622462671893,61.559999999999995,0.0,-0.72,0.0,1.0,0.20133060701316907,5.4,0.0,3.7301378,-43.63345,-44.138325,0.6,0.0,0.5
0.4858225333552172,0.17930665820585712,0.500472833462792,61.559999999999995,0.0,-0.72,0.0,1.0,-0.07333597827079785,5.405,0.0,3.7301378,-43.63345,-44.138325,0.6,0.0,0.5
0.4878582344209559,0.18226591917741936,0.5004390715151867,61.559999999999995,0.0,-0.72,0.0,1.0,0.24710837122716356,5.41,0.0,3.7301378,-43.63345,-44.138325,0.6,0.0,0.5
0.48951191149834056,0.17692185777117653,0.5003188569413464,61.559999999999995,0.0,-0.72,0.0,1.0,0.5065157017731323,5.415,0.0,3.7301378,-43.63345,-44.138325,0.6,0.0,0.5
0.49115137766451017,0.18296088619002848,0.5003167478987129,61.559999999999995,0.0,-0.72,0.0,1.0,0.033478804895189285,5.42,0.0,-115.05251,-28.163525,97.167885,0.0,0.0,0.5
0.4931779700236371,0.18841905552783683,0.5003888537676539,61.559999999999995,0.0,-0.72,0.0,1.0,0.29288613544115805,5.425,0.0,-115.05251,-28.163525,97.167885,0.0,0.0,0.5
0.4948117706829282,0.1839470580275242,0.5004648439893419,61.559999999999995,0.0,-0.72,0.0,1.0,0.2623676259651617,5.43,0.0,-115.05251,-28.163525,97.167885,0.0,0.0,0.5
0.496521122539534,0.16122891317244617,0.50028982349087,61.559999999999995,0.0,-0.72,0.0,1.0,0.21658986175116723,5.4350000000000005,0.0,-115.05251,-28.163525,97.167885,0.0,0.0,0.5
0.4983799695841585,0.1518297531752889,0.5003206014340233,61.559999999999995,0.0,-0.72,0.0,1.0,0.07925656910918377,5.44,0.0,8.145592,-44.661537,4.5505223,0.6,0.0,0.5
0.5001666562380408,0.1336281729593735,0.5004380720500327,61.559999999999995,0.0,-0.72,0.0,1.0,0.2776268807031599,5.445,0.0,8.145592,-44.661537,4.5505223,0.6,0.0,0.5
0.5004570317705568,0.10898349959747686,0.5009543983934989,61.739999999999995,10785.353142857126,-0.72,0.0,1.0,0.33866389965515253,5.45,0.0,8.145592,-44.661537,4.5505223,0.6,0.0,0.5
0.49954533878413193,0.08351980280512565,0.5012636923347461,61.739999999999995,0.0,-0.72,0.0,1.0,0.2623676259651617,5.455,0.0,8.145592,-44.661537,4.5505223,0.6,0.0,0.5
0.49934378325575124,0.07188694511489148,0.5017766154088428,61.919999999999995,25165.82399999996,-0.72,0.0,1.0,0.3081453901791562,5.46,0.0,57.729652,100.228905,-143.1839,0.6,0.6,0.5
0.4983322338481038,0.06329621067268831,0.5020877847598161,62.099999999999994,25165.82399999996,-0.72,0.0,1.0,0.4302194280831415,5.465,0.0,57.729652,100.228905,-143.1839,0.6,0.6,0.5
0.49618936295558536,0.06474982443965797,0.5021918700253263,62.28,4.079841772494075,-0.72,0.0,1.0,0.33866389965515253,5.47,0.0,57.729652,100.228905,-143.1839,0.6,0.6,0.5
0.4937983881520789,0.06567421317631016,0.50261246170883,62.46,16412.493913043454,-0.72,0.0,1.0,0.3539231543931507,5.4750000000000005,0.0,57.729652,100.228905,-143.1839,0.6,0.6,0.5
0.49267284320737786,0.06028186156680668,0.5027723620441569,62.82,50331.64799999992,-0.72,0.0,1.0,0.15555284279917458,5.48,0.0,-13.582869,62.504753,-92.88293,0.0,0.6,0.5
0.4914553140479166,0.034297445753884624,0.5034977082877042,63.0,26033.611034482718,-0.72,0.0,1.0,0.2318491164891654,5.485,0.0,-13.582869,62.504753,-92.88293,0.0,0.6,0.5
0.4901935936450002,0.02035790293340273,0.5041897269055131,63.36,48708.04645161283,-0.72,0.0,1.0,0.29288613544115805,5.49,0.0,-13.582869,62.504753,-92.88293,0.0,0.6,0.5
0.4896963477723451,0.024907933735946255,0.5039653809666916,63.72,11439.010909090892,-0.72,0.0,1.0,0.384441663869147,5.495,0.0,-13.582869,62.504753,-92.88293,0.0,0.6,0.5
0.4892104983065508,0.015492072854942715,0.5044601706437173,63.9,24354.023225806413,-0.72,0.0,1.0,0.1860713522751709,5.5,0.0,12.98525,-19.591898,-11.427165,0.6,0.0,0.5
0.48883344822294894,0.03766118072507315,0.5046426806548177,64.25999999999999,36828.03512195044,-0.72,0.0,1.0,0.21658986175116723,5.505,0.0,12.98525,-19.591898,-11.427165,0.6,0.0,0.5
0.48810661601662003,0.048285796539757106,0.5047452521631832,64.62,21570.706285715103,-0.72,0.0,1.0,0.04873805963318745,5.51,0.0,12.98525,-19.591898,-11.427165,0.6,0.0,0.5
0.4868527821188522,0.05443156792563881,0.5049914080100206,64.8,4.2910919631690865,-0.72,0.0,1.0,0.2623676259651617,5.515,0.0,12.98525,-19.591898,-11.427165,0.6,0.0,0.5
0.48344135483568523,0.08373226558338255,0.5051150687824469,65.16,32126.583829787185,-0.72,0.0,1.0,-0.10385448774679418,5.5200000000000005,0.0,100.60492,108.043564,43.56266,0.6,0.6,0.5
0.478757346730239,0.09422555268655756,0.5053286895310383,65.34,25165.824000000954,-0.72,0.0,1.0,0.09451582384718193,5.525,0.0,100.60492,108.043564,43.56266,0.6,0.6,0.5
0.4720406711768883,0.11873110525940876,0.5051891683478108,65.34,0.0,-0.72,0.0,1.0,0.07925656910918377,5.53,0.0,100.60492,108.043564,43.56266,0.6,0.6,0.5
0.4569829706417074,0.13728419715880105,0.5050655268002546,65.34,0.0,-0.72,0.0,1.0,0.15555284279917458,5.535,0.0,100.60492,108.043564,43.56266,0.6,0.6,0.5
0.4379967196511566,0.1603338611813625,0.5049658094292702,65.16,-26033.611034483743,-0.72,0.0,1.0,0.3539231543931507,5.54,0.0,-38.83289,-85.44117,59.43573,0.0,0.0,0.5
0.422706854638168,0.16842130900060726,0.5049493831433349,64.98,-26033.61103448169,-0.72,0.0,1.0,0.2776268807031599,5.545,0.0,-38.83289,-85.44117,59.43573,0.0,0.0,0.5
0.41570791010455427,0.1700452386638753,0.5049837668097285,64.8,-25165.824000000954,-0.72,0.0,1.0,0.36918240913114886,5.55,0.0,-38.83289,-85.44117,59.43573,0.0,0.0,0.5
0.41249896576946,0.16992976402389073,0.5051074819902566,64.25999999999999,-12.488209742784033,-0.72,0.0,1.0,0.46073793755913783,5.555,0.0,-38.83289,-85.44117,59.43573,0.0,0.0,0.5
0.41004727550513115,0.17039481358647102,0.505015173075462,63.9,-17158.516363635998,-0.72,0.0,1.0,0.12503433332317826,5.5600000000000005,0.0,47.96641,-98.420525,19.13296,0.6,0.0,0.5
0.4103240298766652,0.166867370621805,0.5052486664694016,63.36,-73062.06967741923,-0.72,0.0,1.0,0.4302194280831415,5.565,0.0,47.96641,-98.420525,19.13296,0.6,0.0,0.5
0.41075153027985917,0.17711520203871012,0.5055565712813581,62.82,-75497.47199999988,-0.72,0.0,1.0,0.12503433332317826,5.57,0.0,47.96641,-98.420525,19.13296,0.6,0.0,0.5
0.4105666690854733,0.1805235250692396,0.505783442758198,62.099999999999994,-104134.4441379319,-0.72,0.0,1.0,0.3081453901791562,5.575,0.0,47.96641,-98.420525,19.13296,0.6,0.0,0.5
0.4109316802953425,0.18791116600959312,0.505588603964351,61.559999999999995,-73062.06967741923,-0.72,0.0,1.0,0.24710837122716356,5.58,0.0,48.377422,73.97048,-136.79831,0.6,0.6,0.5
0.4102785094442749,0.1931633917188632,0.5054848301942236,60.839999999999996,-94371.83999999985,-0.72,0.0,1.0,0.15555284279917458,5.585,0.0,48.377422,73.97048,-136.79831,0.6,0.6,0.5
0.41093073020682447,0.19384771100150572,0.5053849217284436,60.3,-23349.733608247385,-0.72,0.0,1.0,0.09451582384718193,5.59,0.0,48.377422,73.97048,-136.79831,0.6,0.6,0.5
0.41120316815977404,0.1887375791729993,0.5055575584505945,59.58,-88820.55529411751,-0.72,0.0,1.0,0.384441663869147,5.595,0.0,48.377422,73.97048,-136.79831,0.6,0.6,0.5
0.4117822626486194,0.1905063778336496,0.5052302894432378,59.04,-13.120943580949932,-0.72,0.0,1.0,0.06399731437118561,5.6000000000000005,0.0,8.091138,-71.33846,-68.18487,0.6,0.0,0.5
0.41245345880393125,0.1861319554788897,0.5053646123144697,58.5,-48189.87574468077,-0.72,0.0,1.0,0.36918240913114886,5.605,0.0,8.091138,-71.33846,-68.18487,0.6,0.0,0.5
0.41311294003260085,0.18312081969020771,0.505355358571465,57.96,-75497.47199999988,-0.72,0.0,1.0,-0.1343729972227905,5.61,0.0,8.091138,-71.33846,-68.18487,0.6,0.0,0.5
0.4149033649770933,0.18043088258113155,0.5053114501623713,57.419999999999995,-32824.98782608734,-0.72,0.0,1.0,0.2623676259651617,5.615,0.0,8.091138,-71.33846,-68.18487,0.6,0.0,0.5
0.4157261078498217,0.176799053178615,0.5054721120898591,57.059999999999995,-50331.64799999992,-0.72,0.0,1.0,0.2623676259651617,5.62,0.0,45.096092,-70.90667,-76.9441,0.6,0.0,0.5
0.4160679071017826,0.17668135738972646,0.5057451346764129,56.519999999999996,-75497.47199999988,-0.72,0.0,1.0,0.4302194280831415,5.625,0.0,45.096092,-70.90667,-76.9441,0.6,0.0,0.5
0.41811055846331086,0.17482929290188384,0.5054867665300908,56.339999999999996,-26033.611034482718,-0.72,0.0,1.0,0.06399731437118561,5.63,0.0,45.096092,-70.90667,-76.9441,0.6,0.0,0.5
0.4191073544833705,0.18058996663748003,0.5054367296559538,55.98,-50331.64799999992,-0.72,0.0,1.0,0.3997009186071452,5.635,0.0,45.096092,-70.90667,-76.9441,0.6,0.0,0.5
0.4192238739495751,0.1763504280838075,0.5056458739854954,55.8,-4.07209587814586,-0.72,0.0,1.0,0.20133060701316907,5.64,0.0,77.51787,-122.198906,-121.12783,0.6,0.0,0.5
0.4210273168003924,0.184879033064876,0.5055055253728973,55.8,0.0,-0.72,0.0,1.0,0.3539231543931507,5.6450000000000005,0.0,77.51787,-122.198906,-121.12783,0.6,0.0,0.5
0.4218006525890985,0.1839044708677377,0.5053851757169331,55.8,0.0,-0.72,0.0,1.0,0.033478804895189285,5.65,0.0,77.51787,-122.198906,-121.12783,0.6,0.0,0.5
0.42202022651662285,0.17633587440428347,0.5054259241636011,55.8,0.0,-0.72,0.0,1.0,0.2318491164891654,5.655,0.0,77.51787,-122.198906,-121.12783,0.6,0.0,0.5
0.4237329930189801,0.18612049953671012,0.5052350507182992,55.8,0.0,-0.72,0.0,1.0,0.09451582384718193,5.66,0.0,50.481857,-60.097614,-65.28566,0.6,0.0,0.5
0.4284041403525049,0.1864307059696802,0.5053454252951879,55.98,13726.813090909069,-0.72,0.0,1.0,0.33866389965515253,5.665,0.0,50.481857,-60.097614,-65.28566,0.6,0.0,0.5
0.43378925174833843,0.19105777911624042,0.5052030142406019,56.16,24354.023225806413,-0.72,0.0,1.0,0.07925656910918377,5.67,0.0,50.481857,-60.097614,-65.28566,0.6,0.0,0.5
0.4387123417488389,0.1758684948338193,0.5054485782985626,56.519999999999996,52067.222068965435,-0.72,0.0,1.0,0.33866389965515253,5.675,0.0,50.481857,-60.097614,-65.28566,0.6,0.0,0.5
0.44613561072138735,0.17545857034776036,0.5052444206781583,56.879999999999995,50331.64799999992,-0.72,0.0,1.0,0.12503433332317826,5.68,0.0,62.533493,-97.6239,-52.818413,0.6,0.0,0.5
0.45364819981573634,0.16632491578364625,0.5049583764494759,57.239999999999995,8.736111085396885,-0.72,0.0,1.0,0.475997192297136,5.6850000000000005,0.0,62.533493,-97.6239,-52.818413,0.6,0.0,0.5
0.459222278153623,0.1534363816097721,0.5048116106085432,57.599999999999994,29606.851764705836,-0.72,0.0,1.0,0.24710837122716356,5.69,0.0,62.533493,-97.6239,-52.818413,0.6,0.0,0.5
0.4659872042421799,0.1312367917881194,0.5046387167986065,58.14,68634.06545454625,-0.72,0.0,1.0,0.33866389965515253,5.695,0.0,62.533493,-97.6239,-52.818413,0.6,0.0,0.5
0.47198734395768777,0.10442242767010307,0.504218019123475,58.68,75497.47199999988,-0.72,0.0,1.0,-0.19541001617478315,5.7,0.0,75.37861,-17.671385,-30.928595,0.6,0.0,0.5
0.47630293031827925,0.07744320770445737,0.5042023644991345,59.4,107853.53142857125,-0.72,0.0,1.0,0.09451582384718193,5.705,0.0,75.37861,-17.671385,-30.928595,0.6,0.0,0.5
0.48046008822424197,0.06725587279031377,0.5042305263741097,60.12,40265.31839999994,-0.72,0.0,1.0,0.17081209753717275,5.71,0.0,75.37861,-17.671385,-30.928595,0.6,0.0,0.5
0.48459525093527384,0.058964414189732,0.50399612873182,61.019999999999996,114390.10909090891,-0.72,0.0,1.0,0.33866389965515253,5.715,0.0,75.37861,-17.671385,-30.928595,0.6,0.0,0.5
0.4870988437461939,0.052752567716473894,0.5040777325435759,61.919999999999995,125829.1199999998,-0.72,0.0,1.0,0.033478804895189285,5.72,0.0,58.17659,-15.299412,58.02311,0.6,0.0,0.5
0.4896056998937037,0.04341616769051434,0.5040818820951313,62.82,20.325726500788953,-0.72,0.0,1.0,0.15555284279917458,5.7250000000000005,0.0,58.17659,-15.299412,58.02311,0.6,0.0,0.5
0.4922236187246483,0.04403101457166016,0.5040656069693774,63.72,78643.19999999988,-0.72,0.0,1.0,0.2623676259651617,5.73,0.0,58.17659,-15.299412,58.02311,0.6,0.0,0.5
0.4943291884196615,0.051104421281220364,0.5037250249610293,64.8,133230.83294117625,-0.72,0.0,1.0,0.46073793755913783,5.735,0.0,58.17659,-15.299412,58.02311,0.6,0.0,0.5
0.49590366108926853,0.036493620531393496,0.5036645561899892,65.7,125829.1200000008,-0.72,0.0,1.0,0.17081209753717275,5.74,0.0,48.51485,-140.59589,-4.219667,0.6,0.0,0.5
0.49814667142237445,0.020334114554250222,0.503114740515484,66.78,156201.6662068963,-0.72,0.0,1.0,0.3539231543931507,5.745,0.0,48.51485,-140.59589,-4.219667,0.6,0.0,0.5
0.49964495713506335,0.016980451162143757,0.503103820816737,67.67999999999999,130168.05517241255,-0.72,0.0,1.0,0.1860713522751709,5.75,0.0,48.51485,-140.59589,-4.219667,0.6,0.0,0.5
0.5005223378751318,0.016167951727129787,0.5032579070703324,68.58,117964.80000000075,-0.72,0.0,1.0,0.3539231543931507,5.755,0.0,48.51485,-140.59589,-4.219667,0.6,0.0,0.5
0.501761609140576,0.007994191845077924,0.503396248270409,69.48,134816.91428571515,-0.72,0.0,1.0,0.21658986175116723,5.76,0.0,-96.83177,-124.62824,-26.198662,0.0,0.0,0.5
0.5032047034563845,0.006293907423809786,0.5031736830854213,70.2,97416.09290322565,-0.72,0.0,1.0,0.2776268807031599,5.765,0.0,-96.83177,-124.62824,-26.198662,0.0,0.0,0.5
0.5040315653671545,0.001276156361450774,0.5033291086176793,70.92,16.64507261793867,-0.72,0.0,1.0,-0.10385448774679418,5.7700000000000005,0.0,-96.83177,-124.62824,-26.198662,0.0,0.0,0.5
0.5056710993083178,-0.0034331674125787697,0.5029843895177026,71.64,33185.70197802193,-0.72,0.0,1.0,0.3539231543931507,5.775,0.0,-96.83177,-124.62824,-26.198662,0.0,0.0,0.5
0.5072995124429286,-0.0005707480651582438,0.5026472385092753,72.17999999999999,59603.26736842017,-0.72,0.0,1.0,-0.1343729972227905,5.78,0.0,-137.6557,-137.35936,-133.17886,0.0,0.0,0.5
0.5078406290023242,-0.01488075839796195,0.5027266722314889,72.72,73062.06967742021,-0.72,0.0,1.0,0.5065157017731323,5.785,0.0,-137.6557,-137.35936,-133.17886,0.0,0.0,0.5
0.5093955208201135,-0.010170327572815972,0.5024704763695559,73.08,47185.919999999925,-0.72,0.0,1.0,0.2623676259651617,5.79,0.0,-137.6557,-137.35936,-133.17886,0.0,0.0,0.5
0.5106881393934605,-0.007587556793781658,0.5022808678419549,73.44,43141.412571428504,-0.72,0.0,1.0,0.2623676259651617,5.795,0.0,-137.6557,-137.35936,-133.17886,0.0,0.0,0.5
0.511029346748783,-0.012488009624454023,0.5022156480516053,73.61999999999999,22878.021818180878,-0.72,0.0,1.0,0.17081209753717275,5.8,0.0,-132.37543,-122.48014,-131.6357,0.0,0.0,0.5
0.5099706865052541,-0.008615733621161957,0.5021423094575506,73.61999999999999,0.0,-0.72,0.0,1.0,0.5065157017731323,5.805,0.0,-132.37543,-122.48014,-131.6357,0.0,0.0,0.5
0.5088103230729373,-0.006289159946210215,0.5025320591117233,73.61999999999999,0.0,-0.72,0.0,1.0,0.15555284279917458,5.8100000000000005,0.0,-132.37543,-122.48014,-131.6357,0.0,0.0,0.5
0.5088210681376616,-0.009476567690598693,0.5022234461668694,73.44,-4.362175035967303,-0.72,0.0,1.0,0.33866389965515253,5.815,0.0,-132.37543,-122.48014,-131.6357,0.0,0.0,0.5
0.5069447108821017,-0.013120191834325851,0.5020689271675178,73.25999999999999,-10342.119452055187,-0.72,0.0,1.0,-0.012298959318805203,5.82,0.0,-107.40178,125.88973,152.76791,0.0,0.6,0.5
0.5041726594459938,-0.008303154860454671,0.502350286488746,73.08,-5066.944429529994,-0.72,0.0,1.0,0.49125644703513416,5.825,0.0,-107.40178,125.88973,152.76791,0.0,0.6,0.5
0.4922074070537482,-0.010340555192031269,0.502884278156456,72.89999999999999,-22878.021818182686,-0.72,0.0,1.0,0.06399731437118561,5.83,0.0,-107.40178,125.88973,152.76791,0.0,0.6,0.5
0.47046623261333637,-0.010507538443033171,0.5029466834305181,72.53999999999999,-41943.039999999935,-0.72,0.0,1.0,0.36918240913114886,5.835,0.0,-107.40178,125.88973,152.76791,0.0,0.6,0.5
0.44119550658698947,-0.005631627153143446,0.5027161390963231,72.0,-66615.41647058725,-0.72,0.0,1.0,-0.16489150669878683,5.84,0.0,-105.38611,114.92858,138.29095,0.0,0.6,0.5
0.4102343046207677,-0.0023292257098652992,0.5025853319782533,71.64,-45756.04363636357,-0.72,0.0,1.0,0.46073793755913783,5.845,0.0,-105.38611,114.92858,138.29095,0.0,0.6,0.5
0.37590554859661524,-0.01126825132190226,0.5031800238099392,71.1,-73062.06967742021,-0.72,0.0,1.0,-0.04281746879480153,5.8500000000000005,0.0,-105.38611,114.92858,138.29095,0.0,0.6,0.5
0.34441105619967793,-0.01011365612829482,0.502957559011446,70.56,-12.204899151286362,-0.72,0.0,1.0,0.475997192297136,5.855,0.0,-105.38611,114.92858,138.29095,0.0,0.6,0.5
0.31224572326366223,-0.010457423204853006,0.5033352384069416,69.84,-49506.53901639336,-0.72,0.0,1.0,0.24710837122716356,5.86,0.0,-118.05981,129.62868,154.01015,0.0,0.6,0.5
0.28353253835008996,-0.01961262758078964,0.5033390444373981,69.12,-91512.08727272713,-0.72,0.0,1.0,0.32340464491715437,5.865,0.0,-118.05981,129.62868,154.01015,0.0,0.6,0.5
0.2555677193934288,-0.01270120626235949,0.5032114249210237,68.22,-125829.1200000008,-0.72,0.0,1.0,-0.027558214056803365,5.87,0.0,-118.05981,129.62868,154.01015,0.0,0.6,0.5
0.23020314147041573,4.681548473166979e-05,0.5031681494558864,67.32,-125829.1200000008,-0.72,0.0,1.0,0.4302194280831415,5.875,0.0,-118.05981,129.62868,154.01015,0.0,0.6,0.5
0.20594686112784116,0.02192343122423486,0.5029145690533,66.42,-43893.87906976703,-0.72,0.0,1.0,0.21658986175116723,5.88,0.0,-121.67058,139.895,158.14229,0.0,0.6,0.5
0.18409779660790204,0.035200948308670627,0.5029525555279776,65.34,-141557.75999999978,-0.72,0.0,1.0,0.29288613544115805,5.885,0.0,-121.67058,139.895,158.14229,0.0,0.6,0.5
0.16323245113320944,0.06488837327639717,0.5032797470488881,64.25999999999999,-79471.02315789566,-0.72,0.0,1.0,0.12503433332317826,5.89,0.0,-121.67058,139.895,158.14229,0.0,0.6,0.5
0.14468830602411523,0.08416938893421583,0.503363771165383,63.18,-146124.1393548375,-0.72,0.0,1.0,0.2318491164891654,5.8950000000000005,0.0,-121.67058,139.895,158.14229,0.0,0.6,0.5
0.1268397073337474,0.09539544903568614,0.5031707529711568,61.919999999999995,-30.755934842956286,-0.72,0.0,1.0,0.20133060701316907,5.9,0.0,-144.85942,-80.900024,157.3701,0.0,0.0,0.5
0.1116206990722095,0.12280812222535976,0.503087142811614,60.48,-111848.10666666648,-0.72,0.0,1.0,0.2776268807031599,5.905,0.0,-144.85942,-80.900024,157.3701,0.0,0.0,0.5
0.09271435007486942,0.14380284969629517,0.5033913432770771,59.22,-160146.15272727248,-0.72,0.0,1.0,0.24710837122716356,5.91,0.0,-144.85942,-80.900024,157.3701,0.0,0.0,0.5
0.0888441058869069,0.14821947271484595,0.5031035742965643,57.78,-194832.1858064513,-0.72,0.0,1.0,0.33866389965515253,5.915,0.0,-144.85942,-80.900024,157.3701,0.0,0.0,0.5
0.07595481782715617,0.16794550758386612,0.5034272346005694,56.16,-205902.19636363693,-0.72,0.0,1.0,0.07925656910918377,5.92,0.0,-112.65834,-102.53514,-26.454872,0.0,0.0,0.5
0.06569748968263027,0.19343183311714077,0.5033941096325165,54.54,-199846.24941176438,-0.72,0.0,1.0,0.29288613544115805,5.925,0.0,-112.65834,-102.53514,-26.454872,0.0,0.0,0.5
0.05248019502670097,0.20204158704859265,0.503728809291091,52.919999999999995,-212336.6400000006,-0.72,0.0,1.0,0.21658986175116723,5.93,0.0,-112.65834,-102.53514,-26.454872,0.0,0.0,0.5
0.04394285837425648,0.22403329403787686,0.5034969575827014,51.12,-99338.77894736826,-0.72,0.0,1.0,0.36918240913114886,5.9350000000000005,0.0,-112.65834,-102.53514,-26.454872,0.0,0.0,0.5
0.031850776676834544,0.23774959871118773,0.5039590809788133,49.32,-41.69219197826404,-0.72,0.0,1.0,-0.10385448774679418,5.94,0.0,-11.93686,-7.467964,-147.70036,0.0,0.0,0.5
0.030894017419473774,0.24892183062872622,0.5038967960334022,47.339999999999996,-67518.06439024404,-0.72,0.0,1.0,0.384441663869147,5.945,0.0,-11.93686,-7.467964,-147.70036,0.0,0.0,0.5
0.033986411791564794,0.24476279755182442,0.50424890102891,45.36,-230686.71999999962,-0.72,0.0,1.0,0.15555284279917458,5.95,0.0,-11.93686,-7.467964,-147.70036,0.0,0.0,0.5
0.01916314472190968,0.2565092067910516,0.5041796311453914,43.379999999999995,-237277.7691428576,-0.72,0.0,1.0,0.2776268807031599,5.955,0.0,-11.93686,-7.467964,-147.70036,0.0,0.0,0.5
0.020346051909682906,0.2547534046840382,0.5043811136037584,41.22,-301989.8879999995,-0.72,0.0,1.0,0.36918240913114886,5.96,8.522881865501404,18.799355,-6.904805,-79.93311,0.6,0.0,0.5
0.010129876527486075,0.25296437112075676,0.504243325604825,39.059999999999995,-274536.2618181823,-0.72,0.0,1.0,0.21658986175116723,5.965,8.522881865501404,18.799355,-6.904805,-79.93311,0.6,0.0,0.5
-0.003630160132469637,0.2233128659645965,0.5040752654246528,36.72,-316602.30193548335,-0.72,0.0,1.0,0.20133060701316907,5.97,8.522881865501404,18.799355,-6.904805,-79.93311,0.6,0.0,0.5
-0.011674832374026705,0.2068419465181214,0.5041396899425924,34.379999999999995,-288666.8047058828,-0.72,0.0,1.0,0.20133060701316907,5.9750000000000005,8.522881865501404,18.799355,-6.904805,-79.93311,0.6,0.0,0.5
-0.01088328390575022,0.18877663237251324,0.5040367387512998,32.04,-327155.7119999995,-0.72,0.0,1.0,0.1860713522751709,5.98,20.0,62.8529,-25.28193,-15.937725,0.6,0.0,0.5
-0.01073675100749736,0.16841902086422095,0.5039020427168435,29.7,-55.52729420550595,-0.72,0.0,1.0,0.2318491164891654,5.985,20.0,62.8529,-25.28193,-15.937725,0.6,0.0,0.5
-0.005040461162263939,0.15896713272792565,0.5036690361009302,27.0,-52428.79999999999,-0.72,0.0,1.0,0.5065157017731323,5.99,20.0,62.8529,-25.28193,-15.937725,0.6,0.0,0.5
-0.0030950052772864534,0.13249865777261483,0.5037256060186229,24.48,-203262.42461538457,-0.72,0.0,1.0,0.07925656910918377,5.995,20.0,62.8529,-25.28193,-15.937725,0.6,0.0,0.5
0.00341701810504838,0.1179687791001079,0.5035914153056458,21.779999999999998,-353894.4000000004,-0.72,0.0,1.0,0.12503433332317826,6.0,8.522881865501404,64.78923,-150.24817,-146.41591,0.6,0.0,0.5
0.019132557163859705,0.10282955428262427,0.5034250566055015,19.08,-104857.59999999998,-0.72,0.0,1.0,0.1097750785851801,6.005,8.522881865501404,64.78923,-150.24817,-146.41591,0.6,0.0,0.5
0.037295729909125684,0.09462294272890408,0.5031799424483216,16.2,-335544.3199999999,-0.72,0.0,1.0,0.07925656910918377,6.01,8.522881865501404,64.78923,-150.24817,-146.41591,0.6,0.0,0.5
0.049276614848451715,0.08041806883075575,0.5029797223394212,13.32,-389664.3716129031,-0.72,0.0,1.0,0.33866389965515253,6.015000000000001,8.522881865501404,64.78923,-150.24817,-146.41591,0.6,0.0,0.5
0.06825121522590163,0.06415701054581519,0.5028393432701762,10.44,-377487.3600000001,-0.72,0.0,1.0,0.04873805963318745,6.0200000000000005,0.0,73.73739,-99.65455,-105.02465,0.6,0.0,0.5
0.07998278155766966,0.06127043771605337,0.5025442594520046,7.56,-66.68762053031683,-0.72,0.0,1.0,0.2318491164891654,6.025,0.0,73.73739,-99.65455,-105.02465,0.6,0.0,0.5
0.11159930864561031,0.044686459867877046,0.5025148509134466,4.859999999999999,-179755.88571428572,1.6199999999999999,155788.43428571426,1.0,6.5339213232825735,6.03,0.0,73.73739,-99.65455,-105.02465,0.6,0.0,0.5
0.13321171634260845,0.043070869676579165,0.5040317447812884,3.06,-88820.55529411761,4.5,142112.88847058822,1.0,9.570513016144318,6.035,0.0,73.73739,-99.65455,-105.02465,0.6,0.0,0.5
0.14994405147607573,0.038206868227486104,0.5056206398951815,2.6999999999999997,-45756.043636363676,4.32,-22878.021818181784,1.0,0.2623676259651617,6.04,0.0,93.42645,-127.73593,-140.66315,0.6,0.0,0.5
0.16417228102001372,0.042925034385052505,0.5061216477227528,3.2399999999999998,78100.83310344828,3.5999999999999996,-104134.44413793113,1.0,-0.42429883724481066,6.045,0.0,93.42645,-127.73593,-140.66315,0.6,0.0,0.5
0.18160412465964584,0.020326442596358796,0.507107365608225,5.04,215707.06285714288,1.26,-280419.1817142857,1.0,-0.05807672353279969,6.05,0.0,93.42645,-127.73593,-140.66315,0.6,0.0,0.5
0.1940564005114652,0.02463704875924609,0.5050556839501917,6.84,228780.21818181817,-1.26,-320292.3054545455,1.0,-0.180150761436785,6.055,0.0,93.42645,-127.73593,-140.66315,0.6,0.0,0.5
0.2084632558261952,0.040633083895875964,0.5032158721378105,7.739999999999999,121770.11612903219,-0.18,146124.13935483873,1.0,-0.9736320078127445,6.0600000000000005,0.0,84.72972,-109.257576,-104.04083,0.6,0.0,0.5
0.22664608310966478,0.009972156248571677,0.5033309854602721,9.54,132451.70526315787,-0.36,-13245.17052631579,1.0,-0.27170628986482903,6.065,0.0,84.72972,-109.257576,-104.04083,0.6,0.0,0.5
0.24061488004946013,0.0018156255862807552,0.5022393476844556,10.98,34.31313350755599,-0.72,-8.57828337688899,1.0,0.00296029541919296,6.07,0.0,84.72972,-109.257576,-104.04083,0.6,0.0,0.5
0.25433395691128685,-0.008109717246275263,0.5011994875446606,13.139999999999999,127601.36112676047,-0.8999999999999999,-10633.446760563376,1.0,-0.3174840540788235,6.075,0.0,84.72972,-109.257576,-104.04083,0.6,0.0,0.5
0.2698173628126333,-0.015713931018908854,0.5014783260661605,15.299999999999999,215707.06285714288,-0.72,17975.588571428565,1.0,-0.2411877803888327,6.08,0.0,95.36592,-46.618755,-93.70727,0.6,0.0,0.5
0.28406277765143234,-0.003487412962616564,0.5008121232116408,17.46,283115.52000000025,-0.8999999999999999,-23592.959999999992,1.0,0.36918240913114886,6.085,0.0,95.36592,-46.618755,-93.70727,0.6,0.0,0.5
0.2954797652210134,-0.0034338191330253592,0.5008299221217983,19.62,109152.97156626507,-0.8999999999999999,0.0,1.0,0.3081453901791562,6.09,0.0,95.36592,-46.618755,-93.70727,0.6,0.0,0.5
0.30808639655467474,-0.013050526801966495,0.5017038313518428,22.14,330301.43999999994,-0.8999999999999999,0.0,1.0,0.20133060701316907,6.095,0.0,95.36592,-46.618755,-93.70727,0.6,0.0,0.5
0.3206252554183641,-0.0293361554446414,0.5007178235618449,24.84,353894.3999999999,-0.8999999999999999,0.0,1.0,-0.08859523300879601,6.1000000000000005,0.0,102.80829,-125.15469,-141.65115,0.6,0.0,0.5
0.33077613318973026,-0.035746909666520166,0.5002268995726539,27.54,365310.34838709666,-0.8999999999999999,0.0,1.0,0.018219550157191122,6.105,0.0,102.80829,-125.15469,-141.65115,0.6,0.0,0.5
0.3411633888069402,-0.03236580072450703,0.5004000712105559,30.24,62.69130928194594,-0.8999999999999999,0.0,1.0,0.15555284279917458,6.11,0.0,102.80829,-125.15469,-141.65115,0.6,0.0,0.5
0.351903787129879,-0.03165240457700738,0.49982554276117896,33.3,229188.75428571418,-0.72,13481.691428571425,1.0,0.7659230323191011,6.115,0.0,102.80829,-125.15469,-141.65115,0.6,0.0,0.5
0.3598289525035711,-0.03324656313315571,0.5001073563841977,36.18,156877.86389610404,-0.72,0.0,1.0,0.7354045228431048,6.12,0.0,66.98887,-85.85245,-38.351276,0.6,0.0,0.5
0.3689568622130295,-0.03285721222066035,0.4996045180124529,39.059999999999995,335544.3199999995,-0.72,0.0,1.0,0.49125644703513416,6.125,0.0,66.98887,-85.85245,-38.351276,0.6,0.0,0.5
0.3768421879816976,-0.02276220307888945,0.49996012849268245,42.12,414018.39483870997,-0.72,0.0,1.0,0.12503433332317826,6.13,0.0,66.98887,-85.85245,-38.351276,0.6,0.0,0.5
0.38419343473704853,-0.00686191007574028,0.4997781453968472,45.0,416537.7765517245,-0.72,0.0,1.0,-0.16489150669878683,6.135,0.0,66.98887,-85.85245,-38.351276,0.6,0.0,0.5
0.39093869761748967,-0.0028354067677298102,0.49969036300757214,48.059999999999995,388926.37090909027,-0.72,0.0,1.0,0.018219550157191122,6.140000000000001,0.0,117.8728,0.3652609,-150.26422,0.6,0.4095782697200775,0.5
0.39809444418532114,-0.007486226346885114,0.49947635912887545,50.94,211922.72842105283,-0.72,0.0,1.0,0.15555284279917458,6.1450000000000005,0.0,117.8728,0.3652609,-150.26422,0.6,0.4095782697200775,0.5
0.40348431437927884,-0.0017888931093940302,0.5001614356566346,53.82,377487.36000000034,-0.72,0.0,1.0,0.33866389965515253,6.15,0.0,117.8728,0.3652609,-150.26422,0.6,0.4095782697200775,0.5
0.4086402896306094,-0.017290008831074156,0.5003568445130289,56.699999999999996,65.35693504666567,-0.72,0.0,1.0,0.1097750785851801,6.155,0.0,117.8728,0.3652609,-150.26422,0.6,0.4095782697200775,0.5
0.41496701941019637,-0.003441034802377249,0.5004814312933226,59.58,246522.35755102063,-0.72,0.0,1.0,0.1097750785851801,6.16,0.0,32.85928,105.53345,61.834682,0.6,0.6,0.5
0.4198613147122856,-0.013828685101407247,0.5006434045594683,62.28,365310.3483870972,-0.72,0.0,1.0,0.033478804895189285,6.165,0.0,32.85928,105.53345,61.834682,0.6,0.6,0.5
0.4253166208962463,-0.013710090734599438,0.5005161508786976,64.8,364470.55448275805,-0.72,0.0,1.0,0.1860713522751709,6.17,0.0,32.85928,105.53345,61.834682,0.6,0.6,0.5
0.429994727983538,-0.013225588543824173,0.5012106414098852,67.32,352321.53599999944,-0.72,0.0,1.0,-0.04281746879480153,6.175,0.0,32.85928,105.53345,61.834682,0.6,0.6,0.5
0.4341759951578413,-0.021654184929729495,0.5017754691222424,69.66,288666.8047058828,-0.72,0.0,1.0,0.3539231543931507,6.18,0.0,25.584352,81.97227,-49.404533,0.6,0.6,0.5
0.43902550249144445,-0.015714700710823804,0.5015751942259048,72.0,125829.12000000018,-0.72,0.0,1.0,-0.027558214056803365,6.1850000000000005,0.0,25.584352,81.97227,-49.404533,0.6,0.6,0.5
0.44390901437466335,-0.0067096035034069825,0.5017881230560881,74.16,283115.51999999955,-0.72,0.0,1.0,0.3081453901791562,6.19,0.0,25.584352,81.97227,-49.404533,0.6,0.6,0.5
0.44843327197603927,0.005670248061435552,0.5019797425740937,75.96,251658.2399999996,-0.72,0.0,1.0,0.2623676259651617,6.195,0.0,25.584352,81.97227,-49.404533,0.6,0.6,0.5
0.45197991071370974,0.02495682970043265,0.5023363717037311,77.75999999999999,44.06913072917876,-0.72,0.0,1.0,0.36918240913114886,6.2,0.0,-117.85884,136.29097,-93.48317,0.0,0.6,0.5
0.4556799479164998,0.05029605911446009,0.5025917832252091,79.2,118427.40705882451,-0.72,0.0,1.0,0.32340464491715437,6.205,0.0,-117.85884,136.29097,-93.48317,0.0,0.6,0.5
0.4589656633433738,0.07503186435092878,0.5029329619033087,80.28,129424.23771428551,-0.72,0.0,1.0,0.2776268807031599,6.21,0.0,-117.85884,136.29097,-93.48317,0.0,0.6,0.5
0.46126828784210205,0.08420053254429342,0.503092125846806,80.82,78100.83310344712,-0.72,0.0,1.0,0.09451582384718193,6.215,0.0,-117.85884,136.29097,-93.48317,0.0,0.6,0.5
0.46296211937223625,0.0986044957843248,0.5029628768225376,81.17999999999999,52067.222068965435,-0.54,26033.61103448275,1.0,0.1860713522751709,6.22,0.0,-118.335144,29.808216,133.74628,0.0,0.6,0.5
0.46333063097666616,0.12146941686473842,0.5032564813380715,81.0,-17975.588571427834,-0.72,-17975.588571428565,1.0,-0.2869655446028272,6.2250000000000005,0.0,-118.335144,29.808216,133.74628,0.0,0.6,0.5
0.4635012005560497,0.13543280496925084,0.5031818828752548,80.64,-52067.222068965435,-0.72,0.0,1.0,0.32340464491715437,6.23,0.0,-118.335144,29.808216,133.74628,0.0,0.6,0.5
0.4624783522680371,0.1395723436275887,0.5031593747188599,79.74,-117964.80000000075,-0.72,0.0,1.0,0.06399731437118561,6.235,0.0,-118.335144,29.808216,133.74628,0.0,0.6,0.5
0.46182977998825303,0.1591206626384061,0.5032111783323769,78.48,-28.512514310686004,-0.72,0.0,1.0,0.04873805963318745,6.24,0.0,-65.890205,90.35541,40.051193,0.0,0.6,0.5
0.46151857186964723,0.17962775523806496,0.5030839978356102,76.86,-133230.83294117684,-0.72,0.0,1.0,0.1860713522751709,6.245,0.0,-65.890205,90.35541,40.051193,0.0,0.6,0.5
0.4601376120016751,0.20150068123947668,0.5029063774322287,75.06,-103421.19452054778,-0.72,0.0,1.0,0.36918240913114886,6.25,0.0,-65.890205,90.35541,40.051193,0.0,0.6,0.5
0.45847895708870645,0.21441165832287012,0.5029490986572422,73.08,-267894.2554838715,-0.72,0.0,1.0,0.17081209753717275,6.255,0.0,-65.890205,90.35541,40.051193,0.0,0.6,0.5
0.45230182760032117,0.23545278730163535,0.5027151543013029,70.74,-338436.9434482764,-0.72,0.0,1.0,0.24710837122716356,6.26,0.0,6.411577,-8.91424,-30.61452,0.6,0.0,0.5
0.4342960612778307,0.2402462743467033,0.5026080490597385,68.22,-310871.9435294113,-0.72,0.0,1.0,-0.07333597827079785,6.265000000000001,0.0,6.411577,-8.91424,-30.61452,0.6,0.0,0.5
0.40849590898663435,0.25651198437558875,0.5022485819141576,65.52,-365310.3483870972,-0.72,0.0,1.0,0.2623676259651617,6.2700000000000005,0.0,6.411577,-8.91424,-30.61452,0.6,0.0,0.5
0.37909031384416525,0.27506562711309235,0.5021073550420198,62.64,-389664.3716129026,-0.72,0.0,1.0,0.20133060701316907,6.275,0.0,6.411577,-8.91424,-30.61452,0.6,0.0,0.5
0.34789689343655106,0.2870841754686252,0.5023382827968629,59.58,-427819.0080000003,-0.72,0.0,1.0,0.2318491164891654,6.28,0.0,33.619305,-119.985054,29.757614,0.6,0.0,0.5
0.317204827574922,0.2902812064573954,0.5022882973079597,56.339999999999996,-79.23193731197094,-0.72,0.0,1.0,0.24710837122716356,6.285,0.0,33.619305,-119.985054,29.757614,0.6,0.0,0.5
0.2877485523399679,0.30248157736371556,0.5022584693248577,52.919999999999995,-311837.38434782624,-0.72,0.0,1.0,0.2623676259651617,6.29,0.0,33.619305,-119.985054,29.757614,0.6,0.0,0.5
0.26371387661086204,0.31809161028216304,0.502045272227437,49.5,-462726.4412903219,-0.72,0.0,1.0,0.07925656910918377,6.295,0.0,33.619305,-119.985054,29.757614,0.6,0.0,0.5
0.2512561390626941,0.32316015521248026,0.5020577424768298,45.9,-107853.53142857147,-0.72,0.0,1.0,0.36918240913114886,6.3,0.0,-104.437294,-82.8522,-74.91842,0.0,0.0,0.5
0.24633505751118356,0.32262977484862193,0.5022006311053493,42.3,-264903.4105263159,-0.72,0.0,1.0,0.1860713522751709,6.305,0.0,-104.437294,-82.8522,-74.91842,0.0,0.0,0.5
0.2429639785666409,0.3177196240874092,0.5020068383532827,38.519999999999996,-480438.4581818183,-0.72,0.0,1.0,0.24710837122716356,6.3100000000000005,0.0,-104.437294,-82.8522,-74.91842,0.0,0.0,0.5
0.24373682746040015,0.3233842646269287,0.5020928985450431,34.74,-546705.8317241371,-0.72,0.0,1.0,0.3539231543931507,6.315,0.0,-104.437294,-82.8522,-74.91842,0.0,0.0,0.5
0.24783580839104752,0.3179330113438998,0.5022056619352473,31.14,-520672.2206896554,-0.72,0.0,1.0,0.44547868282113967,6.32,8.522881865501404,-115.63916,-62.549946,-140.0816,0.0,0.0,0.5
0.25312177779172995,0.30978861707442884,0.50222080940477,27.36,-84.96864345738298,-0.72,0.0,1.0,0.21658986175116723,6.325,8.522881865501404,-115.63916,-62.549946,-140.0816,0.0,0.0,0.5
0.2623608699467597,0.2901520456288824,0.5021372529947895,23.939999999999998,-214097.30865671652,-0.8999999999999999,-11268.27940298507,1.0,0.36918240913114886,6.33,8.522881865501404,-115.63916,-62.549946,-140.0816,0.0,0.0,0.5
0.28088100125426035,0.26782137107762405,0.5020877031925446,20.52,-398458.8799999998,-0.8999999999999999,0.0,1.0,-0.14963225196078866,6.335,8.522881865501404,-115.63916,-62.549946,-140.0816,0.0,0.0,0.5
0.29928701798408136,0.23925085582762198,0.5023343455888094,17.64,-366048.34909090895,-0.8999999999999999,0.0,1.0,0.33866389965515253,6.34,20.0,44.453125,-147.87881,-114.82026,0.6,0.0,0.5
0.30955487724752806,0.21830407121133147,0.5023749125181421,14.94,-353894.40000000014,-0.8999999999999999,0.0,1.0,-0.08859523300879601,6.345,20.0,44.453125,-147.87881,-114.82026,0.6,0.0,0.5
0.31618511594039456,0.19405557165351967,0.5021591790885956,12.78,-292248.27870967746,-0.8999999999999999,0.0,1.0,0.4302194280831415,6.3500000000000005,20.0,44.453125,-147.87881,-114.82026,0.6,0.0,0.5
0.3206001559935675,0.17272274213165198,0.5020697511037945,10.98,-88820.5552941176,-0.8999999999999999,0.0,1.0,0.1097750785851801,6.355,20.0,44.453125,-147.87881,-114.82026,0.6,0.0,0.5
0.3192614076007242,0.1592770160047372,0.5021387372777034,9.54,-105961.36421052642,-0.8999999999999999,0.0,1.0,0.5370342112491286,6.36,8.522881865501404,-62.971497,-101.60034,-136.06949,0.0,0.0,0.5
0.30624922039458075,0.1401465948183826,0.501680130597414,8.64,-117964.79999999981,-0.8999999999999999,0.0,1.0,-0.04281746879480153,6.365,8.522881865501404,-62.971497,-101.60034,-136.06949,0.0,0.0,0.5
0.28678574583193867,0.11660063634527751,0.5013368800491247,7.92,-17.53644671819382,-0.8999999999999999,0.0,1.0,0.36918240913114886,6.37,8.522881865501404,-62.971497,-101.60034,-136.06949,0.0,0.0,0.5
0.2685313669408193,0.10357898503553026,0.5012608748397748,7.739999999999999,-15407.647346938827,-0.8999999999999999,0.0,1.0,0.09451582384718193,6.375,8.522881865501404,-62.971497,-101.60034,-136.06949,0.0,0.0,0.5
0.26264194948581404,0.09232923794196123,0.5009725865217526,7.739999999999999,0.0,-0.8999999999999999,0.0,1.0,0.24710837122716356,6.38,0.0,67.82564,-95.64435,-47.858646,0.6,0.0,0.5
0.2585247561474898,0.07923783890617173,0.5009262839531611,8.1,50331.648000000045,-0.8999999999999999,0.0,1.0,-0.027558214056803365,6.385,0.0,67.82564,-95.64435,-47.858646,0.6,0.0,0.5
0.25562365996275305,0.06497615465437102,0.50113512320538,8.64,73062.06967741948,-0.8999999999999999,0.0,1.0,0.2318491164891654,6.390000000000001,0.0,67.82564,-95.64435,-47.858646,0.6,0.0,0.5
0.25674473654799224,0.05936631329488364,0.5011135182124369,9.54,117964.79999999981,-0.8999999999999999,0.0,1.0,0.018219550157191122,6.3950000000000005,0.0,67.82564,-95.64435,-47.858646,0.6,0.0,0.5
0.25704878167057,0.057638530097254136,0.501384987951494,10.44,130168.05517241385,-0.8999999999999999,0.0,1.0,0.49125644703513416,6.4,0.0,-18.788147,-6.7419634,3.2315383,0.0,0.0,0.5
0.2573017310754709,0.054707130015007766,0.5014545970260627,11.7,182235.27724137928,-0.8999999999999999,0.0,1.0,0.07925656910918377,6.405,0.0,-18.788147,-6.7419634,3.2315383,0.0,0.0,0.5
0.2558046009833469,0.053275001773380196,0.5019367562763402,12.959999999999999,28.47012040274313,-0.8999999999999999,0.0,1.0,0.32340464491715437,6.41,0.0,-18.788147,-6.7419634,3.2315383,0.0,0.0,0.5
0.2536773044628801,0.042203386849746616,0.5020184314262691,14.399999999999999,62914.559999999976,-0.8999999999999999,0.0,1.0,0.04873805963318745,6.415,0.0,-18.788147,-6.7419634,3.2315383,0.0,0.0,0.5
0.2522786593531016,0.03957053621872661,0.5023261724049543,16.02,183642.49945945956,-0.8999999999999999,0.0,1.0,0.41496017334514335,6.42,0.0,-11.131736,49.475014,73.74353,0.0,0.6,0.5
0.2521332644450459,0.03371988430027636,0.5022574226793003,17.46,188743.68000000017,-0.72,23592.959999999992,1.0,0.018219550157191122,6.425,0.0,-11.131736,49.475014,73.74353,0.0,0.6,0.5
0.25473442458000606,0.02184961037206846,0.5024552395387137,19.08,212336.63999999966,-0.72,0.0,1.0,0.09451582384718193,6.43,0.0,-11.131736,49.475014,73.74353,0.0,0.6,0.5
0.26023956145945343,0.0007910426385089559,0.5028146759071022,20.7,219186.2090322582,-0.72,0.0,1.0,0.17081209753717275,6.4350000000000005,0.0,-11.131736,49.475014,73.74353,0.0,0.6,0.5
0.2619790093313331,0.0016615554944419593,0.5035463346010376,22.32,219186.2090322582,-0.72,0.0,1.0,0.475997192297136,6.44,0.0,23.101927,-7.28802,16.878305,0.6,0.0,0.5
0.2616642080509558,-0.0010533568347569555,0.5036973412857472,23.939999999999998,212336.63999999966,-0.72,0.0,1.0,-0.16489150669878683,6.445,0.0,23.101927,-7.28802,16.878305,0.6,0.0,0.5
0.2624411403428112,0.009637866370833068,0.5037152507922631,25.56,234302.49931034498,-0.72,0.0,1.0,0.4302194280831415,6.45,0.0,23.101927,-7.28802,16.878305,0.6,0.0,0.5
0.26152850998705884,0.006654510397477134,0.503690675720514,27.18,39.69048261037188,-0.72,0.0,1.0,0.04873805963318745,6.455,0.0,23.101927,-7.28802,16.878305,0.6,0.0,0.5
0.25980475722454366,0.020952726770293698,0.5039380673680551,28.619999999999997,65649.97565217382,-0.72,0.0,1.0,0.29288613544115805,6.46,0.0,71.19542,-7.9666367,-17.268394,0.6,0.0,0.5
0.2586062593982176,0.029728156065174344,0.5040254106868234,30.06,194832.18580645177,-0.72,0.0,1.0,0.06399731437118561,6.465,0.0,71.19542,-7.9666367,-17.268394,0.6,0.0,0.5
0.2568456576324246,0.03992108559510062,0.5046324305452132,31.5,201326.59200000018,-0.72,0.0,1.0,0.33866389965515253,6.47,0.0,71.19542,-7.9666367,-17.268394,0.6,0.0,0.5
0.2557246416902299,0.0607978784619764,0.5049184569080347,32.76,176160.76799999972,-0.72,0.0,1.0,0.1860713522751709,6.4750000000000005,0.0,71.19542,-7.9666367,-17.268394,0.6,0.0,0.5
0.2554543469371444,0.07817865236986785,0.5048086842901782,34.019999999999996,105696.46079999983,-0.72,0.0,1.0,0.384441663869147,6.48,0.0,2.748619,-171.60867,-32.962456,0.6,0.0,0.5
0.25489730795800464,0.0943656521180493,0.5051137413622818,35.1,150994.94400000075,-0.72,0.0,1.0,0.1097750785851801,6.485,0.0,2.748619,-171.60867,-32.962456,0.6,0.0,0.5
0.25598921241985517,0.09379146174230164,0.5050297780132612,36.18,137268.1309090907,-0.72,0.0,1.0,0.36918240913114886,6.49,0.0,2.748619,-171.60867,-32.962456,0.6,0.0,0.5
0.2572928122977285,0.1050191879067991,0.5051385743002238,37.08,20.40461186696285,-0.72,0.0,1.0,0.20133060701316907,6.495,0.0,2.748619,-171.60867,-32.962456,0.6,0.0,0.5
0.25762182514983606,0.11047074353805969,0.505118582518745,37.8,65649.97565217382,-0.72,0.0,1.0,0.20133060701316907,6.5,8.522881865501404,78.451324,-52.774902,-117.211914,0.6,0.0,0.5
0.2592073214848126,0.10068528231299984,0.5052132177401616,38.699999999999996,117964.79999999981,-0.72,0.0,1.0,0.06399731437118561,6.505,8.522881865501404,78.451324,-52.774902,-117.211914,0.6,0.0,0.5
0.26808178624876555,0.09942272207253823,0.504851620941679,39.42,100663.29600000083,-0.72,0.0,1.0,0.09451582384718193,6.51,8.522881865501404,78.451324,-52.774902,-117.211914,0.6,0.0,0.5
0.2799633566757394,0.09894061873142927,0.5046119396558948,39.96,32356.059428571378,-0.72,0.0,1.0,0.033478804895189285,6.515000000000001,8.522881865501404,78.451324,-52.774902,-117.211914,0.6,0.0,0.5
0.2922723874140278,0.10203480975061385,0.5043276973105522,40.5,78100.83310344815,-0.72,0.0,1.0,0.32340464491715437,6.5200000000000005,20.0,22.405466,-129.13945,-43.47664,0.6,0.0,0.5
0.3071715859285052,0.07960548285187757,0.5040961491854451,41.04,70778.87999999989,-0.72,0.0,1.0,0.09451582384718193,6.525,20.0,22.405466,-129.13945,-43.47664,0.6,0.0,0.5
0.32380936620303674,0.05706455732896345,0.5038029134979423,41.58,70778.87999999989,-0.72,0.0,1.0,0.4302194280831415,6.53,20.0,22.405466,-129.13945,-43.47664,0.6,0.0,0.5
0.33773720044671024,0.05261641034670261,0.5036846406664939,41.94,50331.64799999992,-0.72,0.0,1.0,-0.012298959318805203,6.535,20.0,22.405466,-129.13945,-43.47664,0.6,0.0,0.5
0.3517058395131409,0.04017561690602361,0.5041832280553108,42.48,13.133573553373942,-0.72,0.0,1.0,0.2623676259651617,6.54,8.522881865501404,25.06497,132.39232,141.81485,0.6,0.6,0.5
0.36613040880252123,0.043103928631836784,0.5039424358218527,43.019999999999996,44410.277647058756,-0.72,0.0,1.0,0.04873805963318745,6.545,8.522881865501404,25.06497,132.39232,141.81485,0.6,0.6,0.5
0.3775581155488318,0.039146423848484393,0.504007329184191,43.559999999999995,70778.87999999989,-0.72,0.0,1.0,0.12503433332317826,6.55,8.522881865501404,25.06497,132.39232,141.81485,0.6,0.6,0.5
0.3881475413376149,0.016031978034911902,0.5036918019705614,44.28,100663.29600000083,-0.72,0.0,1.0,-0.07333597827079785,6.555,8.522881865501404,25.06497,132.39232,141.81485,0.6,0.6,0.5
0.39939541690647035,0.012938648961856931,0.5033525298255798,44.82,75497.47199999988,-0.72,0.0,1.0,0.384441663869147,6.5600000000000005,0.0,33.19209,90.072044,70.83602,0.6,0.6,0.5
0.4070637779358339,-0.006873333156446146,0.5035195923819046,45.72,125829.1199999998,-0.72,0.0,1.0,0.24710837122716356,6.565,0.0,33.19209,90.072044,70.83602,0.6,0.6,0.5
0.41438214142813024,-0.01206320212456688,0.5038035007107119,46.44,43766.65043478254,-0.72,0.0,1.0,0.1097750785851801,6.57,0.0,33.19209,90.072044,70.83602,0.6,0.6,0.5
0.4221744067916312,-0.003983109353673526,0.5035623075794451,47.339999999999996,121770.11612903206,-0.72,0.0,1.0,0.21658986175116723,6.575,0.0,33.19209,90.072044,70.83602,0.6,0.6,0.5
0.42796304368838184,0.008868466728726201,0.5032556584812083,48.42,141557.7600000007,-0.72,0.0,1.0,0.3081453901791562,6.58,0.0,12.757199,160.03236,-13.684174,0.6,0.6,0.5
0.43211884030801406,-0.0014758332413325006,0.5034464601598202,49.5,24.388245441183557,-0.72,0.0,1.0,-0.07333597827079785,6.585,0.0,12.757199,160.03236,-13.684174,0.6,0.6,0.5
0.4376952582769151,0.021288920906989067,0.5032803873626502,50.76,103623.98117647042,-0.72,0.0,1.0,0.2776268807031599,6.59,0.0,12.757199,160.03236,-13.684174,0.6,0.6,0.5
0.44187549225302625,0.03973870726331251,0.5030491890909111,51.839999999999996,146124.13935483847,-0.72,0.0,1.0,0.17081209753717275,6.595,0.0,12.757199,160.03236,-13.684174,0.6,0.6,0.5
0.44539018053319435,0.05831477235503542,0.502797812413019,53.1,78877.95582089585,-0.72,0.0,1.0,0.3081453901791562,6.6000000000000005,0.0,-95.50008,92.747185,116.79025,0.0,0.6,0.5
0.4488835571881987,0.06924471756853885,0.5032577032108384,54.54,201326.59199999968,-0.72,0.0,1.0,-0.05807672353279969,6.605,0.0,-95.50008,92.747185,116.79025,0.0,0.6,0.5
0.45175803831390043,0.08327810735340387,0.5032564942681227,55.8,165150.71999999974,-0.72,0.0,1.0,0.3081453901791562,6.61,0.0,-95.50008,92.747185,116.79025,0.0,0.6,0.5
0.45310881485057924,0.0955338264225376,0.5033406165151426,57.239999999999995,208268.88827586174,-0.72,0.0,1.0,0.2776268807031599,6.615,0.0,-95.50008,92.747185,116.79025,0.0,0.6,0.5
0.45371314056721734,0.1238570458908289,0.5032202002889601,58.5,176160.7680000007,-0.72,0.0,1.0,0.36918240913114886,6.62,0.0,-116.3595,76.10572,121.13706,0.0,0.6,0.5
0.4540597537145194,0.14642097050596492,0.5031181743577606,59.76,29.270041317278995,-0.72,0.0,1.0,0.20133060701316907,6.625,0.0,-116.3595,76.10572,121.13706,0.0,0.6,0.5
0.45342594528623426,0.15516560556799708,0.5030984507795659,61.019999999999996,117440.51199999981,-0.72,0.0,1.0,0.41496017334514335,6.63,0.0,-116.3595,76.10572,121.13706,0.0,0.6,0.5
0.4519602970189394,0.16321957135826648,0.5032201967939838,62.099999999999994,150994.94399999976,-0.72,0.0,1.0,0.07925656910918377,6.635,0.0,-116.3595,76.10572,121.13706,0.0,0.6,0.5
0.45059013889349786,0.18121326160653187,0.5037213599523267,63.0,125829.1200000008,-0.72,0.0,1.0,0.29288613544115805,6.640000000000001,0.0,-103.610954,-13.1184435,-47.799744,0.0,0.0,0.5
0.44957167528405,0.19729304187836014,0.5034894787420857,63.9,130168.05517241359,-0.72,0.0,1.0,0.07925656910918377,6.6450000000000005,0.0,-103.610954,-13.1184435,-47.799744,0.0,0.0,0.5
0.44695791279245367,0.21093061958510811,0.503662532469961,64.44,73062.06967741923,-0.72,0.0,1.0,0.06399731437118561,6.65,0.0,-103.610954,-13.1184435,-47.799744,0.0,0.0,0.5
0.4446164745189502,0.2300875264661868,0.5036840173452012,64.98,78100.83310344919,-0.72,0.0,1.0,-0.012298959318805203,6.655,0.0,-103.610954,-13.1184435,-47.799744,0.0,0.0,0.5
0.44203624381731366,0.23758088432701838,0.5036821939238513,64.98,0.0,-0.72,0.0,1.0,0.3539231543931507,6.66,0.0,17.611681,-77.31414,-91.17566,0.6,0.0,0.5
0.4332550732740288,0.25322398341223235,0.5039139581798255,64.98,0.0,-0.72,0.0,1.0,0.12503433332317826,6.665,0.0,17.611681,-77.31414,-91.17566,0.6,0.0,0.5
0.41578159288386135,0.26373242850325246,0.503695191908853,64.62,-8.751808033385485,-0.72,0.0,1.0,0.2318491164891654,6.67,0.0,17.611681,-77.31414,-91.17566,0.6,0.0,0.5
0.39080625687269227,0.26949208461407875,0.5037345861783736,63.9,-64253.167659575,-0.72,0.0,1.0,0.06399731437118561,6.675,0.0,17.611681,-77.31414,-91.17566,0.6,0.0,0.5
0.3627549832606682,0.2786476069570338,0.5039214212076722,63.18,-100663.29599999984,-0.72,0.0,1.0,0.3081453901791562,6.68,8.522881865501404,62.87073,29.40241,-46.153137,0.6,0.6,0.5
0.333248343955176,0.2876189786075098,0.5038650685846197,62.099999999999994,-156201.66620689732,-0.72,0.0,1.0,0.20133060701316907,6.6850000000000005,8.522881865501404,62.87073,29.40241,-46.153137,0.6,0.6,0.5
0.3044818260207552,0.2839460318742741,0.5041271899700416,60.839999999999996,-176160.76799999972,-0.72,0.0,1.0,0.1097750785851801,6.69,8.522881865501404,62.87073,29.40241,-46.153137,0.6,0.6,0.5
0.282642666461309,0.2732726943665062,0.5042669312684123,59.4,-183024.17454545427,-0.72,0.0,1.0,0.2318491164891654,6.695,8.522881865501404,62.87073,29.40241,-46.153137,0.6,0.6,0.5
0.27266715212703935,0.27319762533786135,0.5041980318118103,57.78,-226492.41599999965,-0.72,0.0,1.0,0.2623676259651617,6.7,20.0,69.61108,86.39653,76.6389,0.6,0.6,0.5
0.267575488401492,0.2640809849818962,0.504404260424448,56.16,-234302.49931034548,-0.72,0.0,1.0,0.2623676259651617,6.705,20.0,69.61108,86.39653,76.6389,0.6,0.6,0.5
0.2645517108932901,0.2541907540053456,0.5043322651857083,54.54,-36.57075146126433,-0.72,0.0,1.0,0.24710837122716356,6.71,20.0,69.61108,86.39653,76.6389,0.6,0.6,0.5
0.26510156459828993,0.241837376127349,0.5044607128294931,52.739999999999995,-157286.40000000037,-0.72,0.0,1.0,0.17081209753717275,6.715,20.0,69.61108,86.39653,76.6389,0.6,0.6,0.5
0.2655067006072359,0.22190845473805976,0.5043347943828985,50.94,-235929.59999999963,-0.72,0.0,1.0,0.5370342112491286,6.72,8.522881865501404,74.67107,-99.39268,-71.01625,0.6,0.0,0.5
0.2662966747837524,0.208645350975128,0.5041380470800781,48.96,-159706.1907692305,-0.72,0.0,1.0,0.15555284279917458,6.7250000000000005,8.522881865501404,74.67107,-99.39268,-71.01625,0.6,0.0,0.5
0.2720017662830601,0.20268171983619923,0.5041788379039117,46.98,-267894.2554838715,-0.72,0.0,1.0,-0.07333597827079785,6.73,8.522881865501404,74.67107,-99.39268,-71.01625,0.6,0.0,0.5
0.2859983261616684,0.19758801721008074,0.5041237342861262,45.0,-259522.5599999996,-0.72,0.0,1.0,0.36918240913114886,6.735,8.522881865501404,74.67107,-99.39268,-71.01625,0.6,0.0,0.5
0.3005189342471198,0.2009552100426882,0.5040314172574611,43.019999999999996,-259522.56000000052,-0.72,0.0,1.0,0.32340464491715437,6.74,0.0,-104.46454,-131.96301,-163.29909,0.0,0.0,0.5
0.31613000046755957,0.20379428882707087,0.5040449437031933,41.04,-259522.5599999996,-0.72,0.0,1.0,0.2318491164891654,6.745,0.0,-104.46454,-131.96301,-163.29909,0.0,0.0,0.5
0.3334783587140878,0.20420129845681298,0.5041335371843245,39.24,-260336.11034482718,-0.72,0.0,1.0,0.1097750785851801,6.75,0.0,-104.46454,-131.96301,-163.29909,0.0,0.0,0.5
0.34946419579232335,0.21794572839408835,0.504270540375756,37.44,-43.887755196949364,-0.8999999999999999,-4.388775519694925,1.0,0.32340464491715437,6.755,0.0,-104.46454,-131.96301,-163.29909,0.0,0.0,0.5
0.3627995885891199,0.23203501433194632,0.5043193171331155,35.82,-147712.44521739107,-0.8999999999999999,0.0,1.0,0.32340464491715437,6.76,0.0,62.35148,-95.24601,2.3146977,0.6,0.0,0.5
0.37638921892163685,0.22879797426883586,0.5044400097896383,34.56,-170478.1625806449,-0.8999999999999999,0.0,1.0,0.21658986175116723,6.765000000000001,0.0,62.35148,-95.24601,2.3146977,0.6,0.0,0.5
0.38749176962468185,0.22029299830227675,0.5046361478927232,33.48,-156201.66620689732,-0.8999999999999999,0.0,1.0,0.3081453901791562,6.7700000000000005,0.0,62.35148,-95.24601,2.3146977,0.6,0.0,0.5
0.39331387281416486,0.2290418948301537,0.5046834727903967,32.76,-45073.11761194023,-0.8999999999999999,0.0,1.0,0.46073793755913783,6.775,0.0,62.35148,-95.24601,2.3146977,0.6,0.0,0.5
0.39592759052627857,0.23523521281432724,0.5046947881334105,32.4,-29037.489230769184,-0.8999999999999999,0.0,1.0,0.33866389965515253,6.78,0.0,-65.85619,130.89684,155.93323,0.0,0.6,0.5
0.39848304239822974,0.232481963953866,0.5045963250725718,32.22,-25165.82399999996,-0.8999999999999999,0.0,1.0,0.32340464491715437,6.785,0.0,-65.85619,130.89684,155.93323,0.0,0.6,0.5
0.39833861522695624,0.21834847532542934,0.5044664941150926,32.4,26033.611034482718,-0.8999999999999999,0.0,1.0,-0.012298959318805203,6.79,0.0,-65.85619,130.89684,155.93323,0.0,0.6,0.5
0.3969682201184762,0.20593212677949488,0.5043854546417146,32.76,8.158272765584972,-0.8999999999999999,0.0,1.0,0.2776268807031599,6.795,0.0,-65.85619,130.89684,155.93323,0.0,0.6,0.5
0.3960271374017966,0.19447377888264097,0.5043946575224705,33.48,67108.8639999999,-0.8999999999999999,0.0,1.0,0.2623676259651617,6.8,0.0,-71.123825,-22.418732,102.21908,0.0,0.0,0.5
0.39498040151762037,0.17624386531862,0.5041020449161345,34.199999999999996,100663.29599999984,-0.8999999999999999,0.0,1.0,0.33866389965515253,6.805,0.0,-71.123825,-22.418732,102.21908,0.0,0.0,0.5
0.39457774689265235,0.14745451941368695,0.5039616776219473,35.1,130168.05517241462,-0.8999999999999999,0.0,1.0,0.07925656910918377,6.8100000000000005,0.0,-71.123825,-22.418732,102.21908,0.0,0.0,0.5
0.39330244941131315,0.12521713331696896,0.5040172172307211,36.36,182235.27724137902,-0.8999999999999999,0.0,1.0,0.15555284279917458,6.815,0.0,-71.123825,-22.418732,102.21908,0.0,0.0,0.5
0.39079776549833756,0.12314014889583808,0.5039703472971698,37.62,165150.71999999974,-0.8999999999999999,0.0,1.0,0.2318491164891654,6.82,0.0,-104.68577,99.351845,123.47715,0.0,0.6,0.5
0.38799806178218316,0.12770086512436613,0.5038408063891783,38.879999999999995,176160.76799999972,-0.8999999999999999,0.0,1.0,0.24710837122716356,6.825,0.0,-104.68577,99.351845,123.47715,0.0,0.6,0.5
0.38484394917954684,0.12633040275045176,0.5039142344302937,40.32,208268.88827586276,-0.72,26033.61103448275,1.0,0.06399731437118561,6.83,0.0,-104.68577,99.351845,123.47715,0.0,0.6,0.5
0.38240792609505353,0.12440459145040998,0.5040465399131224,41.58,182235.27724137902,-0.72,0.0,1.0,0.3081453901791562,6.835,0.0,-104.68577,99.351845,123.47715,0.0,0.6,0.5
0.3772898056771276,0.13658533884164992,0.5040477766449041,43.019999999999996,35.10469430575812,-0.72,0.0,1.0,-0.027558214056803365,6.84,0.0,-102.447624,112.89774,135.94272,0.0,0.6,0.5
0.364455889932796,0.1277275913021423,0.5042969878638446,44.46,128506.33531914937,-0.72,0.0,1.0,0.17081209753717275,6.845,0.0,-102.447624,112.89774,135.94272,0.0,0.6,0.5
0.34413049180925126,0.1371350229092887,0.5041693246557227,45.72,176160.76799999972,-0.72,0.0,1.0,0.1860713522751709,6.8500000000000005,0.0,-102.447624,112.89774,135.94272,0.0,0.6,0.5
0.3206171938227915,0.14276802403513872,0.5043204262964076,46.98,182235.27724137902,-0.72,0.0,1.0,0.5065157017731323,6.855,0.0,-102.447624,112.89774,135.94272,0.0,0.6,0.5
0.2944565141988595,0.15095440303730534,0.504606659490287,48.239999999999995,182235.27724137902,-0.72,0.0,1.0,0.06399731437118561,6.86,0.0,-107.92476,121.82164,147.85551,0.0,0.6,0.5
0.26948663123506106,0.16163879226306088,0.5046142443323284,49.32,150994.94400000075,-0.72,0.0,1.0,0.384441663869147,6.865,0.0,-107.92476,121.82164,147.85551,0.0,0.6,0.5
0.24419104119965626,0.16899817356057542,0.5045105624562716,50.22,130168.05517241359,-0.72,0.0,1.0,0.20133060701316907,6.87,0.0,-107.92476,121.82164,147.85551,0.0,0.6,0.5
0.22024146022121693,0.17890933709982687,0.5047025048776741,51.12,125829.1199999998,-0.72,0.0,1.0,0.2776268807031599,6.875,0.0,-107.92476,121.82164,147.85551,0.0,0.6,0.5
0.1971268815855814,0.21052032142595917,0.5047656809210997,51.839999999999996,16.294799410777564,-0.72,0.0,1.0,0.033478804895189285,6.88,0.0,-71.33765,44.025383,43.240368,0.0,0.6,0.5
0.1760326195641611,0.21462641424510515,0.5047806118607225,52.379999999999995,43556.23384615378,-0.72,0.0,1.0,0.5217749565111305,6.885,0.0,-71.33765,44.025383,43.240368,0.0,0.6,0.5
0.15603503695843102,0.23762072298063758,0.5046996086430589,52.919999999999995,70778.87999999989,-0.72,0.0,1.0,0.12503433332317826,6.890000000000001,0.0,-71.33765,44.025383,43.240368,0.0,0.6,0.5
0.13842046838518704,0.26312938889973203,0.5048326572068738,53.1,10066.329600000381,-0.72,0.0,1.0,0.384441663869147,6.8950000000000005,0.0,-71.33765,44.025383,43.240368,0.0,0.6,0.5
0.12091054019835787,0.2747150417499898,0.5051005006639048,53.28,24354.023225806413,-0.72,0.0,1.0,0.12503433332317826,6.9,0.0,-38.76677,-133.52618,-112.43922,0.0,0.0,0.5
0.10812671810906074,0.27873918795103947,0.5050511504675904,53.28,0.0,-0.72,0.0,1.0,0.3081453901791562,6.905,0.0,-38.76677,-133.52618,-112.43922,0.0,0.0,0.5
0.08974222902155755,0.2971757731789663,0.5049484898178784,53.1,-23592.959999999963,-0.72,0.0,1.0,-0.10385448774679418,6.91,0.0,-38.76677,-133.52618,-112.43922,0.0,0.0,0.5
0.08417207947932745,0.3136663338557037,0.5046537111261361,52.739999999999995,-53926.765714286696,-0.72,0.0,1.0,0.32340464491715437,6.915,0.0,-38.76677,-133.52618,-112.43922,0.0,0.0,0.5
0.06456483617039548,0.3240683657365191,0.5043878903058587,52.199999999999996,-73062.06967741923,-0.72,0.0,1.0,-0.012298959318805203,6.92,8.522881865501404,-74.256584,56.263386,-146.4809,0.0,0.6,0.5
0.049815376193816444,0.3356254096115259,0.5042763502821599,51.3,-21.98106129864379,-0.72,0.0,1.0,0.49125644703513416,6.925,8.522881865501404,-74.256584,56.263386,-146.4809,0.0,0.6,0.5
0.048271512175047916,0.35378257552102776,0.5038627743758513,50.4,-72593.72307692296,-0.72,0.0,1.0,-0.027558214056803365,6.93,8.522881865501404,-74.256584,56.263386,-146.4809,0.0,0.6,0.5
0.032991564041957,0.3508884971198786,0.5038954991013241,49.14,-176160.76799999972,-0.72,0.0,1.0,0.475997192297136,6.9350000000000005,8.522881865501404,-74.256584,56.263386,-146.4809,0.0,0.6,0.5
0.023423393689741077,0.3577689401160827,0.5041155574575841,47.699999999999996,-61630.58938775531,-0.72,0.0,1.0,0.2776268807031599,6.94,20.0,58.082058,57.225243,16.95036,0.6,0.6,0.5
0.008441917958184648,0.36242811907236416,0.5041208300792372,46.26,-208268.88827586174,-0.72,0.0,1.0,0.33866389965515253,6.945,20.0,58.082058,57.225243,16.95036,0.6,0.6,0.5
0.012032230038873076,0.35896871476110404,0.503800501479506,44.64,-226492.41599999965,-0.72,0.0,1.0,0.00296029541919296,6.95,20.0,58.082058,57.225243,16.95036,0.6,0.6,0.5
0.0019962627989575173,0.3625238126877654,0.5037520287659312,42.839999999999996,-148034.25882352976,-0.72,0.0,1.0,0.29288613544115805,6.955,20.0,58.082058,57.225243,16.95036,0.6,0.6,0.5
0.0026393114903673132,0.3548196565968222,0.5034770996159016,41.04,-228780.21818181782,-0.72,0.0,1.0,0.06399731437118561,6.96,8.522881865501404,59.235107,71.52737,2.3054318,0.6,0.6,0.5
-0.00891122539739743,0.36180766357416727,0.503375952417302,39.059999999999995,-44.747921051355505,-0.72,0.0,1.0,0.384441663869147,6.965,8.522881865501404,59.235107,71.52737,2.3054318,0.6,0.6,0.5
-0.007570208653584976,0.35263279717754265,0.5032580516252378,37.08,-166094.43839999975,-0.72,0.0,1.0,0.06399731437118561,6.97,8.522881865501404,59.235107,71.52737,2.3054318,0.6,0.6,0.5
-0.008102188158357403,0.3561511543675852,0.5032346145209964,34.92,-292248.27870967693,-0.72,0.0,1.0,0.3081453901791562,6.9750000000000005,8.522881865501404,59.235107,71.52737,2.3054318,0.6,0.6,0.5
-0.002161271263551417,0.34791921021865896,0.5030234615371095,32.94,-276824.06400000054,-0.72,0.0,1.0,0.24710837122716356,6.98,0.0,67.71577,57.890915,-15.65929,0.6,0.6,0.5
0.0071657869184015,0.34072961694148185,0.5029273721291077,30.599999999999998,-140209.59085714284,-0.72,0.0,1.0,0.32340464491715437,6.985,0.0,67.71577,57.890915,-15.65929,0.6,0.6,0.5
0.010950001548209562,0.34659915145467346,0.5028768435742177,28.439999999999998,-283115.52,-0.72,0.0,1.0,0.09451582384718193,6.99,0.0,67.71577,57.890915,-15.65929,0.6,0.6,0.5
0.01563986487301754,0.3635935434438892,0.5028161031621825,26.099999999999998,-316602.3019354839,-0.72,0.0,1.0,0.20133060701316907,6.995,0.0,67.71577,57.890915,-15.65929,0.6,0.6,0.5
0.034532016979436135,0.3656815848279649,0.5026827848518213,23.58,-330301.43999999994,-0.72,0.0,1.0,0.07925656910918377,7.0,0.0,42.283817,-48.0085,-91.728676,0.6,0.0,0.5
0.06340334030914142,0.3708388321480241,0.5026497547980862,21.06,-352321.53599999996,-0.72,0.0,1.0,0.3081453901791562,7.005,0.0,42.283817,-48.0085,-91.728676,0.6,0.0,0.5
0.07608625612293224,0.3844024874237193,0.5026178206927466,18.54,-58.31142809855346,-0.72,0.0,1.0,0.3539231543931507,7.01,0.0,42.283817,-48.0085,-91.728676,0.6,0.0,0.5
0.10369662509774832,0.4028982201203445,0.5024775948625495,16.02,-224886.0868085106,-0.72,0.0,1.0,0.1860713522751709,7.015000000000001,0.0,42.283817,-48.0085,-91.728676,0.6,0.0,0.5
0.12338812016617681,0.4028817911390338,0.5024744149403366,13.32,-377487.3599999999,-0.72,0.0,1.0,-0.012298959318805203,7.0200000000000005,0.0,42.53287,-99.18387,-77.99643,0.6,0.0,0.5
0.13675732950644326,0.4111356585191726,0.5022754578494258,10.799999999999999,-285666.11027027044,-0.72,0.0,1.0,0.17081209753717275,7.025,0.0,42.53287,-99.18387,-77.99643,0.6,0.0,0.5
0.15050445372896548,0.42579272695491743,0.5020618721275114,8.1,-404450.74285714276,-0.72,0.0,1.0,0.04873805963318745,7.03,0.0,42.53287,-99.18387,-77.99643,0.6,0.0,0.5
0.16777390967351763,0.43339048984578926,0.5019956795657106,5.76,-327155.712,-0.54,25165.82399999999,1.0,8.288735618152419,7.035,0.0,42.53287,-99.18387,-77.99643,0.6,0.0,0.5
0.1857228682471,0.44283150801681553,0.5024508697734406,4.32,-194832.18580645154,2.6999999999999997,438372.4180645161,1.0,9.646809289834309,7.04,0.0,27.723223,-81.84744,-32.14887,0.6,0.0,0.5
0.19816737310015556,0.44176758167032953,0.5038305928729992,4.14,-26033.611034482845,2.52,-26033.611034482718,1.0,1.6814783165989908,7.045,0.0,27.723223,-81.84744,-32.14887,0.6,0.0,0.5
0.21281843423670133,0.4356940833265147,0.5039573718217419,5.04,53167.233802816925,1.26,-74434.12732394366,1.0,0.04873805963318745,7.05,0.0,27.723223,-81.84744,-32.14887,0.6,0.0,0.5
0.22923531139668044,0.4394046349792853,0.5040674244164617,7.02,47.07812180064964,-0.8999999999999999,-51.35795105525417,1.0,0.3081453901791562,7.055,0.0,27.723223,-81.84744,-32.14887,0.6,0.0,0.5
0.23978716331447647,0.4349644734487906,0.5034384940009444,7.92,77038.23673469391,-0.54,30815.294693877542,1.0,-0.5768913846247923,7.0600000000000005,0.0,74.320786,-200.33124,102.77158,0.6,0.0,0.5
0.2541080986304018,0.4143737801759294,0.5022700519975345,9.719999999999999,243540.23225806438,-0.54,0.0,1.0,-0.1343729972227905,7.065,0.0,74.320786,-200.33124,102.77158,0.6,0.0,0.5
0.2693489223593382,0.404242483563815,0.5020296225901932,11.7,123951.07343283585,-0.8999999999999999,-22536.55880597014,1.0,-0.30222479934082536,7.07,0.0,74.320786,-200.33124,102.77158,0.6,0.0,0.5
0.28131006652997403,0.3703036773847724,0.5017948995754526,13.68,237277.7691428572,-0.8999999999999999,0.0,1.0,-0.012298959318805203,7.075,0.0,74.320786,-200.33124,102.77158,0.6,0.0,0.5
0.29223438977014105,0.341532997147859,0.5015136720173308,16.02,288666.8047058823,-0.8999999999999999,0.0,1.0,-0.07333597827079785,7.08,0.0,77.014915,-63.17118,-134.52505,0.6,0.0,0.5
0.30606782907941676,0.30311552450918594,0.5015240252524122,18.36,327155.712,-0.8999999999999999,0.0,1.0,0.15555284279917458,7.085,0.0,77.014915,-63.17118,-134.52505,0.6,0.0,0.5
0.3173197384028097,0.2716972861376218,0.5011616735100369,21.06,377487.3599999999,-0.8999999999999999,0.0,1.0,-0.11911374248479234,7.09,0.0,77.014915,-63.17118,-134.52505,0.6,0.0,0.5
0.3272409276570913,0.25089061839997084,0.5009535099983332,23.759999999999998,62.55383289696084,-0.8999999999999999,0.0,1.0,0.36918240913114886,7.095,0.0,77.014915,-63.17118,-134.52505,0.6,0.0,0.5
0.3379491091147207,0.22634694880683653,0.5010230977063055,26.64,185839.93107692324,-0.8999999999999999,0.0,1.0,-0.012298959318805203,7.1000000000000005,0.0,64.79703,-19.669897,39.513565,0.6,0.0,0.5
0.3480658963706841,0.1965484969282416,0.5007683077878025,29.7,366702.0068571427,-0.8999999999999999,0.0,1.0,0.5828119754631231,7.105,0.0,64.79703,-19.669897,39.513565,0.6,0.0,0.5
0.35641397146287634,0.16967869487818765,0.5003707981101764,32.76,401080.31999999983,-0.8999999999999999,0.0,1.0,0.2776268807031599,7.11,0.0,64.79703,-19.669897,39.513565,0.6,0.0,0.5
0.36552267373762115,0.14838932535395358,0.5003511769939374,35.82,427819.0080000003,-0.8999999999999999,0.0,1.0,0.6133304849391195,7.115,0.0,64.79703,-19.669897,39.513565,0.6,0.0,0.5
0.3742847631190971,0.14416365872270165,0.5000261665916537,39.059999999999995,424673.27999999933,-0.8999999999999999,0.0,1.0,0.12503433332317826,7.12,0.0,85.60039,-87.22358,-115.86677,0.6,0.0,0.5
0.3809990789993307,0.12545555610409925,0.5000046696079741,42.3,438372.4180645164,-0.8999999999999999,0.0,1.0,0.033478804895189285,7.125,0.0,85.60039,-87.22358,-115.86677,0.6,0.0,0.5
0.3882476184475081,0.11694019600911115,0.49985754716057845,45.54,411804.392727273,-0.8999999999999999,0.0,1.0,0.2318491164891654,7.13,0.0,85.60039,-87.22358,-115.86677,0.6,0.0,0.5
0.3953943274124791,0.09995736112428087,0.4996998912475882,48.6,129642.12363636373,-0.8999999999999999,0.0,1.0,0.3997009186071452,7.135,0.0,85.60039,-87.22358,-115.86677,0.6,0.0,0.5
0.40100345051837144,0.08853089582669921,0.4996749990095408,51.839999999999996,78.30830510720921,-0.72,4.350461394844961,1.0,0.4302194280831415,7.140000000000001,0.0,77.52249,187.15202,133.80763,0.6,0.6,0.5
0.4070502048701702,0.08445851829614179,0.49987862217906015,54.9,203723.3371428573,-0.72,0.0,1.0,0.5065157017731323,7.1450000000000005,0.0,77.52249,187.15202,133.80763,0.6,0.6,0.5
0.4133935127887683,0.0644802269914098,0.49990218309011153,57.96,136537.98127659585,-0.72,0.0,1.0,-0.04281746879480153,7.15,0.0,77.52249,187.15202,133.80763,0.6,0.6,0.5
0.41890958727557265,0.06954445749629735,0.49980586500513907,60.839999999999996,366048.34909090854,-0.72,0.0,1.0,0.2623676259651617,7.155,0.0,77.52249,187.15202,133.80763,0.6,0.6,0.5
0.42412196377182204,0.06468913273622538,0.499831227603666,63.54,365310.3483870972,-0.72,0.0,1.0,0.04873805963318745,7.16,0.0,81.42735,-145.75842,43.416157,0.6,0.0,0.5
0.42924357435612803,0.05074180561281534,0.499904759065639,66.42,377487.36000000034,-0.72,0.0,1.0,0.24710837122716356,7.165,0.0,81.42735,-145.75842,43.416157,0.6,0.0,0.5
0.43394333698249843,0.05695965036679379,0.5001169528826864,68.94,352321.53599999944,-0.72,0.0,1.0,0.32340464491715437,7.17,0.0,81.42735,-145.75842,43.416157,0.6,0.0,0.5
0.4381394172021389,0.05192715968714562,0.5003574593459492,71.46,364470.55448275805,-0.72,0.0,1.0,0.1097750785851801,7.175,0.0,81.42735,-145.75842,43.416157,0.6,0.0,0.5
0.44285598091805056,0.044176430970636685,0.5004121778110854,73.8,53.08211838006238,-0.72,0.0,1.0,0.2318491164891654,7.18,0.0,42.011387,15.660992,25.098679,0.6,0.6,0.5
0.446351765942007,0.04499851218599304,0.5010650541781368,75.78,162837.68470588268,-0.72,0.0,1.0,0.2623676259651617,7.1850000000000005,0.0,42.011387,15.660992,25.098679,0.6,0.6,0.5
0.449835224042512,0.055716391728049174,0.5014219348637129,77.58,93206.75555555541,-0.72,0.0,1.0,0.20133060701316907,7.19,0.0,42.011387,15.660992,25.098679,0.6,0.6,0.5
0.45403507489986333,0.08317101260378006,0.5011040467926638,79.02,183024.17454545427,-0.72,0.0,1.0,0.15555284279917458,7.195,0.0,42.011387,15.660992,25.098679,0.6,0.6,0.5
0.4575037079693131,0.09987434487234868,0.5010609764894006,80.1,156201.6662068963,-0.72,0.0,1.0,0.12503433332317826,7.2,0.0,-116.54012,-65.737885,-30.382618,0.0,0.0,0.5
0.4598189350165566,0.11180880432989466,0.500866804015283,80.64,42734.41811320804,-0.72,0.0,1.0,0.1097750785851801,7.205,0.0,-116.54012,-65.737885,-30.382618,0.0,0.0,0.5
0.4601628479240405,0.11558954678873995,0.5013066501171145,80.82,23592.95999999903,-0.72,0.0,1.0,0.384441663869147,7.21,0.0,-116.54012,-65.737885,-30.382618,0.0,0.0,0.5
0.46083372879224627,0.12862427212111988,0.5012386579314788,80.82,0.0,-0.72,0.0,1.0,0.3539231543931507,7.215,0.0,-116.54012,-65.737885,-30.382618,0.0,0.0,0.5
0.46156458669990297,0.11990836745679381,0.5010667592944494,80.28,-75497.47199999889,-0.72,0.0,1.0,0.29288613544115805,7.22,0.0,-132.50047,-130.43562,-123.58881,0.0,0.0,0.5
0.4630546030869946,0.13485181499597018,0.5007364568397656,79.38,-21.91635856943813,-0.72,0.0,1.0,0.2623676259651617,7.2250000000000005,0.0,-132.50047,-130.43562,-123.58881,0.0,0.0,0.5
0.46418213032335287,0.1506116786486651,0.500875073881475,78.11999999999999,-81304.96984615417,-0.72,0.0,1.0,0.17081209753717275,7.23,0.0,-132.50047,-130.43562,-123.58881,0.0,0.0,0.5
0.46501290541745177,0.15895175096389888,0.500713488100934,76.67999999999999,-158942.04631578922,-0.72,0.0,1.0,0.33866389965515253,7.235,0.0,-132.50047,-130.43562,-123.58881,0.0,0.0,0.5
0.4644489187300405,0.1726192382230226,0.5005578480867825,75.06,-212336.63999999873,-0.72,0.0,1.0,0.033478804895189285,7.24,0.0,-104.13052,115.24409,138.7106,0.0,0.6,0.5
0.4641405591051633,0.1806690352845049,0.5003935916955232,73.25999999999999,-243540.23225806604,-0.72,0.0,1.0,0.36918240913114886,7.245,0.0,-104.13052,115.24409,138.7106,0.0,0.6,0.5
0.4646937292864907,0.18257451532107125,0.5002099662832362,71.28,-100056.89060240913,-0.72,0.0,1.0,0.12503433332317826,7.25,0.0,-104.13052,115.24409,138.7106,0.0,0.6,0.5
0.4637197763988906,0.17053137569995408,0.5001370669622669,69.48,-228780.21818181782,-0.72,0.0,1.0,0.5370342112491286,7.255,0.0,-104.13052,115.24409,138.7106,0.0,0.6,0.5
0.4607526414448177,0.1591287230121322,0.49998303703066727,67.32,-301989.8880000015,-0.72,0.0,1.0,0.2623676259651617,7.26,0.0,-58.975864,119.2651,148.34068,0.0,0.6,0.5
0.44882360414118694,0.165628233061267,0.4998999752199447,65.34,-44.68075150106504,-0.72,0.0,1.0,0.12503433332317826,7.265000000000001,0.0,-58.975864,119.2651,148.34068,0.0,0.6,0.5
0.42460228003038736,0.16468722161800495,0.4997906906173275,63.18,-174224.93538461567,-0.72,0.0,1.0,-0.012298959318805203,7.2700000000000005,0.0,-58.975864,119.2651,148.34068,0.0,0.6,0.5
0.3966671244325586,0.15202710196478778,0.49973701763799966,61.019999999999996,-274536.2618181823,-0.72,0.0,1.0,0.12503433332317826,7.275,0.0,-58.975864,119.2651,148.34068,0.0,0.6,0.5
0.36602146322588736,0.14432603422198736,0.49958569019736493,58.86,-292248.27870967693,-0.72,0.0,1.0,0.1097750785851801,7.28,0.0,-137.2863,20.997107,163.33228,0.0,0.6,0.5
0.33565138567303293,0.1556368112170061,0.4992324362536546,56.519999999999996,-327155.71200000047,-0.72,0.0,1.0,0.44547868282113967,7.285,0.0,-137.2863,20.997107,163.33228,0.0,0.6,0.5
0.3047615482696954,0.15323016320199434,0.49953015379723004,54.18,-316602.30193548335,-0.72,0.0,1.0,0.04873805963318745,7.29,0.0,-137.2863,20.997107,163.33228,0.0,0.6,0.5
0.2762550044825553,0.13793563179292262,0.49953077907403176,51.839999999999996,-327155.71200000047,-0.72,0.0,1.0,0.29288613544115805,7.295,0.0,-137.2863,20.997107,163.33228,0.0,0.6,0.5
0.24817829745468778,0.1507968045063827,0.4996168030683513,49.32,-364470.55448275805,-0.72,0.0,1.0,0.09451582384718193,7.3,0.0,-119.09906,139.7133,147.53519,0.0,0.6,0.5
0.22178865388791458,0.17298563333175077,0.5000550234619647,46.8,-352321.53600000043,-0.72,0.0,1.0,0.04873805963318745,7.305,0.0,-119.09906,139.7133,147.53519,0.0,0.6,0.5
0.19753584897520304,0.1924382910054717,0.5002114108303013,44.1,-65.62981113049314,-0.72,0.0,1.0,0.17081209753717275,7.3100000000000005,0.0,-119.09906,139.7133,147.53519,0.0,0.6,0.5
0.17511912551953596,0.19861154737992154,0.5007182461957297,41.4,-231114.71020408187,-0.72,0.0,1.0,0.1097750785851801,7.315,0.0,-119.09906,139.7133,147.53519,0.0,0.6,0.5
0.154321953889257,0.22436583235601443,0.5011896815596528,38.699999999999996,-365310.3483870972,-0.72,0.0,1.0,-0.11911374248479234,7.32,0.0,-128.02055,-94.28941,167.16772,0.0,0.0,0.5
0.13699830096681392,0.2398604669991069,0.5014874783552755,35.82,-416537.7765517235,-0.72,0.0,1.0,0.24710837122716356,7.325,0.0,-128.02055,-94.28941,167.16772,0.0,0.0,0.5
0.11980166912810358,0.2544944781474076,0.5019136349109568,32.94,-416537.7765517245,-0.72,0.0,1.0,0.3539231543931507,7.33,0.0,-128.02055,-94.28941,167.16772,0.0,0.0,0.5
0.11132015549798195,0.2666637809746445,0.5021202529014536,29.88,-414018.3948387095,-0.72,0.0,1.0,0.29288613544115805,7.335,0.0,-128.02055,-94.28941,167.16772,0.0,0.0,0.5
0.0999902994098224,0.2804954942912147,0.502329775162361,27.0,-389664.3716129031,-0.72,0.0,1.0,0.00296029541919296,7.34,0.0,-97.56612,-84.24898,1.2100962,0.0,0.0,0.5
0.08086845981622814,0.2936943839448787,0.5026549928950941,23.759999999999998,-452984.8320000003,-0.72,0.0,1.0,0.04873805963318745,7.345,0.0,-97.56612,-84.24898,1.2100962,0.0,0.0,0.5
0.0698839165378031,0.30332320255276535,0.503172154314059,20.52,-73.40224567619826,-0.72,0.0,1.0,0.21658986175116723,7.3500000000000005,0.0,-97.56612,-84.24898,1.2100962,0.0,0.0,0.5
0.06426521163879026,0.31672452929235684,0.503422978835767,17.28,-295424.8904347825,-0.72,0.0,1.0,0.2318491164891654,7.355,0.0,-97.56612,-84.24898,1.2100962,0.0,0.0,0.5
0.05408933899277474,0.33053369844598274,0.5034698270301863,14.04,-174224.9353846155,-0.72,0.0,1.0,0.018219550157191122,7.36,0.0,79.462425,-46.65188,-158.88365,0.6,0.0,0.5
0.05638334682728564,0.330456519259909,0.5033873315716672,10.62,-478150.656,-0.72,0.0,1.0,0.21658986175116723,7.365,0.0,79.462425,-46.65188,-158.88365,0.6,0.0,0.5
0.04548791872830577,0.3341342694931912,0.5034382686284699,7.199999999999999,-256152.13714285713,-0.72,0.0,1.0,0.12503433332317826,7.37,0.0,79.462425,-46.65188,-158.88365,0.6,0.0,0.5
0.03082707547968043,0.33152891779941296,0.5032020312559756,3.96,-452984.8319999999,2.52,452984.83200000005,1.0,9.784142582476292,7.375,0.0,79.462425,-46.65188,-158.88365,0.6,0.0,0.5
0.03832487024465118,0.3333830775984667,0.505828102941575,1.6199999999999999,-327155.712,6.84,603979.7760000001,1.0,6.121921445356623,7.38,8.522881865501404,73.05046,-37.53927,-87.77667,0.6,0.0,0.5
0.030579558667325278,0.32844565564999795,0.5080428074737126,0.36,-182235.27724137928,7.02,26033.611034482718,1.0,-0.5311136204107978,7.385,8.522881865501404,73.05046,-37.53927,-87.77667,0.6,0.0,0.5
0.020929397656735807,0.3215752194688134,0.5094736449238347,0.36,0.0,7.199999999999999,26033.611034482718,1.0,0.06399731437118561,7.390000000000001,8.522881865501404,73.05046,-37.53927,-87.77667,0.6,0.0,0.5
0.018617114915358574,0.3050493802360125,0.5115803172225641,1.44,25.11879603187366,5.3999999999999995,-41.86466005312276,1.0,0.00296029541919296,7.3950000000000005,8.522881865501404,73.05046,-37.53927,-87.77667,0.6,0.0,0.5
0.0266394323052702,0.27612464746192183,0.5097832074715235,3.06,147712.4452173913,2.6999999999999997,-246187.40869565215,1.0,3.497329630420829,7.4,20.0,111.01464,16.861824,-54.859623,0.6,0.6,0.5
0.03733652912750615,0.24511456949661198,0.5077787645178219,5.22,301989.888,-0.36,-427819.008,1.0,2.7038483840449246,7.405,20.0,111.01464,16.861824,-54.859623,0.6,0.6,0.5
0.042981054747698845,0.22907430321935776,0.5061619881412531,6.12,125829.12000000005,-0.54,-25165.824000000008,1.0,-0.27170628986482903,7.41,20.0,111.01464,16.861824,-54.859623,0.6,0.6,0.5
0.0542239077227021,0.21549625384646715,0.5041506700013574,7.56,91512.08727272724,-0.18,22878.02181818182,1.0,-0.7600024414807702,7.415,20.0,111.01464,16.861824,-54.859623,0.6,0.6,0.5
0.06833126438522605,0.18785642631586155,0.5027429232848069,9.18,219186.20903225808,-0.8999999999999999,-97416.0929032258,1.0,-0.6684469130527813,7.42,8.522881865501404,75.285416,-67.382614,-103.94895,0.6,0.0,0.5
0.09086765393017271,0.1706623049345231,0.5025102422895351,9.9,97416.09290322589,-0.54,48708.046451612885,1.0,-0.7600024414807702,7.425,8.522881865501404,75.285416,-67.382614,-103.94895,0.6,0.0,0.5
0.10570582777607608,0.1484284802536471,0.5016817792563604,11.34,113958.44830188675,-0.72,-14244.806037735843,1.0,-0.42429883724481066,7.43,8.522881865501404,75.285416,-67.382614,-103.94895,0.6,0.0,0.5
0.1296496456482622,0.13897316194049353,0.5013205671190161,12.42,146124.13935483873,-0.72,0.0,1.0,0.15555284279917458,7.4350000000000005,8.522881865501404,75.285416,-67.382614,-103.94895,0.6,0.0,0.5
0.14596566756659102,0.13203813545250184,0.5017039499724284,13.5,25.665299240213717,-0.72,0.0,1.0,0.384441663869147,7.44,0.0,121.11271,-140.8623,-180.07506,0.6,0.0,0.5
0.15984896861615142,0.12259719013446144,0.5014241369301905,14.76,112443.0434042553,-0.72,0.0,1.0,0.2318491164891654,7.445,0.0,121.11271,-140.8623,-180.07506,0.6,0.0,0.5
0.17841730618019902,0.1279529065319821,0.5013001833590949,15.84,141557.76,-0.72,0.0,1.0,0.5217749565111305,7.45,0.0,121.11271,-140.8623,-180.07506,0.6,0.0,0.5
0.1967602685532691,0.12534812087563782,0.50115974019038,16.919999999999998,156201.6662068963,-0.72,0.0,1.0,0.4302194280831415,7.455,0.0,121.11271,-140.8623,-180.07506,0.6,0.0,0.5
0.21013434405153897,0.13010703552023356,0.5011454475574225,18.18,176160.76800000021,-0.72,0.0,1.0,0.5522934659871268,7.46,0.0,73.64722,-77.388275,-100.86732,0.6,0.0,0.5
0.22712372201336573,0.11794750896786693,0.5012391487740272,19.439999999999998,165150.71999999974,-0.72,0.0,1.0,0.17081209753717275,7.465,0.0,73.64722,-77.388275,-100.86732,0.6,0.0,0.5
0.24411539618838057,0.11317337056182954,0.5012924618949065,20.7,176160.76800000021,-0.72,0.0,1.0,0.06399731437118561,7.47,0.0,73.64722,-77.388275,-100.86732,0.6,0.0,0.5
0.2573720291169572,0.12641103492800546,0.5009674331615833,21.96,77717.98588235304,-0.72,0.0,1.0,-0.10385448774679418,7.4750000000000005,0.0,73.64722,-77.388275,-100.86732,0.6,0.0,0.5
0.2713954352888792,0.12641327834905974,0.5010512554112883,23.4,33.367573587907664,-0.72,0.0,1.0,0.384441663869147,7.48,0.0,51.222088,-2.3991559,-10.16616,0.6,0.0,0.5
0.28757602942158544,0.13504472559857367,0.5008520654333495,24.84,65649.97565217398,-0.72,0.0,1.0,0.2623676259651617,7.485,0.0,51.222088,-2.3991559,-10.16616,0.6,0.0,0.5
0.3000691395432646,0.1332909069073397,0.5004143065788731,26.279999999999998,172565.65028571401,-0.72,0.0,1.0,0.33866389965515253,7.49,0.0,51.222088,-2.3991559,-10.16616,0.6,0.0,0.5
0.3124832974909849,0.1332791973679373,0.5002560478194908,27.9,212336.64000000013,-0.72,0.0,1.0,-0.1343729972227905,7.495,0.0,51.222088,-2.3991559,-10.16616,0.6,0.0,0.5
0.32625156512484343,0.12564950398654268,0.5000131225230262,29.7,251658.2400000001,-0.72,0.0,1.0,0.20133060701316907,7.5,0.0,70.58586,-76.13438,-42.923378,0.6,0.0,0.5
0.33756893498000634,0.12095188970246128,0.49946902370565127,31.5,228780.21818181826,-0.72,0.0,1.0,-0.05807672353279969,7.505,0.0,70.58586,-76.13438,-42.923378,0.6,0.0,0.5
0.3472109979400721,0.10278320647934709,0.49944427952193043,33.48,286369.7213793099,-0.72,0.0,1.0,0.24710837122716356,7.51,0.0,70.58586,-76.13438,-42.923378,0.6,0.0,0.5
0.3590485397583983,0.10279068269747786,0.49900326447744925,35.46,267894.2554838715,-0.72,0.0,1.0,0.12503433332317826,7.515000000000001,0.0,70.58586,-76.13438,-42.923378,0.6,0.0,0.5
0.36833715082709845,0.0822828922146198,0.4991186551924837,37.44,286369.7213793099,-0.72,0.0,1.0,0.2318491164891654,7.5200000000000005,0.0,80.04003,-79.36636,-43.93557,0.6,0.0,0.5
0.3764676605931508,0.05841878520631148,0.49893266844221157,39.6,52.661020472221345,-0.72,0.0,1.0,0.033478804895189285,7.525,0.0,80.04003,-79.36636,-43.93557,0.6,0.0,0.5
0.38500791041919874,0.04460439961389973,0.49908291241935676,41.94,208822.7948936167,-0.72,0.0,1.0,0.00296029541919296,7.53,0.0,80.04003,-79.36636,-43.93557,0.6,0.0,0.5
0.3928823330629847,0.025147327702418846,0.4988915166091584,44.1,292248.2787096779,-0.72,0.0,1.0,0.06399731437118561,7.535,0.0,80.04003,-79.36636,-43.93557,0.6,0.0,0.5
0.3990582522006838,0.02121292187094907,0.4989286846971396,46.44,327155.7119999995,-0.72,0.0,1.0,0.04873805963318745,7.54,0.0,5.9220114,75.772835,2.9812112,0.6,0.6,0.5
0.4060407895557945,0.03192317490234508,0.4987190118537434,48.78,138234.80788732413,-0.72,0.0,1.0,0.00296029541919296,7.545,0.0,5.9220114,75.772835,2.9812112,0.6,0.6,0.5
0.4123864299356442,0.041914567157937135,0.4985045820003338,50.94,251658.2399999996,-0.72,0.0,1.0,0.2623676259651617,7.55,0.0,5.9220114,75.772835,2.9812112,0.6,0.6,0.5
0.4175324500942135,0.03937155011696665,0.49841572463093137,53.28,327155.71200000047,-0.72,0.0,1.0,0.018219550157191122,7.555,0.0,5.9220114,75.772835,2.9812112,0.6,0.6,0.5
0.42325869640058844,0.03529443645125511,0.4985942628114634,55.62,338436.9434482753,-0.72,0.0,1.0,0.12503433332317826,7.5600000000000005,0.0,-49.546085,-43.45198,11.695267,0.0,0.0,0.5
0.42773899420455636,0.0179742443769216,0.4990660060687024,57.78,48.81354669770157,-0.72,0.0,1.0,-0.08859523300879601,7.565,0.0,-49.546085,-43.45198,11.695267,0.0,0.0,0.5
0.4318097277658843,0.020245782114818672,0.4992830610295598,59.94,106584.66635294101,-0.72,0.0,1.0,0.41496017334514335,7.57,0.0,-49.546085,-43.45198,11.695267,0.0,0.0,0.5
0.4360077703911601,0.011557867227517001,0.4994351494581611,62.099999999999994,283115.51999999955,-0.72,0.0,1.0,0.00296029541919296,7.575,0.0,-49.546085,-43.45198,11.695267,0.0,0.0,0.5
0.44072685019868457,0.01067093473810106,0.4996396470018648,64.08,267894.2554838715,-0.72,0.0,1.0,0.1860713522751709,7.58,0.0,-3.8217192,158.3813,1.8304256,0.0,0.6,0.5
0.44445114356379284,0.0017113926867420675,0.49969039663644765,66.06,286369.72137931094,-0.72,0.0,1.0,0.07925656910918377,7.585,0.0,-3.8217192,158.3813,1.8304256,0.0,0.6,0.5
0.4489624059567766,0.0177703287084037,0.499487428212746,67.86,243540.23225806412,-0.72,0.0,1.0,0.5828119754631231,7.59,0.0,-3.8217192,158.3813,1.8304256,0.0,0.6,0.5
0.45266251575054145,0.015404431676438544,0.49966501612232656,69.66,243540.23225806412,-0.72,0.0,1.0,0.20133060701316907,7.595,0.0,-3.8217192,158.3813,1.8304256,0.0,0.6,0.5
0.45596675299914785,0.026659450848534903,0.49958620969851275,71.28,234302.49931034548,-0.72,0.0,1.0,0.46073793755913783,7.6000000000000005,0.0,-78.800476,45.51623,4.4750924,0.0,0.6,0.5
0.45610283939727225,0.04050765191880682,0.4997481128982223,72.72,215707.0628571425,-0.72,0.0,1.0,0.1097750785851801,7.605,0.0,-78.800476,45.51623,4.4750924,0.0,0.6,0.5
0.45452232865031367,0.03493388431723375,0.500193149000268,73.98,30.746987974238117,-0.72,0.0,1.0,0.33866389965515253,7.61,0.0,-78.800476,45.51623,4.4750924,0.0,0.6,0.5
0.4541850846901475,0.032914690590755614,0.5002446289715159,75.06,92445.88408163251,-0.72,0.0,1.0,0.17081209753717275,7.615,0.0,-78.800476,45.51623,4.4750924,0.0,0.6,0.5
0.45243989078442154,0.04840982538722276,0.5002100458434362,75.96,121770.1161290311,-0.72,0.0,1.0,0.4302194280831415,7.62,0.0,-40.717472,51.82932,-31.422495,0.0,0.6,0.5
0.4499756383635429,0.06840670549699367,0.5002230937385161,76.5,34844.987076923484,-0.72,0.0,1.0,0.06399731437118561,7.625,0.0,-40.717472,51.82932,-31.422495,0.0,0.6,0.5
0.4429481221285455,0.07986274590765452,0.5001603036850433,76.86,48708.04645161283,-0.72,0.0,1.0,0.07925656910918377,7.63,0.0,-40.717472,51.82932,-31.422495,0.0,0.6,0.5
0.42642802184336326,0.0889328127785191,0.5001062630728758,76.86,0.0,-0.72,0.0,1.0,-0.027558214056803365,7.635,0.0,-40.717472,51.82932,-31.422495,0.0,0.6,0.5
0.40093093549770903,0.11776725420845663,0.5000220713732136,76.67999999999999,-26033.611034483743,-0.72,0.0,1.0,0.21658986175116723,7.640000000000001,0.0,-86.34215,97.15967,119.31567,0.0,0.6,0.5
0.372402845084372,0.125237394589549,0.4998981962754908,76.14,-78100.83310344712,-0.72,0.0,1.0,0.04873805963318745,7.6450000000000005,0.0,-86.34215,97.15967,119.31567,0.0,0.6,0.5
0.3414605317530187,0.13955948090583403,0.4997646889980321,75.24,-20.289347064261733,-0.72,0.0,1.0,0.3539231543931507,7.65,0.0,-86.34215,97.15967,119.31567,0.0,0.6,0.5
0.3110142472207015,0.17058477667155297,0.49928065698360174,74.16,-98474.96347826072,-0.72,0.0,1.0,0.12503433332317826,7.655,0.0,-86.34215,97.15967,119.31567,0.0,0.6,0.5
0.2809076682089474,0.18808418760402007,0.4992615887144385,72.89999999999999,-176160.7680000007,-0.72,0.0,1.0,0.5065157017731323,7.66,0.0,-118.4046,126.126,126.190254,0.0,0.6,0.5
0.25235592627173625,0.19468503920475494,0.49909432686432903,71.1,-104857.59999999983,-0.72,0.0,1.0,-0.08859523300879601,7.665,0.0,-118.4046,126.126,126.190254,0.0,0.6,0.5
0.225173804641189,0.21682038555162556,0.49894044627523243,69.3,-260336.11034482718,-0.72,0.0,1.0,0.44547868282113967,7.67,0.0,-118.4046,126.126,126.190254,0.0,0.6,0.5
0.19992308323214517,0.22563428745504072,0.49895549886516427,67.14,-312403.3324137926,-0.72,0.0,1.0,0.06399731437118561,7.675,0.0,-118.4046,126.126,126.190254,0.0,0.6,0.5
0.17731855274560973,0.24609685306908619,0.498451068228495,64.8,-327155.71200000047,-0.72,0.0,1.0,0.3539231543931507,7.68,0.0,-115.06619,-13.453047,95.68172,0.0,0.0,0.5
0.15620466382487902,0.2644333526596916,0.4981848027947087,62.28,-203262.42461538428,-0.72,0.0,1.0,0.2623676259651617,7.6850000000000005,0.0,-115.06619,-13.453047,95.68172,0.0,0.0,0.5
0.13853074671352175,0.28068425329602037,0.497980586369672,59.58,-390504.1655172418,-0.72,0.0,1.0,0.49125644703513416,7.69,0.0,-115.06619,-13.453047,95.68172,0.0,0.0,0.5
0.11971330837063407,0.2834596819521932,0.4976275559113537,56.519999999999996,-74.14712205943528,-0.72,0.0,1.0,0.1860713522751709,7.695,0.0,-115.06619,-13.453047,95.68172,0.0,0.0,0.5
0.11321977384266092,0.3072018141147042,0.49737616227985315,53.46,-194463.18545454514,-0.72,0.0,1.0,0.4302194280831415,7.7,0.0,58.125214,-136.20215,-82.843056,0.6,0.0,0.5
0.10943993406011883,0.31371788079561935,0.49723048946097426,50.4,-337751.84842105285,-0.72,0.0,1.0,0.3081453901791562,7.705,0.0,58.125214,-136.20215,-82.843056,0.6,0.0,0.5
0.09281044159952843,0.33372015367533636,0.497244736629187,46.98,-434682.4145454548,-0.72,0.0,1.0,0.2623676259651617,7.71,0.0,58.125214,-136.20215,-82.843056,0.6,0.0,0.5
0.08361456351538679,0.33234277379949445,0.4971024101286528,43.559999999999995,-462726.4412903228,-0.72,0.0,1.0,0.1860713522751709,7.715,0.0,58.125214,-136.20215,-82.843056,0.6,0.0,0.5
0.07954190698921013,0.3267325240742147,0.4968577526527939,40.14,-478150.65599999926,-0.72,0.0,1.0,0.29288613544115805,7.72,8.522881865501404,56.133247,-119.0006,-116.36323,0.6,0.0,0.5
0.0675526092398636,0.33428587047952163,0.4967666914884942,36.54,-139810.1333333334,-0.72,0.0,1.0,0.21658986175116723,7.7250000000000005,8.522881865501404,56.133247,-119.0006,-116.36323,0.6,0.0,0.5
0.0513128953037492,0.33346236806022184,0.4969654698400909,32.94,-431414.1257142859,-0.72,0.0,1.0,0.29288613544115805,7.73,8.522881865501404,56.133247,-119.0006,-116.36323,0.6,0.0,0.5
0.03615807035952012,0.3260310054929732,0.49708169515815526,29.16,-86.85952511915843,-0.72,0.0,1.0,0.07925656910918377,7.735,8.522881865501404,56.133247,-119.0006,-116.36323,0.6,0.0,0.5
0.03933996888022564,0.320972231987121,0.4971715491436342,25.56,-169657.24044943828,-0.72,0.0,1.0,0.17081209753717275,7.74,20.0,5.1575356,-133.42218,-39.49633,0.6,0.0,0.5
0.02494207577527927,0.3230349074419227,0.4972960119431034,21.599999999999998,-405108.3863414635,-0.72,0.0,1.0,0.17081209753717275,7.745,20.0,5.1575356,-133.42218,-39.49633,0.6,0.0,0.5
0.031793871926522256,0.30849037568975335,0.4971294023712223,17.82,-452984.8319999997,-0.72,0.0,1.0,0.3997009186071452,7.75,20.0,5.1575356,-133.42218,-39.49633,0.6,0.0,0.5
0.024616089887336153,0.29619089386462405,0.49734090145256493,13.86,-553648.1280000001,-0.72,0.0,1.0,0.4302194280831415,7.755,20.0,5.1575356,-133.42218,-39.49633,0.6,0.0,0.5
0.03766589359673199,0.2719298834041596,0.4971244888462332,9.719999999999999,-578813.952,-0.72,0.0,1.0,0.17081209753717275,7.76,8.522881865501404,-108.32716,29.744295,99.05477,0.0,0.6,0.5
0.06590407826838031,0.23594875778335753,0.49684724335875174,5.9399999999999995,-440401.9199999999,-0.8999999999999999,-20971.519999999993,1.0,12.790215765861987,7.765000000000001,8.522881865501404,-108.32716,29.744295,99.05477,0.0,0.6,0.5
0.08023558374043384,0.2160172314814653,0.49771870754190817,2.34,-503316.4799999999,5.9399999999999995,956301.312,1.0,21.747398297067186,7.7700000000000005,8.522881865501404,-108.32716,29.744295,99.05477,0.0,0.6,0.5
0.10777895477529024,0.19963515050441324,0.5012219508826343,0.36,-267894.255483871,8.82,389664.3716129033,1.0,0.21658986175116723,7.775,8.522881865501404,-108.32716,29.744295,99.05477,0.0,0.6,0.5
0.12697179676617915,0.18258640710835924,0.5034266714692434,-0.18,-13.130223482147516,7.92,-21.8837058035792,1.0,-0.19541001617478315,7.78,0.0,131.12294,-154.52757,37.073883,0.6,0.0,0.5
0.13971834514052967,0.1542544778840727,0.5050325173050285,0.72,34317.03272727272,7.38,-20590.21963636364,1.0,0.33866389965515253,7.785,0.0,131.12294,-154.52757,37.073883,0.6,0.0,0.5
0.15552370908160962,0.14603911671809494,0.5059452365342357,2.6999999999999997,207618.04799999998,4.32,-320864.25599999994,1.0,2.856440931424906,7.79,0.0,131.12294,-154.52757,37.073883,0.6,0.0,0.5
0.16577898392484736,0.13237787993583328,0.5030405237544576,5.76,442571.3875862069,-0.72,-728941.1089655173,1.0,-1.1262245551927261,7.795,0.0,131.12294,-154.52757,37.073883,0.6,0.0,0.5
0.17497617059175688,0.1292165121748072,0.5005149352193144,6.3,78100.83310344828,-0.18,78100.83310344828,1.0,1.0863673818170625,7.8,0.0,65.08983,-79.60166,-58.808353,0.6,0.0,0.5
0.18097895557723723,0.12827719684339417,0.4994936327948177,7.92,212336.64,1.08,165150.72,1.0,-0.7142246772667757,7.805000000000001,0.0,65.08983,-79.60166,-58.808353,0.6,0.0,0.5
0.183528761037322,0.12697210488162539,0.4975451615396292,9.9,259522.56000000006,0.54,-70778.88,1.0,-1.019409772026739,7.8100000000000005,0.0,65.08983,-79.60166,-58.808353,0.6,0.0,0.5
0.18323932440272786,0.13922739881032414,0.49688704244669113,11.7,251658.23999999985,-0.8999999999999999,-201326.592,1.0,-0.16489150669878683,7.815,0.0,65.08983,-79.60166,-58.808353,0.6,0.0,0.5
0.18241016504829227,0.1590024569923764,0.4969011931545352,13.139999999999999,194832.18580645154,-0.36,73062.06967741935,1.0,-0.04281746879480153,7.82,0.0,122.2268,-116.30679,-171.6906,0.6,0.0,0.5
0.1817919787347438,0.16207037778246033,0.4958024336155257,14.76,36.685666897028355,-0.54,-4.0761852107809275,1.0,0.00296029541919296,7.825,0.0,122.2268,-116.30679,-171.6906,0.6,0.0,0.5
0.18243432679997323,0.14588060235982717,0.4957772964883228,16.2,104134.444137931,-0.72,-13016.805517241375,1.0,0.04873805963318745,7.83,0.0,122.2268,-116.30679,-171.6906,0.6,0.0,0.5
0.18725024912038182,0.14663286349654275,0.4960565624307891,17.82,199846.24941176482,-0.72,0.0,1.0,-0.05807672353279969,7.835,0.0,122.2268,-116.30679,-171.6906,0.6,0.0,0.5
0.19305055694126988,0.14797429509450155,0.49525508765608306,19.259999999999998,79471.02315789461,-0.72,0.0,1.0,0.21658986175116723,7.84,0.0,-99.84273,125.513954,139.24086,0.0,0.6,0.5
0.20371877660473833,0.1361917258757198,0.4951862408446881,20.52,99713.64226415107,-0.72,0.0,1.0,0.09451582384718193,7.845,0.0,-99.84273,125.513954,139.24086,0.0,0.6,0.5
0.22139990437999743,0.13772206961095598,0.4953404001073793,21.96,188743.68000000017,-0.72,0.0,1.0,0.7201452681051066,7.8500000000000005,0.0,-99.84273,125.513954,139.24086,0.0,0.6,0.5
0.23780107074648799,0.1265214016251966,0.4952506837380342,23.22,176160.76799999972,-0.72,0.0,1.0,0.7964415417950974,7.855,0.0,-99.84273,125.513954,139.24086,0.0,0.6,0.5
0.25275967391901377,0.10755025196621656,0.49531286489979365,24.66,208268.88827586226,-0.72,0.0,1.0,0.5065157017731323,7.86,0.0,-104.79602,102.85442,128.38615,0.0,0.6,0.5
0.2702324290501068,0.11091581739879969,0.4954891937533753,26.099999999999998,32.50261138167626,-0.72,0.0,1.0,-0.34800256355481984,7.865,0.0,-104.79602,102.85442,128.38615,0.0,0.6,0.5
0.28629667897657335,0.11335767450011548,0.49511893980757105,27.54,116149.95692307703,-0.72,0.0,1.0,-0.25644703512683087,7.87,0.0,-104.79602,102.85442,128.38615,0.0,0.6,0.5
0.29359434411213065,0.11019735792274808,0.49513880689185436,28.98,201326.59200000018,-0.72,0.0,1.0,0.20133060701316907,7.875,0.0,-104.79602,102.85442,128.38615,0.0,0.6,0.5
0.29584926217707186,0.0996959210641048,0.49510934203347384,30.24,176160.76799999972,-0.72,0.0,1.0,0.41496017334514335,7.88,0.0,-80.28055,47.758957,48.95948,0.0,0.6,0.5
0.2970737456732458,0.10224974343423983,0.4951520350373698,31.68,201326.59200000018,-0.72,0.0,1.0,0.21658986175116723,7.885,0.0,-80.28055,47.758957,48.95948,0.0,0.6,0.5
0.2961303864710955,0.09683237920569075,0.49485234859217253,32.94,170478.1625806449,-0.72,0.0,1.0,-0.08859523300879601,7.890000000000001,0.0,-80.28055,47.758957,48.95948,0.0,0.6,0.5
0.29420656779708443,0.10588002663302756,0.4948433636711548,34.199999999999996,74434.12732394354,-0.72,0.0,1.0,-0.04281746879480153,7.8950000000000005,0.0,-80.28055,47.758957,48.95948,0.0,0.6,0.5
0.29222169137460263,0.1310160135347093,0.4945603305733586,35.46,170478.16258064585,-0.72,0.0,1.0,0.09451582384718193,7.9,0.0,-81.017715,92.03692,111.670235,0.0,0.6,0.5
0.2880321622195888,0.13696889982240562,0.4949831487994568,36.54,92445.88408163251,-0.72,0.0,1.0,0.1097750785851801,7.905,0.0,-81.017715,92.03692,111.670235,0.0,0.6,0.5
0.27733951979144256,0.15572966694401338,0.4949770087725441,37.62,26.454449635582094,-0.72,0.0,1.0,0.2623676259651617,7.91,0.0,-81.017715,92.03692,111.670235,0.0,0.6,0.5
0.261261685849657,0.17800652362570746,0.49491037539635085,38.519999999999996,77038.23673469375,-0.72,0.0,1.0,0.09451582384718193,7.915,0.0,-81.017715,92.03692,111.670235,0.0,0.6,0.5
0.24060130650509917,0.19072923927036112,0.4948536762295545,39.24,100663.29600000083,-0.72,0.0,1.0,0.12503433332317826,7.92,0.0,-105.56061,118.44529,135.75464,0.0,0.6,0.5
0.2187915063089098,0.21401616073528817,0.4950062566093498,39.96,81618.88864864851,-0.72,0.0,1.0,0.033478804895189285,7.925,0.0,-105.56061,118.44529,135.75464,0.0,0.6,0.5
0.19624625755158936,0.22926871433130275,0.4949837237126685,40.68,104134.44413793087,-0.72,0.0,1.0,0.36918240913114886,7.930000000000001,0.0,-105.56061,118.44529,135.75464,0.0,0.6,0.5
0.174866036425465,0.23593916760377703,0.4952032409194485,41.22,73062.06967741923,-0.72,0.0,1.0,0.018219550157191122,7.9350000000000005,0.0,-105.56061,118.44529,135.75464,0.0,0.6,0.5
0.15514085122318239,0.25325725478501043,0.4951869622707027,41.58,53926.765714285626,-0.72,0.0,1.0,0.32340464491715437,7.94,0.0,-100.524155,96.56545,120.654724,0.0,0.6,0.5
0.13652615766261805,0.26593519970634943,0.4948646747914566,41.94,50331.64799999992,-0.72,0.0,1.0,-0.012298959318805203,7.945,0.0,-100.524155,96.56545,120.654724,0.0,0.6,0.5
0.12494558357723554,0.2711727551877344,0.49486371019432773,42.12,4.074359386720915,-0.72,0.0,1.0,0.1860713522751709,7.95,0.0,-100.524155,96.56545,120.654724,0.0,0.6,0.5
0.10604254296772914,0.28716596838305175,0.49492262347322596,42.12,0.0,-0.72,0.0,1.0,-0.07333597827079785,7.955,0.0,-100.524155,96.56545,120.654724,0.0,0.6,0.5
0.0914047380517768,0.307597727720406,0.49482777999146954,42.12,0.0,-0.72,0.0,1.0,0.3539231543931507,7.96,0.0,-98.72006,1.7161624,-59.840794,0.0,0.6,0.5
0.08144520636504625,0.32706452432054334,0.49452131427147145,42.12,0.0,-0.72,0.0,1.0,0.09451582384718193,7.965,0.0,-98.72006,1.7161624,-59.840794,0.0,0.6,0.5
0.06543999140281867,0.33968182937907515,0.49453133416077055,41.76,-52067.222068965435,-0.72,0.0,1.0,0.2623676259651617,7.97,0.0,-98.72006,1.7161624,-59.840794,0.0,0.6,0.5
0.060566229678392904,0.3561385841893506,0.494607610465837,41.4,-48708.04645161283,-0.72,0.0,1.0,0.04873805963318745,7.9750000000000005,0.0,-98.72006,1.7161624,-59.840794,0.0,0.6,0.5
0.05281646933902646,0.36836528583826195,0.49485876677051466,40.68,-97416.09290322565,-0.72,0.0,1.0,0.2623676259651617,7.98,8.522881865501404,56.327564,74.76155,-18.448687,0.6,0.6,0.5
0.04558257157334261,0.37594550637330537,0.49461761696485035,40.14,-68634.06545454534,-0.72,0.0,1.0,0.07925656910918377,7.985,8.522881865501404,56.327564,74.76155,-18.448687,0.6,0.6,0.5
0.050477022032500304,0.39186210531836024,0.494324097334955,39.24,-134816.91428571407,-0.72,0.0,1.0,0.20133060701316907,7.99,8.522881865501404,56.327564,74.76155,-18.448687,0.6,0.6,0.5
0.04218935364051127,0.3949296353275183,0.4945509470693884,38.16,-26.34138131153083,-0.72,0.0,1.0,0.12503433332317826,7.995,8.522881865501404,56.327564,74.76155,-18.448687,0.6,0.6,0.5
0.035383786661142454,0.39567326741676334,0.4944089878286035,36.9,-122902.86139534865,-0.72,0.0,1.0,0.41496017334514335,8.0,20.0,32.595325,-37.742622,-39.3413,0.6,0.0,0.5
0.017560621683508533,0.40586349018066303,0.4945320579737283,35.64,-182235.27724137902,-0.72,0.0,1.0,0.1860713522751709,8.005,20.0,32.595325,-37.742622,-39.3413,0.6,0.0,0.5
0.010043212023423701,0.41189735503780994,0.4940466628587059,34.019999999999996,-226492.41600000064,-0.72,0.0,1.0,0.46073793755913783,8.01,20.0,32.595325,-37.742622,-39.3413,0.6,0.0,0.5
0.008959898139716777,0.41723789360023955,0.49408002312835303,32.22,-269633.82857142814,-0.72,0.0,1.0,0.04873805963318745,8.015,20.0,32.595325,-37.742622,-39.3413,0.6,0.0,0.5
0.003918316162125551,0.42219839559168193,0.4942377290227157,30.419999999999998,-116149.95692307697,-0.72,0.0,1.0,0.21658986175116723,8.02,20.0,-14.622075,44.366074,-21.792574,0.0,0.6,0.5
0.015922551929440087,0.4227862095063311,0.4941773858736014,28.439999999999998,-259522.56000000006,-0.72,0.0,1.0,0.2776268807031599,8.025,20.0,-14.622075,44.366074,-21.792574,0.0,0.6,0.5
0.015855056005719306,0.43473832803960116,0.49429315006928937,26.279999999999998,-312403.33241379313,-0.72,0.0,1.0,0.2623676259651617,8.03,20.0,-14.622075,44.366074,-21.792574,0.0,0.6,0.5
0.03161575577459383,0.4403562627388812,0.49410870988484495,24.119999999999997,-48.899965671722356,-0.72,0.0,1.0,0.21658986175116723,8.035,20.0,-14.622075,44.366074,-21.792574,0.0,0.6,0.5
0.05237873689031788,0.4404673635938985,0.4942526578587447,21.779999999999998,-125829.12,-0.72,0.0,1.0,0.24710837122716356,8.040000000000001,0.0,-1.2691613,-137.77277,-142.55899,0.0,0.0,0.5
0.07804260136385095,0.4397307129828902,0.49408069489991596,19.259999999999998,-293601.27999999997,-0.72,0.0,1.0,-0.027558214056803365,8.045,0.0,-1.2691613,-137.77277,-142.55899,0.0,0.0,0.5
0.08792568905865489,0.43634495070456686,0.4941882889711315,16.919999999999998,-82476.22991596638,-0.72,0.0,1.0,-0.027558214056803365,8.05,0.0,-1.2691613,-137.77277,-142.55899,0.0,0.0,0.5
0.10958239231279257,0.4334671487378898,0.493789939812579,14.399999999999999,-340956.32516129024,-0.72,0.0,1.0,0.15555284279917458,8.055,0.0,-1.2691613,-137.77277,-142.55899,0.0,0.0,0.5
0.1330644430561479,0.4387212077498836,0.4937094810313492,11.879999999999999,-310871.9435294117,-0.72,0.0,1.0,0.15555284279917458,8.06,8.522881865501404,90.72929,-76.11362,-153.48515,0.6,0.0,0.5
0.14116945951393248,0.43820871077882895,0.49336051366679334,9.36,-330301.43999999994,-0.72,0.0,1.0,0.384441663869147,8.065,8.522881865501404,90.72929,-76.11362,-153.48515,0.6,0.0,0.5
0.14454792280282094,0.43476609269868516,0.49302602012130614,7.02,-316602.3019354839,-0.72,0.0,1.0,0.09451582384718193,8.07,8.522881865501404,90.72929,-76.11362,-153.48515,0.6,0.0,0.5
0.14465044704729133,0.43299491235249626,0.49275737553759574,4.859999999999999,-301989.88800000004,1.44,301989.88800000004,1.0,6.717032380138551,8.075,8.522881865501404,90.72929,-76.11362,-153.48515,0.6,0.0,0.5
0.14842508537682383,0.43268229646002376,0.49443334395747895,3.5999999999999996,-30.64838164167159,3.5999999999999996,52.54008281429416,1.0,5.282662434766669,8.08,20.0,98.09459,-137.8978,110.706314,0.6,0.0,0.5
0.1418505176317195,0.4368448937247314,0.49513326899854093,3.42,-11439.010909090892,2.6999999999999997,-57195.05454545454,1.0,3.2531815546128584,8.085,20.0,98.09459,-137.8978,110.706314,0.6,0.0,0.5
0.12670506143153945,0.43232761629475375,0.49577858775617983,4.14,86282.82514285711,2.34,-43141.412571428555,1.0,0.24710837122716356,8.09,20.0,98.09459,-137.8978,110.706314,0.6,0.0,0.5
0.12002272221147997,0.4215547280208243,0.4962470424627409,5.58,183024.1745454546,0.18,-274536.2618181818,1.0,0.29288613544115805,8.095,20.0,98.09459,-137.8978,110.706314,0.6,0.0,0.5
0.12399226355049497,0.4075207508973426,0.4941738762008727,6.3,104134.444137931,-0.8999999999999999,-156201.66620689654,1.0,-0.16489150669878683,8.1,8.522881865501404,27.016823,-85.44606,-57.168915,0.6,0.0,0.5
0.12372327985664643,0.38270566068737694,0.49352676903947207,7.02,97416.09290322577,-0.18,97416.0929032258,1.0,0.06399731437118561,8.105,8.522881865501404,27.016823,-85.44606,-57.168915,0.6,0.0,0.5
0.13062261061358785,0.3463645308064994,0.4926882940965853,8.1,51475.549090909095,-0.72,-25737.774545454547,1.0,-0.22592852565083454,8.11,8.522881865501404,27.016823,-85.44606,-57.168915,0.6,0.0,0.5
0.12652566454956737,0.3204852255402458,0.49189022807288013,8.459999999999999,48708.04645161283,-0.72,0.0,1.0,0.033478804895189285,8.115,8.522881865501404,27.016823,-85.44606,-57.168915,0.6,0.0,0.5
0.14477722061022044,0.28289335768035984,0.49226615128960227,9.54,24.87342309297371,-0.8999999999999999,-4.145570515495617,1.0,-0.14963225196078866,8.120000000000001,0.0,78.565956,0.37571508,-80.370674,0.6,0.4127145230770111,0.5
0.16152339966141827,0.2583923183176773,0.4924284649778935,10.26,45073.11761194034,-0.72,11268.27940298507,1.0,-0.05807672353279969,8.125,0.0,78.565956,0.37571508,-80.370674,0.6,0.4127145230770111,0.5
0.17511374307694771,0.24047525196942843,0.49203365435529406,11.16,104857.60000000003,-0.72,0.0,1.0,0.1097750785851801,8.13,0.0,78.565956,0.37571508,-80.370674,0.6,0.4127145230770111,0.5
0.19470613942188456,0.21825939085730653,0.4924010353417146,12.24,141557.76,-0.72,0.0,1.0,0.2318491164891654,8.135,0.0,78.565956,0.37571508,-80.370674,0.6,0.4127145230770111,0.5
0.2132149932167205,0.19045166294461235,0.49239589762840746,13.139999999999999,41482.127472527405,-0.72,0.0,1.0,0.00296029541919296,8.14,0.0,63.124077,-264.915,117.50587,0.6,0.0,0.5
0.22685902139337089,0.16244721761070782,0.49262919309375697,14.219999999999999,141557.76,-0.72,0.0,1.0,0.21658986175116723,8.145,0.0,63.124077,-264.915,117.50587,0.6,0.0,0.5
0.24336711185764462,0.14847080188254855,0.4930878035046906,15.479999999999999,165150.71999999997,-0.72,0.0,1.0,0.21658986175116723,8.15,0.0,63.124077,-264.915,117.50587,0.6,0.0,0.5
0.26113077057639844,0.13859447038097522,0.4932449856665755,16.919999999999998,201326.59199999992,-0.72,0.0,1.0,0.46073793755913783,8.155,0.0,63.124077,-264.915,117.50587,0.6,0.0,0.5
0.2743494418119293,0.13040170409954197,0.49325163038687875,18.36,201326.59200000018,-0.72,0.0,1.0,0.12503433332317826,8.16,0.0,73.51486,-86.20083,-117.031044,0.6,0.0,0.5
0.2887548342787165,0.1194394771156422,0.493434360448865,19.98,39.26229757137659,-0.72,0.0,1.0,-0.04281746879480153,8.165000000000001,0.0,73.51486,-86.20083,-117.031044,0.6,0.0,0.5
0.30399622722156966,0.11908711148296527,0.49354898395080476,21.779999999999998,112682.79402985057,-0.72,0.0,1.0,0.07925656910918377,8.17,0.0,73.51486,-86.20083,-117.031044,0.6,0.0,0.5
0.3155563700336535,0.1271467056878851,0.4938102514658479,23.58,209715.20000000007,-0.72,0.0,1.0,0.3997009186071452,8.175,0.0,73.51486,-86.20083,-117.031044,0.6,0.0,0.5
0.32693069757070786,0.1236906279337075,0.49399469791927364,25.56,251658.24000000005,-0.72,0.0,1.0,0.2318491164891654,8.18,0.0,51.881985,-95.99118,-67.40557,0.6,0.0,0.5
0.34020558473185253,0.12381396339127586,0.4941476842480541,27.72,106584.66635294119,-0.72,0.0,1.0,0.36918240913114886,8.185,0.0,51.881985,-95.99118,-67.40557,0.6,0.0,0.5
0.3509415429709643,0.12607242439431685,0.49394739795737214,29.88,274536.26181818184,-0.72,0.0,1.0,0.018219550157191122,8.19,0.0,51.881985,-95.99118,-67.40557,0.6,0.0,0.5
0.36031471901566625,0.12853444415691473,0.49398144191971743,32.4,330301.43999999994,-0.72,0.0,1.0,0.2776268807031599,8.195,0.0,51.881985,-95.99118,-67.40557,0.6,0.0,0.5
0.37074540922839905,0.1355016619581105,0.49408880992800114,34.74,327155.71200000047,-0.72,0.0,1.0,0.15555284279917458,8.2,0.0,76.76626,48.593227,-154.60112,0.6,0.6,0.5
0.3797417708070362,0.13744213061934707,0.4941433798954584,37.44,60.768095815580665,-0.72,0.0,1.0,0.20133060701316907,8.205,0.0,76.76626,48.593227,-154.60112,0.6,0.6,0.5
0.3875350116945746,0.1325319229238718,0.49392931549222,39.96,167772.1600000002,-0.72,0.0,1.0,0.06399731437118561,8.21,0.0,76.76626,48.593227,-154.60112,0.6,0.6,0.5
0.39547366079905183,0.1465251638357945,0.4939417580875383,42.66,323560.5942857138,-0.72,0.0,1.0,0.46073793755913783,8.215,0.0,76.76626,48.593227,-154.60112,0.6,0.6,0.5
0.40223504675358634,0.1316873025065365,0.4940967157163558,45.36,353894.4000000004,-0.72,0.0,1.0,0.06399731437118561,8.22,0.0,26.427073,71.08248,20.975216,0.6,0.6,0.5
0.40776253649848404,0.10664271928369695,0.49422875361977053,48.059999999999995,377487.3599999994,-0.72,0.0,1.0,0.2623676259651617,8.225,0.0,26.427073,71.08248,20.975216,0.6,0.6,0.5
0.41406743043914385,0.09445157367794443,0.49410934832502373,50.76,390504.1655172418,-0.72,0.0,1.0,0.04873805963318745,8.23,0.0,26.427073,71.08248,20.975216,0.6,0.6,0.5
0.41983081224278485,0.0927566061154905,0.4940343552345985,53.46,333077.0823529415,-0.72,0.0,1.0,0.46073793755913783,8.235,0.0,26.427073,71.08248,20.975216,0.6,0.6,0.5
0.42449369601300513,0.09048736189535418,0.49404137723091346,55.98,330301.4399999995,-0.72,0.0,1.0,-0.07333597827079785,8.24,0.0,51.863102,-51.814598,-41.602356,0.6,0.0,0.5
0.42926761434069516,0.08787232263138317,0.49394492014599245,58.5,352321.53600000043,-0.72,0.0,1.0,0.2623676259651617,8.245000000000001,0.0,51.863102,-51.814598,-41.602356,0.6,0.0,0.5
0.4343914155281313,0.08667324622378515,0.49380894086236865,61.019999999999996,57.80532614342973,-0.72,0.0,1.0,-0.027558214056803365,8.25,0.0,51.863102,-51.814598,-41.602356,0.6,0.0,0.5
0.4381511366515472,0.1003669668027476,0.49389966607858327,63.36,33843.694344827636,-0.72,0.0,1.0,0.15555284279917458,8.255,0.0,51.863102,-51.814598,-41.602356,0.6,0.0,0.5
0.44239242931957534,0.11224955989805965,0.4937731540278269,65.52,117658.39792207774,-0.72,0.0,1.0,0.24710837122716356,8.26,0.0,48.720093,16.077225,9.188992,0.6,0.6,0.5
0.4463631205704523,0.13373645822221544,0.49395442621409397,67.67999999999999,238413.06947368383,-0.72,0.0,1.0,0.15555284279917458,8.265,0.0,48.720093,16.077225,9.188992,0.6,0.6,0.5
0.44945427052229475,0.1489554520710698,0.4936805297772699,69.48,228780.21818181963,-0.72,0.0,1.0,0.06399731437118561,8.27,0.0,48.720093,16.077225,9.188992,0.6,0.6,0.5
0.450664015239743,0.16069408190385287,0.49365450561526464,70.92,194832.1858064513,-0.72,0.0,1.0,0.033478804895189285,8.275,0.0,48.720093,16.077225,9.188992,0.6,0.6,0.5
0.4514117652473097,0.18269905373057496,0.49347404415305535,72.0,129424.23771428551,-0.72,0.0,1.0,0.1097750785851801,8.28,0.0,86.8528,-70.371315,52.44665,0.6,0.0,0.5
0.4514651674568738,0.19558168598485703,0.4935200821153172,72.72,97416.09290322565,-0.72,0.0,1.0,0.018219550157191122,8.285,0.0,86.8528,-70.371315,52.44665,0.6,0.0,0.5
0.45127750707402714,0.19803123784765506,0.4937034264698283,73.08,21266.893521126727,-0.54,10633.446760563376,1.0,0.018219550157191122,8.290000000000001,0.0,86.8528,-70.371315,52.44665,0.6,0.0,0.5
0.4511708513525879,0.2097065511037476,0.49377157365998,73.25999999999999,4.400671022796641,-0.54,0.0,1.0,0.46073793755913783,8.295,0.0,86.8528,-70.371315,52.44665,0.6,0.0,0.5
0.45122565763999506,0.20274060214985015,0.49383631949443924,72.89999999999999,-20971.519999999968,-0.72,-10485.759999999997,1.0,0.04873805963318745,8.3,0.0,83.30213,-104.748276,-105.330376,0.6,0.0,0.5
0.45177886892439467,0.20595837044655474,0.49374708002592427,72.36,-61214.166486485585,-0.72,0.0,1.0,0.33866389965515253,8.305,0.0,83.30213,-104.748276,-105.330376,0.6,0.0,0.5
0.4537730309172024,0.2075722316810236,0.49354339544949105,71.46,-117964.80000000075,-0.72,0.0,1.0,0.21658986175116723,8.31,0.0,83.30213,-104.748276,-105.330376,0.6,0.0,0.5
0.45593741015475114,0.20805754488067052,0.49324373623414136,70.38,-37748.73599999994,-0.72,0.0,1.0,0.3997009186071452,8.315,0.0,83.30213,-104.748276,-105.330376,0.6,0.0,0.5
0.45817632743269493,0.20813876299944242,0.49271545833113084,69.12,-86636.4432786879,-0.72,0.0,1.0,0.018219550157191122,8.32,0.0,-133.55663,-120.2175,-156.73016,0.0,0.0,0.5
0.46034211566837624,0.20352510232687582,0.4928997281651563,67.86,-160146.15272727338,-0.72,0.0,1.0,0.3539231543931507,8.325,0.0,-133.55663,-120.2175,-156.73016,0.0,0.0,0.5
0.46326139007761974,0.20493004298321751,0.4928003930322335,66.6,-176160.7680000007,-0.72,0.0,1.0,-0.04281746879480153,8.33,0.0,-133.55663,-120.2175,-156.73016,0.0,0.0,0.5
0.4661023865517727,0.213007899969676,0.4924290493222421,65.16,-33.105121928492686,-0.72,0.0,1.0,0.36918240913114886,8.335,0.0,-133.55663,-120.2175,-156.73016,0.0,0.0,0.5
0.46920453472288626,0.21104483756618947,0.49233946984761207,63.9,-69537.14526315778,-0.72,0.0,1.0,0.09451582384718193,8.34,0.0,-98.080185,-67.075066,-90.30023,0.0,0.0,0.5
0.47229021941010707,0.2087944467338427,0.4923523612885897,62.64,-150994.94399999976,-0.72,0.0,1.0,0.29288613544115805,8.345,0.0,-98.080185,-67.075066,-90.30023,0.0,0.0,0.5
0.4744924231521343,0.20324762202695149,0.4922940757010238,61.379999999999995,-170478.16258064585,-0.72,0.0,1.0,0.1097750785851801,8.35,0.0,-98.080185,-67.075066,-90.30023,0.0,0.0,0.5
0.4751079640352717,0.1919592888281463,0.49210979979252834,60.3,-146124.13935483847,-0.72,0.0,1.0,0.17081209753717275,8.355,0.0,-98.080185,-67.075066,-90.30023,0.0,0.0,0.5
0.4759372624333325,0.17600368917682874,0.4919887060631077,59.4,-121770.11612903206,-0.72,0.0,1.0,0.018219550157191122,8.36,0.0,-121.64223,-129.31572,-177.03967,0.0,0.0,0.5
0.47679908381562447,0.14764288442440607,0.49191902185591235,58.5,-114390.10909090891,-0.72,0.0,1.0,0.00296029541919296,8.365,0.0,-121.64223,-129.31572,-177.03967,0.0,0.0,0.5
0.4756932387576517,0.12723551451076973,0.49216050441873743,57.78,-91512.08727272713,-0.72,0.0,1.0,0.00296029541919296,8.370000000000001,0.0,-121.64223,-129.31572,-177.03967,0.0,0.0,0.5
0.47441346679137875,0.10825071735697009,0.4923190021784733,57.239999999999995,-17694.720000000205,-0.72,0.0,1.0,0.44547868282113967,8.375,0.0,-121.64223,-129.31572,-177.03967,0.0,0.0,0.5
0.4682889618708105,0.10418828404920827,0.4923068781667576,56.699999999999996,-12.83126832695051,-0.72,0.0,1.0,0.32340464491715437,8.38,0.0,-79.86345,103.116035,119.6114,0.0,0.6,0.5
0.44876428432566223,0.10329679064017226,0.4925978948151757,56.339999999999996,-20971.519999999968,-0.72,0.0,1.0,0.1097750785851801,8.385,0.0,-79.86345,103.116035,119.6114,0.0,0.6,0.5
0.42049667898231746,0.09905459539063426,0.4930496057011242,55.8,-66615.41647058813,-0.72,0.0,1.0,0.06399731437118561,8.39,0.0,-79.86345,103.116035,119.6114,0.0,0.6,0.5
0.38940592721394474,0.07994166686823967,0.49344627435700117,55.44,-45756.04363636357,-0.72,0.0,1.0,0.3539231543931507,8.395,0.0,-79.86345,103.116035,119.6114,0.0,0.6,0.5
0.3577729556538512,0.07624116062786959,0.4939782372322814,54.9,-75497.47199999988,-0.72,0.0,1.0,0.04873805963318745,8.4,0.0,-100.3858,122.86912,151.78438,0.0,0.6,0.5
0.3271175747740508,0.06479553964925544,0.4943889722507675,54.36,-70778.87999999989,-0.72,0.0,1.0,0.384441663869147,8.405,0.0,-100.3858,122.86912,151.78438,0.0,0.6,0.5
0.2985708145242825,0.050761810443580004,0.4942651805322263,53.64,-94371.83999999985,-0.72,0.0,1.0,0.20133060701316907,8.41,0.0,-100.3858,122.86912,151.78438,0.0,0.6,0.5
0.26999259738932735,0.05476985164201173,0.4949257843503594,52.919999999999995,-100663.29600000083,-0.72,0.0,1.0,0.3997009186071452,8.415000000000001,0.0,-100.3858,122.86912,151.78438,0.0,0.6,0.5
0.24366588340562256,0.054793301428017006,0.4953177396613361,52.199999999999996,-16.508133425169706,-0.72,0.0,1.0,0.3081453901791562,8.42,0.0,-119.32124,113.617546,139.67256,0.0,0.6,0.5
0.21856411302275036,0.06952469643510382,0.4956453438355344,51.3,-38130.0363636363,-0.72,0.0,1.0,0.29288613544115805,8.425,0.0,-119.32124,113.617546,139.67256,0.0,0.6,0.5
0.19488361866141257,0.06557292439891667,0.49630705386338986,50.4,-92070.0878048779,-0.72,0.0,1.0,0.00296029541919296,8.43,0.0,-119.32124,113.617546,139.67256,0.0,0.6,0.5
0.17311196798703976,0.08550511530980993,0.49701600275308166,49.5,-26772.15319148932,-0.72,0.0,1.0,0.4302194280831415,8.435,0.0,-119.32124,113.617546,139.67256,0.0,0.6,0.5
0.15293768283020878,0.11704066347166067,0.49771852536550537,48.42,-146124.13935483847,-0.72,0.0,1.0,-0.07333597827079785,8.44,0.0,-96.210495,111.46204,137.645,0.0,0.6,0.5
0.1340173853383469,0.11938042024846865,0.49834295143636914,47.339999999999996,-125829.12000000064,-0.72,0.0,1.0,0.20133060701316907,8.445,0.0,-96.210495,111.46204,137.645,0.0,0.6,0.5
0.12251904020603624,0.14537636845298518,0.4990127186236796,46.08,-165150.71999999974,-0.72,0.0,1.0,0.07925656910918377,8.45,0.0,-96.210495,111.46204,137.645,0.0,0.6,0.5
0.11013002175163163,0.16511521577093688,0.49970244602959996,44.82,-170478.1625806449,-0.72,0.0,1.0,0.3081453901791562,8.455,0.0,-96.210495,111.46204,137.645,0.0,0.6,0.5
0.09871461488147253,0.18394451602780057,0.5002515983753366,43.379999999999995,-201326.59200000067,-0.72,0.0,1.0,-0.08859523300879601,8.46,0.0,-126.07404,-71.81652,129.58246,0.0,0.0,0.5
0.08842527485609197,0.2053815191754421,0.5006933056202854,41.94,-34.93413630553349,-0.72,0.0,1.0,0.32340464491715437,8.465,0.0,-126.07404,-71.81652,129.58246,0.0,0.0,0.5
0.07234600596925062,0.21944740086556083,0.5012861203589133,40.5,-79471.02315789461,-0.72,0.0,1.0,0.018219550157191122,8.47,0.0,-126.07404,-71.81652,129.58246,0.0,0.0,0.5
0.06255930245227634,0.23671593000023564,0.5015763331294334,39.059999999999995,-43141.412571428715,-0.72,0.0,1.0,0.32340464491715437,8.475,0.0,-126.07404,-71.81652,129.58246,0.0,0.0,0.5
0.0590856582983733,0.25681778302675967,0.5018419595737027,37.44,-194136.35657142827,-0.72,0.0,1.0,-0.1343729972227905,8.48,0.0,-107.36949,-134.78706,-111.02404,0.0,0.0,0.5
0.05254146972283479,0.2770093249325106,0.5017992732141232,35.64,-235929.59999999963,-0.72,0.0,1.0,0.384441663869147,8.485,0.0,-107.36949,-134.78706,-111.02404,0.0,0.0,0.5
0.0423287329955936,0.2858225396486416,0.5021486248272677,33.839999999999996,-222051.38823529464,-0.72,0.0,1.0,0.15555284279917458,8.49,0.0,-107.36949,-134.78706,-111.02404,0.0,0.0,0.5
0.023735206333823575,0.28615197525071934,0.5028726561597602,32.04,-222051.38823529377,-0.72,0.0,1.0,0.07925656910918377,8.495000000000001,0.0,-107.36949,-134.78706,-111.02404,0.0,0.0,0.5
0.01449030150586702,0.29501220316362736,0.5034449501561693,30.24,-119837.2571428572,-0.72,0.0,1.0,0.21658986175116723,8.5,8.522881865501404,79.78586,11.954257,-143.3801,0.6,0.6,0.5
0.010546545301335053,0.30221479892296643,0.5036887825030278,28.259999999999998,-44.824726589698344,-0.72,0.0,1.0,0.29288613544115805,8.505,8.522881865501404,79.78586,11.954257,-143.3801,0.6,0.6,0.5
0.022389664738086026,0.2955098203545398,0.5037623629678651,26.099999999999998,-148519.61704918035,-0.72,0.0,1.0,0.17081209753717275,8.51,8.522881865501404,79.78586,11.954257,-143.3801,0.6,0.6,0.5
0.035200917306734934,0.2862072154984495,0.503937214279835,23.939999999999998,-274536.26181818184,-0.72,0.0,1.0,0.33866389965515253,8.515,8.522881865501404,79.78586,11.954257,-143.3801,0.6,0.6,0.5
0.02420488379479642,0.28626867753340424,0.5039008148724171,21.779999999999998,-301989.88800000004,-0.72,0.0,1.0,0.00296029541919296,8.52,8.522881865501404,49.55277,-166.96014,-102.42205,0.6,0.0,0.5
0.015460567159300314,0.2731983179783216,0.5038947736706414,19.62,-312403.3324137926,-0.72,0.0,1.0,0.384441663869147,8.525,8.522881865501404,49.55277,-166.96014,-102.42205,0.6,0.0,0.5
0.0014977795697561883,0.267909031541343,0.5038429757119918,17.28,-83886.08,-0.72,0.0,1.0,-0.07333597827079785,8.53,8.522881865501404,49.55277,-166.96014,-102.42205,0.6,0.0,0.5
-0.0008744583251488277,0.24959154328775454,0.5039019300792285,14.76,-320292.30545454565,-0.72,0.0,1.0,0.04873805963318745,8.535,8.522881865501404,49.55277,-166.96014,-102.42205,0.6,0.0,0.5
-0.008326332116425084,0.22822597598941863,0.5041029565276227,12.24,-340956.32516129024,-0.72,0.0,1.0,0.15555284279917458,8.540000000000001,8.522881865501404,58.092503,28.763948,-166.40164,0.6,0.6,0.5
-0.015773457872363533,0.21751417562080105,0.5040176649992819,9.719999999999999,-364470.5544827588,-0.72,0.0,1.0,0.24710837122716356,8.545,8.522881865501404,58.092503,28.763948,-166.40164,0.6,0.6,0.5
-0.0059903918875489235,0.22327481318829193,0.5038714700331063,7.199999999999999,-61.13792112539188,-0.72,0.0,1.0,0.018219550157191122,8.55,8.522881865501404,58.092503,28.763948,-166.40164,0.6,0.6,0.5
0.013185130494351788,0.22562676760615497,0.5035049262283344,4.68,-108965.42350515463,1.6199999999999999,101182.17896907216,1.0,6.243995483260608,8.555,8.522881865501404,58.092503,28.763948,-166.40164,0.6,0.6,0.5
0.0311390754890505,0.2202804349215111,0.5050992191368374,2.88,-167772.15999999997,4.32,251658.24000000002,1.0,7.174810022278496,8.56,0.0,85.98904,-161.81544,-16.707207,0.6,0.0,0.5
0.06205320771711603,0.20958509504222494,0.5068118969278567,2.34,-66615.41647058824,4.14,-22205.138823529487,1.0,3.5583666493728217,8.565,0.0,85.98904,-161.81544,-16.707207,0.6,0.0,0.5
0.08546116818877035,0.20810521203079912,0.5076815437749488,2.6999999999999997,45756.04363636362,4.32,22878.021818181896,1.0,0.5828119754631231,8.57,0.0,85.98904,-161.81544,-16.707207,0.6,0.0,0.5
0.09705569949438426,0.21725766744432712,0.5087742410515611,3.96,155435.9717647059,1.98,-288666.8047058824,1.0,0.5217749565111305,8.575000000000001,0.0,85.98904,-161.81544,-16.707207,0.6,0.0,0.5
0.11501860299868104,0.22215856756102664,0.5069161825488827,5.9399999999999995,251658.23999999993,-0.72,-343170.32727272727,1.0,2.6733298745689282,8.58,0.0,103.970604,-17.564651,118.16639,0.6,0.0,0.5
0.13598206487217857,0.2269615114238221,0.5057610865859862,6.84,49669.38947368423,-0.54,9933.87789473684,1.0,1.91036713766902,8.585,0.0,103.970604,-17.564651,118.16639,0.6,0.0,0.5
0.1497305539420751,0.23024142708793446,0.5049399518046516,8.459999999999999,37.59855067812458,-0.36,4.1776167420138455,1.0,-0.8973357341227537,8.59,0.0,103.970604,-17.564651,118.16639,0.6,0.0,0.5
0.16147745618523776,0.2400517905555158,0.5036790964686534,9.9,66371.40395604401,-0.8999999999999999,-24889.27648351648,1.0,-1.0499282815027353,8.595,0.0,103.970604,-17.564651,118.16639,0.6,0.0,0.5
0.17931739259346716,0.25023424728258864,0.5033914269326026,11.34,158942.04631578943,-0.72,19867.75578947368,1.0,-0.3327433088168217,8.6,0.0,87.64077,-23.619732,-91.90639,0.6,0.0,0.5
0.19321795690501137,0.25977053189649985,0.5032273419169176,12.959999999999999,205902.19636363626,-0.72,0.0,1.0,0.033478804895189285,8.605,0.0,87.64077,-23.619732,-91.90639,0.6,0.0,0.5
0.20715776789373008,0.2621332137517679,0.502499415557794,14.58,234302.49931034498,-0.72,0.0,1.0,0.3997009186071452,8.61,0.0,87.64077,-23.619732,-91.90639,0.6,0.0,0.5
0.22451885082378784,0.26130402821954457,0.5027120640871857,16.2,51475.549090909066,-0.72,0.0,1.0,0.29288613544115805,8.615,0.0,87.64077,-23.619732,-91.90639,0.6,0.0,0.5
0.2389049268507042,0.25553902860288097,0.5028553392824298,18.0,215707.06285714294,-0.72,0.0,1.0,0.29288613544115805,8.620000000000001,0.0,69.52389,-29.441616,-140.0447,0.6,0.0,0.5
0.25083450925872747,0.24856234657849868,0.5024709051692209,19.62,226492.41600000014,-0.72,0.0,1.0,0.2318491164891654,8.625,0.0,69.52389,-29.441616,-140.0447,0.6,0.0,0.5
0.2673939653925724,0.23759373849849816,0.5022872346642799,21.599999999999998,267894.25548387057,-0.72,0.0,1.0,0.4302194280831415,8.63,0.0,69.52389,-29.441616,-140.0447,0.6,0.0,0.5
0.28151864977941937,0.22533630938165738,0.5022571536520027,23.4,40.63569925346224,-0.72,0.0,1.0,0.36918240913114886,8.635,0.0,69.52389,-29.441616,-140.0447,0.6,0.0,0.5
0.2929902856685936,0.20640400342376272,0.5018381513006156,25.38,96566.5339534884,-0.72,0.0,1.0,0.12503433332317826,8.64,0.0,-13.295025,116.69334,-12.420353,0.0,0.6,0.5
0.3061983412309642,0.188186400445579,0.5017913197945642,27.54,251658.24000000002,-0.72,0.0,1.0,0.32340464491715437,8.645,0.0,-13.295025,116.69334,-12.420353,0.0,0.6,0.5
0.3192348206674684,0.1627578731211291,0.5015799349129948,29.7,283115.52,-0.72,0.0,1.0,0.20133060701316907,8.65,0.0,-13.295025,116.69334,-12.420353,0.0,0.6,0.5
0.3288607603719952,0.15576683965857163,0.5011925452061492,31.86,283115.52,-0.72,0.0,1.0,-0.012298959318805203,8.655,0.0,-13.295025,116.69334,-12.420353,0.0,0.6,0.5
0.3402787730239757,0.12720536054877538,0.5011597288667663,34.019999999999996,292248.27870967693,-0.72,0.0,1.0,0.29288613544115805,8.66,0.0,61.239223,-69.75055,-124.366875,0.6,0.0,0.5
0.35130717348190205,0.10440842216602308,0.5009038113351284,36.36,316602.30193548434,-0.72,0.0,1.0,0.2776268807031599,8.665000000000001,0.0,61.239223,-69.75055,-124.366875,0.6,0.0,0.5
0.3600623006777942,0.08807613376733216,0.5005315872277553,38.519999999999996,283115.51999999955,-0.72,0.0,1.0,0.15555284279917458,8.67,0.0,61.239223,-69.75055,-124.366875,0.6,0.0,0.5
0.3683713770351747,0.07144510074989438,0.5007296940092884,40.86,84609.2358620691,-0.72,0.0,1.0,0.21658986175116723,8.675,0.0,61.239223,-69.75055,-124.366875,0.6,0.0,0.5
0.3777331618207455,0.05918249218702746,0.5004846490270195,43.379999999999995,61.84804929284881,-0.72,0.0,1.0,0.12503433332317826,8.68,0.0,10.7272625,93.71252,55.512405,0.6,0.6,0.5
0.38414017486574825,0.07131501547941546,0.5000982168278056,45.72,73794.5215037595,-0.72,0.0,1.0,0.2318491164891654,8.685,0.0,10.7272625,93.71252,55.512405,0.6,0.6,0.5
0.3840947089035047,0.07146260507435072,0.5002045626460385,47.879999999999995,266461.6658823525,-0.72,0.0,1.0,0.15555284279917458,8.69,0.0,10.7272625,93.71252,55.512405,0.6,0.6,0.5
0.381873825024211,0.07374438094474525,0.500285926249412,50.22,316602.30193548434,-0.72,0.0,1.0,0.1860713522751709,8.695,0.0,10.7272625,93.71252,55.512405,0.6,0.6,0.5
0.3801653656792306,0.09496432894954134,0.5003861931540207,52.379999999999995,292248.27870967693,-0.72,0.0,1.0,0.04873805963318745,8.700000000000001,0.0,82.684654,-143.92409,33.48971,0.6,0.0,0.5
0.37897432904867484,0.10052127222414488,0.5004255016903447,54.54,292248.2787096779,-0.72,0.0,1.0,0.04873805963318745,8.705,0.0,82.684654,-143.92409,33.48971,0.6,0.0,0.5
0.3779191172663029,0.09553834332925389,0.5006005708022231,56.519999999999996,259522.5599999996,-0.72,0.0,1.0,0.1097750785851801,8.71,0.0,82.684654,-143.92409,33.48971,0.6,0.0,0.5
0.37683797905590677,0.08846831243208343,0.5005936359207068,58.5,267894.2554838715,-0.72,0.0,1.0,0.09451582384718193,8.715,0.0,82.684654,-143.92409,33.48971,0.6,0.0,0.5
0.3763172563636267,0.10209643677564079,0.500558199959214,60.12,37.16239597462256,-0.72,0.0,1.0,0.033478804895189285,8.72,0.0,66.43771,-94.79273,-39.925316,0.6,0.0,0.5
0.3778888169976422,0.13131394550586425,0.5003559061653844,61.919999999999995,104857.59999999983,-0.72,0.0,1.0,0.17081209753717275,8.725,0.0,66.43771,-94.79273,-39.925316,0.6,0.0,0.5
0.38034381595434563,0.14205445044697887,0.5005690352637826,63.36,49506.53901639361,-0.72,0.0,1.0,0.32340464491715437,8.73,0.0,66.43771,-94.79273,-39.925316,0.6,0.0,0.5
0.3835519501450356,0.15075445294066742,0.5007340914682942,64.62,139074.29052631636,-0.72,0.0,1.0,0.00296029541919296,8.735,0.0,66.43771,-94.79273,-39.925316,0.6,0.0,0.5
0.38858848643895083,0.1724783518319406,0.5009155920371519,65.7,150994.94399999976,-0.72,0.0,1.0,0.32340464491715437,8.74,0.0,-125.56448,-89.347946,-115.8834,0.0,0.0,0.5
0.3950267003361257,0.18989731747603505,0.500871190790005,66.6,66225.85263157832,-0.72,0.0,1.0,0.21658986175116723,8.745000000000001,0.0,-125.56448,-89.347946,-115.8834,0.0,0.0,0.5
0.40056528440489575,0.2016437888293656,0.5012325756790283,67.32,94371.83999999985,-0.72,0.0,1.0,0.24710837122716356,8.75,0.0,-125.56448,-89.347946,-115.8834,0.0,0.0,0.5
0.40716090863754645,0.2039714419309481,0.5015033988103168,67.67999999999999,48708.04645161283,-0.72,0.0,1.0,-0.180150761436785,8.755,0.0,-125.56448,-89.347946,-115.8834,0.0,0.0,0.5
0.41378608416682494,0.20596109831750872,0.50152250781024,67.86,25165.824000000954,-0.72,0.0,1.0,-0.22592852565083454,8.76,0.0,-112.8858,-130.19669,-90.940895,0.0,0.0,0.5
0.41945436330031477,0.20024548847735177,0.5015562462399142,67.67999999999999,-4.359731593232249,-0.72,0.0,1.0,0.12503433332317826,8.765,0.0,-112.8858,-130.19669,-90.940895,0.0,0.0,0.5
0.4250504305424404,0.18102595533232577,0.5018387909007721,67.5,-8388.607999999656,-0.72,0.0,1.0,0.1860713522751709,8.77,0.0,-112.8858,-130.19669,-90.940895,0.0,0.0,0.5
0.43103891247074366,0.15948955249810026,0.5018673215755796,67.14,-37748.73599999994,-0.72,0.0,1.0,0.033478804895189285,8.775,0.0,-112.8858,-130.19669,-90.940895,0.0,0.0,0.5
0.4355488990908547,0.1431788553421975,0.5017316173063543,66.78,-47185.919999999925,-0.72,0.0,1.0,0.24710837122716356,8.78,0.0,-128.76863,-88.58193,-131.82864,0.0,0.0,0.5
0.4366029645595083,0.1236217232010761,0.501501190788803,66.42,-48708.04645161283,-0.72,0.0,1.0,0.24710837122716356,8.785,0.0,-128.76863,-88.58193,-131.82864,0.0,0.0,0.5
0.43650941391986126,0.12264271688920328,0.5013124276352537,65.88,-64712.11885714361,-0.72,0.0,1.0,0.5217749565111305,8.790000000000001,0.0,-128.76863,-88.58193,-131.82864,0.0,0.0,0.5
0.4367645082958902,0.09492163279076937,0.5013940264975851,65.34,-14426.268535031635,-0.72,0.0,1.0,0.36918240913114886,8.795,0.0,-128.76863,-88.58193,-131.82864,0.0,0.0,0.5
0.435800994407812,0.08642331130942553,0.5010415109359362,64.98,-28489.612075471654,-0.72,0.0,1.0,0.33866389965515253,8.8,0.0,-104.40948,123.43764,146.18692,0.0,0.6,0.5
0.43398028893700685,0.08379237309131841,0.501041751952783,64.44,-12.257874040038459,-0.72,0.0,1.0,0.17081209753717275,8.805,0.0,-104.40948,123.43764,146.18692,0.0,0.6,0.5
0.4279143773163816,0.08083139149622355,0.5010462141658372,63.72,-43141.412571428504,-0.72,0.0,1.0,0.2623676259651617,8.81,0.0,-104.40948,123.43764,146.18692,0.0,0.6,0.5
0.4093565924526814,0.059105259823084615,0.5010555623671457,63.18,-70778.87999999989,-0.72,0.0,1.0,0.1860713522751709,8.815,0.0,-104.40948,123.43764,146.18692,0.0,0.6,0.5
0.3854434986921914,0.04782452010227985,0.5011862548161149,62.46,-100663.29599999984,-0.72,0.0,1.0,0.32340464491715437,8.82,0.0,-97.071,100.957344,119.25869,0.0,0.6,0.5
0.3573088900284237,0.03618918849688774,0.5005731216048417,61.739999999999995,-104134.4441379319,-0.72,0.0,1.0,-0.027558214056803365,8.825000000000001,0.0,-97.071,100.957344,119.25869,0.0,0.6,0.5
0.32856075194668377,0.029852364490190755,0.5007532842512987,61.019999999999996,-100663.29599999984,-0.72,0.0,1.0,0.2623676259651617,8.83,0.0,-97.071,100.957344,119.25869,0.0,0.6,0.5
0.29904976781242554,0.02912622971486254,0.50072085962983,60.12,-117964.79999999981,-0.72,0.0,1.0,0.1097750785851801,8.835,0.0,-97.071,100.957344,119.25869,0.0,0.6,0.5
0.2707228128135102,0.02308707809815716,0.501218094788023,59.22,-114390.10909090891,-0.72,0.0,1.0,0.20133060701316907,8.84,0.0,-120.00001,40.788746,115.92832,0.0,0.6,0.5
0.24295497794614174,0.021813399751155295,0.5012197053149553,58.14,-156201.6662068963,-0.72,0.0,1.0,0.1097750785851801,8.845,0.0,-120.00001,40.788746,115.92832,0.0,0.6,0.5
0.21786871093223917,0.03133428280981869,0.5009746305878999,57.239999999999995,-21.923995818329793,-0.72,0.0,1.0,0.4302194280831415,8.85,0.0,-120.00001,40.788746,115.92832,0.0,0.6,0.5
0.19340482377525833,0.04708047327699422,0.5011688267489401,55.98,-78877.9558208954,-0.72,0.0,1.0,-0.19541001617478315,8.855,0.0,-120.00001,40.788746,115.92832,0.0,0.6,0.5
0.17171318903932647,0.054805120566940646,0.5012102410099265,54.9,-133230.83294117625,-0.72,0.0,1.0,0.21658986175116723,8.86,0.0,-98.759125,117.70544,143.70163,0.0,0.6,0.5
0.15077838248147293,0.08083813704986569,0.5015455336025743,53.46,-188743.6799999997,-0.72,0.0,1.0,0.018219550157191122,8.865,0.0,-98.759125,117.70544,143.70163,0.0,0.6,0.5
0.13255314667962734,0.0939354278861852,0.5019820547215966,52.199999999999996,-176160.7680000007,-0.72,0.0,1.0,0.475997192297136,8.870000000000001,0.0,-98.759125,117.70544,143.70163,0.0,0.6,0.5
0.11917338841112544,0.1078610964212052,0.5020542314951192,50.76,-183024.17454545427,-0.72,0.0,1.0,0.12503433332317826,8.875,0.0,-98.759125,117.70544,143.70163,0.0,0.6,0.5
0.10073846527984212,0.12758256979044755,0.5023097009765314,49.32,-194832.1858064513,-0.72,0.0,1.0,0.3997009186071452,8.88,0.0,-77.78788,71.217094,93.02325,0.0,0.6,0.5
0.08580472424541465,0.14789336251418922,0.5024957524364775,47.699999999999996,-226492.41600000064,-0.72,0.0,1.0,0.20133060701316907,8.885,0.0,-77.78788,71.217094,93.02325,0.0,0.6,0.5
0.06862870965245176,0.15938967484948552,0.5029863331317368,46.08,-36.63562363521661,-0.72,0.0,1.0,0.24710837122716356,8.89,0.0,-77.78788,71.217094,93.02325,0.0,0.6,0.5
0.05427506062845582,0.16986651544972267,0.5033367975529156,44.28,-50669.44429530193,-0.72,0.0,1.0,-0.11911374248479234,8.895,0.0,-77.78788,71.217094,93.02325,0.0,0.6,0.5
0.053170873180276856,0.19472567709347763,0.5032974222952948,42.66,-205902.19636363693,-0.72,0.0,1.0,0.1097750785851801,8.9,0.0,-147.99245,-109.69462,157.84967,0.0,0.0,0.5
0.048108552381500615,0.20705174135709756,0.5034253480879627,40.68,-267894.25548387057,-0.72,0.0,1.0,0.1860713522751709,8.905,0.0,-147.99245,-109.69462,157.84967,0.0,0.0,0.5
0.043492642366115795,0.22456983234347866,0.5036728893086817,38.879999999999995,-145187.4461538465,-0.72,0.0,1.0,0.29288613544115805,8.91,0.0,-147.99245,-109.69462,157.84967,0.0,0.0,0.5
0.03852375045912923,0.24398809956439432,0.5039794575802826,36.9,-259522.5599999996,-0.72,0.0,1.0,0.018219550157191122,8.915000000000001,0.0,-147.99245,-109.69462,157.84967,0.0,0.0,0.5
0.04607643207348745,0.2487906886019553,0.5040726485198201,34.92,-251658.2399999996,-0.72,0.0,1.0,0.33866389965515253,8.92,0.0,38.106197,-105.86222,-103.34575,0.6,0.0,0.5
0.04262001657808276,0.2762499725217364,0.5040345518949298,32.76,-292248.2787096779,-0.72,0.0,1.0,0.24710837122716356,8.925,0.0,38.106197,-105.86222,-103.34575,0.6,0.0,0.5
0.030110908271646995,0.283923249347574,0.5041533164807471,30.599999999999998,-312403.33241379313,-0.72,0.0,1.0,0.20133060701316907,8.93,0.0,38.106197,-105.86222,-103.34575,0.6,0.0,0.5
0.03233465378622456,0.29265730434992604,0.5043612780512984,28.259999999999998,-57.084943145796856,-0.72,0.0,1.0,0.1860713522751709,8.935,0.0,38.106197,-105.86222,-103.34575,0.6,0.0,0.5
0.02597018285366681,0.2998172087615887,0.5045985750970197,25.919999999999998,-169218.47172413793,-0.72,0.0,1.0,0.21658986175116723,8.94,0.0,69.737564,-169.76909,10.626141,0.6,0.0,0.5
0.012427249045227483,0.305888957778699,0.5046097505862724,23.58,-62118.17316455696,-0.72,0.0,1.0,0.1097750785851801,8.945,0.0,69.737564,-169.76909,10.626141,0.6,0.0,0.5
0.015134610348288544,0.3100928384206795,0.5048242119319251,21.06,-340956.32516129024,-0.72,0.0,1.0,0.24710837122716356,8.950000000000001,0.0,69.737564,-169.76909,10.626141,0.6,0.0,0.5
0.017241210358820327,0.316121590531658,0.5049264359302641,18.54,-167772.15999999997,-0.72,0.0,1.0,-0.07333597827079785,8.955,0.0,69.737564,-169.76909,10.626141,0.6,0.0,0.5
0.01130020358716757,0.32090920162413095,0.5049835731355544,15.84,-353894.3999999999,-0.72,0.0,1.0,0.33866389965515253,8.96,20.0,94.48897,-112.42164,-136.9385,0.6,0.0,0.5
0.02583632363361876,0.3046290975298707,0.5047315031908127,13.139999999999999,-365310.3483870969,-0.72,0.0,1.0,-0.14963225196078866,8.965,20.0,94.48897,-112.42164,-136.9385,0.6,0.0,0.5
0.03387796129815757,0.29472085169140116,0.5046159838585272,10.44,-377487.3599999999,-0.72,0.0,1.0,0.2776268807031599,8.97,20.0,94.48897,-112.42164,-136.9385,0.6,0.0,0.5
0.039918168414039154,0.27709839174601814,0.5043674941977175,7.739999999999999,-61.26350844734408,-0.72,0.0,1.0,0.018219550157191122,8.975,20.0,94.48897,-112.42164,-136.9385,0.6,0.0,0.5
0.05989080523805752,0.24646302907049153,0.5037790378687877,4.859999999999999,-201326.592,1.08,125829.12000000001,1.0,7.632587664418498,8.98,8.522881865501404,65.28778,-116.47633,5.2519,0.6,0.0,0.5
0.07956913870895628,0.22618390009436906,0.5049366225488773,3.06,-251658.2399999999,4.14,427819.008,1.0,10.531846064638202,8.985,8.522881865501404,65.28778,-116.47633,5.2519,0.6,0.0,0.5
0.08235432881342253,0.2053696481777412,0.5064044667683116,2.34,-100663.29600000003,4.5,50331.648000000045,1.0,-0.19541001617478315,8.99,8.522881865501404,65.28778,-116.47633,5.2519,0.6,0.0,0.5
0.10332801620589455,0.17048499701357858,0.5069501609076834,2.6999999999999997,52067.2220689655,4.14,-52067.222068965566,1.0,-0.1343729972227905,8.995000000000001,8.522881865501404,65.28778,-116.47633,5.2519,0.6,0.0,0.5
0.1277800316691605,0.1554762071579491,0.5081125364651821,4.14,188743.68,2.16,-259522.55999999994,1.0,0.5065157017731323,9.0,0.0,102.17184,-3.929476,47.35257,0.6,0.0,0.5
0.14571303728174295,0.15040668038631666,0.5064103345010401,6.12,251658.24000000005,-0.72,-366048.34909090906,1.0,3.5278481398968253,9.005,0.0,102.17184,-3.929476,47.35257,0.6,0.0,0.5
0.1610346901118746,0.12830004722312166,0.5046728035765369,7.199999999999999,42335.03102803735,-0.54,7055.8385046728945,1.0,1.9408856471450164,9.01,0.0,102.17184,-3.929476,47.35257,0.6,0.0,0.5
0.17958645300873002,0.11304545604387407,0.5040657014242182,9.0,235929.6000000001,-0.72,-23592.959999999992,1.0,-0.3174840540788235,9.015,0.0,102.17184,-3.929476,47.35257,0.6,0.0,0.5
0.1926103910167143,0.0901060637670947,0.5027670894639619,10.44,34.454262488662216,-0.72,0.0,1.0,-0.5921506393627904,9.02,0.0,75.38577,67.668785,19.775112,0.6,0.6,0.5
0.20744031998158993,0.08389069539784194,0.5020266301612217,12.42,80628.36815533982,-0.8999999999999999,-7329.851650485434,1.0,-0.5616321298867941,9.025,0.0,75.38577,67.668785,19.775112,0.6,0.6,0.5
0.22588523646554332,0.06339467078901122,0.502678089239786,14.219999999999999,48708.04645161288,-0.72,4870.804645161289,1.0,-0.10385448774679418,9.03,0.0,75.38577,67.668785,19.775112,0.6,0.6,0.5
0.24017626401511913,0.06337785840711012,0.501968589953807,16.2,259522.56000000006,-0.72,0.0,1.0,0.07925656910918377,9.035,0.0,75.38577,67.668785,19.775112,0.6,0.6,0.5
0.2533272611507087,0.062323044239984,0.5017251939202646,18.18,267894.25548387103,-0.72,0.0,1.0,0.41496017334514335,9.040000000000001,0.0,31.032751,-20.097595,-117.13079,0.6,0.0,0.5
0.26935329868322744,0.06647893393243867,0.5019806279225939,20.34,266461.665882353,-0.72,0.0,1.0,-0.07333597827079785,9.045,0.0,31.032751,-20.097595,-117.13079,0.6,0.0,0.5
0.2838051454410245,0.04394602547009761,0.500990783314237,22.5,283115.52,-0.72,0.0,1.0,0.384441663869147,9.05,0.0,31.032751,-20.097595,-117.13079,0.6,0.0,0.5
0.294969460068401,0.026929268111073667,0.5010805590531462,24.84,327155.712,-0.72,0.0,1.0,0.21658986175116723,9.055,0.0,31.032751,-20.097595,-117.13079,0.6,0.0,0.5
0.3095209615729916,0.028979910821442054,0.5007654717271701,27.18,306708.48,-0.72,0.0,1.0,0.7659230323191011,9.06,0.0,35.578327,-13.097643,16.875689,0.6,0.0,0.5
0.3218027298403625,0.02186004743719039,0.5002783926790241,29.52,53.943956645524395,-0.72,0.0,1.0,0.06399731437118561,9.065,0.0,35.578327,-13.097643,16.875689,0.6,0.0,0.5
0.33114873565308256,0.007853071278614183,0.500344270215294,32.04,173272.88655737703,-0.72,0.0,1.0,0.1860713522751709,9.07,0.0,35.578327,-13.097643,16.875689,0.6,0.0,0.5
0.3420762174376552,0.019227927676118466,0.5005668252909734,34.56,301989.8880000004,-0.72,0.0,1.0,-0.10385448774679418,9.075000000000001,0.0,35.578327,-13.097643,16.875689,0.6,0.0,0.5
0.3530756175723813,0.03519177957928439,0.5000491978299207,37.08,352321.53599999944,-0.72,0.0,1.0,0.32340464491715437,9.08,0.0,52.802906,24.370369,-85.62691,0.6,0.6,0.5
0.36230748233220844,0.03894935072482144,0.49940710489012935,39.6,340956.32516129076,-0.72,0.0,1.0,0.09451582384718193,9.085,0.0,52.802906,24.370369,-85.62691,0.6,0.6,0.5
0.37134103904098464,0.06096155851991272,0.4993099823169188,42.12,96087.69163636348,-0.72,0.0,1.0,0.5522934659871268,9.09,0.0,52.802906,24.370369,-85.62691,0.6,0.6,0.5
0.3803890392341646,0.060874699540791,0.4987271265643692,44.82,365310.3483870972,-0.72,0.0,1.0,0.018219550157191122,9.095,0.0,52.802906,24.370369,-85.62691,0.6,0.6,0.5
0.38755740323842497,0.05960218684775713,0.4984370394476139,47.16,338436.9434482753,-0.72,0.0,1.0,-0.11911374248479234,9.1,0.0,-103.326485,-119.20638,-11.298634,0.0,0.0,0.5
0.39453779299632513,0.06068915174961174,0.49841278332173383,49.86,61.958336342448284,-0.72,0.0,1.0,0.033478804895189285,9.105,0.0,-103.326485,-119.20638,-11.298634,0.0,0.0,0.5
0.40176398994317974,0.056260131201430016,0.49807111497450973,52.199999999999996,121168.78222222203,-0.72,0.0,1.0,0.3539231543931507,9.11,0.0,-103.326485,-119.20638,-11.298634,0.0,0.0,0.5
0.4072945394854234,0.05958965223724874,0.4981778565333444,54.72,285666.1102702706,-0.72,0.0,1.0,0.24710837122716356,9.115,0.0,-103.326485,-119.20638,-11.298634,0.0,0.0,0.5
0.4128447092447901,0.07662509867831228,0.49808077710015686,57.059999999999995,297414.28363636316,-0.72,0.0,1.0,0.2623676259651617,9.120000000000001,0.0,-16.54519,6.9918776,-52.82039,0.0,0.6,0.5
0.41854142120988247,0.09391052525435784,0.4978364260840322,59.4,306708.48000000045,-0.72,0.0,1.0,-0.07333597827079785,9.125,0.0,-16.54519,6.9918776,-52.82039,0.0,0.6,0.5
0.4231281211032317,0.10833685844673993,0.4974560930780159,61.559999999999995,283115.51999999955,-0.72,0.0,1.0,0.033478804895189285,9.13,0.0,-16.54519,6.9918776,-52.82039,0.0,0.6,0.5
0.4239588992203289,0.11810611702961231,0.4972805893452699,63.72,283115.5200000005,-0.72,0.0,1.0,0.2776268807031599,9.135,0.0,-16.54519,6.9918776,-52.82039,0.0,0.6,0.5
0.42291589045249334,0.14300982695686146,0.4974489210803533,65.7,259522.56000000052,-0.72,0.0,1.0,0.3539231543931507,9.14,0.0,-78.453865,-120.31248,3.5584283,0.0,0.0,0.5
0.4224118263127824,0.1406729779628371,0.49762104413172126,67.32,226492.41599999866,-0.72,0.0,1.0,0.12503433332317826,9.145,0.0,-78.453865,-120.31248,3.5584283,0.0,0.0,0.5
0.4208009715420979,0.14202574833142037,0.4974331580766266,68.94,39.4973724503143,-0.72,0.0,1.0,0.33866389965515253,9.15,0.0,-78.453865,-120.31248,3.5584283,0.0,0.0,0.5
0.41847349842004655,0.14831646593098136,0.4971371917244047,70.2,60745.09241379335,-0.72,0.0,1.0,-0.1343729972227905,9.155,0.0,-78.453865,-120.31248,3.5584283,0.0,0.0,0.5
0.4154970201501706,0.14481858817004498,0.49689310986250823,71.46,125829.1199999991,-0.72,0.0,1.0,0.033478804895189285,9.16,0.0,-101.11397,143.20018,-53.614647,0.0,0.6,0.5
0.403438771141234,0.14560570590800317,0.49684106393659344,72.17999999999999,18993.074716981104,-0.72,0.0,1.0,-0.012298959318805203,9.165000000000001,0.0,-101.11397,143.20018,-53.614647,0.0,0.6,0.5
0.3839911205809471,0.16325467179170308,0.4968483825783775,72.72,53926.76571428634,-0.72,0.0,1.0,0.2776268807031599,9.17,0.0,-101.11397,143.20018,-53.614647,0.0,0.6,0.5
0.3571908730435602,0.17522923938139734,0.49702909275534574,73.08,38716.652307692246,-0.72,0.0,1.0,0.1860713522751709,9.175,0.0,-101.11397,143.20018,-53.614647,0.0,0.6,0.5
0.32952864916763686,0.17024913130883462,0.49694579969737346,72.89999999999999,-22205.138823530255,-0.72,0.0,1.0,0.2318491164891654,9.18,0.0,-130.96161,-123.843025,117.53953,0.0,0.0,0.5
0.2999181649026148,0.17059160396471834,0.4965482075198406,72.72,-26033.61103448169,-0.72,0.0,1.0,-0.04281746879480153,9.185,0.0,-130.96161,-123.843025,117.53953,0.0,0.0,0.5
0.2717868255590788,0.1754908505108408,0.4963378473595473,72.17999999999999,-12.144625943720113,-0.72,0.0,1.0,0.2623676259651617,9.19,0.0,-130.96161,-123.843025,117.53953,0.0,0.0,0.5
0.2434858769277955,0.16164843717730346,0.49619616528255983,71.46,-27705.494311926563,-0.72,0.0,1.0,0.00296029541919296,9.195,0.0,-130.96161,-123.843025,117.53953,0.0,0.0,0.5
0.217126749340198,0.17205428994141722,0.4960633289586009,70.56,-87787.75813953405,-0.72,0.0,1.0,0.1860713522751709,9.200000000000001,8.522881865501404,46.234318,-8.004139,-30.563213,0.6,0.0,0.5
0.1923293352488088,0.19860203112433902,0.49589009308056925,69.48,-20971.519999999968,-0.72,0.0,1.0,0.24710837122716356,9.205,8.522881865501404,46.234318,-8.004139,-30.563213,0.6,0.0,0.5
0.16999845067257974,0.20781867435900764,0.49584957535679436,68.03999999999999,-167772.1600000014,-0.72,0.0,1.0,0.44547868282113967,9.21,8.522881865501404,46.234318,-8.004139,-30.563213,0.6,0.0,0.5
0.14853625587650476,0.22691035616358166,0.49593920484206633,66.42,-188743.6799999989,-0.72,0.0,1.0,0.00296029541919296,9.215,8.522881865501404,46.234318,-8.004139,-30.563213,0.6,0.0,0.5
0.12980201355612028,0.239800055984586,0.49583000973078617,64.62,-114390.10909090891,-0.72,0.0,1.0,0.24710837122716356,9.22,20.0,70.73384,-21.019564,-65.022675,0.6,0.0,0.5
0.10960738800309511,0.24389931479099602,0.4961214127892651,62.64,-244256.52705882402,-0.72,0.0,1.0,0.2318491164891654,9.225,20.0,70.73384,-21.019564,-65.022675,0.6,0.0,0.5
0.09995105477706223,0.2440563969424047,0.4957461384915907,60.66,-259522.56000000052,-0.72,0.0,1.0,0.33866389965515253,9.23,20.0,70.73384,-21.019564,-65.022675,0.6,0.0,0.5
0.08497781059154091,0.2509545106692913,0.4956559096955964,58.32,-56.773225509761296,-0.72,0.0,1.0,0.3081453901791562,9.235,20.0,70.73384,-21.019564,-65.022675,0.6,0.0,0.5
0.06837488614691344,0.2498638659813359,0.49559949700588934,55.98,-150994.94400000022,-0.72,0.0,1.0,0.1097750785851801,9.24,8.522881865501404,85.285034,-101.22382,182.36649,0.6,0.0,0.5
0.0690018299121077,0.24184475354031487,0.4955415627803362,53.64,-288666.8047058819,-0.72,0.0,1.0,0.1860713522751709,9.245000000000001,8.522881865501404,85.285034,-101.22382,182.36649,0.6,0.0,0.5
0.07407614249035546,0.23070933573137536,0.49561757766312653,51.12,-301989.8880000004,-0.72,0.0,1.0,0.2318491164891654,9.25,8.522881865501404,85.285034,-101.22382,182.36649,0.6,0.0,0.5
0.08148531856532343,0.2065023061824641,0.4954122752394695,48.6,-320292.30545454496,-0.72,0.0,1.0,-0.027558214056803365,9.255,8.522881865501404,85.285034,-101.22382,182.36649,0.6,0.0,0.5
0.08047563745982397,0.19026881550841843,0.49559069601142786,46.08,-301989.8880000004,-0.72,0.0,1.0,0.3539231543931507,9.26,0.0,61.28339,58.853058,-98.54231,0.6,0.6,0.5
0.09823137336696579,0.15565496124567613,0.49600229043936117,43.379999999999995,-333077.0823529415,-0.72,0.0,1.0,0.20133060701316907,9.265,0.0,61.28339,58.853058,-98.54231,0.6,0.6,0.5
0.1219328185762967,0.14560288735701435,0.4959769286459721,40.68,-120474.68936170194,-0.72,0.0,1.0,0.1097750785851801,9.27,0.0,61.28339,58.853058,-98.54231,0.6,0.6,0.5
0.1359553914980711,0.12285291285815039,0.49636027958331164,37.98,-62.68124647146738,-0.72,0.0,1.0,0.1860713522751709,9.275,0.0,61.28339,58.853058,-98.54231,0.6,0.6,0.5
0.15396578704036623,0.1164371116184403,0.49657023696464425,35.1,-227916.89660377323,-0.72,0.0,1.0,0.1860713522751709,9.28,0.0,58.774426,-111.37597,26.585432,0.6,0.0,0.5
0.17452659391869949,0.09493078189784487,0.496646451705492,32.22,-366048.3490909094,-0.72,0.0,1.0,0.1097750785851801,9.285,0.0,58.774426,-111.37597,26.585432,0.6,0.0,0.5
0.19162925090955885,0.07851938807212931,0.4968377553785413,29.16,-401080.31999999983,-0.72,0.0,1.0,0.29288613544115805,9.290000000000001,0.0,58.774426,-111.37597,26.585432,0.6,0.0,0.5
0.20712686746611544,0.06303605081126355,0.4972769214766762,26.279999999999998,-402653.18400000036,-0.72,0.0,1.0,0.1097750785851801,9.295,0.0,58.774426,-111.37597,26.585432,0.6,0.0,0.5
0.2262090351685284,0.04013552040180594,0.4975639981984814,23.22,-388926.37090909074,-0.72,0.0,1.0,0.3081453901791562,9.3,0.0,22.202097,-43.889114,-109.40398,0.6,0.0,0.5
0.2440176378667489,0.051442035243569946,0.4978219888168364,20.34,-355282.22117647046,-0.72,0.0,1.0,0.17081209753717275,9.305,0.0,22.202097,-43.889114,-109.40398,0.6,0.0,0.5
0.25999188109374216,0.060269770399490254,0.4979305371618963,17.64,-343170.32727272715,-0.72,0.0,1.0,-0.04281746879480153,9.31,0.0,22.202097,-43.889114,-109.40398,0.6,0.0,0.5
0.27840979747750555,0.07274881307501234,0.4980069633519991,15.12,-340956.32516129053,-0.8999999999999999,-24354.023225806442,1.0,0.07925656910918377,9.315,0.0,22.202097,-43.889114,-109.40398,0.6,0.0,0.5
0.2951002615407706,0.0788340055944244,0.4981599851025061,12.959999999999999,-51.476426529997674,-0.8999999999999999,0.0,1.0,0.1097750785851801,9.32,0.0,35.494877,-114.11807,56.30882,0.6,0.0,0.5
0.30689926668224277,0.08127290814131355,0.4983173058664924,11.16,-71224.0301886792,-0.8999999999999999,0.0,1.0,0.17081209753717275,9.325000000000001,0.0,35.494877,-114.11807,56.30882,0.6,0.0,0.5
0.3219789448245318,0.07947139488894045,0.49827067920872187,9.9,-165150.71999999997,-0.8999999999999999,0.0,1.0,0.17081209753717275,9.33,0.0,35.494877,-114.11807,56.30882,0.6,0.0,0.5
0.3365765253727924,0.07843175336584031,0.4981240206836862,9.0,-125829.12000000005,-0.8999999999999999,0.0,1.0,0.3081453901791562,9.335,0.0,35.494877,-114.11807,56.30882,0.6,0.0,0.5
0.3468243475764838,0.07222553695169993,0.4979873172912685,8.82,-22878.021818181784,-0.8999999999999999,0.0,1.0,0.033478804895189285,9.34,0.0,42.432346,7.705247,-46.594025,0.6,0.6,0.5
0.3575592643365993,0.07333471276979285,0.498268658508913,9.0,23592.959999999963,-0.8999999999999999,0.0,1.0,0.12503433332317826,9.345,0.0,42.432346,7.705247,-46.594025,0.6,0.6,0.5
0.36953750565594506,0.07932138788551693,0.49849899023586725,9.719999999999999,97416.09290322565,-0.8999999999999999,0.0,1.0,0.21658986175116723,9.35,0.0,42.432346,7.705247,-46.594025,0.6,0.6,0.5
0.3777798761890977,0.08072490277283996,0.4984157073045139,11.16,172565.65028571445,-0.8999999999999999,0.0,1.0,0.07925656910918377,9.355,0.0,42.432346,7.705247,-46.594025,0.6,0.6,0.5
0.38635065666040613,0.08529587366614888,0.4984808610584289,12.78,37.31525709672634,-0.8999999999999999,0.0,1.0,0.29288613544115805,9.36,0.0,28.065205,-65.407585,-23.493158,0.6,0.0,0.5
0.39482036724053876,0.08808461913126978,0.49875919087195386,15.12,158301.15096774194,-0.8999999999999999,0.0,1.0,0.17081209753717275,9.365,0.0,28.065205,-65.407585,-23.493158,0.6,0.0,0.5
0.4004770621505076,0.06633426606232591,0.4989342050107532,17.64,293601.28000000014,-0.8999999999999999,0.0,1.0,-0.04281746879480153,9.370000000000001,0.0,28.065205,-65.407585,-23.493158,0.6,0.0,0.5
0.40622846819865543,0.06871941428501138,0.4988232076990073,20.7,414018.3948387095,-0.8999999999999999,0.0,1.0,0.29288613544115805,9.375,0.0,28.065205,-65.407585,-23.493158,0.6,0.0,0.5
0.412812654226237,0.054025958066984174,0.49845951965880797,23.939999999999998,174224.9353846153,-0.8999999999999999,0.0,1.0,0.07925656910918377,9.38,0.0,19.57172,-39.54811,17.101963,0.6,0.0,0.5
0.41693459668283517,0.06702759465947522,0.49844162744221365,27.54,269633.82857142866,-0.8999999999999999,0.0,1.0,0.20133060701316907,9.385,0.0,19.57172,-39.54811,17.101963,0.6,0.0,0.5
0.42055046805976354,0.064806897968911,0.49842945851956394,31.5,519045.1200000001,-0.8999999999999999,0.0,1.0,-0.027558214056803365,9.39,0.0,19.57172,-39.54811,17.101963,0.6,0.0,0.5
0.4249753955077062,0.057154425496002914,0.4980979023366865,35.46,519045.1200000001,-0.8999999999999999,0.0,1.0,0.1860713522751709,9.395,0.0,19.57172,-39.54811,17.101963,0.6,0.0,0.5
0.42822339314307234,0.04730499785679961,0.498197760631255,39.6,578813.952,-0.8999999999999999,0.0,1.0,0.20133060701316907,9.4,0.0,17.839054,-78.85296,-51.30218,0.6,0.0,0.5
0.43103772039376714,0.04743800908597836,0.49798311836260956,43.92,102.88971511314273,-0.72,4.287071463047612,1.0,0.6133304849391195,9.405,0.0,17.839054,-78.85296,-51.30218,0.6,0.0,0.5
0.43451361465823357,0.05028658857705529,0.4974968837559128,48.239999999999995,329443.51418181765,-0.72,0.0,1.0,0.20133060701316907,9.41,0.0,17.839054,-78.85296,-51.30218,0.6,0.0,0.5
0.4375281662959191,0.03851213820859555,0.4973330092168587,52.379999999999995,526194.501818182,-0.72,0.0,1.0,0.2318491164891654,9.415000000000001,0.0,17.839054,-78.85296,-51.30218,0.6,0.0,0.5
0.44126774608963615,0.04367226536228014,0.4967607470145136,56.699999999999996,624806.6648275863,-0.72,0.0,1.0,0.3539231543931507,9.42,0.0,5.6572876,207.25676,24.31948,0.6,0.6,0.5
0.44462840103537016,0.039908063974505255,0.4969154517680969,60.839999999999996,578813.952,-0.72,0.0,1.0,0.07925656910918377,9.425,0.0,5.6572876,207.25676,24.31948,0.6,0.6,0.5
0.44859290635055155,0.05388341192723919,0.4967678640488371,64.98,560142.5341935494,-0.72,0.0,1.0,0.033478804895189285,9.43,0.0,5.6572876,207.25676,24.31948,0.6,0.6,0.5
0.4521464234978117,0.055201641224019056,0.4968833685608904,68.94,210246.1245569617,-0.72,0.0,1.0,-0.04281746879480153,9.435,0.0,5.6572876,207.25676,24.31948,0.6,0.6,0.5
0.45600825343409335,0.048222762251039095,0.49694560034790825,72.89999999999999,503316.4799999992,-0.72,0.0,1.0,0.1097750785851801,9.44,0.0,31.422235,-78.19187,24.91105,0.6,0.0,0.5
0.4597526066853221,0.04272925006481865,0.4972505221311801,76.5,83.65417204527469,-0.72,0.0,1.0,0.2318491164891654,9.445,0.0,31.422235,-78.19187,24.91105,0.6,0.0,0.5
0.4637325549643601,0.051626960656473805,0.49692826209196606,79.74,256406.50867924487,-0.72,0.0,1.0,0.07925656910918377,9.450000000000001,0.0,31.422235,-78.19187,24.91105,0.6,0.0,0.5
0.4671366473706202,0.03993877184068775,0.4970680902413751,82.8,388926.3709090912,-0.72,0.0,1.0,0.12503433332317826,9.455,0.0,31.422235,-78.19187,24.91105,0.6,0.0,0.5
0.4706014938349219,0.04154015358147936,0.497222257603364,85.32,340956.3251612898,-0.54,24354.023225806442,1.0,0.033478804895189285,9.46,8.522881865501404,59.17032,-5.206132,-8.437711,0.6,0.0,0.5
0.4735633649003938,0.051842572083579015,0.4973864325487551,87.3,267894.2554838715,-0.54,0.0,1.0,0.2776268807031599,9.465,8.522881865501404,59.17032,-5.206132,-8.437711,0.6,0.0,0.5
0.4762676860627728,0.04064349537971408,0.4974165093950344,88.74,208268.88827586174,-0.54,0.0,1.0,-0.10385448774679418,9.47,8.522881865501404,59.17032,-5.206132,-8.437711,0.6,0.0,0.5
0.47933866113287926,0.039165108685128514,0.4972788325995307,89.64,104857.60000000066,-0.36,20971.520000000004,1.0,0.3539231543931507,9.475,8.522881865501404,59.17032,-5.206132,-8.437711,0.6,0.0,0.5
0.4815861875993164,0.04437041762857412,0.4971496103242354,89.82,24354.023225805453,-0.36,0.0,1.0,-0.012298959318805203,9.48,20.0,-117.00883,-146.61646,-130.58977,0.0,0.0,0.5
0.4834645639761912,0.04673319853204168,0.4969196665306412,89.64,-10785.3531428567,-0.54,-10785.353142857146,1.0,0.20133060701316907,9.485,20.0,-117.00883,-146.61646,-130.58977,0.0,0.0,0.5
0.48508638933551634,0.03823801112117799,0.4969625004114837,88.74,-20.38819119632743,-0.54,0.0,1.0,0.32340464491715437,9.49,20.0,-117.00883,-146.61646,-130.58977,0.0,0.0,0.5
0.48681859482171197,0.04284860446933217,0.49647191842411575,87.47999999999999,-112443.04340425578,-0.72,-16063.29191489361,1.0,0.33866389965515253,9.495000000000001,20.0,-117.00883,-146.61646,-130.58977,0.0,0.0,0.5
0.4884859263297796,0.04123681779749735,0.49599076306386786,85.86,-94371.83999999944,-0.72,0.0,1.0,0.00296029541919296,9.5,8.522881865501404,-67.61337,30.77415,-81.45235,0.0,0.6,0.5
0.49029319375709707,0.057392849238897314,0.4958363470115799,83.88,-259522.56000000052,-0.72,0.0,1.0,0.20133060701316907,9.505,8.522881865501404,-67.61337,30.77415,-81.45235,0.0,0.6,0.5
0.49168811224018105,0.04250868715558498,0.4958824396584129,81.89999999999999,-267894.2554838715,-0.72,0.0,1.0,-0.14963225196078866,9.51,8.522881865501404,-67.61337,30.77415,-81.45235,0.0,0.6,0.5
0.4927065644938449,0.04560409068423888,0.49574688185737475,79.74,-292248.27870967693,-0.72,0.0,1.0,0.5217749565111305,9.515,8.522881865501404,-67.61337,30.77415,-81.45235,0.0,0.6,0.5
0.4922142959261937,0.0428602052462263,0.49571837217542913,77.39999999999999,-316602.30193548434,-0.72,0.0,1.0,-0.14963225196078866,9.52,8.522881865501404,-124.9168,-157.32784,-59.965668,0.0,0.0,0.5
0.4923609838856465,0.021946769383771,0.49562752858193215,75.24,-283115.51999999955,-0.72,0.0,1.0,0.4302194280831415,9.525,8.522881865501404,-124.9168,-157.32784,-59.965668,0.0,0.0,0.5
0.4931163949569591,0.030761969622275797,0.4953405807360543,72.89999999999999,-338436.9434482764,-0.72,0.0,1.0,0.033478804895189285,9.53,8.522881865501404,-124.9168,-157.32784,-59.965668,0.0,0.0,0.5
0.49186007109301744,0.03796468678964984,0.49549418619200997,70.74,-52.661326575097135,-0.72,0.0,1.0,0.3997009186071452,9.535,8.522881865501404,-124.9168,-157.32784,-59.965668,0.0,0.0,0.5
0.48777468747194286,0.02211422569532175,0.4955743346141577,68.39999999999999,-196293.4272000003,-0.72,0.0,1.0,-0.1343729972227905,9.540000000000001,0.0,-130.72821,43.37767,129.61159,0.0,0.6,0.5
0.4711075415433917,0.01953586158116162,0.49551152778488017,66.24,-283115.51999999955,-0.72,0.0,1.0,0.29288613544115805,9.545,0.0,-130.72821,43.37767,129.61159,0.0,0.6,0.5
0.4444581579092564,0.032302417891967694,0.49646350238350123,63.9,-327155.7119999995,-0.72,0.0,1.0,0.06399731437118561,9.55,0.0,-130.72821,43.37767,129.61159,0.0,0.6,0.5
0.41260818807492117,0.04013223098236837,0.4969100114392401,61.559999999999995,-327155.71200000047,-0.72,0.0,1.0,0.3997009186071452,9.555,0.0,-130.72821,43.37767,129.61159,0.0,0.6,0.5
0.38048005611219815,0.03743705704555619,0.49735139892631053,59.22,-297414.28363636316,-0.72,0.0,1.0,0.32340464491715437,9.56,0.0,-105.220406,106.32198,130.75093,0.0,0.6,0.5
0.34812298058382163,0.04850845191712849,0.4977567632769643,56.879999999999995,-130862.2848000002,-0.72,0.0,1.0,0.2318491164891654,9.565,0.0,-105.220406,106.32198,130.75093,0.0,0.6,0.5
0.3171256966375163,0.04489306323126896,0.49846582733321126,54.36,-330301.4399999995,-0.72,0.0,1.0,0.15555284279917458,9.57,0.0,-105.220406,106.32198,130.75093,0.0,0.6,0.5
0.28741428625719556,0.05199474988866312,0.49879122061765174,51.839999999999996,-56.797960578638595,-0.72,0.0,1.0,0.24710837122716356,9.575000000000001,0.0,-105.220406,106.32198,130.75093,0.0,0.6,0.5
0.2595251173105727,0.0692520359944512,0.4995224761458509,49.14,-257377.74545454505,-0.72,0.0,1.0,0.09451582384718193,9.58,0.0,-94.26077,112.71291,135.9495,0.0,0.6,0.5
0.23267225226064137,0.1080426525113953,0.5001818517478597,46.44,-377487.3600000004,-0.72,0.0,1.0,0.5065157017731323,9.585,0.0,-94.26077,112.71291,135.9495,0.0,0.6,0.5
0.2081739417897407,0.12491864888203362,0.500704686014948,43.559999999999995,-177641.11058823546,-0.72,0.0,1.0,0.06399731437118561,9.59,0.0,-94.26077,112.71291,135.9495,0.0,0.6,0.5
0.18487865192993624,0.14814422153879392,0.5013981811073159,40.68,-402653.18399999937,-0.72,0.0,1.0,0.384441663869147,9.595,0.0,-94.26077,112.71291,135.9495,0.0,0.6,0.5
0.1644692128513769,0.16398924277968346,0.5018182141990657,37.8,-389664.37161290355,-0.72,0.0,1.0,-0.027558214056803365,9.6,0.0,-96.396255,18.829918,108.7071,0.0,0.6,0.5
0.1448216166798121,0.17864045904780462,0.5025611620223991,34.92,-377487.3599999994,-0.72,0.0,1.0,0.24710837122716356,9.605,0.0,-96.396255,18.829918,108.7071,0.0,0.6,0.5
0.1297919824173316,0.19845022696911674,0.5030515613487633,31.86,-377487.3600000003,-0.72,0.0,1.0,0.1097750785851801,9.61,0.0,-96.396255,18.829918,108.7071,0.0,0.6,0.5
0.11895415415959933,0.21362188656254577,0.5034006674145348,28.619999999999997,-424673.28000000026,-0.72,0.0,1.0,0.3539231543931507,9.615,0.0,-96.396255,18.829918,108.7071,0.0,0.6,0.5
0.10041878854005729,0.2224929781433131,0.5039504578646019,25.56,-74.44344046355424,-0.72,0.0,1.0,-0.1343729972227905,9.620000000000001,0.0,-3.172615,-123.273926,36.259666,0.0,0.0,0.5
0.09066619484578746,0.22844847992425937,0.5042253416718361,22.32,-183642.49945945936,-0.72,0.0,1.0,0.21658986175116723,9.625,0.0,-3.172615,-123.273926,36.259666,0.0,0.0,0.5
0.07847454940498735,0.24441790151822157,0.5047503382518569,18.9,-421897.63764705905,-0.72,0.0,1.0,0.00296029541919296,9.63,0.0,-3.172615,-123.273926,36.259666,0.0,0.0,0.5
0.07711329728485897,0.26917528316335937,0.5048657612807882,15.479999999999999,-448266.24,-0.72,0.0,1.0,0.46073793755913783,9.635,0.0,-3.172615,-123.273926,36.259666,0.0,0.0,0.5
0.06333575422377397,0.2841852947203227,0.5048521484197401,12.059999999999999,-462726.4412903226,-0.72,0.0,1.0,0.04873805963318745,9.64,0.0,84.07316,-63.623363,-83.32085,0.6,0.0,0.5
0.050166369646488115,0.29730469905758866,0.5045462723978162,8.64,-125829.11999999994,-0.72,0.0,1.0,0.12503433332317826,9.645,0.0,84.07316,-63.623363,-83.32085,0.6,0.0,0.5
0.03519665261954349,0.30697970427192217,0.5045332038085791,5.04,-457560.43636363646,0.0,91512.08727272727,1.0,12.164586321604062,9.65,0.0,84.07316,-63.623363,-83.32085,0.6,0.0,0.5
0.03165026586620478,0.31708963938332174,0.5054973168271485,2.34,-404450.7428571429,5.58,835864.8685714286,1.0,16.055696279793704,9.655,0.0,84.07316,-63.623363,-83.32085,0.6,0.0,0.5
0.026809648217858917,0.32284466340867174,0.5081743348174927,0.54,-40.82687850487505,7.56,44.90956635536255,1.0,-0.180150761436785,9.66,8.522881865501404,96.330444,-144.3841,66.31361,0.6,0.0,0.5
0.02289615732643664,0.32769083642750774,0.5093934565666499,-0.0,-39050.41655172414,7.38,-13016.805517241359,1.0,0.7659230323191011,9.665000000000001,8.522881865501404,96.330444,-144.3841,66.31361,0.6,0.0,0.5
0.03153421804583098,0.3206278384295823,0.5115117015021272,0.72,94371.84,6.4799999999999995,-117964.80000000005,1.0,0.00296029541919296,9.67,8.522881865501404,96.330444,-144.3841,66.31361,0.6,0.0,0.5
0.01707118768705386,0.3293593564818918,0.5117695926408656,2.16,188743.68000000002,3.5999999999999996,-377487.36,1.0,3.8940702536088363,9.675,8.522881865501404,96.330444,-144.3841,66.31361,0.6,0.0,0.5
0.014590361421033397,0.32589930678131807,0.5092033385996865,4.14,88348.10553191487,1.08,-112443.0434042553,1.0,2.932737205114897,9.68,20.0,88.625824,-87.52673,-109.520424,0.6,0.0,0.5
0.011291237914535542,0.32206065223230185,0.5071560063270543,5.76,188743.68000000002,-1.08,-251658.24000000002,1.0,0.1860713522751709,9.685,20.0,88.625824,-87.52673,-109.520424,0.6,0.0,0.5
0.026607491330190164,0.29681943967047564,0.5047918187542048,6.66,114390.10909090913,0.0,137268.13090909092,1.0,-1.584002197332671,9.69,20.0,88.625824,-87.52673,-109.520424,0.6,0.0,0.5
0.04531734404196795,0.27584877657328116,0.5032353118670472,7.739999999999999,137268.1309090908,0.0,0.0,1.0,-0.363261818292818,9.695,20.0,88.625824,-87.52673,-109.520424,0.6,0.0,0.5
0.07020199372184377,0.23790730039761418,0.5027705384028558,9.0,96087.69163636368,-0.8999999999999999,-68634.06545454545,1.0,-0.6379284035767849,9.700000000000001,8.522881865501404,85.511055,-12.377668,-55.42199,0.6,0.0,0.5
0.08560173523557893,0.21982337042838312,0.5021619692856522,9.9,21.913686789232628,-0.72,4.382737357846522,1.0,-0.25644703512683087,9.705,8.522881865501404,85.511055,-12.377668,-55.42199,0.6,0.0,0.5
0.1086042955993083,0.19621231979349518,0.5016479833608589,10.98,92445.88408163266,-0.72,0.0,1.0,0.6743675038911121,9.71,8.522881865501404,85.511055,-12.377668,-55.42199,0.6,0.0,0.5
0.1342654795193306,0.17645706558207497,0.5015223973816336,11.879999999999999,121770.11612903206,-0.72,0.0,1.0,0.7354045228431048,9.715,8.522881865501404,85.511055,-12.377668,-55.42199,0.6,0.0,0.5
0.1497644775837238,0.16713890991621805,0.501433731617356,12.959999999999999,150994.94400000002,-0.72,0.0,1.0,0.20133060701316907,9.72,0.0,93.048065,-65.70316,-190.61261,0.6,0.0,0.5
0.1638846135231724,0.1339146039169464,0.500959120510135,13.86,125829.12000000005,-0.72,0.0,1.0,0.20133060701316907,9.725,0.0,93.048065,-65.70316,-190.61261,0.6,0.0,0.5
0.1831171351808063,0.10966068804826475,0.5011059899597663,14.94,141557.76,-0.72,0.0,1.0,0.20133060701316907,9.73,0.0,93.048065,-65.70316,-190.61261,0.6,0.0,0.5
0.19982316093904054,0.09028529747546943,0.5010350181329891,16.02,146124.13935483873,-0.72,0.0,1.0,0.3539231543931507,9.735,0.0,93.048065,-65.70316,-190.61261,0.6,0.0,0.5
0.21346140439316783,0.09548638980960127,0.5007885482247915,16.919999999999998,121770.11612903206,-0.72,0.0,1.0,0.6438489944151158,9.74,0.0,-35.274094,-85.935585,-101.918144,0.0,0.0,0.5
0.23023153437280022,0.08194473071467963,0.5009216380965139,18.18,29.12871652979114,-0.72,0.0,1.0,0.5065157017731323,9.745000000000001,0.0,-35.274094,-85.935585,-101.918144,0.0,0.0,0.5
0.2466870780384143,0.061121829525108015,0.5011217411210851,19.439999999999998,96087.69163636348,-0.72,0.0,1.0,-0.05807672353279969,9.75,0.0,-35.274094,-85.935585,-101.918144,0.0,0.0,0.5
0.2596493792559028,0.05484703885473738,0.5008618244532718,20.7,155435.97176470608,-0.72,0.0,1.0,0.06399731437118561,9.755,0.0,-35.274094,-85.935585,-101.918144,0.0,0.0,0.5
0.2744468438593419,0.03662952425617937,0.5008258669363846,21.96,165150.7200000002,-0.72,0.0,1.0,0.12503433332317826,9.76,0.0,70.201706,70.30474,41.64567,0.6,0.6,0.5
0.2898732611067564,0.03448005391042068,0.50050269187911,23.4,194832.1858064513,-0.72,0.0,1.0,0.41496017334514335,9.765,0.0,70.201706,70.30474,41.64567,0.6,0.6,0.5
0.30167267997821207,0.026051698050135862,0.5001486831101108,25.02,205902.1963636365,-0.72,0.0,1.0,0.3539231543931507,9.77,0.0,70.201706,70.30474,41.64567,0.6,0.6,0.5
0.3127510795502963,0.01965917915098415,0.5003391477833627,26.82,228780.21818181826,-0.72,0.0,1.0,0.29288613544115805,9.775,0.0,70.201706,70.30474,41.64567,0.6,0.6,0.5
0.3229112777673899,0.014681173059790739,0.49992699903852794,28.439999999999998,219186.20903225773,-0.72,0.0,1.0,0.033478804895189285,9.78,0.0,96.89911,-75.670074,-44.45506,0.6,0.0,0.5
0.32781997835802223,0.004218877820137447,0.4997544742311254,30.24,251658.2400000001,-0.72,0.0,1.0,0.24710837122716356,9.785,0.0,96.89911,-75.670074,-44.45506,0.6,0.0,0.5
0.3278648600893868,0.015450305249464846,0.4991759512951277,32.22,47.09387288481605,-0.72,0.0,1.0,0.24710837122716356,9.790000000000001,0.0,96.89911,-75.670074,-44.45506,0.6,0.0,0.5
0.3257571548686312,0.006248125849756484,0.49899231301021374,34.019999999999996,51710.59726027389,-0.72,0.0,1.0,0.32340464491715437,9.795,0.0,96.89911,-75.670074,-44.45506,0.6,0.0,0.5
0.32410646239241653,0.0033214463265070276,0.4985154585188863,35.82,125829.1200000003,-0.72,0.0,1.0,-0.14963225196078866,9.8,0.0,-86.66876,79.84015,42.25624,0.0,0.6,0.5
0.32290260668225157,0.013153614057684811,0.49836892740362176,37.62,251658.2399999996,-0.72,0.0,1.0,0.29288613544115805,9.805,0.0,-86.66876,79.84015,42.25624,0.0,0.6,0.5
0.32176533273178115,0.01394770235510757,0.49847200992992985,39.24,219186.2090322587,-0.72,0.0,1.0,-0.012298959318805203,9.81,0.0,-86.66876,79.84015,42.25624,0.0,0.6,0.5
0.3202244083980644,0.02956674699084721,0.49824470734219967,40.86,205902.19636363603,-0.72,0.0,1.0,0.21658986175116723,9.815,0.0,-86.66876,79.84015,42.25624,0.0,0.6,0.5
0.32016634596548116,0.0595083712078097,0.4985182261682113,42.48,219186.20903225773,-0.72,0.0,1.0,0.24710837122716356,9.82,0.0,114.444244,67.566414,36.993626,0.6,0.6,0.5
0.32692711210335357,0.07516401289156181,0.49854464153981093,43.92,201326.59200000067,-0.72,0.0,1.0,0.2776268807031599,9.825000000000001,0.0,114.444244,67.566414,36.993626,0.6,0.6,0.5
0.33664539235162727,0.08846955282020354,0.4983428638392167,45.36,33.302994392337794,-0.72,0.0,1.0,0.033478804895189285,9.83,0.0,114.444244,67.566414,36.993626,0.6,0.6,0.5
0.3411925870750904,0.09789245715455874,0.4985884847944909,46.8,125829.1199999998,-0.72,0.0,1.0,0.00296029541919296,9.835,0.0,114.444244,67.566414,36.993626,0.6,0.6,0.5
0.3420172212311818,0.09240277998793232,0.49856042128958566,48.059999999999995,160146.15272727248,-0.72,0.0,1.0,-0.027558214056803365,9.84,0.0,67.92495,-99.79345,-50.312088,0.6,0.0,0.5
0.3429268011361924,0.09095146189846849,0.49857345378772866,49.14,141557.7600000007,-0.72,0.0,1.0,0.17081209753717275,9.845,0.0,67.92495,-99.79345,-50.312088,0.6,0.0,0.5
0.34251054193825975,0.09911380731853672,0.4984897380190864,50.22,62052.71671232867,-0.72,0.0,1.0,-0.2411877803888327,9.85,0.0,67.92495,-99.79345,-50.312088,0.6,0.0,0.5
0.3406421720289387,0.1061319029920588,0.49868013287565255,51.3,141557.75999999978,-0.72,0.0,1.0,0.46073793755913783,9.855,0.0,67.92495,-99.79345,-50.312088,0.6,0.0,0.5
0.33996793451703067,0.11833667002908664,0.498696312148209,52.199999999999996,67408.45714285703,-0.72,0.0,1.0,0.12503433332317826,9.86,0.0,93.08958,39.12398,-79.72226,0.6,0.6,0.5
0.3398181659276279,0.13178449657869726,0.49855899857185854,53.1,117964.80000000075,-0.72,0.0,1.0,0.3539231543931507,9.865,0.0,93.08958,39.12398,-79.72226,0.6,0.6,0.5
0.340137392271001,0.14950738626106347,0.4987745058347255,53.64,78100.83310344815,-0.72,0.0,1.0,0.17081209753717275,9.870000000000001,0.0,93.08958,39.12398,-79.72226,0.6,0.6,0.5
0.34102223916891505,0.1680058741352931,0.49875200562941424,54.36,16.244574453206504,-0.72,0.0,1.0,0.5217749565111305,9.875,0.0,93.08958,39.12398,-79.72226,0.6,0.6,0.5
0.34071192272708944,0.1656143973555984,0.4987647227791791,54.9,45298.48319999993,-0.72,0.0,1.0,0.24710837122716356,9.88,0.0,77.33759,25.09709,-25.102787,0.6,0.6,0.5
0.3421323309332382,0.17327881983149274,0.498951082801877,55.26,48708.04645161283,-0.72,0.0,1.0,0.32340464491715437,9.885,0.0,77.33759,25.09709,-25.102787,0.6,0.6,0.5
0.3477194029901951,0.17731099964997535,0.49869791812077857,55.44,26033.611034482718,-0.72,0.0,1.0,0.1860713522751709,9.89,0.0,77.33759,25.09709,-25.102787,0.6,0.6,0.5
0.35528780239302193,0.1882994751680242,0.4987320415204991,55.62,26033.611034482718,-0.72,0.0,1.0,0.21658986175116723,9.895,0.0,77.33759,25.09709,-25.102787,0.6,0.6,0.5
0.36341797758273453,0.201906859478514,0.49884408380475775,55.8,22878.021818181784,-0.72,0.0,1.0,0.06399731437118561,9.9,0.0,67.92801,-62.870155,-60.15287,0.6,0.0,0.5
0.37455290426113336,0.1952898848776445,0.4988818698319671,55.8,0.0,-0.72,0.0,1.0,0.5065157017731323,9.905,0.0,67.92801,-62.870155,-60.15287,0.6,0.0,0.5
0.3851263000418808,0.19849642114889754,0.4990067082727958,55.8,0.0,-0.72,0.0,1.0,0.21658986175116723,9.91,0.0,67.92801,-62.870155,-60.15287,0.6,0.0,0.5
0.39488849236276335,0.20930119705945832,0.4988555919755228,55.62,-25165.82399999996,-0.72,0.0,1.0,0.24710837122716356,9.915000000000001,0.0,67.92801,-62.870155,-60.15287,0.6,0.0,0.5
0.4046808616980567,0.22686018961536525,0.49895813686373053,55.62,0.0,-0.72,0.0,1.0,0.12503433332317826,9.92,0.0,91.36922,-109.46421,-75.44482,0.6,0.0,0.5
0.41336814382833986,0.24085058084911556,0.4990668559582743,55.44,-15407.647346938751,-0.72,0.0,1.0,0.04873805963318745,9.925,0.0,91.36922,-109.46421,-75.44482,0.6,0.0,0.5
0.4199074729987615,0.25941139693180537,0.49871402950886307,55.26,-22878.021818181784,-0.72,0.0,1.0,0.21658986175116723,9.93,0.0,91.36922,-109.46421,-75.44482,0.6,0.0,0.5
0.42542422145679937,0.27914986682684506,0.4984584463660814,55.08,-24354.023225806413,-0.72,0.0,1.0,0.07925656910918377,9.935,0.0,91.36922,-109.46421,-75.44482,0.6,0.0,0.5
0.42980712059443377,0.28405521073739676,0.4984406854366458,54.9,-25165.82399999996,-0.72,0.0,1.0,0.36918240913114886,9.94,0.0,79.26109,-93.94159,-49.498886,0.6,0.0,0.5
0.43309340786970313,0.2971754770931504,0.4984616722872088,54.72,-25165.82399999996,-0.72,0.0,1.0,0.15555284279917458,9.945,0.0,79.26109,-93.94159,-49.498886,0.6,0.0,0.5
0.43602021186175566,0.29945727889669543,0.49832792082627,54.54,-26033.611034482718,-0.72,0.0,1.0,0.29288613544115805,9.950000000000001,0.0,79.26109,-93.94159,-49.498886,0.6,0.0,0.5
0.43831992401873715,0.2891886729224817,0.49841666707640386,54.36,-23592.959999999963,-0.72,0.0,1.0,0.09451582384718193,9.955,0.0,79.26109,-93.94159,-49.498886,0.6,0.0,0.5
0.4400669546609582,0.2850950313304372,0.4986216664488764,54.18,-4.086046468834051,-0.72,0.0,1.0,0.1097750785851801,9.96,0.0,83.19525,-59.03002,-22.055807,0.6,0.0,0.5
0.44287288890360027,0.2872016645070804,0.49830945669373805,54.18,0.0,-0.72,0.0,1.0,0.20133060701316907,9.965,0.0,83.19525,-59.03002,-22.055807,0.6,0.0,0.5
0.4457966448021291,0.2738059774692253,0.498329691465177,54.18,0.0,-0.72,0.0,1.0,0.15555284279917458,9.97,0.0,83.19525,-59.03002,-22.055807,0.6,0.0,0.5
0.4482468024897006,0.2559725749482819,0.4980242840190251,54.18,0.0,-0.72,0.0,1.0,0.06399731437118561,9.975,0.0,83.19525,-59.03002,-22.055807,0.6,0.0,0.5
0.4508687479322192,0.2340965481738621,0.49804348696146744,54.36,9320.675555555541,-0.72,0.0,1.0,0.033478804895189285,9.98,0.0,88.96844,-139.99304,-70.177925,0.6,0.0,0.5
0.4543756927680647,0.20290761093016452,0.49786267012684826,54.54,22205.138823529378,-0.72,0.0,1.0,0.29288613544115805,9.985,0.0,88.96844,-139.99304,-70.177925,0.6,0.0,0.5
0.45710436942926136,0.19281608808076828,0.497616991546443,54.9,50331.64799999992,-0.72,0.0,1.0,0.2776268807031599,9.99,0.0,88.96844,-139.99304,-70.177925,0.6,0.0,0.5
0.45966075800867,0.17741501471405943,0.4974833957610625,55.26,44410.277647058756,-0.72,0.0,1.0,0.384441663869147,9.995000000000001,0.0,88.96844,-139.99304,-70.177925,0.6,0.0,0.5
0.46315733852698177,0.15921967367246595,0.49723521650998787,55.8,75497.47199999988,-0.72,0.0,1.0,0.2623676259651617,10.0,0.0,14.700453,-132.0084,-71.314514,0.6,0.0,0.5
0.4658221076016624,0.1425118802263344,0.497138865988407,56.16,8.704433875793356,-0.72,0.0,1.0,-0.04281746879480153,10.005,0.0,14.700453,-132.0084,-71.314514,0.6,0.0,0.5
0.46806574718290545,0.11886492748356312,0.49712366330471386,56.699999999999996,47185.919999999925,-0.72,0.0,1.0,0.36918240913114886,10.01,0.0,14.700453,-132.0084,-71.314514,0.6,0.0,0.5
0.47120129218273044,0.10216045820772267,0.49681870250786697,57.419999999999995,34711.48137931029,-0.72,0.0,1.0,0.2623676259651617,10.015,0.0,14.700453,-132.0084,-71.314514,0.6,0.0,0.5
0.4734891660055686,0.09543565634828488,0.4970266339586383,57.96,68634.06545454625,-0.72,0.0,1.0,0.3997009186071452,10.02,0.0,-0.48277485,-137.27084,-69.70283,0.15516754388809204,0.0,0.5
0.4755585978433748,0.0975135195653302,0.49703405543518486,58.68,104134.44413793087,-0.72,0.0,1.0,0.2318491164891654,10.025,0.0,-0.48277485,-137.27084,-69.70283,0.15516754388809204,0.0,0.5
0.4783188506749776,0.0912442040893331,0.4970482662288477,59.58,117964.79999999981,-0.72,0.0,1.0,0.06399731437118561,10.03,0.0,-0.48277485,-137.27084,-69.70283,0.15516754388809204,0.0,0.5
0.4807408518903702,0.08125554206404305,0.49718296451556593,60.3,100663.29599999984,-0.72,0.0,1.0,0.09451582384718193,10.035,0.0,-0.48277485,-137.27084,-69.70283,0.15516754388809204,0.0,0.5
0.4826797041928814,0.0638947603469745,0.49711813698670215,61.199999999999996,72593.72307692296,-0.72,0.0,1.0,0.17081209753717275,10.040000000000001,0.0,-130.04301,-119.838844,-147.27267,0.0,0.0,0.5
0.48512863223593794,0.053385851990133903,0.496798577032896,62.099999999999994,20.801181436459185,-0.72,0.0,1.0,0.1097750785851801,10.045,0.0,-130.04301,-119.838844,-147.27267,0.0,0.0,0.5
0.4875038319622654,0.04658624139648981,0.49667843075175794,63.0,77038.23673469436,-0.72,0.0,1.0,0.12503433332317826,10.05,0.0,-130.04301,-119.838844,-147.27267,0.0,0.0,0.5
0.48895751724832265,0.04622650143916386,0.4964840267589372,63.9,130168.05517241359,-0.72,0.0,1.0,-0.012298959318805203,10.055,0.0,-130.04301,-119.838844,-147.27267,0.0,0.0,0.5
0.4872689992127104,0.021340834169020058,0.49656691297553374,64.8,117964.79999999981,-0.72,0.0,1.0,0.33866389965515253,10.06,0.0,-106.24957,129.93318,160.18802,0.0,0.6,0.5
0.4852219461978616,0.0214832863583203,0.4968088623781626,65.7,51011.80540540573,-0.72,0.0,1.0,0.018219550157191122,10.065,0.0,-106.24957,129.93318,160.18802,0.0,0.6,0.5
0.4842659910919208,0.019166511811103515,0.4968501135999187,66.6,121770.1161290311,-0.72,0.0,1.0,0.33866389965515253,10.07,0.0,-106.24957,129.93318,160.18802,0.0,0.6,0.5
0.4815393330390955,0.012401909126219798,0.4969331797275696,67.32,91512.08727272713,-0.72,0.0,1.0,-0.027558214056803365,10.075000000000001,0.0,-106.24957,129.93318,160.18802,0.0,0.6,0.5
0.47877168945365445,0.011280397524476567,0.49732942784611645,68.03999999999999,94371.83999999985,-0.72,0.0,1.0,0.17081209753717275,10.08,0.0,-102.00433,106.64657,131.39337,0.0,0.6,0.5
0.4769011462406731,0.013729940861197389,0.49806347019761876,68.58,58074.97846153913,-0.72,0.0,1.0,-0.07333597827079785,10.085,0.0,-102.00433,106.64657,131.39337,0.0,0.6,0.5
0.4738009603553284,0.010930442112299021,0.49833532546178383,69.12,13.056951892312721,-0.72,0.0,1.0,0.3539231543931507,10.09,0.0,-102.00433,106.64657,131.39337,0.0,0.6,0.5
0.4636425910297402,0.0008330295684580207,0.4990236670832943,69.48,8530.787796610157,-0.72,0.0,1.0,0.018219550157191122,10.095,0.0,-102.00433,106.64657,131.39337,0.0,0.6,0.5
0.4426075754412219,-0.008979068068354242,0.4993218927964862,69.84,41943.039999999935,-0.72,0.0,1.0,0.07925656910918377,10.1,0.0,-119.64314,139.0714,161.43674,0.0,0.6,0.5
0.41558029251785894,0.0027379204170670623,0.4998595448796311,70.02,23592.95999999903,-0.72,0.0,1.0,0.04873805963318745,10.105,0.0,-119.64314,139.0714,161.43674,0.0,0.6,0.5
0.3852884667970306,0.005877992208176862,0.5000406770393468,70.2,26033.611034483743,-0.72,0.0,1.0,0.3081453901791562,10.11,0.0,-119.64314,139.0714,161.43674,0.0,0.6,0.5
0.3544043550410917,0.02371715046381975,0.5002808173066533,70.2,0.0,-0.72,0.0,1.0,0.17081209753717275,10.115,0.0,-119.64314,139.0714,161.43674,0.0,0.6,0.5
0.32317221562969933,0.028304110199049052,0.5009783369017711,70.02,-13245.170526316291,-0.72,0.0,1.0,0.04873805963318745,10.120000000000001,0.0,-115.86387,134.39384,151.56168,0.0,0.6,0.5
0.2932839383978547,0.05226502542277527,0.5017114301893545,69.66,-50331.64799999992,-0.72,0.0,1.0,0.20133060701316907,10.125,0.0,-115.86387,134.39384,151.56168,0.0,0.6,0.5
0.2647402321589198,0.0803241542649525,0.5019188452226563,69.3,-8.113950766552195,-0.72,0.0,1.0,0.2623676259651617,10.13,0.0,-115.86387,134.39384,151.56168,0.0,0.6,0.5
0.23757816361220088,0.09758426238342217,0.5026021825002306,68.75999999999999,-41180.43927272775,-0.72,0.0,1.0,0.20133060701316907,10.135,0.0,-115.86387,134.39384,151.56168,0.0,0.6,0.5
0.21232902073685267,0.11855745823184556,0.5030916371334281,68.03999999999999,-94371.83999999985,-0.72,0.0,1.0,0.41496017334514335,10.14,0.0,-107.07703,118.689705,143.96698,0.0,0.6,0.5
0.18931917293090128,0.14822463038683747,0.5031752343495393,67.32,-100663.29599999984,-0.72,0.0,1.0,0.09451582384718193,10.145,0.0,-107.07703,118.689705,143.96698,0.0,0.6,0.5
0.16828923762377263,0.1678224476045946,0.5035307875863652,66.42,-121770.1161290311,-0.72,0.0,1.0,0.2318491164891654,10.15,0.0,-107.07703,118.689705,143.96698,0.0,0.6,0.5
0.14882317013851826,0.18896932322697158,0.5039180759350045,65.34,-60397.977599999904,-0.72,0.0,1.0,0.033478804895189285,10.155,0.0,-107.07703,118.689705,143.96698,0.0,0.6,0.5
0.13005583631146622,0.19738189877602685,0.5043036759855005,64.08,-139074.29052631636,-0.72,0.0,1.0,0.49125644703513416,10.16,0.0,-136.86398,-84.26277,-100.32469,0.0,0.0,0.5
0.1156903048513698,0.205129041177292,0.504462034720602,62.64,-183024.17454545427,-0.72,0.0,1.0,0.3997009186071452,10.165000000000001,0.0,-136.86398,-84.26277,-100.32469,0.0,0.0,0.5
0.1121042840545547,0.22052142298484573,0.5044558773848082,61.199999999999996,-201326.59200000067,-0.72,0.0,1.0,0.29288613544115805,10.17,0.0,-136.86398,-84.26277,-100.32469,0.0,0.0,0.5
0.10424398920988352,0.2352892815172589,0.5046748084514273,59.4,-43.84620906340193,-0.72,0.0,1.0,-0.14963225196078866,10.175,0.0,-136.86398,-84.26277,-100.32469,0.0,0.0,0.5
0.08991911542066787,0.2560964443133554,0.5047481919327755,57.599999999999994,-154076.47346938812,-0.72,0.0,1.0,0.2776268807031599,10.18,0.0,-113.06195,-132.7415,86.315765,0.0,0.0,0.5
0.07442973891337223,0.2713769460449468,0.5048362764869723,55.62,-259522.5599999996,-0.72,0.0,1.0,0.12503433332317826,10.185,0.0,-113.06195,-132.7415,86.315765,0.0,0.0,0.5
0.056077587181306586,0.2894309866736024,0.5050097829586413,53.46,-301989.8879999995,-0.72,0.0,1.0,0.2776268807031599,10.19,0.0,-113.06195,-132.7415,86.315765,0.0,0.0,0.5
0.04439685479954885,0.30280692907546564,0.5050234470065903,51.12,-306708.48000000045,-0.72,0.0,1.0,0.1860713522751709,10.195,0.0,-113.06195,-132.7415,86.315765,0.0,0.0,0.5
0.04390641615561749,0.30885044754281354,0.5049643129694349,48.78,-306708.4799999995,-0.72,0.0,1.0,0.21658986175116723,10.200000000000001,8.522881865501404,83.72217,-118.11011,-150.31856,0.6,0.0,0.5
0.03003579726476831,0.3119228797392511,0.5049817387333627,46.26,-330301.4400000004,-0.72,0.0,1.0,-0.08859523300879601,10.205,8.522881865501404,83.72217,-118.11011,-150.31856,0.6,0.0,0.5
0.017453919609663707,0.30765755694679614,0.5052451314421554,43.739999999999995,-352321.53600000043,-0.72,0.0,1.0,0.04873805963318745,10.21,8.522881865501404,83.72217,-118.11011,-150.31856,0.6,0.0,0.5
0.01554932002128657,0.30027858682006886,0.5048507796990319,41.22,-57.66372835491922,-0.72,0.0,1.0,-0.11911374248479234,10.215,8.522881865501404,83.72217,-118.11011,-150.31856,0.6,0.0,0.5
0.0282335828891873,0.2839625558488482,0.5046742454252492,38.519999999999996,-106836.04528301898,-0.72,0.0,1.0,0.3539231543931507,10.22,20.0,-61.7854,-176.63762,-113.1683,0.0,0.0,0.5
0.023107782504344636,0.28474725766312475,0.50446570135505,35.82,-77565.89589041083,-0.72,0.0,1.0,-0.1343729972227905,10.225,20.0,-61.7854,-176.63762,-113.1683,0.0,0.0,0.5
0.013131357635007328,0.27756411899936195,0.5042794703042492,32.94,-355282.2211764709,-0.72,0.0,1.0,0.32340464491715437,10.23,20.0,-61.7854,-176.63762,-113.1683,0.0,0.0,0.5
0.027010867115249054,0.2512367988307593,0.5042363817556904,30.06,-389664.3716129031,-0.72,0.0,1.0,-0.012298959318805203,10.235,20.0,-61.7854,-176.63762,-113.1683,0.0,0.0,0.5
0.03116417396228285,0.22724364218058984,0.5044335762660184,27.18,-377487.35999999987,-0.72,0.0,1.0,0.5522934659871268,10.24,8.522881865501404,71.96959,-79.172134,-104.109245,0.6,0.0,0.5
0.04025191815638541,0.1967041176352107,0.5042464103646018,24.119999999999997,-356515.84000000026,-0.72,0.0,1.0,0.033478804895189285,10.245000000000001,8.522881865501404,71.96959,-79.172134,-104.109245,0.6,0.0,0.5
0.04117036960267826,0.1835050320651659,0.5039846730829464,21.06,-401080.31999999983,-0.72,0.0,1.0,0.32340464491715437,10.25,8.522881865501404,71.96959,-79.172134,-104.109245,0.6,0.0,0.5
0.06283974768548367,0.15984815044556303,0.5039864440336278,17.82,-438372.4180645159,-0.72,0.0,1.0,0.018219550157191122,10.255,8.522881865501404,71.96959,-79.172134,-104.109245,0.6,0.0,0.5
0.06981113114194538,0.12836012043100462,0.5039171438349908,14.76,-74.64954103681129,-0.72,0.0,1.0,0.46073793755913783,10.26,0.0,50.11957,-38.980488,-140.99606,0.6,0.0,0.5
0.08982762978879101,0.1260161439804813,0.5035782629230561,11.52,-219186.20903225808,-0.72,0.0,1.0,0.12503433332317826,10.265,0.0,50.11957,-38.980488,-140.99606,0.6,0.0,0.5
0.08847397037793778,0.10700079837250834,0.5031312799398499,8.28,-377487.36000000004,-0.72,0.0,1.0,0.3081453901791562,10.27,0.0,50.11957,-38.980488,-140.99606,0.6,0.0,0.5
0.09577888476450104,0.10477093306341752,0.5027422646618226,4.859999999999999,-98927.72193103448,0.36,31240.333241379314,1.0,7.052735984374511,10.275,0.0,50.11957,-38.980488,-140.99606,0.6,0.0,0.5
0.09363488052209937,0.09748162322967371,0.5036755635449643,2.6999999999999997,-38226.56810126582,4.859999999999999,79638.68354430379,1.0,13.843104342783917,10.28,0.0,51.68262,-127.375404,-64.71159,0.6,0.0,0.5
0.10707126239703467,0.08188232326447534,0.5061672659756268,1.6199999999999999,-129424.2377142857,5.9399999999999995,129424.23771428573,1.0,-0.4090395825068125,10.285,0.0,51.68262,-127.375404,-64.71159,0.6,0.0,0.5
0.11312884359005942,0.06177603815248595,0.5069636775586979,1.7999999999999998,20971.519999999993,5.22,-83886.07999999997,1.0,-0.42429883724481066,10.290000000000001,0.0,51.68262,-127.375404,-64.71159,0.6,0.0,0.5
0.11906708952760121,0.05386689837124935,0.5083183747501118,3.06,176160.76800000004,3.78,-201326.592,1.0,-0.10385448774679418,10.295,0.0,51.68262,-127.375404,-64.71159,0.6,0.0,0.5
0.12759516613523023,0.04623127045600768,0.507704244676615,5.22,274536.2618181818,0.0,-480438.45818181813,1.0,2.291848506118974,10.3,0.0,94.92109,-130.56569,-97.50486,0.6,0.0,0.5
0.15160439026949715,0.03195600488137482,0.5051589102414259,6.66,32.45266405532183,-0.8999999999999999,-20.28291503457614,1.0,2.001922666097009,10.305,0.0,94.92109,-130.56569,-97.50486,0.6,0.0,0.5
0.17195314004437945,0.030548359957615304,0.503993406173757,8.459999999999999,111025.694117647,-0.36,33307.708235294114,1.0,0.9185155796990827,10.31,0.0,94.92109,-130.56569,-97.50486,0.6,0.0,0.5
0.18933370682048054,0.03459676342373894,0.5018632743188873,10.62,244856.66594594595,-0.8999999999999999,-61214.16648648648,1.0,-1.110965300454728,10.315,0.0,94.92109,-130.56569,-97.50486,0.6,0.0,0.5
0.21060176578350553,0.033488461837959456,0.5008849908622646,12.24,219186.2090322582,-0.72,24354.023225806442,1.0,-0.454817346720807,10.32,0.0,113.35615,-117.238594,-135.75728,0.6,0.0,0.5
0.22798010647028152,0.030887175685489647,0.501275174540156,14.399999999999999,301989.88799999974,-0.72,0.0,1.0,-0.42429883724481066,10.325000000000001,0.0,113.35615,-117.238594,-135.75728,0.6,0.0,0.5
0.24171442045572616,0.018120932715750115,0.500872216606294,16.56,258848.47542857146,-0.8999999999999999,-21570.706285714277,1.0,0.3081453901791562,10.33,0.0,113.35615,-117.238594,-135.75728,0.6,0.0,0.5
0.25820092144646517,0.006622883677796093,0.5009802348511988,18.72,83886.08,-0.8999999999999999,0.0,1.0,0.49125644703513416,10.335,0.0,113.35615,-117.238594,-135.75728,0.6,0.0,0.5
0.2744199529249556,0.0005312735612642057,0.5011720482696608,21.06,280419.1817142857,-0.72,21570.706285714277,1.0,0.09451582384718193,10.34,0.0,93.22701,-82.482315,-16.95282,0.6,0.0,0.5
0.28591510498773337,-0.005623317679392937,0.5011516121110395,23.4,54.03394293075826,-0.8999999999999999,-4.1564571485198645,1.0,-0.22592852565083454,10.345,0.0,93.22701,-82.482315,-16.95282,0.6,0.0,0.5
0.3004624685338487,-0.003966635250986979,0.5009218249541708,25.919999999999998,195734.18666666665,-0.8999999999999999,0.0,1.0,0.3997009186071452,10.35,0.0,93.22701,-82.482315,-16.95282,0.6,0.0,0.5
0.3146951488882366,-0.011873255870541225,0.5009386175648063,28.619999999999997,323560.5942857142,-0.8999999999999999,0.0,1.0,0.567552720725125,10.355,0.0,93.22701,-82.482315,-16.95282,0.6,0.0,0.5
0.3258425910534585,-0.0172540956692013,0.5002335786008545,31.14,340956.32516129076,-0.8999999999999999,0.0,1.0,0.6896267586291103,10.36,0.0,46.012558,72.60238,34.55262,0.6,0.6,0.5
0.336602846539733,-0.022207550843060718,0.5002663812099576,33.839999999999996,377487.3599999994,-0.72,25165.82399999999,1.0,0.5828119754631231,10.365,0.0,46.012558,72.60238,34.55262,0.6,0.6,0.5
0.34917779395111975,-0.02307677834592878,0.49983074731297833,36.54,343170.3272727276,-0.72,0.0,1.0,0.2623676259651617,10.370000000000001,0.0,46.012558,72.60238,34.55262,0.6,0.6,0.5
0.35820727252092954,-0.0126070618001675,0.49988039025111236,39.24,353894.4000000004,-0.72,0.0,1.0,-0.27170628986482903,10.375,0.0,46.012558,72.60238,34.55262,0.6,0.6,0.5
0.36753369898988025,-0.02586266090287955,0.4996647188637208,41.94,333077.08235294063,-0.72,0.0,1.0,0.384441663869147,10.38,0.0,20.954235,-107.62665,2.817019,0.6,0.0,0.5
0.3772075251876304,-0.018077984153921603,0.49956715923513045,44.64,365310.3483870972,-0.72,0.0,1.0,0.1860713522751709,10.385,0.0,20.954235,-107.62665,2.817019,0.6,0.0,0.5
0.3854459756558352,-0.019758633550081825,0.49893559040529184,47.339999999999996,65.63475599860891,-0.72,0.0,1.0,0.5065157017731323,10.39,0.0,20.954235,-107.62665,2.817019,0.6,0.0,0.5
0.3935192831295211,0.004086322073205458,0.4983132992675104,50.04,124446.38241758254,-0.72,0.0,1.0,0.018219550157191122,10.395,0.0,20.954235,-107.62665,2.817019,0.6,0.0,0.5
0.3999848302527425,-0.005555092444763376,0.4992224074101352,52.739999999999995,276210.2634146337,-0.72,0.0,1.0,0.2318491164891654,10.4,0.0,50.142864,176.91182,45.96686,0.6,0.6,0.5
0.40607744686248876,-0.02219727318525005,0.49896464829048215,55.26,301989.8880000004,-0.72,0.0,1.0,-0.1343729972227905,10.405,0.0,50.142864,176.91182,45.96686,0.6,0.6,0.5
0.41212598931077377,-0.0026615173167140677,0.49891615134385664,57.78,301989.8880000004,-0.72,0.0,1.0,0.41496017334514335,10.41,0.0,50.142864,176.91182,45.96686,0.6,0.6,0.5
0.41833349893042293,0.01802269543319577,0.49871797414318914,60.3,285666.1102702698,-0.72,0.0,1.0,0.29288613544115805,10.415000000000001,0.0,50.142864,176.91182,45.96686,0.6,0.6,0.5
0.4240562163798792,0.016966940121986664,0.49841416776553277,62.64,265261.3881081085,-0.72,0.0,1.0,0.3539231543931507,10.42,0.0,-32.81665,-10.777774,-41.049942,0.0,0.0,0.5
0.4284975518622743,0.03158382228225745,0.49866669855035345,64.98,306708.48000000045,-0.72,0.0,1.0,-0.012298959318805203,10.425,0.0,-32.81665,-10.777774,-41.049942,0.0,0.0,0.5
0.4328741536500774,0.042922380100946754,0.49918714102494116,67.14,48.595962216178734,-0.72,0.0,1.0,0.33866389965515253,10.43,0.0,-32.81665,-10.777774,-41.049942,0.0,0.0,0.5
0.4368718649246843,0.03367649046025119,0.4993563471130524,69.3,62052.71671232867,-0.72,0.0,1.0,0.1860713522751709,10.435,0.0,-32.81665,-10.777774,-41.049942,0.0,0.0,0.5
0.4402578541736328,0.0490978140697454,0.4998500243956469,71.1,193583.26153846123,-0.72,0.0,1.0,0.4302194280831415,10.44,0.0,18.331812,122.66484,-32.388115,0.6,0.6,0.5
0.44440788098727857,0.06727793441858732,0.4999430358789869,72.89999999999999,228780.21818181782,-0.72,0.0,1.0,0.2776268807031599,10.445,0.0,18.331812,122.66484,-32.388115,0.6,0.6,0.5
0.4477660332441415,0.0889206502292901,0.4998794098426877,74.34,107853.53142857233,-0.72,0.0,1.0,0.36918240913114886,10.450000000000001,0.0,18.331812,122.66484,-32.388115,0.6,0.6,0.5
0.449127759895105,0.09734849438522988,0.49988107237437013,75.42,122428.33297297278,-0.72,0.0,1.0,0.04873805963318745,10.455,0.0,18.331812,122.66484,-32.388115,0.6,0.6,0.5
0.4484642809371036,0.1302102635741415,0.4998263585658723,76.32,114390.10909090801,-0.72,0.0,1.0,0.384441663869147,10.46,0.0,-19.229322,-28.12374,57.0616,0.0,0.0,0.5
0.44775881111791693,0.13910953606406437,0.4998718750971445,76.86,66615.416470589,-0.72,0.0,1.0,0.2776268807031599,10.465,0.0,-19.229322,-28.12374,57.0616,0.0,0.0,0.5
0.44697884290761364,0.1507501008883032,0.4999990550499019,77.03999999999999,25165.823999998967,-0.72,0.0,1.0,0.17081209753717275,10.47,0.0,-19.229322,-28.12374,57.0616,0.0,0.0,0.5
0.4447933405161305,0.13970206605482627,0.5003046560274641,77.03999999999999,0.0,-0.72,0.0,1.0,-0.012298959318805203,10.475,0.0,-19.229322,-28.12374,57.0616,0.0,0.0,0.5
0.444232690911245,0.13922917792871284,0.5000970476636865,76.67999999999999,-26490.34105263154,-0.72,0.0,1.0,0.12503433332317826,10.48,0.0,-83.78667,196.58537,33.849464,0.0,0.6,0.5
0.44399139778094077,0.13800841797216837,0.4999194214468958,75.96,-86282.82514285701,-0.72,0.0,1.0,0.018219550157191122,10.485,0.0,-83.78667,196.58537,33.849464,0.0,0.6,0.5
0.44371302988513456,0.15780549494604368,0.49957719020506003,75.06,-45480.40481927668,-0.72,0.0,1.0,0.04873805963318745,10.49,0.0,-83.78667,196.58537,33.849464,0.0,0.6,0.5
0.4440430097391242,0.15506506152254262,0.4995110629869331,73.98,-146124.13935483847,-0.72,0.0,1.0,0.018219550157191122,10.495000000000001,0.0,-83.78667,196.58537,33.849464,0.0,0.6,0.5
0.4437644419278229,0.14684964017466193,0.4996245195696038,72.72,-160146.15272727338,-0.72,0.0,1.0,0.5065157017731323,10.5,0.0,-136.30116,-41.745533,112.43241,0.0,0.0,0.5
0.44319541918523286,0.1601496268966967,0.4992068661203343,71.46,-165150.72000000067,-0.72,0.0,1.0,0.07925656910918377,10.505,0.0,-136.30116,-41.745533,112.43241,0.0,0.0,0.5
0.44020457060665624,0.1632383490753872,0.49908693055679815,70.02,-201326.59199999968,-0.72,0.0,1.0,0.04873805963318745,10.51,0.0,-136.30116,-41.745533,112.43241,0.0,0.0,0.5
0.4268632145036526,0.16969448424734124,0.49886243461438207,68.58,-32.59276437988026,-0.72,0.0,1.0,0.24710837122716356,10.515,0.0,-136.30116,-41.745533,112.43241,0.0,0.0,0.5
0.4046739692676663,0.18135129629924207,0.4988008786583799,66.96,-107853.53142857173,-0.72,0.0,1.0,0.36918240913114886,10.52,0.0,47.122353,-108.19053,131.26147,0.6,0.0,0.5
0.3768714578704863,0.19098174319674208,0.4988303596698226,65.16,-215707.0628571425,-0.72,0.0,1.0,0.20133060701316907,10.525,0.0,47.122353,-108.19053,131.26147,0.6,0.0,0.5
0.34850718121843116,0.1984352994691361,0.49863118949495927,63.36,-222051.38823529377,-0.72,0.0,1.0,0.2776268807031599,10.53,0.0,47.122353,-108.19053,131.26147,0.6,0.0,0.5
0.31803976533329814,0.2142075687728609,0.49839302194153295,61.199999999999996,-283115.5200000005,-0.72,0.0,1.0,0.00296029541919296,10.535,0.0,47.122353,-108.19053,131.26147,0.6,0.0,0.5
0.28915125902293093,0.2305513752353687,0.49825224065702756,59.22,-259522.5599999996,-0.72,0.0,1.0,0.15555284279917458,10.540000000000001,8.522881865501404,-39.984573,-66.46668,-116.16136,0.0,0.0,0.5
0.26019380582774565,0.24523392145958028,0.49818177589777257,56.879999999999995,-112812.31448275878,-0.72,0.0,1.0,0.12503433332317826,10.545,8.522881865501404,-39.984573,-66.46668,-116.16136,0.0,0.0,0.5
0.23343096078348616,0.2473430573530738,0.4980567371868,54.72,-274536.2618181814,-0.72,0.0,1.0,0.04873805963318745,10.55,8.522881865501404,-39.984573,-66.46668,-116.16136,0.0,0.0,0.5
0.20774191679429438,0.24682303482621415,0.49798290689317154,52.199999999999996,-340956.32516129076,-0.72,0.0,1.0,0.1860713522751709,10.555,8.522881865501404,-39.984573,-66.46668,-116.16136,0.0,0.0,0.5
0.18507194860936685,0.24730955249659975,0.49761159927351983,49.86,-56.87719191696744,-0.72,0.0,1.0,0.12503433332317826,10.56,20.0,101.729866,-130.93417,-180.83685,0.6,0.0,0.5
0.16583023437890818,0.2498602888747628,0.4979117563721812,47.339999999999996,-155435.97176470608,-0.72,0.0,1.0,0.04873805963318745,10.565,20.0,101.729866,-130.93417,-180.83685,0.6,0.0,0.5
0.1562151945734831,0.23527606898104625,0.4979452623503279,44.82,-120109.61454545436,-0.72,0.0,1.0,0.1860713522751709,10.57,20.0,101.729866,-130.93417,-180.83685,0.6,0.0,0.5
0.15329813097491943,0.20975885942944952,0.49811430264373247,42.12,-333077.0823529415,-0.72,0.0,1.0,0.21658986175116723,10.575000000000001,20.0,101.729866,-130.93417,-180.83685,0.6,0.0,0.5
0.15138876467930562,0.1875767709211587,0.49785821696685234,39.42,-353894.39999999944,-0.72,0.0,1.0,0.5065157017731323,10.58,8.522881865501404,-46.49098,66.58177,61.66474,0.0,0.6,0.5
0.15073858881176846,0.16811983960638108,0.4979498817302134,36.54,-366048.3490909094,-0.72,0.0,1.0,0.09451582384718193,10.585,8.522881865501404,-46.49098,66.58177,61.66474,0.0,0.6,0.5
0.15018638969138395,0.16200782658924825,0.49807817417509637,33.66,-402653.18400000036,-0.72,0.0,1.0,0.3081453901791562,10.59,8.522881865501404,-46.49098,66.58177,61.66474,0.0,0.6,0.5
0.14985354347183347,0.14621616780278404,0.4983609442602783,30.779999999999998,-389664.3716129031,-0.72,0.0,1.0,0.46073793755913783,10.595,8.522881865501404,-46.49098,66.58177,61.66474,0.0,0.6,0.5
0.15110158178333108,0.13172469420349278,0.49858252622577104,27.72,-70.81611052869704,-0.72,0.0,1.0,0.21658986175116723,10.6,0.0,9.1847,17.783062,71.191185,0.6,0.6,0.5
0.1556009630629458,0.10590022459263235,0.49882863351901463,24.66,-194463.18545454537,-0.72,0.0,1.0,0.21658986175116723,10.605,0.0,9.1847,17.783062,71.191185,0.6,0.6,0.5
0.1653213803996114,0.08455937276671115,0.4988814657308959,21.599999999999998,-356515.84000000026,-0.72,0.0,1.0,0.15555284279917458,10.61,0.0,9.1847,17.783062,71.191185,0.6,0.6,0.5
0.1726642018096243,0.08614210148038196,0.49931514759332374,18.54,-388926.37090909074,-0.72,0.0,1.0,0.41496017334514335,10.615,0.0,9.1847,17.783062,71.191185,0.6,0.6,0.5
0.17629690728421754,0.07742437975920104,0.4995730726623901,15.479999999999999,-414018.39483870973,-0.72,0.0,1.0,0.17081209753717275,10.620000000000001,0.0,-88.48811,-88.96329,-134.29951,0.0,0.0,0.5
0.1801578226463281,0.05190164157858257,0.4997943245419196,12.6,-377487.35999999987,-0.72,0.0,1.0,0.2318491164891654,10.625,0.0,-88.48811,-88.96329,-134.29951,0.0,0.0,0.5
0.18270822784870125,0.05632938701440784,0.5000119935681082,9.719999999999999,-150994.94400000005,-0.8999999999999999,-9437.183999999997,1.0,-0.027558214056803365,10.63,0.0,-88.48811,-88.96329,-134.29951,0.0,0.0,0.5
0.1860421540231878,0.06849114999540873,0.5001677520396113,7.02,-306070.83243243233,-0.8999999999999999,0.0,1.0,0.2623676259651617,10.635,0.0,-88.48811,-88.96329,-134.29951,0.0,0.0,0.5
0.18927834689216988,0.08098985875367197,0.5002062910012077,4.859999999999999,-292248.27870967746,1.44,316602.3019354839,1.0,7.5715506454664485,10.64,0.0,92.11593,-108.61661,-130.23811,0.6,0.0,0.5
0.1916437940032247,0.08742312283562735,0.5024498790442465,3.96,-21.420274756141144,3.2399999999999998,42.84054951228231,1.0,5.069032868434695,10.645,0.0,92.11593,-108.61661,-130.23811,0.6,0.0,0.5
0.1992398161124983,0.12069029292311681,0.5035953907120189,4.32,26963.382857142882,1.6199999999999999,-121335.22285714284,1.0,2.7191076387829227,10.65,0.0,92.11593,-108.61661,-130.23811,0.6,0.0,0.5
0.21724860424531056,0.13036828742243,0.5036110033962183,5.9399999999999995,205902.19636363626,0.0,-205902.19636363635,1.0,-0.19541001617478315,10.655,0.0,92.11593,-108.61661,-130.23811,0.6,0.0,0.5
0.232537177592947,0.1299020411146274,0.503337747021215,7.38,201326.59200000006,-0.8999999999999999,-125829.11999999998,1.0,0.2318491164891654,10.66,0.0,123.66859,-127.59882,57.26828,0.6,0.0,0.5
0.23891333725464914,0.13657251959283906,0.5028590710842863,8.82,208268.88827586212,-0.36,78100.83310344827,1.0,-0.37852107303081617,10.665000000000001,0.0,123.66859,-127.59882,57.26828,0.6,0.0,0.5
0.24009877832280388,0.1394634289029024,0.5029271410189639,10.98,283115.52,-0.8999999999999999,-70778.87999999999,1.0,-0.8210394604327629,10.67,0.0,123.66859,-127.59882,57.26828,0.6,0.0,0.5
0.2403417944137978,0.14931858063826137,0.503211763717824,12.42,183024.17454545447,-0.72,22878.02181818181,1.0,0.018219550157191122,10.675,0.0,123.66859,-127.59882,57.26828,0.6,0.0,0.5
0.23959772317427838,0.14262413650908468,0.5033746988879054,14.399999999999999,276824.06399999984,-0.8999999999999999,-25165.82399999999,1.0,-0.4090395825068125,10.68,0.0,-16.106848,39.59173,54.60043,0.0,0.6,0.5
0.24082047468520473,0.13757133332852145,0.5036195585065171,16.38,45.757556282852335,-0.8999999999999999,0.0,1.0,-0.16489150669878683,10.685,0.0,-16.106848,39.59173,54.60043,0.0,0.6,0.5
0.24481249905600233,0.13579928611573952,0.5036957246903914,18.54,177641.11058823531,-0.8999999999999999,0.0,1.0,0.3081453901791562,10.69,0.0,-16.106848,39.59173,54.60043,0.0,0.6,0.5
0.24981191313644385,0.13815954544398673,0.5038406474158785,20.52,244256.5270588236,-0.72,22205.138823529403,1.0,0.20133060701316907,10.695,0.0,-16.106848,39.59173,54.60043,0.0,0.6,0.5
0.2617878719497357,0.1169311336331297,0.5042981824295448,22.68,109152.97156626507,-0.8999999999999999,-9096.080963855418,1.0,-0.07333597827079785,10.700000000000001,0.0,-81.67926,110.9887,140.16785,0.0,0.6,0.5
0.2784325843736842,0.09888968803368665,0.5046573877422726,24.84,283115.52,-0.8999999999999999,0.0,1.0,-0.180150761436785,10.705,0.0,-81.67926,110.9887,140.16785,0.0,0.6,0.5
0.2928545141185627,0.09930346992772339,0.5048368950155632,27.0,301989.88800000004,-0.8999999999999999,0.0,1.0,0.21658986175116723,10.71,0.0,-81.67926,110.9887,140.16785,0.0,0.6,0.5
0.3073955758728586,0.08174570356191836,0.5046078326016824,29.34,297414.28363636363,-0.8999999999999999,0.0,1.0,1.0863673818170625,10.715,0.0,-81.67926,110.9887,140.16785,0.0,0.6,0.5
0.32327770214051593,0.08030274724880264,0.5045580474893621,31.68,316602.3019354839,-0.8999999999999999,0.0,1.0,0.5828119754631231,10.72,0.0,-106.63959,69.09876,95.93707,0.0,0.6,0.5
0.33422818839963836,0.06783780266818003,0.5045821068625488,34.019999999999996,306708.4799999995,-0.8999999999999999,0.0,1.0,0.33866389965515253,10.725,0.0,-106.63959,69.09876,95.93707,0.0,0.6,0.5
0.33646899922348134,0.07972654362449674,0.5043802495013965,36.36,52.93353482727942,-0.8999999999999999,0.0,1.0,-0.05807672353279969,10.73,0.0,-106.63959,69.09876,95.93707,0.0,0.6,0.5
0.3358183612509455,0.08587773078853163,0.5042150129988887,38.519999999999996,181193.93279999972,-0.72,15099.494399999994,1.0,-0.08859523300879601,10.735,0.0,-106.63959,69.09876,95.93707,0.0,0.6,0.5
0.334278594880638,0.07987993186887837,0.5039928537334382,40.86,306708.48000000045,-0.72,0.0,1.0,0.24710837122716356,10.74,0.0,-118.72159,-26.061153,-100.538925,0.0,0.0,0.5
0.33102487843500544,0.11448648183720037,0.5037409709667674,43.019999999999996,125829.1199999998,-0.72,0.0,1.0,0.5370342112491286,10.745000000000001,0.0,-118.72159,-26.061153,-100.538925,0.0,0.0,0.5
0.3210045512181469,0.128737820908286,0.503730114759912,45.0,237277.7691428576,-0.72,0.0,1.0,0.2776268807031599,10.75,0.0,-118.72159,-26.061153,-100.538925,0.0,0.0,0.5
0.30508089903149344,0.14400449339003082,0.5037136850516651,46.98,145696.87578947344,-0.72,0.0,1.0,-0.012298959318805203,10.755,0.0,-118.72159,-26.061153,-100.538925,0.0,0.0,0.5
0.28428329088730786,0.16411016290056094,0.5034336947681428,48.96,244256.52705882402,-0.72,0.0,1.0,-0.07333597827079785,10.76,0.0,-74.990166,94.79596,115.58218,0.0,0.6,0.5
0.2602008479954812,0.17057116473759534,0.5038834646270771,50.76,228780.21818181782,-0.72,0.0,1.0,0.17081209753717275,10.765,0.0,-74.990166,94.79596,115.58218,0.0,0.6,0.5
0.23529653990232102,0.19143244509867954,0.5038071793620036,52.379999999999995,234302.49931034446,-0.72,0.0,1.0,0.09451582384718193,10.77,0.0,-74.990166,94.79596,115.58218,0.0,0.6,0.5
0.21112188727384495,0.20650322434579194,0.5039360762094771,54.0,39.5940381444081,-0.72,0.0,1.0,0.21658986175116723,10.775,0.0,-74.990166,94.79596,115.58218,0.0,0.6,0.5
0.18779317572586976,0.22771565501651966,0.50391955033639,55.44,123261.17877551001,-0.72,0.0,1.0,0.04873805963318745,10.78,0.0,-85.98737,-27.3471,-108.39777,0.0,0.0,0.5
0.16664424226570218,0.24276655105507977,0.50396866217837,56.699999999999996,170478.1625806449,-0.72,0.0,1.0,0.06399731437118561,10.785,0.0,-85.98737,-27.3471,-108.39777,0.0,0.0,0.5
0.14649246595822785,0.24915003226545882,0.5039210775563362,57.78,146124.13935483943,-0.72,0.0,1.0,-0.04281746879480153,10.790000000000001,0.0,-85.98737,-27.3471,-108.39777,0.0,0.0,0.5
0.13014629531361194,0.24672782651251265,0.5038841754858504,58.68,125829.1199999998,-0.72,0.0,1.0,0.3997009186071452,10.795,0.0,-85.98737,-27.3471,-108.39777,0.0,0.0,0.5
0.1153611048564699,0.2477005740661855,0.504077662748093,59.4,86282.82514285701,-0.72,0.0,1.0,-0.08859523300879601,10.8,8.522881865501404,56.88186,107.10636,23.337753,0.6,0.6,0.5
0.10680054998196471,0.25951358760215654,0.5037717064475622,59.76,48708.04645161283,-0.72,0.0,1.0,0.04873805963318745,10.805,8.522881865501404,56.88186,107.10636,23.337753,0.6,0.6,0.5
0.09123944488409828,0.25505359908662834,0.5039719537469474,60.12,15566.489072164924,-0.72,0.0,1.0,-0.180150761436785,10.81,8.522881865501404,56.88186,107.10636,23.337753,0.6,0.6,0.5
0.08257706344558642,0.25348250940513434,0.5037203119139868,60.12,0.0,-0.72,0.0,1.0,0.36918240913114886,10.815,8.522881865501404,56.88186,107.10636,23.337753,0.6,0.6,0.5
0.07640973333433895,0.2594026679930731,0.5034136767748695,60.12,0.0,-0.72,0.0,1.0,-0.04281746879480153,10.82,20.0,77.10546,65.638145,62.44449,0.6,0.6,0.5
0.06499984484899045,0.26095930871593276,0.5032662180112443,59.94,-23592.959999999963,-0.72,0.0,1.0,0.4302194280831415,10.825000000000001,20.0,77.10546,65.638145,62.44449,0.6,0.6,0.5
0.050113732856147224,0.2564012975044311,0.5032792259599614,59.4,-75497.47199999988,-0.72,0.0,1.0,0.09451582384718193,10.83,20.0,77.10546,65.638145,62.44449,0.6,0.6,0.5
0.03842294134125358,0.25775584335422375,0.5033517367303164,59.04,-52067.222068965435,-0.72,0.0,1.0,0.12503433332317826,10.835,20.0,77.10546,65.638145,62.44449,0.6,0.6,0.5
0.040629678819614226,0.26411584721894693,0.5036230197548172,58.32,-91512.08727272713,-0.72,0.0,1.0,-0.1343729972227905,10.84,8.522881865501404,-101.42952,-15.404694,115.40162,0.0,0.0,0.5
0.039287995098319574,0.26129749890069165,0.5037280718768844,57.599999999999994,-97416.09290322661,-0.72,0.0,1.0,0.24710837122716356,10.845,8.522881865501404,-101.42952,-15.404694,115.40162,0.0,0.0,0.5
0.05008239777057577,0.255952013981883,0.5037955142732111,56.699999999999996,-117964.79999999981,-0.72,0.0,1.0,-0.012298959318805203,10.85,8.522881865501404,-101.42952,-15.404694,115.40162,0.0,0.0,0.5
0.06451133165490232,0.2738228436655728,0.5036780344915378,55.8,-121770.11612903206,-0.72,0.0,1.0,0.20133060701316907,10.855,8.522881865501404,-101.42952,-15.404694,115.40162,0.0,0.0,0.5
0.07406505081430932,0.2838295388768581,0.5040436502745207,54.54,-30.700548039107428,-0.72,0.0,1.0,0.09451582384718193,10.86,0.0,-93.43644,-135.83464,-16.105106,0.0,0.0,0.5
0.09882242576934037,0.28488545111081914,0.504014192233133,53.28,-44040.19199999993,-0.72,0.0,1.0,0.09451582384718193,10.865,0.0,-93.43644,-135.83464,-16.105106,0.0,0.0,0.5
0.10777318703045394,0.31782888378661317,0.5041878579198857,51.66,-178809.80210526366,-0.72,0.0,1.0,0.07925656910918377,10.870000000000001,0.0,-93.43644,-135.83464,-16.105106,0.0,0.0,0.5
0.12886434497913693,0.3379144251746691,0.5041044954041187,50.04,-212336.63999999966,-0.72,0.0,1.0,0.49125644703513416,10.875,0.0,-93.43644,-135.83464,-16.105106,0.0,0.0,0.5
0.14818260663947144,0.3361992001460981,0.5043089542562772,48.059999999999995,-259522.56000000052,-0.72,0.0,1.0,-0.11911374248479234,10.88,0.0,1.5388097,19.767807,-141.86343,0.6,0.6,0.5
0.16189740869096775,0.32801351550352875,0.5047453739666471,46.26,-228780.21818181782,-0.72,0.0,1.0,0.29288613544115805,10.885,0.0,1.5388097,19.767807,-141.86343,0.6,0.6,0.5
0.16764883465717884,0.3242413461903763,0.5049110911279373,44.1,-266461.6658823525,-0.72,0.0,1.0,-0.11911374248479234,10.89,0.0,1.5388097,19.767807,-141.86343,0.6,0.6,0.5
0.17131084243793768,0.3284168225317923,0.5046512364790139,41.94,-283115.5200000005,-0.72,0.0,1.0,0.3997009186071452,10.895,0.0,1.5388097,19.767807,-141.86343,0.6,0.6,0.5
0.1728317192913616,0.32340005069955324,0.5044675602200333,39.6,-52.89074642308616,-0.72,0.0,1.0,0.07925656910918377,10.9,8.522881865501404,-67.77733,-116.30427,-169.75833,0.0,0.0,0.5
0.17085975638158438,0.31803513507146386,0.5047726247403792,37.44,-184891.76816326563,-0.72,0.0,1.0,0.15555284279917458,10.905,8.522881865501404,-67.77733,-116.30427,-169.75833,0.0,0.0,0.5
0.16466483027869425,0.32902830257227894,0.5048245944677149,34.92,-340956.3251612898,-0.72,0.0,1.0,-0.027558214056803365,10.91,8.522881865501404,-67.77733,-116.30427,-169.75833,0.0,0.0,0.5
0.1539865957924039,0.3255102293563325,0.5047109859814303,32.58,-87630.99428571442,-0.72,0.0,1.0,0.20133060701316907,10.915000000000001,8.522881865501404,-67.77733,-116.30427,-169.75833,0.0,0.0,0.5
0.14793205581404598,0.3133358849984431,0.5046463557574888,30.06,-352321.53599999996,-0.72,0.0,1.0,0.09451582384718193,10.92,20.0,78.81476,-86.06062,-74.092834,0.6,0.0,0.5
0.14688755337462744,0.30050780578055314,0.5049075261900842,27.54,-301989.888,-0.72,0.0,1.0,0.24710837122716356,10.925,20.0,78.81476,-86.06062,-74.092834,0.6,0.0,0.5
0.14537795087520017,0.3005832058238473,0.5047604682821686,24.84,-198677.5578947368,-0.72,0.0,1.0,0.00296029541919296,10.93,20.0,78.81476,-86.06062,-74.092834,0.6,0.0,0.5
0.14516869084134443,0.2918898980510656,0.5047861240470148,22.14,-333077.0823529411,-0.72,0.0,1.0,0.32340464491715437,10.935,20.0,78.81476,-86.06062,-74.092834,0.6,0.0,0.5
0.14559917087534668,0.2908856228171938,0.5045266313491226,19.439999999999998,-365310.3483870972,-0.72,0.0,1.0,0.07925656910918377,10.94,8.522881865501404,31.265556,-31.074162,-21.008821,0.6,0.0,0.5
0.14552678569775931,0.29388551430681725,0.5045035824970021,16.74,-65.6199236291785,-0.72,0.0,1.0,0.2623676259651617,10.945,8.522881865501404,31.265556,-31.074162,-21.008821,0.6,0.0,0.5
0.14591008289245613,0.2914662619482756,0.5043796807759555,13.86,-223696.21333333326,-0.72,0.0,1.0,0.2776268807031599,10.950000000000001,8.522881865501404,31.265556,-31.074162,-21.008821,0.6,0.0,0.5
0.14683734915637986,0.30002143370938666,0.5038483985992486,11.16,-353894.3999999999,-0.72,0.0,1.0,0.21658986175116723,10.955,8.522881865501404,31.265556,-31.074162,-21.008821,0.6,0.0,0.5
0.1476995181341561,0.28538406913863706,0.5036868569934879,8.459999999999999,-365310.3483870969,-0.8999999999999999,-24354.023225806442,1.0,-0.10385448774679418,10.96,0.0,67.6689,-52.36422,36.78129,0.6,0.0,0.5
0.14919599097165942,0.27485188951517,0.5033794890127701,5.76,-377487.3599999999,-0.72,25165.82399999999,1.0,7.739402447584485,10.965,0.0,67.6689,-52.36422,36.78129,0.6,0.0,0.5
0.15523352212003108,0.25924501578789466,0.5037932685544947,3.96,-95566.42025316454,3.2399999999999998,210246.12455696202,1.0,11.447401348918092,10.97,0.0,67.6689,-52.36422,36.78129,0.6,0.0,0.5
0.17057263890293972,0.2335002013144866,0.505605779586257,3.5999999999999996,-47185.92000000004,3.2399999999999998,0.0,1.0,1.2999969481490368,10.975,0.0,67.6689,-52.36422,36.78129,0.6,0.0,0.5
0.18313588905188527,0.2021963467499503,0.5057594463932845,4.32,97416.09290322589,2.34,-121770.11612903225,1.0,-0.16489150669878683,10.98,0.0,57.70138,-52.332935,-88.69765,0.6,0.0,0.5
0.19715670950571493,0.17371706982951915,0.5064972408329647,6.12,41.42545199150612,0.18,-49.710542389807344,1.0,0.33866389965515253,10.985,0.0,57.70138,-52.332935,-88.69765,0.6,0.0,0.5
0.2171835138502671,0.17222640974860545,0.5047139849365154,7.56,111848.10666666663,-1.08,-97867.09333333334,1.0,-0.6684469130527813,10.99,0.0,57.70138,-52.332935,-88.69765,0.6,0.0,0.5
0.23497002902593722,0.15603641708772975,0.5033247410396281,9.0,188743.68000000005,-0.18,117964.80000000002,1.0,-0.454817346720807,10.995000000000001,0.0,57.70138,-52.332935,-88.69765,0.6,0.0,0.5
0.24990387452577092,0.13953750774033682,0.503184278690993,11.16,283115.52,-0.8999999999999999,-94371.84,1.0,-0.42429883724481066,11.0,0.0,89.912506,-198.2348,103.501076,0.6,0.0,0.5
0.26836925635582837,0.12839050424262807,0.5023018085897188,12.6,194832.18580645154,-0.72,24354.023225806442,1.0,0.3081453901791562,11.005,0.0,89.912506,-198.2348,103.501076,0.6,0.0,0.5
0.28437075405847406,0.11199072461914333,0.5020073912339367,14.94,327155.712,-0.8999999999999999,-25165.82399999999,1.0,0.09451582384718193,11.01,0.0,89.912506,-198.2348,103.501076,0.6,0.0,0.5
0.2964916158007205,0.09676526398380655,0.5021122182099128,17.46,330301.4400000002,-0.8999999999999999,0.0,1.0,0.3539231543931507,11.015,0.0,89.912506,-198.2348,103.501076,0.6,0.0,0.5
0.31112879600499355,0.07768529307087275,0.5019864904576614,19.98,117440.51199999997,-0.8999999999999999,0.0,1.0,0.20133060701316907,11.02,0.0,82.869064,-33.821926,-134.00705,0.6,0.0,0.5
0.3249113069913992,0.07337153746789411,0.5020472687038954,22.68,343170.32727272715,-0.8999999999999999,0.0,1.0,-0.027558214056803365,11.025,0.0,82.869064,-33.821926,-134.00705,0.6,0.0,0.5
0.3353523474215085,0.0653739416997775,0.5020924345144321,25.56,70.2788296554011,-0.8999999999999999,0.0,1.0,-0.08859523300879601,11.03,0.0,82.869064,-33.821926,-134.00705,0.6,0.0,0.5
0.3468820767808171,0.05329668735384874,0.5017982214208241,28.439999999999998,246522.35755102034,-0.8999999999999999,0.0,1.0,0.15555284279917458,11.035,0.0,82.869064,-33.821926,-134.00705,0.6,0.0,0.5
0.35888926413715905,0.04507471578785417,0.5014127449568823,31.68,411804.392727273,-0.8999999999999999,0.0,1.0,0.33866389965515253,11.040000000000001,0.0,110.53607,26.930626,-175.92375,0.6,0.6,0.5
0.36834792895667473,0.0315642770068713,0.5007436472534602,34.74,116677.91127272736,-0.8999999999999999,0.0,1.0,0.41496017334514335,11.045,0.0,110.53607,26.930626,-175.92375,0.6,0.6,0.5
0.37740714442033035,0.01689753274115252,0.5005889017978704,37.98,452984.8319999993,-0.8999999999999999,0.0,1.0,0.033478804895189285,11.05,0.0,110.53607,26.930626,-175.92375,0.6,0.6,0.5
0.3862192917927172,0.0076567040027291,0.500610517883283,41.4,448266.2400000002,-0.8999999999999999,0.0,1.0,0.3539231543931507,11.055,0.0,110.53607,26.930626,-175.92375,0.6,0.6,0.5
0.39351526761538136,0.014260773860033212,0.5006151648050005,44.64,424673.28000000026,-0.8999999999999999,0.0,1.0,0.17081209753717275,11.06,0.0,53.052372,-50.30191,-68.108826,0.6,0.0,0.5
0.4008744403934333,0.013959634374006533,0.49995328048125076,48.059999999999995,448266.2399999993,-0.8999999999999999,0.0,1.0,0.5065157017731323,11.065,0.0,53.052372,-50.30191,-68.108826,0.6,0.0,0.5
0.40744752645971744,0.014187293354316337,0.5002550108609741,51.3,73.210458617736,-0.8999999999999999,0.0,1.0,0.20133060701316907,11.07,0.0,53.052372,-50.30191,-68.108826,0.6,0.0,0.5
0.41350318901416167,0.021734227901894592,0.5001468580288442,54.54,167772.1600000001,-0.8999999999999999,0.0,1.0,0.2776268807031599,11.075000000000001,0.0,53.052372,-50.30191,-68.108826,0.6,0.0,0.5
0.41895706964687707,0.030584122181114764,0.5004648752609612,57.78,367284.9989189191,-0.8999999999999999,0.0,1.0,0.2776268807031599,11.08,0.0,30.13595,200.7228,22.926537,0.6,0.6,0.5
0.42465508907278327,0.04172935561865617,0.5005251770496826,60.839999999999996,388926.37090909027,-0.8999999999999999,0.0,1.0,0.15555284279917458,11.085,0.0,30.13595,200.7228,22.926537,0.6,0.6,0.5
0.42950224529468795,0.045522112989231915,0.5008024347887121,63.72,402653.18400000036,-0.8999999999999999,0.0,1.0,0.1097750785851801,11.09,0.0,30.13595,200.7228,22.926537,0.6,0.6,0.5
0.4341494549321568,0.06756968193106208,0.5008588885428136,66.6,402653.18399999937,-0.72,25165.82399999999,1.0,0.32340464491715437,11.095,0.0,30.13595,200.7228,22.926537,0.6,0.6,0.5
0.43921980420247664,0.08714540232090075,0.5008260376656095,69.3,343170.3272727276,-0.72,0.0,1.0,0.04873805963318745,11.1,0.0,74.08209,-12.419176,-24.932508,0.6,0.0,0.5
0.4427336241446399,0.08383316153434332,0.5010813671734324,71.82,94371.83999999985,-0.72,0.0,1.0,0.46073793755913783,11.105,0.0,74.08209,-12.419176,-24.932508,0.6,0.0,0.5
0.4451557133423727,0.09509561079279445,0.5009870875597063,74.16,265261.3881081085,-0.72,0.0,1.0,0.09451582384718193,11.11,0.0,74.08209,-12.419176,-24.932508,0.6,0.0,0.5
0.447057623823352,0.10373224417800403,0.5012287490728691,76.14,44.965736748064415,-0.72,0.0,1.0,0.20133060701316907,11.115,0.0,74.08209,-12.419176,-24.932508,0.6,0.0,0.5
0.44801251527457436,0.09780896976582018,0.5018356198126146,77.94,107853.53142857125,-0.72,0.0,1.0,0.36918240913114886,11.120000000000001,0.0,50.071636,44.334164,40.15593,0.6,0.6,0.5
0.4489162285898706,0.1075567286891643,0.5023124399546991,79.38,47557.46267716528,-0.72,0.0,1.0,0.3997009186071452,11.125,0.0,50.071636,44.334164,40.15593,0.6,0.6,0.5
0.4512084028702967,0.1173809558133585,0.5022659379998234,80.28,125829.1200000008,-0.72,0.0,1.0,0.24710837122716356,11.13,0.0,50.071636,44.334164,40.15593,0.6,0.6,0.5
0.4530665003708962,0.1321172431367597,0.5024729420873149,80.82,75497.47199999889,-0.72,0.0,1.0,0.3081453901791562,11.135,0.0,50.071636,44.334164,40.15593,0.6,0.6,0.5
0.4545295808778347,0.13157234186695682,0.5027557765352042,80.82,0.0,-0.72,0.0,1.0,0.29288613544115805,11.14,0.0,38.334846,-95.60795,63.796227,0.6,0.0,0.5
0.4567194087157417,0.13952566933094013,0.5026068186382548,80.46,-45756.04363636357,-0.72,0.0,1.0,0.32340464491715437,11.145,0.0,38.334846,-95.60795,63.796227,0.6,0.0,0.5
0.4588374580298281,0.14532901382604124,0.5026230361847444,79.74,-100663.29599999984,-0.72,0.0,1.0,0.1860713522751709,11.15,0.0,38.334846,-95.60795,63.796227,0.6,0.0,0.5
0.46033876678393354,0.15600885357531707,0.5028819532839665,78.84,-130168.05517241255,-0.72,0.0,1.0,0.2318491164891654,11.155,0.0,38.334846,-95.60795,63.796227,0.6,0.0,0.5
0.4632327104249792,0.15879867171672488,0.5022468891864642,77.58,-30.704472138462467,-0.72,0.0,1.0,0.3081453901791562,11.16,0.0,-65.77002,-140.65932,-70.54808,0.0,0.0,0.5
0.4653809324753944,0.15293864900360254,0.5025589396580341,75.96,-102951.09818181847,-0.72,0.0,1.0,0.12503433332317826,11.165000000000001,0.0,-65.77002,-140.65932,-70.54808,0.0,0.0,0.5
0.46779965050647315,0.16898539260446324,0.5024434960816451,74.34,-212336.63999999873,-0.72,0.0,1.0,0.04873805963318745,11.17,0.0,-65.77002,-140.65932,-70.54808,0.0,0.0,0.5
0.47004388932671587,0.17713613407769108,0.5025050352843099,72.36,-176696.21106383015,-0.72,0.0,1.0,0.20133060701316907,11.175,0.0,-65.77002,-140.65932,-70.54808,0.0,0.0,0.5
0.47267169313653923,0.19564553747052202,0.502398885699199,70.56,-228780.21818181782,-0.72,0.0,1.0,0.21658986175116723,11.18,0.0,-115.6691,-115.87145,-146.61333,0.0,0.0,0.5
0.47467767743655964,0.19733726482451477,0.502094990946602,68.39999999999999,-292248.27870967885,-0.72,0.0,1.0,0.24710837122716356,11.185,0.0,-115.6691,-115.87145,-146.61333,0.0,0.0,0.5
0.47641341260922043,0.19854350149279956,0.501897065939616,66.42,-251658.2399999987,-0.72,0.0,1.0,0.033478804895189285,11.19,0.0,-115.6691,-115.87145,-146.61333,0.0,0.0,0.5
0.4780629768343974,0.20231215512931194,0.5017975528933936,64.44,-276824.06400000054,-0.72,0.0,1.0,0.3081453901791562,11.195,0.0,-115.6691,-115.87145,-146.61333,0.0,0.0,0.5
0.47969646738870336,0.2034753122187495,0.5016976570617326,62.46,-45.650406332453755,-0.8999999999999999,-4.150036939313983,1.0,0.1860713522751709,11.200000000000001,0.0,42.380257,-108.61361,-16.619389,0.6,0.0,0.5
0.4805748292220259,0.2014846347010872,0.5015873824539578,60.66,-157286.40000000037,-0.8999999999999999,0.0,1.0,0.4302194280831415,11.205,0.0,42.380257,-108.61361,-16.619389,0.6,0.0,0.5
0.4801184694491396,0.1765378026807514,0.5016798945022566,58.86,-228780.21818181782,-0.8999999999999999,0.0,1.0,0.21658986175116723,11.21,0.0,42.380257,-108.61361,-16.619389,0.6,0.0,0.5
0.47933642451872027,0.16638130390051345,0.5019748162926804,57.239999999999995,-226492.41600000064,-0.8999999999999999,0.0,1.0,0.24710837122716356,11.215,0.0,42.380257,-108.61361,-16.619389,0.6,0.0,0.5
0.4768806065170988,0.1493086038247749,0.5015281609557606,55.8,-194832.1858064513,-0.8999999999999999,0.0,1.0,-0.027558214056803365,11.22,0.0,-103.26949,124.64635,150.52356,0.0,0.6,0.5
0.4617057536044967,0.1354995405060312,0.5016724807249547,54.54,-56826.0541935483,-0.8999999999999999,0.0,1.0,0.1860713522751709,11.225,0.0,-103.26949,124.64635,150.52356,0.0,0.6,0.5
0.4357641997839728,0.12602562553503546,0.5013904334957672,53.1,-201326.59199999968,-0.8999999999999999,0.0,1.0,0.07925656910918377,11.23,0.0,-103.26949,124.64635,150.52356,0.0,0.6,0.5
0.407909246457151,0.10645461866951728,0.5012128366751231,52.019999999999996,-87112.46769230813,-0.8999999999999999,0.0,1.0,0.2623676259651617,11.235,0.0,-103.26949,124.64635,150.52356,0.0,0.6,0.5
0.38982187180476724,0.09706837393801915,0.5014522186042784,50.76,-176160.76799999972,-0.8999999999999999,0.0,1.0,0.2623676259651617,11.24,0.0,-102.88811,128.54863,159.0807,0.0,0.6,0.5
0.38180834765238797,0.07787266142821432,0.5018466452164924,49.5,-30.068577085668394,-0.8999999999999999,0.0,1.0,0.12503433332317826,11.245000000000001,0.0,-102.88811,128.54863,159.0807,0.0,0.6,0.5
0.37739853336169654,0.08356323605927717,0.501604592149689,48.42,-46222.942040816255,-0.8999999999999999,0.0,1.0,-0.027558214056803365,11.25,0.0,-102.88811,128.54863,159.0807,0.0,0.6,0.5
0.37117392032730806,0.07250293443481172,0.5016195650023011,47.16,-122902.86139534933,-0.8999999999999999,0.0,1.0,0.21658986175116723,11.255,0.0,-102.88811,128.54863,159.0807,0.0,0.6,0.5
0.3629708742884763,0.06410125529767197,0.5016740345455576,46.08,-133230.83294117625,-0.8999999999999999,0.0,1.0,0.384441663869147,11.26,0.0,-116.86426,110.571396,136.84422,0.0,0.6,0.5
0.35662099284221094,0.04982144680433817,0.5015760993861844,45.0,-150994.94399999976,-0.8999999999999999,0.0,1.0,0.36918240913114886,11.265,0.0,-116.86426,110.571396,136.84422,0.0,0.6,0.5
0.3487942410439568,0.0490440617746061,0.5015788702581926,43.92,-129424.23771428551,-0.8999999999999999,0.0,1.0,0.36918240913114886,11.27,0.0,-116.86426,110.571396,136.84422,0.0,0.6,0.5
0.3329376840219949,0.05741952028558569,0.5021323596668928,42.839999999999996,-141557.7600000007,-0.72,23592.959999999992,1.0,0.033478804895189285,11.275,0.0,-116.86426,110.571396,136.84422,0.0,0.6,0.5
0.31407749909485116,0.07129433726197336,0.5021973782017063,41.76,-146124.13935483847,-0.72,0.0,1.0,0.20133060701316907,11.28,0.0,-93.32988,114.572334,142.45383,0.0,0.6,0.5
0.29100915192139876,0.11162716105246921,0.5023893363211978,40.5,-29.07807071407344,-0.72,0.0,1.0,0.36918240913114886,11.285,0.0,-93.32988,114.572334,142.45383,0.0,0.6,0.5
0.2679064366822319,0.13265433558406128,0.5027239723315358,39.24,-76591.63826086944,-0.72,0.0,1.0,0.2623676259651617,11.290000000000001,0.0,-93.32988,114.572334,142.45383,0.0,0.6,0.5
0.24329333680396817,0.13891085406872256,0.5031573575534919,37.98,-160146.15272727338,-0.72,0.0,1.0,0.033478804895189285,11.295,0.0,-93.32988,114.572334,142.45383,0.0,0.6,0.5
0.22026592582533264,0.16599283471685797,0.5031889569115189,36.54,-188743.6799999997,-0.72,0.0,1.0,0.07925656910918377,11.3,0.0,-113.77736,87.42878,115.49082,0.0,0.6,0.5
0.1974754174552404,0.17409406620026638,0.503249995544624,35.1,-201326.59199999968,-0.72,0.0,1.0,0.07925656910918377,11.305,0.0,-113.77736,87.42878,115.49082,0.0,0.6,0.5
0.17600187220214844,0.19137527283149375,0.5039259236500833,33.48,-219186.2090322587,-0.72,0.0,1.0,0.15555284279917458,11.31,0.0,-113.77736,87.42878,115.49082,0.0,0.6,0.5
0.15572468682039736,0.20720901286720855,0.5039770727624032,31.86,-205902.19636363603,-0.72,0.0,1.0,0.15555284279917458,11.315,0.0,-113.77736,87.42878,115.49082,0.0,0.6,0.5
0.13800844756292394,0.22775116360090208,0.5042048251654261,30.24,-219186.2090322582,-0.72,0.0,1.0,0.5217749565111305,11.32,0.0,-115.74602,-119.766014,107.93735,0.0,0.0,0.5
0.1254142277424326,0.24016604111802803,0.5045217732204167,28.439999999999998,-235929.6000000001,-0.72,0.0,1.0,0.12503433332317826,11.325000000000001,0.0,-115.74602,-119.766014,107.93735,0.0,0.0,0.5
0.11774216154294334,0.24317730239336757,0.5048702548222002,26.64,-42.67853339212421,-0.72,0.0,1.0,0.1860713522751709,11.33,0.0,-115.74602,-119.766014,107.93735,0.0,0.0,0.5
0.1032369487876023,0.257021034570328,0.5048146699710474,24.84,-43640.15722543354,-0.72,0.0,1.0,0.2623676259651617,11.335,0.0,-115.74602,-119.766014,107.93735,0.0,0.0,0.5
0.09223774443629987,0.27529493102814984,0.5049939810686952,22.86,-138412.03200000004,-0.72,0.0,1.0,0.3997009186071452,11.34,0.0,89.760216,-125.66864,-174.16496,0.6,0.0,0.5
0.07740598384018536,0.2950393531315679,0.5048723805609622,20.88,-259522.56000000006,-0.72,0.0,1.0,0.29288613544115805,11.345,0.0,89.760216,-125.66864,-174.16496,0.6,0.0,0.5
0.0620951530377337,0.3117390478162121,0.5050970739152257,18.72,-301989.88800000004,-0.72,0.0,1.0,0.29288613544115805,11.35,0.0,89.760216,-125.66864,-174.16496,0.6,0.0,0.5
0.05627434402531743,0.3212633695710456,0.5050969151777887,16.56,-251658.24000000002,-0.72,0.0,1.0,0.32340464491715437,11.355,0.0,89.760216,-125.66864,-174.16496,0.6,0.0,0.5
0.04346366032596216,0.325248032706088,0.50495911811535,14.219999999999999,-306708.48,-0.72,0.0,1.0,0.24710837122716356,11.36,8.522881865501404,71.20874,-89.257576,-125.47169,0.6,0.0,0.5
0.024174210937920604,0.3251522975662218,0.5047071564377563,11.879999999999999,-166350.3620338983,-0.72,0.0,1.0,0.46073793755913783,11.365,8.522881865501404,71.20874,-89.257576,-125.47169,0.6,0.0,0.5
0.03020172437833438,0.32818527465992436,0.5039483418638011,9.54,-54.31142188355994,-0.72,0.0,1.0,0.29288613544115805,11.370000000000001,8.522881865501404,71.20874,-89.257576,-125.47169,0.6,0.0,0.5
0.023997809193646216,0.33650290497755886,0.5035724808172227,7.02,-137268.1309090909,-0.72,0.0,1.0,0.12503433332317826,11.375,8.522881865501404,71.20874,-89.257576,-125.47169,0.6,0.0,0.5
0.018360997449117258,0.32452402177503686,0.5035006721463077,4.68,-265261.3881081081,1.44,244856.66594594595,1.0,6.015106662190636,11.38,20.0,33.007256,-131.56511,68.5971,0.6,0.0,0.5
0.018946963944476373,0.31700701610495585,0.5047823619185621,3.06,-194136.35657142854,3.78,280419.1817142857,1.0,7.083254493850507,11.385,20.0,33.007256,-131.56511,68.5971,0.6,0.0,0.5
0.021267343381988504,0.31253606654008387,0.5057218974135997,2.52,-19194.272542372884,3.42,-12796.181694915249,1.0,3.771996215704851,11.39,20.0,33.007256,-131.56511,68.5971,0.6,0.0,0.5
0.028012298999068735,0.2833183688137884,0.5065029296462138,3.06,66615.41647058824,3.42,0.0,1.0,0.20133060701316907,11.395,20.0,33.007256,-131.56511,68.5971,0.6,0.0,0.5
0.052496962766780814,0.2506376814694412,0.5072857521258041,4.14,133230.83294117643,1.26,-266461.665882353,1.0,2.4291817987609576,11.4,8.522881865501404,94.28329,-35.042114,27.735273,0.6,0.0,0.5
0.0793355066807267,0.2284876941631423,0.5052669934031869,5.9399999999999995,125829.11999999998,-0.8999999999999999,-150994.94400000002,1.0,3.222663045136862,11.405,8.522881865501404,94.28329,-35.042114,27.735273,0.6,0.0,0.5
0.09198650297184911,0.21225058424983517,0.5040065163557118,6.66,97416.09290322589,-0.54,48708.046451612885,1.0,0.5370342112491286,11.41,8.522881865501404,94.28329,-35.042114,27.735273,0.6,0.0,0.5
0.10394179297623744,0.18802255331051312,0.5034714323278845,8.1,34.914345767649955,-0.54,0.0,1.0,-0.9125949888607519,11.415000000000001,8.522881865501404,94.28329,-35.042114,27.735273,0.6,0.0,0.5
0.12874078219625912,0.15874304157244223,0.5020952956892334,9.18,42335.03102803739,-0.72,-7055.8385046728945,1.0,-0.363261818292818,11.42,0.0,81.965485,83.463036,-185.51474,0.6,0.6,0.5
0.1478359700810467,0.1279060219818615,0.5018690162658271,10.44,135508.28307692305,-0.8999999999999999,-19358.32615384615,1.0,0.12503433332317826,11.425,0.0,81.965485,83.463036,-185.51474,0.6,0.6,0.5
0.16319479547637694,0.10900542319986309,0.5021446216967383,11.879999999999999,177641.11058823523,-0.72,22205.138823529403,1.0,0.06399731437118561,11.43,0.0,81.965485,83.463036,-185.51474,0.6,0.6,0.5
0.18306366511380276,0.10205862740617158,0.5012372156276809,13.139999999999999,170478.16258064512,-0.8999999999999999,-24354.023225806442,1.0,0.5370342112491286,11.435,0.0,81.965485,83.463036,-185.51474,0.6,0.6,0.5
0.20126209278569263,0.0938905993701072,0.5013368761333782,14.58,172565.65028571445,-0.72,21570.706285714277,1.0,0.384441663869147,11.44,0.0,46.521626,102.4727,-175.82652,0.6,0.6,0.5
0.21476843650896937,0.07729688110118912,0.5012337461504179,16.2,51475.549090909066,-0.72,0.0,1.0,0.04873805963318745,11.445,0.0,46.521626,102.4727,-175.82652,0.6,0.6,0.5
0.23223106661789902,0.07288953584025584,0.5011188777057342,17.64,177641.11058823546,-0.8999999999999999,-22205.138823529403,1.0,0.15555284279917458,11.450000000000001,0.0,46.521626,102.4727,-175.82652,0.6,0.6,0.5
0.24921132640610583,0.07182849125077215,0.5010505058083642,19.259999999999998,36.466336499758434,-0.72,4.051815166639831,1.0,-0.11911374248479234,11.455,0.0,46.521626,102.4727,-175.82652,0.6,0.6,0.5
0.2615646884449807,0.07647703895702898,0.5013136440412014,21.06,82964.25494505499,-0.8999999999999999,-8296.42549450549,1.0,0.5980712302011213,11.46,0.0,67.44935,-122.56813,22.247845,0.6,0.0,0.5
0.27574632273247224,0.07881339868722582,0.501013255012093,22.86,215707.06285714294,-0.8999999999999999,0.0,1.0,0.49125644703513416,11.465,0.0,67.44935,-122.56813,22.247845,0.6,0.0,0.5
0.2913660336679012,0.08245219936380498,0.5009794251554661,24.84,259522.56000000006,-0.8999999999999999,0.0,1.0,0.3539231543931507,11.47,0.0,67.44935,-122.56813,22.247845,0.6,0.0,0.5
0.3029769163447998,0.09923988887486958,0.5008007298252691,26.82,286369.7213793104,-0.8999999999999999,0.0,1.0,0.12503433332317826,11.475,0.0,67.44935,-122.56813,22.247845,0.6,0.0,0.5
0.31504998482943475,0.12746095431852397,0.5004470461821606,28.799999999999997,276824.06399999955,-0.8999999999999999,0.0,1.0,0.384441663869147,11.48,0.0,80.3926,99.78705,-154.7875,0.6,0.6,0.5
0.3280011522175517,0.14761412921859404,0.5001549534264811,30.959999999999997,258848.47542857146,-0.8999999999999999,0.0,1.0,0.1860713522751709,11.485,0.0,80.3926,99.78705,-154.7875,0.6,0.6,0.5
0.3379339199047882,0.16425663720837053,0.49983766295882803,33.12,292248.27870967746,-0.8999999999999999,0.0,1.0,0.3081453901791562,11.49,0.0,80.3926,99.78705,-154.7875,0.6,0.6,0.5
0.3461249210072982,0.1831525986716309,0.49972769494691294,35.28,283115.5200000005,-0.8999999999999999,0.0,1.0,0.3539231543931507,11.495000000000001,0.0,80.3926,99.78705,-154.7875,0.6,0.6,0.5
0.3552758567922507,0.2036984445596361,0.4999053752192267,37.62,56.97558565200472,-0.72,4.382737357846522,1.0,0.5217749565111305,11.5,0.0,29.702927,99.07136,-118.064384,0.6,0.6,0.5
0.3626330939961441,0.19405871671192404,0.4997089760065786,39.96,132630.69405405424,-0.72,0.0,1.0,0.1097750785851801,11.505,0.0,29.702927,99.07136,-118.064384,0.6,0.6,0.5
0.3686617183899304,0.19834480785120137,0.49967374553009714,42.12,220968.21073170696,-0.72,0.0,1.0,0.29288613544115805,11.51,0.0,29.702927,99.07136,-118.064384,0.6,0.6,0.5
0.37526514658048826,0.20379132118118312,0.4995644538678139,44.46,316602.30193548434,-0.72,0.0,1.0,0.1860713522751709,11.515,0.0,29.702927,99.07136,-118.064384,0.6,0.6,0.5
0.38139931959349677,0.2173416974939183,0.49936322506724656,46.8,84609.23586206883,-0.72,0.0,1.0,0.3081453901791562,11.52,0.0,59.624897,-47.31087,-61.33625,0.6,0.0,0.5
0.3865661291286469,0.21284736917932595,0.49937997537337026,49.14,288666.8047058828,-0.72,0.0,1.0,-0.07333597827079785,11.525,0.0,59.624897,-47.31087,-61.33625,0.6,0.0,0.5
0.3926749743924218,0.2198861125142944,0.4994447171787145,51.3,274536.2618181814,-0.72,0.0,1.0,0.1860713522751709,11.53,0.0,59.624897,-47.31087,-61.33625,0.6,0.0,0.5
0.39784989861216563,0.22219997339725525,0.4996535084131117,53.46,292248.2787096779,-0.72,0.0,1.0,0.09451582384718193,11.535,0.0,59.624897,-47.31087,-61.33625,0.6,0.0,0.5
0.4021522848675279,0.2403886841700647,0.4997540421854828,55.44,267894.25548387057,-0.72,0.0,1.0,0.384441663869147,11.540000000000001,0.0,37.645603,102.96841,26.230463,0.6,0.6,0.5
0.40651576534287465,0.24583595448851758,0.5000114333510925,57.239999999999995,41.613140271293624,-0.72,0.0,1.0,0.1097750785851801,11.545,0.0,37.645603,102.96841,26.230463,0.6,0.6,0.5
0.4106052998286309,0.2582197255782054,0.49992496083483184,58.68,109814.5047272731,-0.72,0.0,1.0,0.5065157017731323,11.55,0.0,37.645603,102.96841,26.230463,0.6,0.6,0.5
0.41378763293823506,0.2808992753639013,0.5000157558144515,60.12,183024.17454545427,-0.72,0.0,1.0,0.06399731437118561,11.555,0.0,37.645603,102.96841,26.230463,0.6,0.6,0.5
0.41658841635785926,0.30131797071636846,0.5001481193038189,61.019999999999996,125829.1199999998,-0.72,0.0,1.0,0.5522934659871268,11.56,0.0,44.03313,72.44065,41.25585,0.6,0.6,0.5
0.41958745650147444,0.29822262492834506,0.49994578986672616,61.739999999999995,100663.29599999984,-0.72,0.0,1.0,0.2623676259651617,11.565,0.0,44.03313,72.44065,41.25585,0.6,0.6,0.5
0.4214430264537543,0.2995072561532634,0.5001479547435985,61.919999999999995,25165.82399999996,-0.72,0.0,1.0,0.5065157017731323,11.57,0.0,44.03313,72.44065,41.25585,0.6,0.6,0.5
0.42376694470947684,0.2983746333167276,0.500231056018417,61.919999999999995,0.0,-0.72,0.0,1.0,0.1860713522751709,11.575000000000001,0.0,44.03313,72.44065,41.25585,0.6,0.6,0.5
0.42678128403967946,0.3008964532829822,0.5002206138707809,61.739999999999995,-8677.870344827572,-0.72,0.0,1.0,0.17081209753717275,11.58,0.0,93.44533,-116.26738,-53.022297,0.6,0.0,0.5
0.4294727084377375,0.30603297020747605,0.5002575796964656,61.199999999999996,-12.208122635102338,-0.72,0.0,1.0,0.2776268807031599,11.585,0.0,93.44533,-116.26738,-53.022297,0.6,0.0,0.5
0.43256556042207484,0.3095726813064725,0.5001991561743562,60.66,-30198.988799999952,-0.72,0.0,1.0,0.384441663869147,11.59,0.0,93.44533,-116.26738,-53.022297,0.6,0.0,0.5
0.4364767153059043,0.2995574679519492,0.5002478648589465,59.76,-102023.61081081066,-0.72,0.0,1.0,0.07925656910918377,11.595,0.0,93.44533,-116.26738,-53.022297,0.6,0.0,0.5
0.43967768017800746,0.2978799039334014,0.5003177177342315,58.86,-33704.22857142852,-0.72,0.0,1.0,0.1097750785851801,11.6,0.0,88.718,-134.84665,-39.80158,0.6,0.0,0.5
0.4438696291988729,0.3119964604873065,0.500006612181478,57.78,-133230.83294117625,-0.72,0.0,1.0,0.07925656910918377,11.605,0.0,88.718,-134.84665,-39.80158,0.6,0.0,0.5
0.44836768243612984,0.3205182966672218,0.4999180702798806,56.699999999999996,-137268.1309090916,-0.72,0.0,1.0,0.44547868282113967,11.61,0.0,88.718,-134.84665,-39.80158,0.6,0.0,0.5
0.45231088273304365,0.33299698723261645,0.4998790657758793,55.62,-133230.83294117625,-0.72,0.0,1.0,0.1860713522751709,11.615,0.0,88.718,-134.84665,-39.80158,0.6,0.0,0.5
0.4548330345745218,0.33958823575858926,0.5001374261081214,54.54,-146124.13935483847,-0.72,0.0,1.0,0.44547868282113967,11.620000000000001,0.0,61.95534,-43.748474,-63.77033,0.6,0.0,0.5
0.45813361584168494,0.3375491602506589,0.4999700597658701,53.46,-146124.13935483847,-0.72,0.0,1.0,0.09451582384718193,11.625,0.0,61.95534,-43.748474,-63.77033,0.6,0.0,0.5
0.46061749153786097,0.33521250744512154,0.4999478582509892,52.559999999999995,-22.000405636955065,-0.72,0.0,1.0,0.384441663869147,11.63,0.0,61.95534,-43.748474,-63.77033,0.6,0.0,0.5
0.4628811167430526,0.3320749528211752,0.4998177321205461,51.48,-33064.58627737221,-0.72,0.0,1.0,0.018219550157191122,11.635,0.0,61.95534,-43.748474,-63.77033,0.6,0.0,0.5
0.46540195315070665,0.3291865286463121,0.49980001821315134,50.76,-91512.08727272713,-0.8999999999999999,-22878.02181818181,1.0,0.1860713522751709,11.64,0.0,-41.373814,-146.99767,-110.2583,0.0,0.0,0.5
0.46821523387817277,0.3245819143068613,0.49964125668302617,50.22,-73062.06967741923,-0.8999999999999999,0.0,1.0,0.24710837122716356,11.645,0.0,-41.373814,-146.99767,-110.2583,0.0,0.0,0.5
0.47030819642034205,0.3197008174484088,0.49951688960358265,49.86,-27962.02666666662,-0.8999999999999999,0.0,1.0,0.29288613544115805,11.65,0.0,-41.373814,-146.99767,-110.2583,0.0,0.0,0.5
0.4728477618485515,0.2980669595575335,0.4991900202804514,49.68,-22878.021818181784,-0.8999999999999999,0.0,1.0,-0.04281746879480153,11.655,0.0,-41.373814,-146.99767,-110.2583,0.0,0.0,0.5
0.4752921800027496,0.27430385395629975,0.4991357779282739,49.68,0.0,-0.8999999999999999,0.0,1.0,0.36918240913114886,11.66,0.0,-33.049114,-132.51982,-185.13254,0.0,0.0,0.5
0.477151684518296,0.2547610543923231,0.49914575174929116,50.04,45756.04363636357,-0.8999999999999999,0.0,1.0,0.09451582384718193,11.665000000000001,0.0,-33.049114,-132.51982,-185.13254,0.0,0.0,0.5
0.479967900763919,0.23077014861144332,0.4989375301950447,50.4,8.13997692697494,-0.8999999999999999,0.0,1.0,0.6438489944151158,11.67,0.0,-33.049114,-132.51982,-185.13254,0.0,0.0,0.5
0.4825705437200723,0.2042598554921221,0.4990450066923135,51.12,52980.68210526308,-0.8999999999999999,0.0,1.0,0.12503433332317826,11.675,0.0,-33.049114,-132.51982,-185.13254,0.0,0.0,0.5
0.4842559027893181,0.18594863133984552,0.49905640743794516,51.839999999999996,91512.08727272713,-0.8999999999999999,0.0,1.0,0.2623676259651617,11.68,0.0,7.5678654,81.43405,72.97114,0.6,0.6,0.5
0.483461982522149,0.16471913467665725,0.4988859398426628,52.739999999999995,130168.05517241359,-0.8999999999999999,0.0,1.0,0.32340464491715437,11.685,0.0,7.5678654,81.43405,72.97114,0.6,0.6,0.5
0.48088214428759907,0.14065427175617642,0.4988922272080439,53.82,156201.66620689732,-0.8999999999999999,0.0,1.0,0.3539231543931507,11.69,0.0,7.5678654,81.43405,72.97114,0.6,0.6,0.5
0.4796109653115345,0.1326202629758758,0.49885518617983626,54.9,49237.48173913036,-0.72,8206.246956521736,1.0,0.2776268807031599,11.695,0.0,7.5678654,81.43405,72.97114,0.6,0.6,0.5
0.47621341013334695,0.12324957803539853,0.49909670839689896,55.98,133230.83294117625,-0.72,0.0,1.0,0.36918240913114886,11.700000000000001,0.0,-106.07219,18.947496,57.492603,0.0,0.6,0.5
0.4718138438630957,0.1169022048594376,0.4995034388985222,57.059999999999995,141557.75999999978,-0.72,0.0,1.0,0.3081453901791562,11.705,0.0,-106.07219,18.947496,57.492603,0.0,0.6,0.5
0.4677694421603236,0.10493973210666437,0.49976410466042703,58.32,182235.27724138004,-0.72,0.0,1.0,0.475997192297136,11.71,0.0,-106.07219,18.947496,57.492603,0.0,0.6,0.5
0.46409418340984043,0.08646115516046637,0.499881608974742,59.4,26.341228135467023,-0.72,0.0,1.0,0.33866389965515253,11.715,0.0,-106.07219,18.947496,57.492603,0.0,0.6,0.5
0.46123637954066765,0.08401446849217907,0.500542963914496,60.66,99713.64226415078,-0.72,0.0,1.0,0.20133060701316907,11.72,0.0,-51.557743,92.0481,114.32456,0.0,0.6,0.5
0.4588971788677958,0.08506271361683271,0.5010073528672818,61.739999999999995,146124.13935483847,-0.72,0.0,1.0,0.32340464491715437,11.725,0.0,-51.557743,92.0481,114.32456,0.0,0.6,0.5
0.4560475313568044,0.07336613964806045,0.5016335078253639,62.82,150994.94400000075,-0.72,0.0,1.0,0.3997009186071452,11.73,0.0,-51.557743,92.0481,114.32456,0.0,0.6,0.5
0.4516175820342646,0.08395882007801334,0.5022009594672393,63.9,156201.6662068963,-0.72,0.0,1.0,0.17081209753717275,11.735,0.0,-51.557743,92.0481,114.32456,0.0,0.6,0.5
0.4474721558527492,0.08004068938154146,0.5025231490725497,64.8,111025.69411764688,-0.72,0.0,1.0,0.36918240913114886,11.74,0.0,-103.96274,37.450806,147.64359,0.0,0.6,0.5
0.44342870560478687,0.11108463945100634,0.5030679674334579,65.52,91512.08727272713,-0.72,0.0,1.0,-0.04281746879480153,11.745000000000001,0.0,-103.96274,37.450806,147.64359,0.0,0.6,0.5
0.432297096236458,0.12889552334093451,0.5035947890777279,66.24,100663.29599999984,-0.72,0.0,1.0,0.1097750785851801,11.75,0.0,-103.96274,37.450806,147.64359,0.0,0.6,0.5
0.4130932875481697,0.14877365272880755,0.5037985513629923,66.6,8.144235683734163,-0.72,0.0,1.0,0.29288613544115805,11.755,0.0,-103.96274,37.450806,147.64359,0.0,0.6,0.5
0.38669254852206886,0.16723108528598737,0.5044205815172742,66.78,5066.944429530394,-0.72,0.0,1.0,0.33866389965515253,11.76,0.0,-107.942825,89.00364,114.18122,0.0,0.6,0.5
0.3585975386028837,0.1842554777550577,0.5047483191444286,66.78,0.0,-0.72,0.0,1.0,0.2318491164891654,11.765,0.0,-107.942825,89.00364,114.18122,0.0,0.6,0.5
0.32849826613924477,0.20506896598685848,0.5050053997318709,66.6,-21570.706285715103,-0.72,0.0,1.0,0.1860713522751709,11.77,0.0,-107.942825,89.00364,114.18122,0.0,0.6,0.5
0.2993766550157586,0.2178521789289859,0.5054434188001821,66.06,-70778.87999999896,-0.72,0.0,1.0,0.033478804895189285,11.775,0.0,-107.942825,89.00364,114.18122,0.0,0.6,0.5
0.2706728740064914,0.23992052796288948,0.505732122359812,65.34,-86282.82514285701,-0.72,0.0,1.0,0.3997009186071452,11.78,0.0,-134.8793,-108.84685,107.74468,0.0,0.0,0.5
0.24364802749923323,0.2516720156001124,0.5062881659586439,64.44,-114390.10909090981,-0.72,0.0,1.0,0.04873805963318745,11.785,0.0,-134.8793,-108.84685,107.74468,0.0,0.0,0.5
0.2176455734391038,0.265595358969325,0.506132915471789,63.18,-170478.1625806449,-0.72,0.0,1.0,0.07925656910918377,11.790000000000001,0.0,-134.8793,-108.84685,107.74468,0.0,0.0,0.5
0.19419511141410778,0.2741861539526856,0.5058815008665439,61.559999999999995,-219186.2090322587,-0.72,0.0,1.0,0.00296029541919296,11.795,0.0,-134.8793,-108.84685,107.74468,0.0,0.0,0.5
0.1720767193658949,0.29053088215738787,0.5056962827486663,59.94,-39.33184266736123,-0.72,0.0,1.0,0.1860713522751709,11.8,0.0,56.192394,-128.46475,-86.81634,0.6,0.0,0.5
0.1526734292579681,0.3037678950525784,0.5052779355197154,57.96,-133947.12774193528,-0.72,0.0,1.0,0.018219550157191122,11.805,0.0,56.192394,-128.46475,-86.81634,0.6,0.0,0.5
0.1341017245233994,0.3189913456319847,0.5050539456132214,55.62,-306708.48000000045,-0.72,0.0,1.0,0.20133060701316907,11.81,0.0,56.192394,-128.46475,-86.81634,0.6,0.0,0.5
0.11794628847291506,0.3354837843710945,0.5049372744827896,53.1,-91909.96591304333,-0.72,0.0,1.0,0.1097750785851801,11.815,0.0,56.192394,-128.46475,-86.81634,0.6,0.0,0.5
0.09939351842854509,0.3360873196806951,0.5048515191075328,50.58,-310871.94352941215,-0.72,0.0,1.0,0.3539231543931507,11.82,8.522881865501404,71.32145,40.351543,-90.72365,0.6,0.6,0.5
0.07998845041536885,0.3329236765256684,0.5043415541965388,47.699999999999996,-377487.36000000034,-0.72,0.0,1.0,0.1860713522751709,11.825000000000001,8.522881865501404,71.32145,40.351543,-90.72365,0.6,0.6,0.5
0.07119143439345882,0.3364548833459288,0.5043003465836766,44.82,-377487.3599999994,-0.72,0.0,1.0,0.21658986175116723,11.83,8.522881865501404,71.32145,40.351543,-90.72365,0.6,0.6,0.5
0.05720127601619467,0.33534988771756163,0.5041825120539878,41.76,-414018.39483870997,-0.72,0.0,1.0,0.20133060701316907,11.835,8.522881865501404,71.32145,40.351543,-90.72365,0.6,0.6,0.5
0.05449078741065292,0.33559404867958936,0.5039856552617449,38.699999999999996,-69.47482226083572,-0.72,0.0,1.0,0.41496017334514335,11.84,20.0,63.429363,-105.32323,-98.49871,0.6,0.0,0.5
0.05982766837547843,0.33477959265157736,0.5040467548271329,35.64,-233355.82254545417,-0.72,0.0,1.0,0.033478804895189285,11.845,20.0,63.429363,-105.32323,-98.49871,0.6,0.0,0.5
0.06498583129586846,0.3343215755196228,0.5038050067325588,32.4,-424673.28000000026,-0.72,0.0,1.0,0.3081453901791562,11.85,20.0,63.429363,-105.32323,-98.49871,0.6,0.0,0.5
0.0667493085135048,0.325547391621517,0.5039798004653658,28.98,-478150.6559999997,-0.72,0.0,1.0,0.17081209753717275,11.855,20.0,63.429363,-105.32323,-98.49871,0.6,0.0,0.5
0.07542807496465034,0.3138575374926464,0.5040322934168647,25.74,-485340.8914285717,-0.72,0.0,1.0,0.09451582384718193,11.86,8.522881865501404,109.76119,-89.31809,-88.63107,0.6,0.0,0.5
0.10162045396115642,0.30211085726703424,0.5037834047293911,22.32,-147881.64618556693,-0.72,0.0,1.0,0.12503433332317826,11.865,8.522881865501404,109.76119,-89.31809,-88.63107,0.6,0.0,0.5
0.12014175719629501,0.3055412239297492,0.5038437461054187,18.9,-448266.2400000002,-0.72,0.0,1.0,0.1097750785851801,11.870000000000001,8.522881865501404,109.76119,-89.31809,-88.63107,0.6,0.0,0.5
0.1318366331485804,0.30058085355107284,0.503791070251455,15.479999999999999,-462726.4412903226,-0.72,0.0,1.0,0.033478804895189285,11.875,8.522881865501404,109.76119,-89.31809,-88.63107,0.6,0.0,0.5
0.15335583649749845,0.2931682661301795,0.5034510703038985,12.059999999999999,-243127.45220338984,-0.72,0.0,1.0,0.018219550157191122,11.88,0.0,59.000828,-37.09722,-21.998188,0.6,0.0,0.5
0.17611460379355132,0.2931265325587347,0.5029579112363153,8.82,-78.49874051225171,-0.8999999999999999,-4.361041139569541,1.0,0.2623676259651617,11.885,0.0,59.000828,-37.09722,-21.998188,0.6,0.0,0.5
0.19265467116049598,0.29263338287798596,0.502663785880104,5.76,-135100.73936842108,-0.72,7947.102315789471,1.0,9.875698110904281,11.89,0.0,59.000828,-37.09722,-21.998188,0.6,0.0,0.5
0.21153778337959783,0.2965402785680094,0.5032734378256762,3.96,-179755.8857142857,3.78,449389.71428571426,1.0,14.255104220709867,11.895,0.0,59.000828,-37.09722,-21.998188,0.6,0.0,0.5
0.2309352546924679,0.2757681467459712,0.505372992346851,3.5999999999999996,-48708.04645161294,3.78,0.0,1.0,0.1860713522751709,11.9,0.0,60.740772,-104.583855,49.562344,0.6,0.0,0.5
0.2434610638474723,0.26098288946178966,0.5058586848380072,4.5,121770.1161290323,1.7999999999999998,-267894.255483871,1.0,0.6438489944151158,11.905,0.0,60.740772,-104.583855,49.562344,0.6,0.0,0.5
0.25592537072713184,0.2455024809843087,0.5056546979869718,7.02,301989.888,-0.8999999999999999,-323560.59428571427,1.0,0.1097750785851801,11.91,0.0,60.740772,-104.583855,49.562344,0.6,0.0,0.5
0.27234109726518996,0.2196518328593659,0.5046053272146872,8.1,141557.76,-0.72,23592.959999999992,1.0,0.09451582384718193,11.915000000000001,0.0,60.740772,-104.583855,49.562344,0.6,0.0,0.5
0.28571801745572994,0.19529212464663395,0.5029999409890623,10.44,316602.3019354839,-0.54,24354.023225806442,1.0,-0.6074098941007886,11.92,0.0,-18.496052,75.8663,91.64644,0.0,0.6,0.5
0.29727024800621443,0.17838825626845467,0.5025480792630331,12.78,54.28588774087922,-0.8999999999999999,-8.351675037058339,1.0,-0.5768913846247923,11.925,0.0,-18.496052,75.8663,91.64644,0.0,0.6,0.5
0.3116237736366963,0.16128465285116822,0.502116473214589,15.479999999999999,74017.12941176469,-0.8999999999999999,0.0,1.0,0.29288613544115805,11.93,0.0,-18.496052,75.8663,91.64644,0.0,0.6,0.5
0.32362648665969135,0.1379055736336125,0.5014385093584816,18.36,345131.30057142867,-0.8999999999999999,0.0,1.0,-0.25644703512683087,11.935,0.0,-18.496052,75.8663,91.64644,0.0,0.6,0.5
0.3327496776176149,0.12088792490570809,0.5017279852989239,21.419999999999998,427819.0079999998,-0.8999999999999999,0.0,1.0,0.09451582384718193,11.94,0.0,90.70953,3.186426,-85.499245,0.6,0.6,0.5
0.3444438857627873,0.11741584897453801,0.5015466916217295,24.66,468604.99862068996,-0.8999999999999999,0.0,1.0,0.1097750785851801,11.945,0.0,90.70953,3.186426,-85.499245,0.6,0.6,0.5
0.35454089693289,0.10330469417969808,0.5011637552444707,28.08,478150.6559999997,-0.8999999999999999,0.0,1.0,0.20133060701316907,11.950000000000001,0.0,90.70953,3.186426,-85.499245,0.6,0.6,0.5
0.3583854314417312,0.08686539886098175,0.5009569182632756,31.5,421897.63764705905,-0.8999999999999999,0.0,1.0,-0.21066927091278131,11.955,0.0,90.70953,3.186426,-85.499245,0.6,0.6,0.5
0.3560603942372484,0.07097160506054537,0.5009978473051936,35.1,471859.2000000002,-0.8999999999999999,0.0,1.0,-0.16489150669878683,11.96,0.0,46.528896,-90.41515,17.613499,0.6,0.0,0.5
0.354386230996522,0.06355350885057605,0.5003661399191189,38.519999999999996,448266.2399999993,-0.8999999999999999,0.0,1.0,0.44547868282113967,11.965,0.0,46.528896,-90.41515,17.613499,0.6,0.0,0.5
0.35070971068167406,0.07055122770754226,0.5003876129078298,42.12,81.43532901513888,-0.8999999999999999,0.0,1.0,0.6743675038911121,11.97,0.0,46.528896,-90.41515,17.613499,0.6,0.0,0.5
0.34609176903710553,0.07786082086279658,0.5001754725521396,45.54,220684.91815384626,-0.8999999999999999,0.0,1.0,0.7811822870570992,11.975,0.0,46.528896,-90.41515,17.613499,0.6,0.0,0.5
0.34334098577138494,0.09024820193359397,0.4997711460687851,48.78,438372.4180645164,-0.8999999999999999,0.0,1.0,0.12503433332317826,11.98,0.0,10.336891,110.468605,-3.6328273,0.6,0.6,0.5
0.3413322112080584,0.10344694627568338,0.49927470237035293,52.199999999999996,478150.65599999926,-0.8999999999999999,0.0,1.0,0.12503433332317826,11.985,0.0,10.336891,110.468605,-3.6328273,0.6,0.6,0.5
0.34048929540705,0.1374674818068929,0.49901864189765544,55.26,442571.38758620725,-0.72,26033.61103448275,1.0,-0.10385448774679418,11.99,0.0,10.336891,110.468605,-3.6328273,0.6,0.6,0.5
0.3403811834736024,0.15084339283653161,0.49862564488744227,58.32,107853.53142857151,-0.72,0.0,1.0,0.09451582384718193,11.995000000000001,0.0,10.336891,110.468605,-3.6328273,0.6,0.6,0.5
0.3394932417021996,0.15993473283138646,0.4986287826057856,61.019999999999996,353894.39999999944,-0.72,0.0,1.0,0.44547868282113967,12.0,0.0,37.15463,-69.61706,-4.585034,0.6,0.0,0.5
0.3413321164061386,0.1529856406715964,0.49853737693583333,63.9,366048.3490909094,-0.72,0.0,1.0,0.2623676259651617,12.005,0.0,37.15463,-69.61706,-4.585034,0.6,0.0,0.5
0.3470401389605311,0.1511392271734343,0.4987188233468438,66.42,352321.53600000043,-0.72,0.0,1.0,0.1860713522751709,12.01,0.0,37.15463,-69.61706,-4.585034,0.6,0.0,0.5
0.35510874271776377,0.15174884004471154,0.4987824645546743,68.75999999999999,56.77059838156415,-0.72,0.0,1.0,0.1860713522751709,12.015,0.0,37.15463,-69.61706,-4.585034,0.6,0.0,0.5
0.3635068916885293,0.1577295766688449,0.4987803234484404,70.74,96566.53395348857,-0.72,0.0,1.0,0.17081209753717275,12.02,0.0,-32.41865,216.16225,-50.704994,0.0,0.6,0.5
0.3739789659148541,0.16080544632119845,0.4988169341428055,72.53999999999999,55107.64379562035,-0.72,0.0,1.0,0.17081209753717275,12.025,0.0,-32.41865,216.16225,-50.704994,0.0,0.6,0.5
0.38387124326664623,0.16508880695752332,0.4989127375475181,73.98,177641.11058823677,-0.72,0.0,1.0,0.4302194280831415,12.030000000000001,0.0,-32.41865,216.16225,-50.704994,0.0,0.6,0.5
0.39301818385917275,0.1694991808371209,0.49901728054501215,75.06,141557.75999999978,-0.72,0.0,1.0,0.384441663869147,12.035,0.0,-32.41865,216.16225,-50.704994,0.0,0.6,0.5
0.4025335160573114,0.16716557301680735,0.49892008394965537,75.78,91512.08727272713,-0.72,0.0,1.0,0.09451582384718193,12.040000000000001,0.0,-118.93852,-70.76224,77.71634,0.0,0.0,0.5
0.41127478613808327,0.16737063874742358,0.4991615512286969,75.96,22878.021818180878,-0.72,0.0,1.0,0.32340464491715437,12.045,0.0,-118.93852,-70.76224,77.71634,0.0,0.0,0.5
0.4184930847135106,0.17404631417970673,0.49943408000379597,75.96,0.0,-0.72,0.0,1.0,0.2623676259651617,12.05,0.0,-118.93852,-70.76224,77.71634,0.0,0.0,0.5
0.42515988803799004,0.16699334256420187,0.4995984663191787,75.6,-8.11229424437626,-0.72,0.0,1.0,0.3081453901791562,12.055,0.0,-118.93852,-70.76224,77.71634,0.0,0.0,0.5
0.4314434619487972,0.17238097641352743,0.4995884377151705,74.88,-37282.702222222164,-0.72,0.0,1.0,-0.012298959318805203,12.06,8.522881865501404,64.244064,45.316864,81.92199,0.6,0.6,0.5
0.43488585655716544,0.18551266747326092,0.4998192571583477,73.8,-129424.23771428551,-0.72,0.0,1.0,0.07925656910918377,12.065,8.522881865501404,64.244064,45.316864,81.92199,0.6,0.6,0.5
0.4353174139942437,0.20314835357703298,0.499953383102363,72.36,-194832.1858064513,-0.72,0.0,1.0,0.3081453901791562,12.07,8.522881865501404,64.244064,45.316864,81.92199,0.6,0.6,0.5
0.43492586765530156,0.2152714373579641,0.49992965793191135,70.92,-194832.1858064513,-0.72,0.0,1.0,0.567552720725125,12.075000000000001,8.522881865501404,64.244064,45.316864,81.92199,0.6,0.6,0.5
0.4335821890168713,0.20737878932975362,0.4999532266596919,69.3,-57098.928403361504,-0.72,0.0,1.0,-0.027558214056803365,12.08,20.0,80.17779,-115.989845,-67.47532,0.6,0.0,0.5
0.42680024891055696,0.20818385073910414,0.5000622462999508,67.5,-228780.21818181782,-0.72,0.0,1.0,0.21658986175116723,12.085,20.0,80.17779,-115.989845,-67.47532,0.6,0.0,0.5
0.40904654624504144,0.20168866350125017,0.499919871375994,65.52,-259522.56000000052,-0.72,0.0,1.0,0.1097750785851801,12.09,20.0,80.17779,-115.989845,-67.47532,0.6,0.0,0.5
0.38721990847460097,0.20459912485707965,0.5000758216175109,63.54,-286369.7213793099,-0.72,0.0,1.0,0.46073793755913783,12.095,20.0,80.17779,-115.989845,-67.47532,0.6,0.0,0.5
0.37182446719887585,0.19928877866573352,0.5000119476477607,61.559999999999995,-48.36312236483506,-0.72,0.0,1.0,0.24710837122716356,12.1,8.522881865501404,102.05063,-59.810028,152.85648,0.6,0.0,0.5
0.36511500747067077,0.20873560431134427,0.4998840530896378,59.4,-148519.6170491801,-0.72,0.0,1.0,0.2318491164891654,12.105,8.522881865501404,102.05063,-59.810028,152.85648,0.6,0.0,0.5
0.3609107186305541,0.20092554973891305,0.4998662332149153,57.239999999999995,-89699.96673267342,-0.72,0.0,1.0,0.2776268807031599,12.11,8.522881865501404,102.05063,-59.810028,152.85648,0.6,0.0,0.5
0.3590869861107289,0.2090014474032805,0.5000565309420325,55.08,-251658.2399999996,-0.72,0.0,1.0,0.5522934659871268,12.115,8.522881865501404,102.05063,-59.810028,152.85648,0.6,0.0,0.5
0.3605829318735146,0.21379254741589418,0.5000164804920794,52.739999999999995,-327155.71200000047,-0.72,0.0,1.0,0.1860713522751709,12.120000000000001,0.0,95.08853,-48.532738,-132.34047,0.6,0.0,0.5
0.3606162072721866,0.2076502009946219,0.5001600656671503,50.58,-274536.2618181814,-0.72,0.0,1.0,0.3997009186071452,12.125,0.0,95.08853,-48.532738,-132.34047,0.6,0.0,0.5
0.36261631734961924,0.2154936451021208,0.49994183299659084,48.42,-274536.2618181814,-0.8999999999999999,-22878.02181818181,1.0,-0.027558214056803365,12.13,0.0,95.08853,-48.532738,-132.34047,0.6,0.0,0.5
0.36542648005913353,0.21926389494240991,0.5001285858712137,46.26,-283115.5200000005,-0.8999999999999999,0.0,1.0,0.49125644703513416,12.135,0.0,95.08853,-48.532738,-132.34047,0.6,0.0,0.5
0.3673061791277484,0.22001313282306345,0.50024190579747,44.28,-45.512308299355446,-0.8999999999999999,0.0,1.0,0.09451582384718193,12.14,0.0,-40.228996,-107.72023,-171.73053,0.0,0.0,0.5
0.36991538408284536,0.21702473194537905,0.5005036433785554,42.3,-110729.62560000022,-0.8999999999999999,0.0,1.0,0.2318491164891654,12.145,0.0,-40.228996,-107.72023,-171.73053,0.0,0.0,0.5
0.37699868057082886,0.20360681968986813,0.5006084668916192,40.68,-174224.93538461512,-0.8999999999999999,0.0,1.0,-0.012298959318805203,12.15,0.0,-40.228996,-107.72023,-171.73053,0.0,0.0,0.5
0.38690512669214255,0.19530569197188474,0.5009547119473009,39.059999999999995,-205902.19636363693,-0.8999999999999999,0.0,1.0,0.3997009186071452,12.155000000000001,0.0,-40.228996,-107.72023,-171.73053,0.0,0.0,0.5
0.3962371260527343,0.1863407949066303,0.501224063800631,37.8,-182235.27724137902,-0.8999999999999999,0.0,1.0,0.15555284279917458,12.16,0.0,93.75843,-97.424706,-157.38419,0.6,0.0,0.5
0.40626054185503274,0.18295685053197921,0.5013349185463394,37.08,-88820.55529411751,-0.8999999999999999,0.0,1.0,0.2623676259651617,12.165000000000001,0.0,93.75843,-97.424706,-157.38419,0.6,0.0,0.5
0.41801155265738116,0.1551579548998835,0.5014975732770747,36.36,-29319.4066019417,-0.8999999999999999,0.0,1.0,0.33866389965515253,12.17,0.0,93.75843,-97.424706,-157.38419,0.6,0.0,0.5
0.4260375350817256,0.13276801706252217,0.5019277130218878,36.18,-22205.138823529378,-0.8999999999999999,0.0,1.0,0.41496017334514335,12.175,0.0,93.75843,-97.424706,-157.38419,0.6,0.0,0.5
0.42897654108799715,0.12799627540248157,0.501954877418122,36.36,24354.023225806413,-0.8999999999999999,0.0,1.0,0.15555284279917458,12.18,0.0,92.862564,9.090282,-149.70447,0.6,0.6,0.5
0.42984273451331023,0.11357145689398573,0.5022603300885544,36.72,8.726770351105317,-0.8999999999999999,0.0,1.0,0.00296029541919296,12.185,0.0,92.862564,9.090282,-149.70447,0.6,0.6,0.5
0.4302345248155976,0.09036286474353553,0.5026181886722169,37.26,28669.926075949323,-0.8999999999999999,0.0,1.0,0.07925656910918377,12.19,0.0,92.862564,9.090282,-149.70447,0.6,0.6,0.5
0.4291837157177604,0.0853038194474617,0.5024254065292374,38.16,80316.45957446795,-0.8999999999999999,0.0,1.0,0.3539231543931507,12.195,0.0,92.862564,9.090282,-149.70447,0.6,0.6,0.5
0.42810068263507217,0.08606887507876941,0.5025282565966854,39.24,119206.5347368427,-0.8999999999999999,0.0,1.0,0.17081209753717275,12.200000000000001,0.0,65.83377,-111.99376,27.874765,0.6,0.0,0.5
0.4261689347314764,0.0627601931593712,0.5027485278561122,40.5,165150.71999999974,-0.8999999999999999,0.0,1.0,0.32340464491715437,12.205,0.0,65.83377,-111.99376,27.874765,0.6,0.0,0.5
0.4243788520228168,0.05658934649346822,0.5028306459129653,41.94,172565.65028571401,-0.8999999999999999,0.0,1.0,-0.04281746879480153,12.21,0.0,65.83377,-111.99376,27.874765,0.6,0.0,0.5
0.4228852374431696,0.04057914319872066,0.5031952732292047,43.559999999999995,205902.19636363603,-0.8999999999999999,0.0,1.0,0.3081453901791562,12.215,0.0,65.83377,-111.99376,27.874765,0.6,0.0,0.5
0.41993954116669496,0.03901517662856858,0.5035818289994681,45.0,194832.18580645227,-0.8999999999999999,0.0,1.0,0.15555284279917458,12.22,0.0,37.46775,33.135918,-49.228058,0.6,0.6,0.5
0.418287819701975,0.05551041676596785,0.5035407429219823,46.8,40.86621522872308,-0.8999999999999999,0.0,1.0,0.2318491164891654,12.225,0.0,37.46775,33.135918,-49.228058,0.6,0.6,0.5
0.4187794439114727,0.053957741653352466,0.5035036863560273,48.6,112682.79402985101,-0.8999999999999999,0.0,1.0,-0.10385448774679418,12.23,0.0,37.46775,33.135918,-49.228058,0.6,0.6,0.5
0.42025065910400106,0.052674463730975,0.5040804208099916,50.22,98474.96347826072,-0.8999999999999999,0.0,1.0,0.3539231543931507,12.235,0.0,37.46775,33.135918,-49.228058,0.6,0.6,0.5
0.42275920912161125,0.08720532441322036,0.504032643200923,52.019999999999996,228780.21818181782,-0.8999999999999999,0.0,1.0,0.09451582384718193,12.24,0.0,83.73772,-82.88827,-96.05009,0.6,0.0,0.5
0.42769554050149283,0.09478598244398903,0.5042682040038705,53.82,260336.1103448282,-0.8999999999999999,0.0,1.0,0.33866389965515253,12.245000000000001,0.0,83.73772,-82.88827,-96.05009,0.6,0.0,0.5
0.4346292369457497,0.10404106339605074,0.5042920212106339,55.62,222051.38823529377,-0.8999999999999999,0.0,1.0,0.12503433332317826,12.25,0.0,83.73772,-82.88827,-96.05009,0.6,0.0,0.5
0.44020783723783835,0.10150203260789695,0.5042466677839941,57.419999999999995,222051.38823529377,-0.8999999999999999,0.0,1.0,0.3997009186071452,12.255,0.0,83.73772,-82.88827,-96.05009,0.6,0.0,0.5
0.4461061000193787,0.11874211240984386,0.5043037053624105,59.22,228780.21818181872,-0.8999999999999999,0.0,1.0,0.04873805963318745,12.26,0.0,-37.57873,-25.946941,131.20186,0.0,0.0,0.5
0.45253725388383176,0.11829436738478882,0.5042681557692689,60.839999999999996,226492.41599999965,-0.8999999999999999,0.0,1.0,0.2776268807031599,12.265,0.0,-37.57873,-25.946941,131.20186,0.0,0.0,0.5
0.4573012926280655,0.13036339848170841,0.5044788453547018,62.46,39.422666210249766,-0.8999999999999999,0.0,1.0,-0.05807672353279969,12.27,0.0,-37.57873,-25.946941,131.20186,0.0,0.0,0.5
0.462045018405227,0.14395777953776137,0.5044516478855172,63.9,70230.2065116278,-0.72,8778.775813953485,1.0,0.5522934659871268,12.275,0.0,-37.57873,-25.946941,131.20186,0.0,0.0,0.5
0.46646084409428584,0.1400650993616319,0.5046463778709638,65.34,147312.14048780536,-0.72,0.0,1.0,-0.012298959318805203,12.280000000000001,0.0,31.474218,47.235382,20.398895,0.6,0.6,0.5
0.47027106115276157,0.1434734764942171,0.504671255791954,66.6,150994.9439999989,-0.72,0.0,1.0,0.21658986175116723,12.285,0.0,31.474218,47.235382,20.398895,0.6,0.6,0.5
0.47327007042388336,0.1559169967277092,0.5046041136242108,67.86,35468.61100671155,-0.72,0.0,1.0,-0.19541001617478315,12.290000000000001,0.0,31.474218,47.235382,20.398895,0.6,0.6,0.5
0.47590747126275357,0.14951787777464856,0.5048196839847748,68.75999999999999,96791.63076922986,-0.72,0.0,1.0,0.33866389965515253,12.295,0.0,31.474218,47.235382,20.398895,0.6,0.6,0.5
0.47841880283106913,0.1442085176776097,0.5048504231926296,69.48,91512.08727272894,-0.72,0.0,1.0,0.06399731437118561,12.3,0.0,-79.93576,-177.89694,94.12114,0.0,0.0,0.5
0.47914497365528697,0.15094077850283225,0.5047192091724729,70.02,73062.06967741827,-0.72,0.0,1.0,0.2623676259651617,12.305,0.0,-79.93576,-177.89694,94.12114,0.0,0.0,0.5
0.4778591641066442,0.14891591740498275,0.5045972410114847,70.38,8.113209607221522,-0.72,0.0,1.0,0.04873805963318745,12.31,0.0,-79.93576,-177.89694,94.12114,0.0,0.0,0.5
0.47680909173465563,0.1461307135796227,0.5045316777487079,70.56,9804.866493506865,-0.72,0.0,1.0,0.1097750785851801,12.315,0.0,-79.93576,-177.89694,94.12114,0.0,0.0,0.5
0.4761694584018167,0.15675889726232117,0.5047638120174193,70.56,0.0,-0.72,0.0,1.0,-0.1343729972227905,12.32,8.522881865501404,42.957596,64.47471,57.756393,0.6,0.6,0.5
0.4758670970187129,0.15665610708322933,0.5048137996519982,70.2,-41943.039999999935,-0.72,0.0,1.0,0.36918240913114886,12.325000000000001,8.522881865501404,42.957596,64.47471,57.756393,0.6,0.6,0.5
0.4758314265217903,0.1600896402231982,0.504761266311689,69.84,-45756.04363636357,-0.72,0.0,1.0,0.12503433332317826,12.33,8.522881865501404,42.957596,64.47471,57.756393,0.6,0.6,0.5
0.47553066131071503,0.16253676570489725,0.5048282896631124,69.3,-64712.11885714361,-0.72,0.0,1.0,0.32340464491715437,12.335,8.522881865501404,42.957596,64.47471,57.756393,0.6,0.6,0.5
0.47442694395785495,0.1775179897235574,0.5047048768412987,68.58,-81618.88864864851,-0.72,0.0,1.0,0.20133060701316907,12.34,20.0,-74.285965,-84.22763,-143.16017,0.0,0.0,0.5
0.4733664976266719,0.18859615216636577,0.5048105032771828,67.86,-91512.08727272713,-0.72,0.0,1.0,0.6438489944151158,12.345,20.0,-74.285965,-84.22763,-143.16017,0.0,0.0,0.5
0.47252777919480426,0.19820073152557963,0.5046592023390628,66.96,-32824.98782608716,-0.72,0.0,1.0,0.17081209753717275,12.35,20.0,-74.285965,-84.22763,-143.16017,0.0,0.0,0.5
0.4657391705163719,0.20197033518452906,0.5048395389830225,66.06,-20.89028002213594,-0.72,0.0,1.0,0.5065157017731323,12.355,20.0,-74.285965,-84.22763,-143.16017,0.0,0.0,0.5
0.4563996016610928,0.19931172743710834,0.5048823056090165,64.98,-67609.67641791033,-0.72,0.0,1.0,0.2318491164891654,12.36,8.522881865501404,76.09454,-110.36385,-108.589066,0.6,0.0,0.5
0.44905788439641897,0.1982010642641211,0.5047732179212119,63.9,-133230.83294117713,-0.72,0.0,1.0,0.3081453901791562,12.365,8.522881865501404,76.09454,-110.36385,-108.589066,0.6,0.0,0.5
0.4453579928398183,0.2062945298932369,0.5048772145492069,63.0,-125829.1199999998,-0.72,0.0,1.0,0.06399731437118561,12.370000000000001,8.522881865501404,76.09454,-110.36385,-108.589066,0.6,0.0,0.5
0.4445952316976761,0.2067989791680286,0.5049104869782604,61.919999999999995,-146124.13935483943,-0.8999999999999999,-24354.023225806442,1.0,0.3081453901791562,12.375,8.522881865501404,76.09454,-110.36385,-108.589066,0.6,0.0,0.5
0.4442583981631283,0.213547600649708,0.5046732337798996,60.839999999999996,-137268.1309090907,-0.8999999999999999,0.0,1.0,-0.04281746879480153,12.38,0.0,-96.276955,117.58872,144.42914,0.0,0.6,0.5
0.4436232117696952,0.21777585871338356,0.5047241542525726,59.76,-133230.83294117625,-0.8999999999999999,0.0,1.0,0.29288613544115805,12.385,0.0,-96.276955,117.58872,144.42914,0.0,0.6,0.5
0.43505002125938336,0.21898688700576363,0.5047086062663675,58.68,-146124.13935483847,-0.8999999999999999,0.0,1.0,0.21658986175116723,12.39,0.0,-96.276955,117.58872,144.42914,0.0,0.6,0.5
0.4170758410651113,0.210355455530733,0.5048888155761739,57.78,-117964.79999999981,-0.8999999999999999,0.0,1.0,0.15555284279917458,12.395,0.0,-96.276955,117.58872,144.42914,0.0,0.6,0.5
0.40121865263734086,0.19895548855998826,0.5049077231752264,56.699999999999996,-25.70928982093716,-0.8999999999999999,0.0,1.0,0.20133060701316907,12.4,0.0,-119.89807,27.406103,124.23169,0.0,0.6,0.5
0.39486425579548157,0.1965739304560233,0.5049672559460967,55.8,-27553.821897810176,-0.8999999999999999,0.0,1.0,0.1097750785851801,12.405000000000001,0.0,-119.89807,27.406103,124.23169,0.0,0.6,0.5
0.39228149439857024,0.19933904684190853,0.504894385372864,54.72,-122428.33297297278,-0.8999999999999999,0.0,1.0,0.12503433332317826,12.41,0.0,-119.89807,27.406103,124.23169,0.0,0.6,0.5
0.3897858385385114,0.1882791311255549,0.5049729501624183,53.82,-125829.1199999998,-0.8999999999999999,0.0,1.0,0.21658986175116723,12.415000000000001,0.0,-119.89807,27.406103,124.23169,0.0,0.6,0.5
0.386408081599808,0.16790334135198898,0.5049178655521063,52.919999999999995,-125829.1200000008,-0.8999999999999999,0.0,1.0,0.033478804895189285,12.42,0.0,-106.59085,130.2685,160.24554,0.0,0.6,0.5
0.3782850677431418,0.15421077971107358,0.5048401422539546,51.839999999999996,-137268.1309090907,-0.8999999999999999,0.0,1.0,0.4302194280831415,12.425,0.0,-106.59085,130.2685,160.24554,0.0,0.6,0.5
0.36960960139578064,0.15365526336408367,0.5047433097424254,50.94,-121770.11612903206,-0.8999999999999999,0.0,1.0,-0.012298959318805203,12.43,0.0,-106.59085,130.2685,160.24554,0.0,0.6,0.5
0.35786535092313454,0.1537963105847721,0.5048522311523665,50.04,-117964.79999999981,-0.8999999999999999,0.0,1.0,0.32340464491715437,12.435,0.0,-106.59085,130.2685,160.24554,0.0,0.6,0.5
0.34004012773275977,0.15645340199550772,0.5050107084389345,48.96,-25.029551994695506,-0.72,4.171591999115923,1.0,0.2776268807031599,12.44,0.0,-125.66419,64.25477,132.38419,0.0,0.6,0.5
0.3187879247285826,0.1723076138921956,0.5048953564500819,47.879999999999995,-90596.96640000046,-0.72,0.0,1.0,0.29288613544115805,12.445,0.0,-125.66419,64.25477,132.38419,0.0,0.6,0.5
0.2945275080318174,0.19307790731698496,0.5048557587494386,46.8,-43556.23384615378,-0.72,0.0,1.0,0.17081209753717275,12.450000000000001,0.0,-125.66419,64.25477,132.38419,0.0,0.6,0.5
0.2702671506683441,0.20180543592942501,0.5048186860998348,45.54,-170478.1625806449,-0.72,0.0,1.0,0.2623676259651617,12.455,0.0,-125.66419,64.25477,132.38419,0.0,0.6,0.5
0.24503984173821214,0.21966156744715865,0.5049603231632582,44.28,-195734.18666666636,-0.72,0.0,1.0,0.20133060701316907,12.46,0.0,-102.31011,98.51992,117.84173,0.0,0.6,0.5
0.22115182247814613,0.23565259556272106,0.5050553998220418,42.839999999999996,-183024.17454545517,-0.72,0.0,1.0,0.33866389965515253,12.465,0.0,-102.31011,98.51992,117.84173,0.0,0.6,0.5
0.19825299924251025,0.2605778680931298,0.5048347715647372,41.4,-95869.80571428557,-0.72,0.0,1.0,0.41496017334514335,12.47,0.0,-102.31011,98.51992,117.84173,0.0,0.6,0.5
0.1769125394268207,0.2792584606066573,0.5047399346930986,39.96,-188743.6799999997,-0.72,0.0,1.0,0.2623676259651617,12.475,0.0,-102.31011,98.51992,117.84173,0.0,0.6,0.5
0.15719085164962002,0.2951939947600203,0.5045827144913485,38.339999999999996,-226492.41600000064,-0.72,0.0,1.0,0.32340464491715437,12.48,0.0,-109.63982,98.3742,121.29063,0.0,0.6,0.5
0.13825450658691577,0.3052637646600184,0.5045428714001966,36.72,-38.541185599464484,-0.72,0.0,1.0,0.32340464491715437,12.485,0.0,-109.63982,98.3742,121.29063,0.0,0.6,0.5
0.1224114862386315,0.32436754688599156,0.5044571713828352,34.92,-130168.05517241359,-0.72,0.0,1.0,-0.1343729972227905,12.49,0.0,-109.63982,98.3742,121.29063,0.0,0.6,0.5
0.10930566135337459,0.33509702837886157,0.5043649398956209,33.12,-235929.60000000056,-0.72,0.0,1.0,0.36918240913114886,12.495000000000001,0.0,-109.63982,98.3742,121.29063,0.0,0.6,0.5
0.09300614804225844,0.3495473425234641,0.5044952264996251,31.14,-259522.5599999996,-0.72,0.0,1.0,0.1860713522751709,12.5,0.0,-125.5822,-131.73723,132.38315,0.0,0.0,0.5
0.074647854414909,0.36090573415215477,0.5043503211540052,29.16,-83886.08000000002,-0.72,0.0,1.0,0.1097750785851801,12.505,0.0,-125.5822,-131.73723,132.38315,0.0,0.0,0.5
0.062146657480764464,0.3659029871908362,0.504189486670624,27.18,-244256.5270588236,-0.72,0.0,1.0,0.033478804895189285,12.51,0.0,-125.5822,-131.73723,132.38315,0.0,0.0,0.5
0.05737986522459129,0.37708981248253687,0.5040804937873535,25.02,-266461.665882353,-0.72,0.0,1.0,0.475997192297136,12.515,0.0,-125.5822,-131.73723,132.38315,0.0,0.0,0.5
0.04558731283644633,0.3962112501888171,0.5039383230620256,22.68,-327155.712,-0.72,0.0,1.0,0.1860713522751709,12.52,8.522881865501404,66.7632,93.71324,-105.51553,0.6,0.6,0.5
0.032793238400678784,0.40485639633136794,0.5037810298254913,20.52,-50.06491326764627,-0.72,0.0,1.0,0.24710837122716356,12.525,8.522881865501404,66.7632,93.71324,-105.51553,0.6,0.6,0.5
0.022531679596520467,0.4132889390466619,0.5038503495164132,18.18,-172187.21684210526,-0.72,0.0,1.0,0.1097750785851801,12.530000000000001,8.522881865501404,66.7632,93.71324,-105.51553,0.6,0.6,0.5
0.01911622956228325,0.42134444920908154,0.5036270864160229,15.66,-340956.32516129024,-0.72,0.0,1.0,0.46073793755913783,12.535,8.522881865501404,66.7632,93.71324,-105.51553,0.6,0.6,0.5
0.01738747111215005,0.42354191937058594,0.5037421297443541,13.139999999999999,-364470.5544827588,-0.72,0.0,1.0,0.44547868282113967,12.540000000000001,20.0,61.569912,45.356255,40.57562,0.6,0.6,0.5
0.011650001821347084,0.418034378705549,0.5032741597047528,10.62,-352321.53599999996,-0.72,0.0,1.0,0.29288613544115805,12.545,20.0,61.569912,45.356255,40.57562,0.6,0.6,0.5
-0.0031211419214456824,0.42303542935804433,0.5028606275389428,7.92,-390504.1655172413,-0.72,0.0,1.0,0.1097750785851801,12.55,20.0,61.569912,45.356255,40.57562,0.6,0.6,0.5
0.006760460223557176,0.4128819543005165,0.5026724813063417,5.22,-333077.0823529412,-0.18,66615.41647058824,1.0,7.602069154942502,12.555,20.0,61.569912,45.356255,40.57562,0.6,0.6,0.5
0.005333766514657954,0.4131955393518382,0.5035898871253035,3.2399999999999998,-80628.3681553398,3.96,168586.58796116503,1.0,11.76784569841611,12.56,8.522881865501404,-47.5025,44.633865,126.27296,0.0,0.6,0.5
0.009054580727745615,0.41038751000159257,0.5056395080924084,2.16,-146124.13935483867,4.5,73062.06967741936,1.0,0.06399731437118561,12.565,8.522881865501404,-47.5025,44.633865,126.27296,0.0,0.6,0.5
0.013613745227376638,0.412760892615308,0.506456778278907,2.16,0.0,4.5,0.0,1.0,0.1097750785851801,12.57,8.522881865501404,-47.5025,44.633865,126.27296,0.0,0.6,0.5
0.027845066698191756,0.41673248590150763,0.5076545137246228,3.06,52428.799999999996,3.06,-83886.08,1.0,0.018219550157191122,12.575000000000001,8.522881865501404,-47.5025,44.633865,126.27296,0.0,0.6,0.5
0.04461952865541663,0.40992910257620735,0.5065458231845388,4.68,188743.67999999996,0.54,-293601.28,1.0,3.039551988280884,12.58,0.0,83.86776,-108.59969,166.77519,0.6,0.0,0.5
0.07534902225969642,0.40687242981995986,0.5040983518239096,6.3,51088.51488721805,-1.08,-51088.51488721805,1.0,1.7425153355510403,12.585,0.0,83.86776,-108.59969,166.77519,0.6,0.0,0.5
0.08791929477517978,0.40960892552666234,0.5035585836215233,7.199999999999999,107853.53142857137,-0.36,86282.82514285715,1.0,-0.8668172246467574,12.59,0.0,83.86776,-108.59969,166.77519,0.6,0.0,0.5
0.10863654449814253,0.40737604174281145,0.5027697922646038,8.459999999999999,150994.944,-0.72,-43141.41257142857,1.0,-1.202520828882717,12.595,0.0,83.86776,-108.59969,166.77519,0.6,0.0,0.5
0.1312328306832156,0.4060694850381924,0.5021018505161582,9.54,129424.23771428573,-0.72,0.0,1.0,-0.47007660145880514,12.6,0.0,-13.856299,9.751469,9.702459,0.0,0.6,0.5
0.14292515856465512,0.41164914370266936,0.5020873464953678,10.799999999999999,165150.71999999997,-0.8999999999999999,-23592.959999999992,1.0,0.09451582384718193,12.605,0.0,-13.856299,9.751469,9.702459,0.0,0.6,0.5
0.15844671865763085,0.4133165042963073,0.5018661450643199,12.059999999999999,28.47073390689731,-0.72,4.067247700985329,1.0,0.3081453901791562,12.61,0.0,-13.856299,9.751469,9.702459,0.0,0.6,0.5
0.15106812548994514,0.40685354139325125,0.5013719982130871,13.139999999999999,47185.920000000006,-0.72,0.0,1.0,0.2318491164891654,12.615,0.0,-13.856299,9.751469,9.702459,0.0,0.6,0.5
0.15432695393900617,0.408094127426581,0.5017501456552178,14.219999999999999,105345.30976744187,-0.72,0.0,1.0,0.5522934659871268,12.620000000000001,8.522881865501404,93.419266,9.919632,-115.8255,0.6,0.6,0.5
0.1564129801834564,0.41186584242476154,0.5016746464712967,15.299999999999999,133230.8329411765,-0.72,0.0,1.0,0.2623676259651617,12.625,8.522881865501404,93.419266,9.919632,-115.8255,0.6,0.6,0.5
0.15872296760477597,0.41114571627249236,0.501574761604199,16.2,130168.05517241385,-0.72,0.0,1.0,0.2776268807031599,12.63,8.522881865501404,93.419266,9.919632,-115.8255,0.6,0.6,0.5
0.16305032485101836,0.4174556798741155,0.5017895857893806,17.28,119206.53473684231,-0.72,0.0,1.0,0.2623676259651617,12.635,8.522881865501404,93.419266,9.919632,-115.8255,0.6,0.6,0.5
0.16682670712879763,0.4093456140252489,0.5017869579682601,18.0,94371.83999999985,-0.72,0.0,1.0,0.3539231543931507,12.64,20.0,99.0556,86.11698,139.87354,0.6,0.6,0.5
0.1674753172129829,0.4068479355632673,0.5021615148510234,18.9,117964.79999999981,-0.72,0.0,1.0,0.33866389965515253,12.645,20.0,99.0556,86.11698,139.87354,0.6,0.6,0.5
0.16855934879610204,0.411191170491781,0.5025984009252555,19.439999999999998,16063.291914893593,-0.72,0.0,1.0,0.15555284279917458,12.65,20.0,99.0556,86.11698,139.87354,0.6,0.6,0.5
0.1689434289111084,0.4132183885402506,0.5027707977789562,19.98,13.081461014208221,-0.72,0.0,1.0,0.3081453901791562,12.655000000000001,20.0,99.0556,86.11698,139.87354,0.6,0.6,0.5
0.1747672556902092,0.4036879196968087,0.5031039801063177,20.52,11920.653473684191,-0.72,0.0,1.0,0.33866389965515253,12.66,8.522881865501404,42.109127,-43.544006,-16.072874,0.6,0.0,0.5
0.19099600907912134,0.40780912717941376,0.5031634082461534,21.06,56623.10399999991,-0.72,0.0,1.0,0.5065157017731323,12.665000000000001,8.522881865501404,42.109127,-43.544006,-16.072874,0.6,0.0,0.5
0.2043442513002361,0.39840614358922916,0.5033799058035838,21.419999999999998,40809.44432432426,-0.72,0.0,1.0,0.41496017334514335,12.67,8.522881865501404,42.109127,-43.544006,-16.072874,0.6,0.0,0.5
0.2208838036027011,0.40902551032854717,0.5030433468135002,21.779999999999998,45756.04363636357,-0.72,0.0,1.0,-0.16489150669878683,12.675,8.522881865501404,42.109127,-43.544006,-16.072874,0.6,0.0,0.5
0.23946993819891127,0.41758174537649,0.5032625478234647,22.14,40809.444324324664,-0.72,0.0,1.0,0.15555284279917458,12.68,0.0,74.70082,11.843939,-111.0857,0.6,0.6,0.5
0.25553601215999117,0.4091326051807679,0.5035938225680346,22.68,66615.41647058813,-0.72,0.0,1.0,0.33866389965515253,12.685,0.0,74.70082,11.843939,-111.0857,0.6,0.6,0.5
0.269586321495209,0.39983242239727756,0.5038348363266523,23.04,50331.64799999992,-0.8999999999999999,-25165.82399999999,1.0,0.17081209753717275,12.69,0.0,74.70082,11.843939,-111.0857,0.6,0.6,0.5
0.287731612217903,0.3937135296142625,0.5038502367415459,23.58,12.442860690231047,-0.8999999999999999,0.0,1.0,0.17081209753717275,12.695,0.0,74.70082,11.843939,-111.0857,0.6,0.6,0.5
0.3028252632985129,0.40892445456324367,0.5039770343198836,24.3,30198.9888000001,-0.8999999999999999,0.0,1.0,0.3997009186071452,12.700000000000001,0.0,93.432816,-90.78252,-126.615,0.6,0.0,0.5
0.3152662612055918,0.41365917507256866,0.5041515209627714,25.02,18757.135900621088,-0.8999999999999999,0.0,1.0,0.09451582384718193,12.705,0.0,93.432816,-90.78252,-126.615,0.6,0.0,0.5
0.3297197911538924,0.4048258189873528,0.5039165351473504,25.919999999999998,102023.61081081066,-0.8999999999999999,0.0,1.0,0.2623676259651617,12.71,0.0,93.432816,-90.78252,-126.615,0.6,0.0,0.5
0.3430259021726359,0.399641482661728,0.5038948580570306,26.82,60885.05806451627,-0.8999999999999999,0.0,1.0,0.15555284279917458,12.715,0.0,93.432816,-90.78252,-126.615,0.6,0.0,0.5
0.3531887071627073,0.4082715998110569,0.5040039275158582,27.9,141557.75999999978,-0.8999999999999999,0.0,1.0,0.33866389965515253,12.72,0.0,97.098404,-98.23273,-136.97353,0.6,0.0,0.5
0.36491897785040983,0.41146898475281973,0.5042801502333959,28.98,129424.23771428593,-0.8999999999999999,0.0,1.0,0.3539231543931507,12.725,0.0,97.098404,-98.23273,-136.97353,0.6,0.0,0.5
0.3758420605009468,0.4174050363284065,0.5043173078602301,30.24,160146.15272727248,-0.8999999999999999,0.0,1.0,0.36918240913114886,12.73,0.0,97.098404,-98.23273,-136.97353,0.6,0.0,0.5
0.38413695558417377,0.4124334789200854,0.504259201305832,31.5,170478.16258064538,-0.8999999999999999,0.0,1.0,0.07925656910918377,12.735,0.0,97.098404,-98.23273,-136.97353,0.6,0.0,0.5
0.39290587444976,0.41409769123052986,0.5043257902625551,32.76,30.02382124860097,-0.8999999999999999,0.0,1.0,0.3539231543931507,12.74,0.0,100.245346,-106.715965,-149.13345,0.6,0.0,0.5
0.40129195280014607,0.41390967904534276,0.5045201657667052,34.199999999999996,90146.23522388046,-0.72,11268.27940298507,1.0,-0.012298959318805203,12.745000000000001,0.0,100.245346,-106.715965,-149.13345,0.6,0.0,0.5
0.407740308821129,0.4121441513832992,0.5045213023103404,35.46,150994.9440000006,-0.8999999999999999,-21570.706285714277,1.0,0.033478804895189285,12.75,0.0,100.245346,-106.715965,-149.13345,0.6,0.0,0.5
0.4145271277222914,0.38591313348406253,0.5042190749325542,37.08,219186.20903225773,-0.8999999999999999,0.0,1.0,-0.027558214056803365,12.755,0.0,100.245346,-106.715965,-149.13345,0.6,0.0,0.5
0.42091886630140474,0.35750814061832425,0.5041362378599118,38.519999999999996,194832.1858064513,-0.8999999999999999,0.0,1.0,0.17081209753717275,12.76,0.0,84.258865,-113.454,-57.299408,0.6,0.0,0.5
0.42555676884057203,0.3396913449866437,0.5041406338922025,40.32,51710.597260274095,-0.8999999999999999,0.0,1.0,0.1860713522751709,12.765,0.0,84.258865,-113.454,-57.299408,0.6,0.0,0.5
0.42967567293158593,0.31164284880160575,0.5043581685156984,42.12,188743.6799999997,-0.8999999999999999,0.0,1.0,0.033478804895189285,12.77,0.0,84.258865,-113.454,-57.299408,0.6,0.0,0.5
0.43410604249030416,0.2769988865579267,0.5044119203798821,44.1,140757.99864406808,-0.8999999999999999,0.0,1.0,0.00296029541919296,12.775,0.0,84.258865,-113.454,-57.299408,0.6,0.0,0.5
0.437201607713409,0.25711212924224,0.5045448177326358,46.08,259522.5599999996,-0.8999999999999999,0.0,1.0,0.384441663869147,12.780000000000001,0.0,55.072063,134.51427,56.71164,0.6,0.6,0.5
0.44005659091027216,0.21968998025689054,0.5045908732408098,48.239999999999995,49.75012432456171,-0.8999999999999999,0.0,1.0,0.17081209753717275,12.785,0.0,55.072063,134.51427,56.71164,0.6,0.6,0.5
0.4439174802937284,0.20245468982486806,0.5043894292255765,50.4,110484.10536585384,-0.8999999999999999,0.0,1.0,0.32340464491715437,12.790000000000001,0.0,55.072063,134.51427,56.71164,0.6,0.6,0.5
0.44684252682273445,0.17283789636715255,0.5043142237805043,52.739999999999995,228248.17116279033,-0.8999999999999999,0.0,1.0,0.033478804895189285,12.795,0.0,55.072063,134.51427,56.71164,0.6,0.6,0.5
0.4493338988990068,0.1567314632110506,0.5044475768793882,54.9,258848.47542857187,-0.72,21570.706285714277,1.0,0.3539231543931507,12.8,0.0,58.068478,-133.59102,39.487694,0.6,0.0,0.5
0.4525553404851214,0.14473229394514298,0.5045177005977468,57.239999999999995,239382.22829268256,-0.72,0.0,1.0,0.04873805963318745,12.805,0.0,58.068478,-133.59102,39.487694,0.6,0.0,0.5
0.4553074131199452,0.12031639131658038,0.5046819258787728,59.4,258848.47542857187,-0.72,0.0,1.0,0.29288613544115805,12.81,0.0,58.068478,-133.59102,39.487694,0.6,0.0,0.5
0.45816449611763443,0.10630321227590939,0.5045169779722019,61.559999999999995,283115.51999999955,-0.72,0.0,1.0,0.20133060701316907,12.815,0.0,58.068478,-133.59102,39.487694,0.6,0.0,0.5
0.46135092806453915,0.10479418497955689,0.5043632025662212,63.54,267894.2554838715,-0.72,0.0,1.0,0.29288613544115805,12.82,0.0,110.37697,-117.21563,-125.5243,0.6,0.0,0.5
0.46454383180965275,0.11493945326279044,0.5042104708043522,65.52,45.633599762620335,-0.72,0.0,1.0,0.09451582384718193,12.825000000000001,0.0,110.37697,-117.21563,-125.5243,0.6,0.0,0.5
0.4670591260739814,0.11737557097715307,0.504361614680707,67.5,143184.86068965547,-0.72,0.0,1.0,0.3997009186071452,12.83,0.0,110.37697,-117.21563,-125.5243,0.6,0.0,0.5
0.47011895187314123,0.12190172710033582,0.5043283783534362,69.12,188743.68000000052,-0.72,0.0,1.0,-0.012298959318805203,12.835,0.0,110.37697,-117.21563,-125.5243,0.6,0.0,0.5
0.47298244722211713,0.11035797104178245,0.5042824273682722,70.74,219186.20903225677,-0.72,0.0,1.0,0.384441663869147,12.84,0.0,28.902992,-112.68613,-29.801174,0.6,0.0,0.5
0.47521512371167873,0.1135028704863607,0.5043397011015888,72.0,176160.7680000007,-0.72,0.0,1.0,-0.04281746879480153,12.845,0.0,28.902992,-112.68613,-29.801174,0.6,0.0,0.5
0.47795933763693604,0.1067931780161969,0.5042011269490841,73.08,141557.75999999978,-0.72,0.0,1.0,0.17081209753717275,12.85,0.0,28.902992,-112.68613,-29.801174,0.6,0.0,0.5
0.4802849566642722,0.10542503062242053,0.5043224566746142,73.8,94371.83999999985,-0.72,0.0,1.0,0.3081453901791562,12.855,0.0,28.902992,-112.68613,-29.801174,0.6,0.0,0.5
0.4824068197996919,0.10551026295139265,0.5042864122887427,74.34,70778.88000000082,-0.72,0.0,1.0,0.4302194280831415,12.86,0.0,-120.02588,-126.54395,-87.25663,0.0,0.0,0.5
0.4844056357118956,0.11057698938446876,0.5043347106409347,74.52,25165.823999998967,-0.72,0.0,1.0,0.2776268807031599,12.865,0.0,-120.02588,-126.54395,-87.25663,0.0,0.0,0.5
0.48689157922932613,0.12461619243227615,0.5042306472482785,74.52,0.0,-0.72,0.0,1.0,0.5828119754631231,12.870000000000001,0.0,-120.02588,-126.54395,-87.25663,0.0,0.0,0.5
0.4889726285019337,0.13774630428735288,0.5041931230780899,74.34,-14518.74461538402,-0.72,0.0,1.0,0.09451582384718193,12.875,0.0,-120.02588,-126.54395,-87.25663,0.0,0.0,0.5
0.490861015765568,0.12068599425547487,0.5042606776412909,73.98,-16592.850989010964,-0.72,0.0,1.0,0.24710837122716356,12.88,0.0,-116.26727,-73.60866,-58.743538,0.0,0.0,0.5
0.49288130288525267,0.10158806271037762,0.5043478021953942,73.61999999999999,-45756.04363636537,-0.72,0.0,1.0,-0.012298959318805203,12.885,0.0,-116.26727,-73.60866,-58.743538,0.0,0.0,0.5
0.49489204688795235,0.08985989740150647,0.5042855707403623,73.08,-70778.87999999896,-0.72,0.0,1.0,0.3997009186071452,12.89,0.0,-116.26727,-73.60866,-58.743538,0.0,0.0,0.5
0.495313878392771,0.08726456328159557,0.5043103963072737,72.53999999999999,-68634.06545454625,-0.72,0.0,1.0,0.2776268807031599,12.895,0.0,-116.26727,-73.60866,-58.743538,0.0,0.0,0.5
0.494354177110285,0.06537364040258246,0.5042830185983643,72.0,-66615.41647058725,-0.72,0.0,1.0,0.5065157017731323,12.9,0.0,-105.4836,112.71783,134.81876,0.0,0.6,0.5
0.4940500475703412,0.04925872142243481,0.5045568102194874,71.46,-73062.06967742021,-0.72,0.0,1.0,0.24710837122716356,12.905000000000001,0.0,-105.4836,112.71783,134.81876,0.0,0.6,0.5
0.49332884631581553,0.05206417681869074,0.5048742143358493,70.92,-12.5408305463886,-0.72,0.0,1.0,0.15555284279917458,12.91,0.0,-105.4836,112.71783,134.81876,0.0,0.6,0.5
0.4915617567325796,0.03912266690098987,0.5046270730286875,70.38,-42734.41811320804,-0.72,0.0,1.0,0.21658986175116723,12.915000000000001,0.0,-105.4836,112.71783,134.81876,0.0,0.6,0.5
0.48510499964555487,0.039911948330097466,0.5049404749332328,70.02,-45756.04363636357,-0.72,0.0,1.0,0.44547868282113967,12.92,0.0,-112.26208,110.92237,134.14754,0.0,0.6,0.5
0.4669506402692995,0.029934037000867234,0.5047048051633235,69.48,-17975.588571428307,-0.72,0.0,1.0,0.20133060701316907,12.925,0.0,-112.26208,110.92237,134.14754,0.0,0.6,0.5
0.4397315538231756,0.020563153222744702,0.5049072259900508,68.75999999999999,-97416.09290322757,-0.72,0.0,1.0,0.5217749565111305,12.93,0.0,-112.26208,110.92237,134.14754,0.0,0.6,0.5
0.40920603332032157,0.028476241113489693,0.5049693336514086,68.22,-70778.87999999896,-0.72,0.0,1.0,0.09451582384718193,12.935,0.0,-112.26208,110.92237,134.14754,0.0,0.6,0.5
0.37704768792846705,0.025928116025273278,0.5047456625926142,67.5,-88820.55529411751,-0.72,0.0,1.0,0.33866389965515253,12.94,0.0,-96.97088,114.741615,141.17464,0.0,0.6,0.5
0.34461457287475206,0.042571841664638135,0.5047007891321579,66.6,-66225.85263157937,-0.72,0.0,1.0,0.00296029541919296,12.945,0.0,-96.97088,114.741615,141.17464,0.0,0.6,0.5
0.31340064848890437,0.04106247947292769,0.5048017012388162,65.88,-94371.83999999985,-0.72,0.0,1.0,0.2318491164891654,12.950000000000001,0.0,-96.97088,114.741615,141.17464,0.0,0.6,0.5
0.2834346371033426,0.06738843397242818,0.504567276560236,64.98,-21.93597154910896,-0.72,0.0,1.0,0.33866389965515253,12.955,0.0,-96.97088,114.741615,141.17464,0.0,0.6,0.5
0.2556350309973121,0.08172618888408503,0.5043409486689376,63.9,-94371.84000000048,-0.72,0.0,1.0,0.475997192297136,12.96,0.0,-117.02911,129.47633,149.75113,0.0,0.6,0.5
0.22919742258693815,0.10516408010139815,0.5041314734459843,62.82,-137268.1309090907,-0.72,0.0,1.0,-0.05807672353279969,12.965,0.0,-117.02911,129.47633,149.75113,0.0,0.6,0.5
0.20448549715989112,0.12270027276146413,0.5038971966024963,61.559999999999995,-170478.16258064585,-0.72,0.0,1.0,0.29288613544115805,12.97,0.0,-117.02911,129.47633,149.75113,0.0,0.6,0.5
0.1813037514965781,0.14383563314888756,0.5037383240900841,60.3,-170478.1625806449,-0.72,0.0,1.0,0.1097750785851801,12.975,0.0,-117.02911,129.47633,149.75113,0.0,0.6,0.5
0.1612165426994395,0.14992153999126084,0.5036092480854931,59.04,-165150.71999999974,-0.72,0.0,1.0,0.4302194280831415,12.98,0.0,-113.10547,114.60488,133.19423,0.0,0.6,0.5
0.14132087149070602,0.16405162562293427,0.5035779913896277,57.599999999999994,-80530.63680000027,-0.72,0.0,1.0,0.384441663869147,12.985,0.0,-113.10547,114.60488,133.19423,0.0,0.6,0.5
0.12496737248171404,0.18726481113365187,0.5035638819849609,56.16,-208268.88827586174,-0.72,0.0,1.0,0.475997192297136,12.99,0.0,-113.10547,114.60488,133.19423,0.0,0.6,0.5
0.11685280968389007,0.2025812655616383,0.5032400066827603,54.54,-36.57271987426523,-0.72,0.0,1.0,0.20133060701316907,12.995000000000001,0.0,-113.10547,114.60488,133.19423,0.0,0.6,0.5
0.10256249657110512,0.22269117211735534,0.503183539686,52.919999999999995,-61214.16648648666,-0.72,0.0,1.0,0.32340464491715437,13.0,0.0,-130.6754,-144.78206,143.18553,0.0,0.0,0.5
0.08957836772805287,0.2411381394328426,0.5030164422546398,51.12,-204047.2216216213,-0.72,0.0,1.0,0.04873805963318745,13.005,0.0,-130.6754,-144.78206,143.18553,0.0,0.0,0.5
0.08037376915791908,0.2527342019471682,0.5029785947558563,49.32,-222051.38823529377,-0.72,0.0,1.0,0.4302194280831415,13.01,0.0,-130.6754,-144.78206,143.18553,0.0,0.0,0.5
0.06654923867099839,0.2700273379025036,0.5031302291569713,47.339999999999996,-259522.56000000052,-0.72,0.0,1.0,-0.14963225196078866,13.015,0.0,-130.6754,-144.78206,143.18553,0.0,0.0,0.5
0.05275669694653058,0.2811524523561205,0.5032457023838384,45.36,-244256.52705882315,-0.72,0.0,1.0,0.29288613544115805,13.02,0.0,-89.364624,-107.917274,-133.05194,0.0,0.0,0.5
0.047770608736754816,0.2947317793275973,0.5032963941969767,43.199999999999996,-266461.6658823534,-0.72,0.0,1.0,-0.04281746879480153,13.025,0.0,-89.364624,-107.917274,-133.05194,0.0,0.0,0.5
0.0358078480115497,0.30356476139556987,0.5033668222159403,40.86,-316602.30193548335,-0.72,0.0,1.0,0.46073793755913783,13.030000000000001,0.0,-89.364624,-107.917274,-133.05194,0.0,0.0,0.5
0.04253040797567879,0.32315867559818273,0.5032711308975334,38.519999999999996,-306708.48000000045,-0.72,0.0,1.0,0.20133060701316907,13.035,0.0,-89.364624,-107.917274,-133.05194,0.0,0.0,0.5
0.03313081779236239,0.34033985958496554,0.5032521936531295,36.18,-57.21039066416396,-0.72,0.0,1.0,0.20133060701316907,13.040000000000001,8.522881865501404,81.07248,-148.36781,-151.3753,0.6,0.0,0.5
0.02416300253833479,0.346165048434396,0.5033225446495975,33.66,-185432.38736842127,-0.72,0.0,1.0,0.09451582384718193,13.045,8.522881865501404,81.07248,-148.36781,-151.3753,0.6,0.0,0.5
0.016405576831064146,0.340214589632222,0.5037379165876261,31.14,-293601.27999999956,-0.72,0.0,1.0,0.36918240913114886,13.05,8.522881865501404,81.07248,-148.36781,-151.3753,0.6,0.0,0.5
0.014204083190603433,0.3448220349930502,0.5037559586602701,28.619999999999997,-320292.3054545458,-0.72,0.0,1.0,0.06399731437118561,13.055,8.522881865501404,81.07248,-148.36781,-151.3753,0.6,0.0,0.5
0.011526526085691416,0.341225482120374,0.5037469492480902,25.919999999999998,-365310.34838709666,-0.72,0.0,1.0,0.2776268807031599,13.06,20.0,41.32993,-14.132359,-60.45933,0.6,0.0,0.5
0.00026922396895456455,0.33979521273504404,0.5039893365772677,23.04,-134217.72799999994,-0.72,0.0,1.0,0.2318491164891654,13.065,20.0,41.32993,-14.132359,-60.45933,0.6,0.0,0.5
0.005040160392187531,0.3235945919897186,0.5041954441563166,20.34,-314572.79999999993,-0.72,0.0,1.0,0.2776268807031599,13.07,20.0,41.32993,-14.132359,-60.45933,0.6,0.0,0.5
0.0026836186848111566,0.29297862696422927,0.5044002131367982,17.28,-414018.3948387095,-0.72,0.0,1.0,-0.012298959318805203,13.075000000000001,20.0,41.32993,-14.132359,-60.45933,0.6,0.0,0.5
-0.0005021100815436504,0.2655291747084854,0.5044623447080182,14.399999999999999,-64.90951332355365,-0.72,0.0,1.0,0.384441663869147,13.08,8.522881865501404,65.71725,-128.65538,-7.766828,0.6,0.0,0.5
0.0030457087158160243,0.24484921673379303,0.5040852864798774,11.34,-207009.19741935475,-0.72,0.0,1.0,0.20133060701316907,13.085,8.522881865501404,65.71725,-128.65538,-7.766828,0.6,0.0,0.5
0.0009925592517211305,0.21815533670711595,0.5040095916194967,8.28,-356515.8400000001,-0.72,0.0,1.0,0.384441663869147,13.09,8.522881865501404,65.71725,-128.65538,-7.766828,0.6,0.0,0.5
0.010191655487938728,0.18871437388379111,0.503898451188485,5.04,-411804.39272727264,-0.18,68634.06545454546,1.0,10.63866084780419,13.095,8.522881865501404,65.71725,-128.65538,-7.766828,0.6,0.0,0.5
0.013448804542929557,0.17048094402738248,0.5053960078714703,2.6999999999999997,-316602.30193548393,4.859999999999999,681912.6503225805,1.0,14.499252296517838,13.1,0.0,64.510284,-119.19645,-73.89094,0.6,0.0,0.5
0.031132826670423486,0.15652438460625737,0.5079023718662221,1.44,-165150.71999999997,6.12,165150.7200000001,1.0,-0.3327433088168217,13.105,0.0,64.510284,-119.19645,-73.89094,0.6,0.0,0.5
0.04990816069408862,0.1283041809607868,0.5088875764584544,1.26,-24354.023225806442,5.76,-48708.04645161294,1.0,-0.27170628986482903,13.11,0.0,64.510284,-119.19645,-73.89094,0.6,0.0,0.5
0.07287425193966512,0.12855496200957162,0.5103391745789084,2.34,141557.75999999998,4.5,-165150.71999999997,1.0,0.3997009186071452,13.115,0.0,64.510284,-119.19645,-73.89094,0.6,0.0,0.5
0.08377164909670261,0.108646879446229,0.5095435477538793,3.96,219186.20903225808,1.26,-438372.41806451615,1.0,3.5431073946348235,13.120000000000001,0.0,86.64441,-86.050285,-98.20415,0.6,0.0,0.5
0.1061156514227177,0.0931598934790193,0.506584826970386,6.3,57.05507676388348,-1.26,-61.44392882264375,1.0,3.421033356730838,13.125,0.0,86.64441,-86.050285,-98.20415,0.6,0.0,0.5
0.1284481993151285,0.06885255523522027,0.5056324354476215,7.199999999999999,66225.8526315789,-0.18,79471.02315789474,1.0,-0.3327433088168217,13.13,0.0,86.64441,-86.050285,-98.20415,0.6,0.0,0.5
0.14643737652692376,0.07342290130568792,0.504380788085276,8.82,205902.1963636365,-0.36,-22878.021818181816,1.0,-1.1567430646687225,13.135,0.0,86.64441,-86.050285,-98.20415,0.6,0.0,0.5
0.1646648985549856,0.07335237785884334,0.5033505165798212,10.44,86009.77822784806,-0.8999999999999999,-28669.926075949363,1.0,-0.836298715170761,13.14,0.0,109.99979,-142.70247,-43.359894,0.6,0.0,0.5
0.18309851162387106,0.06689594138421034,0.5031724778014317,12.24,260336.1103448277,-0.8999999999999999,0.0,1.0,-0.4395580919828088,13.145,0.0,109.99979,-142.70247,-43.359894,0.6,0.0,0.5
0.19598702887050154,0.04610833753627259,0.503074215873738,13.86,219186.20903225796,-0.72,24354.023225806442,1.0,0.00296029541919296,13.15,0.0,109.99979,-142.70247,-43.359894,0.6,0.0,0.5
0.21287562279633737,0.03580952051756888,0.5023043672656321,15.479999999999999,205902.19636363626,-0.8999999999999999,-22878.02181818181,1.0,0.9642933439130772,13.155000000000001,0.0,109.99979,-142.70247,-43.359894,0.6,0.0,0.5
0.2303998883416132,0.02532608993088563,0.5030165805634611,17.28,260336.11034482793,-0.8999999999999999,0.0,1.0,0.2318491164891654,13.16,0.0,91.5513,-98.76363,-85.92504,0.6,0.0,0.5
0.24337501288797014,0.020651768769372823,0.5029161211110336,19.259999999999998,44.64352214511102,-0.8999999999999999,0.0,1.0,0.06399731437118561,13.165000000000001,0.0,91.5513,-98.76363,-85.92504,0.6,0.0,0.5
0.25889879171850483,0.02751327030474335,0.5023585350232705,21.06,139810.1333333334,-0.8999999999999999,0.0,1.0,0.09451582384718193,13.17,0.0,91.5513,-98.76363,-85.92504,0.6,0.0,0.5
0.2749377262290959,0.01953409846660715,0.5025997326526936,23.04,107853.53142857146,-0.8999999999999999,0.0,1.0,0.475997192297136,13.175,0.0,91.5513,-98.76363,-85.92504,0.6,0.0,0.5
0.2875181738135534,0.017711487572643902,0.5023242575721212,25.2,258848.47542857146,-0.8999999999999999,0.0,1.0,0.3539231543931507,13.18,0.0,-57.743763,6.726862,-118.44135,0.0,0.6,0.5
0.29882475573645423,0.0034805114894948756,0.5024783522942355,27.36,301989.88800000004,-0.8999999999999999,0.0,1.0,0.2776268807031599,13.185,0.0,-57.743763,6.726862,-118.44135,0.0,0.6,0.5
0.31285120828869195,-0.006640625239210404,0.5025166199097262,29.52,174224.93538461538,-0.8999999999999999,0.0,1.0,0.00296029541919296,13.19,0.0,-57.743763,6.726862,-118.44135,0.0,0.6,0.5
0.3245391068176202,-0.014911748097345736,0.5021040584681179,31.68,283115.52,-0.8999999999999999,0.0,1.0,-0.19541001617478315,13.195,0.0,-57.743763,6.726862,-118.44135,0.0,0.6,0.5
0.33489531452230176,-0.00457922926837468,0.5019790506717648,34.019999999999996,316602.30193548335,-0.8999999999999999,0.0,1.0,-0.05807672353279969,13.200000000000001,0.0,-66.66156,-103.16498,-10.556967,0.0,0.0,0.5
0.3466944981108921,0.004424880122245071,0.5018546168182794,36.36,327155.71200000047,-0.8999999999999999,0.0,1.0,0.3997009186071452,13.205,0.0,-66.66156,-103.16498,-10.556967,0.0,0.0,0.5
0.35576906982596423,-0.014562545233536194,0.5022393249363762,38.699999999999996,54.2303963399472,-0.8999999999999999,0.0,1.0,0.36918240913114886,13.21,0.0,-66.66156,-103.16498,-10.556967,0.0,0.0,0.5
0.3599986363013683,0.0026410298820663744,0.5016026961037853,41.04,134447.55287671252,-0.72,10342.11945205479,1.0,-0.05807672353279969,13.215,0.0,-66.66156,-103.16498,-10.556967,0.0,0.0,0.5
0.35832822796288877,-0.017336422289109293,0.502197602027146,43.379999999999995,265261.38810810767,-0.72,0.0,1.0,-0.16489150669878683,13.22,0.0,-58.745068,40.273743,42.594963,0.0,0.6,0.5
0.35750366623590074,-0.014698659387370104,0.5022462672488303,45.54,312403.33241379366,-0.72,0.0,1.0,0.36918240913114886,13.225,0.0,-58.745068,40.273743,42.594963,0.0,0.6,0.5
0.3555475029207739,0.022751133297449728,0.5017286795300487,47.699999999999996,301989.8879999995,-0.72,0.0,1.0,0.15555284279917458,13.23,0.0,-58.745068,40.273743,42.594963,0.0,0.6,0.5
0.3524037624562753,0.0310926446679732,0.50182882097109,49.86,266461.6658823534,-0.72,0.0,1.0,0.1860713522751709,13.235,0.0,-58.745068,40.273743,42.594963,0.0,0.6,0.5
0.349889957951603,0.031905857617113856,0.5016024650418666,52.019999999999996,83886.07999999987,-0.72,0.0,1.0,0.24710837122716356,13.24,0.0,-41.097363,24.042633,37.429623,0.0,0.6,0.5
0.344399361094445,0.04659517676578532,0.50164343638118,53.82,228780.21818181872,-0.72,0.0,1.0,0.1097750785851801,13.245000000000001,0.0,-41.097363,24.042633,37.429623,0.0,0.6,0.5
0.3304611363699158,0.045270234822132584,0.5020221592571005,55.8,138412.03199999977,-0.72,0.0,1.0,0.44547868282113967,13.25,0.0,-41.097363,24.042633,37.429623,0.0,0.6,0.5
0.31120132200179,0.05775842941069641,0.5016556137103775,57.419999999999995,38.55540066048543,-0.72,0.0,1.0,0.3997009186071452,13.255,0.0,-41.097363,24.042633,37.429623,0.0,0.6,0.5
0.2871854601172247,0.0807132751353147,0.5019471894429324,59.04,119206.53473684244,-0.72,0.0,1.0,0.033478804895189285,13.26,0.0,-54.329166,51.947296,-107.094635,0.0,0.6,0.5
0.26219299696970016,0.09810803366423662,0.5017614897477293,60.66,194136.35657142827,-0.72,0.0,1.0,0.06399731437118561,13.265,0.0,-54.329166,51.947296,-107.094635,0.0,0.6,0.5
0.23644012461907332,0.10845979239677145,0.5016897338197761,62.099999999999994,201326.59199999968,-0.72,0.0,1.0,0.12503433332317826,13.27,0.0,-54.329166,51.947296,-107.094635,0.0,0.6,0.5
0.21176001166869218,0.13478812325793982,0.5015344884286564,63.36,170478.16258064585,-0.72,0.0,1.0,0.36918240913114886,13.275,0.0,-54.329166,51.947296,-107.094635,0.0,0.6,0.5
0.18817527294636344,0.1458059016455845,0.501744225243904,64.44,125829.1199999998,-0.72,0.0,1.0,-0.08859523300879601,13.280000000000001,0.0,-108.121796,-17.130184,113.64828,0.0,0.0,0.5
0.16603143489444835,0.15473884502731802,0.5018815230060283,65.34,121770.11612903302,-0.72,0.0,1.0,0.2318491164891654,13.285,0.0,-108.121796,-17.130184,113.64828,0.0,0.0,0.5
0.14567396316517506,0.17385892152916443,0.5017885344057514,65.88,73062.06967741827,-0.72,0.0,1.0,0.1860713522751709,13.290000000000001,0.0,-108.121796,-17.130184,113.64828,0.0,0.0,0.5
0.12822694210631574,0.19635510873800693,0.5018470247187594,66.42,12.389362623897918,-0.72,0.0,1.0,0.09451582384718193,13.295,0.0,-108.121796,-17.130184,113.64828,0.0,0.0,0.5
0.1018893956591232,0.21459091867050115,0.5016467486740026,66.6,6990.50666666638,-0.72,0.0,1.0,-0.25644703512683087,13.3,0.0,-55.88944,123.52658,63.86517,0.0,0.6,0.5
0.08991360742751474,0.2271212299183551,0.5018076137748154,66.6,0.0,-0.72,0.0,1.0,0.21658986175116723,13.305,0.0,-55.88944,123.52658,63.86517,0.0,0.6,0.5
0.0739427856714437,0.25137442986512215,0.5017749662089757,66.24,-44410.277647058756,-0.72,0.0,1.0,-0.027558214056803365,13.31,0.0,-55.88944,123.52658,63.86517,0.0,0.6,0.5
0.06212573221757325,0.25847997266190464,0.5017820370659417,65.52,-94371.83999999985,-0.72,0.0,1.0,0.3081453901791562,13.315,0.0,-55.88944,123.52658,63.86517,0.0,0.6,0.5
0.06561852762118328,0.2514718716661555,0.5016499990729275,64.8,-83886.07999999987,-0.72,0.0,1.0,-0.08859523300879601,13.32,0.0,-132.82307,-113.39062,118.25161,0.0,0.0,0.5
0.06371825300505662,0.25628000199174034,0.5016292892599858,63.72,-125829.1199999998,-0.72,0.0,1.0,0.2623676259651617,13.325000000000001,0.0,-132.82307,-113.39062,118.25161,0.0,0.0,0.5
0.05954109530033247,0.2558023559541538,0.5013551932001323,62.46,-155435.97176470564,-0.72,0.0,1.0,0.36918240913114886,13.33,0.0,-132.82307,-113.39062,118.25161,0.0,0.0,0.5
0.04920426802364247,0.25816835984970116,0.5011108491607102,61.019999999999996,-194832.18580645227,-0.72,0.0,1.0,0.3081453901791562,13.335,0.0,-132.82307,-113.39062,118.25161,0.0,0.0,0.5
0.03751215279268077,0.2603770524198819,0.5012567127851247,59.58,-35.08206084966479,-0.72,0.0,1.0,0.04873805963318745,13.34,0.0,-50.460033,-83.01637,-113.14907,0.0,0.0,0.5
0.026201763679227778,0.2545480072758719,0.501003269682505,57.96,-107853.53142857125,-0.72,0.0,1.0,0.33866389965515253,13.345,0.0,-50.460033,-83.01637,-113.14907,0.0,0.0,0.5
0.018648068359780147,0.25634389474570973,0.5009178372161804,56.16,-81180.07741935503,-0.72,0.0,1.0,-0.04281746879480153,13.35,0.0,-50.460033,-83.01637,-113.14907,0.0,0.0,0.5
0.01796907204574465,0.25792640940531175,0.5008438711098127,54.36,-215707.0628571425,-0.72,0.0,1.0,0.33866389965515253,13.355,0.0,-50.460033,-83.01637,-113.14907,0.0,0.0,0.5
0.015264697416990984,0.25902219161663853,0.5007104727346924,52.379999999999995,-150994.9440000003,-0.72,0.0,1.0,0.12503433332317826,13.36,8.522881865501404,66.20453,4.49115,-60.05933,0.6,0.6,0.5
0.005967735546178417,0.2574674203884773,0.5005323371131647,50.58,-222051.38823529377,-0.72,0.0,1.0,0.4302194280831415,13.365,8.522881865501404,66.20453,4.49115,-60.05933,0.6,0.6,0.5
-0.010125895689993714,0.2655206393418727,0.5004655581171471,48.42,-274536.2618181814,-0.72,0.0,1.0,0.07925656910918377,13.370000000000001,8.522881865501404,66.20453,4.49115,-60.05933,0.6,0.6,0.5
0.0027349817083202658,0.26510960073985107,0.5006352744739667,46.26,-258848.47542857187,-0.72,0.0,1.0,0.07925656910918377,13.375,8.522881865501404,66.20453,4.49115,-60.05933,0.6,0.6,0.5
-0.007122516988832844,0.25660776075844716,0.5006513789845011,44.1,-48.798822756310045,-0.72,0.0,1.0,-0.04281746879480153,13.38,20.0,91.5744,-121.63014,-150.02419,0.6,0.0,0.5
-0.014377082851163212,0.24508264156556658,0.5007204179415105,41.94,-127601.36112676078,-0.72,0.0,1.0,0.21658986175116723,13.385,20.0,91.5744,-121.63014,-150.02419,0.6,0.0,0.5
-0.017181983826128483,0.2321518412816093,0.5006097175778919,39.6,-272629.75999999954,-0.72,0.0,1.0,0.018219550157191122,13.39,20.0,91.5744,-121.63014,-150.02419,0.6,0.0,0.5
-0.00955826078949914,0.22405571792137682,0.5008598809896512,37.26,-280419.1817142861,-0.72,0.0,1.0,0.32340464491715437,13.395,20.0,91.5744,-121.63014,-150.02419,0.6,0.0,0.5
-0.007934344669061814,0.2227441281290331,0.5009126340107989,34.74,-352321.53599999944,-0.72,0.0,1.0,0.06399731437118561,13.4,8.522881865501404,72.215355,-88.58637,-91.46295,0.6,0.0,0.5
0.0016459649545534983,0.22607627838169844,0.5011860278630731,32.22,-301989.8880000004,-0.72,0.0,1.0,0.33866389965515253,13.405000000000001,8.522881865501404,72.215355,-88.58637,-91.46295,0.6,0.0,0.5
0.011501189510676923,0.2245103529128472,0.5013340917510131,29.7,-74962.0289361702,-0.72,0.0,1.0,0.1097750785851801,13.41,8.522881865501404,72.215355,-88.58637,-91.46295,0.6,0.0,0.5
0.008734893639772595,0.22780148520028734,0.5017096121478796,27.0,-343170.32727272715,-0.72,0.0,1.0,0.3539231543931507,13.415000000000001,8.522881865501404,72.215355,-88.58637,-91.46295,0.6,0.0,0.5
0.009826035242929238,0.2436300629016766,0.5021361964744792,24.3,-176947.19999999995,-0.72,0.0,1.0,0.04873805963318745,13.42,0.0,55.167225,-9.472519,38.890255,0.6,0.0,0.5
0.04514998912828223,0.24717802103706135,0.5021766816716882,21.419999999999998,-70.39760546881836,-0.72,0.0,1.0,0.4302194280831415,13.425,0.0,55.167225,-9.472519,38.890255,0.6,0.0,0.5
0.06625218885989365,0.2475691980597896,0.5024711885326472,18.54,-232299.91384615377,-0.72,0.0,1.0,-0.04281746879480153,13.43,0.0,55.167225,-9.472519,38.890255,0.6,0.0,0.5
0.07828961211221724,0.245596952269787,0.5025217986366172,15.66,-366048.34909090895,-0.72,0.0,1.0,0.475997192297136,13.435,0.0,55.167225,-9.472519,38.890255,0.6,0.0,0.5
0.09627198132421773,0.2463794028467173,0.5027445229916246,12.78,-377487.3600000001,-0.72,0.0,1.0,-0.027558214056803365,13.44,0.0,41.854126,-63.603104,36.93165,0.6,0.0,0.5
0.11677824873121687,0.2440590900974718,0.5026831754864913,9.719999999999999,-427819.0080000001,-0.72,0.0,1.0,0.32340464491715437,13.445,0.0,41.854126,-63.603104,36.93165,0.6,0.0,0.5
0.1343370128834815,0.24133053712096425,0.5026049714254381,7.02,-353894.3999999999,-0.72,0.0,1.0,0.12503433332317826,13.450000000000001,0.0,41.854126,-63.603104,36.93165,0.6,0.0,0.5
0.14933017842408083,0.22800851598818872,0.5025968332685259,4.5,-320292.3054545454,1.7999999999999998,320292.3054545454,1.0,8.746513260292364,13.455,0.0,41.854126,-63.603104,36.93165,0.6,0.0,0.5
0.17011881944479323,0.2138789803481673,0.5048416142424474,3.2399999999999998,-165150.72000000003,4.32,330301.44000000006,1.0,5.175847651600682,13.46,0.0,-66.78469,-87.95122,-138.88516,0.0,0.0,0.5
0.18673681789073937,0.19544693337807548,0.5061792866672489,3.2399999999999998,0.0,2.6999999999999997,-37.37807013780016,1.0,2.8717001861629043,13.465,0.0,-66.78469,-87.95122,-138.88516,0.0,0.0,0.5
0.19944202341013978,0.17334827488558563,0.5065467247825386,4.5,97867.09333333335,1.7999999999999998,-69905.06666666667,1.0,-0.11911374248479234,13.47,0.0,-66.78469,-87.95122,-138.88516,0.0,0.0,0.5
0.21677988038453197,0.15597108012958724,0.5063673852919198,6.84,99138.09454545454,-1.08,-122016.11636363636,1.0,0.9642933439130772,13.475,0.0,-66.78469,-87.95122,-138.88516,0.0,0.0,0.5
0.23277873941273997,0.1292847495463462,0.5045752074750021,7.56,97416.09290322577,-0.36,97416.09290322581,1.0,-0.7294839320047739,13.48,0.0,89.790276,-173.51154,-1.2146679,0.6,0.0,0.5
0.24501305357300338,0.11276698906239606,0.5039120705899269,9.36,251658.23999999996,-0.36,0.0,1.0,-0.4090395825068125,13.485,0.0,89.790276,-173.51154,-1.2146679,0.6,0.0,0.5
0.26075252934439047,0.09448123490598591,0.5033127141966681,11.52,274536.26181818184,-0.8999999999999999,-68634.06545454545,1.0,-0.5768913846247923,13.49,0.0,89.790276,-173.51154,-1.2146679,0.6,0.0,0.5
0.27640025183597927,0.09514545702697408,0.5026156806379739,13.5,244256.5270588236,-0.8999999999999999,0.0,1.0,-0.07333597827079785,13.495000000000001,0.0,89.790276,-173.51154,-1.2146679,0.6,0.0,0.5
0.2844281953972613,0.07987053358931195,0.5027379198226175,15.84,316602.3019354839,-0.8999999999999999,0.0,1.0,-0.14963225196078866,13.5,0.0,-69.53291,96.33972,103.579475,0.0,0.6,0.5
0.28542187821942566,0.0626913161699484,0.5023502853231475,18.0,274536.26181818184,-0.8999999999999999,0.0,1.0,0.5065157017731323,13.505,0.0,-69.53291,96.33972,103.579475,0.0,0.6,0.5
0.28535453630141183,0.06578493283516694,0.5018049224768794,20.34,55.64377358490566,-0.8999999999999999,0.0,1.0,-0.11911374248479234,13.51,0.0,-69.53291,96.33972,103.579475,0.0,0.6,0.5
0.2835083359815581,0.06282685481679777,0.5020412852858179,22.86,207247.96235294113,-0.8999999999999999,0.0,1.0,-0.16489150669878683,13.515,0.0,-69.53291,96.33972,103.579475,0.0,0.6,0.5
0.28245965849054394,0.03720310450611165,0.5019949417418795,25.2,316602.3019354839,-0.8999999999999999,0.0,1.0,-0.27170628986482903,13.52,0.0,101.12343,-114.634735,-146.22653,0.6,0.0,0.5
0.2856043207592022,0.026948521933010658,0.5017407314987213,27.54,338436.94344827585,-0.8999999999999999,0.0,1.0,0.2776268807031599,13.525,0.0,101.12343,-114.634735,-146.22653,0.6,0.0,0.5
0.2897295654508583,0.03327862093302699,0.5016193278392893,30.06,352321.53599999996,-0.8999999999999999,0.0,1.0,0.5522934659871268,13.530000000000001,0.0,101.12343,-114.634735,-146.22653,0.6,0.0,0.5
0.29118518775336577,0.016299210667034134,0.5013074213747184,32.4,116841.3257142857,-0.8999999999999999,0.0,1.0,0.8422193060090919,13.535,0.0,101.12343,-114.634735,-146.22653,0.6,0.0,0.5
0.29159235145636353,0.018676948120131907,0.5011540185914096,34.56,244856.66594594636,-0.8999999999999999,0.0,1.0,0.1860713522751709,13.540000000000001,0.0,-117.38363,-53.34525,133.62466,0.0,0.0,0.5
0.2915300514854878,0.018249650295871774,0.5011563135247445,36.72,292248.27870967693,-0.8999999999999999,0.0,1.0,-0.012298959318805203,13.545,0.0,-117.38363,-53.34525,133.62466,0.0,0.0,0.5
0.2906190177828694,0.02528547799973018,0.5006479881887237,38.879999999999995,49.871994451141894,-0.8999999999999999,0.0,1.0,0.033478804895189285,13.55,0.0,-117.38363,-53.34525,133.62466,0.0,0.0,0.5
0.2883728283609163,0.04442615508988781,0.5009144788227895,40.86,125829.12000000026,-0.8999999999999999,0.0,1.0,0.5217749565111305,13.555,0.0,-117.38363,-53.34525,133.62466,0.0,0.0,0.5
0.28708341786190505,0.04958482413262082,0.5010126390726175,42.66,75497.47199999988,-0.72,7549.747199999997,1.0,0.33866389965515253,13.56,0.0,-97.1411,111.5996,-95.48516,0.0,0.6,0.5
0.28687195374525665,0.0804348005034171,0.5009960442369258,44.46,228780.21818181872,-0.72,0.0,1.0,0.5522934659871268,13.565,0.0,-97.1411,111.5996,-95.48516,0.0,0.6,0.5
0.28740494634113256,0.1003062181084412,0.5009975759120039,46.26,251658.2399999996,-0.72,0.0,1.0,-0.19541001617478315,13.57,0.0,-97.1411,111.5996,-95.48516,0.0,0.6,0.5
0.287816939443585,0.09969392385185936,0.5008540026751105,47.879999999999995,226492.41599999965,-0.72,0.0,1.0,-0.012298959318805203,13.575000000000001,0.0,-97.1411,111.5996,-95.48516,0.0,0.6,0.5
0.2873094626805053,0.09944005553993918,0.500923377683597,49.32,167772.16000000056,-0.72,0.0,1.0,0.12503433332317826,13.58,0.0,-99.01103,-15.1908455,-13.995237,0.0,0.0,0.5
0.2862316005720675,0.10181647334374463,0.5010972548559398,50.76,188743.6799999997,-0.72,0.0,1.0,0.475997192297136,13.585,0.0,-99.01103,-15.1908455,-13.995237,0.0,0.0,0.5
0.2858267288255538,0.09101415542769711,0.5011563891188554,52.019999999999996,176160.76799999972,-0.72,0.0,1.0,-0.027558214056803365,13.59,0.0,-99.01103,-15.1908455,-13.995237,0.0,0.0,0.5
0.2858762513409638,0.09143464706984945,0.5009650095101489,53.28,28.40462787885314,-0.72,0.0,1.0,0.1860713522751709,13.595,0.0,-99.01103,-15.1908455,-13.995237,0.0,0.0,0.5
0.28411245516309974,0.08420259481083839,0.5012529524165742,54.36,82360.87854545441,-0.72,0.0,1.0,-0.05807672353279969,13.6,0.0,-100.31646,98.1782,117.882965,0.0,0.6,0.5
0.282199885756867,0.07950858684976408,0.5012987557564925,55.44,133230.83294117625,-0.72,0.0,1.0,0.12503433332317826,13.605,0.0,-100.31646,98.1782,117.882965,0.0,0.6,0.5
0.2752404269015454,0.0895086962304963,0.5015991274674735,56.339999999999996,121770.11612903206,-0.72,0.0,1.0,0.2623676259651617,13.61,0.0,-100.31646,98.1782,117.882965,0.0,0.6,0.5
0.2618695984157962,0.09455560622111137,0.5013917806804871,57.239999999999995,121770.11612903206,-0.72,0.0,1.0,0.2776268807031599,13.615,0.0,-100.31646,98.1782,117.882965,0.0,0.6,0.5
0.24286167664771457,0.08614362529913797,0.5018183449950543,57.96,34711.48137931063,-0.72,0.0,1.0,0.15555284279917458,13.620000000000001,0.0,-126.77826,-103.98786,-30.205297,0.0,0.0,0.5
0.22196888723215466,0.09643645620007114,0.502017201809911,58.5,64712.118857142756,-0.72,0.0,1.0,0.32340464491715437,13.625,0.0,-126.77826,-103.98786,-30.205297,0.0,0.0,0.5
0.2003835115726473,0.10167758743333571,0.5020675260126193,59.04,73062.06967741923,-0.72,0.0,1.0,0.018219550157191122,13.63,0.0,-126.77826,-103.98786,-30.205297,0.0,0.0,0.5
0.17898506287057603,0.08662470427384951,0.5024892895904698,59.4,50331.64799999992,-0.72,0.0,1.0,0.44547868282113967,13.635,0.0,-126.77826,-103.98786,-30.205297,0.0,0.0,0.5
0.15891987392008072,0.10003385519397395,0.5028259637988505,59.58,4.401851288240534,-0.72,0.0,1.0,0.1097750785851801,13.64,8.522881865501404,-22.338585,68.412056,-50.4816,0.0,0.6,0.5
0.14122407157003877,0.13115178962451232,0.5030303674616089,59.76,14518.744615384592,-0.72,0.0,1.0,0.2318491164891654,13.645,8.522881865501404,-22.338585,68.412056,-50.4816,0.0,0.6,0.5
0.12385575205343664,0.15315325070369512,0.5032625941473855,59.76,0.0,-0.72,0.0,1.0,-0.07333597827079785,13.65,8.522881865501404,-22.338585,68.412056,-50.4816,0.0,0.6,0.5
0.10467355591433818,0.15651757633850988,0.5035361913018936,59.76,0.0,-0.72,0.0,1.0,0.00296029541919296,13.655000000000001,8.522881865501404,-22.338585,68.412056,-50.4816,0.0,0.6,0.5
0.09665434623981069,0.1704033430643402,0.5039770362992033,59.58,-25165.82399999996,-0.72,0.0,1.0,0.1097750785851801,13.66,20.0,52.034092,84.34143,83.35284,0.6,0.6,0.5
0.08060246273883835,0.187247201193253,0.5042746910209713,59.22,-43141.412571428504,-0.72,0.0,1.0,0.36918240913114886,13.665000000000001,20.0,52.034092,84.34143,83.35284,0.6,0.6,0.5
0.0626645001346413,0.20267071752723573,0.5044982848175297,58.86,-48708.04645161283,-0.72,0.0,1.0,0.033478804895189285,13.67,20.0,52.034092,84.34143,83.35284,0.6,0.6,0.5
0.055910280674128066,0.19661342450646707,0.5044911510782117,58.5,-26033.611034482718,-0.72,0.0,1.0,0.41496017334514335,13.675,20.0,52.034092,84.34143,83.35284,0.6,0.6,0.5
0.042680332252044956,0.20527281874732514,0.5045603250102932,57.96,-12.233773691914617,-0.72,0.0,1.0,-0.16489150669878683,13.68,8.522881865501404,-108.96872,74.71705,114.40775,0.0,0.6,0.5
0.03760953640344272,0.21175024520397523,0.5049672189206933,57.419999999999995,-41943.04000000049,-0.72,0.0,1.0,0.5828119754631231,13.685,8.522881865501404,-108.96872,74.71705,114.40775,0.0,0.6,0.5
0.02937159186463583,0.2127795343288266,0.5050476427235766,56.699999999999996,-86282.82514285701,-0.72,0.0,1.0,0.12503433332317826,13.69,8.522881865501404,-108.96872,74.71705,114.40775,0.0,0.6,0.5
0.030154329772534454,0.21074170324804625,0.505118630664275,55.8,-117964.79999999981,-0.72,0.0,1.0,0.5370342112491286,13.695,8.522881865501404,-108.96872,74.71705,114.40775,0.0,0.6,0.5
0.037187835177160185,0.2244815871381333,0.5050724299520798,54.9,-125829.1199999998,-0.72,0.0,1.0,0.29288613544115805,13.700000000000001,0.0,-107.121414,-142.05249,74.141136,0.0,0.0,0.5
0.04578062389773786,0.2376680063324929,0.505026892721167,54.0,-117964.79999999981,-0.72,0.0,1.0,0.33866389965515253,13.705,0.0,-107.121414,-142.05249,74.141136,0.0,0.0,0.5
0.04825757662698238,0.2518273888994788,0.5051862327272472,52.919999999999995,-150994.94400000075,-0.72,0.0,1.0,-0.05807672353279969,13.71,0.0,-107.121414,-142.05249,74.141136,0.0,0.0,0.5
0.06475662238883542,0.2635248140191765,0.5053913698708303,51.66,-64449.06146341453,-0.72,0.0,1.0,0.33866389965515253,13.715,0.0,-107.121414,-142.05249,74.141136,0.0,0.0,0.5
0.07841925104072027,0.2840992565655942,0.5053810161194812,50.22,-177641.11058823502,-0.72,0.0,1.0,0.00296029541919296,13.72,0.0,-6.411298,-36.325897,-151.11597,0.0,0.0,0.5
0.08746363466248647,0.30180876208986446,0.505719192319724,48.78,-35.04765689283989,-0.72,0.0,1.0,0.1097750785851801,13.725,0.0,-6.411298,-36.325897,-151.11597,0.0,0.0,0.5
0.08803005614706512,0.3118487249379495,0.5056393980522006,47.16,-135895.44960000037,-0.72,0.0,1.0,0.06399731437118561,13.73,0.0,-6.411298,-36.325897,-151.11597,0.0,0.0,0.5
0.09149757162636825,0.33073999001855453,0.5056859584259327,45.36,-235929.59999999963,-0.72,0.0,1.0,0.17081209753717275,13.735,0.0,-6.411298,-36.325897,-151.11597,0.0,0.0,0.5
0.10440829951931395,0.34256049048699444,0.505605659722586,43.379999999999995,-276824.06400000054,-0.72,0.0,1.0,0.12503433332317826,13.74,8.522881865501404,83.602646,-114.03949,-148.89066,0.6,0.0,0.5
0.10017315293172378,0.34740544479673174,0.5053899154874182,41.4,-259522.5599999996,-0.72,0.0,1.0,0.20133060701316907,13.745000000000001,8.522881865501404,83.602646,-114.03949,-148.89066,0.6,0.0,0.5
0.09463579530812018,0.3426760276790335,0.5053834998603705,39.24,-266461.6658823525,-0.72,0.0,1.0,0.12503433332317826,13.75,8.522881865501404,83.602646,-114.03949,-148.89066,0.6,0.0,0.5
0.07011119771750464,0.348025045500999,0.505584171776915,37.08,-292248.2787096779,-0.72,0.0,1.0,0.5217749565111305,13.755,8.522881865501404,83.602646,-114.03949,-148.89066,0.6,0.0,0.5
0.06345793051488506,0.33979928041522667,0.5054762733669578,34.74,-327155.7119999995,-0.72,0.0,1.0,0.384441663869147,13.76,20.0,27.244247,100.064705,-39.04412,0.6,0.6,0.5
0.07072858737941917,0.33409262976733456,0.5048781233487694,32.4,-53.9691700621918,-0.72,0.0,1.0,0.49125644703513416,13.765,20.0,27.244247,100.064705,-39.04412,0.6,0.6,0.5
0.0505818811928265,0.3253680274277073,0.5050070943572189,30.06,-68634.06545454545,-0.72,0.0,1.0,0.2623676259651617,13.77,20.0,27.244247,100.064705,-39.04412,0.6,0.6,0.5
0.05545882067941111,0.2991829092539076,0.5050254552577155,27.54,-257796.2458536585,-0.72,0.0,1.0,0.2623676259651617,13.775,20.0,27.244247,100.064705,-39.04412,0.6,0.6,0.5
0.04644547286740211,0.262276422347738,0.5049643787923439,24.84,-283115.5199999999,-0.72,0.0,1.0,0.384441663869147,13.780000000000001,8.522881865501404,17.78782,-85.36588,-57.48259,0.6,0.0,0.5
0.04992031771873734,0.25025261471848315,0.5045094159262765,22.32,-320292.3054545454,-0.72,0.0,1.0,0.1097750785851801,13.785,8.522881865501404,17.78782,-85.36588,-57.48259,0.6,0.0,0.5
0.05619422618921044,0.22930991325304395,0.5045612390085371,19.62,-343170.32727272715,-0.8999999999999999,-22878.02181818181,1.0,0.15555284279917458,13.790000000000001,8.522881865501404,17.78782,-85.36588,-57.48259,0.6,0.0,0.5
0.08121201410176011,0.21392149481937245,0.5041230856333454,16.919999999999998,-333077.0823529415,-0.8999999999999999,0.0,1.0,0.033478804895189285,13.795,8.522881865501404,17.78782,-85.36588,-57.48259,0.6,0.0,0.5
0.0926389975516549,0.20461726389033263,0.5039740790661711,14.04,-366048.34909090895,-0.8999999999999999,0.0,1.0,0.5522934659871268,13.8,0.0,76.96079,-63.910248,-98.240135,0.6,0.0,0.5
0.09844293886633979,0.20777258446552505,0.5039324002016364,11.34,-404450.74285714276,-0.8999999999999999,0.0,1.0,0.17081209753717275,13.805,0.0,76.96079,-63.910248,-98.240135,0.6,0.0,0.5
0.12762205830600357,0.21050953218641122,0.5033318637751174,8.459999999999999,-69.67885233703083,-0.8999999999999999,0.0,1.0,0.04873805963318745,13.81,0.0,76.96079,-63.910248,-98.240135,0.6,0.0,0.5
0.1468275233141568,0.20698387811035257,0.5030372134991525,5.9399999999999995,-185432.387368421,-0.8999999999999999,0.0,1.0,8.60917996765038,13.815,0.0,76.96079,-63.910248,-98.240135,0.6,0.0,0.5
0.1615619196005215,0.2182773762793181,0.5036391524574233,3.96,-251658.23999999993,3.2399999999999998,526194.5018181818,1.0,11.69154942472612,13.82,0.0,44.59731,-88.534355,-38.46703,0.6,0.0,0.5
0.1810973426236839,0.21730579644726683,0.5051400349794278,3.42,-73062.06967741936,3.42,24354.02322580647,1.0,1.2999969481490368,13.825000000000001,0.0,44.59731,-88.534355,-38.46703,0.6,0.0,0.5
0.19961226721516354,0.22176781705424525,0.5055002427890458,4.14,26724.768849557513,2.16,-46768.34548672566,1.0,-0.7447431867427721,13.83,0.0,44.59731,-88.534355,-38.46703,0.6,0.0,0.5
0.21155278382010823,0.2129434133459213,0.5057719143403331,5.9399999999999995,215707.06285714282,0.0,-258848.47542857146,1.0,-0.16489150669878683,13.835,0.0,44.59731,-88.534355,-38.46703,0.6,0.0,0.5
0.2262323466542192,0.21186475547217395,0.5046741112252371,7.199999999999999,165150.71999999997,-0.8999999999999999,-117964.79999999999,1.0,0.17081209753717275,13.84,0.0,86.103806,-81.365295,-12.711597,0.6,0.0,0.5
0.24422771566702706,0.22114600018632527,0.5033289899813979,8.64,188743.68000000017,-0.36,70778.87999999999,1.0,-0.7294839320047739,13.845,0.0,86.103806,-81.365295,-12.711597,0.6,0.0,0.5
0.2569643483122748,0.2059070756574088,0.5030787971398751,10.799999999999999,49.47436716015265,-1.08,-16.491455720050897,1.0,-0.6226691488387868,13.85,0.0,86.103806,-81.365295,-12.711597,0.6,0.0,0.5
0.2700822819016103,0.1870451836866871,0.502506681820552,12.24,31788.409263157922,-0.72,7947.102315789476,1.0,-0.34800256355481984,13.855,0.0,86.103806,-81.365295,-12.711597,0.6,0.0,0.5
0.28616206076343775,0.1752401455168304,0.501898232088792,14.58,228248.17116279068,-0.8999999999999999,-17557.55162790697,1.0,-0.1343729972227905,13.86,0.0,66.87601,-98.60125,-41.222385,0.6,0.0,0.5
0.2977522996145833,0.1585618397745928,0.5021468887598881,16.919999999999998,297414.2836363634,-0.8999999999999999,0.0,1.0,0.09451582384718193,13.865,0.0,66.87601,-98.60125,-41.222385,0.6,0.0,0.5
0.30946174299364115,0.15287850959017962,0.5019007769688454,19.439999999999998,352321.53599999996,-0.8999999999999999,0.0,1.0,0.3997009186071452,13.870000000000001,0.0,66.87601,-98.60125,-41.222385,0.6,0.0,0.5
0.32253308062727337,0.12669319732865592,0.5018731610713643,22.14,333077.0823529415,-0.8999999999999999,0.0,1.0,-0.027558214056803365,13.875,0.0,66.87601,-98.60125,-41.222385,0.6,0.0,0.5
0.3335367549983554,0.09958973388136313,0.5017389855727625,24.84,323560.5942857142,-0.8999999999999999,0.0,1.0,-0.10385448774679418,13.88,0.0,74.11693,-70.7788,-118.26638,0.6,0.0,0.5
0.34262395059191747,0.08427548513108964,0.5012781337660367,27.72,89478.4853333333,-0.8999999999999999,0.0,1.0,0.04873805963318745,13.885,0.0,74.11693,-70.7788,-118.26638,0.6,0.0,0.5
0.35355321124733413,0.08360625369804302,0.5007908773575359,30.779999999999998,401080.31999999983,-0.8999999999999999,0.0,1.0,0.475997192297136,13.89,0.0,74.11693,-70.7788,-118.26638,0.6,0.0,0.5
0.36278654777035324,0.08086788180490553,0.5006600316151398,33.839999999999996,72.5498156658583,-0.8999999999999999,0.0,1.0,0.9032563249610845,13.895,0.0,74.11693,-70.7788,-118.26638,0.6,0.0,0.5
0.3707232013917683,0.05846941692838859,0.5002675062061234,36.9,233355.82254545472,-0.8999999999999999,0.0,1.0,0.5828119754631231,13.9,0.0,25.533054,256.96027,68.52891,0.6,0.6,0.5
0.3786511807245401,0.04836224827933536,0.500132697204176,40.14,399692.49882352963,-0.8999999999999999,0.0,1.0,0.21658986175116723,13.905000000000001,0.0,25.533054,256.96027,68.52891,0.6,0.6,0.5
0.38626141780997975,0.04273366250387549,0.5000647854775964,43.379999999999995,438372.41806451546,-0.8999999999999999,0.0,1.0,0.07925656910918377,13.91,0.0,25.533054,256.96027,68.52891,0.6,0.6,0.5
0.3922490837676285,0.035637629910778804,0.4999923949361798,46.44,401080.3200000003,-0.8999999999999999,0.0,1.0,0.018219550157191122,13.915000000000001,0.0,25.533054,256.96027,68.52891,0.6,0.6,0.5
0.3989176235699583,0.03790788212550667,0.49977793741477494,49.5,401080.3200000003,-0.8999999999999999,0.0,1.0,0.46073793755913783,13.92,0.0,56.325237,-54.619854,-35.089565,0.6,0.0,0.5
0.4050981890695813,0.023681519316351422,0.49961211052309146,52.559999999999995,356515.83999999944,-0.8999999999999999,0.0,1.0,0.3997009186071452,13.925,0.0,56.325237,-54.619854,-35.089565,0.6,0.0,0.5
0.4107109557875412,0.027748335721220412,0.49919525085187777,55.62,414018.39483870997,-0.8999999999999999,0.0,1.0,-0.04281746879480153,13.93,0.0,56.325237,-54.619854,-35.089565,0.6,0.0,0.5
0.4153787915242949,0.009061704240293199,0.4994257855322713,58.68,70.9311734017155,-0.8999999999999999,0.0,1.0,-0.027558214056803365,13.935,0.0,56.325237,-54.619854,-35.089565,0.6,0.0,0.5
0.4209583386416058,0.015970660870979595,0.4992265819143138,61.379999999999995,161780.2971428569,-0.8999999999999999,0.0,1.0,0.3997009186071452,13.94,0.0,63.755566,40.900467,19.974735,0.6,0.6,0.5
0.4260712081838836,0.024376765041778978,0.49863092978565704,64.25999999999999,335544.3199999995,-0.8999999999999999,0.0,1.0,0.2776268807031599,13.945,0.0,63.755566,40.900467,19.974735,0.6,0.6,0.5
0.43063434701796527,0.03761907294438318,0.4985628643131958,66.78,108965.42350515508,-0.8999999999999999,0.0,1.0,0.2776268807031599,13.950000000000001,0.0,63.755566,40.900467,19.974735,0.6,0.6,0.5
0.4352561329118657,0.05069880654955984,0.4985693137703944,69.3,330301.4399999995,-0.8999999999999999,0.0,1.0,0.29288613544115805,13.955,0.0,63.755566,40.900467,19.974735,0.6,0.6,0.5
0.4388147153593287,0.07124876529748606,0.4988424624527932,71.64,327155.71200000047,-0.72,25165.82399999999,1.0,-0.012298959318805203,13.96,0.0,62.100677,-81.50842,32.2414,0.6,0.0,0.5
0.442369935181646,0.07687878759544468,0.49880720947649826,73.8,274536.2618181814,-0.72,0.0,1.0,0.21658986175116723,13.965,0.0,62.100677,-81.50842,32.2414,0.6,0.0,0.5
0.44518972112105515,0.08197781465489065,0.49860514580763626,75.6,243540.23225806412,-0.72,0.0,1.0,0.5217749565111305,13.97,0.0,62.100677,-81.50842,32.2414,0.6,0.0,0.5
0.44698280853433336,0.0955175821865287,0.4987479664430284,77.22,219186.2090322587,-0.72,0.0,1.0,0.384441663869147,13.975,0.0,62.100677,-81.50842,32.2414,0.6,0.0,0.5
0.4495020079031039,0.10118933896023836,0.4982752164910091,78.48,30.508607583244938,-0.72,0.0,1.0,0.5217749565111305,13.98,0.0,70.177216,-83.13234,-91.049644,0.6,0.0,0.5
0.45161457527910837,0.09773319398947519,0.49841052433051913,79.2,18641.351111111082,-0.72,0.0,1.0,0.12503433332317826,13.985,0.0,70.177216,-83.13234,-91.049644,0.6,0.0,0.5
0.4536489724224623,0.10995133823192237,0.4983949756182851,79.74,50331.64799999926,-0.72,0.0,1.0,0.21658986175116723,13.99,0.0,70.177216,-83.13234,-91.049644,0.6,0.0,0.5
0.4558451876005528,0.10981056207170962,0.498098806588676,79.74,0.0,-0.72,0.0,1.0,0.04873805963318745,13.995000000000001,0.0,70.177216,-83.13234,-91.049644,0.6,0.0,0.5
0.4577883371984541,0.11080898137714823,0.4981656794519353,79.56,-22878.021818180878,-0.72,0.0,1.0,0.4302194280831415,14.0,0.0,-118.2003,-134.18169,-111.17125,0.0,0.0,0.5
0.45962430392642817,0.1174879366255875,0.4981552526607878,78.84,-86282.82514285701,-0.72,0.0,1.0,0.1860713522751709,14.005,0.0,-118.2003,-134.18169,-111.17125,0.0,0.0,0.5
0.46123361389735107,0.11393120237708004,0.4980218396640701,78.11999999999999,-94371.84000000171,-0.72,0.0,1.0,0.04873805963318745,14.01,0.0,-118.2003,-134.18169,-111.17125,0.0,0.0,0.5
0.4629407604807879,0.12328590976922009,0.498173933910787,77.03999999999999,-69689.97415384604,-0.72,0.0,1.0,-0.027558214056803365,14.015,0.0,-118.2003,-134.18169,-111.17125,0.0,0.0,0.5
0.4651568917162999,0.12222217289649315,0.4981380703464341,75.78,-165150.7199999988,-0.72,0.0,1.0,0.3081453901791562,14.02,0.0,-127.98073,-120.39828,-155.5059,0.0,0.0,0.5
0.4669817011410518,0.12600507935169214,0.49818198238436706,74.52,-28.49038001024298,-0.72,0.0,1.0,0.20133060701316907,14.025,0.0,-127.98073,-120.39828,-155.5059,0.0,0.0,0.5
0.4692847829544069,0.12094842754454714,0.4980896390460974,73.08,-95869.80571428557,-0.72,0.0,1.0,0.2776268807031599,14.030000000000001,0.0,-127.98073,-120.39828,-155.5059,0.0,0.0,0.5
0.4722318257456057,0.1219490482451615,0.49791194539070194,71.64,-172565.65028571401,-0.72,0.0,1.0,-0.05807672353279969,14.035,0.0,-127.98073,-120.39828,-155.5059,0.0,0.0,0.5
0.4743789931820568,0.12017475461160072,0.4977098809373537,70.2,-75497.47199999988,-0.8999999999999999,-9437.183999999997,1.0,0.41496017334514335,14.040000000000001,0.0,-92.158264,125.76668,153.68057,0.0,0.6,0.5
0.4742416897498095,0.1021439119144794,0.49768140834545327,68.94,-160146.15272727338,-0.8999999999999999,0.0,1.0,0.07925656910918377,14.045,0.0,-92.158264,125.76668,153.68057,0.0,0.6,0.5
0.47412447495310583,0.08063857094605136,0.49741322909840024,67.5,-177641.11058823502,-0.8999999999999999,0.0,1.0,0.20133060701316907,14.05,0.0,-92.158264,125.76668,153.68057,0.0,0.6,0.5
0.47483357738681753,0.08770718386358897,0.4971466182039202,66.06,-183024.17454545427,-0.8999999999999999,0.0,1.0,0.2776268807031599,14.055,0.0,-92.158264,125.76668,153.68057,0.0,0.6,0.5
0.4740192200852927,0.06356047646694064,0.4971734830748249,64.8,-165150.72000000067,-0.8999999999999999,0.0,1.0,0.06399731437118561,14.06,0.0,-102.11954,119.22382,148.3033,0.0,0.6,0.5
0.47138869128665883,0.06358145746685069,0.4975096275879177,63.54,-28.495142130009015,-0.8999999999999999,0.0,1.0,0.2623676259651617,14.065,0.0,-102.11954,119.22382,148.3033,0.0,0.6,0.5
0.4607584012924983,0.04627822334952407,0.49764138655159645,62.28,-99713.64226415078,-0.8999999999999999,0.0,1.0,0.29288613544115805,14.07,0.0,-102.11954,119.22382,148.3033,0.0,0.6,0.5
0.4367548747764972,0.029249019868714744,0.4976894142812515,61.019999999999996,-160146.15272727338,-0.8999999999999999,0.0,1.0,0.00296029541919296,14.075000000000001,0.0,-102.11954,119.22382,148.3033,0.0,0.6,0.5
0.40853736117996636,0.02622850593198045,0.49787539464715175,59.58,-208268.88827586174,-0.8999999999999999,0.0,1.0,0.2623676259651617,14.08,0.0,-122.423965,128.44315,151.58678,0.0,0.6,0.5
0.3762607182547163,0.01609607702009909,0.4984112388523678,58.32,-176160.76799999972,-0.72,25165.82399999999,1.0,0.20133060701316907,14.085,0.0,-122.423965,128.44315,151.58678,0.0,0.6,0.5
0.3459083867643918,0.0458183900036524,0.49881183633142084,56.879999999999995,-188743.68000000063,-0.72,0.0,1.0,0.1860713522751709,14.09,0.0,-122.423965,128.44315,151.58678,0.0,0.6,0.5
0.3145444416067284,0.05375140870626186,0.4993611342441604,55.44,-75497.47199999988,-0.72,0.0,1.0,0.07925656910918377,14.095,0.0,-122.423965,128.44315,151.58678,0.0,0.6,0.5
0.2854704316317395,0.06452506950091608,0.4997121379311285,53.82,-205902.19636363603,-0.72,0.0,1.0,0.2776268807031599,14.1,0.0,-100.04834,114.4218,140.772,0.0,0.6,0.5
0.2570491685492678,0.09216809527650349,0.5000591204124037,52.199999999999996,-226492.41600000064,-0.72,0.0,1.0,0.04873805963318745,14.105,0.0,-100.04834,114.4218,140.772,0.0,0.6,0.5
0.23071489631964004,0.10806701207754896,0.5005329147884671,50.58,-39.58619522852393,-0.72,0.0,1.0,0.46073793755913783,14.11,0.0,-100.04834,114.4218,140.772,0.0,0.6,0.5
0.20596434465163446,0.13939811139482114,0.5007368555261308,48.78,-139810.1333333331,-0.72,0.0,1.0,0.1860713522751709,14.115,0.0,-100.04834,114.4218,140.772,0.0,0.6,0.5
0.1835028811887524,0.1577000558599383,0.5010900657640813,46.98,-251658.2400000006,-0.72,0.0,1.0,0.49125644703513416,14.120000000000001,0.0,-125.4057,85.8712,122.10116,0.0,0.6,0.5
0.16193157457908472,0.16724105345932833,0.5016072596971548,45.0,-115343.35999999981,-0.72,0.0,1.0,0.1860713522751709,14.125,0.0,-125.4057,85.8712,122.10116,0.0,0.6,0.5
0.14441025122319606,0.17237968488593505,0.5020664097934355,43.019999999999996,-244256.52705882402,-0.72,0.0,1.0,0.33866389965515253,14.13,0.0,-125.4057,85.8712,122.10116,0.0,0.6,0.5
0.12715207596129863,0.193589665238315,0.5026654234366358,41.04,-251658.2399999996,-0.72,0.0,1.0,0.32340464491715437,14.135,0.0,-125.4057,85.8712,122.10116,0.0,0.6,0.5
0.11651941168553319,0.21929500140887187,0.5028434094252463,38.879999999999995,-266461.6658823534,-0.72,0.0,1.0,0.3081453901791562,14.14,0.0,-86.75682,-111.66042,91.410774,0.0,0.0,0.5
0.10010564578260574,0.2355987095049754,0.5032002822600242,36.72,-283115.51999999955,-0.72,0.0,1.0,0.3539231543931507,14.145,0.0,-86.75682,-111.66042,91.410774,0.0,0.0,0.5
0.08071184765136641,0.25152990462337876,0.5032552090056553,34.379999999999995,-54.04584474584119,-0.72,0.0,1.0,0.21658986175116723,14.15,0.0,-86.75682,-111.66042,91.410774,0.0,0.0,0.5
0.08036201038484897,0.26809784023307465,0.5035457453639489,32.04,-200299.41551020378,-0.72,0.0,1.0,-0.012298959318805203,14.155000000000001,0.0,-86.75682,-111.66042,91.410774,0.0,0.0,0.5
0.0647467860317576,0.2838226326818834,0.5036340092472822,29.7,-297414.28363636363,-0.72,0.0,1.0,0.4302194280831415,14.16,0.0,-81.39161,-86.809395,-99.85366,0.0,0.0,0.5
0.060797914952608,0.29146087073708266,0.5037678613339046,27.18,-340956.32516129024,-0.72,0.0,1.0,0.018219550157191122,14.165000000000001,0.0,-81.39161,-86.809395,-99.85366,0.0,0.0,0.5
0.04914823246698131,0.2983935378900412,0.5042303448870691,24.66,-352321.53599999996,-0.72,0.0,1.0,0.2318491164891654,14.17,0.0,-81.39161,-86.809395,-99.85366,0.0,0.0,0.5
0.03953740659139323,0.31013451831058136,0.5043387535825056,22.14,-320292.3054545454,-0.72,0.0,1.0,0.15555284279917458,14.175,0.0,-81.39161,-86.809395,-99.85366,0.0,0.0,0.5
0.03819998817191628,0.31120183580669547,0.5042720967310504,19.439999999999998,-333077.0823529415,-0.8999999999999999,-22205.138823529403,1.0,0.384441663869147,14.18,8.522881865501404,114.548615,135.94778,-195.64815,0.6,0.6,0.5
0.044639717012521875,0.31077794314583007,0.5040987518776451,16.74,-333077.0823529411,-0.72,22205.138823529403,1.0,-0.08859523300879601,14.185,8.522881865501404,114.548615,135.94778,-195.64815,0.6,0.6,0.5
0.03401245852667896,0.32902239874043865,0.5040600077822349,13.86,-175066.60173913036,-0.72,0.0,1.0,0.5065157017731323,14.19,8.522881865501404,114.548615,135.94778,-195.64815,0.6,0.6,0.5
0.0244496011411714,0.3291657003852004,0.5037857091447201,10.98,-70.08514655712592,-0.72,0.0,1.0,0.09451582384718193,14.195,8.522881865501404,114.548615,135.94778,-195.64815,0.6,0.6,0.5
0.025615945576013134,0.32152431909223045,0.5038260037786199,7.92,-246818.6584615385,-0.72,0.0,1.0,0.36918240913114886,14.200000000000001,20.0,53.326473,-125.54908,72.44227,0.6,0.0,0.5
0.021420876311352918,0.3143151437998086,0.5037471117281574,4.859999999999999,-388926.37090909097,0.18,114390.10909090909,1.0,6.991698965422518,14.205,20.0,53.326473,-125.54908,72.44227,0.6,0.0,0.5
0.009003901680472003,0.29120957045135015,0.5049654815938858,2.6999999999999997,-283115.51999999996,4.68,589824.0,1.0,13.56843775749995,14.21,20.0,53.326473,-125.54908,72.44227,0.6,0.0,0.5
0.002103331765785599,0.2657340289283541,0.5072921397841299,1.44,-165150.71999999997,5.58,117964.80000000005,1.0,-0.34800256355481984,14.215,20.0,53.326473,-125.54908,72.44227,0.6,0.0,0.5
-0.011218906897205432,0.24319467830963962,0.5081329604479383,1.26,-24354.023225806442,5.58,0.0,1.0,-0.05807672353279969,14.22,8.522881865501404,40.719337,-7.08311,35.95559,0.6,0.0,0.5
-0.011892110218187786,0.2326900445317942,0.5098716934958626,2.16,117964.80000000002,4.32,-165150.71999999997,1.0,0.04873805963318745,14.225,8.522881865501404,40.719337,-7.08311,35.95559,0.6,0.0,0.5
0.011180579309780411,0.21943049656391925,0.5091744813804179,3.5999999999999996,201326.59199999992,1.7999999999999998,-352321.5360000001,1.0,3.3752555925168437,14.23,8.522881865501404,40.719337,-7.08311,35.95559,0.6,0.0,0.5
0.017565389901559737,0.21515722003804166,0.5071451456628545,5.58,44.9190398199933,-0.72,-57.16968704362782,1.0,2.2460707419049797,14.235,8.522881865501404,40.719337,-7.08311,35.95559,0.6,0.0,0.5
0.04883371415288989,0.21678188791620367,0.5057707216597673,6.3,65649.97565217389,-0.54,16412.493913043472,1.0,-0.21066927091278131,14.24,0.0,103.0871,-179.0369,160.76213,0.6,0.0,0.5
0.06261659191213338,0.21165863283901815,0.5045720366782143,7.56,69537.14526315789,-0.36,9933.877894736845,1.0,-0.9125949888607519,14.245000000000001,0.0,103.0871,-179.0369,160.76213,0.6,0.0,0.5
0.07639656012128054,0.21987810622413395,0.5032429316564329,9.0,167772.16000000003,-0.8999999999999999,-62914.55999999999,1.0,-0.546372875148796,14.25,0.0,103.0871,-179.0369,160.76213,0.6,0.0,0.5
0.09288398718599054,0.22089101894941596,0.5028442141177196,9.9,74017.12941176473,-0.72,14803.425882352936,1.0,-0.363261818292818,14.255,0.0,103.0871,-179.0369,160.76213,0.6,0.0,0.5
0.12034030749842094,0.22147612145508996,0.5023983876606218,11.16,165150.71999999997,-0.72,0.0,1.0,0.32340464491715437,14.26,0.0,73.58562,-71.5988,-90.076935,0.6,0.0,0.5
0.13998143790831602,0.21826543253179462,0.5022743272806529,12.24,137268.13090909092,-0.72,0.0,1.0,0.09451582384718193,14.265,0.0,73.58562,-71.5988,-90.076935,0.6,0.0,0.5
0.15913644210565106,0.2012436136223488,0.502515782314378,13.5,176160.76799999998,-0.8999999999999999,-25165.82399999999,1.0,0.15555284279917458,14.27,0.0,73.58562,-71.5988,-90.076935,0.6,0.0,0.5
0.17994319868349304,0.20083594663568138,0.5022588122971081,14.58,156201.66620689657,-0.72,26033.61103448275,1.0,0.29288613544115805,14.275,0.0,73.58562,-71.5988,-90.076935,0.6,0.0,0.5
0.195059776810581,0.17781033459669116,0.5022017615620733,15.84,30.679873909333143,-0.8999999999999999,-4.382839129904734,1.0,0.384441663869147,14.280000000000001,0.0,91.695984,-70.46662,-229.18121,0.6,0.0,0.5
0.21064278744163853,0.160956740101477,0.5020980169091149,17.099999999999998,110100.47999999982,-0.72,15728.639999999994,1.0,0.3997009186071452,14.285,0.0,91.695984,-70.46662,-229.18121,0.6,0.0,0.5
0.22942154255149966,0.1341861913898261,0.5023467774815761,18.36,176160.76800000021,-0.8999999999999999,-25165.82399999999,1.0,0.567552720725125,14.290000000000001,0.0,91.695984,-70.46662,-229.18121,0.6,0.0,0.5
0.24406868312047753,0.13367689287413734,0.5023282181165865,19.62,182235.27724137955,-0.72,26033.61103448275,1.0,0.04873805963318745,14.295,0.0,91.695984,-70.46662,-229.18121,0.6,0.0,0.5
0.2577702657024333,0.11289997689025431,0.5023216330625244,21.24,234302.49931034446,-0.8999999999999999,-26033.61103448275,1.0,0.12503433332317826,14.3,0.0,50.497753,-15.527967,-68.965775,0.6,0.0,0.5
0.27387942649206326,0.09138454468111518,0.502497162208198,22.68,188743.68000000017,-0.8999999999999999,0.0,1.0,-0.04281746879480153,14.305,0.0,50.497753,-15.527967,-68.965775,0.6,0.0,0.5
0.28766502191390314,0.07447308233277469,0.5027293871827374,24.3,73062.0696774194,-0.8999999999999999,0.0,1.0,0.32340464491715437,14.31,0.0,50.497753,-15.527967,-68.965775,0.6,0.0,0.5
0.2992529076293217,0.07311947715812699,0.5029550921557818,25.919999999999998,205902.19636363603,-0.8999999999999999,0.0,1.0,0.24710837122716356,14.315,0.0,50.497753,-15.527967,-68.965775,0.6,0.0,0.5
0.3135344416834923,0.06133125132415979,0.5025303201914031,27.72,40.41360940410682,-0.8999999999999999,0.0,1.0,0.4302194280831415,14.32,0.0,34.372784,-88.9696,-52.009415,0.6,0.0,0.5
0.3258300985160124,0.04671445395693248,0.5027468776482665,29.52,83886.08000000003,-0.8999999999999999,0.0,1.0,0.04873805963318745,14.325000000000001,0.0,34.372784,-88.9696,-52.009415,0.6,0.0,0.5
0.3355686120070322,0.028342367454673688,0.5027837624879298,31.5,224451.94378378382,-0.8999999999999999,0.0,1.0,0.36918240913114886,14.33,0.0,34.372784,-88.9696,-52.009415,0.6,0.0,0.5
0.3472650875506464,0.018625494760648034,0.5021826331348016,33.48,244256.52705882315,-0.8999999999999999,0.0,1.0,0.475997192297136,14.335,0.0,34.372784,-88.9696,-52.009415,0.6,0.0,0.5
0.3581896034039169,0.018335471404236404,0.5022211489316725,35.64,301989.8880000005,-0.8999999999999999,0.0,1.0,0.384441663869147,14.34,0.0,57.53882,-7.8404484,26.306276,0.6,0.0,0.5
0.3664336075128741,0.009153679760075016,0.5023511303520518,37.8,258848.47542857102,-0.8999999999999999,0.0,1.0,0.20133060701316907,14.345,0.0,57.53882,-7.8404484,26.306276,0.6,0.0,0.5
0.37525941003019436,0.010819908474933448,0.5023643977145967,40.14,297414.2836363641,-0.8999999999999999,0.0,1.0,0.15555284279917458,14.35,0.0,57.53882,-7.8404484,26.306276,0.6,0.0,0.5
0.38345772456997523,-0.0008204745536670257,0.5026701376267934,42.48,316602.30193548335,-0.8999999999999999,0.0,1.0,-0.027558214056803365,14.355,0.0,57.53882,-7.8404484,26.306276,0.6,0.0,0.5
0.39041548367316703,0.007388314773309772,0.5024495318323289,44.82,316602.30193548434,-0.8999999999999999,0.0,1.0,0.32340464491715437,14.36,0.0,74.21355,-53.323956,18.871881,0.6,0.0,0.5
0.3978141347304066,0.0019041093182299268,0.5020169179174514,47.16,57.183391266350014,-0.72,4.398722405103853,1.0,0.384441663869147,14.365,0.0,74.21355,-53.323956,18.871881,0.6,0.0,0.5
0.40512879841665267,0.014227340161548953,0.5017185661469732,49.5,155788.43428571452,-0.72,0.0,1.0,0.36918240913114886,14.370000000000001,0.0,74.21355,-53.323956,18.871881,0.6,0.0,0.5
0.4103846251066429,-0.001672937109032401,0.5017798355692997,51.839999999999996,280419.1817142853,-0.72,0.0,1.0,0.04873805963318745,14.375,0.0,74.21355,-53.323956,18.871881,0.6,0.0,0.5
0.415466822555872,0.001398288377260463,0.5018335703230654,54.18,297414.2836363641,-0.72,0.0,1.0,0.07925656910918377,14.38,0.0,62.05978,-30.880072,-14.830307,0.6,0.0,0.5
0.4210398269063287,0.002699335007248637,0.5017813559456518,56.519999999999996,316602.30193548335,-0.72,0.0,1.0,0.2623676259651617,14.385,0.0,62.05978,-30.880072,-14.830307,0.6,0.0,0.5
0.42530476428252334,-0.011385035322987297,0.501892247258163,58.68,283115.5200000005,-0.72,0.0,1.0,0.2776268807031599,14.39,0.0,62.05978,-30.880072,-14.830307,0.6,0.0,0.5
0.4299086464469839,-0.011251435914926647,0.5017984757831401,60.839999999999996,274536.2618181814,-0.72,0.0,1.0,-0.012298959318805203,14.395,0.0,62.05978,-30.880072,-14.830307,0.6,0.0,0.5
0.4349117748752888,-0.00522848112462846,0.5017301564242458,63.0,301989.8880000005,-0.72,0.0,1.0,0.15555284279917458,14.4,0.0,-108.93982,-34.17227,-123.4028,0.0,0.0,0.5
0.43952056221662544,0.0039406420087158296,0.5013918287476377,64.98,45.478412336808994,-0.72,0.0,1.0,-0.10385448774679418,14.405000000000001,0.0,-108.93982,-34.17227,-123.4028,0.0,0.0,0.5
0.44370637240510985,0.011383949785788819,0.501331947248278,66.96,107853.53142857087,-0.72,0.0,1.0,0.2318491164891654,14.41,0.0,-108.93982,-34.17227,-123.4028,0.0,0.0,0.5
0.448157096691739,0.008850918973807369,0.5013074646184984,68.75999999999999,188743.6799999997,-0.72,0.0,1.0,0.1097750785851801,14.415000000000001,0.0,-108.93982,-34.17227,-123.4028,0.0,0.0,0.5
0.45134445351004737,-0.004641824154207386,0.5015904389749049,70.38,188743.68000000052,-0.72,0.0,1.0,-0.04281746879480153,14.42,0.0,-68.62402,35.280434,-57.571156,0.0,0.6,0.5
0.45437095721712684,-0.004763125264914381,0.5020419741664883,72.0,51088.51488721819,-0.72,0.0,1.0,0.07925656910918377,14.425,0.0,-68.62402,35.280434,-57.571156,0.0,0.6,0.5
0.45804878984572395,-0.00709140310395327,0.5019577321672092,73.44,194832.1858064513,-0.72,0.0,1.0,0.44547868282113967,14.43,0.0,-68.62402,35.280434,-57.571156,0.0,0.6,0.5
0.4618457138937841,-0.0022754620231320525,0.5018078980794518,74.7,142833.0551351357,-0.72,0.0,1.0,0.1097750785851801,14.435,0.0,-68.62402,35.280434,-57.571156,0.0,0.6,0.5
0.46315027979343565,-0.006514891957074957,0.5021810821455173,75.96,165150.7199999988,-0.72,0.0,1.0,0.20133060701316907,14.44,0.0,-122.66699,-91.074135,-106.78477,0.0,0.0,0.5
0.46260854131509765,-0.004077257262021061,0.5017950064880771,76.86,121770.11612903302,-0.72,0.0,1.0,0.36918240913114886,14.445,0.0,-122.66699,-91.074135,-106.78477,0.0,0.0,0.5
0.46146225012440156,-0.014075797435993725,0.5020499194189265,77.58,16.21178496655534,-0.72,0.0,1.0,0.29288613544115805,14.450000000000001,0.0,-122.66699,-91.074135,-106.78477,0.0,0.0,0.5
0.46083985217862206,-0.014910778903043289,0.5019086219160034,78.11999999999999,25737.774545454165,-0.72,0.0,1.0,0.00296029541919296,14.455,0.0,-122.66699,-91.074135,-106.78477,0.0,0.0,0.5
0.45898379821962887,-0.010285260411318883,0.5018478273097571,78.3,19867.75578947444,-0.72,0.0,1.0,0.3081453901791562,14.46,0.0,9.900036,47.145287,41.143723,0.6,0.6,0.5
0.45517794875734385,-0.007732172196182217,0.501768792315496,78.3,0.0,-0.72,0.0,1.0,0.21658986175116723,14.465,0.0,9.900036,47.145287,41.143723,0.6,0.6,0.5
0.4442980595402328,0.004044657280490438,0.5011471740602379,78.3,0.0,-0.72,0.0,1.0,0.32340464491715437,14.47,0.0,9.900036,47.145287,41.143723,0.6,0.6,0.5
0.4223113207378352,-0.006234519301599105,0.5015631670054158,77.94,-44410.277647058756,-0.72,0.0,1.0,0.12503433332317826,14.475,0.0,9.900036,47.145287,41.143723,0.6,0.6,0.5
0.39403800298399805,-0.004552223252534027,0.501875373652483,77.58,-44410.277647058756,-0.72,0.0,1.0,0.018219550157191122,14.48,0.0,-77.18827,26.266685,-11.331845,0.0,0.6,0.5
0.363187444792556,0.00362255928772919,0.50213770029537,76.86,-49506.53901639336,-0.72,0.0,1.0,0.2318491164891654,14.485,0.0,-77.18827,26.266685,-11.331845,0.0,0.6,0.5
0.33242054370089286,0.03309617929022775,0.5018556184619825,76.14,-94371.83999999985,-0.72,0.0,1.0,0.1860713522751709,14.49,0.0,-77.18827,26.266685,-11.331845,0.0,0.6,0.5
0.30181737354509086,0.03166130018439406,0.5016448977806757,75.24,-21.836740171691833,-0.72,0.0,1.0,0.15555284279917458,14.495000000000001,0.0,-77.18827,26.266685,-11.331845,0.0,0.6,0.5
0.2731736751769268,0.05549944583291557,0.501572730747123,74.16,-52067.222068965435,-0.72,0.0,1.0,0.033478804895189285,14.5,0.0,-78.94208,-162.25623,89.71963,0.0,0.0,0.5
0.2507331509798672,0.07687100356198621,0.5019356567079132,73.08,-122428.33297297278,-0.72,0.0,1.0,0.20133060701316907,14.505,0.0,-78.94208,-162.25623,89.71963,0.0,0.0,0.5
0.2416940168358504,0.08856866108454618,0.5018785765389102,71.82,-160146.15272727338,-0.72,0.0,1.0,0.21658986175116723,14.51,0.0,-78.94208,-162.25623,89.71963,0.0,0.0,0.5
0.23779953876906396,0.11344816349810855,0.5016283943266495,70.38,-55410.988623853125,-0.72,0.0,1.0,0.21658986175116723,14.515,0.0,-78.94208,-162.25623,89.71963,0.0,0.0,0.5
0.2347144083592532,0.13434334883263732,0.5015106295936235,68.75999999999999,-178809.80210526366,-0.72,0.0,1.0,0.15555284279917458,14.52,0.0,-19.791666,60.74462,12.84729,0.0,0.6,0.5
0.2338640631787067,0.1534781875996556,0.5014608315942736,67.14,-205902.19636363513,-0.72,0.0,1.0,0.36918240913114886,14.525,0.0,-19.791666,60.74462,12.84729,0.0,0.6,0.5
0.23341781766611994,0.16873589032577824,0.5014334177063807,65.16,-259522.56000000052,-0.72,0.0,1.0,0.4302194280831415,14.530000000000001,0.0,-19.791666,60.74462,12.84729,0.0,0.6,0.5
0.23293866807654692,0.19255866921200557,0.5017130948216849,63.36,-41.662052600792364,-0.72,0.0,1.0,0.36918240913114886,14.535,0.0,-19.791666,60.74462,12.84729,0.0,0.6,0.5
0.23226013351557823,0.2044000120871324,0.501727132776644,61.379999999999995,-56112.98594594606,-0.72,0.0,1.0,0.09451582384718193,14.540000000000001,0.0,-117.47601,-17.06756,124.78068,0.0,0.0,0.5
0.22791830151412779,0.19944635944764305,0.5018596049155767,59.22,-215707.0628571425,-0.72,0.0,1.0,0.07925656910918377,14.545,0.0,-117.47601,-17.06756,124.78068,0.0,0.0,0.5
0.2170844768081888,0.2063694215751747,0.5021153911807283,57.059999999999995,-283115.5200000005,-0.72,0.0,1.0,0.15555284279917458,14.55,0.0,-117.47601,-17.06756,124.78068,0.0,0.0,0.5
0.2026854949914208,0.20955611586458092,0.502275457024578,54.72,-306708.4799999995,-0.72,0.0,1.0,0.2776268807031599,14.555,0.0,-117.47601,-17.06756,124.78068,0.0,0.0,0.5
0.1855526918496518,0.20960963931721754,0.5022926289572597,52.379999999999995,-306708.48000000045,-0.72,0.0,1.0,0.3081453901791562,14.56,0.0,-125.227806,-113.61322,118.28898,0.0,0.0,0.5
0.1681750272145918,0.21898039199879527,0.5022752739236391,50.04,-288666.8047058819,-0.72,0.0,1.0,0.20133060701316907,14.565,0.0,-125.227806,-113.61322,118.28898,0.0,0.0,0.5
0.15060657768560182,0.23472219053241777,0.5022233132510848,47.699999999999996,-288666.8047058828,-0.72,0.0,1.0,0.20133060701316907,14.57,0.0,-125.227806,-113.61322,118.28898,0.0,0.0,0.5
0.13358107859774868,0.23503029670772724,0.5023381447726551,45.0,-195252.08275862038,-0.72,0.0,1.0,0.2318491164891654,14.575000000000001,0.0,-125.227806,-113.61322,118.28898,0.0,0.0,0.5
0.11629633539880108,0.24322897582933511,0.502778266771956,42.48,-61.30956321999103,-0.72,0.0,1.0,0.24710837122716356,14.58,0.0,1.498248,-131.70953,43.03409,0.6,0.0,0.5
0.10328371104093052,0.24065421987599978,0.5028939613207138,39.78,-222051.38823529377,-0.72,0.0,1.0,0.1860713522751709,14.585,0.0,1.498248,-131.70953,43.03409,0.6,0.0,0.5
0.0790166693751751,0.24118269481864296,0.5030103330027935,37.08,-343170.3272727276,-0.72,0.0,1.0,0.06399731437118561,14.59,0.0,1.498248,-131.70953,43.03409,0.6,0.0,0.5
0.07229178035542794,0.23441403710773678,0.5031049030726473,34.379999999999995,-333077.0823529415,-0.72,0.0,1.0,0.3539231543931507,14.595,0.0,1.498248,-131.70953,43.03409,0.6,0.0,0.5
0.07729263815761303,0.23389658419250622,0.5030169394846934,31.5,-402653.18399999937,-0.72,0.0,1.0,0.15555284279917458,14.6,8.522881865501404,104.30221,-108.62342,-155.90625,0.6,0.0,0.5
0.0686274621088201,0.2360189723530542,0.5032357214595022,28.439999999999998,-166682.73038961051,-0.72,0.0,1.0,0.15555284279917458,14.605,8.522881865501404,104.30221,-108.62342,-155.90625,0.6,0.0,0.5
0.0560875529773119,0.22869353851684526,0.503010690843872,25.56,-345131.30057142844,-0.72,0.0,1.0,0.2318491164891654,14.61,8.522881865501404,104.30221,-108.62342,-155.90625,0.6,0.0,0.5
0.05473753823286207,0.20540915376017302,0.5032624876461151,22.5,-401080.31999999983,-0.72,0.0,1.0,0.46073793755913783,14.615,8.522881865501404,104.30221,-108.62342,-155.90625,0.6,0.0,0.5
0.04690497723689803,0.19012917262173445,0.503553558297683,19.259999999999998,-72.57123839835953,-0.72,0.0,1.0,0.20133060701316907,14.620000000000001,20.0,77.43787,-127.63387,-109.3286,0.6,0.0,0.5
0.05509271554986165,0.15783060770770949,0.5035827517082624,16.02,-138668.82612244893,-0.72,0.0,1.0,0.21658986175116723,14.625,20.0,77.43787,-127.63387,-109.3286,0.6,0.0,0.5
0.06356930503019109,0.15205930409661175,0.5035632687287485,12.78,-323560.5942857143,-0.72,0.0,1.0,0.20133060701316907,14.63,20.0,77.43787,-127.63387,-109.3286,0.6,0.0,0.5
0.0668034115735375,0.13122169420646876,0.5031862142806344,9.54,-377487.36000000004,-0.72,0.0,1.0,0.49125644703513416,14.635,20.0,77.43787,-127.63387,-109.3286,0.6,0.0,0.5
0.09989907376529455,0.13461566959477142,0.5031914498727875,6.3,-411804.39272727264,-0.72,0.0,1.0,0.1097750785851801,14.64,8.522881865501404,85.8411,-105.38166,-70.33566,0.6,0.0,0.5
0.11636492997788334,0.12113142474798905,0.5030220271701948,3.5999999999999996,-323560.5942857143,3.42,496126.2445714285,1.0,13.09540086062195,14.645,8.522881865501404,85.8411,-105.38166,-70.33566,0.6,0.0,0.5
0.12637880467479523,0.10096821500127119,0.506164001116462,2.16,-183024.17454545447,5.58,274536.26181818184,1.0,2.5359965819269448,14.65,8.522881865501404,85.8411,-105.38166,-70.33566,0.6,0.0,0.5
0.1493382742345372,0.085473034045045,0.5073315768046536,2.34,22205.138823529378,4.14,-177641.11058823534,1.0,2.276589251380976,14.655000000000001,8.522881865501404,85.8411,-105.38166,-70.33566,0.6,0.0,0.5
0.16813058104895237,0.06614812594595369,0.5081886666638409,3.42,141557.76,3.2399999999999998,-117964.79999999999,1.0,0.5980712302011213,14.66,0.0,90.82809,-96.66397,-111.24446,0.6,0.0,0.5
0.1812634338075938,0.04979804604812567,0.5083358643537275,5.76,57.21939613005532,0.0,-79.2268561800766,1.0,0.7811822870570992,14.665000000000001,0.0,90.82809,-96.66397,-111.24446,0.6,0.0,0.5
0.19961011122064132,0.03349032183686179,0.5056723711177504,6.84,79471.02315789474,-0.8999999999999999,-66225.85263157893,1.0,-1.0499282815027353,14.67,0.0,90.82809,-96.66397,-111.24446,0.6,0.0,0.5
0.21926803497385863,0.03424219638767186,0.5041429397543689,8.459999999999999,199846.2494117646,0.18,133230.83294117646,1.0,0.17081209753717275,14.675,0.0,90.82809,-96.66397,-111.24446,0.6,0.0,0.5
0.23341655406253695,0.04058106809639533,0.5031341112377065,10.62,71902.35428571429,-0.8999999999999999,-35951.17714285714,1.0,-0.4395580919828088,14.68,0.0,79.513985,-127.52471,33.3714,0.6,0.0,0.5
0.2491261379717957,0.030665947802245564,0.502322827624852,12.059999999999999,188743.67999999993,-0.72,23592.959999999992,1.0,-0.4853358561968033,14.685,0.0,79.513985,-127.52471,33.3714,0.6,0.0,0.5
0.2662340577576132,0.023110587042147534,0.5029104183223287,14.58,330301.4400000002,-0.8999999999999999,-23592.959999999992,1.0,-0.25644703512683087,14.69,0.0,79.513985,-127.52471,33.3714,0.6,0.0,0.5
0.27911441541466586,0.02382791328063836,0.5024195006015437,16.919999999999998,297414.2836363634,-0.8999999999999999,0.0,1.0,0.6896267586291103,14.695,0.0,79.513985,-127.52471,33.3714,0.6,0.0,0.5
0.29244268335645424,0.025553360324723884,0.5020611754983583,19.259999999999998,297414.28363636363,-0.8999999999999999,0.0,1.0,-0.07333597827079785,14.700000000000001,0.0,28.465342,-78.10087,70.93939,0.6,0.0,0.5
0.30802683925223145,0.009424780815693755,0.5022864880379857,21.96,60.93223140495874,-0.8999999999999999,0.0,1.0,-0.05807672353279969,14.705,0.0,28.465342,-78.10087,70.93939,0.6,0.0,0.5
0.3194985929354355,-0.0030928254633812258,0.5018307865398796,24.66,217781.16923076918,-0.8999999999999999,0.0,1.0,-0.25644703512683087,14.71,0.0,28.465342,-78.10087,70.93939,0.6,0.0,0.5
0.33056021242333766,-0.001885892557617123,0.5016713569445865,27.36,333077.0823529411,-0.8999999999999999,0.0,1.0,0.2318491164891654,14.715,0.0,28.465342,-78.10087,70.93939,0.6,0.0,0.5
0.34258929256739945,0.004180948926749052,0.5020582481092227,30.419999999999998,156519.14926829262,-0.8999999999999999,0.0,1.0,0.29288613544115805,14.72,0.0,-47.78034,121.7149,139.84227,0.0,0.6,0.5
0.35305330329841944,0.004623021840878033,0.501869265196714,33.48,388926.37090909074,-0.8999999999999999,0.0,1.0,0.7659230323191011,14.725,0.0,-47.78034,121.7149,139.84227,0.0,0.6,0.5
0.3617312974619126,-0.001759030659438028,0.5018374587419555,36.54,75497.47200000005,-0.8999999999999999,0.0,1.0,0.5828119754631231,14.73,0.0,-47.78034,121.7149,139.84227,0.0,0.6,0.5
0.3724628014111478,-0.007684184490241339,0.5013954100368606,39.6,346880.276756757,-0.8999999999999999,0.0,1.0,0.44547868282113967,14.735,0.0,-47.78034,121.7149,139.84227,0.0,0.6,0.5
0.3808972858084609,-0.014865015736655388,0.5013576321715825,42.66,401080.31999999937,-0.8999999999999999,0.0,1.0,-0.14963225196078866,14.74,0.0,22.04947,15.115324,-81.80332,0.6,0.6,0.5
0.38825124773030933,-0.002651722017425356,0.5013382003264697,45.9,452984.8320000003,-0.8999999999999999,0.0,1.0,0.2318491164891654,14.745000000000001,0.0,22.04947,15.115324,-81.80332,0.6,0.6,0.5
0.39567427206685035,-0.008844909163226812,0.5014437179593625,48.96,74.9612783851977,-0.8999999999999999,0.0,1.0,0.2318491164891654,14.75,0.0,22.04947,15.115324,-81.80332,0.6,0.6,0.5
0.40308789624647434,-0.005747029834993929,0.50120110777157,52.019999999999996,246818.65846153809,-0.72,14518.74461538461,1.0,0.567552720725125,14.755,0.0,22.04947,15.115324,-81.80332,0.6,0.6,0.5
0.40638010010251313,-0.0033373597683630275,0.5011884536060457,55.08,388926.3709090912,-0.72,0.0,1.0,-0.04281746879480153,14.76,0.0,74.00765,-79.94881,53.05426,0.6,0.0,0.5
0.4046326976512181,0.0024267858081679365,0.5015485219611667,58.14,414018.39483870997,-0.72,0.0,1.0,0.09451582384718193,14.765,0.0,74.00765,-79.94881,53.05426,0.6,0.0,0.5
0.4032330580348836,0.005682193395805666,0.5020046398075892,60.839999999999996,377487.3599999994,-0.72,0.0,1.0,0.09451582384718193,14.77,0.0,74.00765,-79.94881,53.05426,0.6,0.0,0.5
0.40263182898591005,0.005348545461024949,0.5019289122554819,63.72,377487.36000000034,-0.72,0.0,1.0,0.3997009186071452,14.775,0.0,74.00765,-79.94881,53.05426,0.6,0.0,0.5
0.4016554493399994,0.01771111174102907,0.5018750769626065,66.42,150994.94400000016,-0.72,0.0,1.0,0.36918240913114886,14.780000000000001,0.0,6.6155567,-51.99939,52.63146,0.6,0.0,0.5
0.40059611402149087,0.0335129107994635,0.5024348554963485,68.94,188743.6799999997,-0.72,0.0,1.0,0.4302194280831415,14.785,0.0,6.6155567,-51.99939,52.63146,0.6,0.0,0.5
0.39972257386423166,0.0635723277540377,0.5027579999101153,71.28,53.812340572518956,-0.72,0.0,1.0,0.17081209753717275,14.790000000000001,0.0,6.6155567,-51.99939,52.63146,0.6,0.0,0.5
0.3996475344432081,0.073655790046751,0.5029730489663381,73.25999999999999,127764.95261538395,-0.72,0.0,1.0,0.44547868282113967,14.795,0.0,6.6155567,-51.99939,52.63146,0.6,0.0,0.5
0.4005775575860558,0.07815130720224676,0.5032115769097565,75.24,212941.58769230812,-0.72,0.0,1.0,0.21658986175116723,14.8,0.0,-81.21756,237.8709,-81.720245,0.0,0.6,0.5
0.4021591749939136,0.0949374792513617,0.5030974858543069,76.86,194136.35657142912,-0.72,0.0,1.0,0.32340464491715437,14.805,0.0,-81.21756,237.8709,-81.720245,0.0,0.6,0.5
0.40484137996129443,0.09847327336279844,0.5032893389205382,78.3,194832.1858064513,-0.72,0.0,1.0,0.12503433332317826,14.81,0.0,-81.21756,237.8709,-81.720245,0.0,0.6,0.5
0.41063333522192286,0.09742342949068139,0.5031826808657489,79.2,125829.1200000008,-0.72,0.0,1.0,0.32340464491715437,14.815,0.0,-81.21756,237.8709,-81.720245,0.0,0.6,0.5
0.4157488437666108,0.10756062486200754,0.5034370791161976,79.92,88820.55529411751,-0.72,0.0,1.0,-0.16489150669878683,14.82,0.0,-133.32442,-68.34525,58.27825,0.0,0.0,0.5
0.4214477056136214,0.10318198536854106,0.5032770162902998,80.1,23592.95999999903,-0.72,0.0,1.0,0.1860713522751709,14.825000000000001,0.0,-133.32442,-68.34525,58.27825,0.0,0.0,0.5
0.4273357245833225,0.08668526360402294,0.503528862222943,80.1,0.0,-0.72,0.0,1.0,-0.1343729972227905,14.83,0.0,-133.32442,-68.34525,58.27825,0.0,0.0,0.5
0.4334764367450684,0.0726804222400163,0.503248415054868,79.74,-8.134495401970648,-0.72,0.0,1.0,0.15555284279917458,14.835,0.0,-133.32442,-68.34525,58.27825,0.0,0.0,0.5
0.43636723148730494,0.07297503800688483,0.5030481470687148,79.2,-40445.07428571369,-0.72,0.0,1.0,-0.04281746879480153,14.84,0.0,-103.02701,62.783066,-31.969276,0.0,0.6,0.5
0.43610930400499276,0.06547989803228013,0.503252073204184,78.48,-83886.07999999987,-0.72,0.0,1.0,0.1097750785851801,14.845,0.0,-103.02701,62.783066,-31.969276,0.0,0.6,0.5
0.43620057244490396,0.07132774009574328,0.5033607368699178,77.58,-125829.1200000008,-0.72,0.0,1.0,-0.10385448774679418,14.85,0.0,-103.02701,62.783066,-31.969276,0.0,0.6,0.5
0.43629124416471926,0.07885498699308513,0.502833491112389,76.5,-146124.13935483847,-0.72,0.0,1.0,0.5522934659871268,14.855,0.0,-103.02701,62.783066,-31.969276,0.0,0.6,0.5
0.43453998510997527,0.07524036275701906,0.5026955692766076,75.24,-160146.15272727338,-0.72,0.0,1.0,0.24710837122716356,14.86,8.522881865501404,58.845432,-73.9764,-80.49268,0.6,0.0,0.5
0.4314768351074947,0.07449852974591879,0.5024768189339627,73.98,-165150.7199999988,-0.72,0.0,1.0,0.567552720725125,14.865,8.522881865501404,58.845432,-73.9764,-80.49268,0.6,0.0,0.5
0.4191858145461629,0.0810772363810455,0.502240942601677,72.72,-170478.16258064585,-0.72,0.0,1.0,0.15555284279917458,14.870000000000001,8.522881865501404,58.845432,-73.9764,-80.49268,0.6,0.0,0.5
0.3983603471164554,0.08485973309969966,0.5021547164149494,71.28,-201326.59199999968,-0.72,0.0,1.0,0.4302194280831415,14.875,8.522881865501404,58.845432,-73.9764,-80.49268,0.6,0.0,0.5
0.371583368173813,0.09797127405287122,0.5022537473065571,69.84,-35.21665827036099,-0.72,0.0,1.0,0.2318491164891654,14.88,20.0,70.48126,-103.73866,-103.18103,0.6,0.0,0.5
0.3425491164772946,0.1293048520580594,0.5023886431684335,68.03999999999999,-148034.25882353034,-0.72,0.0,1.0,0.2776268807031599,14.885,20.0,70.48126,-103.73866,-103.18103,0.6,0.0,0.5
0.3125231975356792,0.13343286647483182,0.5023954364104641,66.42,-89404.90105263104,-0.72,0.0,1.0,0.2318491164891654,14.89,20.0,70.48126,-103.73866,-103.18103,0.6,0.0,0.5
0.2836034087308919,0.15212134470751712,0.5023877370369021,64.62,-251658.2399999996,-0.72,0.0,1.0,0.2623676259651617,14.895,20.0,70.48126,-103.73866,-103.18103,0.6,0.0,0.5
0.25679315173834144,0.17217921467172487,0.5024432617419347,62.64,-156692.86641509464,-0.72,0.0,1.0,-0.16489150669878683,14.9,8.522881865501404,27.679533,0.23423368,-4.920347,0.6,0.37027010321617126,0.5
0.2395665904558097,0.1755864305770398,0.5024325108193908,60.839999999999996,-222051.38823529464,-0.72,0.0,1.0,0.3997009186071452,14.905000000000001,8.522881865501404,27.679533,0.23423368,-4.920347,0.6,0.37027010321617126,0.5
0.2338244741640886,0.172429804532096,0.502522992396966,58.68,-292248.27870967693,-0.72,0.0,1.0,0.21658986175116723,14.91,8.522881865501404,27.679533,0.23423368,-4.920347,0.6,0.37027010321617126,0.5
0.23005465071622316,0.17779711692066355,0.5026465272207139,56.699999999999996,-259522.56000000052,-0.72,0.0,1.0,0.32340464491715437,14.915000000000001,8.522881865501404,27.679533,0.23423368,-4.920347,0.6,0.37027010321617126,0.5
0.22848120021587304,0.18464600160423614,0.5029373678268203,54.54,-48.76493888030652,-0.72,0.0,1.0,0.07925656910918377,14.92,0.0,-6.37574,-41.915707,64.46717,0.0,0.0,0.5
0.23341599308506225,0.18004933371092502,0.5026993815732754,52.379999999999995,-184891.76816326563,-0.72,0.0,1.0,0.49125644703513416,14.925,0.0,-6.37574,-41.915707,64.46717,0.0,0.0,0.5
0.24292418237253985,0.17000734792444064,0.5025797582494109,50.04,-297414.28363636316,-0.72,0.0,1.0,0.12503433332317826,14.93,0.0,-6.37574,-41.915707,64.46717,0.0,0.0,0.5
0.2522445356705728,0.17157089359864225,0.502831546873665,47.699999999999996,-327155.71200000047,-0.72,0.0,1.0,0.384441663869147,14.935,0.0,-6.37574,-41.915707,64.46717,0.0,0.0,0.5
0.26619899994111684,0.1551294013252092,0.5030162297499552,45.36,-327155.7119999995,-0.72,0.0,1.0,0.12503433332317826,14.94,0.0,-17.22068,-69.12289,-142.69353,0.0,0.0,0.5
0.2834330875796034,0.14599955195157707,0.5032228599719233,43.019999999999996,-130862.2848000002,-0.72,0.0,1.0,0.15555284279917458,14.945,0.0,-17.22068,-69.12289,-142.69353,0.0,0.0,0.5
0.30067172016345295,0.1457095376316609,0.5032142874014963,40.68,-306708.4799999995,-0.72,0.0,1.0,0.06399731437118561,14.950000000000001,0.0,-17.22068,-69.12289,-142.69353,0.0,0.0,0.5
0.316627785324757,0.13886640835645028,0.5033761730756597,38.339999999999996,-297414.2836363641,-0.72,0.0,1.0,0.41496017334514335,14.955,0.0,-17.22068,-69.12289,-142.69353,0.0,0.0,0.5
0.3313464594872547,0.14314400703416874,0.5035694112073531,36.0,-350523.9771428566,-0.8999999999999999,-26963.38285714285,1.0,0.04873805963318745,14.96,0.0,-54.275715,-8.893536,-197.64413,0.0,0.0,0.5
0.34038137587682016,0.1391347693914834,0.5037206108770421,34.019999999999996,-48.33497415840211,-0.8999999999999999,0.0,1.0,0.33866389965515253,14.965,0.0,-54.275715,-8.893536,-197.64413,0.0,0.0,0.5
0.3449576761249473,0.14660971892478328,0.5038550357492136,32.04,-159706.1907692305,-0.8999999999999999,0.0,1.0,0.1860713522751709,14.97,0.0,-54.275715,-8.893536,-197.64413,0.0,0.0,0.5
0.34831785444871016,0.14474434759448052,0.5037111373507303,30.24,-235929.6000000001,-0.8999999999999999,0.0,1.0,0.07925656910918377,14.975,0.0,-54.275715,-8.893536,-197.64413,0.0,0.0,0.5
0.34896561892826067,0.14896076434642047,0.5038341969682157,28.799999999999997,-201326.59200000018,-0.8999999999999999,0.0,1.0,0.04873805963318745,14.98,0.0,34.382965,-77.24592,-87.389206,0.6,0.0,0.5
0.3415284581149487,0.14161970020933012,0.5039238200515351,27.54,-176160.76799999972,-0.8999999999999999,0.0,1.0,0.29288613544115805,14.985,0.0,34.382965,-77.24592,-87.389206,0.6,0.0,0.5
0.3231708622310448,0.1313255785460705,0.5036802260368239,26.279999999999998,-170478.16258064538,-0.8999999999999999,0.0,1.0,0.20133060701316907,14.99,0.0,34.382965,-77.24592,-87.389206,0.6,0.0,0.5
0.2996029251421392,0.11823622045573448,0.5036413607241215,25.02,-165150.71999999974,-0.72,23592.959999999992,1.0,0.5980712302011213,14.995000000000001,0.0,34.382965,-77.24592,-87.389206,0.6,0.0,0.5
0.2737926677612154,0.1092873589954094,0.5032331782893967,23.939999999999998,-65649.97565217402,-0.72,0.0,1.0,0.33866389965515253,15.0,0.0,64.8056,28.834576,-93.71379,0.6,0.6,0.5
0.24785436839816127,0.08683563274503922,0.5033058633727863,22.86,-24.31806909139709,-0.72,0.0,1.0,0.21658986175116723,15.005,0.0,64.8056,28.834576,-93.71379,0.6,0.6,0.5
0.2239187476055868,0.08835404906673636,0.5030932776485675,21.779999999999998,-88820.5552941178,-0.72,0.0,1.0,0.06399731437118561,15.01,0.0,64.8056,28.834576,-93.71379,0.6,0.6,0.5
0.2075230220799219,0.06957173251429123,0.502867610570981,20.7,-36828.035121951165,-0.72,0.0,1.0,0.5370342112491286,15.015,0.0,64.8056,28.834576,-93.71379,0.6,0.6,0.5
0.20203972935924427,0.0625200283942554,0.502918238067557,19.62,-141557.75999999978,-0.72,0.0,1.0,0.29288613544115805,15.02,0.0,23.97233,-71.7804,50.970715,0.6,0.0,0.5
0.19905762892780274,0.0497923846546919,0.5025553621699422,18.36,-182235.27724137955,-0.72,0.0,1.0,0.3081453901791562,15.025,0.0,23.97233,-71.7804,50.970715,0.6,0.0,0.5
0.1977467559106993,0.04275598500539203,0.5027157610331086,17.28,-141557.75999999978,-0.72,0.0,1.0,0.20133060701316907,15.030000000000001,0.0,23.97233,-71.7804,50.970715,0.6,0.0,0.5
0.20167564506491978,0.047261415543779495,0.5026138388605266,16.38,-111025.69411764732,-0.8999999999999999,-22205.138823529403,1.0,0.1860713522751709,15.035,0.0,23.97233,-71.7804,50.970715,0.6,0.0,0.5
0.21170744989957016,0.05554715453340606,0.5024410667146424,15.479999999999999,-117964.80000000005,-0.8999999999999999,0.0,1.0,0.2776268807031599,15.040000000000001,0.0,28.774748,-12.373439,-4.170278,0.6,0.0,0.5
0.2215403263262508,0.07022796776030395,0.502248224931944,14.58,-117964.79999999981,-0.8999999999999999,0.0,1.0,0.2318491164891654,15.045,0.0,28.774748,-12.373439,-4.170278,0.6,0.0,0.5
0.235276321488988,0.08218772375794896,0.5021893572973072,14.219999999999999,-8.828771297931338,-0.8999999999999999,0.0,1.0,0.06399731437118561,15.05,0.0,28.774748,-12.373439,-4.170278,0.6,0.0,0.5
0.25522488960223266,0.08308753806582853,0.5024980549052244,13.86,-16592.850989010964,-0.8999999999999999,0.0,1.0,0.17081209753717275,15.055,0.0,28.774748,-12.373439,-4.170278,0.6,0.0,0.5
0.27305668553486956,0.11186933024598149,0.5025708449733508,13.86,0.0,-0.8999999999999999,0.0,1.0,0.44547868282113967,15.06,0.0,33.06118,-112.065956,-111.63945,0.6,0.0,0.5
0.2886950666532409,0.12527184119721016,0.5029516987250131,14.219999999999999,47185.919999999925,-0.8999999999999999,0.0,1.0,0.49125644703513416,15.065,0.0,33.06118,-112.065956,-111.63945,0.6,0.0,0.5
0.3063196549375226,0.12444602050802175,0.5030661044229017,14.94,94371.84000000008,-0.8999999999999999,0.0,1.0,0.32340464491715437,15.07,0.0,33.06118,-112.065956,-111.63945,0.6,0.0,0.5
0.3208003041924692,0.12145170191050138,0.5032513193789563,15.84,107853.53142857147,-0.8999999999999999,0.0,1.0,0.36918240913114886,15.075000000000001,0.0,33.06118,-112.065956,-111.63945,0.6,0.0,0.5
0.3320598087239631,0.12515015369472063,0.5034798068045436,17.28,40265.31840000003,-0.8999999999999999,0.0,1.0,0.3997009186071452,15.08,0.0,-78.18904,-137.80057,-62.604202,0.0,0.0,0.5
0.34601804917413814,0.1256113757103181,0.5036016430594664,18.9,219186.20903225773,-0.8999999999999999,0.0,1.0,0.21658986175116723,15.085,0.0,-78.18904,-137.80057,-62.604202,0.0,0.0,0.5
0.35810214028366866,0.11142256284235565,0.5037289619850799,20.88,45.60127567045181,-0.8999999999999999,0.0,1.0,0.033478804895189285,15.09,0.0,-78.18904,-137.80057,-62.604202,0.0,0.0,0.5
0.36733549927320974,0.10579925086379245,0.5037328879215408,23.04,42533.78704225353,-0.8999999999999999,0.0,1.0,0.1097750785851801,15.095,0.0,-78.18904,-137.80057,-62.604202,0.0,0.0,0.5
0.3768637804374402,0.09061933022821102,0.5036199400263589,25.56,72394.83616438355,-0.8999999999999999,0.0,1.0,0.04873805963318745,15.1,0.0,68.76402,-90.93599,-112.42745,0.6,0.0,0.5
0.38552613100107075,0.0983950772508211,0.5038303008453463,28.439999999999998,366048.34909090895,-0.8999999999999999,0.0,1.0,0.20133060701316907,15.105,0.0,68.76402,-90.93599,-112.42745,0.6,0.0,0.5
0.39169787722043636,0.08512206350709532,0.504135493855431,31.32,377487.36000000034,-0.8999999999999999,0.0,1.0,0.1860713522751709,15.11,0.0,68.76402,-90.93599,-112.42745,0.6,0.0,0.5
0.39808077270816417,0.06366430812383635,0.5038754701471373,34.56,377487.3600000002,-0.8999999999999999,0.0,1.0,0.2776268807031599,15.115,0.0,68.76402,-90.93599,-112.42745,0.6,0.0,0.5
0.40322940933001605,0.052061752297787804,0.5034510365390025,37.8,399692.49882352876,-0.8999999999999999,0.0,1.0,0.15555284279917458,15.120000000000001,8.522881865501404,81.432816,-88.41938,-128.35275,0.6,0.0,0.5
0.40471940727262246,0.04958586887093562,0.5036665043848189,41.22,421897.63764705905,-0.8999999999999999,0.0,1.0,0.29288613544115805,15.125,8.522881865501404,81.432816,-88.41938,-128.35275,0.6,0.0,0.5
0.4017715589215083,0.03595039971020917,0.5035629573133257,44.46,411804.392727273,-0.8999999999999999,0.0,1.0,0.12503433332317826,15.13,8.522881865501404,81.432816,-88.41938,-128.35275,0.6,0.0,0.5
0.39730699787425483,0.03585238813183356,0.503563945673559,47.879999999999995,81.26654097171851,-0.72,4.2771863669325585,1.0,-0.08859523300879601,15.135,8.522881865501404,81.432816,-88.41938,-128.35275,0.6,0.0,0.5
0.39389061576371504,0.032124661747467094,0.5036107472841066,51.3,217341.2072727274,-0.72,0.0,1.0,0.033478804895189285,15.14,20.0,-48.609173,77.76098,-42.81791,0.0,0.6,0.5
0.391269191388769,0.01510889332500941,0.5033091502498542,54.54,388272.71314285736,-0.72,0.0,1.0,-0.07333597827079785,15.145,20.0,-48.609173,77.76098,-42.81791,0.0,0.6,0.5
0.38893236990631713,-9.179656986419376e-05,0.5032747886634014,57.78,424673.28000000026,-0.72,0.0,1.0,0.20133060701316907,15.15,20.0,-48.609173,77.76098,-42.81791,0.0,0.6,0.5
0.38645369651471556,-0.013162035014219097,0.5035917684569516,60.839999999999996,144208.65438202224,-0.72,0.0,1.0,0.24710837122716356,15.155000000000001,20.0,-48.609173,77.76098,-42.81791,0.0,0.6,0.5
0.3866534989115802,0.003183746401254812,0.5030748661083047,63.9,356515.84000000026,-0.72,0.0,1.0,0.29288613544115805,15.16,8.522881865501404,34.804493,-112.84415,-14.55609,0.6,0.0,0.5
0.38855717391462513,0.007122962828627303,0.5034177299817589,66.78,377487.36000000034,-0.72,0.0,1.0,0.12503433332317826,15.165000000000001,8.522881865501404,34.804493,-112.84415,-14.55609,0.6,0.0,0.5
0.3927799535157127,0.0056722560855005525,0.503016669649215,69.48,377487.3600000004,-0.72,0.0,1.0,0.06399731437118561,15.17,8.522881865501404,34.804493,-112.84415,-14.55609,0.6,0.0,0.5
0.3941924909330172,-0.0054875349827555415,0.5029961062693745,72.17999999999999,62.74167183760279,-0.72,0.0,1.0,-0.012298959318805203,15.175,8.522881865501404,34.804493,-112.84415,-14.55609,0.6,0.0,0.5
0.39326197399392626,-0.00564368447245626,0.5034768102605914,74.52,160896.25180327892,-0.72,0.0,1.0,0.4302194280831415,15.18,0.0,9.193682,45.085247,6.323873,0.6,0.6,0.5
0.39332418637643707,0.004345016146953964,0.5037467622681869,76.86,306708.48000000045,-0.72,0.0,1.0,0.06399731437118561,15.185,0.0,9.193682,45.085247,6.323873,0.6,0.6,0.5
0.3922121017065771,0.013995422234323391,0.5042675168257887,78.84,259522.56000000052,-0.72,0.0,1.0,0.1860713522751709,15.19,0.0,9.193682,45.085247,6.323873,0.6,0.6,0.5
0.3903428936409924,0.02821188652692936,0.504643414504982,80.46,88243.79844155791,-0.72,0.0,1.0,0.3997009186071452,15.195,0.0,9.193682,45.085247,6.323873,0.6,0.6,0.5
0.38985425010661046,0.036324716647618445,0.5048786760031102,81.89999999999999,183024.17454545427,-0.72,0.0,1.0,0.2776268807031599,15.200000000000001,0.0,-16.192911,40.51025,34.684822,0.0,0.6,0.5
0.38960273146391317,0.046648964058561226,0.5051011170959485,82.8,114390.10909090981,-0.72,0.0,1.0,0.1860713522751709,15.205,0.0,-16.192911,40.51025,34.684822,0.0,0.6,0.5
0.3897746046886186,0.058190696965473104,0.5054066545445064,83.34,39735.51157894783,-0.72,0.0,1.0,0.20133060701316907,15.21,0.0,-16.192911,40.51025,34.684822,0.0,0.6,0.5
0.3903297563302121,0.063425805757133,0.5054285864439083,83.34,0.0,-0.72,0.0,1.0,0.15555284279917458,15.215,0.0,-16.192911,40.51025,34.684822,0.0,0.6,0.5
0.3904509857435254,0.0754635587337503,0.5051734547943216,83.16,-4.265972335232058,-0.72,0.0,1.0,0.33866389965515253,15.22,0.0,-127.806946,-125.694115,122.52783,0.0,0.0,0.5
0.3915905741314954,0.07972823345735688,0.5048735681211449,82.44,-58074.97846153837,-0.72,0.0,1.0,-0.08859523300879601,15.225,0.0,-127.806946,-125.694115,122.52783,0.0,0.0,0.5
0.3923351364574791,0.10587456436731918,0.5045518936304919,81.17999999999999,-160146.15272727338,-0.72,0.0,1.0,-0.027558214056803365,15.23,0.0,-127.806946,-125.694115,122.52783,0.0,0.0,0.5
0.392396441370046,0.13657674499877726,0.5042073267952087,79.74,-194832.1858064513,-0.72,0.0,1.0,0.3539231543931507,15.235,0.0,-127.806946,-125.694115,122.52783,0.0,0.0,0.5
0.3913111585660847,0.14576267526752118,0.5043673313428743,78.11999999999999,-234302.49931034548,-0.72,0.0,1.0,0.5980712302011213,15.24,0.0,-91.193016,94.832924,110.25526,0.0,0.6,0.5
0.3901706074786411,0.15949091817145453,0.5043327420220238,75.96,-292248.27870967693,-0.72,0.0,1.0,0.15555284279917458,15.245000000000001,0.0,-91.193016,94.832924,110.25526,0.0,0.6,0.5
0.38993785957346505,0.18404832840497742,0.5041730049559734,73.8,-301989.8879999995,-0.72,0.0,1.0,0.033478804895189285,15.25,0.0,-91.193016,94.832924,110.25526,0.0,0.6,0.5
0.3891431433095395,0.19391727687953528,0.5039385957536445,71.28,-330301.4399999995,-0.72,0.0,1.0,0.07925656910918377,15.255,0.0,-91.193016,94.832924,110.25526,0.0,0.6,0.5
0.3865398385870117,0.19862730286945907,0.5036925322882494,68.75999999999999,-135508.28307692363,-0.72,0.0,1.0,0.24710837122716356,15.26,0.0,-131.47063,-85.39822,131.27626,0.0,0.0,0.5
0.3777611637047988,0.19667139348280693,0.503787401208815,66.06,-62.7406290339556,-0.72,0.0,1.0,0.2623676259651617,15.265,0.0,-131.47063,-85.39822,131.27626,0.0,0.0,0.5
0.36002339798220706,0.19597671268678216,0.5037891706552753,63.18,-251658.24000000022,-0.72,0.0,1.0,0.12503433332317826,15.27,0.0,-131.47063,-85.39822,131.27626,0.0,0.0,0.5
0.33755472195095615,0.20205015422838393,0.5038878747260388,60.3,-366048.3490909094,-0.72,0.0,1.0,0.06399731437118561,15.275,0.0,-131.47063,-85.39822,131.27626,0.0,0.0,0.5
0.3114526846366728,0.21260673493309198,0.5038522408317225,57.239999999999995,-427819.0080000003,-0.72,0.0,1.0,0.33866389965515253,15.280000000000001,0.0,-65.754196,-121.01557,-14.122284,0.0,0.0,0.5
0.28522663604164517,0.22648849349616967,0.503814784993146,54.18,-427819.00799999933,-0.72,0.0,1.0,0.3081453901791562,15.285,0.0,-65.754196,-121.01557,-14.122284,0.0,0.0,0.5
0.258532802238653,0.23754432472969864,0.5035916125175599,51.12,-366702.00685714313,-0.72,0.0,1.0,0.15555284279917458,15.290000000000001,0.0,-65.754196,-121.01557,-14.122284,0.0,0.0,0.5
0.23300251538087077,0.24081431968022599,0.5035142657418779,47.879999999999995,-438372.4180645164,-0.72,0.0,1.0,-0.05807672353279969,15.295,0.0,-65.754196,-121.01557,-14.122284,0.0,0.0,0.5
0.20776554536432001,0.26188035419555983,0.5036012007457551,44.64,-411804.39272727206,-0.72,0.0,1.0,0.3539231543931507,15.3,0.0,-113.046936,-106.117195,-171.21875,0.0,0.0,0.5
0.18492286582532136,0.28005001046307537,0.5038698565392103,41.22,-77.38735261113513,-0.72,0.0,1.0,0.20133060701316907,15.305,0.0,-113.046936,-106.117195,-171.21875,0.0,0.0,0.5
0.1634169674932342,0.28405136483770904,0.5040708288491074,37.8,-123659.65241379317,-0.72,0.0,1.0,0.36918240913114886,15.31,0.0,-113.046936,-106.117195,-171.21875,0.0,0.0,0.5
0.14520702243480216,0.28732581851225486,0.5042048640060487,34.379999999999995,-387689.72108108125,-0.72,0.0,1.0,-0.11911374248479234,15.315,0.0,-113.046936,-106.117195,-171.21875,0.0,0.0,0.5
0.12885906076841044,0.2809186816968098,0.5041532637905366,30.779999999999998,-503316.4799999997,-0.72,0.0,1.0,0.20133060701316907,15.32,8.522881865501404,110.185745,-195.67769,-181.86382,0.6,0.0,0.5
0.10867435696739938,0.2665854878860187,0.5042665006996622,27.18,-520672.2206896549,-0.72,0.0,1.0,0.12503433332317826,15.325000000000001,8.522881865501404,110.185745,-195.67769,-181.86382,0.6,0.0,0.5
0.10351708901650396,0.25605581990707293,0.50446867435167,23.4,-511434.48774193565,-0.72,0.0,1.0,0.033478804895189285,15.33,8.522881865501404,110.185745,-195.67769,-181.86382,0.6,0.0,0.5
0.08845162478126094,0.23912276120008005,0.5047105960795804,19.8,-487080.46451612876,-0.72,0.0,1.0,0.06399731437118561,15.335,8.522881865501404,110.185745,-195.67769,-181.86382,0.6,0.0,0.5
0.0812740069699143,0.20949823989032693,0.5046629992082347,16.02,-495452.16000000015,-0.72,0.0,1.0,0.5370342112491286,15.34,20.0,51.847572,50.97077,-48.3886,0.6,0.6,0.5
0.06186070305811959,0.20215206101418864,0.5044731784388485,12.059999999999999,-535788.5109677421,-0.72,0.0,1.0,0.21658986175116723,15.345,20.0,51.847572,50.97077,-48.3886,0.6,0.6,0.5
0.05800636021375691,0.17476005617677617,0.5043002326870623,8.28,-90.93733184203732,-0.72,0.0,1.0,0.1097750785851801,15.35,20.0,51.847572,50.97077,-48.3886,0.6,0.6,0.5
0.04536261701656462,0.1532189666155576,0.5040533431115024,4.32,-159706.19076923074,1.6199999999999999,94371.84,1.0,9.997772148808266,15.355,20.0,51.847572,50.97077,-48.3886,0.6,0.6,0.5
0.049407411307669846,0.14204449396786467,0.5063094418039901,1.44,-280920.82604651165,6.84,509168.9972093023,1.0,13.385326700643915,15.36,8.522881865501404,72.79589,-79.13222,-97.883965,0.6,0.0,0.5
0.04286440308311903,0.12294759409516125,0.5095020027400705,-0.18,-42203.555776397516,8.459999999999999,42203.555776397494,1.0,-1.4771874141666839,15.365,8.522881865501404,72.79589,-79.13222,-97.883965,0.6,0.0,0.5
0.04134513426940048,0.10618767920292456,0.5108391693799601,-0.54,-45756.04363636364,8.28,-22878.021818181784,1.0,0.3081453901791562,15.370000000000001,8.522881865501404,72.79589,-79.13222,-97.883965,0.6,0.0,0.5
0.04329637627992705,0.09049816149315754,0.5127168484015645,0.36,55512.84705882353,7.199999999999999,-66615.41647058824,1.0,2.1392559587389925,15.375,8.522881865501404,72.79589,-79.13222,-97.883965,0.6,0.0,0.5
0.04095793588305751,0.0815882153571447,0.512864062327487,2.16,215707.06285714288,3.5999999999999996,-431414.12571428565,1.0,-0.3327433088168217,15.38,0.0,65.605156,-111.51317,83.109634,0.6,0.0,0.5
0.05876894498589965,0.09478585604584605,0.5090795392182944,4.68,310871.9435294117,-0.54,-510718.1929411764,1.0,3.4668111209448327,15.385,0.0,65.605156,-111.51317,83.109634,0.6,0.0,0.5
0.08934826528819323,0.08988110381399199,0.5074328017933294,5.9399999999999995,29.037170140987456,-0.54,0.0,1.0,1.040589617603068,15.39,0.0,65.605156,-111.51317,83.109634,0.6,0.0,0.5
0.11432953008179618,0.08832235661306086,0.5052899708839873,7.56,84934.656,0.18,37748.736,1.0,-1.5077059236426802,15.395,0.0,65.605156,-111.51317,83.109634,0.6,0.0,0.5
0.12724787616172376,0.09900419111104693,0.5032194838766755,9.719999999999999,244856.66594594586,-0.72,-102023.6108108108,1.0,-1.1262245551927261,15.4,0.0,58.01572,-156.49142,34.71008,0.6,0.0,0.5
0.14877818723411734,0.10295812469075023,0.5032190216564274,10.98,160146.1527272729,-0.72,0.0,1.0,-0.5158543656727996,15.405000000000001,0.0,58.01572,-156.49142,34.71008,0.6,0.0,0.5
0.166187621931551,0.0991567986075876,0.5027932955201274,12.959999999999999,251658.23999999982,-0.8999999999999999,-22878.02181818181,1.0,0.46073793755913783,15.41,0.0,58.01572,-156.49142,34.71008,0.6,0.0,0.5
0.18083266165124073,0.10043692925769622,0.5021705012854316,14.76,228780.21818181826,-0.72,22878.02181818181,1.0,0.2623676259651617,15.415000000000001,0.0,58.01572,-156.49142,34.71008,0.6,0.0,0.5
0.19980952352447223,0.08979245288687318,0.5023695151498551,16.38,64101.62716981129,-0.8999999999999999,-7122.403018867922,1.0,-0.012298959318805203,15.42,0.0,49.73998,66.7981,-176.42282,0.6,0.6,0.5
0.21780947288627747,0.08964733768937945,0.5020874489502383,18.18,222051.3882352942,-0.72,22205.138823529403,1.0,0.00296029541919296,15.425,0.0,49.73998,66.7981,-176.42282,0.6,0.6,0.5
0.2309937525018219,0.08570365124100318,0.5017383871785462,19.98,243540.2322580646,-0.8999999999999999,-24354.023225806442,1.0,0.44547868282113967,15.43,0.0,49.73998,66.7981,-176.42282,0.6,0.6,0.5
0.2479488251587047,0.09298273215371981,0.5022094754182524,21.779999999999998,43.70432426800035,-0.8999999999999999,0.0,1.0,0.5828119754631231,15.435,0.0,49.73998,66.7981,-176.42282,0.6,0.6,0.5
0.2646571179092032,0.08674966372521589,0.502075083842565,23.759999999999998,113763.31397260276,-0.8999999999999999,0.0,1.0,0.21658986175116723,15.44,0.0,-2.0222664,-20.668064,-88.617775,0.0,0.0,0.5
0.2768374994319483,0.08149302184548406,0.5021027927589439,25.56,209715.20000000007,-0.8999999999999999,0.0,1.0,-0.21066927091278131,15.445,0.0,-2.0222664,-20.668064,-88.617775,0.0,0.0,0.5
0.2908108791229477,0.0568949273727657,0.5021041539866063,27.72,266461.665882353,-0.8999999999999999,0.0,1.0,0.21658986175116723,15.450000000000001,0.0,-2.0222664,-20.668064,-88.617775,0.0,0.0,0.5
0.3060280377363845,0.0485143068655529,0.5019326205178805,29.7,267894.25548387103,-0.8999999999999999,0.0,1.0,0.07925656910918377,15.455,0.0,-2.0222664,-20.668064,-88.617775,0.0,0.0,0.5
0.31701879748005357,0.044485784871093115,0.502139186421309,31.86,251658.24000000002,-0.8999999999999999,0.0,1.0,0.4302194280831415,15.46,0.0,51.769695,-210.08665,61.54106,0.6,0.0,0.5
0.32925732506076866,0.043147873143505974,0.5019521654279936,34.019999999999996,283115.51999999955,-0.8999999999999999,0.0,1.0,0.033478804895189285,15.465,0.0,51.769695,-210.08665,61.54106,0.6,0.0,0.5
0.3414592058044524,0.0447385260902456,0.5023563757084231,36.18,301989.8880000005,-0.8999999999999999,0.0,1.0,0.29288613544115805,15.47,0.0,51.769695,-210.08665,61.54106,0.6,0.0,0.5
0.3511309559450386,0.05844686252830015,0.5017833349144611,38.339999999999996,49.70099756424034,-0.8999999999999999,0.0,1.0,0.09451582384718193,15.475,0.0,51.769695,-210.08665,61.54106,0.6,0.0,0.5
0.35265592581476873,0.0691654276748871,0.5020261576023464,40.5,133230.8329411767,-0.72,11102.569411764702,1.0,0.36918240913114886,15.48,0.0,61.760048,-60.239353,11.954914,0.6,0.0,0.5
0.3517208290836869,0.06419108237971777,0.5020389891285167,42.66,251658.2399999996,-0.72,0.0,1.0,0.033478804895189285,15.485000000000001,0.0,61.760048,-60.239353,11.954914,0.6,0.0,0.5
0.3508307750854359,0.07438517256522018,0.5022386388335686,44.82,97416.09290322597,-0.72,0.0,1.0,0.04873805963318745,15.49,0.0,61.760048,-60.239353,11.954914,0.6,0.0,0.5
0.34874772777629875,0.06646535014977034,0.5022343590537331,46.8,224451.94378378344,-0.72,0.0,1.0,-0.05807672353279969,15.495000000000001,0.0,61.760048,-60.239353,11.954914,0.6,0.0,0.5
0.3473380367869256,0.07972394221606603,0.5023365340258856,48.78,218545.31368421097,-0.72,0.0,1.0,0.2318491164891654,15.5,0.0,57.111576,-96.271194,-63.496407,0.6,0.0,0.5
0.34593499250146564,0.06905717707368739,0.5024852359582679,50.76,244256.52705882315,-0.72,0.0,1.0,-0.180150761436785,15.505,0.0,57.111576,-96.271194,-63.496407,0.6,0.0,0.5
0.3447508545645012,0.05614621418768113,0.5028975470365414,52.559999999999995,235929.59999999963,-0.72,0.0,1.0,0.07925656910918377,15.51,0.0,57.111576,-96.271194,-63.496407,0.6,0.0,0.5
0.3467688057193854,0.06312269590563407,0.5028790127272251,54.18,123541.31781818217,-0.72,0.0,1.0,-0.30222479934082536,15.515,0.0,57.111576,-96.271194,-63.496407,0.6,0.0,0.5
0.3501928718872073,0.056828884458484163,0.503296971720279,55.8,38.41893294130945,-0.72,0.0,1.0,0.2776268807031599,15.52,0.0,6.004424,157.48845,0.12610666,0.6,0.6,0.5
0.3550009520634731,0.05215556828724427,0.5035438249705162,57.239999999999995,47934.902857142784,-0.72,0.0,1.0,0.09451582384718193,15.525,0.0,6.004424,157.48845,0.12610666,0.6,0.6,0.5
0.3638727057170881,0.05453083428504812,0.5033558648673523,58.68,137268.13090909136,-0.72,0.0,1.0,0.20133060701316907,15.530000000000001,0.0,6.004424,157.48845,0.12610666,0.6,0.6,0.5
0.3747731493655633,0.051127328105891864,0.5035380332932479,60.12,150994.94399999976,-0.72,0.0,1.0,0.17081209753717275,15.535,0.0,6.004424,157.48845,0.12610666,0.6,0.6,0.5
0.3847810534922028,0.053348747325523214,0.5035193445644645,61.199999999999996,129424.23771428551,-0.72,0.0,1.0,0.3081453901791562,15.540000000000001,0.0,56.320965,-23.218468,-36.539658,0.6,0.0,0.5
0.39477443454547895,0.029937000611922605,0.5037729258971186,62.46,165150.72000000067,-0.72,0.0,1.0,0.1097750785851801,15.545,0.0,56.320965,-23.218468,-36.539658,0.6,0.0,0.5
0.40513341281755777,0.0193543674530029,0.503817114873215,63.36,121770.11612903206,-0.72,0.0,1.0,0.3997009186071452,15.55,0.0,56.320965,-23.218468,-36.539658,0.6,0.0,0.5
0.4137579597766453,0.02192827531814886,0.5038045013961416,64.44,80890.14857142845,-0.72,0.0,1.0,-0.05807672353279969,15.555,0.0,56.320965,-23.218468,-36.539658,0.6,0.0,0.5
0.4221174788684991,0.0048130199468084545,0.5036612466598591,65.34,20.738670812708556,-0.72,0.0,1.0,0.2623676259651617,15.56,0.0,53.489708,42.766495,77.46412,0.6,0.6,0.5
0.42945230804560575,0.004687735741518151,0.5040593903238956,66.06,43141.412571428504,-0.72,0.0,1.0,-0.012298959318805203,15.565,0.0,53.489708,42.766495,77.46412,0.6,0.6,0.5
0.4359894283764765,0.022405063473712006,0.5038949380351991,66.96,102023.61081080984,-0.72,0.0,1.0,0.5065157017731323,15.57,0.0,53.489708,42.766495,77.46412,0.6,0.6,0.5
0.4420048038702016,0.028257267255095544,0.5037871399693773,67.5,62914.560000000725,-0.72,0.0,1.0,0.1097750785851801,15.575000000000001,0.0,53.489708,42.766495,77.46412,0.6,0.6,0.5
0.44792404530335117,0.044921555781928954,0.5036363803597437,68.03999999999999,26336.327441860078,-0.72,0.0,1.0,0.4302194280831415,15.58,0.0,33.31768,-77.9419,-25.903769,0.6,0.0,0.5
0.451864988200711,0.04529432997112297,0.5039058592486658,68.58,66615.416470589,-0.72,0.0,1.0,0.09451582384718193,15.585,0.0,33.31768,-77.9419,-25.903769,0.6,0.0,0.5
0.45516193244036346,0.05491795445291341,0.504047504361483,68.94,45756.04363636357,-0.72,0.0,1.0,0.384441663869147,15.59,0.0,33.31768,-77.9419,-25.903769,0.6,0.0,0.5
0.4583712919666443,0.058066767260970764,0.5041351217088978,69.12,23592.960000000894,-0.72,0.0,1.0,-0.04281746879480153,15.595,0.0,33.31768,-77.9419,-25.903769,0.6,0.0,0.5
0.46121504004408737,0.09015785356363197,0.5039211937254588,69.3,23592.95999999903,-0.72,0.0,1.0,0.29288613544115805,15.6,0.0,96.18666,-104.15293,-119.02363,0.6,0.0,0.5
0.46365853132358514,0.10688374509184562,0.5038699888867795,69.3,0.0,-0.72,0.0,1.0,0.2318491164891654,15.605,0.0,96.18666,-104.15293,-119.02363,0.6,0.0,0.5
0.4662124812044475,0.11436102857269258,0.5036692681550645,69.12,-7947.102315789148,-0.72,0.0,1.0,0.2776268807031599,15.610000000000001,0.0,96.18666,-104.15293,-119.02363,0.6,0.0,0.5
0.4681000058016149,0.1264491617922247,0.503575368429565,68.94,-22205.138823530255,-0.72,0.0,1.0,-0.08859523300879601,15.615,0.0,96.18666,-104.15293,-119.02363,0.6,0.0,0.5
0.4693144137936353,0.15263171689713484,0.5036372728792173,68.58,-47185.919999999925,-0.72,0.0,1.0,0.15555284279917458,15.620000000000001,0.0,-121.91109,-126.71454,-185.94244,0.0,0.0,0.5
0.4704545701175662,0.1577029460208281,0.5036618834190091,68.22,-48708.04645161283,-0.72,0.0,1.0,0.033478804895189285,15.625,0.0,-121.91109,-126.71454,-185.94244,0.0,0.0,0.5
0.4714760204332249,0.16414786200225384,0.5033708956612493,67.86,-48708.04645161283,-0.72,0.0,1.0,0.1860713522751709,15.63,0.0,-121.91109,-126.71454,-185.94244,0.0,0.0,0.5
0.4720698845069456,0.1656087658089421,0.5033651611842909,67.32,-40445.074285714756,-0.72,0.0,1.0,0.15555284279917458,15.635,0.0,-121.91109,-126.71454,-185.94244,0.0,0.0,0.5
0.4727698159929449,0.15591694775092887,0.5032827511675173,66.96,-47185.919999999925,-0.72,0.0,1.0,0.00296029541919296,15.64,0.0,-126.3263,-118.71926,-88.39732,0.0,0.0,0.5
0.4732593499579699,0.1603613194192472,0.50330217185654,66.6,-8.165154926835585,-0.72,0.0,1.0,0.24710837122716356,15.645,0.0,-126.3263,-118.71926,-88.39732,0.0,0.0,0.5
0.4732271449937983,0.14949866207145454,0.5034462287695449,66.24,-23592.959999999963,-0.8999999999999999,-11796.479999999996,1.0,0.2318491164891654,15.65,0.0,-126.3263,-118.71926,-88.39732,0.0,0.0,0.5
0.4721358123874131,0.1348322802532946,0.5033503380119436,65.88,-44410.277647058756,-0.8999999999999999,0.0,1.0,0.36918240913114886,15.655000000000001,0.0,-126.3263,-118.71926,-88.39732,0.0,0.0,0.5
0.4714096803764349,0.12536774512880292,0.5032382381689995,65.52,-47185.919999999925,-0.8999999999999999,0.0,1.0,0.567552720725125,15.66,0.0,-155.20863,-152.56912,-193.21875,0.0,0.0,0.5
0.47162470608710944,0.10721589432777515,0.5028217345698681,65.34,-26033.61103448169,-0.8999999999999999,0.0,1.0,0.32340464491715437,15.665000000000001,0.0,-155.20863,-152.56912,-193.21875,0.0,0.0,0.5
0.46993804400082284,0.08606086508502964,0.5027004942782242,64.98,-13852.747155963281,-0.8999999999999999,0.0,1.0,0.49125644703513416,15.67,0.0,-155.20863,-152.56912,-193.21875,0.0,0.0,0.5
0.46801502766906455,0.08600711973026973,0.5024003270920634,64.98,0.0,-0.8999999999999999,0.0,1.0,0.2318491164891654,15.675,0.0,-155.20863,-152.56912,-193.21875,0.0,0.0,0.5
0.4599857620497671,0.07978616506217263,0.5023184608679728,64.8,-23592.960000000894,-0.72,23592.959999999992,1.0,0.32340464491715437,15.68,0.0,-109.60039,111.79537,130.50821,0.0,0.6,0.5
0.44085943342685857,0.06381344783629855,0.5021308461744276,64.62,-13981.01333333276,-0.72,0.0,1.0,0.2776268807031599,15.685,0.0,-109.60039,111.79537,130.50821,0.0,0.6,0.5
0.4131915477194967,0.06101306818045135,0.502332090444546,64.25999999999999,-8.164801713043882,-0.72,0.0,1.0,0.29288613544115805,15.69,0.0,-109.60039,111.79537,130.50821,0.0,0.6,0.5
0.38341687086950965,0.038335746145240726,0.5026303132611964,64.08,-13245.170526315245,-0.72,0.0,1.0,0.09451582384718193,15.695,0.0,-109.60039,111.79537,130.50821,0.0,0.6,0.5
0.35250942616622616,0.025761565207320765,0.5026246471875379,63.72,-44410.277647058756,-0.72,0.0,1.0,0.49125644703513416,15.700000000000001,0.0,-100.18976,107.136055,124.07575,0.0,0.6,0.5
0.32185470505573516,0.030418880673512602,0.5026504488931408,63.36,-48708.04645161283,-0.72,0.0,1.0,-0.04281746879480153,15.705,0.0,-100.18976,107.136055,124.07575,0.0,0.6,0.5
0.29210680312693343,0.028052892576799455,0.5027586011962331,63.0,-52067.222068965435,-0.72,0.0,1.0,0.384441663869147,15.71,0.0,-100.18976,107.136055,124.07575,0.0,0.6,0.5
0.2640078511712511,0.03105456274001206,0.5026242394639746,62.46,-73062.06967741923,-0.72,0.0,1.0,0.07925656910918377,15.715,0.0,-100.18976,107.136055,124.07575,0.0,0.6,0.5
0.23751113012118347,0.03447998153899479,0.5024460255747303,61.739999999999995,-94371.84000000078,-0.72,0.0,1.0,-0.08859523300879601,15.72,0.0,-101.68636,106.5084,128.08057,0.0,0.6,0.5
0.2121022559047217,0.02135098848610057,0.5027469064386438,61.199999999999996,-70778.87999999989,-0.72,0.0,1.0,0.12503433332317826,15.725,0.0,-101.68636,106.5084,128.08057,0.0,0.6,0.5
0.18902843975979286,0.027411875996541032,0.5027979919582227,60.48,-43141.412571428504,-0.72,0.0,1.0,0.24710837122716356,15.73,0.0,-101.68636,106.5084,128.08057,0.0,0.6,0.5
0.16753355124067923,0.024211805108200056,0.5031431427977943,59.58,-21.947705152505286,-0.72,0.0,1.0,0.15555284279917458,15.735000000000001,0.0,-101.68636,106.5084,128.08057,0.0,0.6,0.5
0.14721941291802682,0.04193255857219881,0.5034192973326539,58.86,-54907.252363636275,-0.72,0.0,1.0,0.46073793755913783,15.74,0.0,-96.50751,114.741585,141.537,0.0,0.6,0.5
0.13133829627938629,0.07949162087178233,0.5034424761320582,57.78,-129424.23771428551,-0.72,0.0,1.0,0.15555284279917458,15.745000000000001,0.0,-96.50751,114.741585,141.537,0.0,0.6,0.5
0.11869387282411194,0.09126742245867794,0.5034444293773874,56.879999999999995,-130168.05517241462,-0.72,0.0,1.0,0.29288613544115805,15.75,0.0,-96.50751,114.741585,141.537,0.0,0.6,0.5
0.09867831944738402,0.11802628526946624,0.5036142608399841,55.8,-150994.94399999976,-0.72,0.0,1.0,0.15555284279917458,15.755,0.0,-96.50751,114.741585,141.537,0.0,0.6,0.5
0.08563199380132043,0.14323706376025677,0.5038609663250967,54.54,-155435.97176470564,-0.72,0.0,1.0,0.24710837122716356,15.76,0.0,-112.22666,123.4224,126.85291,0.0,0.6,0.5
0.0712885857527047,0.1603213386853392,0.5039621856083216,53.46,-137268.1309090907,-0.72,0.0,1.0,0.3539231543931507,15.765,0.0,-112.22666,123.4224,126.85291,0.0,0.6,0.5
0.06487315447357167,0.17259390284230428,0.5041931107766047,52.199999999999996,-176160.7680000007,-0.72,0.0,1.0,0.3539231543931507,15.77,0.0,-112.22666,123.4224,126.85291,0.0,0.6,0.5
0.04718214682133705,0.19599582736835858,0.5043407112721896,50.76,-33.15036587373893,-0.72,0.0,1.0,0.21658986175116723,15.775,0.0,-112.22666,123.4224,126.85291,0.0,0.6,0.5
0.05167001327299731,0.20991684303288521,0.5043991743862182,49.32,-67108.8639999999,-0.72,0.0,1.0,0.3081453901791562,15.780000000000001,0.0,-141.74602,-136.13327,176.79222,0.0,0.0,0.5
0.044598221355321786,0.22019155131945,0.5045098002775013,47.879999999999995,-150994.9440000005,-0.72,0.0,1.0,0.2623676259651617,15.785,0.0,-141.74602,-136.13327,176.79222,0.0,0.0,0.5
0.025906493461677355,0.23840870425260863,0.5044701950207645,46.44,-37514.271801242176,-0.72,0.0,1.0,0.15555284279917458,15.790000000000001,0.0,-141.74602,-136.13327,176.79222,0.0,0.0,0.5
0.0316476888271004,0.24644249730981427,0.504520043016941,44.64,-243540.23225806412,-0.72,0.0,1.0,0.3081453901791562,15.795,0.0,-141.74602,-136.13327,176.79222,0.0,0.0,0.5
0.030461636893590577,0.2631481519168214,0.5045348052238098,43.019999999999996,-199846.24941176525,-0.72,0.0,1.0,0.12503433332317826,15.8,0.0,-104.49892,-96.46184,-118.87039,0.0,0.0,0.5
0.02605339681563562,0.28491617056393626,0.5047797529708311,41.22,-215707.0628571425,-0.72,0.0,1.0,0.07925656910918377,15.805,0.0,-104.49892,-96.46184,-118.87039,0.0,0.0,0.5
0.007494202000499721,0.3084376442155595,0.5049242494919378,39.42,-235929.59999999963,-0.72,0.0,1.0,0.36918240913114886,15.81,0.0,-104.49892,-96.46184,-118.87039,0.0,0.0,0.5
0.006698527272378523,0.3124727497118368,0.504892121996005,37.44,-286369.72137931094,-0.72,0.0,1.0,0.3539231543931507,15.815,0.0,-104.49892,-96.46184,-118.87039,0.0,0.0,0.5
0.0008761333770016192,0.3185665868048825,0.5049188853062696,35.46,-47.09787907831376,-0.72,0.0,1.0,0.15555284279917458,15.82,8.522881865501404,90.61549,-130.1511,-143.84557,0.6,0.0,0.5
0.007721945840127036,0.3118492226894258,0.5049397067792682,33.3,-153554.1803389833,-0.72,0.0,1.0,0.24710837122716356,15.825000000000001,8.522881865501404,90.61549,-130.1511,-143.84557,0.6,0.0,0.5
-0.0019869895210941502,0.31254054258019165,0.5047915246465562,31.14,-266461.6658823525,-0.72,0.0,1.0,-0.08859523300879601,15.83,8.522881865501404,90.61549,-130.1511,-143.84557,0.6,0.0,0.5
0.004369593499795509,0.31783937256897515,0.504858322348108,28.98,-292248.27870967746,-0.72,0.0,1.0,0.1097750785851801,15.835,8.522881865501404,90.61549,-130.1511,-143.84557,0.6,0.0,0.5
0.014719814519882909,0.3128105376691233,0.5049413965099697,26.64,-306708.48,-0.72,0.0,1.0,0.033478804895189285,15.84,20.0,85.520645,-94.06135,-116.801674,0.6,0.0,0.5
0.0043590617737246165,0.30256902505934263,0.5049224877771298,24.3,-111530.35636363635,-0.72,0.0,1.0,0.09451582384718193,15.845,20.0,85.520645,-94.06135,-116.801674,0.6,0.0,0.5
-0.005260538396338302,0.28405702714194503,0.5047819719459495,21.96,-175261.98857142855,-0.72,0.0,1.0,0.17081209753717275,15.85,20.0,85.520645,-94.06135,-116.801674,0.6,0.0,0.5
-0.0005259314607245203,0.262500549417724,0.5048287832921188,19.439999999999998,-330301.4400000004,-0.72,0.0,1.0,0.2318491164891654,15.855,20.0,85.520645,-94.06135,-116.801674,0.6,0.0,0.5
-0.012564581667791555,0.23779129439164376,0.5049064081387382,16.919999999999998,-57.125502391568695,-0.72,0.0,1.0,-0.14963225196078866,15.860000000000001,8.522881865501404,77.47573,-69.005226,-34.430588,0.6,0.0,0.5
-0.003977828434623523,0.2141549364196758,0.5045313098998807,14.219999999999999,-205902.19636363632,-0.72,0.0,1.0,0.32340464491715437,15.865,8.522881865501404,77.47573,-69.005226,-34.430588,0.6,0.0,0.5
0.0032952567404911444,0.18405479982098727,0.504208712607812,11.52,-323560.5942857142,-0.72,0.0,1.0,0.17081209753717275,15.870000000000001,8.522881865501404,77.47573,-69.005226,-34.430588,0.6,0.0,0.5
0.01201143956954496,0.16427215870417922,0.5039549442923079,8.82,-353894.3999999999,-0.72,0.0,1.0,0.33866389965515253,15.875,8.522881865501404,77.47573,-69.005226,-34.430588,0.6,0.0,0.5
0.04481112710816368,0.14644671451970565,0.5035795686694721,5.9399999999999995,-431414.1257142858,-0.8999999999999999,-26963.38285714285,1.0,7.174810022278496,15.88,0.0,-88.12578,108.93726,112.112206,0.0,0.6,0.5
0.06190061331496153,0.14129107968096047,0.5033619888648844,3.5999999999999996,-297414.28363636363,3.42,549072.5236363637,1.0,11.752586443678112,15.885,0.0,-88.12578,108.93726,112.112206,0.0,0.6,0.5
0.07962856569579684,0.1171770306930886,0.5054873753352984,2.52,-150994.94399999996,4.68,176160.76799999998,1.0,2.0477004303110036,15.89,0.0,-88.12578,108.93726,112.112206,0.0,0.6,0.5
0.0852919895133799,0.10313168029327582,0.5064065897139332,2.34,-22878.021818181838,4.14,-68634.06545454546,1.0,0.7811822870570992,15.895,0.0,-88.12578,108.93726,112.112206,0.0,0.6,0.5
0.11122192029209546,0.09840423521978109,0.507461501616188,3.5999999999999996,66060.28799999999,2.88,-66060.28799999999,1.0,-0.027558214056803365,15.9,0.0,71.11185,-99.43604,-97.27703,0.6,0.0,0.5
0.13386294910882982,0.07995673386899763,0.507240693439787,5.3999999999999995,43.975950465694694,-0.36,-79.15671083825045,1.0,2.0324411755730054,15.905000000000001,0.0,71.11185,-99.43604,-97.27703,0.6,0.0,0.5
0.14454483604813126,0.07636350399642228,0.5050042749103805,6.66,99713.642264151,-0.72,-28489.612075471698,1.0,1.7730338450270366,15.91,0.0,71.11185,-99.43604,-97.27703,0.6,0.0,0.5
0.1662234198755011,0.06680257557464289,0.5043889848054571,8.28,194136.35657142848,-0.72,0.0,1.0,0.17081209753717275,15.915000000000001,0.0,71.11185,-99.43604,-97.27703,0.6,0.0,0.5
0.18321115265105928,0.0654592165798224,0.5031322366013047,9.9,226492.41600000014,-0.8999999999999999,-25165.82399999999,1.0,-0.92785424359875,15.92,0.0,42.99683,-81.75619,-3.9375744,0.6,0.0,0.5
0.19027605501212352,0.06626246155764197,0.5021350366594504,11.52,51868.492213740436,-0.8999999999999999,0.0,1.0,-0.2869655446028272,15.925,0.0,42.99683,-81.75619,-3.9375744,0.6,0.0,0.5
0.19292107957078386,0.0769309551455767,0.5021165215782822,13.32,204047.2216216217,-0.72,20404.722162162154,1.0,-0.2869655446028272,15.93,0.0,42.99683,-81.75619,-3.9375744,0.6,0.0,0.5
0.1937755309912892,0.09104675271212101,0.5018241408099136,14.94,212336.6399999999,-0.8999999999999999,-23592.959999999992,1.0,0.1097750785851801,15.935,0.0,42.99683,-81.75619,-3.9375744,0.6,0.0,0.5
0.19417655035977616,0.11513221738008542,0.5012022665342148,16.56,205902.19636363626,-0.8999999999999999,0.0,1.0,0.29288613544115805,15.94,0.0,-53.2911,74.59336,76.62958,0.0,0.6,0.5
0.1963506968385707,0.12458533729901426,0.501522347322849,18.18,37.36162802078467,-0.72,4.151292002309404,1.0,0.21658986175116723,15.945,0.0,-53.2911,74.59336,76.62958,0.0,0.6,0.5
0.20109370610862737,0.12433313392710584,0.5015047415185772,19.62,113958.44830188689,-0.8999999999999999,-14244.806037735843,1.0,0.2318491164891654,15.950000000000001,0.0,-53.2911,74.59336,76.62958,0.0,0.6,0.5
0.20681720297908182,0.12785196526387804,0.5010981656216361,21.24,199846.24941176438,-0.8999999999999999,0.0,1.0,0.6285897396771176,15.955,0.0,-53.2911,74.59336,76.62958,0.0,0.6,0.5
0.2200595449831018,0.13506666862826383,0.5012344988642775,22.68,194832.18580645177,-0.8999999999999999,0.0,1.0,0.3081453901791562,15.96,0.0,112.07524,-122.66954,-156.73734,0.6,0.0,0.5
0.23680843077841393,0.12952572598120463,0.5007250314259013,24.119999999999997,76453.13620253153,-0.8999999999999999,0.0,1.0,0.567552720725125,15.965,0.0,112.07524,-122.66954,-156.73734,0.6,0.0,0.5
0.2508314090604497,0.13165205263955806,0.5006388136012908,25.56,194832.18580645177,-0.8999999999999999,0.0,1.0,0.2776268807031599,15.97,0.0,112.07524,-122.66954,-156.73734,0.6,0.0,0.5
0.265094484681721,0.11436455573266295,0.5009888840081163,27.0,172565.65028571445,-0.8999999999999999,0.0,1.0,0.17081209753717275,15.975,0.0,112.07524,-122.66954,-156.73734,0.6,0.0,0.5
0.282155710697467,0.11540147724855034,0.5005260240365901,28.439999999999998,201326.59199999968,-0.8999999999999999,0.0,1.0,-0.16489150669878683,15.98,0.0,-106.93581,-55.96268,20.001228,0.0,0.0,0.5
0.2943688381101288,0.11907848124492228,0.5004624109232032,30.06,226492.41600000014,-0.8999999999999999,0.0,1.0,0.04873805963318745,15.985000000000001,0.0,-106.93581,-55.96268,20.001228,0.0,0.0,0.5
0.29767980475329453,0.11755280762271259,0.5002420055219069,31.5,34.72066040447478,-0.8999999999999999,0.0,1.0,0.00296029541919296,15.99,0.0,-106.93581,-55.96268,20.001228,0.0,0.0,0.5
0.29837286781294475,0.12416942717812225,0.49990107614709767,32.76,54482.711752577234,-0.8999999999999999,0.0,1.0,0.5065157017731323,15.995000000000001,0.0,-106.93581,-55.96268,20.001228,0.0,0.0,0.5
0.29825876795928846,0.13832432177855258,0.4997431206958672,34.199999999999996,37986.14943396221,-0.72,4748.268679245281,1.0,0.00296029541919296,16.0,0.0,-104.27158,54.78273,-117.24942,0.0,0.6,0.5
0.2977698798764106,0.15972861857383536,0.49979235194665456,35.46,150994.9440000006,-0.72,0.0,1.0,0.1097750785851801,16.005,0.0,-104.27158,54.78273,-117.24942,0.0,0.6,0.5
0.29804994616161135,0.17202927697021966,0.49968178430486193,36.72,165150.71999999974,-0.72,0.0,1.0,-0.012298959318805203,16.01,0.0,-104.27158,54.78273,-117.24942,0.0,0.6,0.5
0.2974277137801695,0.17905080227763107,0.49958939249275697,37.98,150994.94399999976,-0.72,0.0,1.0,0.49125644703513416,16.015,0.0,-104.27158,54.78273,-117.24942,0.0,0.6,0.5
0.29612343457735785,0.17040170288091996,0.49960835285206656,39.059999999999995,125829.1199999998,-0.72,0.0,1.0,0.21658986175116723,16.02,0.0,-132.28365,-108.99768,-53.49359,0.0,0.0,0.5
0.29466688810981784,0.17474690179966548,0.4995712005689606,39.96,125829.1200000008,-0.72,0.0,1.0,0.3539231543931507,16.025,0.0,-132.28365,-108.99768,-53.49359,0.0,0.0,0.5
0.29379837743314363,0.1657268863642509,0.4996069112187469,40.86,20.71988846563399,-0.72,0.0,1.0,0.2776268807031599,16.03,0.0,-132.28365,-108.99768,-53.49359,0.0,0.0,0.5
0.29313008682454655,0.16075700377383847,0.49929947006064374,41.76,49669.38947368413,-0.72,0.0,1.0,0.24710837122716356,16.035,0.0,-132.28365,-108.99768,-53.49359,0.0,0.0,0.5
0.291399741409958,0.15215100155008837,0.49920491451282933,42.48,86282.82514285701,-0.72,0.0,1.0,0.07925656910918377,16.04,0.0,-95.13957,3.3436801,-40.379707,0.0,0.6,0.5
0.28847977279001363,0.1469391276318353,0.4991508138587386,43.019999999999996,70778.87999999989,-0.72,0.0,1.0,0.46073793755913783,16.045,0.0,-95.13957,3.3436801,-40.379707,0.0,0.6,0.5
0.27871236233242214,0.13851521058595195,0.4993097856550845,43.559999999999995,19694.99269565214,-0.72,0.0,1.0,0.3081453901791562,16.05,0.0,-95.13957,3.3436801,-40.379707,0.0,0.6,0.5
0.2627266387515162,0.15025142058421023,0.49955212869674676,43.92,44410.27764705963,-0.72,0.0,1.0,0.46073793755913783,16.055,0.0,-95.13957,3.3436801,-40.379707,0.0,0.6,0.5
0.242739238478076,0.1518498432799164,0.4996463162983553,44.28,44410.277647058756,-0.72,0.0,1.0,0.21658986175116723,16.06,0.0,-113.94513,79.47785,110.46753,0.0,0.6,0.5
0.22073029641108102,0.15508939660248156,0.49989948402484363,44.46,23592.959999999963,-0.72,0.0,1.0,0.567552720725125,16.065,0.0,-113.94513,79.47785,110.46753,0.0,0.6,0.5
0.19849151029667478,0.15393340888656348,0.499964131001538,44.64,25165.82399999996,-0.72,0.0,1.0,-0.10385448774679418,16.07,0.0,-113.94513,79.47785,110.46753,0.0,0.6,0.5
0.17709094839324752,0.1517632696446473,0.49999726655185456,44.64,0.0,-0.72,0.0,1.0,0.15555284279917458,16.075,0.0,-113.94513,79.47785,110.46753,0.0,0.6,0.5
0.15705247420279092,0.16418497439682891,0.4998325276694218,44.64,0.0,-0.72,0.0,1.0,-0.30222479934082536,16.080000000000002,8.522881865501404,-38.67499,61.677536,-40.209915,0.0,0.6,0.5
0.13873865426882417,0.16910210582639226,0.49983513961417453,44.46,-5898.239999999991,-0.72,0.0,1.0,-0.012298959318805203,16.085,8.522881865501404,-38.67499,61.677536,-40.209915,0.0,0.6,0.5
0.11737946920862578,0.16274886520327447,0.500358920016324,44.28,-22878.021818181784,-0.72,0.0,1.0,-0.10385448774679418,16.09,8.522881865501404,-38.67499,61.677536,-40.209915,0.0,0.6,0.5
0.10726696347431672,0.16827004515581706,0.5004338196124742,44.1,-25165.82399999996,-0.72,0.0,1.0,0.3081453901791562,16.095,8.522881865501404,-38.67499,61.677536,-40.209915,0.0,0.6,0.5
0.09106215497318314,0.16729778721931524,0.5003825142218298,43.739999999999995,-44410.27764705963,-0.72,0.0,1.0,0.20133060701316907,16.1,20.0,14.498251,92.51287,88.95869,0.6,0.6,0.5
0.07547124710420225,0.18265230422931605,0.5004125112690287,43.379999999999995,-41943.039999999935,-0.72,0.0,1.0,0.33866389965515253,16.105,20.0,14.498251,92.51287,88.95869,0.6,0.6,0.5
0.07196414257615272,0.2081095795443035,0.5004655097260854,42.839999999999996,-35389.439999999944,-0.72,0.0,1.0,0.018219550157191122,16.11,20.0,14.498251,92.51287,88.95869,0.6,0.6,0.5
0.06797902987203738,0.2209039672340517,0.5009292551161187,42.3,-75497.47199999988,-0.72,0.0,1.0,0.4302194280831415,16.115000000000002,20.0,14.498251,92.51287,88.95869,0.6,0.6,0.5
0.05042354431651513,0.2374064043920883,0.5013339387149324,41.58,-17.134858575943415,-0.72,0.0,1.0,0.3081453901791562,16.12,8.522881865501404,-109.88547,36.585377,136.01457,0.0,0.6,0.5
0.04131095561268657,0.257928127368145,0.5014397953800417,40.86,-41943.039999999935,-0.72,0.0,1.0,0.2776268807031599,16.125,8.522881865501404,-109.88547,36.585377,136.01457,0.0,0.6,0.5
0.029106342597472603,0.2709511358334216,0.5018105693834765,40.14,-86282.82514285701,-0.72,0.0,1.0,0.21658986175116723,16.13,8.522881865501404,-109.88547,36.585377,136.01457,0.0,0.6,0.5
0.024061984632239228,0.29023519897790295,0.5018972290602547,39.24,-130168.05517241359,-0.72,0.0,1.0,0.5065157017731323,16.135,8.522881865501404,-109.88547,36.585377,136.01457,0.0,0.6,0.5
0.017055189135319688,0.3164357384200899,0.5019898723353223,38.339999999999996,-121770.11612903302,-0.72,0.0,1.0,0.1097750785851801,16.14,0.0,-98.37031,-167.30014,96.392654,0.0,0.0,0.5
0.01930030131936452,0.3246410199896401,0.5023055921558497,37.26,-45298.48319999993,-0.72,0.0,1.0,0.29288613544115805,16.145,0.0,-98.37031,-167.30014,96.392654,0.0,0.0,0.5
0.024095764614477586,0.33678527319279455,0.5022458287367302,36.18,-122428.33297297278,-0.72,0.0,1.0,0.24710837122716356,16.15,0.0,-98.37031,-167.30014,96.392654,0.0,0.0,0.5
0.035813412191616455,0.35157775726037727,0.5023420913593587,34.92,-170478.1625806449,-0.72,0.0,1.0,0.384441663869147,16.155,0.0,-98.37031,-167.30014,96.392654,0.0,0.0,0.5
0.03226906909862544,0.35741365382156787,0.502711955723388,33.66,-29.195497831671528,-0.72,0.0,1.0,0.04873805963318745,16.16,0.0,79.715515,-54.582733,-165.87411,0.6,0.0,0.5
0.035226916123201786,0.37848313746392753,0.5027057559612151,32.4,-62914.5599999999,-0.72,0.0,1.0,0.12503433332317826,16.165,0.0,79.715515,-54.582733,-165.87411,0.6,0.0,0.5
0.035710234920376636,0.38629672240145546,0.502920386332304,30.779999999999998,-188743.6800000001,-0.72,0.0,1.0,0.1097750785851801,16.17,0.0,79.715515,-54.582733,-165.87411,0.6,0.0,0.5
0.04228273195185316,0.39060291136607694,0.5030395906890269,29.16,-212336.63999999966,-0.72,0.0,1.0,0.3539231543931507,16.175,0.0,79.715515,-54.582733,-165.87411,0.6,0.0,0.5
0.045811632917182356,0.39508106901804924,0.5030791018047033,27.54,-226492.41600000014,-0.72,0.0,1.0,0.1097750785851801,16.18,8.522881865501404,64.415985,-98.438095,-117.43108,0.6,0.0,0.5
0.040791982604771806,0.4035839398237214,0.5029891174977146,25.74,-215707.06285714294,-0.72,0.0,1.0,0.36918240913114886,16.185,8.522881865501404,64.415985,-98.438095,-117.43108,0.6,0.0,0.5
0.04663649660036912,0.3991024973842228,0.5029541243922387,23.939999999999998,-235929.6000000001,-0.72,0.0,1.0,0.07925656910918377,16.19,8.522881865501404,64.415985,-98.438095,-117.43108,0.6,0.0,0.5
0.060084722885303685,0.40390030848432834,0.5029546388700744,21.96,-259522.5599999996,-0.72,0.0,1.0,0.3081453901791562,16.195,8.522881865501404,64.415985,-98.438095,-117.43108,0.6,0.0,0.5
0.07729310511545348,0.40039826786011856,0.5030418509864891,19.98,-286369.7213793104,-0.72,0.0,1.0,0.018219550157191122,16.2,20.0,20.087135,-24.135302,-39.156822,0.6,0.0,0.5
0.08074322217150072,0.39604835991622156,0.5030766964444154,18.0,-46.91721232938625,-0.72,0.0,1.0,0.2623676259651617,16.205000000000002,20.0,20.087135,-24.135302,-39.156822,0.6,0.0,0.5
0.08613731412323501,0.3779555762556763,0.5034891727264513,15.84,-114679.70430379748,-0.72,0.0,1.0,0.32340464491715437,16.21,20.0,20.087135,-24.135302,-39.156822,0.6,0.0,0.5
0.10531545527448605,0.3493679514331511,0.5032814800095659,13.68,-99557.10593406594,-0.8999999999999999,-8296.42549450549,1.0,0.29288613544115805,16.215,20.0,20.087135,-24.135302,-39.156822,0.6,0.0,0.5
0.1288167770349413,0.3225738701149203,0.5031263754727169,11.52,-251658.24000000002,-0.8999999999999999,0.0,1.0,0.06399731437118561,16.22,20.0,-71.90703,-133.61244,-65.27636,0.0,0.0,0.5
0.1466317659323263,0.30060802850226775,0.502916797133417,9.36,-292248.27870967746,-0.8999999999999999,0.0,1.0,0.29288613544115805,16.225,20.0,-71.90703,-133.61244,-65.27636,0.0,0.0,0.5
0.15791179589361512,0.271169255597498,0.5028409992426716,7.38,-259522.55999999994,-0.8999999999999999,0.0,1.0,0.1097750785851801,16.23,20.0,-71.90703,-133.61244,-65.27636,0.0,0.0,0.5
0.17621086211484274,0.2495119601698476,0.5027307928766686,5.58,-198677.55789473682,0.36,139074.29052631577,1.0,5.267403180028671,16.235,20.0,-71.90703,-133.61244,-65.27636,0.0,0.0,0.5
0.18990436406467887,0.21654067993584514,0.5033993492800126,4.859999999999999,-97416.09290322589,1.6199999999999999,170478.16258064512,1.0,6.73229163487655,16.240000000000002,0.0,52.43684,-85.93563,-61.620186,0.6,0.0,0.5
0.20320442732313018,0.19226797430113396,0.5038713346907093,5.22,8.345443511614933,0.54,-25.036330534844772,1.0,3.787255470442849,16.245,0.0,52.43684,-85.93563,-61.620186,0.6,0.0,0.5
0.22080832653577023,0.17380279963456297,0.5035393337516356,6.66,91512.0872727273,-0.8999999999999999,-91512.08727272727,1.0,0.5522934659871268,16.25,0.0,52.43684,-85.93563,-61.620186,0.6,0.0,0.5
0.23430732796581982,0.16568592009410793,0.5029880482001567,7.56,117964.79999999993,-0.72,23592.959999999992,1.0,-0.5158543656727996,16.255,0.0,52.43684,-85.93563,-61.620186,0.6,0.0,0.5
0.23925765948193678,0.1578359638741224,0.5021940047781276,9.0,60397.97760000001,-0.8999999999999999,-7549.747199999997,1.0,-0.9888912625507427,16.26,0.0,84.153366,-219.99342,96.53449,0.6,0.0,0.5
0.24064010185464538,0.13159276487256194,0.5017348967638487,10.44,105961.36421052628,-0.8999999999999999,0.0,1.0,-0.30222479934082536,16.265,0.0,84.153366,-219.99342,96.53449,0.6,0.0,0.5
0.24075585565888083,0.11047907996593448,0.5018883265615258,12.059999999999999,194136.35657142848,-0.8999999999999999,0.0,1.0,0.3997009186071452,16.27,0.0,84.153366,-219.99342,96.53449,0.6,0.0,0.5
0.2395494962856211,0.09946416115727155,0.5016890673864177,13.68,212336.64000000013,-0.8999999999999999,0.0,1.0,0.659108249153114,16.275,0.0,84.153366,-219.99342,96.53449,0.6,0.0,0.5
0.2404062050818081,0.08838167185462266,0.5010297208410521,15.479999999999999,235929.59999999986,-0.8999999999999999,0.0,1.0,0.00296029541919296,16.28,0.0,65.8461,-60.96295,-126.82851,0.6,0.0,0.5
0.24089631033020853,0.06893303769579337,0.5010409799363394,17.099999999999998,212336.6399999999,-0.8999999999999999,0.0,1.0,-0.16489150669878683,16.285,0.0,65.8461,-60.96295,-126.82851,0.6,0.0,0.5
0.24325007535185875,0.06787858604326559,0.5009321569611368,18.9,43.87678753043874,-0.8999999999999999,0.0,1.0,0.1097750785851801,16.29,0.0,65.8461,-60.96295,-126.82851,0.6,0.0,0.5
0.25432464502699076,0.06477634679943736,0.5006504094506542,20.7,123766.34754098365,-0.8999999999999999,0.0,1.0,0.2776268807031599,16.295,0.0,65.8461,-60.96295,-126.82851,0.6,0.0,0.5
0.2706607060606407,0.04337570919836299,0.5006863696884251,22.5,228780.21818181826,-0.8999999999999999,0.0,1.0,0.06399731437118561,16.3,0.0,76.74208,22.567234,-113.23692,0.6,0.6,0.5
0.28365628252579445,0.03773023514089316,0.5007843418783411,24.48,267894.25548387103,-0.8999999999999999,0.0,1.0,0.29288613544115805,16.305,0.0,76.74208,22.567234,-113.23692,0.6,0.6,0.5
0.2987269237699229,0.033068688024831455,0.5005452315943828,26.279999999999998,243540.23225806412,-0.8999999999999999,0.0,1.0,0.2318491164891654,16.31,0.0,76.74208,22.567234,-113.23692,0.6,0.6,0.5
0.3147528979398242,0.029918656911952356,0.5002612951384363,28.439999999999998,274536.26181818184,-0.8999999999999999,0.0,1.0,0.20133060701316907,16.315,0.0,76.74208,22.567234,-113.23692,0.6,0.6,0.5
0.3267457714630547,0.018776481938512328,0.5003846877624742,30.419999999999998,87418.12547368422,-0.8999999999999999,0.0,1.0,0.20133060701316907,16.32,0.0,66.4642,59.999847,-118.29908,0.6,0.6,0.5
0.33813015873416785,0.01630091646695607,0.5002941820029292,32.58,174224.93538461538,-0.8999999999999999,0.0,1.0,0.12503433332317826,16.325,0.0,66.4642,59.999847,-118.29908,0.6,0.6,0.5
0.3517633985558511,0.00803327322820396,0.499709279251482,34.74,48.616824560367995,-0.8999999999999999,0.0,1.0,0.384441663869147,16.330000000000002,0.0,66.4642,59.999847,-118.29908,0.6,0.6,0.5
0.3627997204904441,0.011423253854541005,0.4988530461178849,37.08,144333.40235294096,-0.8999999999999999,0.0,1.0,0.2623676259651617,16.335,0.0,66.4642,59.999847,-118.29908,0.6,0.6,0.5
0.3716780064854691,0.006703442187641974,0.4989396568763952,39.24,266461.6658823534,-0.8999999999999999,0.0,1.0,0.21658986175116723,16.34,0.0,-8.346415,13.757214,-95.62206,0.0,0.6,0.5
0.38094258070947584,0.005361003723991623,0.49914629757267004,41.58,306708.4799999995,-0.8999999999999999,0.0,1.0,0.1097750785851801,16.345,0.0,-8.346415,13.757214,-95.62206,0.0,0.6,0.5
0.38908367493694856,0.027502800780926016,0.4992401970827821,43.92,327155.71200000047,-0.8999999999999999,0.0,1.0,0.15555284279917458,16.35,0.0,-8.346415,13.757214,-95.62206,0.0,0.6,0.5
0.3963554433445043,0.0524462304750248,0.49871958404926675,46.26,297414.28363636316,-0.8999999999999999,0.0,1.0,0.3081453901791562,16.355,0.0,-8.346415,13.757214,-95.62206,0.0,0.6,0.5
0.4036435994213337,0.061100228104677856,0.49869700566359854,48.6,306708.48000000045,-0.8999999999999999,0.0,1.0,0.09451582384718193,16.36,0.0,52.736736,-35.63815,-105.92042,0.6,0.0,0.5
0.41000518007854897,0.07433014130728899,0.49823280281216253,50.94,316602.30193548335,-0.8999999999999999,0.0,1.0,0.20133060701316907,16.365000000000002,0.0,52.736736,-35.63815,-105.92042,0.6,0.0,0.5
0.41465388119127194,0.09077322310068392,0.49809411392659053,53.28,306708.48000000045,-0.8999999999999999,0.0,1.0,0.29288613544115805,16.37,0.0,52.736736,-35.63815,-105.92042,0.6,0.0,0.5
0.4190754499182699,0.11578445099427238,0.497537852022658,55.44,52.10615195260819,-0.8999999999999999,0.0,1.0,0.21658986175116723,16.375,0.0,52.736736,-35.63815,-105.92042,0.6,0.0,0.5
0.42230577622270926,0.1150047172564504,0.497404501206526,57.78,53926.76571428579,-0.8999999999999999,0.0,1.0,0.033478804895189285,16.38,0.0,2.3686495,176.95094,-8.650002,0.6,0.6,0.5
0.42343214484847147,0.1346985572433031,0.4975373788055911,59.76,212941.58769230737,-0.8999999999999999,0.0,1.0,0.2623676259651617,16.385,0.0,2.3686495,176.95094,-8.650002,0.6,0.6,0.5
0.4217537424934122,0.14656842870873799,0.49719488463860595,61.739999999999995,244256.52705882315,-0.72,22205.138823529403,1.0,0.21658986175116723,16.39,0.0,2.3686495,176.95094,-8.650002,0.6,0.6,0.5
0.4198010435272531,0.17710885816032143,0.49710363344727965,63.54,235929.60000000056,-0.72,0.0,1.0,0.24710837122716356,16.395,0.0,2.3686495,176.95094,-8.650002,0.6,0.6,0.5
0.4188576091711362,0.18541312222261036,0.49697590565689714,65.16,205902.19636363603,-0.72,0.0,1.0,0.1097750785851801,16.4,0.0,71.54917,15.583837,44.57322,0.6,0.6,0.5
0.4180217813378193,0.20846703823457916,0.49686048153765855,66.42,160146.15272727338,-0.72,0.0,1.0,0.17081209753717275,16.405,0.0,71.54917,15.583837,44.57322,0.6,0.6,0.5
0.4172017516868889,0.20971321037957844,0.49680216315398157,67.5,150994.94399999976,-0.72,0.0,1.0,0.3539231543931507,16.41,0.0,71.54917,15.583837,44.57322,0.6,0.6,0.5
0.4164437287038824,0.20404379507474346,0.49678041937969525,68.39999999999999,20.783201105537955,-0.72,0.0,1.0,0.384441663869147,16.415,0.0,71.54917,15.583837,44.57322,0.6,0.6,0.5
0.4163907379586872,0.21155911022011797,0.4966039861913336,68.94,37748.736000000434,-0.72,0.0,1.0,0.24710837122716356,16.42,0.0,85.19166,-141.53264,87.90363,0.6,0.0,0.5
0.41593699727502365,0.2078948235942376,0.49648007317859894,69.3,14111.677009345773,-0.72,0.0,1.0,0.15555284279917458,16.425,0.0,85.19166,-141.53264,87.90363,0.6,0.0,0.5
0.4153754890331209,0.21285467605901714,0.49648531499010595,69.3,0.0,-0.72,0.0,1.0,0.21658986175116723,16.43,0.0,85.19166,-141.53264,87.90363,0.6,0.0,0.5
0.4153812138351257,0.21094054083513103,0.49643808444229404,69.12,-26033.61103448169,-0.72,0.0,1.0,0.12503433332317826,16.435,0.0,85.19166,-141.53264,87.90363,0.6,0.0,0.5
0.4153823893111519,0.21478200756478016,0.4964024519672998,68.58,-39735.51157894783,-0.72,0.0,1.0,0.033478804895189285,16.44,0.0,28.937796,-37.6037,-2.302538,0.6,0.0,0.5
0.41548411036583455,0.23960287989766715,0.49596543185557884,67.67999999999999,-111025.69411764776,-0.72,0.0,1.0,0.00296029541919296,16.445,0.0,28.937796,-37.6037,-2.302538,0.6,0.0,0.5
0.4159961547567535,0.2464357484455456,0.49606088090062206,66.6,-137268.1309090907,-0.72,0.0,1.0,0.3997009186071452,16.45,0.0,28.937796,-37.6037,-2.302538,0.6,0.0,0.5
0.41854094402175984,0.2596345595531763,0.4959814489733907,65.52,-146124.13935483847,-0.72,0.0,1.0,0.15555284279917458,16.455000000000002,0.0,28.937796,-37.6037,-2.302538,0.6,0.0,0.5
0.42188445726719714,0.2631856263145506,0.4958106408291699,64.08,-34.99080452578335,-0.72,0.0,1.0,0.5217749565111305,16.46,0.0,-109.22052,-142.08606,-53.166588,0.0,0.0,0.5
0.4248838195219987,0.2684013218320075,0.49561650431868953,62.46,-115165.6352542371,-0.72,0.0,1.0,-0.027558214056803365,16.465,0.0,-109.22052,-142.08606,-53.166588,0.0,0.0,0.5
0.4292358739676999,0.2723676181784127,0.49544450834909304,61.019999999999996,-201326.59200000067,-0.72,0.0,1.0,0.384441663869147,16.47,0.0,-109.22052,-142.08606,-53.166588,0.0,0.0,0.5
0.4343930152677726,0.2718188572386147,0.4952322947262361,59.4,-226492.41599999965,-0.8999999999999999,-25165.82399999999,1.0,0.3081453901791562,16.475,0.0,-109.22052,-142.08606,-53.166588,0.0,0.0,0.5
0.43879888141608936,0.25740658809149003,0.4949477307290394,57.78,-68634.06545454534,-0.8999999999999999,0.0,1.0,0.5980712302011213,16.48,0.0,-131.11983,-129.56616,-167.15443,0.0,0.0,0.5
0.44359096428379763,0.25804406324642637,0.4952734559732214,56.339999999999996,-172565.65028571486,-0.8999999999999999,0.0,1.0,0.33866389965515253,16.485,0.0,-131.11983,-129.56616,-167.15443,0.0,0.0,0.5
0.4487514558353685,0.25191659102589276,0.4953098995855159,54.9,-183024.17454545427,-0.8999999999999999,0.0,1.0,0.2318491164891654,16.490000000000002,0.0,-131.11983,-129.56616,-167.15443,0.0,0.0,0.5
0.45220884631086394,0.235917286933973,0.49543492803976663,53.64,-170478.1625806449,-0.8999999999999999,0.0,1.0,0.1097750785851801,16.495,0.0,-131.11983,-129.56616,-167.15443,0.0,0.0,0.5
0.4535669159041422,0.21969470832003893,0.4952520572788872,52.559999999999995,-141557.7600000007,-0.8999999999999999,0.0,1.0,0.2776268807031599,16.5,0.0,-27.346424,-88.30742,140.4367,0.0,0.0,0.5
0.45441917507003055,0.19835331744825854,0.49508163686772133,51.66,-20.435983693975075,-0.8999999999999999,0.0,1.0,0.2623676259651617,16.505,0.0,-27.346424,-88.30742,140.4367,0.0,0.0,0.5
0.45569866997711966,0.17990903713531498,0.49492188181072416,50.94,-54907.252363636275,-0.8999999999999999,0.0,1.0,0.2776268807031599,16.51,0.0,-27.346424,-88.30742,140.4367,0.0,0.0,0.5
0.4550828313903972,0.16865728947127598,0.49458856294015047,50.4,-70778.87999999989,-0.8999999999999999,0.0,1.0,-0.05807672353279969,16.515,0.0,-27.346424,-88.30742,140.4367,0.0,0.0,0.5
0.45313845348724385,0.14770140762627454,0.4946079605421264,50.04,-52067.222068965435,-0.8999999999999999,0.0,1.0,0.21658986175116723,16.52,0.0,-113.983505,115.7307,137.92035,0.0,0.6,0.5
0.4419821548408887,0.1319607324493786,0.4944002177266941,49.86,-25165.82399999996,-0.8999999999999999,0.0,1.0,0.21658986175116723,16.525,0.0,-113.983505,115.7307,137.92035,0.0,0.6,0.5
0.4199628853958948,0.11099729653268435,0.49447103578465,49.68,-22878.021818181784,-0.8999999999999999,0.0,1.0,0.44547868282113967,16.53,0.0,-113.983505,115.7307,137.92035,0.0,0.6,0.5
0.3901119423809603,0.09312263180518827,0.49484582381140485,49.5,-7474.997227722761,-0.8999999999999999,0.0,1.0,0.1097750785851801,16.535,0.0,-113.983505,115.7307,137.92035,0.0,0.6,0.5
0.3606665176234024,0.08251531393469569,0.49467259139170583,49.32,-22878.021818181784,-0.72,22878.02181818181,1.0,0.46073793755913783,16.54,0.0,-109.02041,133.23546,164.66493,0.0,0.6,0.5
0.32988956357748983,0.06554977161335654,0.494755929740011,48.96,-8.149730348237211,-0.72,0.0,1.0,0.1097750785851801,16.545,0.0,-109.02041,133.23546,164.66493,0.0,0.6,0.5
0.3007551627491166,0.06214938550059292,0.4954311946158039,48.6,-27453.626181818137,-0.72,0.0,1.0,0.4302194280831415,16.55,0.0,-109.02041,133.23546,164.66493,0.0,0.6,0.5
0.27214520898363903,0.04056775802301035,0.49624999769229156,48.239999999999995,-14949.994455445816,-0.72,0.0,1.0,0.15555284279917458,16.555,0.0,-109.02041,133.23546,164.66493,0.0,0.6,0.5
0.24574460331257755,0.03194932647294194,0.49652093435427724,47.879999999999995,-44410.277647058756,-0.72,0.0,1.0,0.04873805963318745,16.56,0.0,-105.96231,123.7452,149.99841,0.0,0.6,0.5
0.22117010122845265,0.040434589464168495,0.49665669262506573,47.339999999999996,-78100.83310344815,-0.72,0.0,1.0,0.1097750785851801,16.565,0.0,-105.96231,123.7452,149.99841,0.0,0.6,0.5
0.19784858071073042,0.05725755736711561,0.4969464866420487,46.62,-100663.29599999984,-0.72,0.0,1.0,0.3081453901791562,16.57,0.0,-105.96231,123.7452,149.99841,0.0,0.6,0.5
0.176102199704741,0.060653548406438974,0.4973657233561396,45.9,-91512.08727272713,-0.72,0.0,1.0,-0.027558214056803365,16.575,0.0,-105.96231,123.7452,149.99841,0.0,0.6,0.5
0.15622625075041907,0.06970811013324521,0.4980734327145086,45.18,-91512.08727272713,-0.72,0.0,1.0,0.17081209753717275,16.580000000000002,0.0,-112.68628,120.831154,144.75941,0.0,0.6,0.5
0.13910305044842633,0.0818043835096343,0.4983601792968351,44.46,-100663.29599999984,-0.72,0.0,1.0,0.20133060701316907,16.585,0.0,-112.68628,120.831154,144.75941,0.0,0.6,0.5
0.12274650618964802,0.10157832630715029,0.49871322323920414,43.559999999999995,-21.861020639811112,-0.72,0.0,1.0,0.29288613544115805,16.59,0.0,-112.68628,120.831154,144.75941,0.0,0.6,0.5
0.10005665129072025,0.12059759964359403,0.4991492160374672,42.66,-54708.31304347818,-0.72,0.0,1.0,0.033478804895189285,16.595,0.0,-112.68628,120.831154,144.75941,0.0,0.6,0.5
0.09104369450547449,0.1333869461682808,0.4996991922049056,41.58,-133230.83294117625,-0.72,0.0,1.0,0.21658986175116723,16.6,0.0,-118.80847,-116.21369,134.62039,0.0,0.0,0.5
0.077587819907818,0.15708601135406272,0.5002749692391211,40.5,-141557.75999999978,-0.72,0.0,1.0,-0.1343729972227905,16.605,0.0,-118.80847,-116.21369,134.62039,0.0,0.0,0.5
0.07435839870445879,0.1633508989494441,0.5009010792389826,39.42,-137268.1309090907,-0.72,0.0,1.0,0.5370342112491286,16.61,0.0,-118.80847,-116.21369,134.62039,0.0,0.0,0.5
0.0638350136422188,0.19314014774715343,0.5014106633654314,38.16,-160146.15272727338,-0.72,0.0,1.0,0.2623676259651617,16.615000000000002,0.0,-118.80847,-116.21369,134.62039,0.0,0.0,0.5
0.060612649095605056,0.21808787372675797,0.5015998661367622,36.9,-30905.397894736794,-0.72,0.0,1.0,0.33866389965515253,16.62,0.0,-27.320818,-113.303185,-140.67378,0.0,0.0,0.5
0.04461241495742623,0.23564839322441417,0.5022471379669685,35.46,-167772.15999999974,-0.72,0.0,1.0,0.07925656910918377,16.625,0.0,-27.320818,-113.303185,-140.67378,0.0,0.0,0.5
0.04520397419316195,0.24121964078201139,0.5023683542687992,34.019999999999996,-33.425742889874094,-0.72,0.0,1.0,0.2318491164891654,16.63,0.0,-27.320818,-113.303185,-140.67378,0.0,0.0,0.5
0.04706699978739277,0.25243022342761057,0.502522721132411,32.58,-17061.575593220314,-0.72,0.0,1.0,0.12503433332317826,16.635,0.0,-27.320818,-113.303185,-140.67378,0.0,0.0,0.5
0.03987334185756892,0.2665363712447035,0.5027039249505787,30.959999999999997,-205902.1963636365,-0.72,0.0,1.0,0.21658986175116723,16.64,8.522881865501404,67.62973,-116.698944,-98.55719,0.6,0.0,0.5
0.023792266144599845,0.2793173394984249,0.5030308220613469,29.34,-226492.41599999965,-0.72,0.0,1.0,0.1860713522751709,16.645,8.522881865501404,67.62973,-116.698944,-98.55719,0.6,0.0,0.5
0.01717096350257858,0.2849977294104594,0.5034052375343923,27.54,-260336.1103448277,-0.72,0.0,1.0,0.33866389965515253,16.65,8.522881865501404,67.62973,-116.698944,-98.55719,0.6,0.0,0.5
0.010598170983411367,0.29231347350545944,0.503736446064813,25.74,-251658.2400000001,-0.72,0.0,1.0,0.06399731437118561,16.655,8.522881865501404,67.62973,-116.698944,-98.55719,0.6,0.0,0.5
0.014289780218315739,0.28575046354215566,0.5038476102445816,23.939999999999998,-235929.6000000001,-0.72,0.0,1.0,0.3539231543931507,16.66,20.0,65.50381,99.0333,-135.35503,0.6,0.6,0.5
0.00596549719369847,0.27560362948416656,0.5039786069691359,21.96,-259522.5599999996,-0.72,0.0,1.0,-0.012298959318805203,16.665,20.0,65.50381,99.0333,-135.35503,0.6,0.6,0.5
0.0010231907703146601,0.26209429647614724,0.5040658220443179,19.98,-276824.0640000001,-0.8999999999999999,-25165.82399999999,1.0,0.24710837122716356,16.67,20.0,65.50381,99.0333,-135.35503,0.6,0.6,0.5
0.014833411723377044,0.24466112242262644,0.5041570613511762,17.82,-51.50627726768811,-0.8999999999999999,0.0,1.0,0.00296029541919296,16.675,20.0,65.50381,99.0333,-135.35503,0.6,0.6,0.5
0.007193696321954671,0.21490777715257192,0.5040608113606315,15.66,-156201.66620689657,-0.72,13016.805517241375,1.0,0.33866389965515253,16.68,8.522881865501404,88.14668,-116.99746,-138.081,0.6,0.0,0.5
0.0063921150309852225,0.18119133134772947,0.5041052920514731,13.5,-283115.52,-0.72,0.0,1.0,0.09451582384718193,16.685,8.522881865501404,88.14668,-116.99746,-138.081,0.6,0.0,0.5
0.028801223603389096,0.17305321691743258,0.5041100289350611,11.16,-118249.05253012048,-0.8999999999999999,-9096.080963855418,1.0,0.384441663869147,16.69,8.522881865501404,88.14668,-116.99746,-138.081,0.6,0.0,0.5
0.04552275015714577,0.16062795734075608,0.5040070160562095,9.0,-292248.27870967746,-0.8999999999999999,0.0,1.0,-0.012298959318805203,16.695,8.522881865501404,88.14668,-116.99746,-138.081,0.6,0.0,0.5
0.0669090333607953,0.1261122166144352,0.5041404199830855,6.66,-297414.28363636363,-0.8999999999999999,0.0,1.0,0.33866389965515253,16.7,0.0,84.1844,-74.19565,56.785824,0.6,0.0,0.5
0.0887464562603742,0.12326356867811979,0.5038683490681166,4.68,-267894.25548387103,1.44,316602.3019354839,1.0,7.0985137485885055,16.705000000000002,0.0,84.1844,-74.19565,56.785824,0.6,0.0,0.5
0.10821173539116158,0.11163371977235323,0.5053624761639716,3.78,-125829.11999999998,3.06,226492.41600000003,1.0,4.367107150486779,16.71,0.0,84.1844,-74.19565,56.785824,0.6,0.0,0.5
0.1339637518701479,0.10390152336306484,0.5063634923190996,3.78,0.0,2.34,-16.642595891014906,1.0,2.1545152134769907,16.715,0.0,84.1844,-74.19565,56.785824,0.6,0.0,0.5
0.14240409279666677,0.12088642384588184,0.5071420407670719,5.04,70464.30720000001,1.26,-60397.97759999999,1.0,0.15555284279917458,16.72,0.0,96.12579,-170.36424,74.08005,0.6,0.0,0.5
0.16058406993376237,0.12733531311880256,0.5065954591901319,6.84,209715.19999999998,-1.08,-272629.76,1.0,-0.6531876583147831,16.725,0.0,96.12579,-170.36424,74.08005,0.6,0.0,0.5
0.18123652585052413,0.12554841509961473,0.5055807346027569,7.199999999999999,45756.04363636357,-0.36,91512.08727272728,1.0,-0.47007660145880514,16.73,0.0,96.12579,-170.36424,74.08005,0.6,0.0,0.5
0.1964583897961327,0.10952671034502283,0.5048357812724965,8.64,201326.59200000018,-0.54,-25165.824000000008,1.0,-0.42429883724481066,16.735,0.0,96.12579,-170.36424,74.08005,0.6,0.0,0.5
0.21245796913034665,0.10770077633864028,0.5042555010072942,9.9,41287.67999999999,-0.8999999999999999,-11796.479999999996,1.0,-0.16489150669878683,16.740000000000002,0.0,92.80835,-102.8058,-155.29391,0.6,0.0,0.5
0.23115271259150985,0.11113700895552885,0.5039352892846244,11.52,119206.53473684205,-0.8999999999999999,0.0,1.0,0.567552720725125,16.745,0.0,92.80835,-102.8058,-155.29391,0.6,0.0,0.5
0.2453450913087603,0.10362489895826678,0.5038806880394738,13.32,228780.21818181826,-0.8999999999999999,0.0,1.0,0.21658986175116723,16.75,0.0,92.80835,-102.8058,-155.29391,0.6,0.0,0.5
0.2583727138479793,0.09612455318213764,0.5039767059270369,15.12,145187.44615384607,-0.8999999999999999,0.0,1.0,-0.14963225196078866,16.755,0.0,92.80835,-102.8058,-155.29391,0.6,0.0,0.5
0.2750459337906325,0.08417785348414533,0.5040184326746405,17.099999999999998,47.14092184732752,-0.8999999999999999,0.0,1.0,0.2623676259651617,16.76,0.0,106.549446,-112.16889,-173.31627,0.6,0.0,0.5
0.2881262379723671,0.06386943969918366,0.5044573614309323,19.259999999999998,127601.36112676057,-0.8999999999999999,0.0,1.0,0.06399731437118561,16.765,0.0,106.549446,-112.16889,-173.31627,0.6,0.0,0.5
0.2991117260592471,0.060104726353760324,0.5045715678188949,21.419999999999998,258848.47542857146,-0.8999999999999999,0.0,1.0,0.2776268807031599,16.77,0.0,106.549446,-112.16889,-173.31627,0.6,0.0,0.5
0.312914933833332,0.04347246129167744,0.5044283950261408,23.939999999999998,352321.53599999996,-0.8999999999999999,0.0,1.0,0.29288613544115805,16.775,0.0,106.549446,-112.16889,-173.31627,0.6,0.0,0.5
0.3254927156060364,0.048291044527829036,0.5041470588931679,26.459999999999997,352321.53599999996,-0.8999999999999999,0.0,1.0,0.41496017334514335,16.78,0.0,62.184597,-53.492947,-66.85641,0.6,0.0,0.5
0.33473676877477876,0.03365967138789187,0.5043595049115429,28.98,320292.3054545458,-0.8999999999999999,0.0,1.0,0.4302194280831415,16.785,0.0,62.184597,-53.492947,-66.85641,0.6,0.0,0.5
0.3465801807793106,0.05386320378302013,0.5038166090108127,31.86,377487.35999999987,-0.8999999999999999,0.0,1.0,0.5980712302011213,16.79,0.0,62.184597,-53.492947,-66.85641,0.6,0.0,0.5
0.35621722334316264,0.03598959407252867,0.5041667213820388,34.56,365310.3483870972,-0.8999999999999999,0.0,1.0,0.20133060701316907,16.795,0.0,62.184597,-53.492947,-66.85641,0.6,0.0,0.5
0.364729626681706,0.02079726576736289,0.5037251858207975,37.44,66.6034180607169,-0.8999999999999999,0.0,1.0,0.033478804895189285,16.8,0.0,14.424386,77.93243,31.398594,0.6,0.6,0.5
0.3740717846948102,0.026873867434587945,0.503375515765447,40.32,185839.93107692324,-0.8999999999999999,0.0,1.0,0.09451582384718193,16.805,0.0,14.424386,77.93243,31.398594,0.6,0.6,0.5
0.38256689017147794,0.019582418687770237,0.5032579654532998,43.199999999999996,377487.3599999994,-0.8999999999999999,0.0,1.0,0.5065157017731323,16.81,0.0,14.424386,77.93243,31.398594,0.6,0.6,0.5
0.3891523245246443,0.0008741162217877093,0.5033823083194784,46.08,402653.18400000036,-0.8999999999999999,0.0,1.0,0.2318491164891654,16.815,0.0,14.424386,77.93243,31.398594,0.6,0.6,0.5
0.3957971109503188,-0.0010581379057388429,0.5032859715666052,48.96,416537.7765517245,-0.8999999999999999,0.0,1.0,0.15555284279917458,16.82,0.0,8.368889,-14.8861885,69.80916,0.6,0.0,0.5
0.40238543290469914,-0.014995028217083152,0.5033248916712363,51.839999999999996,345131.30057142803,-0.8999999999999999,0.0,1.0,0.12503433332317826,16.825,0.0,8.368889,-14.8861885,69.80916,0.6,0.0,0.5
0.4082080597185667,-0.013894275734168663,0.5030969305818771,54.72,377487.36000000034,-0.8999999999999999,0.0,1.0,0.3997009186071452,16.830000000000002,0.0,8.368889,-14.8861885,69.80916,0.6,0.0,0.5
0.41440948477011785,-0.001319076482077957,0.5026146885486312,57.419999999999995,365310.3483870962,-0.8999999999999999,0.0,1.0,0.24710837122716356,16.835,0.0,8.368889,-14.8861885,69.80916,0.6,0.0,0.5
0.41961958883451966,0.011670112246167747,0.5028699491348585,60.12,365310.3483870972,-0.8999999999999999,0.0,1.0,0.44547868282113967,16.84,0.0,97.78512,-123.01948,-42.76542,0.6,0.0,0.5
0.42454235169573085,0.020932448833909455,0.5027486229945843,62.82,65.962773033865,-0.8999999999999999,0.0,1.0,-0.25644703512683087,16.845,0.0,97.78512,-123.01948,-42.76542,0.6,0.0,0.5
0.42880974342341055,0.03084330547181553,0.5030547750915564,65.34,188743.68000000023,-0.8999999999999999,0.0,1.0,0.20133060701316907,16.85,0.0,97.78512,-123.01948,-42.76542,0.6,0.0,0.5
0.4340115179256,0.041335617410880855,0.5025558572817261,67.67999999999999,88420.4627027023,-0.8999999999999999,0.0,1.0,0.15555284279917458,16.855,0.0,97.78512,-123.01948,-42.76542,0.6,0.0,0.5
0.4377648766530978,0.06975873817592299,0.5025112894523365,69.84,232299.91384615502,-0.8999999999999999,0.0,1.0,0.33866389965515253,16.86,0.0,-22.11172,110.95824,-12.998386,0.0,0.6,0.5
0.4409407703415579,0.07991034243261035,0.5024116053350172,71.82,267894.2554838696,-0.8999999999999999,0.0,1.0,0.06399731437118561,16.865000000000002,0.0,-22.11172,110.95824,-12.998386,0.0,0.6,0.5
0.4428370684957413,0.07701395845704677,0.5024615184579811,73.8,267894.2554838715,-0.72,24354.023225806442,1.0,0.3081453901791562,16.87,0.0,-22.11172,110.95824,-12.998386,0.0,0.6,0.5
0.4444240458691807,0.08844353443446838,0.5023146961472327,75.24,183024.17454545427,-0.72,0.0,1.0,0.07925656910918377,16.875,0.0,-22.11172,110.95824,-12.998386,0.0,0.6,0.5
0.4462303011845974,0.09056719716830564,0.5020487859607258,76.67999999999999,194832.1858064513,-0.72,0.0,1.0,0.4302194280831415,16.88,0.0,-19.09994,-131.02759,-55.18009,0.0,0.0,0.5
0.44841555726544796,0.09600953231279928,0.5020877714929166,77.58,20.31806834635002,-0.72,0.0,1.0,0.29288613544115805,16.885,0.0,-19.09994,-131.02759,-55.18009,0.0,0.0,0.5
0.4501738801159032,0.10037228794068284,0.5023817041054759,78.3,45756.04363636357,-0.72,0.0,1.0,0.3539231543931507,16.89,0.0,-19.09994,-131.02759,-55.18009,0.0,0.0,0.5
0.45085505357056455,0.07708936920297182,0.5024797251443972,78.84,70778.88000000082,-0.72,0.0,1.0,0.1097750785851801,16.895,0.0,-19.09994,-131.02759,-55.18009,0.0,0.0,0.5
0.4503080670613519,0.09175461162463022,0.5019429951564433,78.84,0.0,-0.72,0.0,1.0,0.20133060701316907,16.9,0.0,14.187908,81.80762,-2.5167785,0.6,0.6,0.5
0.44964251588421167,0.09408719094874333,0.5019002496735043,78.84,0.0,-0.72,0.0,1.0,0.033478804895189285,16.905,0.0,14.187908,81.80762,-2.5167785,0.6,0.6,0.5
0.44876531095012695,0.09047986532411752,0.5019100044680999,78.48,-52067.222068965435,-0.72,0.0,1.0,0.09451582384718193,16.91,0.0,14.187908,81.80762,-2.5167785,0.6,0.6,0.5
0.4463351235677715,0.08888340396162384,0.5019389639847016,77.75999999999999,-52067.22206896646,-0.72,0.0,1.0,0.12503433332317826,16.915,0.0,14.187908,81.80762,-2.5167785,0.6,0.6,0.5
0.4420632436535136,0.10260479683565907,0.5019335301852252,76.86,-117964.79999999888,-0.72,0.0,1.0,0.2318491164891654,16.92,0.0,-44.73514,94.877266,119.84601,0.0,0.6,0.5
0.42973198552257486,0.10776269343072181,0.50155231855964,75.78,-146124.13935483847,-0.72,0.0,1.0,-0.07333597827079785,16.925,0.0,-44.73514,94.877266,119.84601,0.0,0.6,0.5
0.4083654710006976,0.10965305431123687,0.501263947458928,74.7,-24.420194074265712,-0.72,0.0,1.0,0.384441663869147,16.93,0.0,-44.73514,94.877266,119.84601,0.0,0.6,0.5
0.3813215231228178,0.12379847683225864,0.5009695552962943,73.25999999999999,-105961.3642105272,-0.72,0.0,1.0,0.00296029541919296,16.935,0.0,-44.73514,94.877266,119.84601,0.0,0.6,0.5
0.3540883610482549,0.1236486293256088,0.500396455164259,71.82,-183024.17454545427,-0.72,0.0,1.0,0.07925656910918377,16.94,0.0,-111.10887,121.02218,144.92336,0.0,0.6,0.5
0.3337014603914361,0.12254939954125786,0.5003272543801206,70.38,-215707.0628571425,-0.8999999999999999,-26963.38285714285,1.0,0.33866389965515253,16.945,0.0,-111.10887,121.02218,144.92336,0.0,0.6,0.5
0.32492405790826284,0.11982047968807,0.5001913665261393,68.75999999999999,-242670.44571428638,-0.72,26963.38285714285,1.0,0.24710837122716356,16.95,0.0,-111.10887,121.02218,144.92336,0.0,0.6,0.5
0.3203307399264478,0.13692276430361017,0.5000017401396525,66.96,-71224.03018867913,-0.72,0.0,1.0,0.12503433332317826,16.955000000000002,0.0,-111.10887,121.02218,144.92336,0.0,0.6,0.5
0.31646689422145097,0.15342006026518332,0.5000150270620263,65.16,-235929.59999999963,-0.8999999999999999,-23592.959999999992,1.0,0.3539231543931507,16.96,0.0,-92.82919,79.14462,92.24405,0.0,0.6,0.5
0.3141161785545603,0.15850942218038488,0.499720143739109,63.18,-267894.25548387057,-0.8999999999999999,0.0,1.0,0.1097750785851801,16.965,0.0,-92.82919,79.14462,92.24405,0.0,0.6,0.5
0.3113358927840363,0.18212909916748202,0.4996264404619309,61.199999999999996,-296597.211428572,-0.8999999999999999,0.0,1.0,0.07925656910918377,16.97,0.0,-92.82919,79.14462,92.24405,0.0,0.6,0.5
0.3069951216465225,0.1992079917259013,0.4997009178049578,59.04,-52.4846864717059,-0.8999999999999999,0.0,1.0,0.384441663869147,16.975,0.0,-92.82919,79.14462,92.24405,0.0,0.6,0.5
0.2969640871324513,0.22425548138158918,0.49959855738941616,56.879999999999995,-122428.33297297318,-0.8999999999999999,0.0,1.0,0.5522934659871268,16.98,0.0,-76.756454,106.30662,130.26938,0.0,0.6,0.5
0.28165468034332813,0.2403336325223439,0.4996505585098818,54.72,-266461.6658823525,-0.8999999999999999,0.0,1.0,0.2776268807031599,16.985,0.0,-76.756454,106.30662,130.26938,0.0,0.6,0.5
0.2619429415126224,0.2556178624590061,0.499961172790792,52.379999999999995,-306708.48000000045,-0.8999999999999999,0.0,1.0,0.3539231543931507,16.990000000000002,0.0,-76.756454,106.30662,130.26938,0.0,0.6,0.5
0.2406384218549042,0.26318752735890416,0.5001590173317696,49.86,-320292.30545454496,-0.8999999999999999,0.0,1.0,0.3539231543931507,16.995,0.0,-76.756454,106.30662,130.26938,0.0,0.6,0.5
0.21757474262994353,0.27831157856957395,0.5004256205326152,47.339999999999996,-330301.4400000004,-0.8999999999999999,0.0,1.0,0.44547868282113967,17.0,0.0,-69.90938,113.29877,125.20125,0.0,0.6,0.5
0.19575897365384756,0.2940684674500624,0.500307091064373,44.82,-330301.4399999995,-0.8999999999999999,0.0,1.0,0.15555284279917458,17.005,0.0,-69.90938,113.29877,125.20125,0.0,0.6,0.5
0.1744073408073421,0.30620515274068705,0.5002532853272085,42.12,-365310.3483870972,-0.8999999999999999,0.0,1.0,0.21658986175116723,17.01,0.0,-69.90938,113.29877,125.20125,0.0,0.6,0.5
0.15557181723968988,0.32995366258404624,0.49986463089062066,39.24,-66.95857918893141,-0.8999999999999999,0.0,1.0,-0.05807672353279969,17.015,0.0,-69.90938,113.29877,125.20125,0.0,0.6,0.5
0.13631339811673981,0.34533650755120326,0.5000681843521971,36.36,-219629.00945454565,-0.8999999999999999,0.0,1.0,0.2776268807031599,17.02,0.0,-118.403564,-108.51582,156.9151,0.0,0.0,0.5
0.1255021413538224,0.3501765255924223,0.5003908564498045,33.48,-366048.3490909094,-0.8999999999999999,0.0,1.0,0.24710837122716356,17.025,0.0,-118.403564,-108.51582,156.9151,0.0,0.0,0.5
0.11412435106458406,0.35772873374358877,0.5005211460330896,30.419999999999998,-442571.3875862067,-0.8999999999999999,0.0,1.0,0.00296029541919296,17.03,0.0,-118.403564,-108.51582,156.9151,0.0,0.0,0.5
0.09083990934068294,0.370017357896513,0.5005635085986265,27.54,-111848.10666666663,-0.8999999999999999,0.0,1.0,0.21658986175116723,17.035,0.0,-118.403564,-108.51582,156.9151,0.0,0.0,0.5
0.08327566118862341,0.3747691050554067,0.5006686908165674,24.3,-411804.3927272725,-0.8999999999999999,0.0,1.0,0.17081209753717275,17.04,0.0,-89.585144,-50.39103,-74.91219,0.0,0.0,0.5
0.06700110738114809,0.3728693656146984,0.5005724400817312,21.06,-411804.392727273,-0.8999999999999999,0.0,1.0,0.17081209753717275,17.045,0.0,-89.585144,-50.39103,-74.91219,0.0,0.0,0.5
0.05573295951320509,0.3878496797532165,0.5005314707954316,17.82,-424673.2799999998,-0.8999999999999999,0.0,1.0,0.3997009186071452,17.05,0.0,-89.585144,-50.39103,-74.91219,0.0,0.0,0.5
0.04136954201486752,0.39634873044047736,0.5005490571551117,14.58,-438372.41806451615,-0.8999999999999999,0.0,1.0,0.2318491164891654,17.055,0.0,-89.585144,-50.39103,-74.91219,0.0,0.0,0.5
0.03681632105235316,0.39289073876275254,0.5002749939570681,11.16,-81.10709480433566,-0.8999999999999999,0.0,1.0,0.09451582384718193,17.06,0.0,38.844868,-117.17208,123.517296,0.6,0.0,0.5
0.035736868810885704,0.3880437990436484,0.5002026479897781,7.739999999999999,-247319.30482758625,-0.8999999999999999,0.0,1.0,0.09451582384718193,17.065,0.0,38.844868,-117.17208,123.517296,0.6,0.0,0.5
0.029326647419137295,0.3916597402598743,0.4997194387500685,4.32,-434682.41454545443,1.98,366048.34909090906,1.0,8.731254005554366,17.07,0.0,38.844868,-117.17208,123.517296,0.6,0.0,0.5
0.033698373735628145,0.38774374624084246,0.501375021639916,1.7999999999999998,-320292.30545454554,6.12,526194.501818182,1.0,10.180883205664244,17.075,0.0,38.844868,-117.17208,123.517296,0.6,0.0,0.5
0.030890724175396584,0.38826955127679313,0.5040738264631496,0.54,-182235.27724137928,7.199999999999999,156201.66620689642,1.0,-1.6602984710226618,17.080000000000002,20.0,24.402308,47.209766,21.420902,0.6,0.6,0.5
0.015261193748543237,0.38761030291313264,0.505383964155363,0.18,-47185.920000000006,7.02,-23592.959999999963,1.0,-0.027558214056803365,17.085,20.0,24.402308,47.209766,21.420902,0.6,0.6,0.5
0.010819193078766717,0.3642632159491882,0.5072374024190706,1.08,121770.11612903228,5.9399999999999995,-146124.13935483873,1.0,0.9948118533890735,17.09,20.0,24.402308,47.209766,21.420902,0.6,0.6,0.5
-0.00024453052168764964,0.34310722544037264,0.5065070322089796,2.52,188743.68,2.88,-401080.31999999995,1.0,4.260292367320792,17.095,20.0,24.402308,47.209766,21.420902,0.6,0.6,0.5
-0.006259771638750261,0.30848597469485184,0.5040937854760587,4.68,49.19764234397145,0.0,-65.59685645862861,1.0,3.4515518662068345,17.1,8.522881865501404,142.89194,-109.712395,134.23589,0.6,0.0,0.5
-0.008497635466431397,0.2872520017467131,0.5024485910261276,5.58,39735.511578947386,-0.72,-31788.409263157893,1.0,-0.6074098941007886,17.105,8.522881865501404,142.89194,-109.712395,134.23589,0.6,0.0,0.5
0.008001526789931965,0.25692492959793667,0.5001622133894346,6.66,107853.53142857144,0.18,89877.94285714284,1.0,-1.3245948667867022,17.11,8.522881865501404,142.89194,-109.712395,134.23589,0.6,0.0,0.5
0.01439464889571959,0.23734480146770792,0.49876839494577613,7.739999999999999,31240.333241379285,-0.36,-15620.166620689657,1.0,-0.5768913846247923,17.115000000000002,8.522881865501404,142.89194,-109.712395,134.23589,0.6,0.0,0.5
0.023594767056842117,0.21032318247023704,0.4988479668996151,8.64,111025.69411764722,-0.8999999999999999,-66615.41647058823,1.0,-0.30222479934082536,17.12,0.0,90.966774,-95.57106,88.06372,0.6,0.0,0.5
0.04741546855184081,0.20345974167803377,0.49832660790362865,9.719999999999999,125829.1199999998,-0.8999999999999999,0.0,1.0,-0.363261818292818,17.125,0.0,90.966774,-95.57106,88.06372,0.6,0.0,0.5
0.06618879117541901,0.19420148494848669,0.49760778761852215,10.44,86282.82514285723,-0.72,21570.706285714277,1.0,0.7048860133671084,17.13,0.0,90.966774,-95.57106,88.06372,0.6,0.0,0.5
0.08338361276716028,0.19330840349556713,0.4975745916902184,11.16,94371.84000000008,-0.72,0.0,1.0,0.7354045228431048,17.135,0.0,90.966774,-95.57106,88.06372,0.6,0.0,0.5
0.10698191002962991,0.18499889886758789,0.49752858216026463,11.879999999999999,97416.09290322565,-0.72,0.0,1.0,0.17081209753717275,17.14,0.0,35.167484,31.890446,13.018449,0.6,0.6,0.5
0.1297680669870794,0.18395693626804446,0.4975492700676316,12.6,17.464037797607016,-0.72,0.0,1.0,0.2623676259651617,17.145,0.0,35.167484,31.890446,13.018449,0.6,0.6,0.5
0.14072169376484558,0.1955853054263771,0.4974608329739499,13.32,10342.119452054803,-0.72,0.0,1.0,0.00296029541919296,17.150000000000002,0.0,35.167484,31.890446,13.018449,0.6,0.6,0.5
0.16005094767455344,0.19675049597549435,0.4971430595220728,14.04,61630.589387755004,-0.72,0.0,1.0,0.475997192297136,17.155,0.0,35.167484,31.890446,13.018449,0.6,0.6,0.5
0.180890568430248,0.1898523763535545,0.49701187061530266,14.94,107853.53142857147,-0.8999999999999999,-21570.706285714277,1.0,0.2776268807031599,17.16,0.0,-46.846035,-51.294617,17.798927,0.0,0.0,0.5
0.19645430224341995,0.1974242631735042,0.4970208661039777,15.66,100663.29600000009,-0.8999999999999999,0.0,1.0,0.475997192297136,17.165,0.0,-46.846035,-51.294617,17.798927,0.0,0.0,0.5
0.21180303159061162,0.18971115782455075,0.4971123903504668,16.56,65084.027586206794,-0.8999999999999999,0.0,1.0,0.2623676259651617,17.17,0.0,-46.846035,-51.294617,17.798927,0.0,0.0,0.5
0.23085330189779812,0.17140514321045552,0.4973608244377718,17.46,104857.60000000025,-0.8999999999999999,0.0,1.0,0.3081453901791562,17.175,0.0,-46.846035,-51.294617,17.798927,0.0,0.0,0.5
0.24544339376227445,0.15275272095739428,0.4976086659631271,18.36,121770.11612903206,-0.8999999999999999,0.0,1.0,-0.012298959318805203,17.18,0.0,103.29036,-113.65802,-141.30151,0.6,0.0,0.5
0.2591286455310481,0.14902392543443657,0.49797922423900143,19.439999999999998,24.787402981154337,-0.8999999999999999,0.0,1.0,0.36918240913114886,17.185,0.0,103.29036,-113.65802,-141.30151,0.6,0.0,0.5
0.27556931582290506,0.14194194904909552,0.4981586785255023,20.7,68634.06545454553,-0.8999999999999999,0.0,1.0,-0.04281746879480153,17.19,0.0,103.29036,-113.65802,-141.30151,0.6,0.0,0.5
0.28976130838385744,0.14373812346427545,0.4980624563100088,21.96,135508.28307692325,-0.8999999999999999,0.0,1.0,0.2623676259651617,17.195,0.0,103.29036,-113.65802,-141.30151,0.6,0.0,0.5
0.29489710846211614,0.14896719340774772,0.49821717633945206,23.22,150994.94399999976,-0.8999999999999999,0.0,1.0,-0.07333597827079785,17.2,0.0,-68.31533,78.13324,99.37127,0.0,0.6,0.5
0.2954414531875995,0.14546290124222594,0.49825303066756593,24.66,183024.1745454547,-0.8999999999999999,0.0,1.0,0.033478804895189285,17.205000000000002,0.0,-68.31533,78.13324,99.37127,0.0,0.6,0.5
0.2957242148271187,0.14742271682686917,0.498230114488022,26.279999999999998,53502.14551181094,-0.8999999999999999,0.0,1.0,0.15555284279917458,17.21,0.0,-68.31533,78.13324,99.37127,0.0,0.6,0.5
0.2943489313971943,0.14307547982166396,0.49836091771484176,27.72,158942.0463157896,-0.8999999999999999,0.0,1.0,0.17081209753717275,17.215,0.0,-68.31533,78.13324,99.37127,0.0,0.6,0.5
0.2935480611776299,0.13478165788744464,0.49852088070995754,29.16,188743.68000000017,-0.8999999999999999,0.0,1.0,0.07925656910918377,17.22,0.0,75.26287,-79.930595,-95.55405,0.6,0.0,0.5
0.2921963168561499,0.13448381934400214,0.49856163536374404,30.599999999999998,92919.96553846139,-0.72,11614.995692307688,1.0,0.384441663869147,17.225,0.0,75.26287,-79.930595,-95.55405,0.6,0.0,0.5
0.2920680936125094,0.13993451273609547,0.49867600866361167,32.04,35.262302868952986,-0.72,0.0,1.0,0.033478804895189285,17.23,0.0,75.26287,-79.930595,-95.55405,0.6,0.0,0.5
0.30034059678841857,0.141554074610235,0.498835678807633,33.48,95869.80571428557,-0.8999999999999999,-11983.72571428571,1.0,0.1860713522751709,17.235,0.0,75.26287,-79.930595,-95.55405,0.6,0.0,0.5
0.31324766907846735,0.1482283690811595,0.4990944266785423,34.92,172565.65028571486,-0.72,21570.706285714277,1.0,-0.14963225196078866,17.240000000000002,0.0,-99.192955,44.01795,-10.987081,0.0,0.6,0.5
0.3233871827970874,0.14278147004937072,0.4990855680826569,36.18,170478.1625806449,-0.72,0.0,1.0,0.07925656910918377,17.245,0.0,-99.192955,44.01795,-10.987081,0.0,0.6,0.5
0.32544792764584324,0.13567924850257343,0.4992042995410503,37.62,188743.6799999997,-0.72,0.0,1.0,0.033478804895189285,17.25,0.0,-99.192955,44.01795,-10.987081,0.0,0.6,0.5
0.3257450466552088,0.14037347537162206,0.4992924411412409,38.879999999999995,160146.15272727248,-0.72,0.0,1.0,0.2623676259651617,17.255,0.0,-99.192955,44.01795,-10.987081,0.0,0.6,0.5
0.3260290666342864,0.15913573317615962,0.4990067677599877,39.96,133230.83294117713,-0.72,0.0,1.0,0.12503433332317826,17.26,0.0,-74.70479,92.71818,118.23847,0.0,0.6,0.5
0.3260547543671462,0.16887930919763497,0.4989976175193029,41.22,182235.27724137902,-0.72,0.0,1.0,0.2318491164891654,17.265,0.0,-74.70479,92.71818,118.23847,0.0,0.6,0.5
0.3263607679266426,0.17703289945437625,0.4987164079420679,42.3,24.339890386227314,-0.72,0.0,1.0,-0.012298959318805203,17.27,0.0,-74.70479,92.71818,118.23847,0.0,0.6,0.5
0.3258247371524202,0.1870905028634528,0.4985173774345039,43.379999999999995,79471.02315789461,-0.72,0.0,1.0,0.44547868282113967,17.275000000000002,0.0,-74.70479,92.71818,118.23847,0.0,0.6,0.5
0.324577430031153,0.17997774468615912,0.4984657078016908,44.28,117964.80000000075,-0.72,0.0,1.0,0.00296029541919296,17.28,0.0,-49.62536,65.51309,21.105518,0.0,0.6,0.5
0.3229287910378912,0.18193187804956132,0.4985638985324477,45.0,107853.53142857125,-0.72,0.0,1.0,0.49125644703513416,17.285,0.0,-49.62536,65.51309,21.105518,0.0,0.6,0.5
0.32237005868327195,0.2045596603337208,0.498350899227713,45.72,104134.44413793087,-0.72,0.0,1.0,0.2318491164891654,17.29,0.0,-49.62536,65.51309,21.105518,0.0,0.6,0.5
0.32099665690955603,0.21066145673460016,0.4983282785932518,46.44,104134.44413793087,-0.72,0.0,1.0,0.4302194280831415,17.295,0.0,-49.62536,65.51309,21.105518,0.0,0.6,0.5
0.3191273880690209,0.21855288504294684,0.49851072198790497,46.98,73062.06967741923,-0.72,0.0,1.0,0.15555284279917458,17.3,0.0,-89.63043,94.25979,118.77745,0.0,0.6,0.5
0.31549828535591207,0.2413878273002588,0.49840221256319606,47.339999999999996,48708.04645161283,-0.72,0.0,1.0,0.32340464491715437,17.305,0.0,-89.63043,94.25979,118.77745,0.0,0.6,0.5
0.30345159797743754,0.25554846499027295,0.49883256310131846,47.699999999999996,50331.64799999992,-0.72,0.0,1.0,0.04873805963318745,17.31,0.0,-89.63043,94.25979,118.77745,0.0,0.6,0.5
0.28579333082726843,0.27067391784689,0.4989147089896771,47.879999999999995,4.1717072523829195,-0.72,0.0,1.0,0.384441663869147,17.315,0.0,-89.63043,94.25979,118.77745,0.0,0.6,0.5
0.2639662220726031,0.2764540303934727,0.49892167352019523,47.879999999999995,0.0,-0.72,0.0,1.0,0.2318491164891654,17.32,0.0,41.88947,37.85252,4.6802382,0.6,0.6,0.5
0.24077248715148172,0.29633314592784005,0.49895507919714144,47.699999999999996,-5592.405333333324,-0.72,0.0,1.0,0.41496017334514335,17.325,0.0,41.88947,37.85252,4.6802382,0.6,0.6,0.5
0.2164678568576012,0.3101630616400259,0.4992262003741672,47.519999999999996,-6452.775384615375,-0.72,0.0,1.0,0.09451582384718193,17.330000000000002,0.0,41.88947,37.85252,4.6802382,0.6,0.6,0.5
0.1934429354333766,0.3179358432855501,0.49918501141466565,46.98,-61214.16648648639,-0.72,0.0,1.0,0.24710837122716356,17.335,0.0,41.88947,37.85252,4.6802382,0.6,0.6,0.5
0.17203758955472997,0.34244692403161403,0.4991210431503093,46.44,-73062.06967741923,-0.72,0.0,1.0,0.15555284279917458,17.34,8.522881865501404,102.43638,90.347725,-118.695526,0.6,0.6,0.5
0.15203907437318048,0.3521691949017357,0.4989554033159243,45.54,-111025.69411764688,-0.72,0.0,1.0,0.2623676259651617,17.345,8.522881865501404,102.43638,90.347725,-118.695526,0.6,0.6,0.5
0.13488276429100113,0.36093072303653767,0.4989074916501488,44.46,-146124.13935483847,-0.72,0.0,1.0,-0.012298959318805203,17.35,8.522881865501404,102.43638,90.347725,-118.695526,0.6,0.6,0.5
0.11908210316391782,0.386723622268026,0.49880192360981807,43.379999999999995,-150994.94400000075,-0.72,0.0,1.0,0.2776268807031599,17.355,8.522881865501404,102.43638,90.347725,-118.695526,0.6,0.6,0.5
0.11574454867348179,0.3950509653139256,0.49875915902077284,41.94,-34.27477348950436,-0.72,0.0,1.0,0.06399731437118561,17.36,20.0,87.97125,-80.79276,-154.62413,0.6,0.0,0.5
0.11073259809758215,0.4098618699331901,0.4988233857024457,40.14,-79471.02315789461,-0.72,0.0,1.0,0.2776268807031599,17.365000000000002,20.0,87.97125,-80.79276,-154.62413,0.6,0.0,0.5
0.10607908218542936,0.41128996402925583,0.49887746054795873,38.339999999999996,-184140.17560975652,-0.72,0.0,1.0,0.20133060701316907,17.37,20.0,87.97125,-80.79276,-154.62413,0.6,0.0,0.5
0.11447731357562192,0.4144510598326875,0.4986871470248915,36.36,-60179.14434782599,-0.72,0.0,1.0,0.29288613544115805,17.375,20.0,87.97125,-80.79276,-154.62413,0.6,0.0,0.5
0.13016808404204674,0.4210784573200848,0.49856034040433783,34.199999999999996,-258848.47542857187,-0.72,0.0,1.0,-0.012298959318805203,17.38,20.0,67.77171,-52.94755,-77.89635,0.6,0.0,0.5
0.15028532758306207,0.42732412580100876,0.4983587487486601,31.68,-293601.27999999956,-0.72,0.0,1.0,0.44547868282113967,17.385,20.0,67.77171,-52.94755,-77.89635,0.6,0.0,0.5
0.16750962072300005,0.43858178297648664,0.498276211792195,29.16,-310871.9435294117,-0.72,0.0,1.0,0.24710837122716356,17.39,20.0,67.77171,-52.94755,-77.89635,0.6,0.0,0.5
0.18586743007933937,0.43345418954725745,0.49830096006373914,26.64,-176160.76799999998,-0.72,0.0,1.0,0.2623676259651617,17.395,20.0,67.77171,-52.94755,-77.89635,0.6,0.0,0.5
0.20567324766965614,0.4371640353809685,0.4983851032277797,24.119999999999997,-57.44060692353683,-0.72,0.0,1.0,-0.07333597827079785,17.400000000000002,0.0,-112.61628,-100.291145,153.42754,0.0,0.0,0.5
0.22110062922974902,0.4213810660987526,0.4983869893092472,21.599999999999998,-130489.45777777776,-0.8999999999999999,-9320.675555555552,1.0,0.29288613544115805,17.405,0.0,-112.61628,-100.291145,153.42754,0.0,0.0,0.5
0.23777643922906602,0.42036538154388914,0.4986421696128806,19.08,-293601.27999999997,-0.8999999999999999,0.0,1.0,-0.08859523300879601,17.41,0.0,-112.61628,-100.291145,153.42754,0.0,0.0,0.5
0.25637096775033913,0.42429030037118554,0.49854623248122304,16.74,-316602.3019354839,-0.8999999999999999,0.0,1.0,0.2776268807031599,17.415,0.0,-112.61628,-100.291145,153.42754,0.0,0.0,0.5
0.2711171660920316,0.41509112830190026,0.4981500206575542,14.76,-276824.06399999984,-0.8999999999999999,0.0,1.0,0.04873805963318745,17.42,0.0,36.406956,-124.39999,-72.53683,0.6,0.0,0.5
0.28494256616773095,0.40196881407272134,0.49802424507611187,13.139999999999999,-199846.24941176482,-0.8999999999999999,0.0,1.0,0.17081209753717275,17.425,0.0,36.406956,-124.39999,-72.53683,0.6,0.0,0.5
0.30108024172541875,0.38233325167300514,0.49814703081686157,11.7,-177641.11058823523,-0.8999999999999999,0.0,1.0,0.17081209753717275,17.43,0.0,36.406956,-124.39999,-72.53683,0.6,0.0,0.5
0.31263693216472105,0.35062108960716976,0.4978507267744895,10.62,-137268.13090909092,-0.8999999999999999,0.0,1.0,0.2776268807031599,17.435,0.0,36.406956,-124.39999,-72.53683,0.6,0.0,0.5
0.31708227479222967,0.3197434294739355,0.4977478820161775,10.08,-16412.493913043454,-0.8999999999999999,0.0,1.0,-0.14963225196078866,17.44,8.522881865501404,-1.0764123,-121.58109,-140.15265,0.0,0.0,0.5
0.3194987576369243,0.29361853988021464,0.4978632411997047,10.08,0.0,-0.8999999999999999,0.0,1.0,0.36918240913114886,17.445,8.522881865501404,-1.0764123,-121.58109,-140.15265,0.0,0.0,0.5
0.32116150524052844,0.27169685438555896,0.4977473246392552,10.26,3756.0931343283523,-0.8999999999999999,0.0,1.0,0.17081209753717275,17.45,8.522881865501404,-1.0764123,-121.58109,-140.15265,0.0,0.0,0.5
0.32177015082059257,0.24716560760277112,0.497385191349086,10.98,65649.97565217398,-0.8999999999999999,0.0,1.0,0.2623676259651617,17.455000000000002,8.522881865501404,-1.0764123,-121.58109,-140.15265,0.0,0.0,0.5
0.3213221415809894,0.22666096699198332,0.4972480040250485,11.879999999999999,107853.53142857125,-0.8999999999999999,0.0,1.0,-0.027558214056803365,17.46,20.0,93.46626,-119.906685,-116.76341,0.6,0.0,0.5
0.3197995397185945,0.209741446627863,0.4968882058832006,13.139999999999999,170478.16258064512,-0.8999999999999999,0.0,1.0,0.2623676259651617,17.465,20.0,93.46626,-119.906685,-116.76341,0.6,0.0,0.5
0.3181331553129588,0.1864634682664745,0.4970335011427905,14.58,167772.16000000015,-0.8999999999999999,0.0,1.0,-0.08859523300879601,17.47,20.0,93.46626,-119.906685,-116.76341,0.6,0.0,0.5
0.3190407046248208,0.15886612986887308,0.49693473432864427,16.38,215707.06285714274,-0.8999999999999999,0.0,1.0,0.20133060701316907,17.475,20.0,93.46626,-119.906685,-116.76341,0.6,0.0,0.5
0.32271982373110214,0.12944454883717815,0.49701106270229256,18.36,276824.0640000001,-0.8999999999999999,0.0,1.0,-0.14963225196078866,17.48,8.522881865501404,41.08949,23.69987,81.87763,0.6,0.6,0.5
0.3236034994355205,0.11634864561607008,0.4971831778208202,20.52,48.56678499632789,-0.8999999999999999,0.0,1.0,0.4302194280831415,17.485,8.522881865501404,41.08949,23.69987,81.87763,0.6,0.6,0.5
0.32093758632821207,0.10863491816177204,0.49684891039150036,22.68,129424.23771428573,-0.8999999999999999,0.0,1.0,0.2318491164891654,17.490000000000002,8.522881865501404,41.08949,23.69987,81.87763,0.6,0.6,0.5
0.3180758985456235,0.09950302043788177,0.4966526763131175,25.02,280419.1817142857,-0.8999999999999999,0.0,1.0,0.20133060701316907,17.495,8.522881865501404,41.08949,23.69987,81.87763,0.6,0.6,0.5
0.31543884795569843,0.07699418817061676,0.496317567761576,27.36,306708.48,-0.8999999999999999,0.0,1.0,0.2318491164891654,17.5,0.0,-54.958134,-119.544846,-99.47365,0.0,0.0,0.5
0.31398485767043527,0.06644340161535539,0.495940175062462,29.7,338436.94344827585,-0.8999999999999999,0.0,1.0,0.2318491164891654,17.505,0.0,-54.958134,-119.544846,-99.47365,0.0,0.0,0.5
0.3147109492921766,0.049851028214113705,0.49557657250408244,32.04,84609.23586206896,-0.8999999999999999,0.0,1.0,0.06399731437118561,17.51,0.0,-54.958134,-119.544846,-99.47365,0.0,0.0,0.5
0.31660310286326043,0.04772253122393049,0.4955411696503328,34.379999999999995,306708.4799999995,-0.8999999999999999,0.0,1.0,0.49125644703513416,17.515,0.0,-54.958134,-119.544846,-99.47365,0.0,0.0,0.5
0.3228040709339919,0.06818536786739936,0.4952886283693367,36.72,316602.30193548434,-0.8999999999999999,0.0,1.0,0.21658986175116723,17.52,0.0,114.309616,-135.85583,-157.26015,0.6,0.0,0.5
0.336060896030755,0.06599243904026919,0.49538922831284776,38.879999999999995,292248.27870967693,-0.8999999999999999,0.0,1.0,0.3997009186071452,17.525000000000002,0.0,114.309616,-135.85583,-157.26015,0.6,0.0,0.5
0.3484826784099176,0.07569196839508316,0.4955011462986724,41.22,57.255446362421985,-0.8999999999999999,0.0,1.0,0.00296029541919296,17.53,0.0,114.309616,-135.85583,-157.26015,0.6,0.0,0.5
0.35488171471244173,0.07584503935770483,0.49568934341023735,43.379999999999995,71336.19401574793,-0.8999999999999999,0.0,1.0,0.32340464491715437,17.535,0.0,114.309616,-135.85583,-157.26015,0.6,0.0,0.5
0.35736336555410175,0.09374606650875209,0.49598383399424184,45.54,244856.66594594636,-0.8999999999999999,0.0,1.0,0.17081209753717275,17.54,0.0,76.33181,-89.088394,-73.758965,0.6,0.0,0.5
0.35852037212504045,0.10605924852960225,0.4959955951057485,47.699999999999996,283115.51999999955,-0.72,23592.959999999992,1.0,0.3539231543931507,17.545,0.0,76.33181,-89.088394,-73.758965,0.6,0.0,0.5
0.35778289664494417,0.12227811230018948,0.4961553834866023,49.68,286369.72137931094,-0.72,0.0,1.0,0.06399731437118561,17.55,0.0,76.33181,-89.088394,-73.758965,0.6,0.0,0.5
0.3558457080825441,0.1169046474645404,0.4963237786464152,51.66,237277.76914285676,-0.72,0.0,1.0,0.36918240913114886,17.555,0.0,76.33181,-89.088394,-73.758965,0.6,0.0,0.5
0.35438179059945163,0.11888952262622615,0.4963710764827443,53.46,222051.38823529464,-0.72,0.0,1.0,-0.07333597827079785,17.56,0.0,81.75629,-100.32551,-110.53396,0.6,0.0,0.5
0.35410298393208345,0.11362412382339739,0.49637357125632103,55.08,219186.20903225773,-0.72,0.0,1.0,0.29288613544115805,17.565,0.0,81.75629,-100.32551,-110.53396,0.6,0.0,0.5
0.35430261802328644,0.1095947964310297,0.4966398039093157,56.699999999999996,37.40131930071772,-0.72,0.0,1.0,0.33866389965515253,17.57,0.0,81.75629,-100.32551,-110.53396,0.6,0.0,0.5
0.3540356508718303,0.10249711089715736,0.49679583514004216,58.32,83886.08000000023,-0.72,0.0,1.0,0.44547868282113967,17.575,0.0,81.75629,-100.32551,-110.53396,0.6,0.0,0.5
0.3541726534401539,0.09735001236062739,0.49665547238665836,59.76,154866.60923076898,-0.72,0.0,1.0,0.17081209753717275,17.580000000000002,0.0,-116.410515,4.617811,-14.187584,0.0,0.6,0.5
0.356310248610665,0.0977334224131339,0.49704389531884063,61.019999999999996,165150.71999999974,-0.72,0.0,1.0,0.033478804895189285,17.585,0.0,-116.410515,4.617811,-14.187584,0.0,0.6,0.5
0.3615976931013548,0.08953912761376279,0.497524504909028,62.28,39438.977910447924,-0.72,0.0,1.0,0.3081453901791562,17.59,0.0,-116.410515,4.617811,-14.187584,0.0,0.6,0.5
0.3688536182257015,0.07149739076748593,0.4974821342588758,63.36,119206.53473684192,-0.72,0.0,1.0,0.2623676259651617,17.595,0.0,-116.410515,4.617811,-14.187584,0.0,0.6,0.5
0.3771532990034498,0.051304500240661424,0.4978651732260945,64.25999999999999,107853.53142857041,-0.72,0.0,1.0,0.04873805963318745,17.6,0.0,-120.06264,-18.215057,42.867413,0.0,0.0,0.5
0.38812890055042887,0.04126314917055862,0.4979859345815273,65.16,114390.10909090981,-0.72,0.0,1.0,0.3081453901791562,17.605,0.0,-120.06264,-18.215057,42.867413,0.0,0.0,0.5
0.3975567492569813,0.04411796062632058,0.4984371449898813,65.88,97416.09290322565,-0.72,0.0,1.0,0.09451582384718193,17.61,0.0,-120.06264,-18.215057,42.867413,0.0,0.0,0.5
0.40143793810219114,0.028326634428630135,0.498823662929071,66.6,17.131262083049666,-0.72,0.0,1.0,0.3539231543931507,17.615000000000002,0.0,-120.06264,-18.215057,42.867413,0.0,0.0,0.5
0.4030046848441564,0.03224646900898413,0.49905741412757093,67.14,27621.026341463734,-0.72,0.0,1.0,0.09451582384718193,17.62,0.0,-111.5339,101.302734,123.01906,0.0,0.6,0.5
0.40459038948024717,0.04976014681950634,0.4994698444729502,67.5,13245.17052631577,-0.72,0.0,1.0,0.2318491164891654,17.625,0.0,-111.5339,101.302734,123.01906,0.0,0.6,0.5
0.40399364556876394,0.07043270070957425,0.4994859229646177,67.86,43141.412571428504,-0.72,0.0,1.0,0.17081209753717275,17.63,0.0,-111.5339,101.302734,123.01906,0.0,0.6,0.5
0.40226130126535314,0.08246517113003625,0.49995661210540093,67.86,0.0,-0.72,0.0,1.0,0.1860713522751709,17.635,0.0,-111.5339,101.302734,123.01906,0.0,0.6,0.5
0.40048210687948754,0.10617629243126146,0.5001278917232997,67.86,0.0,-0.72,0.0,1.0,0.4302194280831415,17.64,0.0,-112.63202,130.09097,159.14642,0.0,0.6,0.5
0.3924171682130496,0.12243048309938179,0.5005089067197244,67.67999999999999,-23592.960000000894,-0.72,0.0,1.0,0.2623676259651617,17.645,0.0,-112.63202,130.09097,159.14642,0.0,0.6,0.5
0.3752687144943308,0.11537900457645663,0.5006907345147876,67.5,-13481.691428570875,-0.72,0.0,1.0,0.20133060701316907,17.650000000000002,0.0,-112.63202,130.09097,159.14642,0.0,0.6,0.5
0.35227104370883283,0.11930811504036179,0.5004733949871856,67.14,-8.310946819167544,-0.72,0.0,1.0,0.384441663869147,17.655,0.0,-112.63202,130.09097,159.14642,0.0,0.6,0.5
0.32495780456325063,0.12532253903543059,0.5008793853889905,66.6,-29414.59948051982,-0.72,0.0,1.0,0.07925656910918377,17.66,0.0,-105.5622,108.184044,131.3967,0.0,0.6,0.5
0.29738537874142956,0.12309153601063735,0.5008337911977455,66.06,-64712.118857141904,-0.72,0.0,1.0,0.15555284279917458,17.665,0.0,-105.5622,108.184044,131.3967,0.0,0.6,0.5
0.26950839587589975,0.1306575306542666,0.5008053789804949,65.52,-68634.06545454625,-0.72,0.0,1.0,0.15555284279917458,17.67,0.0,-105.5622,108.184044,131.3967,0.0,0.6,0.5
0.24276495825099842,0.1353558642445123,0.5009494946693253,64.62,-134816.91428571302,-0.72,0.0,1.0,0.36918240913114886,17.675,0.0,-105.5622,108.184044,131.3967,0.0,0.6,0.5
0.21662681169273387,0.15891506895439847,0.5012749290934344,63.9,-104134.4441379319,-0.72,0.0,1.0,-0.11911374248479234,17.68,0.0,-105.882126,-46.52226,7.1776133,0.0,0.0,0.5
0.19251921343473952,0.17740293615053404,0.5017005774862355,62.82,-125829.1199999998,-0.72,0.0,1.0,0.46073793755913783,17.685,0.0,-105.882126,-46.52226,7.1776133,0.0,0.0,0.5
0.170631523562308,0.1949979337169292,0.5015490201102633,61.739999999999995,-43556.233846154064,-0.72,0.0,1.0,0.1097750785851801,17.69,0.0,-105.882126,-46.52226,7.1776133,0.0,0.0,0.5
0.15068876343421686,0.20866393291099758,0.5017660953415273,60.48,-165150.71999999974,-0.72,0.0,1.0,0.12503433332317826,17.695,0.0,-105.882126,-46.52226,7.1776133,0.0,0.0,0.5
0.132577968090564,0.21982078228259522,0.5017026908108617,59.04,-35.004594564833056,-0.72,0.0,1.0,0.29288613544115805,17.7,8.522881865501404,66.82761,16.247746,-95.61178,0.6,0.6,0.5
0.11046816316010859,0.24093754862247194,0.501937347996335,57.599999999999994,-79471.023157895,-0.72,0.0,1.0,0.17081209753717275,17.705000000000002,8.522881865501404,66.82761,16.247746,-95.61178,0.6,0.6,0.5
0.09643347709237358,0.25035927905184174,0.5021842170931019,55.98,-174224.93538461512,-0.72,0.0,1.0,0.09451582384718193,17.71,8.522881865501404,66.82761,16.247746,-95.61178,0.6,0.6,0.5
0.09308643348207428,0.2653739488379004,0.5019825673512142,54.18,-228780.21818181782,-0.72,0.0,1.0,0.018219550157191122,17.715,8.522881865501404,66.82761,16.247746,-95.61178,0.6,0.6,0.5
0.07365838741222876,0.2771733438714604,0.5019170330533378,52.199999999999996,-251658.24000000051,-0.72,0.0,1.0,-0.05807672353279969,17.72,8.522881865501404,84.96542,84.04778,-1.2395464,0.6,0.6,0.5
0.07541662842020624,0.28745656884014575,0.5018124126734658,50.04,-266461.6658823525,-0.72,0.0,1.0,0.3997009186071452,17.725,8.522881865501404,84.96542,84.04778,-1.2395464,0.6,0.6,0.5
0.06549081745346169,0.2874905316965503,0.5021996282745426,47.879999999999995,-274536.2618181823,-0.72,0.0,1.0,0.2776268807031599,17.73,8.522881865501404,84.96542,84.04778,-1.2395464,0.6,0.6,0.5
0.05863984069567448,0.28204082492578014,0.5023790511479258,45.54,-316602.30193548335,-0.72,0.0,1.0,0.21658986175116723,17.735,8.522881865501404,84.96542,84.04778,-1.2395464,0.6,0.6,0.5
0.051335988899129825,0.2865403192584143,0.5024995246079778,43.199999999999996,-316602.30193548434,-0.72,0.0,1.0,0.3081453901791562,17.740000000000002,8.522881865501404,36.52732,-79.71248,-86.41831,0.6,0.0,0.5
0.04932866282792868,0.29095197053215216,0.502564662279478,40.86,-52.967815429450255,-0.72,0.0,1.0,0.33866389965515253,17.745,8.522881865501404,36.52732,-79.71248,-86.41831,0.6,0.0,0.5
0.05388018659338079,0.3028947540741898,0.5026460664918804,38.339999999999996,-140928.61440000017,-0.72,0.0,1.0,0.2776268807031599,17.75,8.522881865501404,36.52732,-79.71248,-86.41831,0.6,0.0,0.5
0.058513969766485895,0.3063048083181617,0.5026925463768437,35.82,-278148.58105263114,-0.72,0.0,1.0,0.17081209753717275,17.755,8.522881865501404,36.52732,-79.71248,-86.41831,0.6,0.0,0.5
0.08007531430344177,0.2996286853048997,0.5028600539315048,33.12,-343170.3272727276,-0.72,0.0,1.0,0.475997192297136,17.76,0.0,59.8493,-132.26723,-126.96816,0.6,0.0,0.5
0.10390959880869073,0.31094881411944675,0.5029591691785074,30.419999999999998,-377487.3599999999,-0.72,0.0,1.0,0.2318491164891654,17.765,0.0,59.8493,-132.26723,-126.96816,0.6,0.0,0.5
0.12234337362623426,0.3164723434011912,0.50276821150352,27.72,-353894.3999999999,-0.72,0.0,1.0,0.29288613544115805,17.77,0.0,59.8493,-132.26723,-126.96816,0.6,0.0,0.5
0.1364039230884412,0.3188668021673995,0.502845291005324,24.84,-377487.35999999987,-0.72,0.0,1.0,0.20133060701316907,17.775000000000002,0.0,59.8493,-132.26723,-126.96816,0.6,0.0,0.5
0.1541850694578516,0.3282258185849654,0.5029414084209065,21.96,-402653.18399999983,-0.72,0.0,1.0,-0.07333597827079785,17.78,8.522881865501404,89.05881,-115.376564,-134.3817,0.6,0.0,0.5
0.16996835177494907,0.3362449172952425,0.5027969173495589,19.259999999999998,-61.00838684652853,-0.8999999999999999,-4.067225789768563,1.0,0.07925656910918377,17.785,8.522881865501404,89.05881,-115.376564,-134.3817,0.6,0.0,0.5
0.18425184866485295,0.3334939840293054,0.5028619493056232,16.38,-158942.04631578943,-0.8999999999999999,0.0,1.0,0.41496017334514335,17.79,8.522881865501404,89.05881,-115.376564,-134.3817,0.6,0.0,0.5
0.20270466981194735,0.33611708292732523,0.502763920843561,13.68,-306070.83243243233,-0.8999999999999999,0.0,1.0,0.2318491164891654,17.795,8.522881865501404,89.05881,-115.376564,-134.3817,0.6,0.0,0.5
0.22050954953148805,0.33549466492045593,0.5027588574531989,11.16,-83886.07999999999,-0.8999999999999999,0.0,1.0,0.21658986175116723,17.8,20.0,63.227486,-146.34756,-140.61533,0.6,0.0,0.5
0.23482286455716525,0.3290988106088605,0.5022944345752114,8.82,-153354.24,-0.8999999999999999,0.0,1.0,0.1097750785851801,17.805,20.0,63.227486,-146.34756,-140.61533,0.6,0.0,0.5
0.2528353177657637,0.3097120064734779,0.5018132843046296,6.84,-237277.7691428572,-0.8999999999999999,0.0,1.0,0.15555284279917458,17.81,20.0,63.227486,-146.34756,-140.61533,0.6,0.0,0.5
0.2690197974836331,0.2818577500941069,0.501980555421684,5.76,-125829.12000000001,0.54,167772.16,1.0,5.7862178411206635,17.815,20.0,63.227486,-146.34756,-140.61533,0.6,0.0,0.5
0.2798004081570266,0.2637833522155375,0.5028563858170576,5.9399999999999995,22878.021818181784,0.0,-68634.06545454546,1.0,3.4362926114688364,17.82,8.522881865501404,85.688484,-124.57237,-105.65717,0.6,0.0,0.5
0.29325352015733086,0.2472313589394039,0.5019118190144026,7.199999999999999,176160.76799999998,-1.08,-150994.94400000002,1.0,1.0558488723410662,17.825,8.522881865501404,85.688484,-124.57237,-105.65717,0.6,0.0,0.5
0.30744298416741694,0.22583084355621794,0.5019552252812767,8.64,34.921613155019024,-0.8999999999999999,4.365201644377378,1.0,-0.19541001617478315,17.830000000000002,8.522881865501404,85.688484,-124.57237,-105.65717,0.6,0.0,0.5
0.3170148220616657,0.20894179333197377,0.5019758542641001,10.44,107853.53142857137,-0.8999999999999999,0.0,1.0,-1.0041505172887408,17.835,8.522881865501404,85.688484,-124.57237,-105.65717,0.6,0.0,0.5
0.3275834063705043,0.18524614564219533,0.5014279864899597,12.6,251658.24000000002,-0.8999999999999999,0.0,1.0,-0.6989654225287776,17.84,0.0,87.40532,-115.530396,-44.222466,0.6,0.0,0.5
0.3399685830910205,0.15797358183949392,0.5015380937121209,15.12,340956.32516129024,-0.8999999999999999,0.0,1.0,-0.3174840540788235,17.845,0.0,87.40532,-115.530396,-44.222466,0.6,0.0,0.5
0.3487139749424755,0.14132044555784715,0.5016843023683447,18.0,402653.1840000001,-0.8999999999999999,0.0,1.0,0.567552720725125,17.85,0.0,87.40532,-115.530396,-44.222466,0.6,0.0,0.5
0.35748974675115075,0.11650973320443891,0.5015700305623826,21.06,388926.37090909074,-0.8999999999999999,0.0,1.0,0.5370342112491286,17.855,0.0,87.40532,-115.530396,-44.222466,0.6,0.0,0.5
0.3671294413849178,0.09671627873886797,0.5016165148958398,24.48,125829.12000000007,-0.8999999999999999,0.0,1.0,0.21658986175116723,17.86,0.0,68.26558,-110.1779,-83.55051,0.6,0.0,0.5
0.3749096542208941,0.09379444876971313,0.5014491492876256,27.9,247319.30482758608,-0.8999999999999999,0.0,1.0,-0.16489150669878683,17.865000000000002,0.0,68.26558,-110.1779,-83.55051,0.6,0.0,0.5
0.38199862226290454,0.07001846293216754,0.5007806180569507,31.68,87.7790094010564,-0.8999999999999999,0.0,1.0,0.2318491164891654,17.87,0.0,68.26558,-110.1779,-83.55051,0.6,0.0,0.5
0.3896157608964982,0.06043288895009359,0.5006719108546818,35.46,240219.22909090915,-0.8999999999999999,0.0,1.0,0.2623676259651617,17.875,0.0,68.26558,-110.1779,-83.55051,0.6,0.0,0.5
0.3954975042856121,0.062403878789811254,0.5006616816413438,39.24,495452.16000000015,-0.8999999999999999,0.0,1.0,0.384441663869147,17.88,0.0,14.964546,-75.64594,-15.028559,0.6,0.0,0.5
0.4014062666622199,0.0641381027371923,0.5000146847904805,43.199999999999996,535788.5109677411,-0.8999999999999999,0.0,1.0,0.07925656910918377,17.885,0.0,14.964546,-75.64594,-15.028559,0.6,0.0,0.5
0.4074897392411215,0.04729051159043928,0.4994720199416792,47.16,553648.1280000001,-0.8999999999999999,0.0,1.0,0.17081209753717275,17.89,0.0,14.964546,-75.64594,-15.028559,0.6,0.0,0.5
0.41241689129463044,0.03282549836580173,0.49934078280053257,51.12,519045.1200000001,-0.8999999999999999,0.0,1.0,0.018219550157191122,17.895,0.0,14.964546,-75.64594,-15.028559,0.6,0.0,0.5
0.416829439724599,0.025937299876193736,0.4992319636199679,55.08,503316.4800000001,-0.8999999999999999,0.0,1.0,0.4302194280831415,17.900000000000002,0.0,-111.81212,-94.38927,-137.54578,0.0,0.0,0.5
0.42207386008735054,0.0336152243218172,0.49922321099522027,58.86,495452.16000000015,-0.8999999999999999,0.0,1.0,0.3081453901791562,17.905,0.0,-111.81212,-94.38927,-137.54578,0.0,0.0,0.5
0.4267542654499806,0.01321880811442558,0.4988556399355821,62.64,528482.3040000001,-0.8999999999999999,0.0,1.0,0.384441663869147,17.91,0.0,-111.81212,-94.38927,-137.54578,0.0,0.0,0.5
0.4311823859638524,0.009515172303606196,0.49880447778475856,66.24,85.57863523010641,-0.8999999999999999,0.0,1.0,-0.08859523300879601,17.915,0.0,-111.81212,-94.38927,-137.54578,0.0,0.0,0.5
0.43558880003374684,-0.004840291741582576,0.49867826954883654,69.66,95630.13120000005,-0.8999999999999999,0.0,1.0,0.32340464491715437,17.92,0.0,38.534622,27.549685,68.06612,0.6,0.6,0.5
0.4408555922586644,-0.001570254912083776,0.4983270663295858,73.08,358612.9920000002,-0.72,18874.367999999995,1.0,-0.05807672353279969,17.925,0.0,38.534622,27.549685,68.06612,0.6,0.6,0.5
0.44392871709195997,-0.011233710881113067,0.49850502248573547,76.14,377487.3600000003,-0.72,0.0,1.0,0.32340464491715437,17.93,0.0,38.534622,27.549685,68.06612,0.6,0.6,0.5
0.4447496877210479,0.009572581051893028,0.49869807799772115,79.02,389664.3716129026,-0.72,0.0,1.0,0.04873805963318745,17.935,0.0,38.534622,27.549685,68.06612,0.6,0.6,0.5
0.4446090216753561,0.006434011767851347,0.49906488304986535,81.72,343170.3272727276,-0.72,0.0,1.0,0.15555284279917458,17.94,0.0,-43.947014,72.06561,84.907555,0.0,0.6,0.5
0.4447949651838118,0.00046378861114846866,0.4988767374776216,83.88,274536.2618181814,-0.72,0.0,1.0,-0.05807672353279969,17.945,0.0,-43.947014,72.06561,84.907555,0.0,0.6,0.5
0.4434561897064377,0.009608486777849161,0.49882126624885204,85.86,259522.56000000052,-0.72,0.0,1.0,0.29288613544115805,17.95,0.0,-43.947014,72.06561,84.907555,0.0,0.6,0.5
0.4414220063136622,0.0011838202648285065,0.49889173990127844,87.11999999999999,29.31338942907676,-0.72,0.0,1.0,0.00296029541919296,17.955000000000002,0.0,-43.947014,72.06561,84.907555,0.0,0.6,0.5
0.44008170442551026,-0.0025753942838426785,0.49903127100002803,88.02,29959.314285714474,-0.72,0.0,1.0,0.36918240913114886,17.96,0.0,-116.16046,-112.09707,-38.63875,0.0,0.0,0.5
0.43986260911251174,-3.798043296678343e-05,0.4986872024078503,88.2,24354.023225807374,-0.54,24354.023225806442,1.0,-0.10385448774679418,17.965,0.0,-116.16046,-112.09707,-38.63875,0.0,0.0,0.5
0.43963151198831657,0.00996272514520348,0.49851870160865736,88.2,0.0,-0.72,-24354.023225806442,1.0,0.46073793755913783,17.97,0.0,-116.16046,-112.09707,-38.63875,0.0,0.0,0.5
0.43875047077177093,0.02052364345447154,0.498726864480583,87.47999999999999,-104134.44413793292,-0.72,0.0,1.0,0.06399731437118561,17.975,0.0,-116.16046,-112.09707,-38.63875,0.0,0.0,0.5
0.43738990445205594,0.016199620332137878,0.4986725356495662,86.39999999999999,-137268.1309090907,-0.72,0.0,1.0,0.2318491164891654,17.98,0.0,-122.16299,-87.660965,122.02096,0.0,0.0,0.5
0.4357409852890439,0.043990533979607005,0.4979889603741375,84.96,-109814.50472727255,-0.72,0.0,1.0,0.12503433332317826,17.985,0.0,-122.16299,-87.660965,122.02096,0.0,0.0,0.5
0.4324705232707857,0.07632886379320532,0.4975880710681927,83.16,-243540.23225806412,-0.72,0.0,1.0,0.41496017334514335,17.990000000000002,0.0,-122.16299,-87.660965,122.02096,0.0,0.0,0.5
0.42632785869776935,0.0870596859617668,0.49737483012015327,81.0,-283115.51999999955,-0.72,0.0,1.0,0.15555284279917458,17.995,0.0,-122.16299,-87.660965,122.02096,0.0,0.0,0.5
0.41105076977550287,0.08236588682711536,0.49766168318007303,78.84,-51.484324828095616,-0.72,0.0,1.0,0.24710837122716356,18.0,0.0,-118.675964,-110.93469,154.30945,0.0,0.0,0.5
0.38877345902856175,0.082462596155843,0.49747509457112066,76.5,-160896.25180327892,-0.72,0.0,1.0,0.033478804895189285,18.005,0.0,-118.675964,-110.93469,154.30945,0.0,0.0,0.5
0.3618287567656519,0.08637143626166432,0.4970884830194004,73.8,-343170.3272727276,-0.72,0.0,1.0,0.3539231543931507,18.01,0.0,-118.675964,-110.93469,154.30945,0.0,0.0,0.5
0.33304671738463726,0.08947086032499728,0.4970610930602547,71.28,-113652.1083870966,-0.72,0.0,1.0,-0.05807672353279969,18.015,0.0,-118.675964,-110.93469,154.30945,0.0,0.0,0.5
0.3033642515096411,0.08911770082040314,0.4970703086742745,68.58,-353894.4000000004,-0.72,0.0,1.0,0.33866389965515253,18.02,0.0,-80.66029,-126.46676,86.608734,0.0,0.0,0.5
0.27511753564830466,0.08596956284663936,0.49683281162232706,65.7,-389664.3716129026,-0.72,0.0,1.0,-0.11911374248479234,18.025000000000002,0.0,-80.66029,-126.46676,86.608734,0.0,0.0,0.5
0.2474084005044498,0.09337854924179144,0.49677019429104935,62.82,-389664.37161290355,-0.72,0.0,1.0,0.46073793755913783,18.03,0.0,-80.66029,-126.46676,86.608734,0.0,0.0,0.5
0.2213337444600775,0.08298604563083839,0.4969134693296959,59.94,-402653.18400000036,-0.72,0.0,1.0,-0.07333597827079785,18.035,0.0,-80.66029,-126.46676,86.608734,0.0,0.0,0.5
0.19674403543995783,0.08337276250741821,0.4970087181892969,57.059999999999995,-66.25127801239516,-0.72,0.0,1.0,0.3997009186071452,18.04,0.0,-59.280346,-149.26225,-51.00486,0.0,0.0,0.5
0.17401908288065998,0.0684610449158906,0.49754377116134807,54.0,-171127.60319999972,-0.72,0.0,1.0,0.04873805963318745,18.045,0.0,-59.280346,-149.26225,-51.00486,0.0,0.0,0.5
0.15326726717961162,0.07121443482975541,0.4976814773399219,50.76,-348449.870769231,-0.72,0.0,1.0,0.3539231543931507,18.05,0.0,-59.280346,-149.26225,-51.00486,0.0,0.0,0.5
0.1363494249230707,0.06060064431099779,0.4980288899750566,47.699999999999996,-388926.3709090912,-0.72,0.0,1.0,0.04873805963318745,18.055,0.0,-59.280346,-149.26225,-51.00486,0.0,0.0,0.5
0.11571063824870069,0.051546050914171006,0.4988050990631429,44.46,-452984.8319999993,-0.72,0.0,1.0,0.33866389965515253,18.06,0.0,15.405685,87.83669,-211.98856,0.6,0.6,0.5
0.10281387136750587,0.03348256241982438,0.49942454463835173,41.04,-434682.4145454548,-0.72,0.0,1.0,0.20133060701316907,18.065,0.0,15.405685,87.83669,-211.98856,0.6,0.6,0.5
0.09572701718707134,0.02968393704911354,0.49978409222827275,37.62,-434682.4145454548,-0.72,0.0,1.0,0.46073793755913783,18.07,0.0,15.405685,87.83669,-211.98856,0.6,0.6,0.5
0.0869282461254901,0.016459493889190015,0.4998366767616007,34.199999999999996,-143445.19680000006,-0.72,0.0,1.0,-0.08859523300879601,18.075,0.0,15.405685,87.83669,-211.98856,0.6,0.6,0.5
0.07381625610249362,0.007283865252643028,0.5011168568622029,30.599999999999998,-444102.776470588,-0.72,0.0,1.0,0.384441663869147,18.080000000000002,20.0,21.772753,119.20117,-92.48134,0.6,0.6,0.5
0.06566628007899283,0.00421338387752671,0.5019317651404817,27.0,-87.41269668515318,-0.72,0.0,1.0,-0.08859523300879601,18.085,20.0,21.772753,119.20117,-92.48134,0.6,0.6,0.5
0.044123458471792096,0.004281439469254544,0.5031145175366682,23.4,-232299.91384615394,-0.72,0.0,1.0,0.32340464491715437,18.09,20.0,21.772753,119.20117,-92.48134,0.6,0.6,0.5
0.0428134863081121,-0.0021002920149290035,0.5034264597728589,19.62,-466307.91529411735,-0.72,0.0,1.0,0.033478804895189285,18.095,20.0,21.772753,119.20117,-92.48134,0.6,0.6,0.5
0.04528542655763534,0.0200788606580121,0.503878812479269,15.84,-135508.2830769231,-0.72,0.0,1.0,0.32340464491715437,18.1,8.522881865501404,68.8344,-151.44556,-103.515686,0.6,0.0,0.5
0.04431290383918482,0.039863677367783346,0.5042580647808348,12.059999999999999,-466307.91529411776,-0.72,0.0,1.0,0.06399731437118561,18.105,8.522881865501404,68.8344,-151.44556,-103.515686,0.6,0.0,0.5
0.04637818707263421,0.04465392439191821,0.5046849041530101,8.28,-440401.9199999999,-0.72,0.0,1.0,0.32340464491715437,18.11,8.522881865501404,68.8344,-151.44556,-103.515686,0.6,0.0,0.5
0.07805101903484177,0.06794130973977959,0.5046047866026747,4.5,-480438.4581818181,1.44,274536.26181818184,1.0,9.936735129856274,18.115000000000002,8.522881865501404,68.8344,-151.44556,-103.515686,0.6,0.0,0.5
0.09672449487028409,0.10078904371479658,0.5069972603934045,1.7999999999999998,-365310.3483870968,6.3,657558.6270967742,1.0,13.629474776451943,18.12,0.0,55.306362,6.385828,-22.135517,0.6,0.6,0.5
0.11211416587911882,0.11396788905116004,0.5097287863031905,0.72,-24.63306553267389,7.38,24.633065532673893,1.0,-1.4771874141666839,18.125,0.0,55.306362,6.385828,-22.135517,0.6,0.6,0.5
0.13548645569539444,0.13249709511613175,0.5112608960023501,0.8999999999999999,9933.87789473684,6.3,-59603.26736842105,1.0,0.21658986175116723,18.13,0.0,55.306362,6.385828,-22.135517,0.6,0.6,0.5
0.15441789527038882,0.15250141680898918,0.5124808957281465,2.6999999999999997,209715.19999999998,4.5,-209715.19999999998,1.0,1.2542191839350423,18.135,0.0,55.306362,6.385828,-22.135517,0.6,0.6,0.5
0.1677912696562721,0.15711113268914859,0.5112157980508232,5.22,340956.3251612903,0.36,-560142.5341935484,1.0,-0.5311136204107978,18.14,0.0,105.84604,-147.91246,92.54409,0.6,0.0,0.5
0.18601081392770336,0.15512219666690608,0.5079832034894346,6.4799999999999995,188743.67999999996,-0.8999999999999999,-188743.67999999996,1.0,-1.0957060457167298,18.145,0.0,105.84604,-147.91246,92.54409,0.6,0.0,0.5
0.2048093220645262,0.16182905648511528,0.5072750715785297,8.1,234302.49931034484,0.72,234302.4993103448,1.0,0.24710837122716356,18.150000000000002,0.0,105.84604,-147.91246,92.54409,0.6,0.0,0.5
0.21870224858087706,0.17790638131932038,0.5059465863324863,10.44,297414.28363636363,0.0,-91512.08727272727,1.0,-1.217780083620715,18.155,0.0,105.84604,-147.91246,92.54409,0.6,0.0,0.5
0.23474595814023547,0.1830105127464089,0.5041006953199748,12.24,69905.0666666667,-0.8999999999999999,-34952.53333333333,1.0,-0.22592852565083454,18.16,0.0,85.43565,-73.53314,-113.923485,0.6,0.0,0.5
0.25141778319107433,0.18554158211512192,0.5045083598700282,14.399999999999999,244856.66594594577,-0.72,20404.722162162154,1.0,0.5980712302011213,18.165,0.0,85.43565,-73.53314,-113.923485,0.6,0.0,0.5
0.2637243374358602,0.19877353615187326,0.5037150039795454,16.919999999999998,56.79521378176366,-0.8999999999999999,-4.056800984411689,1.0,0.7659230323191011,18.17,0.0,85.43565,-73.53314,-113.923485,0.6,0.0,0.5
0.2770663307851687,0.20959443059990626,0.502655931908842,19.08,143804.70857142858,-0.72,11983.72571428571,1.0,-0.363261818292818,18.175,0.0,85.43565,-73.53314,-113.923485,0.6,0.0,0.5
0.29163843163243536,0.21953330828126671,0.5032368083436649,21.419999999999998,272629.76,-0.8999999999999999,-20971.519999999993,1.0,-0.21066927091278131,18.18,0.0,124.4113,-113.41638,-197.57233,0.6,0.0,0.5
0.30212441505987003,0.22328519136094052,0.5030671998215479,24.119999999999997,377487.3599999999,-0.8999999999999999,0.0,1.0,-0.3174840540788235,18.185,0.0,124.4113,-113.41638,-197.57233,0.6,0.0,0.5
0.3120326604090835,0.2301070100135848,0.5022394398786882,26.64,340956.32516129076,-0.8999999999999999,0.0,1.0,0.3081453901791562,18.19,0.0,124.4113,-113.41638,-197.57233,0.6,0.0,0.5
0.3235995496746237,0.23120974809511144,0.502556639063812,29.34,343170.32727272715,-0.8999999999999999,0.0,1.0,0.5370342112491286,18.195,0.0,124.4113,-113.41638,-197.57233,0.6,0.0,0.5
0.33316538038052945,0.23821547252574066,0.5023328668435468,32.04,333077.0823529411,-0.8999999999999999,0.0,1.0,1.2084414197210478,18.2,0.0,-8.897894,-48.19885,-8.199551,0.0,0.0,0.5
0.3421629426061974,0.22794970621962032,0.5013362207969092,34.92,389664.37161290355,-0.8999999999999999,0.0,1.0,0.6743675038911121,18.205000000000002,0.0,-8.897894,-48.19885,-8.199551,0.0,0.0,0.5
0.3516960721262665,0.2131964762783779,0.5015108998467004,37.62,390504.16551724076,-0.8999999999999999,0.0,1.0,0.09451582384718193,18.21,0.0,-8.897894,-48.19885,-8.199551,0.0,0.0,0.5
0.35997433531018824,0.19386799760203113,0.5014269119194438,40.5,70.33980574383348,-0.8999999999999999,0.0,1.0,-0.7142246772667757,18.215,0.0,-8.897894,-48.19885,-8.199551,0.0,0.0,0.5
0.36760876051656777,0.17786194643370265,0.5007394138995089,43.199999999999996,87112.46769230756,-0.72,5807.497846153844,1.0,0.04873805963318745,18.22,0.0,83.0134,176.44016,44.95991,0.6,0.6,0.5
0.37603634715459844,0.16695742039134978,0.500644535227471,46.08,219629.00945454565,-0.72,0.0,1.0,0.3081453901791562,18.225,0.0,83.0134,176.44016,44.95991,0.6,0.6,0.5
0.38332238595600526,0.14781681069055524,0.5005017797683394,48.78,377487.3600000004,-0.72,0.0,1.0,0.5065157017731323,18.23,0.0,83.0134,176.44016,44.95991,0.6,0.6,0.5
0.38663012841365263,0.1264172462008445,0.5000494735989095,51.48,365310.3483870962,-0.72,0.0,1.0,0.15555284279917458,18.235,0.0,83.0134,176.44016,44.95991,0.6,0.6,0.5
0.38615609093220254,0.10572925644731844,0.5001597336245253,54.0,330301.4400000004,-0.72,0.0,1.0,-0.27170628986482903,18.240000000000002,0.0,24.443142,10.179781,2.55483,0.6,0.6,0.5
0.38545117577681826,0.10460240640318072,0.5001646417811841,56.519999999999996,330301.4399999995,-0.72,0.0,1.0,0.07925656910918377,18.245,0.0,24.443142,10.179781,2.55483,0.6,0.6,0.5
0.3839555197391334,0.09311362638680636,0.4999374464593781,58.86,338436.9434482764,-0.72,0.0,1.0,0.32340464491715437,18.25,0.0,24.443142,10.179781,2.55483,0.6,0.6,0.5
0.38148414597231606,0.0779360484508095,0.5000304147450272,61.199999999999996,53.12665493853549,-0.72,0.0,1.0,0.1097750785851801,18.255,0.0,24.443142,10.179781,2.55483,0.6,0.6,0.5
0.38071823171573854,0.0653162894131756,0.49961685704533987,63.36,153554.1803389833,-0.72,0.0,1.0,0.2776268807031599,18.26,0.0,100.89845,221.44652,40.3842,0.6,0.6,0.5
0.37991148994103197,0.06480177661390876,0.4994375323696584,65.52,283115.51999999955,-0.72,0.0,1.0,0.2776268807031599,18.265,0.0,100.89845,221.44652,40.3842,0.6,0.6,0.5
0.37963273120600716,0.07894354668571123,0.4996701313601409,67.32,260336.11034482718,-0.72,0.0,1.0,0.00296029541919296,18.27,0.0,100.89845,221.44652,40.3842,0.6,0.6,0.5
0.37966844740491185,0.10255509113660376,0.4996171149573979,69.12,260336.11034482924,-0.72,0.0,1.0,-0.05807672353279969,18.275000000000002,0.0,100.89845,221.44652,40.3842,0.6,0.6,0.5
0.3794673520327395,0.1239579162163167,0.49909906806818416,70.74,48189.87574468056,-0.72,0.0,1.0,0.29288613544115805,18.28,0.0,45.580036,-51.46427,-58.434746,0.6,0.0,0.5
0.3795913346656173,0.14377702837364892,0.4994174760792953,71.82,74259.80852459004,-0.72,0.0,1.0,0.07925656910918377,18.285,0.0,45.580036,-51.46427,-58.434746,0.6,0.0,0.5
0.38000500813629406,0.16513838713858117,0.499374111405445,72.72,130168.05517241462,-0.72,0.0,1.0,0.17081209753717275,18.29,0.0,45.580036,-51.46427,-58.434746,0.6,0.0,0.5
0.37986478234977056,0.19210516800068986,0.49918850408362786,73.44,100663.29599999984,-0.72,0.0,1.0,-0.05807672353279969,18.295,0.0,45.580036,-51.46427,-58.434746,0.6,0.0,0.5
0.38160991477977246,0.19881680086513623,0.4992742675286531,73.61999999999999,4.3887244951342765,-0.72,0.0,1.0,0.12503433332317826,18.3,0.0,56.264866,43.73711,41.474373,0.6,0.6,0.5
0.3868371066071173,0.21200766071001634,0.49898456833059246,73.44,-3737.4986138612326,-0.72,0.0,1.0,-0.05807672353279969,18.305,0.0,56.264866,43.73711,41.474373,0.6,0.6,0.5
0.3934287619225645,0.223939866401113,0.4986462799673442,72.89999999999999,-56623.104000000654,-0.72,0.0,1.0,0.32340464491715437,18.31,0.0,56.264866,43.73711,41.474373,0.6,0.6,0.5
0.39932541735738325,0.23492382681724505,0.49866130113401796,72.0,-114390.10909090801,-0.72,0.0,1.0,0.29288613544115805,18.315,0.0,56.264866,43.73711,41.474373,0.6,0.6,0.5
0.4062228299612385,0.24215157579838015,0.49861862827207315,70.92,-150994.94399999976,-0.72,0.0,1.0,0.33866389965515253,18.32,0.0,47.75356,-17.233347,-33.38938,0.6,0.0,0.5
0.41333046507493876,0.2483397818141639,0.4983090436432713,69.48,-183024.17454545427,-0.72,0.0,1.0,0.2318491164891654,18.325,0.0,47.75356,-17.233347,-33.38938,0.6,0.0,0.5
0.4197602034716718,0.2428749013011513,0.49826151183498785,68.03999999999999,-183024.17454545607,-0.72,0.0,1.0,0.36918240913114886,18.330000000000002,0.0,47.75356,-17.233347,-33.38938,0.6,0.0,0.5
0.42696368548814073,0.2358337078853146,0.49821623233817014,66.42,-226492.41599999866,-0.72,0.0,1.0,0.2318491164891654,18.335,0.0,47.75356,-17.233347,-33.38938,0.6,0.0,0.5
0.4336620196374528,0.227546001194072,0.4981660196476426,64.62,-41.55313310106824,-0.72,0.0,1.0,0.29288613544115805,18.34,0.0,57.251965,-61.02921,-53.665962,0.6,0.0,0.5
0.4391186282133367,0.22463019400240433,0.4983198186053614,62.82,-102023.61081081105,-0.72,0.0,1.0,0.29288613544115805,18.345,0.0,57.251965,-61.02921,-53.665962,0.6,0.0,0.5
0.44500883282075265,0.2325269530675702,0.4983984577036611,61.199999999999996,-169869.31200000047,-0.72,0.0,1.0,0.00296029541919296,18.35,0.0,57.251965,-61.02921,-53.665962,0.6,0.0,0.5
0.45051836617451857,0.23817308165887213,0.49856689028348367,59.4,-222051.38823529377,-0.72,0.0,1.0,0.12503433332317826,18.355,0.0,57.251965,-61.02921,-53.665962,0.6,0.0,0.5
0.4550267207379082,0.24470962387073236,0.4990787042190671,57.78,-205902.19636363603,-0.72,0.0,1.0,0.15555284279917458,18.36,0.0,79.815384,-84.85433,-109.87387,0.6,0.0,0.5
0.45898775730585223,0.24429093046021547,0.49941343583507186,56.16,-188743.68000000052,-0.72,0.0,1.0,-0.012298959318805203,18.365000000000002,0.0,79.815384,-84.85433,-109.87387,0.6,0.0,0.5
0.4625948293908961,0.2375146227301871,0.49958651418836275,54.72,-188743.6799999997,-0.8999999999999999,-23592.959999999992,1.0,0.15555284279917458,18.37,0.0,79.815384,-84.85433,-109.87387,0.6,0.0,0.5
0.4654631075009601,0.23751144432737492,0.4997401274692235,53.46,-155435.97176470564,-0.8999999999999999,0.0,1.0,-0.012298959318805203,18.375,0.0,79.815384,-84.85433,-109.87387,0.6,0.0,0.5
0.46900657654594086,0.2531066293427985,0.4996076870489642,52.379999999999995,-137268.1309090916,-0.8999999999999999,0.0,1.0,0.17081209753717275,18.38,0.0,84.25598,-103.74227,-72.553505,0.6,0.0,0.5
0.4723778621367107,0.24682466962129987,0.4998356676441132,51.66,-17.019459642241205,-0.8999999999999999,0.0,1.0,0.1860713522751709,18.385,0.0,84.25598,-103.74227,-72.553505,0.6,0.0,0.5
0.47454460637971296,0.23079001091430756,0.5002661618032617,50.94,-33554.43199999995,-0.8999999999999999,0.0,1.0,-0.012298959318805203,18.39,0.0,84.25598,-103.74227,-72.553505,0.6,0.0,0.5
0.47674678729213665,0.21004728514609572,0.5004056955777176,50.76,-17975.588571428543,-0.8999999999999999,0.0,1.0,0.2318491164891654,18.395,0.0,84.25598,-103.74227,-72.553505,0.6,0.0,0.5
0.4793317572740459,0.19416655041681316,0.5007527942199872,50.58,-5431.4728057553875,-0.8999999999999999,0.0,1.0,0.1097750785851801,18.400000000000002,0.0,72.689804,-111.660965,-110.93748,0.6,0.0,0.5
0.4812924948625631,0.18433311024978583,0.5008656316134448,50.76,24354.023225806413,-0.8999999999999999,0.0,1.0,0.24710837122716356,18.405,0.0,72.689804,-111.660965,-110.93748,0.6,0.0,0.5
0.4829794458962717,0.15727417256626586,0.5008441639475659,51.12,41943.039999999935,-0.8999999999999999,0.0,1.0,0.07925656910918377,18.41,0.0,72.689804,-111.660965,-110.93748,0.6,0.0,0.5
0.4851226270500765,0.13310146898527866,0.5011759689960652,51.66,64712.118857142756,-0.8999999999999999,0.0,1.0,0.41496017334514335,18.415,0.0,72.689804,-111.660965,-110.93748,0.6,0.0,0.5
0.48700780038006186,0.10697986478044215,0.5014186112416086,52.199999999999996,70778.87999999989,-0.8999999999999999,0.0,1.0,0.29288613544115805,18.42,0.0,75.86708,-88.90642,-79.23879,0.6,0.0,0.5
0.4879254992227893,0.09087317280453444,0.5017697079033072,53.1,20.75178168944413,-0.8999999999999999,0.0,1.0,0.29288613544115805,18.425,0.0,75.86708,-88.90642,-79.23879,0.6,0.0,0.5
0.4898349744516659,0.08316180428946669,0.5020254728159786,54.0,46603.37777777771,-0.8999999999999999,0.0,1.0,0.07925656910918377,18.43,0.0,75.86708,-88.90642,-79.23879,0.6,0.0,0.5
0.4914864529317274,0.06913256296189486,0.502231443437797,55.08,29998.995496688694,-0.8999999999999999,0.0,1.0,0.3997009186071452,18.435,0.0,75.86708,-88.90642,-79.23879,0.6,0.0,0.5
0.49257082816039865,0.046961408142829765,0.5025564828144478,56.339999999999996,150994.94399999976,-0.8999999999999999,0.0,1.0,0.20133060701316907,18.44,0.0,70.894,-107.42276,-60.054024,0.6,0.0,0.5
0.494724157796431,0.039626918657466426,0.5023732398345366,57.599999999999994,165150.71999999974,-0.8999999999999999,0.0,1.0,0.32340464491715437,18.445,0.0,70.894,-107.42276,-60.054024,0.6,0.0,0.5
0.4960606070680473,0.03639662676846878,0.5030371587918855,59.04,183024.17454545517,-0.8999999999999999,0.0,1.0,0.018219550157191122,18.45,0.0,70.894,-107.42276,-60.054024,0.6,0.0,0.5
0.49733626713577733,0.044934016371721404,0.5031641918718264,60.48,183024.17454545427,-0.8999999999999999,0.0,1.0,0.2318491164891654,18.455000000000002,0.0,70.894,-107.42276,-60.054024,0.6,0.0,0.5
0.49877096037319235,0.039450423595534446,0.5034981623436574,61.919999999999995,92919.96553846139,-0.8999999999999999,0.0,1.0,0.1097750785851801,18.46,0.0,93.138466,-105.37049,-95.87166,0.6,0.0,0.5
0.500295628034066,0.031146358820400243,0.5039152162802067,63.54,219186.2090322587,-0.72,24354.023225806442,1.0,0.07925656910918377,18.465,0.0,93.138466,-105.37049,-95.87166,0.6,0.0,0.5
0.5018147993985071,0.032309351769417176,0.5041587357933469,64.98,35.202085152265894,-0.72,0.0,1.0,-0.11911374248479234,18.47,0.0,93.138466,-105.37049,-95.87166,0.6,0.0,0.5
0.5040276123669012,0.03503263720579336,0.5039862645021476,66.42,94371.83999999985,-0.72,0.0,1.0,0.12503433332317826,18.475,0.0,93.138466,-105.37049,-95.87166,0.6,0.0,0.5
0.5053274209134483,0.0206470220138415,0.5045562625007137,68.03999999999999,199846.2494117635,-0.72,0.0,1.0,0.29288613544115805,18.48,0.0,-67.310295,-159.98842,-95.86981,0.0,0.0,0.5
0.5066776172153812,0.00034060442117720747,0.5046237696023155,69.48,188743.68000000156,-0.72,0.0,1.0,0.33866389965515253,18.485,0.0,-67.310295,-159.98842,-95.86981,0.0,0.0,0.5
0.5082513801181582,-0.010619766186186597,0.5047325525836527,70.74,170478.16258064393,-0.72,0.0,1.0,0.033478804895189285,18.490000000000002,0.0,-67.310295,-159.98842,-95.86981,0.0,0.0,0.5
0.509751420146249,-0.006524962616289671,0.5051894969743888,72.0,48933.546666666865,-0.72,0.0,1.0,0.15555284279917458,18.495,0.0,-67.310295,-159.98842,-95.86981,0.0,0.0,0.5
0.5114536679331061,-0.004545964437355359,0.5051813226759694,73.08,129424.23771428551,-0.72,0.0,1.0,0.12503433332317826,18.5,0.0,-45.907597,-54.401245,-27.869942,0.0,0.0,0.5
0.5128480017875309,-0.006619798138257906,0.5052868652610529,74.16,146124.13935483847,-0.72,0.0,1.0,0.41496017334514335,18.505,0.0,-45.907597,-54.401245,-27.869942,0.0,0.0,0.5
0.514920451607716,-0.005159580521724808,0.5052139656903326,75.06,20.339964114252588,-0.72,0.0,1.0,-0.05807672353279969,18.51,0.0,-45.907597,-54.401245,-27.869942,0.0,0.0,0.5
0.5160471430419096,-0.004832573292379129,0.5055876044549111,75.78,23592.959999999963,-0.72,0.0,1.0,0.29288613544115805,18.515,0.0,-45.907597,-54.401245,-27.869942,0.0,0.0,0.5
0.5168914837175412,0.002061187272946459,0.5055469860493772,76.32,70778.87999999896,-0.72,0.0,1.0,-0.11911374248479234,18.52,0.0,-127.44273,-107.23843,-138.17851,0.0,0.0,0.5
0.5152087289042296,-0.0002469064497114122,0.5055129950307989,76.86,78100.83310344919,-0.72,0.0,1.0,0.24710837122716356,18.525000000000002,0.0,-127.44273,-107.23843,-138.17851,0.0,0.0,0.5
0.5140655390810477,-0.013623093604364828,0.5053958259844898,77.03999999999999,26033.61103448169,-0.72,0.0,1.0,0.1860713522751709,18.53,0.0,-127.44273,-107.23843,-138.17851,0.0,0.0,0.5
0.5134863746346894,-0.020978080488728863,0.5052147648452603,77.03999999999999,0.0,-0.72,0.0,1.0,0.21658986175116723,18.535,0.0,-127.44273,-107.23843,-138.17851,0.0,0.0,0.5
0.5109424916731719,-0.012009849341862796,0.5052185170351814,77.03999999999999,0.0,-0.72,0.0,1.0,0.06399731437118561,18.54,0.0,-119.73772,-91.89231,-147.97678,0.0,0.0,0.5
0.5081118491724121,0.0009005136785057818,0.5047657375487694,76.86,-22878.021818180878,-0.72,0.0,1.0,0.3081453901791562,18.545,0.0,-119.73772,-91.89231,-147.97678,0.0,0.0,0.5
0.49641851733306164,-6.697748650596143e-05,0.5048829761499565,76.5,-28489.612075471654,-0.72,0.0,1.0,-0.10385448774679418,18.55,0.0,-119.73772,-91.89231,-147.97678,0.0,0.0,0.5
0.4723500159526379,-0.01204253096549389,0.5046436607148436,75.96,-12.52273330937454,-0.72,0.0,1.0,0.32340464491715437,18.555,0.0,-119.73772,-91.89231,-147.97678,0.0,0.0,0.5
0.4434319180261081,-0.0021474001738422837,0.504333213001085,75.42,-27962.026666666254,-0.72,0.0,1.0,0.20133060701316907,18.56,0.0,-97.61387,123.52691,153.63068,0.0,0.6,0.5
0.4099502917017023,-0.0019410679670077541,0.5042500569527624,74.7,-79471.02315789461,-0.72,0.0,1.0,0.07925656910918377,18.565,0.0,-97.61387,123.52691,153.63068,0.0,0.6,0.5
0.3773123733489159,0.005297558895794124,0.5036341063946322,73.98,-94371.83999999985,-0.72,0.0,1.0,-0.1343729972227905,18.57,0.0,-97.61387,123.52691,153.63068,0.0,0.6,0.5
0.34375631192854106,-0.005012479614100981,0.5034763570663136,73.25999999999999,-26490.34105263206,-0.72,0.0,1.0,0.06399731437118561,18.575,0.0,-97.61387,123.52691,153.63068,0.0,0.6,0.5
0.31222434349966827,-0.014485997635870142,0.5035713680096835,72.36,-99338.77894736748,-0.72,0.0,1.0,-0.2411877803888327,18.580000000000002,0.0,-111.606064,126.82777,152.11594,0.0,0.6,0.5
0.282382096802232,-0.007959129187622016,0.5029832596199187,71.28,-129424.23771428551,-0.72,0.0,1.0,0.3081453901791562,18.585,0.0,-111.606064,126.82777,152.11594,0.0,0.6,0.5
0.25491064620909315,-0.0074556119485691425,0.5025885670738601,70.38,-121770.11612903302,-0.72,0.0,1.0,-0.05807672353279969,18.59,0.0,-111.606064,126.82777,152.11594,0.0,0.6,0.5
0.22774316842119827,-0.01866289148234699,0.5026008647329719,69.3,-146124.13935483847,-0.72,0.0,1.0,0.20133060701316907,18.595,0.0,-111.606064,126.82777,152.11594,0.0,0.6,0.5
0.20476718341299782,-0.0069015137236294625,0.5018204245740571,68.03999999999999,-29.8888281603476,-0.72,0.0,1.0,-0.05807672353279969,18.6,0.0,-120.06343,121.24217,144.11664,0.0,0.6,0.5
0.18163614782963777,0.004468833029005762,0.5017120155527872,66.96,-49237.48173913036,-0.72,0.0,1.0,0.41496017334514335,18.605,0.0,-120.06343,121.24217,144.11664,0.0,0.6,0.5
0.16195044644344359,0.004441086517583475,0.5015412168451613,65.7,-135508.2830769221,-0.72,0.0,1.0,0.07925656910918377,18.61,0.0,-120.06343,121.24217,144.11664,0.0,0.6,0.5
0.14399622167784012,0.0253866153802277,0.5012702074926371,64.25999999999999,-172565.6502857157,-0.72,0.0,1.0,0.15555284279917458,18.615000000000002,0.0,-120.06343,121.24217,144.11664,0.0,0.6,0.5
0.12766728680774547,0.030132044865795876,0.5014430613481001,63.0,-176160.76799999873,-0.72,0.0,1.0,-0.07333597827079785,18.62,0.0,-109.24936,114.72428,135.21194,0.0,0.6,0.5
0.11786659639219002,0.06099586745259753,0.5014655772225614,61.379999999999995,-188743.68000000052,-0.72,0.0,1.0,0.17081209753717275,18.625,0.0,-109.24936,114.72428,135.21194,0.0,0.6,0.5
0.09965792609284516,0.07983371331467293,0.5011883875295639,59.94,-188743.6799999997,-0.72,0.0,1.0,-0.012298959318805203,18.63,0.0,-109.24936,114.72428,135.21194,0.0,0.6,0.5
0.07716946910450179,0.09743270017690243,0.5009871811766432,58.32,-199846.24941176438,-0.72,0.0,1.0,0.384441663869147,18.635,0.0,-109.24936,114.72428,135.21194,0.0,0.6,0.5
0.07583699770879196,0.11275892268201092,0.5009859563654298,56.519999999999996,-41.310077807811524,-0.72,0.0,1.0,0.04873805963318745,18.64,0.0,-134.08641,-90.156624,147.14719,0.0,0.0,0.5
0.06712766172545777,0.13391560262188243,0.5008966203455046,54.9,-88243.7984415583,-0.72,0.0,1.0,0.2776268807031599,18.645,0.0,-134.08641,-90.156624,147.14719,0.0,0.0,0.5
0.053995945828492826,0.14659689821484012,0.5010293331159983,52.919999999999995,-54636.32842105274,-0.72,0.0,1.0,0.018219550157191122,18.650000000000002,0.0,-134.08641,-90.156624,147.14719,0.0,0.0,0.5
0.047585912650978876,0.1574120464193124,0.5008840987164693,51.12,-222051.38823529377,-0.72,0.0,1.0,0.24710837122716356,18.655,0.0,-134.08641,-90.156624,147.14719,0.0,0.0,0.5
0.05774909124199193,0.1785039978734706,0.5001831791863093,49.14,-276824.06399999955,-0.72,0.0,1.0,0.07925656910918377,18.66,0.0,-58.316925,-6.5800705,-117.56403,0.0,0.0,0.5
0.04226540668966286,0.19895926790224872,0.5002254106481695,47.16,-259522.56000000052,-0.72,0.0,1.0,0.2776268807031599,18.665,0.0,-58.316925,-6.5800705,-117.56403,0.0,0.0,0.5
0.03863704203847768,0.211976190349456,0.5003170461065432,45.0,-258848.47542857102,-0.72,0.0,1.0,-0.012298959318805203,18.67,0.0,-58.316925,-6.5800705,-117.56403,0.0,0.0,0.5
0.030531722666060468,0.23341707267656073,0.5003202998841675,42.839999999999996,-283115.5200000005,-0.72,0.0,1.0,0.21658986175116723,18.675,0.0,-58.316925,-6.5800705,-117.56403,0.0,0.0,0.5
0.014456210182257366,0.2575594309021205,0.5004936978453979,40.68,-292248.27870967693,-0.72,0.0,1.0,0.2318491164891654,18.68,8.522881865501404,-35.995174,-118.56177,-63.556698,0.0,0.0,0.5
0.013602708700458568,0.2545891022258868,0.5005459571408968,38.339999999999996,-56.81956858522361,-0.72,0.0,1.0,0.44547868282113967,18.685,8.522881865501404,-35.995174,-118.56177,-63.556698,0.0,0.0,0.5
0.01720871865936188,0.2512614903195353,0.5008147716025312,36.0,-160896.25180327843,-0.72,0.0,1.0,0.33866389965515253,18.69,8.522881865501404,-35.995174,-118.56177,-63.556698,0.0,0.0,0.5
0.007284959792015932,0.25745352469622623,0.5008702742327165,33.48,-94371.84000000011,-0.72,0.0,1.0,0.07925656910918377,18.695,8.522881865501404,-35.995174,-118.56177,-63.556698,0.0,0.0,0.5
0.0026056093723538696,0.25641298798550244,0.5011736044858348,30.959999999999997,-320292.3054545454,-0.72,0.0,1.0,0.29288613544115805,18.7,20.0,76.91647,-149.22516,-153.27505,0.6,0.0,0.5
0.012011222848611114,0.26392618758092756,0.5015906875705634,28.439999999999998,-364470.55448275857,-0.72,0.0,1.0,0.04873805963318745,18.705000000000002,20.0,76.91647,-149.22516,-153.27505,0.6,0.0,0.5
-0.008072356831275171,0.2439382999876174,0.5018563410592292,25.74,-191942.72542372876,-0.72,0.0,1.0,0.475997192297136,18.71,20.0,76.91647,-149.22516,-153.27505,0.6,0.0,0.5
-0.009330479033793535,0.23119561119524837,0.5022279167093189,23.04,-188743.67999999996,-0.72,0.0,1.0,0.475997192297136,18.715,20.0,76.91647,-149.22516,-153.27505,0.6,0.0,0.5
-0.009740513837713871,0.20628073699852204,0.5025617125514191,20.34,-343170.32727272715,-0.72,0.0,1.0,-0.012298959318805203,18.72,20.0,83.666534,-39.264168,-110.13003,0.6,0.0,0.5
-0.008381746437492224,0.1935729164217523,0.5026650399082285,17.46,-65.36754522579072,-0.72,0.0,1.0,0.2776268807031599,18.725,20.0,83.666534,-39.264168,-110.13003,0.6,0.0,0.5
-0.01380668531910502,0.17162469695882104,0.5030330614918893,14.58,-188743.68000000005,-0.72,0.0,1.0,0.24710837122716356,18.73,20.0,83.666534,-39.264168,-110.13003,0.6,0.0,0.5
-0.020969394617282783,0.14923322816112217,0.5031841570208897,11.52,-346880.2767567568,-0.72,0.0,1.0,0.17081209753717275,18.735,20.0,83.666534,-39.264168,-110.13003,0.6,0.0,0.5
-0.017600549304349948,0.12968710688386015,0.5033843060980524,8.459999999999999,-401080.32000000007,-0.72,0.0,1.0,0.17081209753717275,18.740000000000002,0.0,85.02258,-2.8441203,-156.66615,0.6,0.0,0.5
-0.011240737826788012,0.11655927537115855,0.5030284832152214,5.3999999999999995,-414018.3948387096,-0.54,24354.023225806442,1.0,9.768883327738294,18.745,0.0,85.02258,-2.8441203,-156.66615,0.6,0.0,0.5
-0.010704345015843199,0.11461596656091397,0.5043553709501764,2.88,-340956.32516129024,4.5,681912.6503225806,1.0,13.73628955961793,18.75,0.0,85.02258,-2.8441203,-156.66615,0.6,0.0,0.5
-0.007222496133090409,0.08261125824739081,0.5069641969405492,1.44,-51184.72677966102,6.12,57582.817627118646,1.0,0.5370342112491286,18.755,0.0,85.02258,-2.8441203,-156.66615,0.6,0.0,0.5
0.008843054633077649,0.06480005655763223,0.5079300976513333,1.08,-25165.82399999999,5.9399999999999995,-12582.912000000042,1.0,-0.8668172246467574,18.76,0.0,39.842953,-151.65434,7.3268933,0.6,0.0,0.5
0.01815328483130836,0.06945073057021399,0.509487536928834,1.98,121770.11612903225,4.859999999999999,-146124.13935483873,1.0,-0.027558214056803365,18.765,0.0,39.842953,-151.65434,7.3268933,0.6,0.0,0.5
0.052199724483627,0.07482042997204474,0.5091773719010846,3.5999999999999996,39.22625839972289,1.98,-69.73557048839625,1.0,4.321329386272785,18.77,0.0,39.842953,-151.65434,7.3268933,0.6,0.0,0.5
0.07081898425164973,0.05872296651056279,0.5065980198193906,5.76,101794.34426966292,-0.72,-127242.93033707867,1.0,2.4902188177129503,18.775000000000002,0.0,39.842953,-151.65434,7.3268933,0.6,0.0,0.5
0.08774651944598112,0.0374297148112992,0.5058873165161144,6.4799999999999995,73656.07024390242,-0.36,36828.035121951216,1.0,-0.9431134983367482,18.78,0.0,128.8568,-83.62175,-42.16301,0.6,0.0,0.5
0.11290490341759485,0.0415217988256125,0.5043905818787322,7.92,177641.11058823534,-0.18,22205.13882352941,1.0,-0.9888912625507427,18.785,0.0,128.8568,-83.62175,-42.16301,0.6,0.0,0.5
0.13206810730012492,0.02405965059033047,0.5032595598566941,9.54,226492.41599999988,-0.8999999999999999,-100663.296,1.0,-0.7142246772667757,18.79,0.0,128.8568,-83.62175,-42.16301,0.6,0.0,0.5
0.14454711651973381,0.011307205328129535,0.5030795395109491,10.62,125829.12000000001,-0.72,20971.519999999993,1.0,-0.16489150669878683,18.795,0.0,128.8568,-83.62175,-42.16301,0.6,0.0,0.5
0.16744775987917968,0.0025146333289207765,0.5023733499265868,12.24,199846.24941176482,-0.72,0.0,1.0,0.21658986175116723,18.8,0.0,69.810135,-51.857727,-95.09463,0.6,0.0,0.5
0.18561091758670428,0.01925219142111278,0.5016334028827536,13.5,165150.71999999997,-0.8999999999999999,-23592.959999999992,1.0,0.6133304849391195,18.805,0.0,69.810135,-51.857727,-95.09463,0.6,0.0,0.5
0.19967016060095233,0.007071829451185273,0.5022358022819278,15.12,37.572977958660026,-0.8999999999999999,0.0,1.0,0.4302194280831415,18.81,0.0,69.810135,-51.857727,-95.09463,0.6,0.0,0.5
0.21825960715284926,0.014894604529294087,0.5021018092852805,16.74,95701.02084507038,-0.8999999999999999,0.0,1.0,0.3997009186071452,18.815,0.0,69.810135,-51.857727,-95.09463,0.6,0.0,0.5
0.23479436169679818,0.0045818412316950986,0.5020990145528899,18.18,172565.65028571445,-0.8999999999999999,0.0,1.0,0.2318491164891654,18.82,0.0,105.936104,-91.543434,-138.57558,0.6,0.0,0.5
0.24731333253549492,-0.0008147265287977358,0.5025483034984897,19.8,226492.41600000014,-0.8999999999999999,0.0,1.0,0.2776268807031599,18.825,0.0,105.936104,-91.543434,-138.57558,0.6,0.0,0.5
0.26361059980975843,0.011181536342343843,0.5024598953661128,21.599999999999998,228780.21818181782,-0.8999999999999999,0.0,1.0,0.24710837122716356,18.830000000000002,0.0,105.936104,-91.543434,-138.57558,0.6,0.0,0.5
0.27881491587929597,0.014277250683037904,0.502301921723809,23.4,222051.3882352942,-0.8999999999999999,0.0,1.0,0.17081209753717275,18.835,0.0,105.936104,-91.543434,-138.57558,0.6,0.0,0.5
0.290552451035334,0.014873119838776342,0.5024380528442354,25.2,235929.6000000001,-0.8999999999999999,0.0,1.0,0.018219550157191122,18.84,0.0,46.624557,-108.1233,108.88442,0.6,0.0,0.5
0.30409963437220466,0.013810093028365184,0.5022149745846358,27.18,259522.56000000006,-0.8999999999999999,0.0,1.0,-0.1343729972227905,18.845,0.0,46.624557,-108.1233,108.88442,0.6,0.0,0.5
0.3177831708432941,0.013061845844282665,0.5021954801587601,29.34,292248.27870967746,-0.8999999999999999,0.0,1.0,0.06399731437118561,18.85,0.0,46.624557,-108.1233,108.88442,0.6,0.0,0.5
0.32836497509357054,0.015373086578457994,0.5021263858085828,31.32,47.901447877672744,-0.8999999999999999,0.0,1.0,0.4302194280831415,18.855,0.0,46.624557,-108.1233,108.88442,0.6,0.0,0.5
0.3391496173486667,0.01731359271936141,0.5019889501884536,33.48,39735.511578947306,-0.8999999999999999,0.0,1.0,-0.027558214056803365,18.86,0.0,-35.681652,96.558876,-81.06913,0.0,0.6,0.5
0.34972527277389853,0.004405274888034493,0.5023952672180207,35.64,210690.61953488408,-0.8999999999999999,0.0,1.0,0.2776268807031599,18.865000000000002,0.0,-35.681652,96.558876,-81.06913,0.0,0.6,0.5
0.35812105745676875,-0.008476340623924095,0.5028124708045797,37.98,169218.47172413766,-0.8999999999999999,0.0,1.0,0.06399731437118561,18.87,0.0,-35.681652,96.558876,-81.06913,0.0,0.6,0.5
0.3668075502863445,-0.008763608862157428,0.5027156202965416,40.32,280419.1817142861,-0.8999999999999999,0.0,1.0,0.4302194280831415,18.875,0.0,-35.681652,96.558876,-81.06913,0.0,0.6,0.5
0.3758980171302646,-0.008329635174108155,0.5030388740162153,42.66,306708.4799999995,-0.8999999999999999,0.0,1.0,0.46073793755913783,18.88,0.0,-92.97456,-109.32729,-126.39118,0.0,0.0,0.5
0.3838376928089765,-0.004924262324863978,0.5028972437888515,45.0,288666.8047058828,-0.8999999999999999,0.0,1.0,0.24710837122716356,18.885,0.0,-92.97456,-109.32729,-126.39118,0.0,0.0,0.5
0.39024546499843304,0.0020455082936471085,0.503121974627492,47.519999999999996,340956.3251612898,-0.8999999999999999,0.0,1.0,-0.180150761436785,18.89,0.0,-92.97456,-109.32729,-126.39118,0.0,0.0,0.5
0.3973321583236318,-0.006576684613006704,0.5032222614685236,49.86,53.041669287764144,-0.8999999999999999,0.0,1.0,0.2623676259651617,18.895,0.0,-92.97456,-109.32729,-126.39118,0.0,0.0,0.5
0.4033724692783575,-0.00884873467853636,0.5032359324958169,52.199999999999996,129140.41263157874,-0.8999999999999999,0.0,1.0,0.033478804895189285,18.900000000000002,0.0,-111.465385,-61.464172,79.84895,0.0,0.0,0.5
0.4050004417795752,-0.01767072343865966,0.5032191157303202,54.54,258280.82526315827,-0.72,19867.75578947368,1.0,0.41496017334514335,18.905,0.0,-111.465385,-61.464172,79.84895,0.0,0.0,0.5
0.4026824271816165,-0.0031325816104952574,0.503671496002222,56.699999999999996,292248.27870967693,-0.72,0.0,1.0,0.018219550157191122,18.91,0.0,-111.465385,-61.464172,79.84895,0.0,0.0,0.5
0.40072132288754636,0.011576046276432135,0.5033527025062866,58.86,89699.96673267342,-0.72,0.0,1.0,0.2318491164891654,18.915,0.0,-111.465385,-61.464172,79.84895,0.0,0.0,0.5
0.39754211225625885,0.01932045983616432,0.5036965384290703,61.019999999999996,251658.2399999996,-0.72,0.0,1.0,0.12503433332317826,18.92,0.0,5.0758824,93.52852,-3.9906306,0.6,0.6,0.5
0.38882943243292706,0.01784711776833686,0.5037938585640664,62.82,222051.38823529464,-0.72,0.0,1.0,0.033478804895189285,18.925,0.0,5.0758824,93.52852,-3.9906306,0.6,0.6,0.5
0.3723051814068628,0.014510061875020139,0.5038991644201093,64.8,259522.5599999996,-0.72,0.0,1.0,0.033478804895189285,18.93,0.0,5.0758824,93.52852,-3.9906306,0.6,0.6,0.5
0.3483896279764521,0.018235175178912898,0.5041137353113733,66.42,133230.83294117684,-0.72,0.0,1.0,0.3081453901791562,18.935,0.0,5.0758824,93.52852,-3.9906306,0.6,0.6,0.5
0.32215867341179094,0.01005681812720973,0.5042022929549245,68.03999999999999,39.437310163500314,-0.72,0.0,1.0,0.33866389965515253,18.94,0.0,-76.45105,13.815235,-61.938545,0.0,0.6,0.5
0.29353822446018785,0.01231507816434266,0.504109784948917,69.48,64944.06193548441,-0.72,0.0,1.0,0.32340464491715437,18.945,0.0,-76.45105,13.815235,-61.938545,0.0,0.6,0.5
0.26602471504421366,0.020795053082856004,0.5041529610378418,70.92,150994.94399999976,-0.72,0.0,1.0,0.36918240913114886,18.95,0.0,-76.45105,13.815235,-61.938545,0.0,0.6,0.5
0.2385417039837111,0.0391293931978224,0.5038686970302234,72.17999999999999,165150.7199999988,-0.72,0.0,1.0,-0.08859523300879601,18.955000000000002,0.0,-76.45105,13.815235,-61.938545,0.0,0.6,0.5
0.21312222635771622,0.06340634877357966,0.5040300024121692,73.08,121770.11612903302,-0.72,0.0,1.0,0.07925656910918377,18.96,0.0,-105.2695,132.37303,68.07821,0.0,0.6,0.5
0.19126269635495963,0.07168379280716941,0.5042467206356079,73.98,111025.69411764776,-0.72,0.0,1.0,0.5065157017731323,18.965,0.0,-105.2695,132.37303,68.07821,0.0,0.6,0.5
0.17956703784298725,0.08181337245550263,0.5043973719356087,74.52,68634.06545454444,-0.72,0.0,1.0,0.17081209753717275,18.97,0.0,-105.2695,132.37303,68.07821,0.0,0.6,0.5
0.17628094581267434,0.10546829863878449,0.5044423940495792,74.88,10133.888859060387,-0.72,0.0,1.0,0.2776268807031599,18.975,0.0,-105.2695,132.37303,68.07821,0.0,0.6,0.5
0.17299506951353819,0.11343866728893687,0.5045787336362488,74.88,0.0,-0.72,0.0,1.0,0.2623676259651617,18.98,0.0,-119.43805,35.77985,-9.212697,0.0,0.6,0.5
0.17221657866602108,0.12437382650168793,0.5042773977859942,74.7,-4.061624273724817,-0.72,0.0,1.0,0.07925656910918377,18.985,0.0,-119.43805,35.77985,-9.212697,0.0,0.6,0.5
0.17133021519115135,0.14667698948861474,0.504244092248035,74.16,-13481.691428571585,-0.72,0.0,1.0,0.09451582384718193,18.990000000000002,0.0,-119.43805,35.77985,-9.212697,0.0,0.6,0.5
0.1704014681355742,0.17231317950701835,0.5040568988809333,73.44,-75497.47199999988,-0.72,0.0,1.0,0.20133060701316907,18.995,0.0,-119.43805,35.77985,-9.212697,0.0,0.6,0.5
0.17027081100739058,0.1825342921485562,0.5038489975799241,72.36,-137268.1309090907,-0.72,0.0,1.0,0.15555284279917458,19.0,0.0,-9.050055,-33.249187,-9.894953,0.0,0.0,0.5
0.16652546643330804,0.20174612265555694,0.5038262461480949,71.1,-165150.72000000067,-0.72,0.0,1.0,0.1097750785851801,19.005,0.0,-9.050055,-33.249187,-9.894953,0.0,0.0,0.5
0.15825151257868114,0.21970539956574459,0.5037939260384877,69.48,-199846.2494117635,-0.72,0.0,1.0,0.033478804895189285,19.01,0.0,-9.050055,-33.249187,-9.894953,0.0,0.0,0.5
0.14636993717325167,0.2285038236125448,0.503776513751285,67.67999999999999,-243540.23225806604,-0.72,0.0,1.0,0.033478804895189285,19.015,0.0,-9.050055,-33.249187,-9.894953,0.0,0.0,0.5
0.13352757194214812,0.24935729548480187,0.5032805611729764,65.7,-267894.2554838696,-0.72,0.0,1.0,0.06399731437118561,19.02,8.522881865501404,37.458855,-45.173656,-62.127693,0.6,0.0,0.5
0.1240406405497651,0.26562321517149456,0.5032328086772028,63.36,-54.186982321698785,-0.72,0.0,1.0,0.32340464491715437,19.025000000000002,8.522881865501404,37.458855,-45.173656,-62.127693,0.6,0.0,0.5
0.11265251053148924,0.28368751517338237,0.5031384181848455,60.839999999999996,-165150.7200000002,-0.72,0.0,1.0,0.2318491164891654,19.03,8.522881865501404,37.458855,-45.173656,-62.127693,0.6,0.0,0.5
0.09820544683625289,0.2915459835728512,0.5029859950901797,58.14,-343170.32727272675,-0.72,0.0,1.0,0.09451582384718193,19.035,8.522881865501404,37.458855,-45.173656,-62.127693,0.6,0.0,0.5
0.0929698179444179,0.2954907755989588,0.5031300219669271,55.44,-377487.3600000004,-0.72,0.0,1.0,0.1860713522751709,19.04,8.522881865501404,71.940186,-77.82159,-132.69626,0.6,0.0,0.5
0.07315108751478755,0.30637268261207085,0.5031069787034784,52.379999999999995,-442571.38758620725,-0.72,0.0,1.0,-0.012298959318805203,19.045,8.522881865501404,71.940186,-77.82159,-132.69626,0.6,0.0,0.5
0.0639418012890319,0.3078209060331126,0.5031502965366448,49.32,-122234.00228571409,-0.72,0.0,1.0,0.46073793755913783,19.05,8.522881865501404,71.940186,-77.82159,-132.69626,0.6,0.0,0.5
0.05042987648749158,0.30119278780938274,0.5035712662260575,46.26,-337751.84842105285,-0.72,0.0,1.0,0.29288613544115805,19.055,8.522881865501404,71.940186,-77.82159,-132.69626,0.6,0.0,0.5
0.042506603476501675,0.3070911065647396,0.5036339159397155,43.019999999999996,-424673.28000000026,-0.72,0.0,1.0,0.5065157017731323,19.06,20.0,70.07089,12.834704,-85.81426,0.6,0.6,0.5
0.022519441761737966,0.29572518053216773,0.5035724610723775,39.78,-424673.27999999933,-0.72,0.0,1.0,0.07925656910918377,19.065,20.0,70.07089,12.834704,-85.81426,0.6,0.6,0.5
0.037349479942340565,0.28278810907678137,0.5032400339421745,36.36,-83.1253132442848,-0.72,0.0,1.0,0.21658986175116723,19.07,20.0,70.07089,12.834704,-85.81426,0.6,0.6,0.5
0.04127753535173308,0.26879935095295593,0.5033305825166259,32.94,-247319.30482758634,-0.72,0.0,1.0,0.1860713522751709,19.075,20.0,70.07089,12.834704,-85.81426,0.6,0.6,0.5
0.0469269560259977,0.24003432174021302,0.50365566527869,29.52,-462726.44129032234,-0.72,0.0,1.0,0.06399731437118561,19.080000000000002,0.0,40.773792,-9.391445,9.740956,0.6,0.0,0.5
0.062444445445407046,0.22386188036244842,0.5038201590292211,25.919999999999998,-520672.2206896554,-0.72,0.0,1.0,-0.05807672353279969,19.085,0.0,40.773792,-9.391445,9.740956,0.6,0.0,0.5
0.09023701116389081,0.20109623214691683,0.5038170826551449,22.32,-520672.2206896549,-0.72,0.0,1.0,0.06399731437118561,19.09,0.0,40.773792,-9.391445,9.740956,0.6,0.0,0.5
0.11068431617319897,0.1879823439827944,0.5037653095758928,18.72,-471859.2000000002,-0.72,0.0,1.0,0.41496017334514335,19.095,0.0,40.773792,-9.391445,9.740956,0.6,0.0,0.5
0.13140580230146168,0.1736959959586072,0.5036128471634782,15.12,-431414.12571428565,-0.72,0.0,1.0,0.20133060701316907,19.1,0.0,-75.9785,-35.99163,-121.32454,0.0,0.0,0.5
0.15182574013152994,0.17171128326158774,0.5034021998026439,11.52,-487080.464516129,-0.8999999999999999,-24354.023225806442,1.0,0.09451582384718193,19.105,0.0,-75.9785,-35.99163,-121.32454,0.0,0.0,0.5
0.1678983343497477,0.1678611525213255,0.5031857402994558,8.1,-77.37482971034036,-0.8999999999999999,0.0,1.0,0.33866389965515253,19.11,0.0,-75.9785,-35.99163,-121.32454,0.0,0.0,0.5
0.18541610356090363,0.19120260626793995,0.5029346802306014,4.859999999999999,-234302.49931034484,1.6199999999999999,182235.27724137928,1.0,8.593920712912382,19.115000000000002,0.0,-75.9785,-35.99163,-121.32454,0.0,0.0,0.5
0.2067470847655358,0.20355573506256086,0.5048210039010406,3.06,-235929.59999999992,4.859999999999999,424673.2799999999,1.0,11.187994018372123,19.12,0.0,55.18681,-42.303745,25.120703,0.6,0.0,0.5
0.22114116175384538,0.21488458261503038,0.5069167952594394,2.88,-25165.824000000022,4.5,-50331.64799999992,1.0,-0.9431134983367482,19.125,0.0,55.18681,-42.303745,25.120703,0.6,0.0,0.5
0.2337578258992337,0.21884194914916355,0.5071145742437757,3.96,43141.41257142858,2.52,-79092.58971428571,1.0,-0.4853358561968033,19.13,0.0,55.18681,-42.303745,25.120703,0.6,0.0,0.5
0.24907308695777827,0.21683946558479827,0.5074426403973389,6.4799999999999995,320292.3054545454,-0.36,-366048.34909090906,1.0,0.6285897396771176,19.135,0.0,55.18681,-42.303745,25.120703,0.6,0.0,0.5
0.2605850232992227,0.2206078217016755,0.5052328215591827,7.92,183024.1745454546,-0.8999999999999999,-68634.06545454545,1.0,-0.2411877803888327,19.14,0.0,-73.53715,142.7211,87.57525,0.0,0.6,0.5
0.26449034613536665,0.21411014070449558,0.5034704144282637,9.9,259522.56000000006,0.0,117964.79999999999,1.0,-1.0804467909787316,19.145,0.0,-73.53715,142.7211,87.57525,0.0,0.6,0.5
0.26343466737591326,0.20707947834694385,0.5034108053508388,12.6,377487.3599999999,-0.8999999999999999,-125829.11999999998,1.0,-0.30222479934082536,19.150000000000002,0.0,-73.53715,142.7211,87.57525,0.0,0.6,0.5
0.2621616780547611,0.19832988198271034,0.5026280749711639,14.399999999999999,43.90843011928369,-0.72,4.39084301192837,1.0,-0.19541001617478315,19.155,0.0,-73.53715,142.7211,87.57525,0.0,0.6,0.5
0.26042950031065926,0.18094796294125923,0.5020714509002117,16.919999999999998,199427.28452830185,-0.8999999999999999,-14244.806037735843,1.0,0.21658986175116723,19.16,0.0,86.16914,-96.32146,-114.32776,0.6,0.0,0.5
0.26000957127368396,0.1619169980233959,0.5020984326619884,19.259999999999998,306708.48,-0.8999999999999999,0.0,1.0,-0.012298959318805203,19.165,0.0,86.16914,-96.32146,-114.32776,0.6,0.0,0.5
0.26120333151983316,0.1363788580306899,0.5015642857743753,21.599999999999998,93473.06057142856,-0.8999999999999999,0.0,1.0,0.12503433332317826,19.17,0.0,86.16914,-96.32146,-114.32776,0.6,0.0,0.5
0.261270457670627,0.13242602458278716,0.5012873802932263,23.939999999999998,338436.94344827585,-0.8999999999999999,0.0,1.0,-0.16489150669878683,19.175,0.0,86.16914,-96.32146,-114.32776,0.6,0.0,0.5
0.2591512041866363,0.13993660726541185,0.5014196313546965,26.279999999999998,297414.28363636363,-0.8999999999999999,0.0,1.0,0.1097750785851801,19.18,0.0,39.76894,-25.00268,-58.933258,0.6,0.0,0.5
0.25823463239396305,0.1348804250902989,0.5009299663262826,28.619999999999997,172187.21684210526,-0.8999999999999999,0.0,1.0,0.00296029541919296,19.185,0.0,39.76894,-25.00268,-58.933258,0.6,0.0,0.5
0.2567383665472302,0.13555424631936197,0.5006004938133819,30.779999999999998,301989.88800000004,-0.8999999999999999,0.0,1.0,0.384441663869147,19.19,0.0,39.76894,-25.00268,-58.933258,0.6,0.0,0.5
0.2553916410868583,0.1461923742494319,0.500395524570104,32.76,44.863228315830426,-0.8999999999999999,0.0,1.0,0.3081453901791562,19.195,0.0,39.76894,-25.00268,-58.933258,0.6,0.0,0.5
0.2547475225175827,0.16845467874253414,0.5000513310218369,34.92,153554.1803389833,-0.8999999999999999,0.0,1.0,0.44547868282113967,19.2,0.0,-23.784416,13.369034,-129.0629,0.0,0.6,0.5
0.2538025791775661,0.1702978512715537,0.4999225403662755,36.9,251658.2399999996,-0.8999999999999999,0.0,1.0,0.36918240913114886,19.205000000000002,0.0,-23.784416,13.369034,-129.0629,0.0,0.6,0.5
0.25506600068948976,0.1824278519392142,0.4998041356586968,38.699999999999996,235929.59999999963,-0.8999999999999999,0.0,1.0,0.33866389965515253,19.21,0.0,-23.784416,13.369034,-129.0629,0.0,0.6,0.5
0.26210190173514303,0.19472628966729993,0.49931457791318257,40.32,234302.49931034548,-0.8999999999999999,0.0,1.0,0.04873805963318745,19.215,0.0,-23.784416,13.369034,-129.0629,0.0,0.6,0.5
0.2706858989052595,0.18531761105640415,0.4990812097361197,41.94,205902.19636363603,-0.8999999999999999,0.0,1.0,0.36918240913114886,19.22,0.0,2.516295,39.046368,-73.38494,0.6,0.6,0.5
0.28102889814261656,0.19022112753182754,0.4986948364274893,43.559999999999995,212336.63999999966,-0.8999999999999999,0.0,1.0,0.09451582384718193,19.225,0.0,2.516295,39.046368,-73.38494,0.6,0.6,0.5
0.295145831596507,0.17377734596481037,0.4985222877619277,45.0,59213.70352941196,-0.8999999999999999,0.0,1.0,0.5828119754631231,19.23,0.0,2.516295,39.046368,-73.38494,0.6,0.6,0.5
0.3093618263042617,0.17428249996062306,0.49823881970975714,46.44,163237.77729729703,-0.8999999999999999,0.0,1.0,0.06399731437118561,19.235,0.0,2.516295,39.046368,-73.38494,0.6,0.6,0.5
0.3163837239073934,0.1677577918837577,0.4983758201694427,47.699999999999996,30.544755431484354,-0.8999999999999999,0.0,1.0,-0.05807672353279969,19.240000000000002,0.0,-42.650723,219.60393,-77.1292,0.0,0.6,0.5
0.31842450315064613,0.16291052712833531,0.4983289083420852,48.96,67754.14153846182,-0.8999999999999999,0.0,1.0,0.018219550157191122,19.245,0.0,-42.650723,219.60393,-77.1292,0.0,0.6,0.5
0.32030038261315896,0.16089434413443826,0.4982652054544828,50.04,119206.53473684192,-0.8999999999999999,0.0,1.0,0.36918240913114886,19.25,0.0,-42.650723,219.60393,-77.1292,0.0,0.6,0.5
0.3216785768264578,0.1664741877360373,0.49772993869864923,50.94,107853.53142857125,-0.72,21570.706285714277,1.0,0.24710837122716356,19.255,0.0,-42.650723,219.60393,-77.1292,0.0,0.6,0.5
0.3222307927457187,0.18121341951934114,0.4976134471136037,51.839999999999996,117964.79999999981,-0.72,0.0,1.0,0.21658986175116723,19.26,0.0,-57.917763,-14.311281,-51.427677,0.0,0.0,0.5
0.32227701522902547,0.18816140045221624,0.4975496963145764,52.739999999999995,114390.10909090891,-0.72,0.0,1.0,0.04873805963318745,19.265,0.0,-57.917763,-14.311281,-51.427677,0.0,0.0,0.5
0.3225677098207042,0.19725943598872972,0.4974555325886719,53.28,73062.06967742021,-0.72,0.0,1.0,0.384441663869147,19.27,0.0,-57.917763,-14.311281,-51.427677,0.0,0.0,0.5
0.32774419162426915,0.21475850277734698,0.4973465049104367,53.82,73062.06967741923,-0.72,0.0,1.0,0.12503433332317826,19.275000000000002,0.0,-57.917763,-14.311281,-51.427677,0.0,0.0,0.5
0.33775861398437884,0.23750976992735962,0.4970326500750785,54.18,8.305187010472574,-0.72,0.0,1.0,0.3081453901791562,19.28,8.522881865501404,33.29722,-59.455334,-80.72057,0.6,0.0,0.5
0.3462633050019407,0.25061072272112406,0.4969823953303633,54.54,9933.877894736826,-0.72,0.0,1.0,0.04873805963318745,19.285,8.522881865501404,33.29722,-59.455334,-80.72057,0.6,0.0,0.5
0.34885018796684214,0.2629389175386212,0.4970735141925878,54.54,0.0,-0.72,0.0,1.0,0.1860713522751709,19.29,8.522881865501404,33.29722,-59.455334,-80.72057,0.6,0.0,0.5
0.3497461901055354,0.27342417360586274,0.4969731592967011,54.36,-22205.138823529378,-0.72,0.0,1.0,-0.012298959318805203,19.295,8.522881865501404,33.29722,-59.455334,-80.72057,0.6,0.0,0.5
0.3495768390597996,0.2916772339094167,0.4968492060719163,54.18,-24354.023225806413,-0.72,0.0,1.0,0.07925656910918377,19.3,20.0,35.683796,21.207085,54.171764,0.6,0.6,0.5
0.34660116450174344,0.3055533922072004,0.4965888711432182,53.82,-44410.277647058756,-0.72,0.0,1.0,0.20133060701316907,19.305,20.0,35.683796,21.207085,54.171764,0.6,0.6,0.5
0.33644408513565266,0.2982312568214565,0.4967620961039267,53.28,-66615.41647058813,-0.72,0.0,1.0,0.41496017334514335,19.31,20.0,35.683796,21.207085,54.171764,0.6,0.6,0.5
0.32047075764467314,0.3002258118625057,0.4966264347074048,52.559999999999995,-97416.09290322661,-0.72,0.0,1.0,0.07925656910918377,19.315,20.0,35.683796,21.207085,54.171764,0.6,0.6,0.5
0.3089467976254491,0.29657311995920055,0.49655950819065253,51.66,-121770.11612903206,-0.72,0.0,1.0,0.5065157017731323,19.32,8.522881865501404,30.373178,-79.79681,31.531569,0.6,0.0,0.5
0.3058374519565306,0.2959492438704025,0.4960050682524927,50.76,-21.263060180699785,-0.72,0.0,1.0,0.2318491164891654,19.325,8.522881865501404,30.373178,-79.79681,31.531569,0.6,0.0,0.5
0.30289744015959447,0.2866712410000942,0.4959188365641761,49.86,-53926.765714285626,-0.72,0.0,1.0,0.41496017334514335,19.330000000000002,8.522881865501404,30.373178,-79.79681,31.531569,0.6,0.0,0.5
0.30155265743324694,0.27718183977730454,0.4960030016930357,48.78,-119206.53473684192,-0.72,0.0,1.0,0.00296029541919296,19.335,8.522881865501404,30.373178,-79.79681,31.531569,0.6,0.0,0.5
0.302804812223022,0.28183455534374474,0.49591464301569677,47.699999999999996,-133230.83294117713,-0.72,0.0,1.0,0.5828119754631231,19.34,0.0,-128.17682,-160.81416,186.84819,0.0,0.0,0.5
0.3029392233507545,0.28852521870871084,0.4958627275076454,46.44,-44410.277647058756,-0.72,0.0,1.0,0.1860713522751709,19.345,0.0,-128.17682,-160.81416,186.84819,0.0,0.0,0.5
0.30402127816936597,0.283993097195502,0.4961478751664656,45.18,-80073.07636363624,-0.8999999999999999,-11439.010909090905,1.0,0.44547868282113967,19.35,0.0,-128.17682,-160.81416,186.84819,0.0,0.0,0.5
0.31096635188776156,0.28630016323480023,0.4961710220505534,44.1,-141557.75999999978,-0.8999999999999999,0.0,1.0,0.2318491164891654,19.355,0.0,-128.17682,-160.81416,186.84819,0.0,0.0,0.5
0.3233202347557707,0.2980887131562714,0.49593179995129105,42.839999999999996,-170478.16258064585,-0.8999999999999999,0.0,1.0,0.33866389965515253,19.36,0.0,-131.36353,-118.78127,-150.06487,0.0,0.0,0.5
0.3356619447995782,0.2995829442414126,0.4956520990534362,41.58,-29.032065658063832,-0.8999999999999999,0.0,1.0,0.06399731437118561,19.365000000000002,0.0,-131.36353,-118.78127,-150.06487,0.0,0.0,0.5
0.3491521860810987,0.29592022667192824,0.4954314062274567,40.5,-62052.71671232867,-0.8999999999999999,0.0,1.0,0.2776268807031599,19.37,0.0,-131.36353,-118.78127,-150.06487,0.0,0.0,0.5
0.36446698424092133,0.2912734797843825,0.49549328115999447,39.6,-111025.69411764688,-0.8999999999999999,0.0,1.0,-0.05807672353279969,19.375,0.0,-131.36353,-118.78127,-150.06487,0.0,0.0,0.5
0.37585616120751747,0.2902269114081514,0.4957158554708236,38.699999999999996,-121770.11612903302,-0.8999999999999999,0.0,1.0,0.2318491164891654,19.38,0.0,-136.29498,-125.94395,-168.96143,0.0,0.0,0.5
0.3806147908675793,0.28189412634835115,0.4958942063469071,38.16,-78100.83310344815,-0.8999999999999999,0.0,1.0,-0.027558214056803365,19.385,0.0,-136.29498,-125.94395,-168.96143,0.0,0.0,0.5
0.3833805446567846,0.26500398285238,0.49612983860600185,37.62,-20779.12073394492,-0.8999999999999999,0.0,1.0,0.2623676259651617,19.39,0.0,-136.29498,-125.94395,-168.96143,0.0,0.0,0.5
0.3857472642092333,0.23745339487933353,0.49599405186902285,37.44,-21570.706285714252,-0.8999999999999999,0.0,1.0,0.1860713522751709,19.395,0.0,-136.29498,-125.94395,-168.96143,0.0,0.0,0.5
0.3848604139146103,0.21513763463080746,0.49602852004325265,37.26,-24354.023225806413,-0.8999999999999999,0.0,1.0,0.20133060701316907,19.400000000000002,20.0,-104.836525,-119.50413,-117.945335,0.0,0.0,0.5
0.38315613219691036,0.19898949618266426,0.49619559546753594,37.44,24354.023225806413,-0.8999999999999999,0.0,1.0,-0.07333597827079785,19.405,20.0,-104.836525,-119.50413,-117.945335,0.0,0.0,0.5
0.3743396982513732,0.18398014019161768,0.4961276215360447,37.62,4.150424786836934,-0.8999999999999999,0.0,1.0,0.24710837122716356,19.41,20.0,-104.836525,-119.50413,-117.945335,0.0,0.0,0.5
0.3554861038145999,0.16132503405905171,0.4961547471670863,37.8,7401.712941176459,-0.8999999999999999,0.0,1.0,0.06399731437118561,19.415,20.0,-104.836525,-119.50413,-117.945335,0.0,0.0,0.5
0.33021306264012806,0.14400976822776682,0.4967445835146433,37.98,19358.326153846123,-0.8999999999999999,0.0,1.0,0.41496017334514335,19.42,8.522881865501404,63.576096,-19.176418,-95.41532,0.6,0.0,0.5
0.30435145778312583,0.11884925438439141,0.4965977627558421,38.16,22205.138823529378,-0.8999999999999999,0.0,1.0,0.07925656910918377,19.425,8.522881865501404,63.576096,-19.176418,-95.41532,0.6,0.0,0.5
0.2778823087527828,0.1063559154572558,0.49666791644542946,38.16,0.0,-0.8999999999999999,0.0,1.0,0.15555284279917458,19.43,8.522881865501404,63.576096,-19.176418,-95.41532,0.6,0.0,0.5
0.2525482714023798,0.09957438707397492,0.4968450115314694,38.16,0.0,-0.8999999999999999,0.0,1.0,0.018219550157191122,19.435,8.522881865501404,63.576096,-19.176418,-95.41532,0.6,0.0,0.5
0.2274468608034632,0.08384506843075187,0.4971777522301088,38.16,0.0,-0.8999999999999999,0.0,1.0,0.44547868282113967,19.44,0.0,33.34464,122.61549,111.0125,0.6,0.6,0.5
0.2042031118356844,0.06461995866129415,0.49772452526293937,37.98,-25165.82399999996,-0.8999999999999999,0.0,1.0,-0.07333597827079785,19.445,0.0,33.34464,122.61549,111.0125,0.6,0.6,0.5
0.18224326513278083,0.05781660127534106,0.4980842785194245,37.8,-5592.405333333324,-0.8999999999999999,0.0,1.0,0.07925656910918377,19.45,0.0,33.34464,122.61549,111.0125,0.6,0.6,0.5
0.16194682881743996,0.054125369416633304,0.49878046498021505,37.44,-8.708249121936857,-0.8999999999999999,0.0,1.0,0.15555284279917458,19.455000000000002,0.0,33.34464,122.61549,111.0125,0.6,0.6,0.5
0.145802556681129,0.05885402350652146,0.49883835702069157,37.08,-20971.519999999968,-0.8999999999999999,0.0,1.0,0.1860713522751709,19.46,0.0,-82.89054,100.26383,118.7089,0.0,0.6,0.5
0.13877144580456752,0.04640952582649519,0.49941485636802363,36.72,-12079.59551999998,-0.8999999999999999,0.0,1.0,0.2776268807031599,19.465,0.0,-82.89054,100.26383,118.7089,0.0,0.6,0.5
0.1365083471908588,0.034817911352383296,0.5004074708003122,36.18,-75497.47199999988,-0.8999999999999999,0.0,1.0,0.2776268807031599,19.47,0.0,-82.89054,100.26383,118.7089,0.0,0.6,0.5
0.13553115953959086,0.02761793813052519,0.5004789859081715,35.64,-70778.87999999989,-0.8999999999999999,0.0,1.0,0.20133060701316907,19.475,0.0,-82.89054,100.26383,118.7089,0.0,0.6,0.5
0.14237751107795021,0.023919257297466853,0.5012647418883517,35.1,-68634.06545454534,-0.8999999999999999,0.0,1.0,0.12503433332317826,19.48,0.0,-78.500626,69.81184,86.77326,0.0,0.6,0.5
0.1598341838085115,0.035122249071013266,0.5021081374394839,34.379999999999995,-91512.08727272804,-0.8999999999999999,0.0,1.0,-0.027558214056803365,19.485,0.0,-78.500626,69.81184,86.77326,0.0,0.6,0.5
0.17983486606912383,0.03863697876501167,0.5029087229740072,33.48,-121770.11612903206,-0.8999999999999999,0.0,1.0,0.24710837122716356,19.490000000000002,0.0,-78.500626,69.81184,86.77326,0.0,0.6,0.5
0.19691102477690955,0.051621127425358335,0.5035141872499245,32.76,-16.610739477679232,-0.8999999999999999,0.0,1.0,0.06399731437118561,19.495,0.0,-78.500626,69.81184,86.77326,0.0,0.6,0.5
0.21215447237370808,0.07386862917358666,0.5037427457847181,31.86,-58982.39999999991,-0.8999999999999999,0.0,1.0,0.1097750785851801,19.5,0.0,-116.01235,-81.62124,79.96216,0.0,0.0,0.5
0.2218316530485261,0.09816453731527403,0.5038821004533675,30.779999999999998,-133230.8329411767,-0.8999999999999999,0.0,1.0,0.09451582384718193,19.505,0.0,-116.01235,-81.62124,79.96216,0.0,0.0,0.5
0.2260780521964229,0.11439732988088068,0.5043822611567328,29.88,-130168.05517241359,-0.8999999999999999,0.0,1.0,0.1860713522751709,19.51,0.0,-116.01235,-81.62124,79.96216,0.0,0.0,0.5
0.22789364237500265,0.12973586728791292,0.5050429465199904,28.799999999999997,-150994.94400000025,-0.8999999999999999,0.0,1.0,0.06399731437118561,19.515,0.0,-116.01235,-81.62124,79.96216,0.0,0.0,0.5
0.22879916782445955,0.14778603613237928,0.5050397299440943,27.72,-133230.83294117625,-0.8999999999999999,0.0,1.0,0.36918240913114886,19.52,0.0,26.557943,-129.55617,-96.69787,0.6,0.0,0.5
0.22799066573028132,0.16151159206161148,0.5051792831166518,26.64,-44849.983366336564,-0.8999999999999999,0.0,1.0,0.018219550157191122,19.525000000000002,0.0,26.557943,-129.55617,-96.69787,0.6,0.0,0.5
0.2217994246290838,0.18661484295309413,0.505077899301749,25.56,-125829.12000000021,-0.8999999999999999,0.0,1.0,0.29288613544115805,19.53,0.0,26.557943,-129.55617,-96.69787,0.6,0.0,0.5
0.20892136484818397,0.2005944979256542,0.5049890955222018,24.3,-165150.71999999974,-0.8999999999999999,0.0,1.0,0.2318491164891654,19.535,0.0,26.557943,-129.55617,-96.69787,0.6,0.0,0.5
0.19227080498629207,0.21202349139806137,0.5047749218855981,23.22,-25.716587584092697,-0.8999999999999999,0.0,1.0,0.384441663869147,19.54,0.0,-16.097895,-166.89925,-29.863523,0.0,0.0,0.5
0.1742449989434634,0.2235532533888259,0.50435207017533,21.96,-81304.96984615372,-0.8999999999999999,0.0,1.0,0.07925656910918377,19.545,0.0,-16.097895,-166.89925,-29.863523,0.0,0.0,0.5
0.15532183599370894,0.22350136626085507,0.5042409551019489,20.52,-177641.11058823546,-0.8999999999999999,0.0,1.0,0.1860713522751709,19.55,0.0,-16.097895,-166.89925,-29.863523,0.0,0.0,0.5
0.1404411780906846,0.22331838818690822,0.5041094220188372,19.08,-52980.68210526321,-0.8999999999999999,0.0,1.0,0.06399731437118561,19.555,0.0,-16.097895,-166.89925,-29.863523,0.0,0.0,0.5
0.1329459309931921,0.22313407418291728,0.5040043352196772,17.64,-194832.1858064513,-0.8999999999999999,0.0,1.0,0.20133060701316907,19.56,0.0,24.655039,-140.8214,-133.57578,0.6,0.0,0.5
0.1306755932514735,0.22547612440643822,0.5038042038084054,16.2,-183024.1745454547,-0.8999999999999999,0.0,1.0,0.1860713522751709,19.565,0.0,24.655039,-140.8214,-133.57578,0.6,0.0,0.5
0.12869744069985964,0.2119046556960884,0.5037351538560669,14.58,-212336.6399999999,-0.8999999999999999,0.0,1.0,-0.027558214056803365,19.57,0.0,24.655039,-140.8214,-133.57578,0.6,0.0,0.5
0.1324260020747267,0.1980219542836501,0.5034313972128169,13.139999999999999,-194832.18580645177,-0.8999999999999999,0.0,1.0,0.12503433332317826,19.575,0.0,24.655039,-140.8214,-133.57578,0.6,0.0,0.5
0.14404619509770833,0.17083054936922945,0.5032312816549888,11.52,-37.09787440352044,-0.8999999999999999,0.0,1.0,0.46073793755913783,19.580000000000002,20.0,83.71245,-108.95693,-104.82839,0.6,0.0,0.5
0.1536803583432396,0.15308038664987914,0.5033042406366911,10.08,-83886.07999999997,-0.8999999999999999,0.0,1.0,0.2776268807031599,19.585,20.0,83.71245,-108.95693,-104.82839,0.6,0.0,0.5
0.15888876877008348,0.1407228044216673,0.5029370969591965,8.82,-146800.63999999998,-0.8999999999999999,0.0,1.0,0.09451582384718193,19.59,20.0,83.71245,-108.95693,-104.82839,0.6,0.0,0.5
0.16217061639670952,0.11781273742151958,0.5026916118383145,7.56,-160146.15272727283,-0.8999999999999999,0.0,1.0,0.1860713522751709,19.595,20.0,83.71245,-108.95693,-104.82839,0.6,0.0,0.5
0.16426718567326082,0.12126409327578126,0.5022704735000052,6.4799999999999995,-146124.13935483873,-0.8999999999999999,0.0,1.0,0.5522934659871268,19.6,8.522881865501404,65.829384,-122.4061,-51.21742,0.6,0.0,0.5
0.16637245394914496,0.08887042907021021,0.5020263588027465,5.9399999999999995,-68634.06545454546,-0.18,91512.08727272727,1.0,3.421033356730838,19.605,8.522881865501404,65.829384,-122.4061,-51.21742,0.6,0.0,0.5
0.169561420407201,0.075647121558699,0.5021481200511893,6.3,14949.994455445558,-0.72,-22424.99168316832,1.0,4.718070009460737,19.61,8.522881865501404,65.829384,-122.4061,-51.21742,0.6,0.0,0.5
0.17513225588871248,0.06333749601034365,0.502014727704202,6.84,66615.41647058824,-0.8999999999999999,-22205.138823529403,1.0,1.2694784386730404,19.615000000000002,8.522881865501404,65.829384,-122.4061,-51.21742,0.6,0.0,0.5
0.1807779020711165,0.053894235368310096,0.5017281221780703,7.739999999999999,121770.11612903219,-0.8999999999999999,0.0,1.0,-0.8973357341227537,19.62,0.0,88.35718,-117.918564,-27.497948,0.6,0.0,0.5
0.19450040625905124,0.05014831755320811,0.5015819923333573,8.82,26.374969839532362,-0.8999999999999999,0.0,1.0,-0.8668172246467574,19.625,0.0,88.35718,-117.918564,-27.497948,0.6,0.0,0.5
0.21486120981393242,0.062112310675629175,0.5012900467526585,9.9,67609.67641791045,-0.8999999999999999,0.0,1.0,-0.454817346720807,19.63,0.0,88.35718,-117.918564,-27.497948,0.6,0.0,0.5
0.2318808028541676,0.0377551418105728,0.501094067287775,11.16,142833.0551351351,-0.8999999999999999,0.0,1.0,-0.4395580919828088,19.635,0.0,88.35718,-117.918564,-27.497948,0.6,0.0,0.5
0.24678911324970765,0.029155271594765744,0.5012261277297679,12.78,212336.6399999999,-0.8999999999999999,0.0,1.0,-0.3327433088168217,19.64,0.0,75.072174,-117.85531,-88.082664,0.6,0.0,0.5
0.2664688695065633,0.014548232439597379,0.5009475412798838,14.58,71902.35428571432,-0.8999999999999999,0.0,1.0,0.567552720725125,19.645,0.0,75.072174,-117.85531,-88.082664,0.6,0.0,0.5
0.2814784859819577,0.014876696265521365,0.5010970055629536,16.74,258848.47542857123,-0.8999999999999999,0.0,1.0,1.4525894955290184,19.650000000000002,0.0,75.072174,-117.85531,-88.082664,0.6,0.0,0.5
0.2947812495138512,0.014764437301561965,0.5009122487194676,18.9,274536.26181818184,-0.8999999999999999,0.0,1.0,0.8117007965330956,19.655,0.0,75.072174,-117.85531,-88.082664,0.6,0.0,0.5
0.310044590282705,0.018026759845604538,0.5008026526733276,21.24,316602.3019354839,-0.8999999999999999,0.0,1.0,-0.6226691488387868,19.66,0.0,63.621128,-123.39389,-96.1997,0.6,0.0,0.5
0.3238320367660176,0.02464016136995993,0.5008563010541568,23.759999999999998,57.17277943658314,-0.8999999999999999,0.0,1.0,-0.2411877803888327,19.665,0.0,63.621128,-123.39389,-96.1997,0.6,0.0,0.5
0.3338575377779781,0.017743119133021595,0.5010572347771438,26.459999999999997,191942.72542372876,-0.8999999999999999,0.0,1.0,-0.27170628986482903,19.67,0.0,63.621128,-123.39389,-96.1997,0.6,0.0,0.5
0.3465143660447913,0.018926473920016614,0.5007204403921025,29.34,366048.3490909094,-0.8999999999999999,0.0,1.0,0.17081209753717275,19.675,0.0,63.621128,-123.39389,-96.1997,0.6,0.0,0.5
0.3580580205769732,0.011706406982656277,0.5005247077932673,32.22,416537.776551724,-0.8999999999999999,0.0,1.0,0.49125644703513416,19.68,0.0,-110.61284,-164.87315,-143.38852,0.0,0.0,0.5
0.36743238321339977,0.008319245056454296,0.5001653050713736,35.28,427819.0080000003,-0.8999999999999999,0.0,1.0,0.46073793755913783,19.685,0.0,-110.61284,-164.87315,-143.38852,0.0,0.0,0.5
0.37581025989031397,-0.0028153100828391176,0.5008474674783047,38.339999999999996,388926.37090909027,-0.8999999999999999,0.0,1.0,-0.04281746879480153,19.69,0.0,-110.61284,-164.87315,-143.38852,0.0,0.0,0.5
0.3853101505106462,0.00422330740452657,0.500491711775326,41.4,401080.3200000003,-0.8999999999999999,0.0,1.0,-0.012298959318805203,19.695,0.0,-110.61284,-164.87315,-143.38852,0.0,0.0,0.5
0.39208766520662425,-0.005449152095005428,0.5007507446512808,44.64,438372.4180645164,-0.8999999999999999,0.0,1.0,-0.11911374248479234,19.7,0.0,-2.7759876,89.747986,96.22668,0.0,0.6,0.5
0.3985911595701369,-0.012096693457165299,0.5012660968297898,47.879999999999995,63800.68056338018,-0.8999999999999999,0.0,1.0,0.21658986175116723,19.705000000000002,0.0,-2.7759876,89.747986,96.22668,0.0,0.6,0.5
0.40515376657985225,-0.02232938334651212,0.5016655318057889,50.94,74.29434070609489,-0.8999999999999999,0.0,1.0,0.4302194280831415,19.71,0.0,-2.7759876,89.747986,96.22668,0.0,0.6,0.5
0.41039737417273636,-0.011538324616564302,0.5013437668262856,54.18,202829.02925373148,-0.8999999999999999,0.0,1.0,0.32340464491715437,19.715,0.0,-2.7759876,89.747986,96.22668,0.0,0.6,0.5
0.41043482546732435,-0.01720395082485416,0.5013248973135744,57.239999999999995,377487.3599999994,-0.8999999999999999,0.0,1.0,0.32340464491715437,19.72,0.0,43.278465,-97.76226,61.38597,0.6,0.0,0.5
0.4090458122707479,-0.013597587867360122,0.5014174783131696,60.12,402653.18400000036,-0.8999999999999999,0.0,1.0,-0.10385448774679418,19.725,0.0,43.278465,-97.76226,61.38597,0.6,0.0,0.5
0.40797927380055043,-0.011859864755167772,0.5013507758813601,63.0,377487.36000000034,-0.8999999999999999,0.0,1.0,0.018219550157191122,19.73,0.0,43.278465,-97.76226,61.38597,0.6,0.0,0.5
0.40544862143287513,-0.023601597755289038,0.5013373439917473,65.7,343170.3272727276,-0.8999999999999999,0.0,1.0,0.2776268807031599,19.735,0.0,43.278465,-97.76226,61.38597,0.6,0.0,0.5
0.4031883704321166,-0.015352215869421785,0.5012897904143974,68.39999999999999,333077.08235293976,-0.8999999999999999,0.0,1.0,0.12503433332317826,19.740000000000002,0.0,33.50477,75.45765,22.901035,0.6,0.6,0.5
0.3983001998493497,-0.006981631944645399,0.5010642771091547,70.92,340956.3251612917,-0.8999999999999999,0.0,1.0,0.15555284279917458,19.745,0.0,33.50477,75.45765,22.901035,0.6,0.6,0.5
0.3835379241429272,0.003365054859631922,0.501487810281484,73.25999999999999,52.87108697760084,-0.72,4.067006690584697,1.0,-0.07333597827079785,19.75,0.0,33.50477,75.45765,22.901035,0.6,0.6,0.5
0.3615936598357938,0.02800788019270134,0.5020198293231011,75.42,102951.0981818187,-0.72,0.0,1.0,0.3997009186071452,19.755,0.0,33.50477,75.45765,22.901035,0.6,0.6,0.5
0.33594046129998717,0.058147459527110756,0.5023646966008477,77.22,49998.32582781449,-0.72,0.0,1.0,0.17081209753717275,19.76,0.0,11.163383,54.805676,-110.107475,0.6,0.6,0.5
0.31541726376331647,0.06335485759931495,0.5022240595002109,78.84,93079.07506849342,-0.72,0.0,1.0,0.475997192297136,19.765,0.0,11.163383,54.805676,-110.107475,0.6,0.6,0.5
0.30583708022364814,0.05870511818316517,0.5023211082378876,80.1,142833.0551351341,-0.72,0.0,1.0,0.1097750785851801,19.77,0.0,11.163383,54.805676,-110.107475,0.6,0.6,0.5
0.3020679823970413,0.06982635045403193,0.5021487673409675,81.0,125829.1200000008,-0.72,0.0,1.0,0.17081209753717275,19.775000000000002,0.0,11.163383,54.805676,-110.107475,0.6,0.6,0.5
0.29873407899423454,0.08205937963364045,0.50226997915053,81.36,44410.277647058756,-0.72,0.0,1.0,0.12503433332317826,19.78,0.0,-75.23073,94.530365,77.48705,0.0,0.6,0.5
0.2988867091972395,0.0816114370402553,0.5022378172834358,81.36,0.0,-0.72,0.0,1.0,0.46073793755913783,19.785,0.0,-75.23073,94.530365,77.48705,0.0,0.6,0.5
0.2993264878948038,0.0955259293430287,0.5023206632368058,81.17999999999999,-26033.611034483743,-0.72,0.0,1.0,0.15555284279917458,19.79,0.0,-75.23073,94.530365,77.48705,0.0,0.6,0.5
0.30012510604342985,0.10542384488613868,0.5021000716977404,80.46,-16.64819250806249,-0.72,0.0,1.0,0.1860713522751709,19.795,0.0,-75.23073,94.530365,77.48705,0.0,0.6,0.5
0.3062597920627202,0.1308007925293149,0.5021454974514872,79.56,-47185.919999999554,-0.72,0.0,1.0,-0.012298959318805203,19.8,0.0,-50.60261,238.49187,-141.22713,0.0,0.6,0.5
0.3176599759057434,0.14981855352597037,0.5019525822958508,78.11999999999999,-167772.1600000014,-0.72,0.0,1.0,-0.012298959318805203,19.805,0.0,-50.60261,238.49187,-141.22713,0.0,0.6,0.5
0.3297736233426316,0.16570846810277678,0.5016658537138402,76.5,-199846.2494117635,-0.72,0.0,1.0,0.20133060701316907,19.81,0.0,-50.60261,238.49187,-141.22713,0.0,0.6,0.5
0.33695062526978364,0.17058235573425684,0.5016349905716868,74.7,-243540.23225806412,-0.72,0.0,1.0,0.36918240913114886,19.815,0.0,-50.60261,238.49187,-141.22713,0.0,0.6,0.5
0.34060091253409147,0.18464725130490617,0.5013275026065103,72.53999999999999,-73062.06967741971,-0.72,0.0,1.0,0.09451582384718193,19.82,0.0,-124.67197,-125.98806,-99.377815,0.0,0.0,0.5
0.3430051842537368,0.20474453558905475,0.5012741285629326,70.2,-166350.36203389755,-0.72,0.0,1.0,0.2623676259651617,19.825,0.0,-124.67197,-125.98806,-99.377815,0.0,0.0,0.5
0.3432374288207156,0.21670881916465703,0.5010884924881238,67.5,-377487.3600000004,-0.72,0.0,1.0,0.2776268807031599,19.830000000000002,0.0,-124.67197,-125.98806,-99.377815,0.0,0.0,0.5
0.3426957513384237,0.23365949111073073,0.5006841033000206,64.8,-377487.3600000004,-0.72,0.0,1.0,0.3997009186071452,19.835,0.0,-124.67197,-125.98806,-99.377815,0.0,0.0,0.5
0.34183927475349674,0.2540363956495894,0.5005677512105786,61.919999999999995,-69.87393071374451,-0.72,0.0,1.0,0.15555284279917458,19.84,8.522881865501404,47.364723,-45.1052,47.26332,0.6,0.0,0.5
0.33802122654295425,0.2703230678020545,0.5006914259934679,58.86,-168875.92421052605,-0.72,0.0,1.0,0.09451582384718193,19.845,8.522881865501404,47.364723,-45.1052,47.26332,0.6,0.0,0.5
0.32679320342503815,0.2826086607470003,0.5004388611310069,55.8,-337751.84842105285,-0.72,0.0,1.0,-0.11911374248479234,19.85,8.522881865501404,47.364723,-45.1052,47.26332,0.6,0.0,0.5
0.3090303766786706,0.29795025898814925,0.5003592086477473,52.379999999999995,-421897.63764705905,-0.72,0.0,1.0,0.36918240913114886,19.855,8.522881865501404,47.364723,-45.1052,47.26332,0.6,0.0,0.5
0.28655364466519634,0.29326951098980486,0.5001283845592155,49.14,-424673.27999999933,-0.72,0.0,1.0,0.06399731437118561,19.86,20.0,72.02261,56.080666,-227.5205,0.6,0.6,0.5
0.26240948579985574,0.2898371909911914,0.500279712276474,45.72,-398458.8800000002,-0.72,0.0,1.0,0.36918240913114886,19.865000000000002,20.0,72.02261,56.080666,-227.5205,0.6,0.6,0.5
0.23763372725927537,0.29357397455119993,0.5006370131378844,42.12,-487080.4645161292,-0.72,0.0,1.0,0.04873805963318745,19.87,20.0,72.02261,56.080666,-227.5205,0.6,0.6,0.5
0.21754730294134034,0.28831531118375575,0.5004881275634997,38.519999999999996,-101338.88859060407,-0.72,0.0,1.0,0.29288613544115805,19.875,20.0,72.02261,56.080666,-227.5205,0.6,0.6,0.5
0.20795307765573706,0.28529654460408516,0.5006376156058949,34.92,-80.94160430559414,-0.72,0.0,1.0,0.33866389965515253,19.88,20.0,39.020428,-89.8687,-31.910345,0.6,0.0,0.5
0.20513549925640684,0.29274907796791183,0.5003597875233377,31.32,-160632.91914893623,-0.72,0.0,1.0,0.475997192297136,19.885,20.0,39.020428,-89.8687,-31.910345,0.6,0.0,0.5
0.2024037277334663,0.2916053481922514,0.5005703620189782,27.54,-396361.7280000001,-0.72,0.0,1.0,0.018219550157191122,19.89,20.0,39.020428,-89.8687,-31.910345,0.6,0.0,0.5
0.2050148855819246,0.2823468448586935,0.500431491927194,23.939999999999998,-444102.7764705884,-0.8999999999999999,-22205.138823529403,1.0,0.384441663869147,19.895,20.0,39.020428,-89.8687,-31.910345,0.6,0.0,0.5
0.2149518415664998,0.2793473920126385,0.5004428199434877,20.34,-503316.4799999997,-0.8999999999999999,0.0,1.0,0.07925656910918377,19.900000000000002,0.0,79.36804,-116.32508,37.349834,0.6,0.0,0.5
0.22709501978716334,0.25726988504419673,0.5004038746966095,16.74,-444102.7764705884,-0.8999999999999999,0.0,1.0,0.36918240913114886,19.905,0.0,79.36804,-116.32508,37.349834,0.6,0.0,0.5
0.23991556716872092,0.2446549793924337,0.5004290521479511,13.5,-411804.3927272725,-0.8999999999999999,0.0,1.0,0.24710837122716356,19.91,0.0,79.36804,-116.32508,37.349834,0.6,0.0,0.5
0.25928581273284484,0.24352222739376156,0.5003514610678479,10.62,-389664.3716129033,-0.8999999999999999,0.0,1.0,0.1860713522751709,19.915,0.0,79.36804,-116.32508,37.349834,0.6,0.0,0.5
0.2780232721842938,0.24247573475572895,0.49995424427433566,8.1,-320292.3054545454,-0.8999999999999999,0.0,1.0,0.06399731437118561,19.92,0.0,5.6411,-32.794357,-88.04487,0.6,0.0,0.5
0.292210100927618,0.24577374944650207,0.49967310598818215,6.12,-48.365093967118774,-0.18,17.587306897134106,1.0,4.397625659962776,19.925,0.0,5.6411,-32.794357,-88.04487,0.6,0.0,0.5
0.30863279978914704,0.2401225934149163,0.5001715448669403,5.9399999999999995,-11268.279402985112,0.72,56341.397014925366,1.0,7.235847041230489,19.93,0.0,5.6411,-32.794357,-88.04487,0.6,0.0,0.5
0.3243579798020423,0.2435441394058261,0.5001859217530347,7.02,133230.8329411765,-1.08,-222051.38823529411,1.0,3.2531815546128584,19.935,0.0,5.6411,-32.794357,-88.04487,0.6,0.0,0.5
0.33437576736793795,0.24107748549415908,0.4996117533035143,8.1,29998.995496688745,-0.8999999999999999,4999.8325827814615,1.0,-0.9431134983367482,19.94,0.0,37.097717,-131.75407,-66.54802,0.6,0.0,0.5
0.3468902025480105,0.2403775308165019,0.49982608334512874,10.08,218545.31368421056,-0.8999999999999999,0.0,1.0,-0.5921506393627904,19.945,0.0,37.097717,-131.75407,-66.54802,0.6,0.0,0.5
0.35942968734050307,0.2381800124853223,0.49921400818433037,12.42,306708.48,-0.8999999999999999,0.0,1.0,-1.019409772026739,19.95,0.0,37.097717,-131.75407,-66.54802,0.6,0.0,0.5
0.3681862312038876,0.21637879030923576,0.4991417033110397,15.12,333077.0823529411,-0.8999999999999999,0.0,1.0,-0.546372875148796,19.955000000000002,0.0,37.097717,-131.75407,-66.54802,0.6,0.0,0.5
0.37678978860965745,0.20265176560532921,0.49951439238703704,18.18,414018.39483870973,-0.8999999999999999,0.0,1.0,0.17081209753717275,19.96,0.0,68.63797,-27.41654,-125.87252,0.6,0.0,0.5
0.3864141154906311,0.19154338245538974,0.4990378208844533,21.779999999999998,82.93827976952268,-0.8999999999999999,0.0,1.0,0.8422193060090919,19.965,0.0,68.63797,-27.41654,-125.87252,0.6,0.0,0.5
0.39320828385247375,0.16798784853989146,0.4989148485457628,25.38,162360.15483870974,-0.8999999999999999,0.0,1.0,0.00296029541919296,19.97,0.0,68.63797,-27.41654,-125.87252,0.6,0.0,0.5
0.3993135841452251,0.1412235141566555,0.4992640988326407,29.52,123151.90468085108,-0.8999999999999999,0.0,1.0,0.033478804895189285,19.975,0.0,68.63797,-27.41654,-125.87252,0.6,0.0,0.5
0.40624284839682645,0.13365732955028747,0.49850148016604967,33.66,510718.1929411761,-0.8999999999999999,0.0,1.0,-0.454817346720807,19.98,0.0,60.544327,-74.022354,-99.26261,0.6,0.0,0.5
0.41176194349588524,0.12055692450063579,0.49821968391597793,37.98,603979.7760000001,-0.8999999999999999,0.0,1.0,0.2623676259651617,19.985,0.0,60.544327,-74.022354,-99.26261,0.6,0.0,0.5
0.41659931448584686,0.10972119002659327,0.4979672604737622,42.3,549072.5236363637,-0.8999999999999999,0.0,1.0,0.2776268807031599,19.990000000000002,0.0,60.544327,-74.022354,-99.26261,0.6,0.0,0.5
0.42226647772297043,0.09857854076049924,0.4973520550342281,46.8,214481.45454545456,-0.8999999999999999,0.0,1.0,0.44547868282113967,19.995,0.0,60.544327,-74.022354,-99.26261,0.6,0.0,0.5
0.42661814385981867,0.10214801368452016,0.4970964501497435,51.3,299593.14285714284,-0.8999999999999999,0.0,1.0,-0.19541001617478315,20.0,0.0,59.24068,-126.29815,-43.686512,0.6,0.0,0.5
0.4301166022402718,0.07528791139374841,0.4974022740565394,55.8,589824.0,-0.8999999999999999,0.0,1.0,0.018219550157191122,20.005,0.0,59.24068,-126.29815,-43.686512,0.6,0.0,0.5
0.43474641034741873,0.06529123502497564,0.4969645634058698,60.12,102.84357989374745,-0.8999999999999999,0.0,1.0,0.3539231543931507,20.01,0.0,59.24068,-126.29815,-43.686512,0.6,0.0,0.5
0.439610926157153,0.06962415837053876,0.4967132112194265,64.44,270438.7056716418,-0.8999999999999999,0.0,1.0,0.12503433332317826,20.015,0.0,59.24068,-126.29815,-43.686512,0.6,0.0,0.5
0.44340042555184994,0.05513338989147255,0.4968801601511884,68.58,526194.501818182,-0.8999999999999999,0.0,1.0,0.32340464491715437,20.02,0.0,105.4628,49.80656,116.2007,0.6,0.6,0.5
0.448497339498535,0.042980828544389504,0.49642966729970445,72.72,542638.0800000001,-0.8999999999999999,0.0,1.0,0.384441663869147,20.025000000000002,0.0,105.4628,49.80656,116.2007,0.6,0.6,0.5
0.45334649419580836,0.030304414735423838,0.49610137054984205,76.5,140305.03646017704,-0.8999999999999999,0.0,1.0,0.15555284279917458,20.03,0.0,105.4628,49.80656,116.2007,0.6,0.6,0.5
0.45759072347719343,0.020755676504906277,0.4960900183405332,80.1,431414.125714285,-0.72,21570.706285714277,1.0,0.2776268807031599,20.035,0.0,105.4628,49.80656,116.2007,0.6,0.6,0.5
0.46090308376446654,0.007971979302801383,0.49650216015405985,83.34,377487.36000000103,-0.72,0.0,1.0,0.24710837122716356,20.04,0.0,64.126724,-66.73138,-45.976192,0.6,0.0,0.5
0.46445670745043677,0.0007129164487207712,0.49671905554433526,86.03999999999999,377487.3599999984,-0.72,0.0,1.0,0.12503433332317826,20.045,0.0,64.126724,-66.73138,-45.976192,0.6,0.0,0.5
0.46752725839789966,0.008030589696880724,0.4969515690205422,88.38,53.95018365114536,-0.72,0.0,1.0,0.06399731437118561,20.05,0.0,64.126724,-66.73138,-45.976192,0.6,0.0,0.5
0.47078799003498484,0.008985750496402243,0.4969855164966926,90.0,40687.26035928155,-0.54,4520.8067065868245,1.0,0.09451582384718193,20.055,0.0,64.126724,-66.73138,-45.976192,0.6,0.0,0.5
0.4735347045938013,0.0051005446707543005,0.49705574372701605,91.08,96379.75148936154,-0.54,0.0,1.0,0.04873805963318745,20.06,0.0,62.466297,99.42126,66.111565,0.6,0.6,0.5
0.4754187790404022,0.004785073666855031,0.49737805955066533,91.44,44410.277647058756,-0.36,22205.138823529418,1.0,0.29288613544115805,20.065,0.0,62.466297,99.42126,66.111565,0.6,0.6,0.5
0.47783933176540505,0.013750918333872977,0.49734388279900194,91.08,-48708.04645161283,-0.36,0.0,1.0,-0.027558214056803365,20.07,0.0,62.466297,99.42126,66.111565,0.6,0.6,0.5
0.4806067234141907,0.039278689874698985,0.49687026080696894,90.36,-83886.07999999987,-0.72,-41943.04,1.0,0.33866389965515253,20.075,0.0,62.466297,99.42126,66.111565,0.6,0.6,0.5
0.4825698422484372,0.059954024928451345,0.4964547370860353,88.92,-177641.11058823502,-0.72,0.0,1.0,-0.027558214056803365,20.080000000000002,0.0,-9.970518,-40.801155,-60.74311,0.0,0.0,0.5
0.4839045531850169,0.0755164274935789,0.4961279587304067,87.11999999999999,-123766.34754098438,-0.72,0.0,1.0,0.2623676259651617,20.085,0.0,-9.970518,-40.801155,-60.74311,0.0,0.0,0.5
0.4847714335559588,0.07331011265707821,0.4958737357603068,85.14,-267894.2554838696,-0.72,0.0,1.0,0.033478804895189285,20.09,0.0,-9.970518,-40.801155,-60.74311,0.0,0.0,0.5
0.48534964209691506,0.07254755972327186,0.49559791923890006,82.8,-56.7916222174646,-0.72,0.0,1.0,0.49125644703513416,20.095,0.0,-9.970518,-40.801155,-60.74311,0.0,0.0,0.5
0.48624121571007256,0.07459778492272036,0.4953497309812698,80.28,-111259.43242105245,-0.72,0.0,1.0,0.24710837122716356,20.1,0.0,-130.73997,-141.20174,-130.54909,0.0,0.0,0.5
0.488056666882836,0.10538055518677739,0.4948149668342695,77.58,-298016.33684210555,-0.72,0.0,1.0,0.24710837122716356,20.105,0.0,-130.73997,-141.20174,-130.54909,0.0,0.0,0.5
0.48968531728831666,0.12545455334160627,0.4944244457308104,74.88,-333077.0823529415,-0.72,0.0,1.0,0.36918240913114886,20.11,0.0,-130.73997,-141.20174,-130.54909,0.0,0.0,0.5
0.4908170743047511,0.14084874570740025,0.4940307880542241,72.0,-377487.3599999994,-0.72,0.0,1.0,0.15555284279917458,20.115000000000002,0.0,-130.73997,-141.20174,-130.54909,0.0,0.0,0.5
0.4907584954837173,0.14712339939168914,0.49395752320412906,69.3,-98474.96347826098,-0.8999999999999999,-6564.997565217389,1.0,-0.05807672353279969,20.12,0.0,-118.250305,125.758644,147.7949,0.0,0.6,0.5
0.4917009317047142,0.1497176809970845,0.49392427950649453,66.6,-314572.80000000034,-0.8999999999999999,0.0,1.0,0.24710837122716356,20.125,0.0,-118.250305,125.758644,147.7949,0.0,0.6,0.5
0.49257981085481223,0.14190691194008148,0.4938578798197063,64.08,-340956.3251612898,-0.8999999999999999,0.0,1.0,0.24710837122716356,20.13,0.0,-118.250305,125.758644,147.7949,0.0,0.6,0.5
0.492026348336726,0.13987478707366924,0.49410121030345805,61.559999999999995,-57.99435992823171,-0.8999999999999999,0.0,1.0,0.44547868282113967,20.135,0.0,-118.250305,125.758644,147.7949,0.0,0.6,0.5
0.48471903710790176,0.1416584232809797,0.4945336309019238,59.22,-124236.34632911373,-0.8999999999999999,0.0,1.0,0.2623676259651617,20.14,0.0,-64.08127,96.09551,117.360504,0.0,0.6,0.5
0.46577628255309284,0.14389964351007128,0.4945319059061682,56.879999999999995,-265261.3881081085,-0.8999999999999999,0.0,1.0,0.2776268807031599,20.145,0.0,-64.08127,96.09551,117.360504,0.0,0.6,0.5
0.43659706833267764,0.13634222726709846,0.49461934063536417,54.72,-274536.2618181814,-0.8999999999999999,0.0,1.0,0.2623676259651617,20.150000000000002,0.0,-64.08127,96.09551,117.360504,0.0,0.6,0.5
0.404347940222211,0.12171474483568288,0.4948921665993635,52.379999999999995,-316602.30193548434,-0.8999999999999999,0.0,1.0,0.2318491164891654,20.155,0.0,-64.08127,96.09551,117.360504,0.0,0.6,0.5
0.3702387130061696,0.11844577760337413,0.49534207341356984,50.04,-297414.28363636316,-0.72,22878.02181818181,1.0,0.20133060701316907,20.16,0.0,-114.32851,86.29737,118.42533,0.0,0.6,0.5
0.3388880862968417,0.10529710689596167,0.4955310748665614,47.879999999999995,-266461.6658823534,-0.72,0.0,1.0,0.12503433332317826,20.165,0.0,-114.32851,86.29737,118.42533,0.0,0.6,0.5
0.30751156672807667,0.11631098186978359,0.4957851776478719,45.36,-330301.4399999995,-0.72,0.0,1.0,0.32340464491715437,20.17,0.0,-114.32851,86.29737,118.42533,0.0,0.6,0.5
0.27917309564671666,0.12064755235996834,0.4961923748119037,42.839999999999996,-330301.4400000004,-0.72,0.0,1.0,0.4302194280831415,20.175,0.0,-114.32851,86.29737,118.42533,0.0,0.6,0.5
0.25143656605875725,0.12153141360259612,0.49647755317055714,40.32,-59.94751484558876,-0.72,0.0,1.0,0.17081209753717275,20.18,0.0,-25.468964,-58.065613,-20.666742,0.0,0.0,0.5
0.22591131127928493,0.1411070450340605,0.4968802417886566,37.8,-173272.88655737726,-0.72,0.0,1.0,0.12503433332317826,20.185,0.0,-25.468964,-58.065613,-20.666742,0.0,0.0,0.5
0.2013700225457043,0.16584460522962724,0.4975761883290802,35.1,-105837.57757009329,-0.72,0.0,1.0,0.09451582384718193,20.19,0.0,-25.468964,-58.065613,-20.666742,0.0,0.0,0.5
0.17954214140185534,0.1853106513024662,0.4981029357081651,32.22,-345131.3005714289,-0.72,0.0,1.0,0.24710837122716356,20.195,0.0,-25.468964,-58.065613,-20.666742,0.0,0.0,0.5
0.15939746820019512,0.21022829827078976,0.4983384475607898,29.52,-353894.3999999999,-0.72,0.0,1.0,0.2318491164891654,20.2,0.0,71.319916,-27.259905,-123.08407,0.6,0.0,0.5
0.1418264405363986,0.222801104174542,0.4988633047736714,26.64,-335544.3199999999,-0.72,0.0,1.0,0.44547868282113967,20.205000000000002,0.0,71.319916,-27.259905,-123.08407,0.6,0.0,0.5
0.12343841182231817,0.2359022841468519,0.49972819001894675,23.58,-377487.3600000003,-0.72,0.0,1.0,0.17081209753717275,20.21,0.0,71.319916,-27.259905,-123.08407,0.6,0.0,0.5
0.10430464303607317,0.2677689115515125,0.49991642532890224,20.7,-389664.3716129031,-0.72,0.0,1.0,0.2318491164891654,20.215,0.0,71.319916,-27.259905,-123.08407,0.6,0.0,0.5
0.09657548358870129,0.2834263535038336,0.5001930271554627,17.46,-424673.2799999998,-0.8999999999999999,-23592.959999999992,1.0,0.04873805963318745,20.22,0.0,-109.49039,-87.16388,109.76102,0.0,0.0,0.5
0.08656271067811346,0.2833239008683385,0.5003549188203066,14.399999999999999,-70.88298939066759,-0.8999999999999999,0.0,1.0,0.3997009186071452,20.225,0.0,-109.49039,-87.16388,109.76102,0.0,0.0,0.5
0.07734330484124073,0.2788591905313718,0.5007509529330542,11.16,-191402.04169014076,-0.8999999999999999,0.0,1.0,0.20133060701316907,20.23,0.0,-109.49039,-87.16388,109.76102,0.0,0.0,0.5
0.06916436062491535,0.28237598391615254,0.5008505241486705,7.92,-109593.10451612904,-0.8999999999999999,0.0,1.0,0.3539231543931507,20.235,0.0,-109.49039,-87.16388,109.76102,0.0,0.0,0.5
0.05395692008509309,0.2910504072277711,0.5009205355080122,4.68,-205902.19636363638,1.08,125829.12,1.0,7.418958098086467,20.240000000000002,0.0,-36.821007,-139.31927,-145.76605,0.0,0.0,0.5
0.03633008993465601,0.2791719425825672,0.5030367056119369,2.52,-238413.06947368418,5.22,456958.3831578947,1.0,12.469771416364026,20.245,0.0,-36.821007,-139.31927,-145.76605,0.0,0.0,0.5
0.05006631735625206,0.26353576540075785,0.5053135870440689,1.26,-165150.72,6.12,117964.80000000005,1.0,-0.7447431867427721,20.25,0.0,-36.821007,-139.31927,-145.76605,0.0,0.0,0.5
0.05887898712300367,0.24037017681299203,0.5067311111022474,1.26,0.0,5.58,-70778.88,1.0,-0.30222479934082536,20.255,0.0,-36.821007,-139.31927,-145.76605,0.0,0.0,0.5
0.07201573590603048,0.2268668745853588,0.5082169897577777,2.34,141557.75999999998,4.32,-165150.71999999997,1.0,0.567552720725125,20.26,8.522881865501404,75.98811,-12.9012165,-109.477516,0.6,0.0,0.5
0.060951172056900024,0.20735262161316756,0.506865444779583,4.14,40.71854292848937,1.08,-73.29337727128087,1.0,3.7262184514908565,20.265,8.522881865501404,75.98811,-12.9012165,-109.477516,0.6,0.0,0.5
0.0627245465401785,0.17963822149900463,0.5043238103909081,6.3,100663.296,-1.08,-100663.296,1.0,2.093478194524998,20.27,8.522881865501404,75.98811,-12.9012165,-109.477516,0.6,0.0,0.5
0.07926687993653588,0.14395883448353658,0.503390380991886,7.02,73656.07024390242,-0.36,73656.07024390245,1.0,-0.4853358561968033,20.275000000000002,8.522881865501404,75.98811,-12.9012165,-109.477516,0.6,0.0,0.5
0.07502080637313055,0.1261148265783096,0.501731699579391,8.28,146800.63999999998,-0.36,0.0,1.0,-1.110965300454728,20.28,20.0,110.99571,-58.598568,116.3531,0.6,0.0,0.5
0.07097734133873491,0.11999069197625621,0.5006902626253127,9.36,146124.13935483873,-0.8999999999999999,-73062.06967741935,1.0,-0.546372875148796,20.285,20.0,110.99571,-58.598568,116.3531,0.6,0.0,0.5
0.07793175720626601,0.10107414731295769,0.5009160627506669,10.44,137268.13090909092,-0.8999999999999999,0.0,1.0,-0.47007660145880514,20.29,20.0,110.99571,-58.598568,116.3531,0.6,0.0,0.5
0.08576308330601397,0.09558623606002456,0.5002809584721502,11.52,20874.877050691244,-0.72,3479.146175115206,1.0,-0.11911374248479234,20.295,20.0,110.99571,-58.598568,116.3531,0.6,0.0,0.5
0.07444491442279894,0.08430455946757491,0.5001445462389923,12.42,104857.60000000003,-0.72,0.0,1.0,0.3539231543931507,20.3,8.522881865501404,52.55115,-43.02749,-21.396633,0.6,0.0,0.5
0.08148172929522168,0.06970467657151132,0.500092985711586,13.32,111025.6941176471,-0.72,0.0,1.0,0.2318491164891654,20.305,8.522881865501404,52.55115,-43.02749,-21.396633,0.6,0.0,0.5
0.08443079440734343,0.049785184023446706,0.5003594115885367,14.04,17.508994706540555,-0.72,0.0,1.0,0.3997009186071452,20.31,8.522881865501404,52.55115,-43.02749,-21.396633,0.6,0.0,0.5
0.10144898235375742,0.048040723552354524,0.5000414350861871,14.76,40265.31840000003,-0.72,0.0,1.0,0.17081209753717275,20.315,8.522881865501404,52.55115,-43.02749,-21.396633,0.6,0.0,0.5
0.11832548295351517,0.02903361142271295,0.5005812672146204,15.479999999999999,88820.55529411751,-0.72,0.0,1.0,0.36918240913114886,20.32,0.0,89.79411,-85.36203,-114.28324,0.6,0.0,0.5
0.13753100132152138,0.022033984040871292,0.5008377863732488,16.02,73062.06967741948,-0.72,0.0,1.0,0.018219550157191122,20.325,0.0,89.79411,-85.36203,-114.28324,0.6,0.0,0.5
0.16054320477478257,0.02565450648187656,0.5008417692815946,16.74,97416.09290322565,-0.72,0.0,1.0,0.24710837122716356,20.330000000000002,0.0,89.79411,-85.36203,-114.28324,0.6,0.0,0.5
0.18004412852895127,0.01690063335340068,0.5011931071716663,17.28,68634.0654545458,-0.72,0.0,1.0,0.07925656910918377,20.335,0.0,89.79411,-85.36203,-114.28324,0.6,0.0,0.5
0.19512626748039083,0.010952325129539912,0.5018220811797045,18.0,88820.55529411751,-0.72,0.0,1.0,0.3081453901791562,20.34,0.0,70.95026,-43.86744,18.027487,0.6,0.0,0.5
0.215602234459422,0.0037372908812820607,0.5016902063537931,18.54,73062.06967741923,-0.72,0.0,1.0,0.1860713522751709,20.345,0.0,70.95026,-43.86744,18.027487,0.6,0.0,0.5
0.2336921505196664,0.004713246586143461,0.5016873386396917,19.259999999999998,16.272058969329887,-0.72,0.0,1.0,0.36918240913114886,20.35,0.0,70.95026,-43.86744,18.027487,0.6,0.0,0.5
0.24726964673687074,-0.000945108993501063,0.502307208899025,19.98,45756.04363636379,-0.8999999999999999,-11439.010909090905,1.0,-0.08859523300879601,20.355,0.0,70.95026,-43.86744,18.027487,0.6,0.0,0.5
0.2632966945567835,0.000482793970169368,0.502694819541323,20.88,111025.69411764688,-0.8999999999999999,0.0,1.0,0.1097750785851801,20.36,0.0,83.46878,-92.57521,-130.84326,0.6,0.0,0.5
0.2801014771229352,-0.011920482861719754,0.5029547591995499,21.96,146124.13935483896,-0.8999999999999999,0.0,1.0,0.21658986175116723,20.365000000000002,0.0,83.46878,-92.57521,-130.84326,0.6,0.0,0.5
0.2923137990576768,-0.016607876164587202,0.5031726564677717,23.04,146124.13935483847,-0.8999999999999999,0.0,1.0,0.5217749565111305,20.37,0.0,83.46878,-92.57521,-130.84326,0.6,0.0,0.5
0.3067597060414695,-0.011556298560274849,0.5032044889210421,24.3,160146.1527272729,-0.8999999999999999,0.0,1.0,0.3539231543931507,20.375,0.0,83.46878,-92.57521,-130.84326,0.6,0.0,0.5
0.32119362648484584,-0.017801703758982615,0.5031052553309753,25.74,177641.11058823502,-0.8999999999999999,0.0,1.0,0.21658986175116723,20.38,0.0,-26.909328,-97.45637,-121.38673,0.0,0.0,0.5
0.3324882193240456,-0.0223363799127448,0.502845930258963,27.36,212336.64000000013,-0.8999999999999999,0.0,1.0,-0.10385448774679418,20.385,0.0,-26.909328,-97.45637,-121.38673,0.0,0.0,0.5
0.34327817717689013,-0.031901134720091345,0.5030244567211444,28.98,219186.2090322582,-0.8999999999999999,0.0,1.0,0.3539231543931507,20.39,0.0,-26.909328,-97.45637,-121.38673,0.0,0.0,0.5
0.3554936134578389,-0.018394162135870883,0.503200750998205,30.959999999999997,47.84763098763575,-0.8999999999999999,0.0,1.0,0.09451582384718193,20.395,0.0,-26.909328,-97.45637,-121.38673,0.0,0.0,0.5
0.36517873697640424,-0.017214159592176106,0.5032963493120892,32.94,41317.02447761195,-0.8999999999999999,0.0,1.0,0.24710837122716356,20.400000000000002,0.0,-98.01803,96.4644,118.03936,0.0,0.6,0.5
0.37428857366188395,-0.012838681046801304,0.5031794250340471,35.1,220968.2107317077,-0.8999999999999999,0.0,1.0,-0.012298959318805203,20.405,0.0,-98.01803,96.4644,118.03936,0.0,0.6,0.5
0.3842025040493557,0.0006394004737074017,0.5030201002734858,37.26,266461.6658823525,-0.8999999999999999,0.0,1.0,0.21658986175116723,20.41,0.0,-98.01803,96.4644,118.03936,0.0,0.6,0.5
0.3910055225745378,-0.004853814739058526,0.5033392885176168,39.6,169218.4717241382,-0.8999999999999999,0.0,1.0,0.018219550157191122,20.415,0.0,-98.01803,96.4644,118.03936,0.0,0.6,0.5
0.3924278945596926,-0.005473038226923195,0.5031783137911386,41.94,272629.75999999954,-0.8999999999999999,0.0,1.0,0.17081209753717275,20.42,0.0,67.722725,15.356297,28.929161,0.6,0.6,0.5
0.38983816591309556,-0.01030513526976821,0.5032616984979559,44.28,280419.1817142861,-0.8999999999999999,0.0,1.0,0.00296029541919296,20.425,0.0,67.722725,15.356297,28.929161,0.6,0.6,0.5
0.3878927952049107,-0.005770573649002705,0.5031449690493266,46.8,364470.55448275805,-0.72,26033.61103448275,1.0,0.2623676259651617,20.43,0.0,67.722725,15.356297,28.929161,0.6,0.6,0.5
0.38358170257761853,-0.003344893705132129,0.5035754127959102,49.14,54.5762834614145,-0.72,0.0,1.0,0.24710837122716356,20.435,0.0,67.722725,15.356297,28.929161,0.6,0.6,0.5
0.38024481498582674,0.0024870035265366253,0.5029775880873851,51.3,87958.21980582511,-0.72,0.0,1.0,0.41496017334514335,20.44,0.0,74.47061,-77.0524,-101.88831,0.6,0.0,0.5
0.3766799690745488,0.014718490667217253,0.5033556120845717,53.64,233682.65142857176,-0.72,0.0,1.0,0.20133060701316907,20.445,0.0,74.47061,-77.0524,-101.88831,0.6,0.0,0.5
0.3722599465798106,0.025645877329712977,0.5033970227952063,55.62,251658.2399999996,-0.72,0.0,1.0,-0.10385448774679418,20.45,0.0,74.47061,-77.0524,-101.88831,0.6,0.0,0.5
0.36217774239236666,0.06135813062531212,0.5034308598473928,57.78,64712.11885714297,-0.72,0.0,1.0,0.1860713522751709,20.455000000000002,0.0,74.47061,-77.0524,-101.88831,0.6,0.0,0.5
0.34926223233418796,0.08316986569634702,0.5036186882756426,59.58,188743.6799999997,-0.72,0.0,1.0,0.32340464491715437,20.46,0.0,47.18637,-105.527794,-5.5461516,0.6,0.0,0.5
0.3393726863001018,0.08584350619206342,0.5035705366128511,61.379999999999995,209715.19999999966,-0.72,0.0,1.0,0.2318491164891654,20.465,0.0,47.18637,-105.527794,-5.5461516,0.6,0.0,0.5
0.335497572458119,0.09841452085956225,0.5036080700586842,63.18,235929.60000000056,-0.72,0.0,1.0,0.46073793755913783,20.47,0.0,47.18637,-105.527794,-5.5461516,0.6,0.0,0.5
0.33377668184339615,0.12446050405192921,0.5036171071721888,64.62,102369.45355932238,-0.72,0.0,1.0,0.2318491164891654,20.475,0.0,47.18637,-105.527794,-5.5461516,0.6,0.0,0.5
0.33239744206669986,0.13986879261433202,0.5034784365696404,66.06,34.96609078751594,-0.72,0.0,1.0,0.33866389965515253,20.48,0.0,-101.91049,212.65215,-94.50866,0.0,0.6,0.5
0.33307621219519623,0.1458066094343966,0.503215247078521,67.32,69537.14526315739,-0.72,0.0,1.0,-0.012298959318805203,20.485,0.0,-101.91049,212.65215,-94.50866,0.0,0.6,0.5
0.3337074499371333,0.1472615628444078,0.5030692787427419,68.22,99338.77894736905,-0.72,0.0,1.0,0.5217749565111305,20.490000000000002,0.0,-101.91049,212.65215,-94.50866,0.0,0.6,0.5
0.3333603837616826,0.13586054782723356,0.5031527581313558,69.12,104857.60000000066,-0.72,0.0,1.0,0.07925656910918377,20.495,0.0,-101.91049,212.65215,-94.50866,0.0,0.6,0.5
0.3359409460748513,0.14215375768444014,0.5032211099217436,69.84,94371.83999999985,-0.72,0.0,1.0,-0.012298959318805203,20.5,0.0,-113.35574,-108.42101,92.35354,0.0,0.0,0.5
0.3431620284566992,0.14493811270834717,0.5034249822775574,70.2,41943.039999999935,-0.72,0.0,1.0,-0.012298959318805203,20.505,0.0,-113.35574,-108.42101,92.35354,0.0,0.0,0.5
0.35302658371811113,0.14075667352139862,0.5032333914018237,70.38,5354.430638297653,-0.72,0.0,1.0,0.1860713522751709,20.51,0.0,-113.35574,-108.42101,92.35354,0.0,0.0,0.5
0.3582106124406126,0.1385126502662456,0.5034613253749252,70.38,0.0,-0.72,0.0,1.0,0.00296029541919296,20.515,0.0,-113.35574,-108.42101,92.35354,0.0,0.0,0.5
0.36009950369347377,0.13599444745375605,0.5034275009491957,70.38,0.0,-0.72,0.0,1.0,0.29288613544115805,20.52,8.522881865501404,44.43865,3.8404138,-1.3430938,0.6,0.6,0.5
0.3622952883099942,0.12770376587610777,0.5033031165135021,70.02,-20684.238904109556,-0.72,0.0,1.0,-0.14963225196078866,20.525000000000002,8.522881865501404,44.43865,3.8404138,-1.3430938,0.6,0.6,0.5
0.36252186465561437,0.12848424351842083,0.5029834850876793,69.48,-18119.393279999735,-0.72,0.0,1.0,0.475997192297136,20.53,8.522881865501404,44.43865,3.8404138,-1.3430938,0.6,0.6,0.5
0.3615604555205175,0.14335985049039537,0.5027992321479382,68.94,-64712.11885714361,-0.72,0.0,1.0,0.15555284279917458,20.535,8.522881865501404,44.43865,3.8404138,-1.3430938,0.6,0.6,0.5
0.3602827536507043,0.1580855755574017,0.5029383375338748,68.22,-97416.09290322565,-0.72,0.0,1.0,0.2623676259651617,20.54,20.0,76.92644,-48.69674,-49.978508,0.6,0.0,0.5
0.3567371773302224,0.17135820672192562,0.5027468512061432,67.32,-111025.69411764776,-0.72,0.0,1.0,0.2776268807031599,20.545,20.0,76.92644,-48.69674,-49.978508,0.6,0.0,0.5
0.3448104541711398,0.17412738129624503,0.5025730913365368,66.42,-114390.10909090801,-0.72,0.0,1.0,0.24710837122716356,20.55,20.0,76.92644,-48.69674,-49.978508,0.6,0.0,0.5
0.32695786462329723,0.1712603500431389,0.5023213584116157,65.34,-141557.75999999978,-0.72,0.0,1.0,0.17081209753717275,20.555,20.0,76.92644,-48.69674,-49.978508,0.6,0.0,0.5
0.3075919969468486,0.17373797386350642,0.5022930227048354,64.25999999999999,-146124.13935484042,-0.72,0.0,1.0,0.32340464491715437,20.56,8.522881865501404,79.41481,-74.84289,-38.39947,0.6,0.0,0.5
0.2970553479429669,0.1749249208572146,0.5023399035344905,63.0,-30.652114631727084,-0.72,0.0,1.0,-0.1343729972227905,20.565,8.522881865501404,79.41481,-74.84289,-38.39947,0.6,0.0,0.5
0.2939331721987064,0.17630303056464658,0.5022759139338667,61.739999999999995,-69537.14526315818,-0.72,0.0,1.0,0.49125644703513416,20.57,8.522881865501404,79.41481,-74.84289,-38.39947,0.6,0.0,0.5
0.2909309188534452,0.17653463931605515,0.5021543004727657,60.3,-158942.04631578922,-0.72,0.0,1.0,0.17081209753717275,20.575,8.522881865501404,79.41481,-74.84289,-38.39947,0.6,0.0,0.5
0.29039865067099985,0.17405759844583835,0.5022602516281904,58.86,-188743.6799999997,-0.72,0.0,1.0,0.2318491164891654,20.580000000000002,0.0,69.9343,-74.30572,-54.86214,0.6,0.0,0.5
0.2921254867679076,0.1800953944637281,0.5023999067697819,57.419999999999995,-194832.18580645227,-0.72,0.0,1.0,0.15555284279917458,20.585,0.0,69.9343,-74.30572,-54.86214,0.6,0.0,0.5
0.2939153152976894,0.1787046435398159,0.5024052911349566,55.8,-199846.24941176438,-0.72,0.0,1.0,0.5522934659871268,20.59,0.0,69.9343,-74.30572,-54.86214,0.6,0.0,0.5
0.2991070791433105,0.18093056783500727,0.5023247475957777,54.36,-43141.412571428504,-0.72,0.0,1.0,0.018219550157191122,20.595,0.0,69.9343,-74.30572,-54.86214,0.6,0.0,0.5
0.310643394288917,0.18267045284970476,0.5025493026792198,52.559999999999995,-235929.60000000056,-0.72,0.0,1.0,0.2623676259651617,20.6,0.0,77.79197,-149.25948,-162.5878,0.6,0.0,0.5
0.3253578305741032,0.1828566612160857,0.5028998229680941,50.94,-37.21124030668121,-0.72,0.0,1.0,0.12503433332317826,20.605,0.0,77.79197,-149.25948,-162.5878,0.6,0.0,0.5
0.34037661878797676,0.17500801909319333,0.5029361536329227,49.32,-39504.49116279063,-0.72,0.0,1.0,0.2776268807031599,20.61,0.0,77.79197,-149.25948,-162.5878,0.6,0.0,0.5
0.3568179465817548,0.1657480822431998,0.5027668269318727,47.519999999999996,-193583.261538462,-0.72,0.0,1.0,0.17081209753717275,20.615000000000002,0.0,77.79197,-149.25948,-162.5878,0.6,0.0,0.5
0.37285867481372836,0.16537920706626946,0.5030133590462386,46.08,-163237.77729729703,-0.8999999999999999,-20404.722162162154,1.0,0.2623676259651617,20.62,0.0,-13.198576,-154.45741,-182.20296,0.0,0.0,0.5
0.38585371424278947,0.15274605517499487,0.5033295597290798,44.64,-76453.13620253153,-0.8999999999999999,0.0,1.0,0.2776268807031599,20.625,0.0,-13.198576,-154.45741,-182.20296,0.0,0.0,0.5
0.3988852119617574,0.1347253651920317,0.5034342217686762,43.379999999999995,-170478.16258064585,-0.8999999999999999,0.0,1.0,0.4302194280831415,20.63,0.0,-13.198576,-154.45741,-182.20296,0.0,0.0,0.5
0.41134854632587076,0.12291691944322396,0.5033880758736073,42.3,-133230.83294117625,-0.8999999999999999,0.0,1.0,0.15555284279917458,20.635,0.0,-13.198576,-154.45741,-182.20296,0.0,0.0,0.5
0.42092685589562184,0.10872147963824619,0.5032985160173055,41.58,-94371.83999999985,-0.8999999999999999,0.0,1.0,0.24710837122716356,20.64,0.0,35.67757,32.733532,-11.256418,0.6,0.6,0.5
0.429682720631992,0.09286848774209433,0.5031786452153835,41.04,-73062.06967741923,-0.8999999999999999,0.0,1.0,0.17081209753717275,20.645,0.0,35.67757,32.733532,-11.256418,0.6,0.6,0.5
0.4370135039007541,0.07511704652486385,0.503692674406353,40.86,-4.048447435450566,-0.8999999999999999,0.0,1.0,0.17081209753717275,20.650000000000002,0.0,35.67757,32.733532,-11.256418,0.6,0.6,0.5
0.4419171535872306,0.06651118669644553,0.5035441511335664,40.86,0.0,-0.8999999999999999,0.0,1.0,0.2776268807031599,20.655,0.0,35.67757,32.733532,-11.256418,0.6,0.6,0.5
0.44224060055640807,0.052714975034373925,0.5037967386365033,41.22,40809.44432432426,-0.8999999999999999,0.0,1.0,0.384441663869147,20.66,0.0,-63.66975,-48.1612,86.78976,0.0,0.0,0.5
0.44188766670358604,0.03215796003536768,0.5037933506540869,41.76,18564.95213114751,-0.8999999999999999,0.0,1.0,0.29288613544115805,20.665,0.0,-63.66975,-48.1612,86.78976,0.0,0.0,0.5
0.441480826103481,0.03230768325943857,0.5037510259777791,42.48,91512.08727272713,-0.8999999999999999,0.0,1.0,0.3539231543931507,20.67,0.0,-63.66975,-48.1612,86.78976,0.0,0.0,0.5
0.43838032360797463,0.021063718528205246,0.5038966451180034,43.379999999999995,114390.10909090891,-0.8999999999999999,0.0,1.0,0.2623676259651617,20.675,0.0,-63.66975,-48.1612,86.78976,0.0,0.0,0.5
0.4368994773708936,0.022227687104157828,0.5036965848266469,44.28,111025.69411764776,-0.8999999999999999,0.0,1.0,0.3539231543931507,20.68,0.0,-46.068806,54.150932,62.172985,0.0,0.6,0.5
0.43484123491600923,0.032915685575035276,0.503715181014321,45.54,170478.1625806449,-0.8999999999999999,0.0,1.0,0.29288613544115805,20.685,0.0,-46.068806,54.150932,62.172985,0.0,0.6,0.5
0.4330637711324075,0.06635689489431017,0.5034144145399205,46.8,170478.1625806449,-0.8999999999999999,0.0,1.0,0.384441663869147,20.69,0.0,-46.068806,54.150932,62.172985,0.0,0.6,0.5
0.4318189246229091,0.08833916924878224,0.5034275159546145,48.059999999999995,30.791236235244718,-0.8999999999999999,0.0,1.0,0.1860713522751709,20.695,0.0,-46.068806,54.150932,62.172985,0.0,0.6,0.5
0.42952900581635983,0.10957523746027889,0.5032920845402862,49.32,74434.12732394396,-0.8999999999999999,0.0,1.0,0.09451582384718193,20.7,0.0,-118.94046,119.796394,99.768105,0.0,0.6,0.5
0.4268225651726555,0.107749361227541,0.5031749604110034,50.76,163237.77729729703,-0.8999999999999999,0.0,1.0,0.1097750785851801,20.705000000000002,0.0,-118.94046,119.796394,99.768105,0.0,0.6,0.5
0.42376520642487536,0.11409739971125683,0.5029013990148368,52.199999999999996,37748.73599999994,-0.8999999999999999,0.0,1.0,0.1860713522751709,20.71,0.0,-118.94046,119.796394,99.768105,0.0,0.6,0.5
0.4187724563060204,0.11825500316760974,0.5032601188807534,53.46,86636.44327868888,-0.72,12376.634754098357,1.0,0.06399731437118561,20.715,0.0,-118.94046,119.796394,99.768105,0.0,0.6,0.5
0.4084917904164849,0.11804700418455823,0.5033211863301573,54.72,146800.63999999978,-0.72,0.0,1.0,0.20133060701316907,20.72,0.0,-70.9256,148.79698,52.379135,0.0,0.6,0.5
0.3885131908695862,0.11697528305732267,0.5033652235867327,55.98,150994.94399999976,-0.72,0.0,1.0,0.20133060701316907,20.725,0.0,-70.9256,148.79698,52.379135,0.0,0.6,0.5
0.3644594318102774,0.12504357315967748,0.5031098648001051,57.059999999999995,141557.75999999978,-0.72,0.0,1.0,0.29288613544115805,20.73,0.0,-70.9256,148.79698,52.379135,0.0,0.6,0.5
0.3366959099226107,0.12772927229437864,0.5033149940032513,58.14,24.92858694754928,-0.72,0.0,1.0,0.24710837122716356,20.735,0.0,-70.9256,148.79698,52.379135,0.0,0.6,0.5
0.30869677401799317,0.15252892988345673,0.5034096451764838,59.04,50331.64799999992,-0.72,0.0,1.0,0.20133060701316907,20.740000000000002,0.0,5.0599174,-69.521065,45.297096,0.6,0.0,0.5
0.28089439100409724,0.17273359245302028,0.5034644256369837,59.76,83886.07999999987,-0.72,0.0,1.0,0.12503433332317826,20.745,0.0,5.0599174,-69.521065,45.297096,0.6,0.0,0.5
0.25395577993128315,0.1861641749870755,0.5032097120361593,60.48,94371.83999999985,-0.72,0.0,1.0,0.32340464491715437,20.75,0.0,5.0599174,-69.521065,45.297096,0.6,0.0,0.5
0.2279552694029061,0.2067708907043235,0.503326591122813,60.839999999999996,48708.04645161283,-0.72,0.0,1.0,0.2623676259651617,20.755,0.0,5.0599174,-69.521065,45.297096,0.6,0.0,0.5
0.20362489632688077,0.23153588468392444,0.5034614644722148,61.019999999999996,22878.021818181784,-0.72,0.0,1.0,0.07925656910918377,20.76,0.0,-4.1308994,-132.09453,29.34849,0.0,0.0,0.5
0.1813423487412795,0.24988911465901345,0.5034356743045791,61.199999999999996,22205.138823529378,-0.72,0.0,1.0,0.20133060701316907,20.765,0.0,-4.1308994,-132.09453,29.34849,0.0,0.0,0.5
0.1613676383780767,0.2658166582373312,0.5033081426943596,61.019999999999996,-6740.845714285703,-0.72,0.0,1.0,0.12503433332317826,20.77,0.0,-4.1308994,-132.09453,29.34849,0.0,0.0,0.5
0.14254986446249637,0.2796099310113462,0.5032434692025425,60.48,-39735.511578947306,-0.72,0.0,1.0,0.20133060701316907,20.775000000000002,0.0,-4.1308994,-132.09453,29.34849,0.0,0.0,0.5
0.12757907025688886,0.29400127740084264,0.5033020993607091,59.94,-13.095453499465158,-0.72,0.0,1.0,0.2623676259651617,20.78,8.522881865501404,77.123024,32.747696,37.64263,0.6,0.6,0.5
0.1156777153379014,0.2992665710141253,0.5033792779442693,59.04,-40158.22978723398,-0.72,0.0,1.0,0.1097750785851801,20.785,8.522881865501404,77.123024,32.747696,37.64263,0.6,0.6,0.5
0.11308501880958564,0.30424470558234173,0.5034416019729644,57.96,-110484.10536585348,-0.72,0.0,1.0,0.33866389965515253,20.79,8.522881865501404,77.123024,32.747696,37.64263,0.6,0.6,0.5
0.11148236411708222,0.2964901419654841,0.5036224426608051,56.879999999999995,-129424.23771428636,-0.72,0.0,1.0,0.29288613544115805,20.795,8.522881865501404,77.123024,32.747696,37.64263,0.6,0.6,0.5
0.11089570751520365,0.2995329048148459,0.5034796377525208,55.62,-165150.71999999974,-0.72,0.0,1.0,0.2776268807031599,20.8,20.0,15.534376,58.526306,-69.88879,0.6,0.6,0.5
0.11223164151544218,0.27664389935664746,0.5032752965548253,54.18,-177641.11058823502,-0.72,0.0,1.0,0.1860713522751709,20.805,20.0,15.534376,58.526306,-69.88879,0.6,0.6,0.5
0.11316556615507448,0.25635931771440706,0.5031609577931988,52.739999999999995,-177641.1105882359,-0.72,0.0,1.0,0.5522934659871268,20.81,20.0,15.534376,58.526306,-69.88879,0.6,0.6,0.5
0.11592979376360368,0.24561813774887672,0.5032147071952489,51.3,-194832.1858064513,-0.72,0.0,1.0,0.2776268807031599,20.815,20.0,15.534376,58.526306,-69.88879,0.6,0.6,0.5
0.12341601221928418,0.23042614756123247,0.5031963823537582,49.68,-36.4293851028581,-0.72,0.0,1.0,0.3539231543931507,20.82,8.522881865501404,-0.90854466,-95.44896,-111.38975,0.027436602115631103,0.0,0.5
0.1411182565605991,0.2233267815504853,0.5030584315261449,47.879999999999995,-44150.56842105274,-0.72,0.0,1.0,-0.04281746879480153,20.825,8.522881865501404,-0.90854466,-95.44896,-111.38975,0.027436602115631103,0.0,0.5
0.15800098519067082,0.21729847891070972,0.5034095758656207,46.26,-158017.96465116253,-0.72,0.0,1.0,0.2623676259651617,20.830000000000002,8.522881865501404,-0.90854466,-95.44896,-111.38975,0.027436602115631103,0.0,0.5
0.17423439148186445,0.22068921941075817,0.5035293548014729,44.46,-204047.2216216213,-0.72,0.0,1.0,0.07925656910918377,20.835,8.522881865501404,-0.90854466,-95.44896,-111.38975,0.027436602115631103,0.0,0.5
0.19444355862986162,0.2331951051675392,0.5034069916928869,42.48,-259522.56000000052,-0.72,0.0,1.0,0.5065157017731323,20.84,0.0,-69.61954,82.341515,101.77596,0.0,0.6,0.5
0.21199250971222616,0.24772402539048458,0.503345301482953,40.5,-237277.76914285676,-0.72,0.0,1.0,0.21658986175116723,20.845,0.0,-69.61954,82.341515,101.77596,0.0,0.6,0.5
0.2275602336797424,0.2560336436024321,0.5033086794753912,38.519999999999996,-244256.52705882402,-0.72,0.0,1.0,0.00296029541919296,20.85,0.0,-69.61954,82.341515,101.77596,0.0,0.6,0.5
0.24420863354433883,0.2767676461412179,0.5033250363571145,36.54,-251658.2399999996,-0.72,0.0,1.0,0.12503433332317826,20.855,0.0,-69.61954,82.341515,101.77596,0.0,0.6,0.5
0.26063588409252164,0.2871915551875492,0.5032569558959777,34.379999999999995,-283115.5200000005,-0.72,0.0,1.0,0.2623676259651617,20.86,0.0,-102.23467,-36.818756,149.69409,0.0,0.0,0.5
0.27081664727445554,0.30082299226958453,0.5029887268653784,32.4,-48.38481883488011,-0.72,0.0,1.0,0.2776268807031599,20.865000000000002,0.0,-102.23467,-36.818756,149.69409,0.0,0.0,0.5
0.2747241592603118,0.3056596398225496,0.5031500972251719,30.419999999999998,-136142.982295082,-0.72,0.0,1.0,0.20133060701316907,20.87,0.0,-102.23467,-36.818756,149.69409,0.0,0.0,0.5
0.2782575543236406,0.30268649581510326,0.5033693197129455,28.439999999999998,-244256.5270588236,-0.72,0.0,1.0,0.09451582384718193,20.875,0.0,-102.23467,-36.818756,149.69409,0.0,0.0,0.5
0.2800025362461271,0.3130367145713816,0.5033586060412806,26.459999999999997,-71592.4303448276,-0.8999999999999999,-6508.402758620688,1.0,0.2623676259651617,20.88,0.0,-94.137764,-69.71084,133.06673,0.0,0.0,0.5
0.28041135022052294,0.31651393848462134,0.5035763412811327,24.66,-235929.59999999963,-0.8999999999999999,0.0,1.0,0.21658986175116723,20.885,0.0,-94.137764,-69.71084,133.06673,0.0,0.0,0.5
0.2786439530609448,0.31066137539784044,0.5036328529842639,22.86,-130168.05517241385,-0.8999999999999999,0.0,1.0,0.3081453901791562,20.89,0.0,-94.137764,-69.71084,133.06673,0.0,0.0,0.5
0.2685014618155517,0.3151856934858537,0.5035351967001496,21.24,-199846.24941176482,-0.8999999999999999,0.0,1.0,0.24710837122716356,20.895,0.0,-94.137764,-69.71084,133.06673,0.0,0.0,0.5
0.24998095376197607,0.31188861431620574,0.5034411345035792,19.62,-212336.63999999966,-0.8999999999999999,0.0,1.0,0.21658986175116723,20.900000000000002,0.0,-101.06821,116.19892,143.31404,0.0,0.6,0.5
0.22892064873894025,0.3103650168156033,0.5032509371866537,18.0,-36.499245173558535,-0.72,4.055471685950945,1.0,0.24710837122716356,20.905,0.0,-101.06821,116.19892,143.31404,0.0,0.6,0.5
0.20663150053055412,0.3095126537060486,0.5030397392096899,16.38,-117151.24965517249,-0.72,0.0,1.0,0.20133060701316907,20.91,0.0,-101.06821,116.19892,143.31404,0.0,0.6,0.5
0.18514700020438604,0.3076105656057177,0.5029818377483292,14.76,-219186.20903225796,-0.72,0.0,1.0,0.36918240913114886,20.915,0.0,-101.06821,116.19892,143.31404,0.0,0.6,0.5
0.16420208234264932,0.29677316853349633,0.502928320905322,13.139999999999999,-234302.49931034498,-0.72,0.0,1.0,0.17081209753717275,20.92,0.0,42.69637,-128.15979,166.58917,0.6,0.0,0.5
0.14670962221660444,0.29798201867462415,0.5027086280670919,11.34,-251658.23999999985,-0.72,0.0,1.0,0.384441663869147,20.925,0.0,42.69637,-128.15979,166.58917,0.6,0.0,0.5
0.12782592700109396,0.2928235746825351,0.5026174068464516,9.719999999999999,-60667.611428571465,-0.72,0.0,1.0,0.2318491164891654,20.93,0.0,42.69637,-128.15979,166.58917,0.6,0.0,0.5
0.11326466040162302,0.2692569139772468,0.5025370599542405,7.92,-228780.21818181805,-0.72,0.0,1.0,0.21658986175116723,20.935,0.0,42.69637,-128.15979,166.58917,0.6,0.0,0.5
0.09831925521978226,0.25437017785911703,0.5024424907614513,6.3,-212336.64,-0.72,0.0,1.0,0.9032563249610845,20.94,0.0,-114.03873,-120.04236,-163.57538,0.0,0.0,0.5
0.08356047031652679,0.2400591334696338,0.502291510197361,4.859999999999999,-201326.59200000006,1.08,251658.24000000002,1.0,5.893032624286651,20.945,0.0,-114.03873,-120.04236,-163.57538,0.0,0.0,0.5
0.0677388222728503,0.246017463628426,0.5033315204087637,4.32,-13.188022429122903,1.44,8.792014952748612,1.0,4.626514481032748,20.95,0.0,-114.03873,-120.04236,-163.57538,0.0,0.0,0.5
0.05635538344277347,0.2439871858331097,0.5035979264526311,4.68,24354.023225806413,1.26,-12177.011612903221,1.0,2.0629596850490017,20.955000000000002,0.0,-114.03873,-120.04236,-163.57538,0.0,0.0,0.5
0.05976075261772706,0.24255787572899823,0.5036992648481327,5.3999999999999995,97416.09290322577,-0.18,-194832.1858064516,1.0,1.6814783165989908,20.96,0.0,49.927883,-142.67732,115.41325,0.6,0.0,0.5
0.05255851416942317,0.2320121787098299,0.5033723354570756,6.4799999999999995,141557.76,-0.8999999999999999,-94371.84,1.0,0.5980712302011213,20.965,0.0,49.927883,-142.67732,115.41325,0.6,0.0,0.5
0.04914450376916882,0.2256180024375879,0.5029891001476724,7.199999999999999,104134.444137931,-0.72,26033.61103448275,1.0,0.2623676259651617,20.97,0.0,49.927883,-142.67732,115.41325,0.6,0.0,0.5
0.06537053839993048,0.21504204206844751,0.5029158752178017,7.92,91512.08727272735,-0.8999999999999999,-22878.02181818181,1.0,-0.25644703512683087,20.975,0.0,49.927883,-142.67732,115.41325,0.6,0.0,0.5
0.08023362164630156,0.21995707542710125,0.5026295345750665,8.64,94371.84000000008,-0.72,23592.959999999992,1.0,-0.42429883724481066,20.98,8.522881865501404,36.834614,58.26,-6.612682,0.6,0.6,0.5
0.08744383365505577,0.21487508958150128,0.5027386882509424,9.18,20779.12073394492,-0.72,0.0,1.0,0.06399731437118561,20.985,8.522881865501404,36.834614,58.26,-6.612682,0.6,0.6,0.5
0.09288781939997832,0.20874298138360592,0.50285829392941,9.719999999999999,12.447168710122368,-0.72,0.0,1.0,0.33866389965515253,20.990000000000002,8.522881865501404,36.834614,58.26,-6.612682,0.6,0.6,0.5
0.10490952341447246,0.18788342155860446,0.5030683482748057,10.44,40265.31840000003,-0.72,0.0,1.0,0.49125644703513416,20.995,8.522881865501404,36.834614,58.26,-6.612682,0.6,0.6,0.5
0.125314964771548,0.1797764073781772,0.5032532875286542,10.98,58074.97846153856,-0.72,0.0,1.0,0.2623676259651617,21.0,20.0,76.241646,124.819435,130.95267,0.6,0.6,0.5
0.13461759267451168,0.15948255045825696,0.5036778728744724,11.52,18718.381487603277,-0.72,0.0,1.0,0.033478804895189285,21.005,20.0,76.241646,124.819435,130.95267,0.6,0.6,0.5
0.15057684190163179,0.15310776843863919,0.5037247531505344,12.24,94371.84000000008,-0.72,0.0,1.0,-0.1343729972227905,21.01,20.0,76.241646,124.819435,130.95267,0.6,0.6,0.5
0.16854655162340354,0.12299583899578158,0.5037912298510294,12.78,70778.87999999989,-0.8999999999999999,-23592.959999999992,1.0,0.12503433332317826,21.015,20.0,76.241646,124.819435,130.95267,0.6,0.6,0.5
0.18566873998034455,0.10747138676237493,0.5039338376620961,13.5,86282.82514285723,-0.8999999999999999,0.0,1.0,0.04873805963318745,21.02,8.522881865501404,48.488598,24.18225,87.11154,0.6,0.6,0.5
0.19952115112636645,0.09777019817319063,0.5045269049087909,14.219999999999999,97416.09290322565,-0.8999999999999999,0.0,1.0,0.21658986175116723,21.025000000000002,8.522881865501404,48.488598,24.18225,87.11154,0.6,0.6,0.5
0.2179286988423995,0.09978460428083395,0.5044554759566636,15.12,125829.12000000005,-0.8999999999999999,0.0,1.0,0.21658986175116723,21.03,8.522881865501404,48.488598,24.18225,87.11154,0.6,0.6,0.5
0.2360609032524304,0.10683987053866084,0.5043997323972597,16.02,20.22575159266384,-0.8999999999999999,0.0,1.0,0.32340464491715437,21.035,8.522881865501404,48.488598,24.18225,87.11154,0.6,0.6,0.5
0.2490126950952781,0.11560308428246009,0.5044889033911378,17.099999999999998,53292.33317647051,-0.8999999999999999,0.0,1.0,0.2623676259651617,21.04,0.0,58.788372,-81.8601,-25.446444,0.6,0.0,0.5
0.2657629012821011,0.1442285380398542,0.5046828106035344,18.36,146800.6400000002,-0.8999999999999999,0.0,1.0,0.5065157017731323,21.045,0.0,58.788372,-81.8601,-25.446444,0.6,0.0,0.5
0.28226693512944584,0.1593319934659731,0.5046437524151774,19.62,176160.76800000021,-0.8999999999999999,0.0,1.0,0.3997009186071452,21.05,0.0,58.788372,-81.8601,-25.446444,0.6,0.0,0.5
0.29451524563808484,0.18483501948733114,0.5046572958976511,21.24,212336.63999999966,-0.8999999999999999,0.0,1.0,0.2623676259651617,21.055,0.0,58.788372,-81.8601,-25.446444,0.6,0.0,0.5
0.3063658945271772,0.200540841286671,0.5046374427598319,22.86,212336.64000000013,-0.8999999999999999,0.0,1.0,-0.1343729972227905,21.06,0.0,33.05472,-127.446556,-67.94321,0.6,0.0,0.5
0.31933305423578034,0.2119614242242366,0.5044136709729399,24.66,59446.828346456714,-0.8999999999999999,0.0,1.0,0.15555284279917458,21.065,0.0,33.05472,-127.446556,-67.94321,0.6,0.0,0.5
0.32861204689892387,0.22840411516927656,0.5044283414455186,26.459999999999997,209715.19999999966,-0.8999999999999999,0.0,1.0,0.1860713522751709,21.07,0.0,33.05472,-127.446556,-67.94321,0.6,0.0,0.5
0.3378557138796904,0.24313117111050614,0.504290100315658,28.619999999999997,301989.88800000004,-0.8999999999999999,0.0,1.0,0.2318491164891654,21.075,0.0,33.05472,-127.446556,-67.94321,0.6,0.0,0.5
0.34786510240965335,0.26000986174138757,0.5039067254151073,30.779999999999998,52.23864889954967,-0.8999999999999999,0.0,1.0,0.07925656910918377,21.080000000000002,0.0,67.17372,59.962093,-86.89614,0.6,0.6,0.5
0.35558344519592633,0.2724833035996482,0.5035686173439269,33.12,111530.35636363635,-0.8999999999999999,0.0,1.0,0.1097750785851801,21.085,0.0,67.17372,59.962093,-86.89614,0.6,0.6,0.5
0.3617090301706132,0.2636876070265737,0.5035021483954405,35.46,84609.2358620691,-0.8999999999999999,0.0,1.0,-0.012298959318805203,21.09,0.0,67.17372,59.962093,-86.89614,0.6,0.6,0.5
0.3688307122483647,0.27354860467424463,0.5032721973729234,37.8,280419.1817142853,-0.8999999999999999,0.0,1.0,0.4302194280831415,21.095,0.0,67.17372,59.962093,-86.89614,0.6,0.6,0.5
0.3752322229736478,0.2808428979984851,0.5027405961553608,40.32,320292.3054545458,-0.8999999999999999,0.0,1.0,0.20133060701316907,21.1,8.522881865501404,113.4546,92.04535,-50.2332,0.6,0.6,0.5
0.38057955961446954,0.26899595550918987,0.5025976022350953,42.839999999999996,320292.30545454496,-0.8999999999999999,0.0,1.0,0.6285897396771176,21.105,8.522881865501404,113.4546,92.04535,-50.2332,0.6,0.6,0.5
0.38656244107926163,0.23660931853976322,0.5025556894832589,45.18,306708.48000000045,-0.8999999999999999,0.0,1.0,0.17081209753717275,21.11,8.522881865501404,113.4546,92.04535,-50.2332,0.6,0.6,0.5
0.3923426580821072,0.23127603123399826,0.502290005182704,47.699999999999996,340956.3251612898,-0.72,24354.023225806442,1.0,0.5217749565111305,21.115000000000002,8.522881865501404,113.4546,92.04535,-50.2332,0.6,0.6,0.5
0.3975807627238378,0.222095227614758,0.5018598684447368,50.04,54.26487764422287,-0.72,0.0,1.0,0.2776268807031599,21.12,20.0,24.995846,5.0186605,5.8196387,0.6,0.6,0.5
0.40337153521588914,0.21701210307435936,0.5016363840673695,52.379999999999995,118249.0525301203,-0.72,0.0,1.0,0.2623676259651617,21.125,20.0,24.995846,5.0186605,5.8196387,0.6,0.6,0.5
0.40891042139968564,0.2140708024836894,0.5015142152189198,54.72,251658.24000000037,-0.72,0.0,1.0,-0.012298959318805203,21.13,20.0,24.995846,5.0186605,5.8196387,0.6,0.6,0.5
0.413231970205795,0.21956438041482715,0.5016915622616768,56.879999999999995,292248.27870967693,-0.72,0.0,1.0,0.44547868282113967,21.135,20.0,24.995846,5.0186605,5.8196387,0.6,0.6,0.5
0.41830276423617746,0.24016036537269372,0.5017095030093338,58.86,276824.06400000054,-0.72,0.0,1.0,0.15555284279917458,21.14,8.522881865501404,66.498344,-65.716705,-65.03205,0.6,0.0,0.5
0.4233226994918648,0.2490024254548089,0.5016660149907753,60.66,130168.05517241359,-0.72,0.0,1.0,0.20133060701316907,21.145,8.522881865501404,66.498344,-65.716705,-65.03205,0.6,0.0,0.5
0.42724667935440064,0.25661741029970847,0.5018231668002284,62.28,212336.6400000006,-0.72,0.0,1.0,0.00296029541919296,21.150000000000002,8.522881865501404,66.498344,-65.716705,-65.03205,0.6,0.0,0.5
0.4306592784988284,0.2588853670203631,0.501949548228908,63.54,165150.71999999974,-0.72,0.0,1.0,0.3081453901791562,21.155,8.522881865501404,66.498344,-65.716705,-65.03205,0.6,0.0,0.5
0.4339455617243096,0.27143956957989884,0.5021158917122944,64.44,125829.1199999998,-0.72,0.0,1.0,0.17081209753717275,21.16,0.0,82.35263,-85.3402,-111.803795,0.6,0.0,0.5
0.43685071196845504,0.28875229093828936,0.5019659500382188,64.8,8.781532806811427,-0.72,0.0,1.0,0.32340464491715437,21.165,0.0,82.35263,-85.3402,-111.803795,0.6,0.0,0.5
0.4395763673182855,0.3053259549952276,0.5016497093280423,64.98,12796.181694915738,-0.72,0.0,1.0,0.33866389965515253,21.17,0.0,82.35263,-85.3402,-111.803795,0.6,0.0,0.5
0.4418601078645422,0.31130784795226535,0.5016046415609662,64.62,-48708.04645161283,-0.72,0.0,1.0,0.29288613544115805,21.175,0.0,82.35263,-85.3402,-111.803795,0.6,0.0,0.5
0.4438115399447662,0.3202964094411143,0.5016394701214251,64.08,-75497.47200000087,-0.72,0.0,1.0,0.2623676259651617,21.18,0.0,87.994125,95.78681,-6.399341,0.6,0.6,0.5
0.44531795649482053,0.3125482780423055,0.5018485046192851,63.18,-38519.11836734688,-0.72,0.0,1.0,0.384441663869147,21.185,0.0,87.994125,95.78681,-6.399341,0.6,0.6,0.5
0.4474631606610384,0.3186561408191245,0.5017798645827628,61.919999999999995,-165150.72000000067,-0.72,0.0,1.0,-0.05807672353279969,21.19,0.0,87.994125,95.78681,-6.399341,0.6,0.6,0.5
0.44942940770632595,0.31645504466064633,0.5016411583344633,60.66,-150994.94399999976,-0.72,0.0,1.0,0.475997192297136,21.195,0.0,87.994125,95.78681,-6.399341,0.6,0.6,0.5
0.4515147916205911,0.3193112056475417,0.5017192256048764,59.4,-99713.64226415078,-0.72,0.0,1.0,0.06399731437118561,21.2,0.0,56.57679,-27.422724,-38.51761,0.6,0.0,0.5
0.45416164148947324,0.3096031922804114,0.5017116834521647,57.96,-32.454059096306835,-0.72,0.0,1.0,0.32340464491715437,21.205000000000002,0.0,56.57679,-27.422724,-38.51761,0.6,0.0,0.5
0.4573392287530979,0.3070431202606138,0.5015612110259711,56.519999999999996,-99013.07803278722,-0.72,0.0,1.0,-0.10385448774679418,21.21,0.0,56.57679,-27.422724,-38.51761,0.6,0.0,0.5
0.46016461770852746,0.314818091322779,0.5013668385276266,55.26,-160146.15272727248,-0.72,0.0,1.0,0.09451582384718193,21.215,0.0,56.57679,-27.422724,-38.51761,0.6,0.0,0.5
0.4632583516697465,0.30937584210625224,0.5015964801497708,54.0,-170478.1625806449,-0.8999999999999999,-24354.023225806442,1.0,0.24710837122716356,21.22,0.0,91.65035,-89.46848,-38.849216,0.6,0.0,0.5
0.4664007167652337,0.31111736708338716,0.5016203613606289,52.919999999999995,-141557.7600000007,-0.8999999999999999,0.0,1.0,0.09451582384718193,21.225,0.0,91.65035,-89.46848,-38.849216,0.6,0.0,0.5
0.4689225175330559,0.30084334887894937,0.5016434422852791,52.019999999999996,-117964.79999999981,-0.8999999999999999,0.0,1.0,0.24710837122716356,21.23,0.0,91.65035,-89.46848,-38.849216,0.6,0.0,0.5
0.4723026241525928,0.3006366302886741,0.5015355832579538,51.3,-83886.07999999987,-0.8999999999999999,0.0,1.0,0.15555284279917458,21.235,0.0,91.65035,-89.46848,-38.849216,0.6,0.0,0.5
0.4756401942091332,0.302126563380303,0.5016054929339161,50.76,-68634.06545454534,-0.8999999999999999,0.0,1.0,0.04873805963318745,21.240000000000002,0.0,74.11552,-76.44979,-84.01645,0.6,0.0,0.5
0.4781033380948296,0.3101141003322467,0.5014678583737092,50.4,-8482.862022471896,-0.8999999999999999,0.0,1.0,0.32340464491715437,21.245,0.0,74.11552,-76.44979,-84.01645,0.6,0.0,0.5
0.48081261040795076,0.30229564561515265,0.5013056865514083,50.4,0.0,-0.8999999999999999,0.0,1.0,0.09451582384718193,21.25,0.0,74.11552,-76.44979,-84.01645,0.6,0.0,0.5
0.48360417853708276,0.30348649182775483,0.5011907539844049,50.4,0.0,-0.8999999999999999,0.0,1.0,0.384441663869147,21.255,0.0,74.11552,-76.44979,-84.01645,0.6,0.0,0.5
0.48556278309492445,0.29390811160237157,0.5011504296447545,50.76,47185.919999999925,-0.8999999999999999,0.0,1.0,0.17081209753717275,21.26,0.0,94.01483,-145.44832,-101.17335,0.6,0.0,0.5
0.48750973363645794,0.2919949005393141,0.5012657577508745,51.3,78100.83310344815,-0.8999999999999999,0.0,1.0,0.659108249153114,21.265,0.0,94.01483,-145.44832,-101.17335,0.6,0.0,0.5
0.4897580425954602,0.27861150097681303,0.5013238401435219,51.839999999999996,78100.83310344815,-0.8999999999999999,0.0,1.0,0.2623676259651617,21.27,0.0,94.01483,-145.44832,-101.17335,0.6,0.0,0.5
0.49079267954317024,0.24618904301202416,0.5015935203754428,52.739999999999995,111025.69411764688,-0.8999999999999999,0.0,1.0,0.32340464491715437,21.275000000000002,0.0,94.01483,-145.44832,-101.17335,0.6,0.0,0.5
0.49223612834182906,0.22099201060895743,0.5015307485658165,53.64,114390.10909090981,-0.8999999999999999,0.0,1.0,0.04873805963318745,21.28,0.0,-12.033449,-156.23622,-108.224815,0.0,0.0,0.5
0.4937514285820726,0.20280277619286732,0.5017682376326746,54.72,141557.75999999978,-0.8999999999999999,0.0,1.0,0.33866389965515253,21.285,0.0,-12.033449,-156.23622,-108.224815,0.0,0.0,0.5
0.49527654353786876,0.1757802065868091,0.501880754115532,55.98,28.43856064315806,-0.8999999999999999,0.0,1.0,0.1097750785851801,21.29,0.0,-12.033449,-156.23622,-108.224815,0.0,0.0,0.5
0.4963990140912559,0.15997262785302313,0.5021071529260994,57.239999999999995,107853.53142857125,-0.8999999999999999,0.0,1.0,0.384441663869147,21.295,0.0,-12.033449,-156.23622,-108.224815,0.0,0.0,0.5
0.4980922219785773,0.1360784540227933,0.5022042657779952,58.68,45756.04363636379,-0.8999999999999999,0.0,1.0,-0.027558214056803365,21.3,0.0,-27.89752,-139.80719,-111.98077,0.0,0.0,0.5
0.49964496111050494,0.1270839741133984,0.502279436570259,60.12,194832.1858064513,-0.8999999999999999,0.0,1.0,0.3081453901791562,21.305,0.0,-27.89752,-139.80719,-111.98077,0.0,0.0,0.5
0.5006964292450826,0.11045386023287418,0.502619183832017,61.559999999999995,208268.88827586174,-0.8999999999999999,0.0,1.0,0.12503433332317826,21.31,0.0,-27.89752,-139.80719,-111.98077,0.0,0.0,0.5
0.502270695929533,0.112840038070943,0.5030637287721894,63.0,172565.65028571486,-0.8999999999999999,0.0,1.0,0.24710837122716356,21.315,0.0,-27.89752,-139.80719,-111.98077,0.0,0.0,0.5
0.5038005326269236,0.09718828834425206,0.5032019781062822,64.62,205902.19636363693,-0.72,22878.02181818181,1.0,0.12503433332317826,21.32,0.0,-131.93336,-120.36165,-60.686718,0.0,0.0,0.5
0.5039878171401638,0.08444598059631797,0.503600324128397,66.06,177641.11058823502,-0.72,0.0,1.0,0.384441663869147,21.325,0.0,-131.93336,-120.36165,-60.686718,0.0,0.0,0.5
0.5014294624076298,0.0636358618752517,0.5039791521321485,67.5,201326.59199999968,-0.72,0.0,1.0,0.17081209753717275,21.330000000000002,0.0,-131.93336,-120.36165,-60.686718,0.0,0.0,0.5
0.4984081369543986,0.05915869221653898,0.5041011769176156,68.94,35.207009927077024,-0.72,0.0,1.0,0.33866389965515253,21.335,0.0,-131.93336,-120.36165,-60.686718,0.0,0.0,0.5
0.49539822759888236,0.044620993421498986,0.5043670269202094,70.2,105696.46080000042,-0.72,0.0,1.0,-0.11911374248479234,21.34,0.0,-109.0108,108.61097,127.15197,0.0,0.6,0.5
0.4885710618679419,0.0362021783665193,0.5045295249088289,71.46,170478.16258064393,-0.72,0.0,1.0,0.1860713522751709,21.345,0.0,-109.0108,108.61097,127.15197,0.0,0.6,0.5
0.472893594381729,0.034972439126486024,0.5045032654490066,72.36,125829.1200000008,-0.72,0.0,1.0,0.033478804895189285,21.35,0.0,-109.0108,108.61097,127.15197,0.0,0.6,0.5
0.4468261614384011,0.031255574896184135,0.5047079726723649,73.25999999999999,48395.81538461493,-0.72,0.0,1.0,0.24710837122716356,21.355,0.0,-109.0108,108.61097,127.15197,0.0,0.6,0.5
0.41743596280344075,0.03469047840952219,0.5046431153549776,74.16,114390.10909090981,-0.72,0.0,1.0,0.32340464491715437,21.36,0.0,-101.34999,119.24957,146.97066,0.0,0.6,0.5
0.3852891952980457,0.025788947919870634,0.504071139819464,74.7,38388.545084746205,-0.72,0.0,1.0,0.2776268807031599,21.365000000000002,0.0,-101.34999,119.24957,146.97066,0.0,0.6,0.5
0.35354350557255376,0.02929207525232756,0.5038091867037823,75.06,50331.64799999992,-0.72,0.0,1.0,0.3081453901791562,21.37,0.0,-101.34999,119.24957,146.97066,0.0,0.6,0.5
0.3205537078374474,0.02003455731859735,0.5039347048365925,75.24,4.07062484835724,-0.72,0.0,1.0,0.5522934659871268,21.375,0.0,-101.34999,119.24957,146.97066,0.0,0.6,0.5
0.29083280012566287,0.015603414543441158,0.5038484632937568,75.24,0.0,-0.72,0.0,1.0,0.1860713522751709,21.38,0.0,-100.04043,121.29984,146.46698,0.0,0.6,0.5
0.26160876195289845,0.008304137944726115,0.5036113634099203,75.06,-24354.023225805453,-0.72,0.0,1.0,0.32340464491715437,21.385,0.0,-100.04043,121.29984,146.46698,0.0,0.6,0.5
0.23523997595219864,0.024782632168574913,0.5033523971495762,74.7,-48708.04645161283,-0.72,0.0,1.0,0.29288613544115805,21.39,0.0,-100.04043,121.29984,146.46698,0.0,0.6,0.5
0.2099102694130757,0.04721141828995609,0.503138825387885,74.34,-52067.222068965435,-0.72,0.0,1.0,0.3997009186071452,21.395,0.0,-100.04043,121.29984,146.46698,0.0,0.6,0.5
0.18713828079584088,0.06482740215580458,0.5033206825441108,73.61999999999999,-107853.53142857339,-0.72,0.0,1.0,0.33866389965515253,21.400000000000002,0.0,-103.82561,119.2079,139.4603,0.0,0.6,0.5
0.16611497605996794,0.08130992117824375,0.5030473482076147,72.89999999999999,-91512.08727272713,-0.72,0.0,1.0,0.46073793755913783,21.405,0.0,-103.82561,119.2079,139.4603,0.0,0.6,0.5
0.147325505216977,0.10237864150663117,0.5029925123096082,71.82,-62052.71671232867,-0.72,0.0,1.0,0.41496017334514335,21.41,0.0,-103.82561,119.2079,139.4603,0.0,0.6,0.5
0.12974314371589682,0.12571856867732334,0.5029689063316687,70.74,-141557.75999999978,-0.72,0.0,1.0,0.21658986175116723,21.415,0.0,-103.82561,119.2079,139.4603,0.0,0.6,0.5
0.11468045242289664,0.14116485561625844,0.5025759418463552,69.3,-35.21501562572875,-0.72,0.0,1.0,-0.07333597827079785,21.42,0.0,-113.57745,134.96913,153.39572,0.0,0.6,0.5
0.10535039473334902,0.16227861896330864,0.5023351193092834,67.86,-123261.17877551001,-0.72,0.0,1.0,0.2318491164891654,21.425,0.0,-113.57745,134.96913,153.39572,0.0,0.6,0.5
0.08664104166455834,0.1811626551068283,0.5021295672133232,66.24,-226492.41600000064,-0.72,0.0,1.0,0.09451582384718193,21.43,0.0,-113.57745,134.96913,153.39572,0.0,0.6,0.5
0.07435728518165574,0.19138595428404048,0.5023443498491696,64.44,-243540.23225806412,-0.72,0.0,1.0,0.12503433332317826,21.435,0.0,-113.57745,134.96913,153.39572,0.0,0.6,0.5
0.06638882860570254,0.2184308380572287,0.5019458762404921,62.46,-286369.7213793099,-0.72,0.0,1.0,0.1097750785851801,21.44,0.0,-29.842777,-121.345024,88.73089,0.0,0.0,0.5
0.06352071385633701,0.23423900725025548,0.5015242057848969,60.3,-283115.5200000005,-0.72,0.0,1.0,0.3539231543931507,21.445,0.0,-29.842777,-121.345024,88.73089,0.0,0.0,0.5
0.03905886842042931,0.2511721852478274,0.5015058938551489,57.96,-316602.30193548335,-0.72,0.0,1.0,0.09451582384718193,21.45,0.0,-29.842777,-121.345024,88.73089,0.0,0.0,0.5
0.0381285546603398,0.2677219036492889,0.5015484477983099,55.62,-316602.30193548434,-0.72,0.0,1.0,0.4302194280831415,21.455000000000002,0.0,-29.842777,-121.345024,88.73089,0.0,0.0,0.5
0.03389854716389752,0.2741969294970322,0.5013759940680829,53.1,-320292.30545454496,-0.72,0.0,1.0,0.1097750785851801,21.46,0.0,-75.11617,-132.78078,-157.59793,0.0,0.0,0.5
0.027645861898036934,0.2927539027740039,0.5014822782625163,50.4,-61.66448387957469,-0.72,0.0,1.0,0.384441663869147,21.465,0.0,-75.11617,-132.78078,-157.59793,0.0,0.0,0.5
0.022276999398129067,0.31134460348491744,0.5014368781300161,47.699999999999996,-111025.69411764717,-0.72,0.0,1.0,0.15555284279917458,21.47,0.0,-75.11617,-132.78078,-157.59793,0.0,0.0,0.5
0.009252966929824465,0.3267605179215443,0.5016882422048362,44.82,-287609.4171428567,-0.72,0.0,1.0,0.3997009186071452,21.475,0.0,-75.11617,-132.78078,-157.59793,0.0,0.0,0.5
0.006223917579389676,0.3378186531986527,0.5019752524400191,41.76,-83341.36519480526,-0.72,0.0,1.0,0.17081209753717275,21.48,8.522881865501404,73.78647,37.709034,-147.5515,0.6,0.6,0.5
0.01297641486811934,0.335204056333785,0.5023000591714721,38.699999999999996,-377487.3600000003,-0.72,0.0,1.0,0.49125644703513416,21.485,8.522881865501404,73.78647,37.709034,-147.5515,0.6,0.6,0.5
0.01233490506733896,0.3347462908425671,0.502526556895453,35.64,-320864.25599999947,-0.72,0.0,1.0,0.24710837122716356,21.490000000000002,8.522881865501404,73.78647,37.709034,-147.5515,0.6,0.6,0.5
0.012560536573391198,0.3320152782415708,0.5027736922954819,32.4,-399692.49882352963,-0.72,0.0,1.0,0.33866389965515253,21.495,8.522881865501404,73.78647,37.709034,-147.5515,0.6,0.6,0.5
-0.0005504187914330444,0.3319689585689372,0.5029944310112352,29.16,-424673.2799999998,-0.72,0.0,1.0,0.1097750785851801,21.5,20.0,10.257271,110.122,-153.0014,0.6,0.6,0.5
-0.00039443701676954054,0.3283553383058198,0.5033558268359295,25.919999999999998,-73.1049107272542,-0.72,0.0,1.0,0.29288613544115805,21.505,20.0,10.257271,110.122,-153.0014,0.6,0.6,0.5
-0.00408827298725837,0.33125478464457664,0.5034937460269662,22.5,-73940.82309278347,-0.72,0.0,1.0,0.29288613544115805,21.51,20.0,10.257271,110.122,-153.0014,0.6,0.6,0.5
-0.005463067820991783,0.3296396783286159,0.5038354172603833,19.08,-341536.18285714305,-0.72,0.0,1.0,0.29288613544115805,21.515,20.0,10.257271,110.122,-153.0014,0.6,0.6,0.5
0.009320781452999326,0.32335794600100154,0.5041882907363016,15.479999999999999,-377487.36,-0.72,0.0,1.0,0.018219550157191122,21.52,8.522881865501404,61.97684,-114.791725,-127.657135,0.6,0.0,0.5
0.013425447018220465,0.32602585770784276,0.5038125240422475,11.879999999999999,-444102.7764705882,-0.72,0.0,1.0,0.32340464491715437,21.525000000000002,8.522881865501404,61.97684,-114.791725,-127.657135,0.6,0.0,0.5
0.021791875864075366,0.3231406933243678,0.5040701474398135,8.28,-408094.4432432432,-0.72,0.0,1.0,0.384441663869147,21.53,8.522881865501404,61.97684,-114.791725,-127.657135,0.6,0.0,0.5
0.03123494790651473,0.3311734595004803,0.5036443584881127,4.5,-480438.4581818181,0.8999999999999999,205902.19636363635,1.0,7.6173284096805,21.535,8.522881865501404,61.97684,-114.791725,-127.657135,0.6,0.0,0.5
0.05674573131396774,0.3275809560918934,0.5054967446059309,1.98,-185432.38736842104,5.9399999999999995,370864.774736842,1.0,14.743400372325809,21.54,0.0,80.02208,-91.849365,-116.02651,0.6,0.0,0.5
0.08174824168567227,0.328092845781349,0.5084578335610048,0.54,-183024.17454545453,7.56,205902.19636363638,1.0,-0.92785424359875,21.545,0.0,80.02208,-91.849365,-116.02651,0.6,0.0,0.5
0.09327478112756171,0.32830690158724884,0.5099127648576602,0.36,-4.369774732016763,6.84,-17.479098928067042,1.0,-0.2411877803888327,21.55,0.0,80.02208,-91.849365,-116.02651,0.6,0.0,0.5
0.10656498125922703,0.3390825547484435,0.5116458808911724,1.7999999999999998,90146.23522388059,5.3999999999999995,-90146.23522388062,1.0,0.9795525986510754,21.555,0.0,80.02208,-91.849365,-116.02651,0.6,0.0,0.5
0.11875535733715306,0.3452605516680176,0.5108271843161964,3.96,251658.24000000002,1.6199999999999999,-440401.9199999999,1.0,-0.30222479934082536,21.56,0.0,146.12164,-132.4768,-46.74402,0.6,0.0,0.5
0.13691298811945637,0.35124700766508343,0.5072962684267451,5.9399999999999995,96566.53395348835,-1.26,-140460.4130232558,1.0,2.0171819208350072,21.565,0.0,146.12164,-132.4768,-46.74402,0.6,0.0,0.5
0.1546353491125545,0.3620181267079236,0.5063126071472395,7.56,219186.20903225808,-0.36,121770.11612903226,1.0,1.4678487502670166,21.57,0.0,146.12164,-132.4768,-46.74402,0.6,0.0,0.5
0.17360911075644014,0.3568118764038232,0.5048959767052045,9.719999999999999,251658.2399999999,-0.72,-41943.04,1.0,-1.2635578478347096,21.575,0.0,146.12164,-132.4768,-46.74402,0.6,0.0,0.5
0.1876964137040607,0.35456311832827925,0.503132507492365,11.16,188743.68000000017,-0.72,0.0,1.0,-0.9431134983367482,21.580000000000002,0.0,91.72732,-100.601204,-119.64781,0.6,0.0,0.5
0.20237385107077874,0.33538995894122614,0.5032731959770239,13.5,327155.712,-0.8999999999999999,-25165.82399999999,1.0,-0.42429883724481066,21.585,0.0,91.72732,-100.601204,-119.64781,0.6,0.0,0.5
0.2205408409280862,0.3165067992063506,0.5031619841853041,15.66,49.446014932541594,-0.8999999999999999,0.0,1.0,-0.05807672353279969,21.59,0.0,91.72732,-100.601204,-119.64781,0.6,0.0,0.5
0.23472212049371172,0.2941948836549776,0.5022740057039844,17.64,35041.02075949368,-0.8999999999999999,0.0,1.0,0.29288613544115805,21.595,0.0,91.72732,-100.601204,-119.64781,0.6,0.0,0.5
0.24787080376818693,0.2611746403285378,0.5025821487179618,19.8,170937.6724528302,-0.8999999999999999,0.0,1.0,0.17081209753717275,21.6,0.0,113.80362,-128.20502,-197.76366,0.6,0.0,0.5
0.2637235268398038,0.24605890766674082,0.5024504180607108,21.96,251658.24000000002,-0.8999999999999999,0.0,1.0,0.06399731437118561,21.605,0.0,113.80362,-128.20502,-197.76366,0.6,0.0,0.5
0.2774408582400053,0.2227631397969292,0.5017727033804449,24.119999999999997,283115.51999999955,-0.8999999999999999,0.0,1.0,0.32340464491715437,21.61,0.0,113.80362,-128.20502,-197.76366,0.6,0.0,0.5
0.28902166557529235,0.20180581568716005,0.5018310655845108,26.459999999999997,265261.3881081081,-0.8999999999999999,0.0,1.0,0.41496017334514335,21.615000000000002,0.0,113.80362,-128.20502,-197.76366,0.6,0.0,0.5
0.3029418122078036,0.18004225068868607,0.5016078906253935,28.799999999999997,160896.2518032787,-0.8999999999999999,0.0,1.0,0.6896267586291103,21.62,0.0,-90.24585,-120.52614,-174.17151,0.0,0.0,0.5
0.3153095358897193,0.1657428708144298,0.5010860715741654,31.32,320292.3054545458,-0.8999999999999999,0.0,1.0,0.15555284279917458,21.625,0.0,-90.24585,-120.52614,-174.17151,0.0,0.0,0.5
0.32529202782310546,0.1516613023518661,0.5011680859270077,33.66,327155.7119999995,-0.8999999999999999,0.0,1.0,-0.1343729972227905,21.63,0.0,-90.24585,-120.52614,-174.17151,0.0,0.0,0.5
0.3363472030594838,0.12548305484617633,0.5010323834441823,36.0,57.048112437660656,-0.8999999999999999,0.0,1.0,-0.11911374248479234,21.635,0.0,-90.24585,-120.52614,-174.17151,0.0,0.0,0.5
0.34761878214596575,0.12451398707241557,0.5004748178710052,38.519999999999996,113652.1083870966,-0.8999999999999999,0.0,1.0,0.20133060701316907,21.64,0.0,72.20299,-92.26646,0.784985,0.6,0.0,0.5
0.3565152760390421,0.109216328879853,0.500404152862049,40.86,245366.78400000036,-0.8999999999999999,0.0,1.0,0.1860713522751709,21.645,0.0,72.20299,-92.26646,0.784985,0.6,0.0,0.5
0.3656864185200826,0.07834747599320488,0.500218699723496,43.199999999999996,280419.1817142853,-0.8999999999999999,0.0,1.0,0.20133060701316907,21.650000000000002,0.0,72.20299,-92.26646,0.784985,0.6,0.0,0.5
0.374944362105201,0.0670808907229343,0.49973844806882095,45.72,352321.53600000043,-0.8999999999999999,0.0,1.0,-0.07333597827079785,21.655,0.0,72.20299,-92.26646,0.784985,0.6,0.0,0.5
0.381420088173073,0.07118453182181905,0.49966215208931475,48.059999999999995,57395.73894736833,-0.8999999999999999,0.0,1.0,-0.027558214056803365,21.66,0.0,37.57571,-90.1506,15.104639,0.6,0.0,0.5
0.3820476407911273,0.061808543846639384,0.49946979867557656,50.22,244856.66594594636,-0.8999999999999999,0.0,1.0,0.07925656910918377,21.665,0.0,37.57571,-90.1506,15.104639,0.6,0.0,0.5
0.3814137364267749,0.05757248750706566,0.49907361603647604,52.559999999999995,327155.7119999995,-0.8999999999999999,0.0,1.0,0.2318491164891654,21.67,0.0,37.57571,-90.1506,15.104639,0.6,0.0,0.5
0.38069239703037966,0.059393115740747154,0.49923664595081074,54.72,49.01054162248726,-0.8999999999999999,0.0,1.0,0.2776268807031599,21.675,0.0,37.57571,-90.1506,15.104639,0.6,0.0,0.5
0.3797752212979747,0.056889205759482746,0.498834364640052,56.699999999999996,120358.28869565198,-0.8999999999999999,0.0,1.0,0.00296029541919296,21.68,0.0,39.530106,24.828894,17.905285,0.6,0.6,0.5
0.37856559641990745,0.043043139070951975,0.4988248833183252,58.68,251658.24000000051,-0.72,22878.02181818181,1.0,0.09451582384718193,21.685,0.0,39.530106,24.828894,17.905285,0.6,0.6,0.5
0.3778176318282333,0.03834383688488245,0.4987040948675298,60.66,276824.06399999955,-0.72,0.0,1.0,0.07925656910918377,21.69,0.0,39.530106,24.828894,17.905285,0.6,0.6,0.5
0.37826382824231425,0.0218801469929706,0.49851801861070166,62.46,251658.2400000006,-0.72,0.0,1.0,0.04873805963318745,21.695,0.0,39.530106,24.828894,17.905285,0.6,0.6,0.5
0.3817694480614886,0.002878966935224682,0.4983349132783196,64.08,199846.24941176438,-0.72,0.0,1.0,0.04873805963318745,21.7,0.0,-118.47887,-1.0186427,104.36218,0.0,0.0,0.5
0.38757885038573686,0.01048894913626293,0.49834372918336034,65.7,212336.6400000006,-0.72,0.0,1.0,-0.11911374248479234,21.705000000000002,0.0,-118.47887,-1.0186427,104.36218,0.0,0.0,0.5
0.3929116347264368,0.009417237315881498,0.49861594285245886,67.14,188743.6799999997,-0.72,0.0,1.0,0.5065157017731323,21.71,0.0,-118.47887,-1.0186427,104.36218,0.0,0.0,0.5
0.40124036517258427,-0.006558566332352287,0.4984173390602488,68.58,51622.203076923,-0.72,0.0,1.0,-0.10385448774679418,21.715,0.0,-118.47887,-1.0186427,104.36218,0.0,0.0,0.5
0.4096010208899896,-0.0012919873990071067,0.49829627587107256,69.66,26.158540616392038,-0.72,0.0,1.0,-0.027558214056803365,21.72,0.0,-123.70125,22.166576,-96.61725,0.0,0.6,0.5
0.41702535298457566,0.005320714542650657,0.4983644640937774,70.74,32356.059428571378,-0.72,0.0,1.0,0.033478804895189285,21.725,0.0,-123.70125,22.166576,-96.61725,0.0,0.6,0.5
0.4247403551746607,0.013005593569914983,0.49825546481644345,71.64,96791.63076923139,-0.72,0.0,1.0,0.32340464491715437,21.73,0.0,-123.70125,22.166576,-96.61725,0.0,0.6,0.5
0.4326733283505237,0.02657679680646982,0.49806951532845545,72.53999999999999,121770.1161290311,-0.72,0.0,1.0,0.15555284279917458,21.735,0.0,-123.70125,22.166576,-96.61725,0.0,0.6,0.5
0.4373195131517039,0.02655718074881595,0.4981996162034706,73.08,75497.47200000087,-0.72,0.0,1.0,0.4302194280831415,21.740000000000002,0.0,-126.71054,-67.28038,-55.83293,0.0,0.0,0.5
0.43748332828301506,0.026511252895330344,0.4986873589918486,73.61999999999999,68634.06545454444,-0.72,0.0,1.0,0.15555284279917458,21.745,0.0,-126.71054,-67.28038,-55.83293,0.0,0.0,0.5
0.4378524768510386,0.0211447732354544,0.49874797815759153,73.8,23592.960000000894,-0.72,0.0,1.0,0.4302194280831415,21.75,0.0,-126.71054,-67.28038,-55.83293,0.0,0.0,0.5
0.4380144050944672,0.05224145458241759,0.49864658636497455,73.98,24354.023225807374,-0.72,0.0,1.0,0.2776268807031599,21.755,0.0,-126.71054,-67.28038,-55.83293,0.0,0.0,0.5
0.4363379442502117,0.07525350963994121,0.4987016924838775,73.8,-4.083195707903972,-0.72,0.0,1.0,0.5370342112491286,21.76,0.0,-100.792915,103.84626,123.173996,0.0,0.6,0.5
0.4340614985415503,0.09052563929493505,0.4986395461314911,73.61999999999999,-12796.181694915738,-0.72,0.0,1.0,0.1097750785851801,21.765,0.0,-100.792915,103.84626,123.173996,0.0,0.6,0.5
0.425152313075033,0.10648695209246105,0.49903033659039264,73.08,-66615.41647058725,-0.72,0.0,1.0,0.24710837122716356,21.77,0.0,-100.792915,103.84626,123.173996,0.0,0.6,0.5
0.406130430855901,0.11992632495608632,0.49920882387136445,72.53999999999999,-21989.554951456565,-0.72,0.0,1.0,0.17081209753717275,21.775000000000002,0.0,-100.792915,103.84626,123.173996,0.0,0.6,0.5
0.38108169902921474,0.1438067300695611,0.4995630064781166,71.64,-69905.06666666601,-0.72,0.0,1.0,0.384441663869147,21.78,0.0,-94.89828,-135.34236,29.160212,0.0,0.0,0.5
0.3520179073277685,0.15132110941442745,0.4997688700776599,70.56,-141557.75999999978,-0.72,0.0,1.0,-0.027558214056803365,21.785,0.0,-94.89828,-135.34236,29.160212,0.0,0.0,0.5
0.3227066874028234,0.1622416533675915,0.49987093448773834,69.48,-137268.1309090907,-0.72,0.0,1.0,0.1097750785851801,21.79,0.0,-94.89828,-135.34236,29.160212,0.0,0.0,0.5
0.29289163019588327,0.1614835226869702,0.5000074934341961,68.22,-170478.16258064585,-0.72,0.0,1.0,0.09451582384718193,21.795,0.0,-94.89828,-135.34236,29.160212,0.0,0.0,0.5
0.26391536159043144,0.1467035357627978,0.5002215425536272,66.78,-201326.59199999968,-0.72,0.0,1.0,0.07925656910918377,21.8,8.522881865501404,-42.65661,97.55895,-39.389347,0.0,0.6,0.5
0.23662375432868277,0.1518349562294677,0.5001339886963668,65.34,-35.057014597904576,-0.72,0.0,1.0,0.06399731437118561,21.805,8.522881865501404,-42.65661,97.55895,-39.389347,0.0,0.6,0.5
0.21116832873150884,0.15392156941740615,0.5001224445109989,63.72,-73856.22260869585,-0.72,0.0,1.0,0.29288613544115805,21.81,8.522881865501404,-42.65661,97.55895,-39.389347,0.0,0.6,0.5
0.18703509523420675,0.16367419292156696,0.5003677114362155,62.099999999999994,-158017.96465116323,-0.72,0.0,1.0,-0.14963225196078866,21.815,8.522881865501404,-42.65661,97.55895,-39.389347,0.0,0.6,0.5
0.16533387480884035,0.16753945974300108,0.5004860017329718,60.3,-215707.0628571425,-0.72,0.0,1.0,0.09451582384718193,21.82,20.0,19.0424,104.06609,78.85518,0.6,0.6,0.5
0.14489984663976938,0.18099989087341797,0.5005698910105878,58.5,-235929.59999999963,-0.72,0.0,1.0,0.09451582384718193,21.825,20.0,19.0424,104.06609,78.85518,0.6,0.6,0.5
0.1295476760754239,0.1805411162536992,0.5002586636747978,56.699999999999996,-222051.38823529464,-0.72,0.0,1.0,0.4302194280831415,21.830000000000002,20.0,19.0424,104.06609,78.85518,0.6,0.6,0.5
0.11420676632350772,0.17708828062314852,0.5002895794187118,54.72,-58483.9571830985,-0.72,0.0,1.0,0.2776268807031599,21.835,20.0,19.0424,104.06609,78.85518,0.6,0.6,0.5
0.10547957710736845,0.19900184879983263,0.5002165456019025,52.739999999999995,-136142.98229508224,-0.72,0.0,1.0,0.3081453901791562,21.84,8.522881865501404,-119.91685,-65.90291,74.86387,0.0,0.0,0.5
0.08527548397698967,0.20718590149639105,0.5005472029378496,50.76,-45.78151985402338,-0.72,0.0,1.0,0.15555284279917458,21.845,8.522881865501404,-119.91685,-65.90291,74.86387,0.0,0.0,0.5
0.07273241991709872,0.22327309809774612,0.5008624050266857,48.6,-125829.1199999998,-0.72,0.0,1.0,0.4302194280831415,21.85,8.522881865501404,-119.91685,-65.90291,74.86387,0.0,0.0,0.5
0.0674586848625015,0.2387752925069201,0.501157366105504,46.26,-265261.3881081085,-0.72,0.0,1.0,0.12503433332317826,21.855,8.522881865501404,-119.91685,-65.90291,74.86387,0.0,0.0,0.5
0.0697642799627989,0.25488375114149897,0.5013500158674604,43.92,-306708.4799999995,-0.72,0.0,1.0,0.3081453901791562,21.86,0.0,-106.83583,-96.400345,-123.08314,0.0,0.0,0.5
0.08115842436684353,0.2698473088208763,0.5015014937401477,41.58,-338436.9434482764,-0.72,0.0,1.0,0.04873805963318745,21.865000000000002,0.0,-106.83583,-96.400345,-123.08314,0.0,0.0,0.5
0.09405561379404387,0.28466192963088593,0.5018278337352965,39.24,-338436.9434482753,-0.72,0.0,1.0,0.3539231543931507,21.87,0.0,-106.83583,-96.400345,-123.08314,0.0,0.0,0.5
0.10809663377139772,0.3002249171574028,0.5019487791195517,36.72,-310871.94352941215,-0.72,0.0,1.0,0.15555284279917458,21.875,0.0,-106.83583,-96.400345,-123.08314,0.0,0.0,0.5
0.1196802691415132,0.30179472290489356,0.5021127015765361,34.019999999999996,-353894.4000000004,-0.72,0.0,1.0,0.1860713522751709,21.88,0.0,36.241486,58.795235,-112.11588,0.6,0.6,0.5
0.1375966671389529,0.3074493585517869,0.5024118598067199,31.5,-340956.3251612898,-0.72,0.0,1.0,-0.04281746879480153,21.885,0.0,36.241486,58.795235,-112.11588,0.6,0.6,0.5
0.14344698268257608,0.3150889854065887,0.502662920742828,28.799999999999997,-61.086709891793404,-0.72,0.0,1.0,0.5370342112491286,21.89,0.0,36.241486,58.795235,-112.11588,0.6,0.6,0.5
0.14722790426308016,0.30732848477819147,0.5029568070940612,25.919999999999998,-147312.14048780483,-0.72,0.0,1.0,-0.012298959318805203,21.895,0.0,36.241486,58.795235,-112.11588,0.6,0.6,0.5
0.15327078462188268,0.3092164677338385,0.5031840932444898,23.22,-314572.79999999993,-0.72,0.0,1.0,0.2776268807031599,21.900000000000002,8.522881865501404,-142.5878,-151.56422,-182.68163,0.0,0.0,0.5
0.1501222682573303,0.30683699296541034,0.5032891658965342,20.34,-345131.30057142844,-0.72,0.0,1.0,0.06399731437118561,21.905,8.522881865501404,-142.5878,-151.56422,-182.68163,0.0,0.0,0.5
0.14266751456865873,0.3139621220041612,0.5035464966630513,17.46,-377487.35999999987,-0.72,0.0,1.0,0.33866389965515253,21.91,8.522881865501404,-142.5878,-151.56422,-182.68163,0.0,0.0,0.5
0.13113770358239907,0.31463203596503936,0.5035209934562475,14.399999999999999,-377487.3600000003,-0.72,0.0,1.0,0.06399731437118561,21.915,8.522881865501404,-142.5878,-151.56422,-182.68163,0.0,0.0,0.5
0.11636707040049887,0.311148189038887,0.5036725658923635,11.52,-366048.34909090895,-0.8999999999999999,-22878.02181818181,1.0,0.2776268807031599,21.92,20.0,44.530807,-6.842095,-88.64155,0.6,0.0,0.5
0.11547912097322627,0.2957883991200894,0.5033559855612271,8.64,-402653.18399999983,-0.8999999999999999,0.0,1.0,0.21658986175116723,21.925,20.0,44.530807,-6.842095,-88.64155,0.6,0.0,0.5
0.12103037404167062,0.29472552752444064,0.5029254027581299,5.76,-377487.3600000001,-0.8999999999999999,0.0,1.0,9.250068666646303,21.93,20.0,44.530807,-6.842095,-88.64155,0.6,0.0,0.5
0.1263137749162959,0.30241521723376164,0.5034009286432386,3.78,-47.953447624766866,3.42,104.62570390858225,1.0,11.966216010010086,21.935,20.0,44.530807,-6.842095,-88.64155,0.6,0.0,0.5
0.14515259401163524,0.3062401408259997,0.5055061397825682,3.06,-42533.787042253505,3.96,31900.340281690143,1.0,1.605182042909,21.94,8.522881865501404,47.006443,-143.77562,219.99426,0.6,0.0,0.5
0.15099718943392035,0.30562749891241625,0.5059236652935881,3.42,40809.44432432431,2.88,-122428.33297297297,1.0,-0.363261818292818,21.945,8.522881865501404,47.006443,-143.77562,219.99426,0.6,0.0,0.5
0.1523705309412207,0.2966624897676052,0.5067605187799061,5.04,205902.19636363638,1.08,-228780.21818181817,1.0,-0.14963225196078866,21.95,8.522881865501404,47.006443,-143.77562,219.99426,0.6,0.0,0.5
0.15510864828574109,0.30304014185949296,0.5053782891436,6.84,60885.058064516124,-1.26,-79150.57548387097,1.0,-0.08859523300879601,21.955000000000002,8.522881865501404,47.006443,-143.77562,219.99426,0.6,0.0,0.5
0.15458994191814757,0.295985039130948,0.5038147041722921,7.199999999999999,43141.412571428504,-0.18,129424.23771428573,1.0,-0.39378032776881433,21.96,0.0,77.30975,-132.71075,-84.86076,0.6,0.0,0.5
0.15845731962517148,0.28680611107275783,0.5035332546035236,8.459999999999999,160146.1527272727,-0.18,0.0,1.0,-0.5311136204107978,21.965,0.0,77.30975,-132.71075,-84.86076,0.6,0.0,0.5
0.16492371766287345,0.26756973064851125,0.5025884472931766,9.54,146124.13935483873,-0.8999999999999999,-97416.0929032258,1.0,-0.47007660145880514,21.97,0.0,77.30975,-132.71075,-84.86076,0.6,0.0,0.5
0.17252736027414142,0.2410891523930388,0.5019509435443725,10.799999999999999,29.27133827390249,-0.8999999999999999,0.0,1.0,-0.39378032776881433,21.975,0.0,77.30975,-132.71075,-84.86076,0.6,0.0,0.5
0.17992423919759384,0.21755126240603842,0.5020430866761614,12.059999999999999,82575.35999999999,-0.8999999999999999,0.0,1.0,0.24710837122716356,21.98,0.0,78.01982,28.903183,-33.722916,0.6,0.6,0.5
0.1950479321424633,0.18687025606824198,0.501722012555676,13.32,160146.1527272729,-0.8999999999999999,0.0,1.0,0.3539231543931507,21.985,0.0,78.01982,28.903183,-33.722916,0.6,0.6,0.5
0.21544084562280544,0.1703544983095937,0.5017432799839423,14.76,58638.813203883474,-0.8999999999999999,0.0,1.0,0.32340464491715437,21.990000000000002,0.0,78.01982,28.903183,-33.722916,0.6,0.6,0.5
0.23125410246042152,0.14344594300881264,0.5018670804435873,16.2,201326.59199999992,-0.8999999999999999,0.0,1.0,-0.22592852565083454,21.995,0.0,78.01982,28.903183,-33.722916,0.6,0.6,0.5
0.24760818758186834,0.12841379887604296,0.501815891406423,17.64,183024.1745454547,-0.8999999999999999,0.0,1.0,0.07925656910918377,22.0,0.0,69.37493,64.0763,-112.74454,0.6,0.6,0.5
0.2666179266377306,0.12530146158664127,0.5015436041821081,19.259999999999998,212336.63999999966,-0.8999999999999999,0.0,1.0,0.04873805963318745,22.005,0.0,69.37493,64.0763,-112.74454,0.6,0.6,0.5
0.28053855845413894,0.11303701030407347,0.5021168479111626,21.06,243540.2322580646,-0.8999999999999999,0.0,1.0,0.9642933439130772,22.01,0.0,69.37493,64.0763,-112.74454,0.6,0.6,0.5
0.294584831060957,0.09241366705328409,0.5019331907406288,23.04,276824.0640000001,-0.8999999999999999,0.0,1.0,0.6743675038911121,22.015,0.0,69.37493,64.0763,-112.74454,0.6,0.6,0.5
0.3102339608599804,0.08717302701942531,0.5019218727521841,25.02,46.809317761644955,-0.8999999999999999,0.0,1.0,0.3997009186071452,22.02,0.0,65.43887,62.704826,-86.55631,0.6,0.6,0.5
0.3238012223145295,0.09081263627571216,0.501579234974211,27.18,117658.39792207793,-0.8999999999999999,0.0,1.0,0.018219550157191122,22.025000000000002,0.0,65.43887,62.704826,-86.55631,0.6,0.6,0.5
0.334827664244868,0.07831552689990504,0.5012651573517336,29.34,258848.47542857146,-0.8999999999999999,0.0,1.0,-0.04281746879480153,22.03,0.0,65.43887,62.704826,-86.55631,0.6,0.6,0.5
0.347874135026101,0.08273024007521239,0.5014659330457005,31.68,316602.3019354839,-0.8999999999999999,0.0,1.0,0.018219550157191122,22.035,0.0,65.43887,62.704826,-86.55631,0.6,0.6,0.5
0.35903084710499966,0.0957290142012315,0.5015741646734754,34.199999999999996,364470.55448275805,-0.8999999999999999,0.0,1.0,0.5522934659871268,22.04,0.0,67.54823,-3.0639126,-73.29605,0.6,0.0,0.5
0.3685619676298927,0.11009563143387605,0.501262358708313,36.72,86636.44327868863,-0.8999999999999999,0.0,1.0,0.24710837122716356,22.045,0.0,67.54823,-3.0639126,-73.29605,0.6,0.0,0.5
0.37849914767481496,0.1414975030306832,0.5013711311171618,39.24,330301.4400000004,-0.8999999999999999,0.0,1.0,0.06399731437118561,22.05,0.0,67.54823,-3.0639126,-73.29605,0.6,0.0,0.5
0.38719200576396984,0.14839436291451333,0.5013843003816213,41.94,365310.3483870962,-0.8999999999999999,0.0,1.0,-0.10385448774679418,22.055,0.0,67.54823,-3.0639126,-73.29605,0.6,0.0,0.5
0.39267234683413266,0.16601301919735195,0.5015698638034699,44.64,62.720474974661805,-0.8999999999999999,0.0,1.0,0.1860713522751709,22.06,0.0,39.77933,141.00397,75.854614,0.6,0.6,0.5
0.39825361150815597,0.18558021357882626,0.5015383561828317,47.339999999999996,195252.08275862038,-0.8999999999999999,0.0,1.0,0.20133060701316907,22.065,0.0,39.77933,141.00397,75.854614,0.6,0.6,0.5
0.4030058448095045,0.1968257430732033,0.5017437662630279,50.04,343170.3272727276,-0.8999999999999999,0.0,1.0,0.5370342112491286,22.07,0.0,39.77933,141.00397,75.854614,0.6,0.6,0.5
0.40683454346715775,0.2134069106389173,0.5019124045139212,52.559999999999995,99713.64226415078,-0.8999999999999999,0.0,1.0,0.17081209753717275,22.075,0.0,39.77933,141.00397,75.854614,0.6,0.6,0.5
0.4108055472085686,0.21971087861910554,0.5016726598522685,55.08,364470.5544827591,-0.8999999999999999,0.0,1.0,0.2318491164891654,22.080000000000002,0.0,76.45248,-28.7712,-46.541008,0.6,0.0,0.5
0.4147809220284159,0.23862155599372772,0.5016259254803921,57.419999999999995,280419.1817142853,-0.72,21570.706285714277,1.0,0.07925656910918377,22.085,0.0,76.45248,-28.7712,-46.541008,0.6,0.0,0.5
0.4174783792539244,0.24257271613308487,0.5016233155678136,59.58,301989.8880000005,-0.72,0.0,1.0,0.3081453901791562,22.09,0.0,76.45248,-28.7712,-46.541008,0.6,0.0,0.5
0.42035577976817673,0.2513415257917178,0.5015616186435443,61.559999999999995,267894.25548387057,-0.72,0.0,1.0,0.1860713522751709,22.095,0.0,76.45248,-28.7712,-46.541008,0.6,0.0,0.5
0.42310748058965264,0.25069232740025676,0.5017000544712164,63.18,219186.2090322587,-0.72,0.0,1.0,0.2318491164891654,22.1,0.0,89.142395,-97.16986,-60.26762,0.6,0.0,0.5
0.42584751002545107,0.2482918239730927,0.5017813370876798,64.62,34.32522397390298,-0.72,0.0,1.0,-0.04281746879480153,22.105,0.0,89.142395,-97.16986,-60.26762,0.6,0.0,0.5
0.42875761530561923,0.24450276877744792,0.5020680883520962,65.7,83886.07999999987,-0.72,0.0,1.0,0.15555284279917458,22.11,0.0,89.142395,-97.16986,-60.26762,0.6,0.0,0.5
0.4327059565265936,0.24775197042338615,0.5019003099912887,66.6,114390.10909090801,-0.72,0.0,1.0,0.00296029541919296,22.115000000000002,0.0,89.142395,-97.16986,-60.26762,0.6,0.0,0.5
0.4356737982270895,0.25159695491770706,0.5020910201870801,66.96,50331.64799999992,-0.72,0.0,1.0,0.3539231543931507,22.12,0.0,50.60175,63.40132,81.16386,0.6,0.6,0.5
0.4391151611798133,0.2524841642290077,0.5020664786541942,67.14,26033.611034483743,-0.72,0.0,1.0,0.12503433332317826,22.125,0.0,50.60175,63.40132,81.16386,0.6,0.6,0.5
0.44306991310897864,0.24509851313213826,0.5023113730920298,66.96,-23592.960000000894,-0.72,0.0,1.0,0.06399731437118561,22.13,0.0,50.60175,63.40132,81.16386,0.6,0.6,0.5
0.4469157048243573,0.2509827006025135,0.5021760017138063,66.6,-7294.441739130423,-0.72,0.0,1.0,-0.11911374248479234,22.135,0.0,50.60175,63.40132,81.16386,0.6,0.6,0.5
0.4503240724225295,0.2547560505066965,0.5020863957159889,65.88,-88820.55529411751,-0.72,0.0,1.0,0.3081453901791562,22.14,0.0,55.44736,-149.9692,70.8989,0.6,0.0,0.5
0.45475299688962806,0.256198444820723,0.501775775294844,65.16,-16.64397175941488,-0.72,0.0,1.0,0.24710837122716356,22.145,0.0,55.44736,-149.9692,70.8989,0.6,0.0,0.5
0.4583412877061889,0.2441466034921195,0.5016655320354956,64.44,-41368.47780821911,-0.72,0.0,1.0,0.384441663869147,22.150000000000002,0.0,55.44736,-149.9692,70.8989,0.6,0.0,0.5
0.4614729240429677,0.24961352260720396,0.5017340315574024,63.54,-96791.63076923061,-0.72,0.0,1.0,0.1097750785851801,22.155,0.0,55.44736,-149.9692,70.8989,0.6,0.0,0.5
0.4650853796980631,0.24015760899667743,0.5016077976598508,62.82,-94371.83999999985,-0.8999999999999999,-23592.959999999992,1.0,0.17081209753717275,22.16,0.0,85.40213,-100.40955,-107.62455,0.6,0.0,0.5
0.4685605066031712,0.23049258073365875,0.5015683151804834,61.919999999999995,-125829.1200000008,-0.8999999999999999,0.0,1.0,0.1860713522751709,22.165,0.0,85.40213,-100.40955,-107.62455,0.6,0.0,0.5
0.47115626349863393,0.2258055876034853,0.5016677679793108,61.199999999999996,-94371.83999999985,-0.8999999999999999,0.0,1.0,0.17081209753717275,22.17,0.0,85.40213,-100.40955,-107.62455,0.6,0.0,0.5
0.4740351599519459,0.22693100375803765,0.501863265614558,60.48,-91512.08727272713,-0.8999999999999999,0.0,1.0,0.1097750785851801,22.175,0.0,85.40213,-100.40955,-107.62455,0.6,0.0,0.5
0.477624920995758,0.22452905625173022,0.5014931143274441,59.94,-75497.47199999988,-0.8999999999999999,0.0,1.0,0.20133060701316907,22.18,0.0,-129.16333,-122.23211,-165.32983,0.0,0.0,0.5
0.4802656570919948,0.23164939264246048,0.501232509787852,59.4,-75497.47199999988,-0.8999999999999999,0.0,1.0,-0.012298959318805203,22.185,0.0,-129.16333,-122.23211,-165.32983,0.0,0.0,0.5
0.4829248487791319,0.22431831838465574,0.5012033057318818,59.04,-8.567720966652846,-0.8999999999999999,0.0,1.0,-0.027558214056803365,22.19,0.0,-129.16333,-122.23211,-165.32983,0.0,0.0,0.5
0.4857158526426834,0.23508871941303072,0.5011212351369684,58.86,-10342.119452054778,-0.8999999999999999,0.0,1.0,0.07925656910918377,22.195,0.0,-129.16333,-122.23211,-165.32983,0.0,0.0,0.5
0.48764407624587525,0.21967183058344714,0.5011719996271627,58.68,-5852.517209302317,-0.8999999999999999,0.0,1.0,0.09451582384718193,22.2,0.0,-93.52779,-122.77071,-188.15314,0.0,0.0,0.5
0.4895869402519114,0.2167212844012893,0.5010375029108214,58.68,0.0,-0.8999999999999999,0.0,1.0,0.07925656910918377,22.205000000000002,0.0,-93.52779,-122.77071,-188.15314,0.0,0.0,0.5
0.4919457302228214,0.20139761741771242,0.5008827551078494,58.86,23592.959999999963,-0.8999999999999999,0.0,1.0,0.20133060701316907,22.21,0.0,-93.52779,-122.77071,-188.15314,0.0,0.0,0.5
0.49332570779803714,0.18830376961772857,0.5009584241911402,59.22,43141.412571428504,-0.8999999999999999,0.0,1.0,0.21658986175116723,22.215,0.0,-93.52779,-122.77071,-188.15314,0.0,0.0,0.5
0.492784885158111,0.16326934205332094,0.5013037888797822,59.58,47185.919999999925,-0.8999999999999999,0.0,1.0,0.24710837122716356,22.22,0.0,-66.93764,133.93001,161.16042,0.0,0.6,0.5
0.49067785054196006,0.1517336485069219,0.5015016714543494,59.94,50331.64799999992,-0.8999999999999999,0.0,1.0,0.1860713522751709,22.225,0.0,-66.93764,133.93001,161.16042,0.0,0.6,0.5
0.49001944833494154,0.1277767915566036,0.5014379464559752,60.48,12.502893481716992,-0.8999999999999999,0.0,1.0,0.21658986175116723,22.23,0.0,-66.93764,133.93001,161.16042,0.0,0.6,0.5
0.48814105691634474,0.10567170326898899,0.5015874127299533,61.019999999999996,29414.599480519435,-0.8999999999999999,0.0,1.0,0.2318491164891654,22.235,0.0,-66.93764,133.93001,161.16042,0.0,0.6,0.5
0.4843440822898895,0.09890826831880627,0.5018885208884896,61.559999999999995,64712.118857142756,-0.8999999999999999,0.0,1.0,0.018219550157191122,22.240000000000002,0.0,-91.816025,122.90249,150.98363,0.0,0.6,0.5
0.4782572719485614,0.10204898453819672,0.5020082294992732,62.099999999999994,68634.06545454534,-0.8999999999999999,0.0,1.0,0.12503433332317826,22.245,0.0,-91.816025,122.90249,150.98363,0.0,0.6,0.5
0.46003386204469104,0.08801668809172768,0.5024433034251848,62.46,10485.760000000191,-0.8999999999999999,0.0,1.0,0.15555284279917458,22.25,0.0,-91.816025,122.90249,150.98363,0.0,0.6,0.5
0.43351704373235533,0.0812536912599607,0.5028347381063546,62.82,44410.277647058756,-0.8999999999999999,0.0,1.0,0.3081453901791562,22.255,0.0,-91.816025,122.90249,150.98363,0.0,0.6,0.5
0.40176391833012914,0.06445268263337109,0.5032004172202635,63.18,43141.412571428504,-0.72,21570.706285714277,1.0,0.09451582384718193,22.26,0.0,-115.92759,126.692375,151.75171,0.0,0.6,0.5
0.3706874405562796,0.05410235967301033,0.5032030570323216,63.36,23592.959999999963,-0.72,0.0,1.0,0.07925656910918377,22.265,0.0,-115.92759,126.692375,151.75171,0.0,0.6,0.5
0.33894255553472086,0.042593085489631984,0.5033741964906236,63.54,25165.82399999996,-0.72,0.0,1.0,0.2623676259651617,22.27,0.0,-115.92759,126.692375,151.75171,0.0,0.6,0.5
0.30876402889196713,0.048561103484013546,0.5035840434860108,63.54,0.0,-0.72,0.0,1.0,0.21658986175116723,22.275000000000002,0.0,-115.92759,126.692375,151.75171,0.0,0.6,0.5
0.2795295532619046,0.07951863570848566,0.5035027869657747,63.54,0.0,-0.72,0.0,1.0,0.1097750785851801,22.28,0.0,-117.617676,122.53373,144.47089,0.0,0.6,0.5
0.2524173752802978,0.09901861722434573,0.5035499106342204,63.36,-20404.72216216213,-0.72,0.0,1.0,0.567552720725125,22.285,0.0,-117.617676,122.53373,144.47089,0.0,0.6,0.5
0.2258586362222407,0.12435332031108036,0.5039278862298973,63.0,-45756.04363636357,-0.72,0.0,1.0,-0.012298959318805203,22.29,0.0,-117.617676,122.53373,144.47089,0.0,0.6,0.5
0.2021281377877978,0.1428685033351976,0.5039878053025802,62.64,-45756.04363636357,-0.72,0.0,1.0,0.29288613544115805,22.295,0.0,-117.617676,122.53373,144.47089,0.0,0.6,0.5
0.17987459883862644,0.1637691902427659,0.5039793325806545,62.28,-44410.277647058756,-0.72,0.0,1.0,0.24710837122716356,22.3,0.0,-114.94365,126.8238,148.32123,0.0,0.6,0.5
0.16006032736490922,0.18625274182017745,0.5041562480691828,61.559999999999995,-88820.55529411839,-0.72,0.0,1.0,0.4302194280831415,22.305,0.0,-114.94365,126.8238,148.32123,0.0,0.6,0.5
0.1425286489302605,0.20730622253122152,0.5041002066102285,60.839999999999996,-100663.29599999984,-0.72,0.0,1.0,0.17081209753717275,22.31,0.0,-114.94365,126.8238,148.32123,0.0,0.6,0.5
0.12592607973147013,0.22108562493479475,0.5043081254621644,59.94,-23891.605063291103,-0.72,0.0,1.0,0.36918240913114886,22.315,0.0,-114.94365,126.8238,148.32123,0.0,0.6,0.5
0.1166215726010856,0.22795102457747318,0.5041030368288553,59.04,-21.431828040014956,-0.72,0.0,1.0,0.07925656910918377,22.32,0.0,-89.791954,-164.40724,28.37222,0.0,0.0,0.5
0.09799162387773318,0.23849827407372293,0.5044183052384033,57.78,-85239.08129032244,-0.72,0.0,1.0,0.1860713522751709,22.325,0.0,-89.791954,-164.40724,28.37222,0.0,0.0,0.5
0.09177411580917988,0.25477229556328906,0.5045937423514019,56.519999999999996,-165150.72000000067,-0.72,0.0,1.0,0.21658986175116723,22.330000000000002,0.0,-89.791954,-164.40724,28.37222,0.0,0.0,0.5
0.081724778411398,0.26893911359942707,0.5042467273679925,55.08,-201326.59199999968,-0.72,0.0,1.0,0.21658986175116723,22.335,0.0,-89.791954,-164.40724,28.37222,0.0,0.0,0.5
0.06818989980866928,0.28883881435659764,0.5042031721389268,53.46,-226492.41599999965,-0.72,0.0,1.0,0.00296029541919296,22.34,0.0,-5.73279,-51.90719,-198.20087,0.0,0.0,0.5
0.05246801466985499,0.3092750327498418,0.5043842138245275,51.48,-251658.24000000051,-0.72,0.0,1.0,0.1860713522751709,22.345,0.0,-5.73279,-51.90719,-198.20087,0.0,0.0,0.5
0.04794098231969319,0.31574256717845317,0.504541644336709,49.5,-267894.25548387057,-0.72,0.0,1.0,0.1860713522751709,22.35,0.0,-5.73279,-51.90719,-198.20087,0.0,0.0,0.5
0.041840220150978026,0.33511968729932073,0.5045923258997818,47.339999999999996,-292248.2787096779,-0.72,0.0,1.0,0.5370342112491286,22.355,0.0,-5.73279,-51.90719,-198.20087,0.0,0.0,0.5
0.03200970330629272,0.3434254796146632,0.504652651580287,45.18,-48.880441988950196,-0.72,0.0,1.0,0.018219550157191122,22.36,8.522881865501404,64.98593,-24.719303,-139.64772,0.6,0.0,0.5
0.017010683746288613,0.34280420090436187,0.5048893544095666,42.839999999999996,-61341.69600000009,-0.72,0.0,1.0,0.29288613544115805,22.365000000000002,8.522881865501404,64.98593,-24.719303,-139.64772,0.6,0.0,0.5
0.017828538071597965,0.3411914437263896,0.5048318953809257,40.32,-245805.7227906973,-0.72,0.0,1.0,0.3081453901791562,22.37,8.522881865501404,64.98593,-24.719303,-139.64772,0.6,0.0,0.5
0.015419837232634575,0.339560315741498,0.5048450022888706,37.8,-330301.4400000004,-0.72,0.0,1.0,0.07925656910918377,22.375,8.522881865501404,64.98593,-24.719303,-139.64772,0.6,0.0,0.5
0.010865652231826487,0.3334985494883961,0.5047496220323119,35.1,-377487.3599999994,-0.72,0.0,1.0,0.12503433332317826,22.38,20.0,72.16026,101.94018,-28.251461,0.6,0.6,0.5
0.01936545113395868,0.32146787977101154,0.504851961334643,32.58,-330301.4400000004,-0.72,0.0,1.0,0.17081209753717275,22.385,20.0,72.16026,101.94018,-28.251461,0.6,0.6,0.5
0.007034977291240289,0.30750687493019,0.504764243379839,29.7,-366048.34909090895,-0.72,0.0,1.0,0.20133060701316907,22.39,20.0,72.16026,101.94018,-28.251461,0.6,0.6,0.5
0.006442061965747932,0.2898350999603826,0.5047807746955726,27.0,-353894.3999999999,-0.72,0.0,1.0,0.3997009186071452,22.395,20.0,72.16026,101.94018,-28.251461,0.6,0.6,0.5
0.005172746860147469,0.2701461803225835,0.504840617909213,24.119999999999997,-402653.18400000036,-0.8999999999999999,-25165.82399999999,1.0,0.09451582384718193,22.400000000000002,8.522881865501404,59.72521,69.89532,50.068645,0.6,0.6,0.5
-6.74926267151122e-05,0.2515960620172174,0.5048791141571289,21.06,-74.96302969418028,-0.8999999999999999,0.0,1.0,0.29288613544115805,22.405,8.522881865501404,59.72521,69.89532,50.068645,0.6,0.6,0.5
0.01293358472301737,0.21395119427869924,0.5045622503294039,18.18,-208268.888275862,-0.8999999999999999,0.0,1.0,0.09451582384718193,22.41,8.522881865501404,59.72521,69.89532,50.068645,0.6,0.6,0.5
0.03718287473991756,0.1971452788913363,0.5044150918477864,15.12,-124607.47805825245,-0.8999999999999999,0.0,1.0,0.24710837122716356,22.415,8.522881865501404,59.72521,69.89532,50.068645,0.6,0.6,0.5
0.06305000765439116,0.16724783950646402,0.5039377660775852,11.879999999999999,-251658.24000000002,-0.8999999999999999,0.0,1.0,0.09451582384718193,22.42,0.0,64.248566,-130.07399,68.14169,0.6,0.0,0.5
0.07957159847356014,0.1613930748946466,0.5035672964394244,8.82,-427819.0079999998,-0.8999999999999999,0.0,1.0,0.2318491164891654,22.425,0.0,64.248566,-130.07399,68.14169,0.6,0.0,0.5
0.09723797983324614,0.15313107225155448,0.5034507778813826,5.9399999999999995,-257012.67063829795,-0.8999999999999999,0.0,1.0,9.982512894070268,22.43,0.0,64.248566,-130.07399,68.14169,0.6,0.0,0.5
0.11878041035918369,0.14355006568190967,0.5042052535941098,3.42,-310871.9435294117,3.96,599538.748235294,1.0,13.919400616473908,22.435,0.0,64.248566,-130.07399,68.14169,0.6,0.0,0.5
0.13884062920796178,0.15881428569135309,0.5059812557634985,2.52,-130168.05517241378,4.859999999999999,130168.05517241372,1.0,1.2084414197210478,22.44,0.0,60.20438,3.5329645,-56.235283,0.6,0.6,0.5
0.15627855505299398,0.1698548049937219,0.5064848235423209,2.88,8.15030221900757,3.78,-24.45090665702271,1.0,1.3457747123630313,22.445,0.0,60.20438,3.5329645,-56.235283,0.6,0.6,0.5
0.17681732744319695,0.19483017458293223,0.5072076147465745,4.5,125829.12000000001,1.7999999999999998,-153791.14666666667,1.0,-0.11911374248479234,22.45,0.0,60.20438,3.5329645,-56.235283,0.6,0.6,0.5
0.19322830725320939,0.21113936621270632,0.5058222121357974,6.84,297414.28363636363,-1.08,-366048.34909090906,1.0,0.2776268807031599,22.455000000000002,0.0,60.20438,3.5329645,-56.235283,0.6,0.6,0.5
0.2057087785019786,0.22750791670761286,0.5040962986764106,7.38,78100.83310344828,-0.18,130168.0551724138,1.0,-1.217780083620715,22.46,0.0,119.32051,-86.51261,49.775646,0.6,0.0,0.5
0.22369964565965736,0.23258854292189513,0.5037783496818704,9.0,65968.66485436894,-0.18,0.0,1.0,-0.1343729972227905,22.465,0.0,119.32051,-86.51261,49.775646,0.6,0.0,0.5
0.23892374574072897,0.230422237107423,0.5026611665888063,11.16,274536.26181818184,-1.08,-114390.10909090911,1.0,-0.5616321298867941,22.47,0.0,119.32051,-86.51261,49.775646,0.6,0.0,0.5
0.2504267085418132,0.22540467816136917,0.5019267718329857,12.959999999999999,228780.21818181805,-0.8999999999999999,22878.021818181838,1.0,-0.363261818292818,22.475,0.0,119.32051,-86.51261,49.775646,0.6,0.0,0.5
0.26511304046283357,0.23704534880790978,0.5019283534557742,15.12,274536.26181818184,-0.8999999999999999,0.0,1.0,-0.07333597827079785,22.48,0.0,1.1141847,-15.717411,-6.2917438,0.6,0.0,0.5
0.27979743264709606,0.23997886774840949,0.5014371741340257,17.28,292248.2787096777,-0.8999999999999999,0.0,1.0,0.567552720725125,22.485,0.0,1.1141847,-15.717411,-6.2917438,0.6,0.0,0.5
0.29075268404449545,0.23815664624519556,0.5012507396034074,19.8,61.7649235947571,-0.8999999999999999,0.0,1.0,-0.07333597827079785,22.490000000000002,0.0,1.1141847,-15.717411,-6.2917438,0.6,0.0,0.5
0.30364300805803984,0.2470287543369888,0.5013311056876585,22.32,188743.67999999996,-0.8999999999999999,0.0,1.0,0.04873805963318745,22.495,0.0,1.1141847,-15.717411,-6.2917438,0.6,0.0,0.5
0.3161477076201778,0.2538611419497425,0.5012220369623847,24.84,330301.43999999994,-0.8999999999999999,0.0,1.0,-0.37852107303081617,22.5,0.0,56.493713,-45.46914,-102.69737,0.6,0.0,0.5
0.32626686493565943,0.25860405747906146,0.5005372336361013,27.72,389664.3716129031,-0.8999999999999999,0.0,1.0,0.33866389965515253,22.505,0.0,56.493713,-45.46914,-102.69737,0.6,0.0,0.5
0.3355057000089305,0.26197886546280935,0.5007099286971303,30.419999999999998,377487.3599999999,-0.8999999999999999,0.0,1.0,0.6438489944151158,22.51,0.0,56.493713,-45.46914,-102.69737,0.6,0.0,0.5
0.34583830959736994,0.2634998328059691,0.5002409272691917,33.3,355282.22117647046,-0.8999999999999999,0.0,1.0,1.0100711081270717,22.515,0.0,56.493713,-45.46914,-102.69737,0.6,0.0,0.5
0.3540740531341541,0.2670046102400874,0.5001803407222737,36.36,388926.3709090912,-0.8999999999999999,0.0,1.0,0.29288613544115805,22.52,0.0,52.68012,-25.268353,-63.58246,0.6,0.0,0.5
0.3618688074813734,0.2565505096815707,0.5001382690036793,39.24,112893.41607476646,-0.8999999999999999,0.0,1.0,0.2623676259651617,22.525000000000002,0.0,52.68012,-25.268353,-63.58246,0.6,0.0,0.5
0.37076358800784626,0.24931964442286808,0.4995982919457172,42.12,65.3958558860947,-0.8999999999999999,0.0,1.0,-0.08859523300879601,22.53,0.0,52.68012,-25.268353,-63.58246,0.6,0.0,0.5
0.3783874702508186,0.24327148035282278,0.49926951779940504,45.0,223696.21333333352,-0.8999999999999999,0.0,1.0,0.033478804895189285,22.535,0.0,52.68012,-25.268353,-63.58246,0.6,0.0,0.5
0.38516093791450345,0.22823648640698727,0.4992637455349741,48.059999999999995,427819.00799999933,-0.8999999999999999,0.0,1.0,0.33866389965515253,22.54,0.0,102.13802,214.75702,13.797428,0.6,0.6,0.5
0.392248811246134,0.2082465339910038,0.4989683420755859,50.76,116748.66804123724,-0.8999999999999999,0.0,1.0,0.5522934659871268,22.545,0.0,102.13802,214.75702,13.797428,0.6,0.6,0.5
0.3987806893707478,0.19080316230429853,0.498786565770509,53.64,366048.3490909094,-0.8999999999999999,0.0,1.0,0.15555284279917458,22.55,0.0,102.13802,214.75702,13.797428,0.6,0.6,0.5
0.4048185164383826,0.1804348329105545,0.4986321363311147,56.339999999999996,343170.32727272675,-0.8999999999999999,0.0,1.0,0.09451582384718193,22.555,0.0,102.13802,214.75702,13.797428,0.6,0.6,0.5
0.41071357137917136,0.151430068629767,0.4986565178349812,59.04,343170.3272727276,-0.8999999999999999,0.0,1.0,0.24710837122716356,22.56,0.0,44.82803,-106.44079,31.765154,0.6,0.0,0.5
0.416183812063226,0.1344067930425684,0.49875724486584244,61.559999999999995,330301.4399999995,-0.8999999999999999,0.0,1.0,0.4302194280831415,22.565,0.0,44.82803,-106.44079,31.765154,0.6,0.0,0.5
0.4213709316160137,0.11668726779440235,0.49862802341139184,64.08,340956.32516129076,-0.8999999999999999,0.0,1.0,0.1860713522751709,22.57,0.0,44.82803,-106.44079,31.765154,0.6,0.0,0.5
0.4266716641480605,0.10362244174590865,0.49824445679246077,66.42,56.901923424781515,-0.8999999999999999,0.0,1.0,0.24710837122716356,22.575,0.0,44.82803,-106.44079,31.765154,0.6,0.0,0.5
0.4312912067780902,0.08646311961836264,0.49842925638815416,68.58,167772.15999999974,-0.72,13981.013333333329,1.0,-0.14963225196078866,22.580000000000002,0.0,131.71152,2.60651,98.006035,0.6,0.6,0.5
0.4355554228208305,0.07189639877210138,0.4984217155952414,70.56,267894.2554838715,-0.72,0.0,1.0,0.2776268807031599,22.585,0.0,131.71152,2.60651,98.006035,0.6,0.6,0.5
0.4401289998983972,0.07088988769218753,0.4983436170912924,72.36,243540.23225806412,-0.72,0.0,1.0,0.1097750785851801,22.59,0.0,131.71152,2.60651,98.006035,0.6,0.6,0.5
0.4444318891966369,0.0884984308600528,0.4982208214247116,73.98,226492.41600000064,-0.72,0.0,1.0,0.2623676259651617,22.595,0.0,131.71152,2.60651,98.006035,0.6,0.6,0.5
0.4480511836973229,0.09162384160332201,0.49840419120240276,75.24,165150.7199999988,-0.72,0.0,1.0,0.1097750785851801,22.6,0.0,38.167564,-60.050293,15.888795,0.6,0.0,0.5
0.45171693751337466,0.10835978410706504,0.4980045878173595,76.14,117964.80000000075,-0.72,0.0,1.0,0.07925656910918377,22.605,0.0,38.167564,-60.050293,15.888795,0.6,0.0,0.5
0.45509249912540894,0.09232631277858262,0.4980929362962111,76.86,28760.94171428567,-0.72,0.0,1.0,0.018219550157191122,22.61,0.0,38.167564,-60.050293,15.888795,0.6,0.0,0.5
0.45788510047966474,0.11377303139328693,0.4982674142199152,77.22,8.329239035099803,-0.72,0.0,1.0,0.32340464491715437,22.615000000000002,0.0,38.167564,-60.050293,15.888795,0.6,0.0,0.5
0.46139381388009193,0.1319049713294564,0.4978984439474529,77.22,0.0,-0.72,0.0,1.0,-0.04281746879480153,22.62,0.0,41.072544,7.020364,27.47998,0.6,0.6,0.5
0.4648811873772394,0.15374910097572791,0.4979616660005718,76.86,-13603.148108108087,-0.72,0.0,1.0,0.15555284279917458,22.625,0.0,41.072544,7.020364,27.47998,0.6,0.6,0.5
0.46733589776973256,0.156943328165966,0.498140460437692,76.32,-66615.416470589,-0.72,0.0,1.0,0.033478804895189285,22.63,0.0,41.072544,7.020364,27.47998,0.6,0.6,0.5
0.46889717740219666,0.17307354161092103,0.4982721781571215,75.24,-156201.6662068963,-0.72,0.0,1.0,0.475997192297136,22.635,0.0,41.072544,7.020364,27.47998,0.6,0.6,0.5
0.4704530584097153,0.20074337923096353,0.498203967811338,73.98,-176160.76799999873,-0.72,0.0,1.0,0.07925656910918377,22.64,0.0,21.702085,-39.290028,8.667354,0.6,0.0,0.5
0.47171908740886803,0.2098938165030225,0.4980902993726686,72.53999999999999,-183024.17454545607,-0.72,0.0,1.0,0.17081209753717275,22.645,0.0,21.702085,-39.290028,8.667354,0.6,0.0,0.5
0.47280567973509174,0.21319934557008582,0.4980770887173825,70.92,-212336.63999999873,-0.72,0.0,1.0,-0.11911374248479234,22.650000000000002,0.0,21.702085,-39.290028,8.667354,0.6,0.0,0.5
0.4735561565833281,0.21226609528374993,0.4981587239754875,69.3,-226492.41600000064,-0.72,0.0,1.0,0.3539231543931507,22.655,0.0,21.702085,-39.290028,8.667354,0.6,0.0,0.5
0.474686564179737,0.21043061909532737,0.4980211732933439,67.5,-42.88118503708914,-0.72,0.0,1.0,-0.012298959318805203,22.66,0.0,55.21788,-125.128685,0.47172207,0.6,0.0,0.5
0.47561081535933847,0.20875634486910555,0.4984082247115562,65.7,-53167.233802816816,-0.72,0.0,1.0,0.21658986175116723,22.665,0.0,55.21788,-125.128685,0.47172207,0.6,0.0,0.5
0.4766240505739446,0.20855370536689255,0.49873908190281285,63.9,-222051.38823529464,-0.8999999999999999,-22205.138823529403,1.0,0.33866389965515253,22.67,0.0,55.21788,-125.128685,0.47172207,0.6,0.0,0.5
0.477918557807313,0.21098842588445238,0.49881868161479453,62.28,-226492.41599999965,-0.8999999999999999,0.0,1.0,0.4302194280831415,22.675,0.0,55.21788,-125.128685,0.47172207,0.6,0.0,0.5
0.4794219410682886,0.20581019165202552,0.49878921498249135,60.66,-119206.53473684244,-0.8999999999999999,0.0,1.0,0.12503433332317826,22.68,0.0,19.385386,-83.29438,-85.57735,0.6,0.0,0.5
0.4811072163470866,0.20935344448280174,0.4988404345734139,59.22,-188743.6799999997,-0.8999999999999999,0.0,1.0,0.2623676259651617,22.685,0.0,19.385386,-83.29438,-85.57735,0.6,0.0,0.5
0.48244450823767776,0.20366113229412613,0.4990455594445081,57.78,-177641.11058823502,-0.8999999999999999,0.0,1.0,0.12503433332317826,22.69,0.0,19.385386,-83.29438,-85.57735,0.6,0.0,0.5
0.4841286708685217,0.20370251185424004,0.4991351664019419,56.699999999999996,-150994.94400000075,-0.8999999999999999,0.0,1.0,0.3997009186071452,22.695,0.0,19.385386,-83.29438,-85.57735,0.6,0.0,0.5
0.48571715059552034,0.2004188929990038,0.4995093788079256,55.8,-117964.79999999981,-0.8999999999999999,0.0,1.0,0.12503433332317826,22.7,0.0,96.196106,-108.87199,-158.81816,0.6,0.0,0.5
0.4880138450239711,0.20882364988081942,0.49937769772194984,55.08,-16.355161959435648,-0.8999999999999999,0.0,1.0,0.12503433332317826,22.705000000000002,0.0,96.196106,-108.87199,-158.81816,0.6,0.0,0.5
0.4893529564554162,0.2053276275079471,0.49971294300549146,54.72,-14111.677009345773,-0.8999999999999999,0.0,1.0,0.15555284279917458,22.71,0.0,96.196106,-108.87199,-158.81816,0.6,0.0,0.5
0.49108263227154986,0.19341120583537652,0.4998228400709143,54.54,-16412.493913043454,-0.8999999999999999,0.0,1.0,0.2623676259651617,22.715,0.0,96.196106,-108.87199,-158.81816,0.6,0.0,0.5
0.4929472035165993,0.1745676984188232,0.5000133786555513,54.54,0.0,-0.8999999999999999,0.0,1.0,0.04873805963318745,22.72,0.0,15.273312,-118.856224,125.79061,0.6,0.0,0.5
0.49404808143557233,0.140970474974888,0.5004687850753875,54.9,9207.008780487791,-0.8999999999999999,0.0,1.0,0.2623676259651617,22.725,0.0,15.273312,-118.856224,125.79061,0.6,0.0,0.5
0.495064817966338,0.13562736265289738,0.5009534081779522,55.26,34317.03272727267,-0.8999999999999999,0.0,1.0,0.384441663869147,22.73,0.0,15.273312,-118.856224,125.79061,0.6,0.0,0.5
0.4970629964395584,0.11780892894333082,0.5011990477450524,55.8,66615.41647058813,-0.8999999999999999,0.0,1.0,0.3539231543931507,22.735,0.0,15.273312,-118.856224,125.79061,0.6,0.0,0.5
0.4986281497246552,0.11416577976929256,0.5013997070439593,56.519999999999996,49506.53901639336,-0.8999999999999999,0.0,1.0,-0.08859523300879601,22.740000000000002,0.0,-0.45085156,-88.20023,15.843398,0.1647445321083069,0.0,0.5
0.5001606665151397,0.10359558767098105,0.501481982615952,57.419999999999995,20.826314308570765,-0.8999999999999999,0.0,1.0,0.44547868282113967,22.745,0.0,-0.45085156,-88.20023,15.843398,0.1647445321083069,0.0,0.5
0.5018233235376504,0.09516871477893211,0.5017588660952578,58.32,60885.05806451651,-0.8999999999999999,0.0,1.0,0.09451582384718193,22.75,0.0,-0.45085156,-88.20023,15.843398,0.1647445321083069,0.0,0.5
0.5030858471774678,0.07849592284099725,0.5022220357099393,59.4,119206.53473684192,-0.8999999999999999,0.0,1.0,0.2318491164891654,22.755,0.0,-0.45085156,-88.20023,15.843398,0.1647445321083069,0.0,0.5
0.5039063410282144,0.07236356571837803,0.5028050201773456,60.66,170478.1625806449,-0.8999999999999999,0.0,1.0,0.09451582384718193,22.76,0.0,13.081982,-103.40092,-59.46837,0.6,0.0,0.5
0.5050574861038746,0.07254949475896127,0.5034197621435058,61.919999999999995,165150.71999999974,-0.8999999999999999,0.0,1.0,0.15555284279917458,22.765,0.0,13.081982,-103.40092,-59.46837,0.6,0.0,0.5
0.5064955969867505,0.0476681877732749,0.5034906822062383,63.18,150994.9440000006,-0.8999999999999999,0.0,1.0,0.00296029541919296,22.77,0.0,13.081982,-103.40092,-59.46837,0.6,0.0,0.5
0.5075913476459619,0.043037297585734664,0.5032595274749797,64.44,150994.94399999976,-0.8999999999999999,0.0,1.0,0.07925656910918377,22.775000000000002,0.0,13.081982,-103.40092,-59.46837,0.6,0.0,0.5
0.5047130348824507,0.024878912586713424,0.5042074753445506,65.88,183024.17454545427,-0.8999999999999999,0.0,1.0,0.04873805963318745,22.78,0.0,59.354614,97.76391,-108.7698,0.6,0.6,0.5
0.5021232759313602,0.015337608967592162,0.5045702610959699,67.14,165150.72000000067,-0.8999999999999999,0.0,1.0,0.44547868282113967,22.785,0.0,59.354614,97.76391,-108.7698,0.6,0.6,0.5
0.5000729135745932,-0.0021333032918352535,0.5049539364781911,68.39999999999999,30.548110057803246,-0.8999999999999999,0.0,1.0,0.2776268807031599,22.79,0.0,59.354614,97.76391,-108.7698,0.6,0.6,0.5
0.4974667606755634,0.013717753552553016,0.5050196634615512,69.66,55629.716210526545,-0.8999999999999999,0.0,1.0,0.2623676259651617,22.795,0.0,59.354614,97.76391,-108.7698,0.6,0.6,0.5
0.49631713916450104,0.004872532258258557,0.5047685830812567,70.74,110484.10536585348,-0.8999999999999999,0.0,1.0,0.24710837122716356,22.8,0.0,43.523518,1.5842907,-112.87144,0.6,0.6,0.5
0.4949330347155493,0.0017776647574803718,0.505012953170421,71.82,141557.75999999978,-0.72,23592.959999999992,1.0,0.41496017334514335,22.805,0.0,43.523518,1.5842907,-112.87144,0.6,0.6,0.5
0.4941208261298311,0.01117179881090959,0.5048131558329925,72.72,121770.11612903302,-0.72,0.0,1.0,0.2318491164891654,22.81,0.0,43.523518,1.5842907,-112.87144,0.6,0.6,0.5
0.49397275375419003,0.00971070560833696,0.5046640684605799,73.61999999999999,96791.63076922986,-0.72,0.0,1.0,0.1860713522751709,22.815,0.0,43.523518,1.5842907,-112.87144,0.6,0.6,0.5
0.4928779910029725,0.0014917845220120737,0.5045588588038736,74.16,64712.11885714361,-0.72,0.0,1.0,0.09451582384718193,22.82,0.0,-88.66133,-40.411575,51.152523,0.0,0.0,0.5
0.49180291208041577,-0.006071341491011741,0.5049117822307079,74.7,73062.06967742021,-0.72,0.0,1.0,0.21658986175116723,22.825,0.0,-88.66133,-40.411575,51.152523,0.0,0.0,0.5
0.49220244188762685,0.004944706123780633,0.5047971209622218,74.88,4.030809872878249,-0.72,0.0,1.0,-0.012298959318805203,22.830000000000002,0.0,-88.66133,-40.411575,51.152523,0.0,0.0,0.5
0.4912894642505673,0.02190767474410525,0.504900779875315,75.06,3647.2208695653558,-0.72,0.0,1.0,0.07925656910918377,22.835,0.0,-88.66133,-40.411575,51.152523,0.0,0.0,0.5
0.4914129634671108,0.04905388294998152,0.504678658636783,75.06,0.0,-0.72,0.0,1.0,0.2776268807031599,22.84,0.0,25.00837,-37.336662,70.38497,0.6,0.0,0.5
0.4920289432696935,0.08660676891544819,0.5045754608509496,74.88,-19867.75578947444,-0.72,0.0,1.0,0.24710837122716356,22.845,0.0,25.00837,-37.336662,70.38497,0.6,0.0,0.5
0.4918971357523687,0.10299055480573518,0.5044840020290661,74.52,-44410.277647058756,-0.72,0.0,1.0,0.33866389965515253,22.85,0.0,25.00837,-37.336662,70.38497,0.6,0.0,0.5
0.4921265238848801,0.10083661601117246,0.5041923938908439,73.98,-64712.118857141904,-0.72,0.0,1.0,0.12503433332317826,22.855,0.0,25.00837,-37.336662,70.38497,0.6,0.0,0.5
0.4907747427016861,0.12198184079100687,0.5042009816440371,73.25999999999999,-86282.82514285871,-0.72,0.0,1.0,0.29288613544115805,22.86,0.0,27.31545,-43.536266,3.5580115,0.6,0.0,0.5
0.4902412118857308,0.1319127185505598,0.5039656705346814,72.53999999999999,-94371.83999999985,-0.72,0.0,1.0,0.1860713522751709,22.865000000000002,0.0,27.31545,-43.536266,3.5580115,0.6,0.0,0.5
0.49063100827278283,0.14166621263601,0.5037125656670977,71.64,-130168.05517241255,-0.72,0.0,1.0,0.24710837122716356,22.87,0.0,27.31545,-43.536266,3.5580115,0.6,0.0,0.5
0.4895795520470406,0.15305053809927277,0.5036568389831035,70.74,-21.883198358270526,-0.8999999999999999,-4.376639671654075,1.0,-0.027558214056803365,22.875,0.0,27.31545,-43.536266,3.5580115,0.6,0.0,0.5
0.4900927141909579,0.1527226548125084,0.5033571569088129,69.84,-58982.39999999944,-0.8999999999999999,0.0,1.0,0.3997009186071452,22.88,0.0,29.428911,31.200832,-45.163498,0.6,0.6,0.5
0.49096194502644147,0.14809201413999706,0.5031316648181079,68.94,-111025.69411764776,-0.8999999999999999,0.0,1.0,0.033478804895189285,22.885,0.0,29.428911,31.200832,-45.163498,0.6,0.6,0.5
0.4914543127264578,0.13905738330714773,0.5030656821809735,68.22,-34317.03272727267,-0.8999999999999999,0.0,1.0,0.07925656910918377,22.89,0.0,29.428911,31.200832,-45.163498,0.6,0.6,0.5
0.49259601073676346,0.12583983653412145,0.5028709856656414,67.32,-114390.10909090981,-0.8999999999999999,0.0,1.0,0.09451582384718193,22.895,0.0,29.428911,31.200832,-45.163498,0.6,0.6,0.5
0.49320670493959984,0.10864144140487741,0.5026565663645851,66.78,-66615.41647058725,-0.8999999999999999,0.0,1.0,0.2623676259651617,22.900000000000002,0.0,-116.40091,-36.99391,104.67516,0.0,0.0,0.5
0.49386106509461747,0.08941932084771831,0.5026207708920032,66.06,-52067.222068965435,-0.8999999999999999,0.0,1.0,-0.027558214056803365,22.905,0.0,-116.40091,-36.99391,104.67516,0.0,0.0,0.5
0.49544983256259106,0.07729814483420468,0.5023585538207553,65.7,-50331.64799999992,-0.8999999999999999,0.0,1.0,0.12503433332317826,22.91,0.0,-116.40091,-36.99391,104.67516,0.0,0.0,0.5
0.4954112824578515,0.07897009483090854,0.5025349865271634,65.34,-8.362405795175105,-0.8999999999999999,0.0,1.0,0.06399731437118561,22.915,0.0,-116.40091,-36.99391,104.67516,0.0,0.0,0.5
0.49693508948900145,0.06829547381020759,0.5018958487776944,65.16,-13726.81309090961,-0.8999999999999999,0.0,1.0,0.20133060701316907,22.92,0.0,9.3700285,-53.88105,25.078236,0.6,0.0,0.5
0.4979383240277313,0.07353591782333811,0.5015515767478231,64.98,-24354.023225805453,-0.8999999999999999,0.0,1.0,0.06399731437118561,22.925,0.0,9.3700285,-53.88105,25.078236,0.6,0.0,0.5
0.497323926755483,0.07834355678251541,0.5018817892506817,64.98,0.0,-0.8999999999999999,0.0,1.0,0.15555284279917458,22.93,0.0,9.3700285,-53.88105,25.078236,0.6,0.0,0.5
0.4973384995465283,0.09524407834510269,0.5017442246263248,65.16,26033.61103448169,-0.8999999999999999,0.0,1.0,0.20133060701316907,22.935,0.0,9.3700285,-53.88105,25.078236,0.6,0.0,0.5
0.4954925497463734,0.11954280929470085,0.5015094371590088,65.16,0.0,-0.8999999999999999,0.0,1.0,0.2776268807031599,22.94,0.0,52.36383,-17.83392,-40.35118,0.6,0.0,0.5
0.4921204568435698,0.13771513454078319,0.5015642497612254,65.34,22878.021818182686,-0.8999999999999999,0.0,1.0,0.07925656910918377,22.945,0.0,52.36383,-17.83392,-40.35118,0.6,0.0,0.5
0.4879219094038705,0.14721952828310012,0.5015700809736816,65.34,0.0,-0.8999999999999999,0.0,1.0,0.2318491164891654,22.95,0.0,52.36383,-17.83392,-40.35118,0.6,0.0,0.5
0.47696690038570116,0.15414288037774818,0.50194437754385,65.52,24354.023225805453,-0.72,24354.023225806442,1.0,0.15555284279917458,22.955000000000002,0.0,52.36383,-17.83392,-40.35118,0.6,0.0,0.5
0.46141639737180085,0.16526261050972882,0.5020176642137854,65.52,0.0,-0.72,0.0,1.0,0.1860713522751709,22.96,0.0,-25.426315,-35.943123,-87.71323,0.0,0.0,0.5
0.44992852413762857,0.15449657083154844,0.5020100382005233,65.34,-14803.425882352334,-0.72,0.0,1.0,0.018219550157191122,22.965,0.0,-25.426315,-35.943123,-87.71323,0.0,0.0,0.5
0.4440858294669068,0.14370069105120672,0.50225969097398,65.34,0.0,-0.8999999999999999,-22205.138823529403,1.0,0.3081453901791562,22.97,0.0,-25.426315,-35.943123,-87.71323,0.0,0.0,0.5
0.44139378551064135,0.13200922077500488,0.5024667942521236,65.16,-22878.021818182686,-0.8999999999999999,0.0,1.0,-0.07333597827079785,22.975,0.0,-25.426315,-35.943123,-87.71323,0.0,0.0,0.5
0.4387581393255792,0.1276940884431471,0.5029109936158992,65.16,0.0,-0.8999999999999999,0.0,1.0,0.15555284279917458,22.98,0.0,31.404707,-101.22425,20.538586,0.6,0.0,0.5
0.43907554780273034,0.11155493141654235,0.502853778415107,64.98,-24354.023225805453,-0.8999999999999999,0.0,1.0,0.06399731437118561,22.985,0.0,31.404707,-101.22425,20.538586,0.6,0.0,0.5
0.43928953611912575,0.09929039652005775,0.5032359187323986,64.98,0.0,-0.8999999999999999,0.0,1.0,0.24710837122716356,22.990000000000002,0.0,31.404707,-101.22425,20.538586,0.6,0.0,0.5
0.4391873981848136,0.0823848152611796,0.5033789460076517,64.98,0.0,-0.8999999999999999,0.0,1.0,0.15555284279917458,22.995,0.0,31.404707,-101.22425,20.538586,0.6,0.0,0.5
0.43955671641386906,0.07008004323464544,0.5031959471219211,64.98,0.0,-0.8999999999999999,0.0,1.0,0.5370342112491286,23.0,0.0,-8.406026,84.7055,-104.84174,0.0,0.6,0.5
0.4384275456156107,0.06304282094777214,0.5031388288429407,64.98,0.0,-0.8999999999999999,0.0,1.0,0.018219550157191122,23.005,0.0,-8.406026,84.7055,-104.84174,0.0,0.6,0.5
0.43676524335703243,0.04852456174118145,0.5037581086694944,64.98,0.0,-0.8999999999999999,0.0,1.0,0.33866389965515253,23.01,0.0,-8.406026,84.7055,-104.84174,0.0,0.6,0.5
0.4364264231133267,0.04661393414753819,0.5036993762215088,64.98,0.0,-0.8999999999999999,0.0,1.0,0.20133060701316907,23.015,0.0,-8.406026,84.7055,-104.84174,0.0,0.6,0.5
0.43641594786181503,0.03358665465949311,0.5040299415826694,64.98,0.0,-0.8999999999999999,0.0,1.0,0.2776268807031599,23.02,0.0,-9.729018,-13.964388,-35.927933,0.0,0.0,0.5
0.43622625758492184,0.02179875874879521,0.5043748998413699,64.98,0.0,-0.8999999999999999,0.0,1.0,0.09451582384718193,23.025000000000002,0.0,-9.729018,-13.964388,-35.927933,0.0,0.0,0.5
0.4358220654524842,0.01492318375617321,0.5044380168333507,64.98,0.0,-0.8999999999999999,0.0,1.0,0.09451582384718193,23.03,0.0,-9.729018,-13.964388,-35.927933,0.0,0.0,0.5
0.43205127636082846,0.00903233769533916,0.5050296684809434,64.98,0.0,-0.8999999999999999,0.0,1.0,0.24710837122716356,23.035,0.0,-9.729018,-13.964388,-35.927933,0.0,0.0,0.5
0.4266973154737552,0.013656561285556037,0.5049391299111906,64.98,0.0,-0.8999999999999999,0.0,1.0,0.09451582384718193,23.04,0.0,69.16153,-35.23096,-199.57541,0.6,0.0,0.5
0.42143413615450126,0.02047757135765365,0.5052974067358071,64.98,0.0,-0.8999999999999999,0.0,1.0,0.06399731437118561,23.045,0.0,69.16153,-35.23096,-199.57541,0.6,0.0,0.5
0.41191084055840554,0.028687952192862035,0.5057275033235934,64.8,-8296.42549450581,-0.72,8296.42549450549,1.0,0.3081453901791562,23.05,0.0,69.16153,-35.23096,-199.57541,0.6,0.0,0.5
0.39484211662195967,0.03217519647177117,0.5053478831491488,64.8,0.0,-0.72,0.0,1.0,0.24710837122716356,23.055,0.0,69.16153,-35.23096,-199.57541,0.6,0.0,0.5
0.3719456035114248,0.03211776278057738,0.5050703847962925,64.44,-44410.277647058756,-0.72,0.0,1.0,0.20133060701316907,23.06,0.0,-85.73018,39.328335,-172.84586,0.0,0.6,0.5
0.34546865416827754,0.038909348500857,0.5049563538902614,64.25999999999999,-23592.960000000894,-0.72,0.0,1.0,0.20133060701316907,23.065,0.0,-85.73018,39.328335,-172.84586,0.0,0.6,0.5
0.31758455425426513,0.03376083259249286,0.5052187051347264,63.9,-45756.04363636266,-0.72,0.0,1.0,0.3081453901791562,23.07,0.0,-85.73018,39.328335,-172.84586,0.0,0.6,0.5
0.28957014263652264,0.041751861617118115,0.5051453088998297,63.54,-43141.412571428504,-0.72,0.0,1.0,-0.027558214056803365,23.075,0.0,-85.73018,39.328335,-172.84586,0.0,0.6,0.5
0.2683606880736137,0.036320596501391425,0.5048520225644771,63.18,-44410.277647058756,-0.72,0.0,1.0,0.5065157017731323,23.080000000000002,0.0,30.392826,34.250305,-172.01138,0.6,0.6,0.5
0.25925381676962106,0.04286263500790333,0.5046992941843284,62.64,-12.250183407341684,-0.72,0.0,1.0,0.2318491164891654,23.085,0.0,30.392826,34.250305,-172.01138,0.6,0.6,0.5
0.2560971131938264,0.0542480484893454,0.504070205370217,62.099999999999994,-34317.03272727312,-0.72,0.0,1.0,0.3997009186071452,23.09,0.0,30.392826,34.250305,-172.01138,0.6,0.6,0.5
0.25295015970171136,0.05568530853621331,0.5039428965255096,61.379999999999995,-88820.55529411751,-0.72,0.0,1.0,0.06399731437118561,23.095,0.0,30.392826,34.250305,-172.01138,0.6,0.6,0.5
0.2523234308359255,0.0721570872885206,0.5037309845070539,60.66,-12742.189367088587,-0.72,0.0,1.0,0.17081209753717275,23.1,0.0,35.984844,52.128284,-91.32085,0.6,0.6,0.5
0.2519813300256043,0.09031658083268969,0.503601760810118,59.76,-107853.53142857125,-0.72,0.0,1.0,0.00296029541919296,23.105,0.0,35.984844,52.128284,-91.32085,0.6,0.6,0.5
0.2517216673500157,0.09659513912208711,0.5035360332246986,58.86,-125829.1199999998,-0.72,0.0,1.0,0.3539231543931507,23.11,0.0,35.984844,52.128284,-91.32085,0.6,0.6,0.5
0.2522830154879144,0.10777753982862306,0.5036633156787566,57.96,-111025.69411764688,-0.72,0.0,1.0,0.24710837122716356,23.115000000000002,0.0,35.984844,52.128284,-91.32085,0.6,0.6,0.5
0.2527018612054547,0.12587376743126794,0.5036275017649712,57.059999999999995,-117964.80000000075,-0.72,0.0,1.0,0.17081209753717275,23.12,0.0,-41.78596,25.392624,-101.80448,0.0,0.6,0.5
0.25352485758337623,0.13710421461804095,0.5034796495482659,55.98,-137268.1309090907,-0.72,0.0,1.0,-0.027558214056803365,23.125,0.0,-41.78596,25.392624,-101.80448,0.0,0.6,0.5
0.2550734488812061,0.16322488087685494,0.5033376612275444,54.72,-29.238463504638982,-0.72,0.0,1.0,0.3081453901791562,23.13,0.0,-41.78596,25.392624,-101.80448,0.0,0.6,0.5
0.25778144630671507,0.18699929730330372,0.5031569039653496,53.64,-78100.83310344815,-0.72,0.0,1.0,-0.012298959318805203,23.135,0.0,-41.78596,25.392624,-101.80448,0.0,0.6,0.5
0.26081889925067936,0.19750309950629166,0.503231531718822,52.379999999999995,-58720.25600000024,-0.72,0.0,1.0,0.24710837122716356,23.14,0.0,47.311466,-96.98318,-54.50229,0.6,0.0,0.5
0.2673171167863366,0.20797338343420255,0.503262615324076,50.94,-188743.6799999997,-0.72,0.0,1.0,0.20133060701316907,23.145,0.0,47.311466,-96.98318,-54.50229,0.6,0.0,0.5
0.2802283619333039,0.22376045769317202,0.5032001904394103,49.5,-201326.59199999968,-0.72,0.0,1.0,0.29288613544115805,23.150000000000002,0.0,47.311466,-96.98318,-54.50229,0.6,0.0,0.5
0.29682939910174366,0.23831092573431872,0.5031842396889944,48.059999999999995,-172565.65028571486,-0.8999999999999999,-21570.706285714277,1.0,0.06399731437118561,23.155,0.0,47.311466,-96.98318,-54.50229,0.6,0.0,0.5
0.3085254612227977,0.2556789691853762,0.5029991586787256,46.62,-109814.50472727255,-0.8999999999999999,0.0,1.0,0.3539231543931507,23.16,0.0,-22.69507,-8.882555,-78.12629,0.0,0.0,0.5
0.3127343012698641,0.2732002636100094,0.5031933157326919,45.18,-188743.6799999997,-0.8999999999999999,0.0,1.0,0.033478804895189285,23.165,0.0,-22.69507,-8.882555,-78.12629,0.0,0.0,0.5
0.3166079959289847,0.28879291533362506,0.5034321860724597,43.559999999999995,-219186.2090322587,-0.8999999999999999,0.0,1.0,0.3081453901791562,23.17,0.0,-22.69507,-8.882555,-78.12629,0.0,0.0,0.5
0.31958356856582076,0.30153870714220304,0.5035659671104318,42.12,-34.86335738446792,-0.8999999999999999,0.0,1.0,0.1860713522751709,23.175,0.0,-22.69507,-8.882555,-78.12629,0.0,0.0,0.5
0.32201874107344197,0.31484812810779594,0.5036808448500976,40.68,-91512.08727272713,-0.8999999999999999,0.0,1.0,0.29288613544115805,23.18,0.0,46.930702,-47.882668,-5.4806476,0.6,0.0,0.5
0.3244391867741338,0.32627131603773685,0.5038907289348743,39.24,-163237.77729729703,-0.8999999999999999,0.0,1.0,-0.11911374248479234,23.185,0.0,46.930702,-47.882668,-5.4806476,0.6,0.0,0.5
0.32575233724218666,0.326475762801697,0.5041488723483286,37.8,-188743.68000000063,-0.8999999999999999,0.0,1.0,0.41496017334514335,23.19,0.0,46.930702,-47.882668,-5.4806476,0.6,0.0,0.5
0.3280580740975236,0.32536364407737534,0.5042361159162985,36.54,-165150.71999999974,-0.8999999999999999,0.0,1.0,-0.08859523300879601,23.195,0.0,46.930702,-47.882668,-5.4806476,0.6,0.0,0.5
0.3299075925901192,0.3274005936122522,0.5045263847740815,35.46,-45756.04363636357,-0.8999999999999999,0.0,1.0,0.33866389965515253,23.2,0.0,-81.7561,-19.261208,-77.10766,0.0,0.0,0.5
0.33167216036556885,0.3183686626422807,0.5044367745536951,34.56,-102023.61081081066,-0.8999999999999999,0.0,1.0,-0.012298959318805203,23.205000000000002,0.0,-81.7561,-19.261208,-77.10766,0.0,0.0,0.5
0.33233254172657656,0.2964404096260409,0.5044801739787143,33.66,-117964.80000000075,-0.8999999999999999,0.0,1.0,0.5065157017731323,23.21,0.0,-81.7561,-19.261208,-77.10766,0.0,0.0,0.5
0.3320284955961401,0.27290702586839843,0.5045955237971278,33.12,-12.184217332831224,-0.8999999999999999,0.0,1.0,-0.04281746879480153,23.215,0.0,-81.7561,-19.261208,-77.10766,0.0,0.0,0.5
0.33230817217162684,0.24461027088609685,0.504796074835125,32.58,-37129.90426229502,-0.8999999999999999,0.0,1.0,0.41496017334514335,23.22,0.0,37.50693,39.698868,35.953003,0.6,0.6,0.5
0.33344912331837334,0.21534861228184443,0.5049727801780608,32.22,-14949.994455445521,-0.8999999999999999,0.0,1.0,-0.05807672353279969,23.225,0.0,37.50693,39.698868,35.953003,0.6,0.6,0.5
0.33518002075148173,0.19347278025472753,0.5049427941706269,32.04,-22205.138823529378,-0.8999999999999999,0.0,1.0,0.3997009186071452,23.23,0.0,37.50693,39.698868,35.953003,0.6,0.6,0.5
0.3356111822111034,0.1687557199935094,0.5049275818582843,32.22,24354.023225806413,-0.8999999999999999,0.0,1.0,-0.08859523300879601,23.235,0.0,37.50693,39.698868,35.953003,0.6,0.6,0.5
0.3350612940464279,0.15364905133511958,0.5049877411120752,32.4,22878.021818181784,-0.8999999999999999,0.0,1.0,0.29288613544115805,23.240000000000002,0.0,56.35888,-20.365093,-114.38227,0.6,0.0,0.5
0.3337776288237611,0.1272198680060927,0.5050659225594291,32.58,23592.959999999963,-0.8999999999999999,0.0,1.0,0.17081209753717275,23.245,0.0,56.35888,-20.365093,-114.38227,0.6,0.0,0.5
0.33324991323375425,0.12226624707471405,0.5049160042100054,33.12,66615.41647058813,-0.8999999999999999,0.0,1.0,0.2318491164891654,23.25,0.0,56.35888,-20.365093,-114.38227,0.6,0.0,0.5
0.33303858551418647,0.10716612165096262,0.5047714759330403,33.66,73062.06967741923,-0.8999999999999999,0.0,1.0,-0.04281746879480153,23.255,0.0,56.35888,-20.365093,-114.38227,0.6,0.0,0.5
0.33335625901129284,0.10420365490682311,0.5045718759461107,34.199999999999996,13.16502554623605,-0.8999999999999999,0.0,1.0,0.12503433332317826,23.26,0.0,8.534656,-62.49341,-34.947464,0.6,0.0,0.5
0.33288352220061984,0.09998220063674947,0.5043866361475704,34.92,59213.703529412254,-0.8999999999999999,0.0,1.0,0.06399731437118561,23.265,0.0,8.534656,-62.49341,-34.947464,0.6,0.0,0.5
0.3324394995938415,0.0947138126161207,0.5041226684928816,35.64,97416.09290322565,-0.8999999999999999,0.0,1.0,0.3539231543931507,23.27,0.0,8.534656,-62.49341,-34.947464,0.6,0.0,0.5
0.3338931630504377,0.11041197134890435,0.5038846263827376,36.36,94371.83999999985,-0.8999999999999999,0.0,1.0,-0.1343729972227905,23.275000000000002,0.0,8.534656,-62.49341,-34.947464,0.6,0.0,0.5
0.3405366307819324,0.10061820236224787,0.5038331270633223,37.26,121770.11612903206,-0.8999999999999999,0.0,1.0,0.33866389965515253,23.28,0.0,74.09868,-44.353294,-68.806404,0.6,0.0,0.5
0.34810064505274324,0.1010666770521031,0.5035830678878748,38.16,111025.69411764688,-0.8999999999999999,0.0,1.0,-0.012298959318805203,23.285,0.0,74.09868,-44.353294,-68.806404,0.6,0.0,0.5
0.35703511965640333,0.09978774553653089,0.5035552848616982,39.24,137268.1309090916,-0.8999999999999999,0.0,1.0,0.49125644703513416,23.29,0.0,74.09868,-44.353294,-68.806404,0.6,0.0,0.5
0.3701484516280477,0.09989223355192016,0.5031524958585366,40.32,156201.6662068963,-0.8999999999999999,0.0,1.0,0.29288613544115805,23.295,0.0,74.09868,-44.353294,-68.806404,0.6,0.0,0.5
0.3829350167444955,0.10346164699636014,0.5026890746543051,41.58,28.407223470473728,-0.8999999999999999,0.0,1.0,0.29288613544115805,23.3,0.0,-0.68638813,-39.846226,-0.8984216,0.09408355951309204,0.0,0.5
0.39381962405143467,0.09638455884036486,0.5025460719398207,42.839999999999996,75497.47199999988,-0.8999999999999999,0.0,1.0,-0.07333597827079785,23.305,0.0,-0.68638813,-39.846226,-0.8984216,0.09408355951309204,0.0,0.5
0.4054683776359604,0.10333164744741619,0.5026438555240631,44.28,154866.60923076974,-0.8999999999999999,0.0,1.0,0.33866389965515253,23.31,0.0,-0.68638813,-39.846226,-0.8984216,0.09408355951309204,0.0,0.5
0.41467443276895155,0.10561408450854924,0.5028969950874189,45.9,70049.20082474216,-0.8999999999999999,0.0,1.0,-0.07333597827079785,23.315,0.0,-0.68638813,-39.846226,-0.8984216,0.09408355951309204,0.0,0.5
0.4225132797154645,0.10146273724999354,0.5028975838678554,47.699999999999996,130168.05517241359,-0.8999999999999999,0.0,1.0,0.4302194280831415,23.32,0.0,67.58016,75.70434,107.85113,0.6,0.6,0.5
0.43035751104432696,0.10220585841634076,0.5027382136804353,49.5,209715.2000000005,-0.8999999999999999,0.0,1.0,0.20133060701316907,23.325,0.0,67.58016,75.70434,107.85113,0.6,0.6,0.5
0.43690844363311676,0.09770667383029875,0.502839370705795,51.48,259522.5599999996,-0.8999999999999999,0.0,1.0,0.36918240913114886,23.330000000000002,0.0,67.58016,75.70434,107.85113,0.6,0.6,0.5
0.43958191866777796,0.08155212324196147,0.5026271669760509,53.46,251658.24000000051,-0.8999999999999999,0.0,1.0,0.00296029541919296,23.335,0.0,67.58016,75.70434,107.85113,0.6,0.6,0.5
0.4370827849714524,0.05691975199639362,0.5027921434133691,55.44,276824.06399999955,-0.8999999999999999,0.0,1.0,0.475997192297136,23.34,0.0,54.346085,-56.108974,-141.27588,0.6,0.0,0.5
0.4353648720461311,0.05819233342767223,0.5028097689438533,57.419999999999995,48.25857654223413,-0.8999999999999999,0.0,1.0,-0.11911374248479234,23.345,0.0,54.346085,-56.108974,-141.27588,0.6,0.0,0.5
0.43273129754483286,0.046095587495751614,0.5027316981436389,59.4,140757.99864406808,-0.8999999999999999,0.0,1.0,0.04873805963318745,23.35,0.0,54.346085,-56.108974,-141.27588,0.6,0.0,0.5
0.4285374670971851,0.03390315831616638,0.5029486226537019,61.199999999999996,222051.38823529377,-0.8999999999999999,0.0,1.0,0.018219550157191122,23.355,0.0,54.346085,-56.108974,-141.27588,0.6,0.0,0.5
0.4265550537431161,0.024666486894998733,0.5029015961484248,63.0,228780.21818181872,-0.8999999999999999,0.0,1.0,0.29288613544115805,23.36,0.0,-5.9424114,3.4048717,138.86183,0.0,0.6,0.5
0.42464360716785,0.029508377218312783,0.5030405683956968,64.8,251658.2399999996,-0.8999999999999999,0.0,1.0,0.06399731437118561,23.365000000000002,0.0,-5.9424114,3.4048717,138.86183,0.0,0.6,0.5
0.42334637403326353,0.0561637280438411,0.5033590066553584,66.42,219186.2090322587,-0.72,24354.023225806442,1.0,0.5370342112491286,23.37,0.0,-5.9424114,3.4048717,138.86183,0.0,0.6,0.5
0.4227503574114774,0.06197325800619643,0.5033175695387051,67.86,74565.40444444433,-0.72,0.0,1.0,0.29288613544115805,23.375,0.0,-5.9424114,3.4048717,138.86183,0.0,0.6,0.5
0.42156880878747355,0.06185476269410158,0.5034458556311725,69.3,109814.50472727255,-0.72,0.0,1.0,0.018219550157191122,23.38,0.0,48.85284,-74.05466,7.2615476,0.6,0.0,0.5
0.4216695909779745,0.06623892994418484,0.5036851689485622,70.38,24.814967925716907,-0.72,0.0,1.0,0.033478804895189285,23.385,0.0,48.85284,-74.05466,7.2615476,0.6,0.0,0.5
0.4216179954050823,0.06869138245223604,0.5038811694753658,71.46,50897.17213483138,-0.72,0.0,1.0,0.1860713522751709,23.39,0.0,48.85284,-74.05466,7.2615476,0.6,0.0,0.5
0.42135780294405273,0.08393611382361657,0.503752180950801,72.36,89877.94285714343,-0.72,0.0,1.0,0.1860713522751709,23.395,0.0,48.85284,-74.05466,7.2615476,0.6,0.0,0.5
0.42077144681854395,0.10408415662260491,0.5036812896412936,73.08,88820.55529411751,-0.72,0.0,1.0,0.21658986175116723,23.400000000000002,0.0,65.43894,-60.012733,66.68514,0.6,0.0,0.5
0.41931585851868886,0.11500947662146777,0.50410782711538,73.44,50331.64799999992,-0.72,0.0,1.0,-0.027558214056803365,23.405,0.0,65.43894,-60.012733,66.68514,0.6,0.0,0.5
0.41906329267033854,0.12155960454645982,0.5041540488301259,73.44,0.0,-0.72,0.0,1.0,0.04873805963318745,23.41,0.0,65.43894,-60.012733,66.68514,0.6,0.0,0.5
0.41912413690403316,0.14047079148313965,0.5041764776400557,73.44,0.0,-0.72,0.0,1.0,0.21658986175116723,23.415,0.0,65.43894,-60.012733,66.68514,0.6,0.0,0.5
0.4193000318555971,0.1634162457081686,0.5040270907799217,72.89999999999999,-68634.06545454625,-0.72,0.0,1.0,0.1097750785851801,23.42,0.0,-119.096664,-37.341743,78.936455,0.0,0.0,0.5
0.41946829012054054,0.1724999248817673,0.5040178101169018,72.36,-19032.9761344535,-0.72,0.0,1.0,0.20133060701316907,23.425,0.0,-119.096664,-37.341743,78.936455,0.0,0.0,0.5
0.41956042121221404,0.17817032104688943,0.504341068495606,71.64,-17.421722962253565,-0.72,0.0,1.0,0.2776268807031599,23.43,0.0,-119.096664,-37.341743,78.936455,0.0,0.0,0.5
0.42062450188285394,0.17861200999891347,0.5043711518869943,70.56,-25737.774545454504,-0.72,0.0,1.0,0.21658986175116723,23.435,0.0,-119.096664,-37.341743,78.936455,0.0,0.0,0.5
0.42143776083808077,0.18067501642606262,0.5043676062795337,69.48,-116149.95692307674,-0.72,0.0,1.0,0.3539231543931507,23.44,0.0,-34.309963,-112.625206,129.57996,0.0,0.0,0.5
0.42208059770740736,0.171475027318837,0.504422368616938,68.39999999999999,-137268.1309090925,-0.72,0.0,1.0,0.20133060701316907,23.445,0.0,-34.309963,-112.625206,129.57996,0.0,0.0,0.5
0.4234418913669081,0.16319844100101055,0.5046040887556604,67.14,-165150.7199999988,-0.72,0.0,1.0,0.3081453901791562,23.45,0.0,-34.309963,-112.625206,129.57996,0.0,0.0,0.5
0.4242362960182549,0.14031053958342982,0.5045186484560027,65.88,-150994.9440000006,-0.8999999999999999,-21570.706285714277,1.0,0.3539231543931507,23.455000000000002,0.0,-34.309963,-112.625206,129.57996,0.0,0.0,0.5
0.42488931526262697,0.12625332195451536,0.5042681296727368,64.62,-155435.97176470477,-0.8999999999999999,0.0,1.0,0.32340464491715437,23.46,0.0,-2.143608,-95.450905,68.97167,0.0,0.0,0.5
0.42430704495708693,0.11487602217656677,0.5045370157721647,63.54,-146124.13935483943,-0.8999999999999999,0.0,1.0,0.033478804895189285,23.465,0.0,-2.143608,-95.450905,68.97167,0.0,0.0,0.5
0.42387658498263076,0.10442550454397065,0.5045128852680988,62.28,-28.365750845365206,-0.8999999999999999,0.0,1.0,0.1097750785851801,23.47,0.0,-2.143608,-95.450905,68.97167,0.0,0.0,0.5
0.42474050625213544,0.08509528855281442,0.5043838509918747,61.019999999999996,-70464.30720000029,-0.8999999999999999,0.0,1.0,0.12503433332317826,23.475,0.0,-2.143608,-95.450905,68.97167,0.0,0.0,0.5
0.4247091791496657,0.08043529547388363,0.5041236751818055,59.94,-113246.20799999982,-0.8999999999999999,0.0,1.0,0.00296029541919296,23.48,0.0,64.9939,76.49416,-144.55284,0.6,0.6,0.5
0.421902884397905,0.06180703682784042,0.5042588329932618,58.86,-137268.1309090907,-0.8999999999999999,0.0,1.0,0.3081453901791562,23.485,0.0,64.9939,76.49416,-144.55284,0.6,0.6,0.5
0.41088335453955,0.06530301948489153,0.5043204540606636,57.78,-146124.13935483847,-0.8999999999999999,0.0,1.0,0.5065157017731323,23.490000000000002,0.0,64.9939,76.49416,-144.55284,0.6,0.6,0.5
0.38944199908221083,0.05276370616661843,0.5044161358597773,56.519999999999996,-56221.52170212789,-0.8999999999999999,0.0,1.0,0.06399731437118561,23.495,0.0,64.9939,76.49416,-144.55284,0.6,0.6,0.5
0.3636190962721316,0.0318112042595818,0.5046770670558747,55.44,-107853.53142857125,-0.72,17975.588571428565,1.0,0.2318491164891654,23.5,0.0,45.209652,77.05927,-103.689804,0.6,0.6,0.5
0.33514691079892495,0.020635368616967662,0.5046767145562077,54.18,-155435.97176470564,-0.72,0.0,1.0,0.12503433332317826,23.505,0.0,45.209652,77.05927,-103.689804,0.6,0.6,0.5
0.307338276368064,0.007237381613180541,0.5045098547469465,52.919999999999995,-165150.72000000067,-0.72,0.0,1.0,0.04873805963318745,23.51,0.0,45.209652,77.05927,-103.689804,0.6,0.6,0.5
0.279696966510567,0.004019255098943696,0.5042069874920538,51.48,-33.10657362896369,-0.72,0.0,1.0,0.3081453901791562,23.515,0.0,45.209652,77.05927,-103.689804,0.6,0.6,0.5
0.2536145693966595,0.013597654187279203,0.5042263811479765,50.04,-63576.81852631569,-0.72,0.0,1.0,0.00296029541919296,23.52,0.0,67.24283,-41.930252,-90.99035,0.6,0.0,0.5
0.23288368468916154,0.025470315000739447,0.5040573182131999,48.6,-44410.277647058756,-0.72,0.0,1.0,0.1097750785851801,23.525000000000002,0.0,67.24283,-41.930252,-90.99035,0.6,0.0,0.5
0.2234756620720511,0.033390325889124516,0.5038958789998389,46.98,-194136.35657142912,-0.72,0.0,1.0,0.12503433332317826,23.53,0.0,67.24283,-41.930252,-90.99035,0.6,0.0,0.5
0.21993706506598584,0.052765674881966464,0.503933126978719,45.36,-205902.19636363603,-0.72,0.0,1.0,0.3539231543931507,23.535,0.0,67.24283,-41.930252,-90.99035,0.6,0.0,0.5
0.21771334309297535,0.0752253356069095,0.5036953868962076,43.559999999999995,-215707.06285714338,-0.72,0.0,1.0,0.06399731437118561,23.54,0.0,17.630682,-28.558014,-30.755459,0.6,0.0,0.5
0.21977927068912842,0.10039699759150499,0.5036064091322469,41.76,-228780.21818181782,-0.72,0.0,1.0,0.06399731437118561,23.545,0.0,17.630682,-28.558014,-30.755459,0.6,0.0,0.5
0.23057543992685953,0.11449235457849476,0.5035424066632093,39.96,-251658.2399999996,-0.72,0.0,1.0,0.06399731437118561,23.55,0.0,17.630682,-28.558014,-30.755459,0.6,0.0,0.5
0.24421069054887082,0.12693461506823328,0.5034577137628673,38.16,-243540.23225806508,-0.72,0.0,1.0,0.3081453901791562,23.555,0.0,17.630682,-28.558014,-30.755459,0.6,0.0,0.5
0.258863846680758,0.13666082268580348,0.5033771345871277,36.36,-43.911494727535974,-0.8999999999999999,-4.391149472753603,1.0,0.17081209753717275,23.56,0.0,57.52582,13.611414,-51.208317,0.6,0.6,0.5
0.27669712556189474,0.14451648578858853,0.5035542695675072,34.56,-119837.25714285695,-0.8999999999999999,0.0,1.0,-0.04281746879480153,23.565,0.0,57.52582,13.611414,-51.208317,0.6,0.6,0.5
0.29494800837271057,0.15629699275583606,0.5034880752674908,32.76,-215707.06285714338,-0.8999999999999999,0.0,1.0,0.1097750785851801,23.57,0.0,57.52582,13.611414,-51.208317,0.6,0.6,0.5
0.3100914925958113,0.1536051015291965,0.5034578027037735,31.32,-194832.1858064513,-0.8999999999999999,0.0,1.0,0.29288613544115805,23.575,0.0,57.52582,13.611414,-51.208317,0.6,0.6,0.5
0.3269391946819319,0.1607412434267258,0.5030658227758772,30.06,-60745.09241379318,-0.8999999999999999,0.0,1.0,0.033478804895189285,23.580000000000002,0.0,-12.975712,-5.4648995,-56.573364,0.0,0.0,0.5
0.3424961806694064,0.15137735152326814,0.5032267863282763,28.98,-129424.23771428551,-0.8999999999999999,0.0,1.0,0.2623676259651617,23.585,0.0,-12.975712,-5.4648995,-56.573364,0.0,0.0,0.5
0.3544974091503402,0.13901848540196032,0.5031659878758423,28.259999999999998,-97416.09290322613,-0.8999999999999999,0.0,1.0,0.3539231543931507,23.59,0.0,-12.975712,-5.4648995,-56.573364,0.0,0.0,0.5
0.3671400617986994,0.12645125367767668,0.502909183344599,27.9,-45756.04363636357,-0.8999999999999999,0.0,1.0,0.20133060701316907,23.595,0.0,-12.975712,-5.4648995,-56.573364,0.0,0.0,0.5
0.3795760820289816,0.12476909139053415,0.502875757809326,27.9,0.0,-0.8999999999999999,0.0,1.0,0.2318491164891654,23.6,0.0,65.98865,-0.9098398,-70.62755,0.6,0.027048057317733763,0.5
0.38864407588893907,0.11261983874632597,0.5028410060213031,28.259999999999998,25592.36338983047,-0.8999999999999999,0.0,1.0,0.2623676259651617,23.605,0.0,65.98865,-0.9098398,-70.62755,0.6,0.027048057317733763,0.5
0.39782110254701897,0.12235250858009727,0.5029247679478358,28.98,86282.82514285743,-0.8999999999999999,0.0,1.0,0.12503433332317826,23.61,0.0,65.98865,-0.9098398,-70.62755,0.6,0.027048057317733763,0.5
0.4068368588859592,0.12803441408361535,0.5027530563118849,29.88,48395.81538461531,-0.8999999999999999,0.0,1.0,0.2776268807031599,23.615000000000002,0.0,65.98865,-0.9098398,-70.62755,0.6,0.027048057317733763,0.5
0.4114688303922415,0.12819002296794313,0.5029803992994577,31.32,194832.18580645177,-0.8999999999999999,0.0,1.0,0.2318491164891654,23.62,0.0,-29.322777,-40.38311,-63.935604,0.0,0.0,0.5
0.4110698473682057,0.1315180561065987,0.5029215684729524,32.76,177641.11058823502,-0.8999999999999999,0.0,1.0,0.018219550157191122,23.625,0.0,-29.322777,-40.38311,-63.935604,0.0,0.0,0.5
0.40872302641159486,0.12043659334920133,0.5029601005846475,34.56,243540.23225806508,-0.8999999999999999,0.0,1.0,0.21658986175116723,23.63,0.0,-29.322777,-40.38311,-63.935604,0.0,0.0,0.5
0.4070191943028687,0.11023029331308418,0.5027114866398354,36.54,244256.52705882315,-0.8999999999999999,0.0,1.0,0.46073793755913783,23.635,0.0,-29.322777,-40.38311,-63.935604,0.0,0.0,0.5
0.40371424902879427,0.11057569807227655,0.5028037020318539,38.699999999999996,153554.1803389828,-0.8999999999999999,0.0,1.0,0.12503433332317826,23.64,0.0,36.914864,3.7313464,18.902407,0.6,0.6,0.5
0.40096231515328284,0.12161865649475419,0.5028610192237639,41.04,57.17439712924243,-0.8999999999999999,0.0,1.0,0.2623676259651617,23.645,0.0,36.914864,3.7313464,18.902407,0.6,0.6,0.5
0.39734748914575035,0.12490697717880907,0.5028149616538676,43.199999999999996,161780.2971428569,-0.8999999999999999,0.0,1.0,0.06399731437118561,23.650000000000002,0.0,36.914864,3.7313464,18.902407,0.6,0.6,0.5
0.39276750711299613,0.11864149758018847,0.5032705984578393,45.54,297414.2836363641,-0.8999999999999999,0.0,1.0,0.2318491164891654,23.655,0.0,36.914864,3.7313464,18.902407,0.6,0.6,0.5
0.3887042437547209,0.09989440462752198,0.5032946593364352,47.879999999999995,316602.30193548335,-0.8999999999999999,0.0,1.0,0.1860713522751709,23.66,0.0,37.682346,5.22917,13.188576,0.6,0.6,0.5
0.38538982757876694,0.10765661776703261,0.5035986914106153,50.22,316602.30193548434,-0.8999999999999999,0.0,1.0,0.2318491164891654,23.665,0.0,37.682346,5.22917,13.188576,0.6,0.6,0.5
0.38211813759015695,0.10792777768892274,0.5035922067059534,52.379999999999995,283115.51999999955,-0.8999999999999999,0.0,1.0,0.15555284279917458,23.67,0.0,37.682346,5.22917,13.188576,0.6,0.6,0.5
0.3784906343230354,0.10251360446654494,0.5037066093102586,54.54,266461.6658823534,-0.8999999999999999,0.0,1.0,0.475997192297136,23.675,0.0,37.682346,5.22917,13.188576,0.6,0.6,0.5
0.3753154143360819,0.11477150051160057,0.50411946152769,56.699999999999996,119206.53473684192,-0.8999999999999999,0.0,1.0,0.09451582384718193,23.68,0.0,33.740055,-19.020145,-9.756659,0.6,0.0,0.5
0.37335902631011975,0.11941081685801548,0.5041338008496932,58.68,44.69253370215111,-0.8999999999999999,0.0,1.0,0.36918240913114886,23.685,0.0,33.740055,-19.020145,-9.756659,0.6,0.0,0.5
0.373056821603033,0.13379961230835064,0.5042026825173015,60.48,145187.44615384593,-0.8999999999999999,0.0,1.0,0.21658986175116723,23.69,0.0,33.740055,-19.020145,-9.756659,0.6,0.0,0.5
0.3724683085040829,0.13211881970485084,0.5045989009034165,62.28,222051.38823529464,-0.72,22205.138823529403,1.0,0.3081453901791562,23.695,0.0,33.740055,-19.020145,-9.756659,0.6,0.0,0.5
0.3719314376826126,0.14224862988120981,0.5046656545107401,63.9,219186.20903225773,-0.72,0.0,1.0,-0.012298959318805203,23.7,0.0,80.10495,-31.10772,61.249496,0.6,0.0,0.5
0.37275054177609573,0.1626119283717305,0.5048329253289646,65.34,208268.88827586276,-0.72,0.0,1.0,0.2623676259651617,23.705000000000002,0.0,80.10495,-31.10772,61.249496,0.6,0.0,0.5
0.3732278003245274,0.18284105534782671,0.5049406267902907,66.42,141557.75999999978,-0.72,0.0,1.0,-0.05807672353279969,23.71,0.0,80.10495,-31.10772,61.249496,0.6,0.0,0.5
0.37327254818021854,0.2024208070664146,0.5051823172400872,67.32,111025.69411764601,-0.72,0.0,1.0,0.4302194280831415,23.715,0.0,80.10495,-31.10772,61.249496,0.6,0.0,0.5
0.375011515211883,0.21420438373370748,0.5051401068885806,67.86,66615.416470589,-0.72,0.0,1.0,0.12503433332317826,23.72,0.0,5.632665,-51.039856,15.492411,0.6,0.0,0.5
0.37971870774912164,0.22380481921853984,0.5051819398116726,68.03999999999999,25165.823999998967,-0.72,0.0,1.0,0.5065157017731323,23.725,0.0,5.632665,-51.039856,15.492411,0.6,0.0,0.5
0.3855777067061546,0.23138525685346703,0.5051531824613802,68.03999999999999,0.0,-0.72,0.0,1.0,0.15555284279917458,23.73,0.0,5.632665,-51.039856,15.492411,0.6,0.0,0.5
0.3920647926218023,0.24511925899612122,0.5049912309839677,67.86,-5551.284705882125,-0.72,0.0,1.0,0.4302194280831415,23.735,0.0,5.632665,-51.039856,15.492411,0.6,0.0,0.5
0.3997344660318031,0.2423148710218345,0.5051692650712808,67.32,-56623.104000000654,-0.72,0.0,1.0,0.384441663869147,23.740000000000002,0.0,10.656447,-12.237947,48.637806,0.6,0.0,0.5
0.4077546825380889,0.23982757842803265,0.5051927744807183,66.6,-88820.55529411751,-0.72,0.0,1.0,0.33866389965515253,23.745,0.0,10.656447,-12.237947,48.637806,0.6,0.0,0.5
0.4152993569802734,0.22665114194512304,0.5049698336813262,65.88,-91512.08727272713,-0.72,0.0,1.0,0.20133060701316907,23.75,0.0,10.656447,-12.237947,48.637806,0.6,0.0,0.5
0.42378293286466967,0.21280355406026571,0.5047037530455631,64.98,-107853.53142857041,-0.8999999999999999,-21570.706285714277,1.0,0.2776268807031599,23.755,0.0,10.656447,-12.237947,48.637806,0.6,0.0,0.5
0.43109148784817614,0.18236095273183683,0.5045045798219308,64.08,-114390.10909090981,-0.8999999999999999,0.0,1.0,-0.012298959318805203,23.76,0.0,-122.39631,-6.7530727,101.30891,0.0,0.0,0.5
0.43747348050516804,0.15749011058298043,0.504396626844469,63.36,-94371.83999999985,-0.8999999999999999,0.0,1.0,0.24710837122716356,23.765,0.0,-122.39631,-6.7530727,101.30891,0.0,0.0,0.5
0.4439198086002098,0.136774591951994,0.504217467554634,62.46,-20.87202999037916,-0.8999999999999999,0.0,1.0,-0.027558214056803365,23.77,0.0,-122.39631,-6.7530727,101.30891,0.0,0.0,0.5
0.4502157277394429,0.13147119477664673,0.504073241537708,61.919999999999995,-14244.806037736014,-0.8999999999999999,0.0,1.0,0.384441663869147,23.775000000000002,0.0,-122.39631,-6.7530727,101.30891,0.0,0.0,0.5
0.45486089839419297,0.12232810461160917,0.5041016040833359,61.199999999999996,-75497.47199999988,-0.8999999999999999,0.0,1.0,0.24710837122716356,23.78,0.0,52.12785,-6.1231194,-159.54797,0.6,0.0,0.5
0.45996580449204844,0.09512083846549695,0.5038519382655449,60.66,-66615.41647058813,-0.8999999999999999,0.0,1.0,0.1860713522751709,23.785,0.0,52.12785,-6.1231194,-159.54797,0.6,0.0,0.5
0.46444919597703166,0.08691339655053053,0.5036284586822949,60.3,-18641.351111111082,-0.8999999999999999,0.0,1.0,0.3081453901791562,23.79,0.0,52.12785,-6.1231194,-159.54797,0.6,0.0,0.5
0.4674193178971553,0.07661007630954207,0.5035304846871851,59.94,-26490.34105263154,-0.8999999999999999,0.0,1.0,0.29288613544115805,23.795,0.0,52.12785,-6.1231194,-159.54797,0.6,0.0,0.5
0.4675515724183834,0.06136201038905068,0.5035211846825008,59.76,-22878.021818181784,-0.8999999999999999,0.0,1.0,-0.012298959318805203,23.8,0.0,11.080478,-6.557041,-99.593666,0.6,0.0,0.5
0.46693735805501135,0.05762407322043213,0.5036576171621647,59.76,0.0,-0.8999999999999999,0.0,1.0,0.36918240913114886,23.805,0.0,11.080478,-6.557041,-99.593666,0.6,0.0,0.5
0.467332716820607,0.05451497342081166,0.503351781276755,59.76,0.0,-0.8999999999999999,0.0,1.0,0.09451582384718193,23.81,0.0,11.080478,-6.557041,-99.593666,0.6,0.0,0.5
0.46637425275645017,0.05219722738586816,0.502607355730359,59.76,0.0,-0.8999999999999999,0.0,1.0,0.1860713522751709,23.815,0.0,11.080478,-6.557041,-99.593666,0.6,0.0,0.5
0.4656977566106233,0.041538114312066866,0.5025633554685567,59.94,13245.17052631577,-0.8999999999999999,0.0,1.0,0.033478804895189285,23.82,0.0,60.805218,104.78991,-144.58328,0.6,0.6,0.5
0.4655486471791466,0.041245992232532024,0.5023147908199155,60.3,47185.919999999925,-0.8999999999999999,0.0,1.0,0.384441663869147,23.825,0.0,60.805218,104.78991,-144.58328,0.6,0.6,0.5
0.4648295111083135,0.026670882392488188,0.5022710166129836,60.48,25165.82399999996,-0.8999999999999999,0.0,1.0,0.04873805963318745,23.830000000000002,0.0,60.805218,104.78991,-144.58328,0.6,0.6,0.5
0.4648688840753241,0.017047408662156847,0.5020939697670727,60.839999999999996,50331.64799999992,-0.8999999999999999,0.0,1.0,0.49125644703513416,23.835,0.0,60.805218,104.78991,-144.58328,0.6,0.6,0.5
0.46349268809252375,0.005487059608106577,0.5022683210627653,61.199999999999996,48708.04645161283,-0.8999999999999999,0.0,1.0,-0.4395580919828088,23.84,0.0,40.18302,-31.974089,-91.123024,0.6,0.0,0.5
0.46333240500001877,-0.005379325959600318,0.5020270310761716,61.559999999999995,47185.919999999925,-0.8999999999999999,0.0,1.0,0.1860713522751709,23.845,0.0,40.18302,-31.974089,-91.123024,0.6,0.0,0.5
0.46371064221513064,0.008109399928682117,0.5018711258967066,61.919999999999995,20404.72216216213,-0.8999999999999999,0.0,1.0,0.018219550157191122,23.85,0.0,40.18302,-31.974089,-91.123024,0.6,0.0,0.5
0.4628586663009697,0.008417697776723599,0.5017333311719463,62.28,8.10976717206724,-0.8999999999999999,0.0,1.0,0.2318491164891654,23.855,0.0,40.18302,-31.974089,-91.123024,0.6,0.0,0.5
0.46249195652893577,0.010038998242864344,0.5018063357784422,62.64,22536.558805970115,-0.8999999999999999,0.0,1.0,0.04873805963318745,23.86,0.0,41.396664,-33.511787,-26.115294,0.6,0.0,0.5
0.46273999371577323,0.010911880143109835,0.5016016019271519,63.0,38716.652307692246,-0.8999999999999999,0.0,1.0,0.29288613544115805,23.865000000000002,0.0,41.396664,-33.511787,-26.115294,0.6,0.0,0.5
0.4623199337102358,0.030417275216395586,0.5015380552034971,63.36,44410.277647058756,-0.8999999999999999,0.0,1.0,0.21658986175116723,23.87,0.0,41.396664,-33.511787,-26.115294,0.6,0.0,0.5
0.4619833559926879,0.04678035959163679,0.501884855666254,63.72,47185.919999999925,-0.8999999999999999,0.0,1.0,0.20133060701316907,23.875,0.0,41.396664,-33.511787,-26.115294,0.6,0.0,0.5
0.4619982641973927,0.07176671606241183,0.5019671693818683,64.08,52067.222068965435,-0.8999999999999999,0.0,1.0,0.20133060701316907,23.88,0.0,97.8353,85.255806,65.351204,0.6,0.6,0.5
0.46182478410090233,0.09622123166511469,0.5022271887303453,64.25999999999999,20971.51999999914,-0.8999999999999999,0.0,1.0,0.3081453901791562,23.885,0.0,97.8353,85.255806,65.351204,0.6,0.6,0.5
0.4620734277198867,0.10907264754297875,0.5024560258738578,64.44,24354.023225807374,-0.8999999999999999,0.0,1.0,-0.07333597827079785,23.89,0.0,97.8353,85.255806,65.351204,0.6,0.6,0.5
0.46365136519975986,0.10928124683952337,0.50251965315473,64.62,23592.960000000894,-0.8999999999999999,0.0,1.0,0.4302194280831415,23.895,0.0,97.8353,85.255806,65.351204,0.6,0.6,0.5
0.4672132440340656,0.10996499424982253,0.5025553551691069,64.8,4.386557047486616,-0.8999999999999999,0.0,1.0,-0.04281746879480153,23.900000000000002,0.0,14.524738,-21.116058,-56.876965,0.6,0.0,0.5
0.4700986720055499,0.12220450261049676,0.5029114896485977,64.98,13981.013333333864,-0.8999999999999999,0.0,1.0,0.44547868282113967,23.905,0.0,14.524738,-21.116058,-56.876965,0.6,0.0,0.5
0.4735696748670429,0.10586883648401302,0.5029214249049059,64.98,0.0,-0.8999999999999999,0.0,1.0,0.1860713522751709,23.91,0.0,14.524738,-21.116058,-56.876965,0.6,0.0,0.5
0.4779406295403965,0.10262892931709224,0.5029041577812577,65.16,20971.51999999914,-0.8999999999999999,0.0,1.0,0.20133060701316907,23.915,0.0,14.524738,-21.116058,-56.876965,0.6,0.0,0.5
0.4813849833615099,0.09464778832461813,0.5031133684375907,65.16,0.0,-0.8999999999999999,0.0,1.0,0.12503433332317826,23.92,0.0,107.78526,5.424099,-35.771107,0.6,0.6,0.5
0.4843209036635426,0.09614691193940693,0.5033413540737675,65.16,0.0,-0.8999999999999999,0.0,1.0,0.20133060701316907,23.925,0.0,107.78526,5.424099,-35.771107,0.6,0.6,0.5
0.48793114967184104,0.0939649421811294,0.5036832246951113,65.34,24354.023225807374,-0.8999999999999999,0.0,1.0,0.3997009186071452,23.93,0.0,107.78526,5.424099,-35.771107,0.6,0.6,0.5
0.49134901993030156,0.10221460787690569,0.503711826277796,65.34,0.0,-0.8999999999999999,0.0,1.0,0.3997009186071452,23.935000000000002,0.0,107.78526,5.424099,-35.771107,0.6,0.6,0.5
0.4936135965180766,0.09807468401398065,0.5040611739500713,65.34,0.0,-0.8999999999999999,0.0,1.0,0.2776268807031599,23.94,0.0,48.15151,-20.034988,-61.540215,0.6,0.0,0.5
0.49597873612430166,0.10541017025954873,0.504043032479126,65.34,0.0,-0.8999999999999999,0.0,1.0,0.475997192297136,23.945,0.0,48.15151,-20.034988,-61.540215,0.6,0.0,0.5
0.49778985498385475,0.11911011487538656,0.5039773463678655,65.34,0.0,-0.8999999999999999,0.0,1.0,0.12503433332317826,23.95,0.0,48.15151,-20.034988,-61.540215,0.6,0.0,0.5
0.49855399157562075,0.1272594085020776,0.5042497520393776,65.34,0.0,-0.8999999999999999,0.0,1.0,0.24710837122716356,23.955000000000002,0.0,48.15151,-20.034988,-61.540215,0.6,0.0,0.5
0.49971478024811533,0.1286706143552196,0.5041338424204266,65.34,0.0,-0.8999999999999999,0.0,1.0,-0.07333597827079785,23.96,0.0,66.64065,20.568987,69.81577,0.6,0.6,0.5
0.5002426755165333,0.13417861058842123,0.5043907621197948,65.34,0.0,-0.8999999999999999,0.0,1.0,0.29288613544115805,23.965,0.0,66.64065,20.568987,69.81577,0.6,0.6,0.5
0.5009188574041104,0.15290826734275992,0.5043110159683208,65.34,0.0,-0.8999999999999999,0.0,1.0,0.018219550157191122,23.97,0.0,66.64065,20.568987,69.81577,0.6,0.6,0.5
0.5008667413510226,0.16958690122067863,0.5045598738052783,65.16,-8482.86202247223,-0.8999999999999999,0.0,1.0,0.32340464491715437,23.975,0.0,66.64065,20.568987,69.81577,0.6,0.6,0.5
0.5014126939275086,0.18541114906497488,0.5044852948758018,65.16,0.0,-0.8999999999999999,0.0,1.0,0.018219550157191122,23.98,0.0,46.1022,-43.588192,-93.551926,0.6,0.0,0.5
0.5017974830533135,0.19457337836916985,0.5045896759049445,65.16,0.0,-0.8999999999999999,0.0,1.0,0.4302194280831415,23.985,0.0,46.1022,-43.588192,-93.551926,0.6,0.0,0.5
0.5023822199967959,0.20609542204379241,0.5042905556101781,65.16,0.0,-0.8999999999999999,0.0,1.0,0.04873805963318745,23.990000000000002,0.0,46.1022,-43.588192,-93.551926,0.6,0.0,0.5
0.5025139396519043,0.21382812876016696,0.5042932197327165,65.16,0.0,-0.8999999999999999,0.0,1.0,0.24710837122716356,23.995,0.0,46.1022,-43.588192,-93.551926,0.6,0.0,0.5
0.5021056840609854,0.20502252677035987,0.5046331485331436,65.16,0.0,-0.8999999999999999,0.0,1.0,0.09451582384718193,24.0,0.0,21.317493,-39.99081,-41.990974,0.6,0.0,0.5
0.5021744272067886,0.19762055234839268,0.5045766081593271,65.16,0.0,-0.8999999999999999,0.0,1.0,0.1097750785851801,24.005,0.0,21.317493,-39.99081,-41.990974,0.6,0.0,0.5
0.5024711299155138,0.1976825014918938,0.5043307281191756,65.16,0.0,-0.8999999999999999,0.0,1.0,0.384441663869147,24.01,0.0,21.317493,-39.99081,-41.990974,0.6,0.0,0.5
0.5024220188533401,0.20029159458311746,0.5043708628260221,65.16,0.0,-0.8999999999999999,0.0,1.0,0.384441663869147,24.015,0.0,21.317493,-39.99081,-41.990974,0.6,0.0,0.5
0.5023952127801059,0.21058069830375117,0.5044790738255088,65.16,0.0,-0.8999999999999999,0.0,1.0,0.07925656910918377,24.02,0.0,-20.908157,62.392616,2.2222772,0.0,0.6,0.5
0.5029470664863123,0.2196470213254636,0.504266375983513,65.16,0.0,-0.8999999999999999,0.0,1.0,0.33866389965515253,24.025000000000002,0.0,-20.908157,62.392616,2.2222772,0.0,0.6,0.5
0.5029447879377767,0.21610749082673344,0.5046687464339138,65.16,0.0,-0.8999999999999999,0.0,1.0,0.1097750785851801,24.03,0.0,-20.908157,62.392616,2.2222772,0.0,0.6,0.5
0.5032421759595088,0.2090321586433604,0.5048218188602891,65.16,0.0,-0.8999999999999999,0.0,1.0,0.2623676259651617,24.035,0.0,-20.908157,62.392616,2.2222772,0.0,0.6,0.5
0.5044330368153483,0.2043303138902321,0.5046196790543845,65.16,0.0,-0.8999999999999999,0.0,1.0,0.2623676259651617,24.04,0.0,33.6498,-78.78835,25.812668,0.6,0.0,0.5
0.5052410555073494,0.20342750552311775,0.5046721008694972,65.16,0.0,-0.8999999999999999,0.0,1.0,0.2318491164891654,24.045,0.0,33.6498,-78.78835,25.812668,0.6,0.0,0.5
0.5054881392810984,0.19703731599770632,0.5047903810901178,65.16,0.0,-0.8999999999999999,0.0,1.0,-0.05807672353279969,24.05,0.0,33.6498,-78.78835,25.812668,0.6,0.0,0.5
0.5048038279802035,0.18002534494443967,0.5048050492013475,65.16,0.0,-0.8999999999999999,0.0,1.0,0.4302194280831415,24.055,0.0,33.6498,-78.78835,25.812668,0.6,0.0,0.5
0.5048317491832491,0.17613501222976918,0.5046890890038651,65.16,0.0,-0.8999999999999999,0.0,1.0,0.24710837122716356,24.060000000000002,0.0,4.373601,-115.78141,-24.1557,0.6,0.0,0.5
0.5045993915000193,0.15954798758799363,0.5046066961746818,65.34,25165.824000000954,-0.8999999999999999,0.0,1.0,0.2623676259651617,24.065,0.0,4.373601,-115.78141,-24.1557,0.6,0.0,0.5
0.5027486043490065,0.16456121751610062,0.5046128346760023,65.34,0.0,-0.8999999999999999,0.0,1.0,0.3539231543931507,24.07,0.0,4.373601,-115.78141,-24.1557,0.6,0.0,0.5
0.5009807750071553,0.17357624206975225,0.5044867481047467,65.34,0.0,-0.8999999999999999,0.0,1.0,0.32340464491715437,24.075,0.0,4.373601,-115.78141,-24.1557,0.6,0.0,0.5
0.49938157313473497,0.17329155324672563,0.5049316348247409,65.34,0.0,-0.8999999999999999,0.0,1.0,-0.08859523300879601,24.080000000000002,0.0,-27.025597,-9.716938,-10.27389,0.0,0.0,0.5
0.4989670861604003,0.16713165758562837,0.5051914939478352,65.34,0.0,-0.8999999999999999,0.0,1.0,0.12503433332317826,24.085,0.0,-27.025597,-9.716938,-10.27389,0.0,0.0,0.5
0.49883519777274415,0.153285496969686,0.5052594451349106,65.34,0.0,-0.8999999999999999,0.0,1.0,0.2623676259651617,24.09,0.0,-27.025597,-9.716938,-10.27389,0.0,0.0,0.5
0.4987657848332457,0.16645133372332452,0.5050458646843164,65.16,-24354.023225807374,-0.8999999999999999,0.0,1.0,0.09451582384718193,24.095,0.0,-27.025597,-9.716938,-10.27389,0.0,0.0,0.5
0.49892595536403594,0.16840484785191553,0.5052496183181575,65.16,0.0,-0.8999999999999999,0.0,1.0,0.033478804895189285,24.1,0.0,42.346264,-90.15593,-0.7471853,0.6,0.0,0.5
0.49931525094380913,0.16242459136786644,0.5052500965332076,65.16,0.0,-0.8999999999999999,0.0,1.0,0.033478804895189285,24.105,0.0,42.346264,-90.15593,-0.7471853,0.6,0.0,0.5
0.4990077714351109,0.1561543299503721,0.5053699771382353,65.16,0.0,-0.8999999999999999,0.0,1.0,0.12503433332317826,24.11,0.0,42.346264,-90.15593,-0.7471853,0.6,0.0,0.5
0.4986469863871963,0.15296037135749116,0.5054166489475475,65.34,4.270194851839235,-0.8999999999999999,0.0,1.0,0.36918240913114886,24.115000000000002,0.0,42.346264,-90.15593,-0.7471853,0.6,0.0,0.5
0.49544851367178894,0.13993209421976652,0.505381463654671,65.34,0.0,-0.8999999999999999,0.0,1.0,0.2776268807031599,24.12,0.0,-51.008556,75.09308,-189.7869,0.0,0.6,0.5
0.4870302582972056,0.12144506570277412,0.5053277904267534,65.34,0.0,-0.8999999999999999,0.0,1.0,0.2318491164891654,24.125,0.0,-51.008556,75.09308,-189.7869,0.0,0.6,0.5
0.4779396049980332,0.10094702703574059,0.5053999338620042,65.34,0.0,-0.8999999999999999,0.0,1.0,0.24710837122716356,24.13,0.0,-51.008556,75.09308,-189.7869,0.0,0.6,0.5
0.4626400059926372,0.09448546782996173,0.5050824718865112,65.34,0.0,-0.8999999999999999,0.0,1.0,0.2776268807031599,24.135,0.0,-51.008556,75.09308,-189.7869,0.0,0.6,0.5
0.4447704465419554,0.08367960345761645,0.505042318217253,65.16,-22205.138823530255,-0.8999999999999999,0.0,1.0,0.17081209753717275,24.14,0.0,24.43008,46.2667,-119.974335,0.6,0.6,0.5
0.43085230619417253,0.0762460698941025,0.5044488700310892,65.16,0.0,-0.8999999999999999,0.0,1.0,0.04873805963318745,24.145,0.0,24.43008,46.2667,-119.974335,0.6,0.6,0.5
0.42380394097571916,0.060347123174114836,0.5044054152392055,64.98,-8388.607999999656,-0.8999999999999999,0.0,1.0,0.1860713522751709,24.150000000000002,0.0,24.43008,46.2667,-119.974335,0.6,0.6,0.5
0.4208498110770274,0.04987388530619048,0.5044427816819532,64.98,0.0,-0.8999999999999999,0.0,1.0,0.17081209753717275,24.155,0.0,24.43008,46.2667,-119.974335,0.6,0.6,0.5
0.41807013225693984,0.05263371709410084,0.5043546781883366,64.8,-7401.712941176751,-0.8999999999999999,0.0,1.0,0.24710837122716356,24.16,0.0,16.606981,56.020035,-140.32133,0.6,0.6,0.5
0.41665197514062485,0.04449641408267916,0.5041921334632118,64.8,0.0,-0.8999999999999999,0.0,1.0,0.20133060701316907,24.165,0.0,16.606981,56.020035,-140.32133,0.6,0.6,0.5
0.41120222662274253,0.06448531585149507,0.5039748367755295,64.44,-48708.04645161283,-0.8999999999999999,0.0,1.0,0.2318491164891654,24.17,0.0,16.606981,56.020035,-140.32133,0.6,0.6,0.5
0.39817278840898596,0.07190278942311809,0.5037744489276277,64.25999999999999,-24354.023225807374,-0.72,24354.023225806442,1.0,0.12503433332317826,24.175,0.0,16.606981,56.020035,-140.32133,0.6,0.6,0.5
0.3877892385388255,0.0959484756025763,0.5036394755863264,64.08,-22878.021818180878,-0.72,0.0,1.0,0.2318491164891654,24.18,0.0,-28.073885,57.468216,-93.77442,0.0,0.6,0.5
0.38483415244968433,0.1255787491364516,0.5036191115530328,63.72,-47185.919999999925,-0.8999999999999999,-23592.959999999992,1.0,0.24710837122716356,24.185000000000002,0.0,-28.073885,57.468216,-93.77442,0.0,0.6,0.5
0.38311054907339764,0.14323892372175273,0.5034582487872618,63.18,-70778.87999999989,-0.8999999999999999,0.0,1.0,0.33866389965515253,24.19,0.0,-28.073885,57.468216,-93.77442,0.0,0.6,0.5
0.3818064294450227,0.16127192044823013,0.5033981680038402,62.82,-48708.04645161283,-0.72,24354.023225806442,1.0,0.2318491164891654,24.195,0.0,-28.073885,57.468216,-93.77442,0.0,0.6,0.5
0.383718640799062,0.17697836549765045,0.5031256208315397,62.28,-13.143634031835914,-0.72,0.0,1.0,0.1860713522751709,24.2,0.0,67.98008,78.03447,-86.07203,0.6,0.6,0.5
0.38441831838653495,0.189459689699527,0.5029209689758318,61.559999999999995,-27962.026666666898,-0.72,0.0,1.0,0.3081453901791562,24.205000000000002,0.0,67.98008,78.03447,-86.07203,0.6,0.6,0.5
0.3852864882481198,0.20378562349243043,0.502563315727276,60.839999999999996,-77433.30461538449,-0.72,0.0,1.0,0.24710837122716356,24.21,0.0,67.98008,78.03447,-86.07203,0.6,0.6,0.5
0.3862485593587461,0.2230420433534762,0.5025669509524398,59.94,-117964.79999999981,-0.72,0.0,1.0,0.2776268807031599,24.215,0.0,67.98008,78.03447,-86.07203,0.6,0.6,0.5
0.3871230745862164,0.24671632059765358,0.5023184428945183,59.04,-68634.06545454534,-0.72,0.0,1.0,0.21658986175116723,24.22,0.0,14.011766,59.234642,-106.0485,0.6,0.6,0.5
0.38800707702581566,0.260855624172048,0.5023159959360497,57.96,-141557.75999999978,-0.72,0.0,1.0,0.2623676259651617,24.225,0.0,14.011766,59.234642,-106.0485,0.6,0.6,0.5
0.3878735790576317,0.272933259560872,0.5023188098895409,56.879999999999995,-146124.13935483943,-0.72,0.0,1.0,0.24710837122716356,24.23,0.0,14.011766,59.234642,-106.0485,0.6,0.6,0.5
0.3871371186891042,0.28825683709143957,0.5022886040733432,55.62,-176160.76799999972,-0.72,0.0,1.0,-0.05807672353279969,24.235,0.0,14.011766,59.234642,-106.0485,0.6,0.6,0.5
0.3850385769656981,0.29986679085812085,0.5022712195148767,54.36,-28.450808546833652,-0.72,0.0,1.0,0.33866389965515253,24.240000000000002,0.0,70.3374,-17.48528,-99.108635,0.6,0.0,0.5
0.38443355546073393,0.31018976174153906,0.5023338933445957,52.919999999999995,-105961.36421052668,-0.72,0.0,1.0,0.1097750785851801,24.245,0.0,70.3374,-17.48528,-99.108635,0.6,0.0,0.5
0.38685142906778397,0.325547539785254,0.5021395133273102,51.48,-177641.11058823502,-0.8999999999999999,-22205.138823529403,1.0,0.2318491164891654,24.25,0.0,70.3374,-17.48528,-99.108635,0.6,0.0,0.5
0.38754931291470623,0.34249895696219756,0.5025226883678058,50.04,-201326.59199999968,-0.8999999999999999,0.0,1.0,0.17081209753717275,24.255,0.0,70.3374,-17.48528,-99.108635,0.6,0.0,0.5
0.39013775068781764,0.35402209381293853,0.5025686101842352,48.6,-201326.59199999968,-0.8999999999999999,0.0,1.0,0.3539231543931507,24.26,0.0,34.952793,-12.767023,-32.745544,0.6,0.0,0.5
0.3936992000246095,0.3679370593998826,0.5025877772488627,47.16,-194832.18580645227,-0.8999999999999999,0.0,1.0,0.1860713522751709,24.265,0.0,34.952793,-12.767023,-32.745544,0.6,0.0,0.5
0.3952790748429363,0.3704363584196428,0.5031595645835305,45.72,-51622.203076923,-0.8999999999999999,0.0,1.0,0.2318491164891654,24.27,0.0,34.952793,-12.767023,-32.745544,0.6,0.0,0.5
0.397985954280268,0.3848842862616383,0.5034932448509132,44.28,-105961.36421052615,-0.8999999999999999,0.0,1.0,0.018219550157191122,24.275000000000002,0.0,34.952793,-12.767023,-32.745544,0.6,0.0,0.5
0.4017637891178999,0.3945247537110995,0.5035455388141454,43.019999999999996,-176160.7680000007,-0.8999999999999999,0.0,1.0,0.3539231543931507,24.28,0.0,-7.90114,-39.07287,-57.094788,0.0,0.0,0.5
0.4035691363150032,0.39441006017452984,0.5040428711679156,41.94,-26.32852072931859,-0.8999999999999999,0.0,1.0,0.04873805963318745,24.285,0.0,-7.90114,-39.07287,-57.094788,0.0,0.0,0.5
0.40633072847162727,0.39137534665982093,0.5040310361733467,40.86,-80890.14857142845,-0.8999999999999999,0.0,1.0,0.15555284279917458,24.29,0.0,-7.90114,-39.07287,-57.094788,0.0,0.0,0.5
0.4098958230139989,0.3956932811698828,0.5042465673355461,40.14,-94371.83999999985,-0.8999999999999999,0.0,1.0,0.06399731437118561,24.295,0.0,-7.90114,-39.07287,-57.094788,0.0,0.0,0.5
0.41539849682439184,0.39374194374125804,0.5041790015892419,39.6,-70778.87999999989,-0.8999999999999999,0.0,1.0,0.07925656910918377,24.3,0.0,39.819706,-22.402225,-50.004524,0.6,0.0,0.5
0.41943340562028053,0.37796986147186995,0.5045459179489472,39.42,-26033.611034482718,-0.8999999999999999,0.0,1.0,0.24710837122716356,24.305,0.0,39.819706,-22.402225,-50.004524,0.6,0.0,0.5
0.42361636192245866,0.365203066754408,0.5049668937074296,39.6,24354.023225806413,-0.8999999999999999,0.0,1.0,0.44547868282113967,24.310000000000002,0.0,39.819706,-22.402225,-50.004524,0.6,0.0,0.5
0.4291938564759982,0.33130596301086096,0.5050437251413523,39.96,47185.919999999925,-0.8999999999999999,0.0,1.0,0.12503433332317826,24.315,0.0,39.819706,-22.402225,-50.004524,0.6,0.0,0.5
0.4335442961587741,0.3008319076756019,0.5049501074648393,40.5,75497.47199999988,-0.8999999999999999,0.0,1.0,0.384441663869147,24.32,0.0,-105.478264,-40.381268,25.333708,0.0,0.0,0.5
0.4338898894569226,0.27873402794164914,0.5052239006210874,41.4,20.38279688335247,-0.8999999999999999,0.0,1.0,-0.04281746879480153,24.325,0.0,-105.478264,-40.381268,25.333708,0.0,0.0,0.5
0.4326557687437507,0.24987655860684885,0.5050619338674428,42.48,92445.88408163251,-0.8999999999999999,0.0,1.0,0.20133060701316907,24.330000000000002,0.0,-105.478264,-40.381268,25.333708,0.0,0.0,0.5
0.4316829533946682,0.2199899143531492,0.5050156143192848,43.92,183024.17454545517,-0.8999999999999999,0.0,1.0,0.24710837122716356,24.335,0.0,-105.478264,-40.381268,25.333708,0.0,0.0,0.5
0.4299434402784702,0.20065508505802354,0.5049322417873733,45.36,201326.59199999968,-0.8999999999999999,0.0,1.0,0.04873805963318745,24.34,0.0,67.34247,-124.67745,52.30465,0.6,0.0,0.5
0.42833555219499686,0.17489272264690447,0.5048480888106115,46.8,215707.0628571425,-0.8999999999999999,0.0,1.0,-0.027558214056803365,24.345,0.0,67.34247,-124.67745,52.30465,0.6,0.0,0.5
0.42610104840801233,0.1526297185484181,0.5046031757549846,48.6,279620.2666666673,-0.8999999999999999,0.0,1.0,0.3081453901791562,24.35,0.0,67.34247,-124.67745,52.30465,0.6,0.0,0.5
0.4229255246093756,0.14057895571894927,0.5044837828817377,50.22,199846.24941176438,-0.8999999999999999,0.0,1.0,-0.19541001617478315,24.355,0.0,67.34247,-124.67745,52.30465,0.6,0.0,0.5
0.41897240730314905,0.1315225691433412,0.5045304461937434,52.019999999999996,243540.23225806412,-0.8999999999999999,0.0,1.0,0.3081453901791562,24.36,0.0,26.244505,-27.895113,-130.34355,0.6,0.0,0.5
0.41631370099815973,0.10526929609521918,0.5045300012063308,53.64,226492.41600000064,-0.8999999999999999,0.0,1.0,0.00296029541919296,24.365000000000002,0.0,26.244505,-27.895113,-130.34355,0.6,0.0,0.5
0.41332410835498684,0.08681182266493827,0.5046054953047486,55.44,41.71108004928143,-0.8999999999999999,0.0,1.0,0.2318491164891654,24.37,0.0,26.244505,-27.895113,-130.34355,0.6,0.0,0.5
0.40975772556580353,0.07361214512745437,0.5044799720356943,57.239999999999995,167772.15999999974,-0.8999999999999999,0.0,1.0,0.07925656910918377,24.375,0.0,26.244505,-27.895113,-130.34355,0.6,0.0,0.5
0.4078606137307516,0.08648073337897783,0.5042057068376303,58.86,226492.41600000064,-0.8999999999999999,0.0,1.0,0.24710837122716356,24.38,0.0,46.240486,9.105627,-33.92065,0.6,0.6,0.5
0.4063421963849582,0.06998257926952417,0.5042425581293286,60.3,73656.07024390233,-0.8999999999999999,0.0,1.0,-0.04281746879480153,24.385,0.0,46.240486,9.105627,-33.92065,0.6,0.6,0.5
0.40522451843638657,0.0697536278603829,0.5044395801447823,61.919999999999995,226492.41599999965,-0.8999999999999999,0.0,1.0,0.3997009186071452,24.39,0.0,46.240486,9.105627,-33.92065,0.6,0.6,0.5
0.4052617231631471,0.04250043834072383,0.5041959012109893,63.36,183024.17454545517,-0.8999999999999999,0.0,1.0,0.09451582384718193,24.395,0.0,46.240486,9.105627,-33.92065,0.6,0.6,0.5
0.404449461859061,0.05100966632734514,0.5044796449847417,64.62,150994.9440000006,-0.8999999999999999,0.0,1.0,0.07925656910918377,24.400000000000002,0.0,56.898174,119.16251,45.158783,0.6,0.6,0.5
0.40436788641552024,0.044133631079876064,0.5047513570963227,65.88,170478.16258064393,-0.8999999999999999,0.0,1.0,0.00296029541919296,24.405,0.0,56.898174,119.16251,45.158783,0.6,0.6,0.5
0.40467945691416324,0.041328689121327505,0.5049575773823414,66.96,146124.13935483847,-0.72,24354.023225806442,1.0,0.3997009186071452,24.41,0.0,56.898174,119.16251,45.158783,0.6,0.6,0.5
0.4045619918894459,0.03629652916670407,0.5047463250828914,68.03999999999999,25.641618476168873,-0.72,0.0,1.0,0.17081209753717275,24.415,0.0,56.898174,119.16251,45.158783,0.6,0.6,0.5
0.40529393921105716,0.05230497047068923,0.5047111469082739,68.75999999999999,62914.5599999999,-0.72,0.0,1.0,0.3539231543931507,24.42,0.0,61.977776,2.80745,70.46406,0.6,0.6,0.5
0.4072649442031295,0.033594501876514304,0.5049798693140196,69.66,125829.1200000008,-0.72,0.0,1.0,0.1860713522751709,24.425,0.0,61.977776,2.80745,70.46406,0.6,0.6,0.5
0.41044847059433,0.04723213859901224,0.5049367168597826,70.2,30198.98880000035,-0.72,0.0,1.0,0.32340464491715437,24.43,0.0,61.977776,2.80745,70.46406,0.6,0.6,0.5
0.4145901690599269,0.07355325922780373,0.5047183610760799,70.56,45756.04363636357,-0.72,0.0,1.0,0.09451582384718193,24.435000000000002,0.0,61.977776,2.80745,70.46406,0.6,0.6,0.5
0.42154196685171685,0.10090184047198093,0.5047791707131403,70.74,23592.95999999903,-0.72,0.0,1.0,0.32340464491715437,24.44,0.0,12.48554,9.784294,27.733906,0.6,0.6,0.5
0.42931652833879985,0.11068719682232407,0.5051257970592188,70.74,0.0,-0.72,0.0,1.0,0.3539231543931507,24.445,0.0,12.48554,9.784294,27.733906,0.6,0.6,0.5
0.43575195560475166,0.12883456253239053,0.5051299500060261,70.74,0.0,-0.72,0.0,1.0,0.29288613544115805,24.45,0.0,12.48554,9.784294,27.733906,0.6,0.6,0.5
0.4425344217080871,0.14362338171112576,0.50503904081836,70.38,-8.353014875502705,-0.72,0.0,1.0,0.15555284279917458,24.455000000000002,0.0,12.48554,9.784294,27.733906,0.6,0.6,0.5
0.44919152191681677,0.1597058308887774,0.5050239192258954,70.02,-30198.988799999952,-0.72,0.0,1.0,0.475997192297136,24.46,0.0,-38.642395,-25.247372,134.41032,0.0,0.0,0.5
0.45434903861860576,0.1855324200873737,0.5049429580018076,69.3,-97416.09290322565,-0.72,0.0,1.0,0.033478804895189285,24.465,0.0,-38.642395,-25.247372,134.41032,0.0,0.0,0.5
0.4584549578231172,0.20311220013453066,0.5050220952376495,68.58,-104134.44413793087,-0.72,0.0,1.0,0.1860713522751709,24.47,0.0,-38.642395,-25.247372,134.41032,0.0,0.0,0.5
0.46202720215856247,0.2192521231703575,0.5049000202414654,67.67999999999999,-130168.05517241462,-0.72,0.0,1.0,0.32340464491715437,24.475,0.0,-38.642395,-25.247372,134.41032,0.0,0.0,0.5
0.4646035022815549,0.23325191293287134,0.5049589948640624,66.6,-141557.75999999978,-0.72,0.0,1.0,0.33866389965515253,24.48,0.0,28.569666,-41.75542,-13.036474,0.6,0.0,0.5
0.46664042095136166,0.245428059172135,0.5049129813610597,65.34,-67754.14153846104,-0.72,0.0,1.0,-0.012298959318805203,24.485,0.0,28.569666,-41.75542,-13.036474,0.6,0.0,0.5
0.4677580986670965,0.2564935957055077,0.5052087584779092,64.08,-160146.15272727338,-0.72,0.0,1.0,0.21658986175116723,24.490000000000002,0.0,28.569666,-41.75542,-13.036474,0.6,0.0,0.5
0.4695869404351306,0.27883519192643014,0.5049894576243652,62.82,-170478.1625806449,-0.72,0.0,1.0,0.1097750785851801,24.495,0.0,28.569666,-41.75542,-13.036474,0.6,0.0,0.5
0.4700321696876804,0.28869109701568824,0.5049525428507394,61.379999999999995,-34.2996879986826,-0.8999999999999999,-4.287460999835309,1.0,0.29288613544115805,24.5,0.0,33.323128,-60.685165,-124.2477,0.6,0.0,0.5
0.4703194604499407,0.3038694739056032,0.5048646472952755,59.94,-120795.95519999981,-0.8999999999999999,0.0,1.0,-0.027558214056803365,24.505,0.0,33.323128,-60.685165,-124.2477,0.6,0.0,0.5
0.4714708832219907,0.29624030974698656,0.504885386767947,58.5,-201326.59199999968,-0.8999999999999999,0.0,1.0,0.5217749565111305,24.51,0.0,33.323128,-60.685165,-124.2477,0.6,0.0,0.5
0.4718536822982451,0.29554742246605903,0.5048863444225096,57.239999999999995,-170478.16258064585,-0.8999999999999999,0.0,1.0,-0.08859523300879601,24.515,0.0,33.323128,-60.685165,-124.2477,0.6,0.0,0.5
0.47272270588241666,0.29330433905819314,0.5048915273584359,55.98,-170478.1625806449,-0.8999999999999999,0.0,1.0,0.33866389965515253,24.52,0.0,-0.2425648,-135.32188,66.78232,0.22723056077957152,0.0,0.5
0.47444720087453185,0.29958645240879156,0.5048308056713917,55.08,-121770.11612903206,-0.8999999999999999,0.0,1.0,0.09451582384718193,24.525000000000002,0.0,-0.2425648,-135.32188,66.78232,0.22723056077957152,0.0,0.5
0.4752096910130353,0.27951100025747583,0.5046552920823076,54.18,-114390.10909090891,-0.8999999999999999,0.0,1.0,0.21658986175116723,24.53,0.0,-0.2425648,-135.32188,66.78232,0.22723056077957152,0.0,0.5
0.4762515244396341,0.2540323675164319,0.5047988667231743,53.64,-75497.47199999988,-0.8999999999999999,0.0,1.0,0.1860713522751709,24.535,0.0,-0.2425648,-135.32188,66.78232,0.22723056077957152,0.0,0.5
0.4770173361854487,0.230287245521097,0.5047192673171199,53.46,-4.134989867566347,-0.8999999999999999,0.0,1.0,0.3081453901791562,24.54,0.0,80.87853,8.622309,-129.90746,0.6,0.6,0.5
0.47681905664485974,0.20314096478222685,0.505026669247719,53.28,-8579.258181818168,-0.8999999999999999,0.0,1.0,0.2318491164891654,24.545,0.0,80.87853,8.622309,-129.90746,0.6,0.6,0.5
0.4777713705976348,0.1908696729996009,0.5048443628918887,53.46,20404.72216216213,-0.8999999999999999,0.0,1.0,0.20133060701316907,24.55,0.0,80.87853,8.622309,-129.90746,0.6,0.6,0.5
0.4773668913426641,0.16880539209805023,0.5048497495561198,53.82,44410.277647058756,-0.8999999999999999,0.0,1.0,0.06399731437118561,24.555,0.0,80.87853,8.622309,-129.90746,0.6,0.6,0.5
0.4763854602814973,0.1441424596415885,0.505105672415558,54.36,78100.83310344815,-0.8999999999999999,0.0,1.0,0.2318491164891654,24.560000000000002,0.0,5.874083,71.15507,-115.43261,0.6,0.6,0.5
0.4744083475423629,0.13152597536004476,0.5050889038804984,54.9,17557.55162790695,-0.8999999999999999,0.0,1.0,0.07925656910918377,24.565,0.0,5.874083,71.15507,-115.43261,0.6,0.6,0.5
0.471795073958308,0.120517228633329,0.5049644944917889,55.62,88820.55529411751,-0.8999999999999999,0.0,1.0,0.3081453901791562,24.57,0.0,5.874083,71.15507,-115.43261,0.6,0.6,0.5
0.4699039716835084,0.11772078919967338,0.5046865434820685,56.519999999999996,114390.10909090891,-0.8999999999999999,0.0,1.0,0.1097750785851801,24.575,0.0,5.874083,71.15507,-115.43261,0.6,0.6,0.5
0.46807768442262804,0.10927910630528326,0.5047249858488366,57.419999999999995,111025.69411764688,-0.8999999999999999,0.0,1.0,0.24710837122716356,24.580000000000002,0.0,55.52308,-12.906695,-48.703022,0.6,0.0,0.5
0.46679446347419284,0.11306482437432377,0.5044966930674689,58.32,21.899702386132375,-0.8999999999999999,0.0,1.0,-0.11911374248479234,24.585,0.0,55.52308,-12.906695,-48.703022,0.6,0.0,0.5
0.4653219587999884,0.11753483890073789,0.504252284288067,59.22,55512.84705882344,-0.8999999999999999,0.0,1.0,0.17081209753717275,24.59,0.0,55.52308,-12.906695,-48.703022,0.6,0.0,0.5
0.4643411386738273,0.12980282833296147,0.5041902229383596,60.3,133230.83294117625,-0.8999999999999999,0.0,1.0,0.07925656910918377,24.595,0.0,55.52308,-12.906695,-48.703022,0.6,0.0,0.5
0.46332042324687883,0.14340884952778896,0.5042824933826621,61.199999999999996,125829.1199999998,-0.8999999999999999,0.0,1.0,0.20133060701316907,24.6,0.0,-5.605892,-7.595278,-57.061943,0.0,0.0,0.5
0.4619144507731609,0.1639212635081021,0.5042644898306482,62.099999999999994,130168.05517241359,-0.8999999999999999,0.0,1.0,0.2318491164891654,24.605,0.0,-5.605892,-7.595278,-57.061943,0.0,0.0,0.5
0.46195888025763154,0.18605889672074222,0.5040239835813306,62.82,91512.08727272804,-0.72,22878.02181818181,1.0,0.2776268807031599,24.61,0.0,-5.605892,-7.595278,-57.061943,0.0,0.0,0.5
0.4615772912410497,0.19950885388153902,0.5041558020020718,63.54,97416.09290322565,-0.72,0.0,1.0,0.15555284279917458,24.615000000000002,0.0,-5.605892,-7.595278,-57.061943,0.0,0.0,0.5
0.46044854256588497,0.21471420913333183,0.5045108001718062,63.9,50331.64799999992,-0.72,0.0,1.0,0.3539231543931507,24.62,0.0,50.666832,163.39775,180.99371,0.6,0.6,0.5
