meas_pres_DF,meas_pres_F,meas_pres_G,wrist_angle_deg,wrist_velocity,grip_angle_deg,grip_velocity,flag,force_N,time,target_force,action_DF,action_F,action_G,cmd_DF,cmd_F,cmd_G
-0.012137006053545576,-0.023418360002309572,-0.002041035059456489,-0.72,0.0,7.92,0.0,1.0,0.49125644703513416,0.0,0.0,0.9318241,-1.7647098,-0.007160254,0.5795472264289856,0.0,0.29785192385315895
-0.008962733721312812,-0.0010165522019875103,-0.002523866528212255,-0.72,0.0,7.92,0.0,1.0,0.7354045228431048,0.005,0.0,0.9318241,-1.7647098,-0.007160254,0.5795472264289856,0.0,0.29785192385315895
-0.012700386522362635,-0.014932268441750204,-0.0019328132158750301,-0.72,0.0,7.92,0.0,1.0,0.5370342112491286,0.01,0.0,0.9318241,-1.7647098,-0.007160254,0.5795472264289856,0.0,0.29785192385315895
-0.011378366533466843,-0.001769033481301451,-0.0012849343821746048,-0.72,0.0,7.92,0.0,1.0,0.6285897396771176,0.015,0.0,0.9318241,-1.7647098,-0.007160254,0.5795472264289856,0.0,0.29785192385315895
-0.012670392284248858,-0.018006088096228095,-0.010742246183032413,-0.72,0.0,7.92,0.0,1.0,0.5370342112491286,0.02,0.0,1.0014192,-1.7734255,0.8807698,0.6,0.0,0.5642309367656707
-0.001995440232903838,-0.0019747767110938202,-0.010032705611724996,-0.72,0.0,7.92,0.0,1.0,0.7048860133671084,0.025,0.0,1.0014192,-1.7734255,0.8807698,0.6,0.0,0.5642309367656707
-0.004213774197057272,-0.007488416827591292,-0.012867162332089684,-0.72,0.0,7.92,0.0,1.0,0.475997192297136,0.03,0.0,1.0014192,-1.7734255,0.8807698,0.6,0.0,0.5642309367656707
-0.003106006476638181,-0.019508510642398346,-0.005679037973295718,-0.72,0.0,7.92,0.0,1.0,0.475997192297136,0.035,0.0,1.0014192,-1.7734255,0.8807698,0.6,0.0,0.5642309367656707
-0.012210279409215674,-0.0030348226898987887,-0.004705688532918566,-0.72,0.0,7.92,0.0,1.0,0.4302194280831415,0.04,0.0,0.9319274,-1.5133191,2.2562985,0.5795782148838043,0.0,0.6
-0.0023619855848106735,-0.011038522592679813,-0.004046024535917883,-0.72,0.0,7.92,0.0,1.0,0.5828119754631231,0.045,0.0,0.9319274,-1.5133191,2.2562985,0.5795782148838043,0.0,0.6
-0.01013928566292097,-0.0023303916843427446,-0.009863770577211585,-0.72,0.0,7.92,0.0,1.0,0.567552720725125,0.05,0.0,0.9319274,-1.5133191,2.2562985,0.5795782148838043,0.0,0.6
-0.01042751339469332,-0.0169786508078867,-0.0015832752195991163,-0.72,0.0,7.92,0.0,1.0,0.7201452681051066,0.055,0.0,0.9319274,-1.5133191,2.2562985,0.5795782148838043,0.0,0.6
-0.005049538572670595,-0.009398649553941282,-0.0032809313937475597,-0.72,0.0,7.92,0.0,1.0,0.7354045228431048,0.06,0.0,1.3434952,-1.6840333,1.4638608,0.6,0.0,0.6
-0.005765509444722227,-0.02222800210823464,-0.004649723812807625,-0.72,0.0,7.92,0.0,1.0,0.8422193060090919,0.065,0.0,1.3434952,-1.6840333,1.4638608,0.6,0.0,0.6
-0.004828781147034596,-0.01138004239389017,-0.00938871495034347,-0.72,0.0,7.92,0.0,1.0,0.5370342112491286,0.07,0.0,1.3434952,-1.6840333,1.4638608,0.6,0.0,0.6
0.0008353548088722182,-0.023692811197461562,-0.005819910261852601,-0.72,0.0,7.92,0.0,1.0,0.6438489944151158,0.075,0.0,1.3434952,-1.6840333,1.4638608,0.6,0.0,0.6
-0.0031047397772769186,-0.035346144245981315,-0.003586697766788271,-0.72,0.0,7.92,0.0,1.0,0.5065157017731323,0.08,0.0,1.4929678,-1.6370233,1.0241941,0.6,0.0,0.6
-0.005964608952923934,-0.027899253004636696,-0.004972590474775594,-0.72,0.0,7.92,0.0,1.0,0.7506637775811029,0.085,0.0,1.4929678,-1.6370233,1.0241941,0.6,0.0,0.6
-0.017028304872830444,-0.04091372291796921,-0.005539626334380209,-0.72,0.0,7.92,0.0,1.0,0.5980712302011213,0.09,0.0,1.4929678,-1.6370233,1.0241941,0.6,0.0,0.6
-0.021131639633514443,-0.023869805658228233,-0.007561166054166777,-0.72,0.0,7.92,0.0,1.0,0.4302194280831415,0.095,0.0,1.4929678,-1.6370233,1.0241941,0.6,0.0,0.6
-0.011712503759199322,-0.033521693350738554,-0.005945057157320757,-0.72,0.0,7.92,0.0,1.0,0.8117007965330956,0.1,0.0,1.6091958,-1.6331882,0.4643286,0.6,0.0,0.43929857611656187
-0.0007294771193293467,-0.036632697636759644,-0.002429910158777981,-0.72,0.0,7.92,0.0,1.0,0.6438489944151158,0.105,0.0,1.6091958,-1.6331882,0.4643286,0.6,0.0,0.43929857611656187
-0.007896224651459244,-0.016850008756043658,-0.0028255987049868344,-0.72,0.0,7.92,0.0,1.0,0.4302194280831415,0.11,0.0,1.6091958,-1.6331882,0.4643286,0.6,0.0,0.43929857611656187
-0.007239393990957997,-0.014331784513460531,-0.009050686866804247,-0.72,0.0,7.92,0.0,1.0,0.7048860133671084,0.115,0.0,1.6091958,-1.6331882,0.4643286,0.6,0.0,0.43929857611656187
-0.014069378597101915,-0.010450013893727107,-0.007820622399451109,-0.72,0.0,7.92,0.0,1.0,0.6133304849391195,0.12,0.0,1.6819322,-1.6497986,-0.10053287,0.6,0.0,0.26984013989567757
-0.006443862631940352,-0.022362856173817273,-0.007109127361058336,-0.72,0.0,7.92,0.0,1.0,0.5980712302011213,0.125,0.0,1.6819322,-1.6497986,-0.10053287,0.6,0.0,0.26984013989567757
-0.003063490606733278,-0.005363547458816743,-0.00563383139810907,-0.72,0.0,7.92,0.0,1.0,0.475997192297136,0.13,0.0,1.6819322,-1.6497986,-0.10053287,0.6,0.0,0.26984013989567757
-0.0032169828926596087,-0.011875830892672298,0.0017735080154404597,-0.72,0.0,7.92,0.0,1.0,0.7201452681051066,0.135,0.0,1.6819322,-1.6497986,-0.10053287,0.6,0.0,0.26984013989567757
-0.010831785397267573,-0.005231808704777259,-0.002482949169684691,-0.72,0.0,7.92,0.0,1.0,0.567552720725125,0.14,0.0,1.6869447,-1.6646911,-0.5311022,0.6,0.0,0.1406693458557129
-0.006112446881044121,-0.01728708738274863,-0.003775997119698765,-0.72,0.0,7.92,0.0,1.0,0.7201452681051066,0.145,0.0,1.6869447,-1.6646911,-0.5311022,0.6,0.0,0.1406693458557129
-0.007065830579827162,-0.012111121295078008,-0.00299221386957378,-0.72,0.0,7.92,0.0,1.0,0.659108249153114,0.15,0.0,1.6869447,-1.6646911,-0.5311022,0.6,0.0,0.1406693458557129
-0.010963992643025739,-0.021720389793858333,0.000568150902518854,-0.72,0.0,7.92,0.0,1.0,0.7811822870570992,0.155,0.0,1.6869447,-1.6646911,-0.5311022,0.6,0.0,0.1406693458557129
-0.013162993871671894,-0.011058748701056704,0.0021046349681625044,-0.72,0.0,7.92,0.0,1.0,0.5828119754631231,0.16,0.0,1.6167163,-1.6702516,-0.71037424,0.6,0.0,0.08688772916793823
-0.009917601068325073,0.00041984646397914664,0.00955182631373986,-0.72,0.0,7.92,0.0,1.0,0.7048860133671084,0.165,0.0,1.6167163,-1.6702516,-0.71037424,0.6,0.0,0.08688772916793823
-0.005572704946995123,-0.02313885943651472,-0.0038873122725715326,-0.72,0.0,7.92,0.0,1.0,0.6743675038911121,0.17,0.0,1.6167163,-1.6702516,-0.71037424,0.6,0.0,0.08688772916793823
-0.012585821175945292,-0.007153772097406272,-0.001667457736559985,-0.72,0.0,7.92,0.0,1.0,0.7354045228431048,0.17500000000000002,0.0,1.6167163,-1.6702516,-0.71037424,0.6,0.0,0.08688772916793823
-0.015515964499765268,-0.01540673134357509,-0.0020992810337757467,-0.72,0.0,7.92,0.0,1.0,0.5217749565111305,0.18,0.0,1.4827756,-1.6712526,-0.6013557,0.6,0.0,0.11959329843521117
-0.013724918770682121,-0.015407204848198302,-0.0014532238765617663,-0.72,0.0,7.92,0.0,1.0,0.659108249153114,0.185,0.0,1.4827756,-1.6712526,-0.6013557,0.6,0.0,0.11959329843521117
-0.012231717470147407,-0.016197978695204233,-0.0026237333111319315,-0.72,0.0,7.92,0.0,1.0,0.6133304849391195,0.19,0.0,1.4827756,-1.6712526,-0.6013557,0.6,0.0,0.11959329843521117
-0.014213542674625608,-0.001719917098198467,-0.001403071586213715,-0.72,0.0,7.92,0.0,1.0,0.6743675038911121,0.195,0.0,1.4827756,-1.6712526,-0.6013557,0.6,0.0,0.11959329843521117
-0.004710938379722319,-0.015120178261512459,-0.004442168752448819,-0.72,0.0,7.92,0.0,1.0,0.5370342112491286,0.2,0.0,1.0528977,-1.4417197,2.285244,0.6,0.0,0.6
-0.0059305395086489176,-0.01175175662580566,-0.0020593653943937118,-0.72,0.0,7.92,0.0,1.0,1.0100711081270717,0.20500000000000002,0.0,1.0528977,-1.4417197,2.285244,0.6,0.0,0.6
-0.0068354829615558475,-0.018215218488957557,-0.014199073781205428,-0.72,0.0,7.92,0.0,1.0,0.5522934659871268,0.21,0.0,1.0528977,-1.4417197,2.285244,0.6,0.0,0.6
-0.004326702056067564,-0.028683336461860973,-0.004838182172983622,-0.72,0.0,7.92,0.0,1.0,0.7964415417950974,0.215,0.0,1.0528977,-1.4417197,2.285244,0.6,0.0,0.6
-0.007135703866471088,-0.03432379573726876,-0.0012790132003280361,-0.72,0.0,7.92,0.0,1.0,0.5980712302011213,0.22,0.0,1.1512977,-1.6042445,1.4054834,0.6,0.0,0.6
-0.005250011329016372,-0.02752190238147922,-0.013104841431447734,-0.72,0.0,7.92,0.0,1.0,0.8574785607470901,0.225,0.0,1.1512977,-1.6042445,1.4054834,0.6,0.0,0.6
-0.0017046765742346412,-0.0272629194901252,-0.013858860033720121,-0.72,0.0,7.92,0.0,1.0,0.6133304849391195,0.23,0.0,1.1512977,-1.6042445,1.4054834,0.6,0.0,0.6
-0.010429752449384152,-0.030527218092320535,-0.00642607227907314,-0.72,0.0,7.92,0.0,1.0,0.6133304849391195,0.23500000000000001,0.0,1.1512977,-1.6042445,1.4054834,0.6,0.0,0.6
-0.013776703785899276,-0.02865092522691709,-0.004953273218220493,-0.72,0.0,7.92,0.0,1.0,0.659108249153114,0.24,0.0,1.0268346,-1.6401669,1.4008883,0.6,0.0,0.6
-0.008177359177097646,-0.03384958352494642,-0.006830527649836077,-0.72,0.0,7.92,0.0,1.0,0.6743675038911121,0.245,0.0,1.0268346,-1.6401669,1.4008883,0.6,0.0,0.6
-0.006420571868062743,-0.012814450961094466,-0.006479048066562092,-0.72,0.0,7.92,0.0,1.0,0.7048860133671084,0.25,0.0,1.0268346,-1.6401669,1.4008883,0.6,0.0,0.6
-0.00753185684886914,-0.020014860127111476,-0.014622857146292625,-0.72,0.0,7.92,0.0,1.0,0.6438489944151158,0.255,0.0,1.0268346,-1.6401669,1.4008883,0.6,0.0,0.6
-0.004764218457582853,-0.008269628179108887,-0.011021566639450413,-0.72,0.0,7.92,0.0,1.0,0.7201452681051066,0.26,0.0,0.89549965,-1.6694218,1.6851486,0.5686498939990997,0.0,0.6
-0.00561328416514823,-0.009736197335907363,-0.006669894119219688,-0.72,0.0,7.92,0.0,1.0,0.8727378154850882,0.265,0.0,0.89549965,-1.6694218,1.6851486,0.5686498939990997,0.0,0.6
-0.008731297584690434,-0.02254479407060828,-0.005546811161923084,-0.72,0.0,7.92,0.0,1.0,0.6438489944151158,0.27,0.0,0.89549965,-1.6694218,1.6851486,0.5686498939990997,0.0,0.6
0.0008385066309197024,-0.005494605108640965,-0.0016904124377962486,-0.72,0.0,7.92,0.0,1.0,0.6438489944151158,0.275,0.0,0.89549965,-1.6694218,1.6851486,0.5686498939990997,0.0,0.6
0.0030869304488471464,-0.007776425398922572,0.0029217388640766775,-0.72,0.0,7.92,0.0,1.0,0.6896267586291103,0.28,0.0,0.8150155,-1.6880807,2.039638,0.5445046484470367,0.0,0.6
-0.003062061029671365,-0.022663008569037326,0.00637710952129992,-0.72,0.0,7.92,0.0,1.0,0.9337748344370809,0.28500000000000003,0.0,0.8150155,-1.6880807,2.039638,0.5445046484470367,0.0,0.6
-0.004602913545618896,-0.014674919399519133,-0.0033182406561423805,-0.72,0.0,7.92,0.0,1.0,0.7506637775811029,0.29,0.0,0.8150155,-1.6880807,2.039638,0.5445046484470367,0.0,0.6
0.0010575339425190921,-0.007652807856988037,0.002385692720115794,-0.72,0.0,7.739999999999999,-24354.023225806533,1.0,0.8117007965330956,0.295,0.0,0.8150155,-1.6880807,2.039638,0.5445046484470367,0.0,0.6
0.015083960806755886,-0.0034557039753847813,0.026648211244824582,-0.54,4.382711915570467,7.56,-4.382711915570462,1.0,0.6743675038911121,0.3,0.0,0.79612875,-1.6971506,2.3661354,0.5388386249542236,0.0,0.6
0.030407042690080648,-0.01278833590108354,0.0444001551862075,-0.36,6622.585263157896,7.38,-6622.585263157885,1.0,0.7811822870570992,0.305,0.0,0.79612875,-1.6971506,2.3661354,0.5388386249542236,0.0,0.6
0.057219625929303915,-0.020215637144230063,0.05505222238794079,-0.0,35951.177142857145,6.84,-53926.76571428572,1.0,0.5065157017731323,0.31,0.0,0.79612875,-1.6971506,2.3661354,0.5388386249542236,0.0,0.6
0.07743188958261761,-0.01669255753939242,0.08296363437315958,0.54,73062.06967741936,6.12,-97416.09290322577,1.0,1.1168858912930588,0.315,0.0,0.79612875,-1.6971506,2.3661354,0.5388386249542236,0.0,0.6
0.09212551252993442,-0.024871144742367242,0.09020865147672404,1.08,64712.118857142865,5.3999999999999995,-86282.82514285723,1.0,0.5522934659871268,0.32,0.0,0.8351537,-1.7033368,2.6085854,0.5505461096763611,0.0,0.6
0.12073352515696208,-0.021489213118016492,0.11078008341337171,1.7999999999999998,71902.35428571426,4.5,-89877.9428571428,1.0,0.8574785607470901,0.325,0.0,0.8351537,-1.7033368,2.6085854,0.5505461096763611,0.0,0.6
0.13712522832599705,-0.022269594468004486,0.1312249468879721,2.6999999999999997,29262.586046511624,3.2399999999999998,-40967.620465116284,1.0,0.8574785607470901,0.33,0.0,0.8351537,-1.7033368,2.6085854,0.5505461096763611,0.0,0.6
0.14870307953806883,-0.028547634890697282,0.14438712440562512,3.78,141557.76,1.7999999999999998,-188743.68,1.0,0.6743675038911121,0.335,0.0,0.8351537,-1.7033368,2.6085854,0.5505461096763611,0.0,0.6
0.1691807208510893,-0.017829205646722635,0.15885097664751502,4.859999999999999,24.827480611445132,0.18,-37.24122091716771,1.0,0.6133304849391195,0.34,0.0,0.9227472,-1.7108064,2.733615,0.5768241584300995,0.0,0.6
0.18537817562390735,-0.0075823826788028485,0.17214659683046274,5.9399999999999995,48708.04645161291,-0.8999999999999999,-48708.0464516129,1.0,0.6285897396771176,0.34500000000000003,0.0,0.9227472,-1.7108064,2.733615,0.5768241584300995,0.0,0.6
0.20016517989342886,-0.011647894972280727,0.1811676896455768,6.66,88820.55529411773,-0.36,66615.41647058823,1.0,0.7048860133671084,0.35000000000000003,0.0,0.9227472,-1.7108064,2.733615,0.5768241584300995,0.0,0.6
0.2176893199208166,-0.013798221170995174,0.19080712379010123,7.38,91512.08727272724,0.18,68634.06545454546,1.0,0.6285897396771176,0.355,0.0,0.9227472,-1.7108064,2.733615,0.5768241584300995,0.0,0.6
0.23935785998908202,-0.004715326674041663,0.20122084930351297,8.28,114390.10909090903,0.54,45756.04363636364,1.0,0.21658986175116723,0.36,0.0,1.046944,-1.7196552,2.7200441,0.6,0.0,0.6
0.2463528055843951,-0.016087829077095384,0.20814797070328428,9.54,170478.16258064512,0.36,-24354.023225806457,1.0,0.567552720725125,0.365,0.0,1.046944,-1.7196552,2.7200441,0.6,0.0,0.6
0.26724703850859005,0.005720663801490855,0.21426928339465992,10.98,194832.18580645177,-0.18,-73062.06967741936,1.0,0.41496017334514335,0.37,0.0,1.046944,-1.7196552,2.7200441,0.6,0.0,0.6
0.28167275063010866,-0.012929173800844755,0.22276240968029337,12.6,199846.2494117646,-0.72,-66615.41647058824,1.0,0.567552720725125,0.375,0.0,1.046944,-1.7196552,2.7200441,0.6,0.0,0.6
0.2912527214587494,-0.005157795083365325,0.2278339575150847,13.86,176160.76799999998,-0.54,25165.82399999999,1.0,0.8422193060090919,0.38,0.0,1.1975917,-1.7276698,2.553496,0.6,0.0,0.6
0.30198410098164913,-0.013550313832943063,0.23376603562941947,15.479999999999999,38.92424829861825,-0.54,0.0,1.0,0.567552720725125,0.385,0.0,1.1975917,-1.7276698,2.553496,0.6,0.0,0.6
0.3104564113174483,-0.007517834336989488,0.24352242460446977,17.099999999999998,109593.10451612898,-0.54,0.0,1.0,0.33866389965515253,0.39,0.0,1.1975917,-1.7276698,2.553496,0.6,0.0,0.6
0.3211843219809391,-0.02026628255332999,0.25628462680408,18.9,235929.6000000001,-0.72,-23592.959999999992,1.0,0.5980712302011213,0.395,0.0,1.1975917,-1.7276698,2.553496,0.6,0.0,0.6
0.32693735476542113,-0.020714546645653788,0.2661641493309811,20.7,222051.3882352942,-0.72,0.0,1.0,0.475997192297136,0.4,0.0,1.3639169,-1.7310904,2.234074,0.6,0.0,0.6
0.33059731367570755,-0.03063112510156469,0.2768556679189253,22.5,251658.2400000001,-0.72,0.0,1.0,0.44547868282113967,0.405,0.0,1.3639169,-1.7310904,2.234074,0.6,0.0,0.6
0.33843568319717576,-0.022386534336286193,0.2855250445799525,24.48,237277.7691428572,-0.72,0.0,1.0,0.5370342112491286,0.41000000000000003,0.0,1.3639169,-1.7310904,2.234074,0.6,0.0,0.6
0.3463444081476866,-0.02922741549552529,0.2923941630045407,26.279999999999998,243540.23225806412,-0.72,0.0,1.0,0.6285897396771176,0.41500000000000004,0.0,1.3639169,-1.7310904,2.234074,0.6,0.0,0.6
0.35463085086477447,-0.02390905330986185,0.30023372574798934,28.259999999999998,276824.0640000001,-0.72,0.0,1.0,0.5217749565111305,0.42,0.0,1.1377447,-1.2815894,4.483234,0.6,0.0,0.6
0.3675129974798736,-0.010985076832786265,0.30991082550113375,30.24,44.92730199948066,-0.72,0.0,1.0,0.8727378154850882,0.425,0.0,1.1377447,-1.2815894,4.483234,0.6,0.0,0.6
0.3659022990472093,-0.02395566635481767,0.31750474225149816,32.22,129761.28000000003,-0.72,0.0,1.0,0.659108249153114,0.43,0.0,1.1377447,-1.2815894,4.483234,0.6,0.0,0.6
0.3774466962495576,-0.015641506212989684,0.3255816939111038,34.199999999999996,251658.2399999996,-0.72,0.0,1.0,0.4302194280831415,0.435,0.0,1.1377447,-1.2815894,4.483234,0.6,0.0,0.6
0.38292644752752786,-0.018015878566011848,0.33507400606756127,36.18,267894.2554838715,-0.72,0.0,1.0,0.7506637775811029,0.44,0.0,1.6254523,-1.5585924,2.8196063,0.6,0.0,0.6
0.3842884455111351,-0.009592094645141087,0.3428231001709082,38.16,286369.7213793099,-0.72,0.0,1.0,0.6743675038911121,0.445,0.0,1.6254523,-1.5585924,2.8196063,0.6,0.0,0.6
0.3880536508972282,-0.018946412061860936,0.35084938537746835,39.96,215707.06285714338,-0.72,0.0,1.0,0.6438489944151158,0.45,0.0,1.6254523,-1.5585924,2.8196063,0.6,0.0,0.6
0.4002272882329745,0.0007774522400749624,0.3590131215515212,41.94,251658.2399999996,-0.72,0.0,1.0,0.5065157017731323,0.455,0.0,1.6254523,-1.5585924,2.8196063,0.6,0.0,0.6
0.4038403758471589,-0.007995914063056846,0.367139716145385,43.559999999999995,226492.41599999965,-0.72,0.0,1.0,0.3997009186071452,0.46,0.0,1.2945211,-1.1555922,4.6549826,0.6,0.0,0.6
0.40107095343480376,-0.010177909086530991,0.3734131662019964,45.36,204047.2216216221,-0.72,0.0,1.0,0.475997192297136,0.465,0.0,1.2945211,-1.1555922,4.6549826,0.6,0.0,0.6
0.41728936655639015,0.0020401649516073525,0.38122274556143015,47.16,43.88061283797914,-0.72,0.0,1.0,0.6438489944151158,0.47000000000000003,0.0,1.2945211,-1.1555922,4.6549826,0.6,0.0,0.6
0.41820964635952784,-0.014623298923504405,0.38829927733218117,48.78,121335.22285714319,-0.72,0.0,1.0,0.4302194280831415,0.47500000000000003,0.0,1.2945211,-1.1555922,4.6549826,0.6,0.0,0.6
0.42103780617759556,-0.016601136718014248,0.3939926367286807,50.22,167772.15999999974,-0.72,0.0,1.0,0.3081453901791562,0.48,0.0,1.7548087,-1.4804096,2.726141,0.6,0.0,0.6
0.42198156035041695,-0.007954488087528983,0.39941657706329203,51.66,201326.59199999968,-0.72,0.0,1.0,0.384441663869147,0.485,0.0,1.7548087,-1.4804096,2.726141,0.6,0.0,0.6
0.4286755324447574,-0.008723796441397338,0.40570122625610877,53.1,188743.68000000063,-0.72,0.0,1.0,0.5980712302011213,0.49,0.0,1.7548087,-1.4804096,2.726141,0.6,0.0,0.6
0.4272995503167315,-0.023104199856862854,0.41062333002876583,54.54,188743.6799999997,-0.72,0.0,1.0,0.5522934659871268,0.495,0.0,1.7548087,-1.4804096,2.726141,0.6,0.0,0.6
0.427757964779311,-0.023222626772789193,0.41556683408191136,55.62,156201.6662068963,-0.72,0.0,1.0,0.475997192297136,0.5,0.0,1.4853308,-1.3072892,3.7703354,0.6,0.0,0.6
0.4270241852625695,-0.024107864003765026,0.42038423535371666,56.879999999999995,165150.71999999974,-0.72,0.0,1.0,0.32340464491715437,0.505,0.0,1.4853308,-1.3072892,3.7703354,0.6,0.0,0.6
0.43907546716326334,-0.008747585783099334,0.42450675807429145,57.96,24.45816768174173,-0.72,0.0,1.0,0.7048860133671084,0.51,0.0,1.4853308,-1.3072892,3.7703354,0.6,0.0,0.6
0.4363076767710119,-0.010747567120260815,0.4283523446307405,58.86,59918.628571428475,-0.72,0.0,1.0,0.3081453901791562,0.515,0.0,1.4853308,-1.3072892,3.7703354,0.6,0.0,0.6
0.43819028412096994,-0.012391014355603297,0.4328272343537589,59.76,104857.59999999983,-0.72,0.0,1.0,0.3997009186071452,0.52,0.0,1.7155181,-1.5081018,2.1385915,0.6,0.0,0.6
0.45090368754193766,-0.010034153943911646,0.4370637249658264,60.66,125829.1199999998,-0.72,0.0,1.0,0.5522934659871268,0.525,0.0,1.7155181,-1.5081018,2.1385915,0.6,0.0,0.6
0.44462715863425656,-0.026276347584924108,0.440837523367437,61.379999999999995,91512.08727272713,-0.72,0.0,1.0,0.41496017334514335,0.53,0.0,1.7155181,-1.5081018,2.1385915,0.6,0.0,0.6
0.4523085710832221,-0.015445456070003949,0.4448587028247776,61.919999999999995,68634.06545454534,-0.72,0.0,1.0,0.49125644703513416,0.535,0.0,1.7155181,-1.5081018,2.1385915,0.6,0.0,0.6
0.4517883035294161,-0.020949290443249766,0.4481931112499672,62.46,70778.88000000082,-0.72,0.0,1.0,0.4302194280831415,0.54,0.0,1.6581872,-1.5803179,1.2241249,0.6,0.0,0.6
0.4572354251328775,-0.021057662029444837,0.4514763684174543,63.0,58074.97846153837,-0.72,0.0,1.0,0.6438489944151158,0.545,0.0,1.6581872,-1.5803179,1.2241249,0.6,0.0,0.6
0.4497039780938145,-0.03699276096853077,0.45511336625390825,63.36,50331.64799999992,-0.72,0.0,1.0,0.5522934659871268,0.55,0.0,1.6581872,-1.5803179,1.2241249,0.6,0.0,0.6
0.45864492784632743,-0.026054347458976744,0.45835905138840805,63.54,4.397518202257656,-0.72,0.0,1.0,0.2776268807031599,0.555,0.0,1.6581872,-1.5803179,1.2241249,0.6,0.0,0.6
0.45997037520764256,-0.021979853833266828,0.46081862939072843,63.72,13726.813090909069,-0.72,0.0,1.0,0.5522934659871268,0.56,0.0,1.3386533,-1.5591463,2.319749,0.6,0.0,0.6
0.4668594620033074,-0.022978600601941564,0.4645337835422673,63.9,23592.959999999963,-0.72,0.0,1.0,0.5065157017731323,0.5650000000000001,0.0,1.3386533,-1.5591463,2.319749,0.6,0.0,0.6
0.46562199556317685,-0.017807392147586164,0.4671478504074893,63.9,0.0,-0.72,0.0,1.0,0.5980712302011213,0.5700000000000001,0.0,1.3386533,-1.5591463,2.319749,0.6,0.0,0.6
0.4682644826499224,-0.01816592830823814,0.4696466776454758,63.9,0.0,-0.8999999999999999,-24354.023225806442,1.0,0.5370342112491286,0.5750000000000001,0.0,1.3386533,-1.5591463,2.319749,0.6,0.0,0.6
0.4757529859673625,-0.017144172965287464,0.4729468874079967,63.9,0.0,-0.8999999999999999,0.0,1.0,0.567552720725125,0.58,0.0,1.2400724,-1.5997227,1.7875352,0.6,0.0,0.6
0.47928167868185356,-0.021996651191846375,0.47638326293359073,63.72,-22205.138823529378,-0.8999999999999999,0.0,1.0,0.5217749565111305,0.585,0.0,1.2400724,-1.5997227,1.7875352,0.6,0.0,0.6
0.47229702152233416,-0.03067452882650258,0.4783660491758792,63.72,0.0,-0.8999999999999999,0.0,1.0,0.7964415417950974,0.59,0.0,1.2400724,-1.5997227,1.7875352,0.6,0.0,0.6
0.4799703609020734,-0.021305661833381003,0.48116104825395983,63.72,0.0,-0.8999999999999999,0.0,1.0,0.36918240913114886,0.595,0.0,1.2400724,-1.5997227,1.7875352,0.6,0.0,0.6
0.4859234719769843,-0.017877369583670383,0.484128137995377,63.54,-11268.279402985057,-0.8999999999999999,0.0,1.0,0.475997192297136,0.6,0.0,1.037534,-1.6174488,1.8533136,0.6,0.0,0.6
0.49057062171875,-0.014784109387624063,0.48643633345199855,63.54,0.0,-0.8999999999999999,0.0,1.0,0.475997192297136,0.605,0.0,1.037534,-1.6174488,1.8533136,0.6,0.0,0.6
0.49095923375657513,-0.01490452976795415,0.4886831219253058,63.54,0.0,-0.8999999999999999,0.0,1.0,0.475997192297136,0.61,0.0,1.037534,-1.6174488,1.8533136,0.6,0.0,0.6
0.4940392103601224,-0.009326166294474698,0.49124350141130196,63.54,0.0,-0.8999999999999999,0.0,1.0,0.5828119754631231,0.615,0.0,1.037534,-1.6174488,1.8533136,0.6,0.0,0.6
0.496879161886601,-0.006378988662785601,0.49320944190759913,63.54,0.0,-0.8999999999999999,0.0,1.0,0.4302194280831415,0.62,0.0,0.8440323,-1.6100417,2.1145663,0.5532096862792969,0.0,0.6
0.49889801304365256,-0.008142234630894047,0.4953863224102169,63.72,22205.138823529378,-0.8999999999999999,0.0,1.0,0.6285897396771176,0.625,0.0,0.8440323,-1.6100417,2.1145663,0.5532096862792969,0.0,0.6
0.5021258418009452,-0.007958695275852329,0.497901520910127,63.72,0.0,-0.8999999999999999,0.0,1.0,0.6285897396771176,0.63,0.0,0.8440323,-1.6100417,2.1145663,0.5532096862792969,0.0,0.6
0.5039794894267584,-0.012683091712382724,0.499956926777463,63.72,0.0,-0.8999999999999999,0.0,1.0,0.5828119754631231,0.635,0.0,0.8440323,-1.6100417,2.1145663,0.5532096862792969,0.0,0.6
0.5052729229173624,-0.021180594228547,0.502050696327304,63.9,4.080856197703827,-0.8999999999999999,0.0,1.0,0.36918240913114886,0.64,0.0,0.70930904,-1.5838846,2.4623923,0.5127927124500274,0.0,0.6
0.5071695486050465,-0.0049189119498716126,0.5035140849452227,63.9,0.0,-0.8999999999999999,0.0,1.0,0.6285897396771176,0.645,0.0,0.70930904,-1.5838846,2.4623923,0.5127927124500274,0.0,0.6
0.5077476744604968,-0.00847146084634859,0.5052968160550723,63.9,0.0,-0.8999999999999999,0.0,1.0,0.5828119754631231,0.65,0.0,0.70930904,-1.5838846,2.4623923,0.5127927124500274,0.0,0.6
0.5122181567364062,-0.004951388738397126,0.5069335214565657,63.9,0.0,-0.8999999999999999,0.0,1.0,0.5522934659871268,0.655,0.0,0.70930904,-1.5838846,2.4623923,0.5127927124500274,0.0,0.6
0.5099703589525667,-0.013023292870344323,0.5088012743768581,63.72,-26963.382857142813,-0.8999999999999999,0.0,1.0,0.5370342112491286,0.66,0.0,0.65191925,-1.5485646,2.7930715,0.4955757737159729,0.0,0.6
0.5124836754493742,-0.009372617035159877,0.5102896026549277,63.72,0.0,-0.8999999999999999,0.0,1.0,0.5522934659871268,0.665,0.0,0.65191925,-1.5485646,2.7930715,0.4955757737159729,0.0,0.6
0.5153526181342839,-0.009318518712622792,0.5116357206221339,63.72,0.0,-0.8999999999999999,0.0,1.0,0.659108249153114,0.67,0.0,0.65191925,-1.5485646,2.7930715,0.4955757737159729,0.0,0.6
0.5145041504314221,-0.006751568700816142,0.5130764949995806,63.72,0.0,-0.8999999999999999,0.0,1.0,0.32340464491715437,0.675,0.0,0.65191925,-1.5485646,2.7930715,0.4955757737159729,0.0,0.6
0.5181193791623768,-0.0018714186222382652,0.5145420791758462,63.72,0.0,-0.8999999999999999,0.0,1.0,0.3997009186071452,0.68,0.0,0.6685915,-1.5163907,3.0413415,0.500577449798584,0.0,0.6
0.5200405769649208,-0.004205464990271924,0.5158424150694452,63.72,0.0,-0.8999999999999999,0.0,1.0,0.7811822870570992,0.685,0.0,0.6685915,-1.5163907,3.0413415,0.500577449798584,0.0,0.6
0.5188232221743977,-0.002827341313496423,0.5169662457724431,63.72,0.0,-0.8999999999999999,0.0,1.0,0.5522934659871268,0.6900000000000001,0.0,0.6685915,-1.5163907,3.0413415,0.500577449798584,0.0,0.6
0.5260597141129335,0.005273316184731873,0.5184293049421975,63.72,0.0,-0.8999999999999999,0.0,1.0,0.5980712302011213,0.6950000000000001,0.0,0.6685915,-1.5163907,3.0413415,0.500577449798584,0.0,0.6
0.5279888390062978,0.005346273485793988,0.5195472757945907,63.72,0.0,-0.8999999999999999,0.0,1.0,0.6133304849391195,0.7000000000000001,0.0,0.7478925,-1.4940784,3.1681948,0.5243677496910095,0.0,0.6
0.5247289628679893,-0.004275806027084044,0.5207048758187908,63.72,0.0,-0.8999999999999999,0.0,1.0,0.32340464491715437,0.705,0.0,0.7478925,-1.4940784,3.1681948,0.5243677496910095,0.0,0.6
0.5218407233813951,-0.00912738784165372,0.5218959414770765,63.72,0.0,-0.8999999999999999,0.0,1.0,0.5828119754631231,0.71,0.0,0.7478925,-1.4940784,3.1681948,0.5243677496910095,0.0,0.6
0.5245638365866332,-0.009954344754110347,0.5230828951535959,63.72,0.0,-0.8999999999999999,0.0,1.0,0.5065157017731323,0.715,0.0,0.7478925,-1.4940784,3.1681948,0.5243677496910095,0.0,0.6
0.522588288461274,-0.005268334341145533,0.5238096751482968,63.72,0.0,-0.8999999999999999,0.0,1.0,0.49125644703513416,0.72,0.0,0.87492895,-1.4823887,3.1495647,0.5624786853790283,0.0,0.6
0.5228210237600561,-0.012089807937278091,0.5251978023832282,63.72,0.0,-0.8999999999999999,0.0,1.0,0.5065157017731323,0.725,0.0,0.87492895,-1.4823887,3.1495647,0.5624786853790283,0.0,0.6
0.5169745135181713,-0.014550486130638743,0.5258565344596475,63.72,0.0,-0.8999999999999999,0.0,1.0,0.6133304849391195,0.73,0.0,0.87492895,-1.4823887,3.1495647,0.5624786853790283,0.0,0.6
0.5091360051035747,-0.02181070733563915,0.5266093088704747,63.72,0.0,-0.8999999999999999,0.0,1.0,0.44547868282113967,0.735,0.0,0.87492895,-1.4823887,3.1495647,0.5624786853790283,0.0,0.6
0.5125849727283497,-0.019184900521763498,0.527804035128555,63.72,0.0,-0.8999999999999999,0.0,1.0,0.41496017334514335,0.74,0.0,1.0337557,-1.4797771,2.9680893,0.6,0.0,0.6
0.5100534988708969,-0.024511093840917788,0.5287781382978356,63.72,0.0,-0.8999999999999999,0.0,1.0,0.6438489944151158,0.745,0.0,1.0337557,-1.4797771,2.9680893,0.6,0.0,0.6
0.5226626318642341,-0.00482892072720062,0.5296622433052547,63.72,0.0,-0.8999999999999999,0.0,1.0,0.6896267586291103,0.75,0.0,1.0337557,-1.4797771,2.9680893,0.6,0.0,0.6
0.5133953543277942,-0.008801218593600488,0.5302711716971973,63.72,0.0,-0.8999999999999999,0.0,1.0,0.41496017334514335,0.755,0.0,1.0337557,-1.4797771,2.9680893,0.6,0.0,0.6
0.5178283779544844,-0.004826780781483534,0.5311910011980923,63.72,0.0,-0.8999999999999999,0.0,1.0,0.5217749565111305,0.76,0.0,1.2086853,-1.4837729,2.6147823,0.6,0.0,0.6
0.5151037186364947,-0.01040486311634043,0.531979279040038,63.72,0.0,-0.8999999999999999,0.0,1.0,0.6133304849391195,0.765,0.0,1.2086853,-1.4837729,2.6147823,0.6,0.0,0.6
0.5144418178011534,-0.006992197319129483,0.5325977896294348,63.72,0.0,-0.8999999999999999,0.0,1.0,0.659108249153114,0.77,0.0,1.2086853,-1.4837729,2.6147823,0.6,0.0,0.6
0.5129915974537442,-0.01444535882044352,0.5335294084906583,63.72,0.0,-0.8999999999999999,0.0,1.0,0.4302194280831415,0.775,0.0,1.2086853,-1.4837729,2.6147823,0.6,0.0,0.6
0.5155829656637038,0.001643876995681557,0.5337949914704011,63.72,0.0,-0.8999999999999999,0.0,1.0,0.7201452681051066,0.78,0.0,1.3839886,-1.4903191,2.105921,0.6,0.0,0.6
0.5106911907141367,-0.014228681977449708,0.5347386170717238,63.72,0.0,-0.8999999999999999,0.0,1.0,0.5217749565111305,0.785,0.0,1.3839886,-1.4903191,2.105921,0.6,0.0,0.6
0.5099401575871265,-0.021662897640567023,0.5356099852451476,63.72,0.0,-0.8999999999999999,0.0,1.0,0.5217749565111305,0.79,0.0,1.3839886,-1.4903191,2.105921,0.6,0.0,0.6
0.5087938639404963,-0.011775402900021837,0.5356629338487127,63.72,0.0,-0.8999999999999999,0.0,1.0,0.3539231543931507,0.795,0.0,1.3839886,-1.4903191,2.105921,0.6,0.0,0.6
0.5107950439078962,-0.018194585595077483,0.5365666977148175,63.72,0.0,-0.8999999999999999,0.0,1.0,0.5980712302011213,0.8,0.0,1.535898,-1.5014275,1.4804937,0.6,0.0,0.6
0.5160761186892469,-0.007100744454104383,0.5370366836071293,63.72,0.0,-0.8999999999999999,0.0,1.0,0.6896267586291103,0.805,0.0,1.535898,-1.5014275,1.4804937,0.6,0.0,0.6
0.5185724909137901,-0.008315833186655318,0.5377526611875085,63.72,0.0,-0.8999999999999999,0.0,1.0,0.5370342112491286,0.81,0.0,1.535898,-1.5014275,1.4804937,0.6,0.0,0.6
0.517841631276051,-0.020533906206242968,0.5385161565842895,63.72,0.0,-0.8999999999999999,0.0,1.0,0.567552720725125,0.8150000000000001,0.0,1.535898,-1.5014275,1.4804937,0.6,0.0,0.6
0.5222354390573407,-0.007949095558234299,0.5388510936006605,63.72,0.0,-0.8999999999999999,0.0,1.0,0.3997009186071452,0.8200000000000001,0.0,1.6428132,-1.5172468,0.81163985,0.6,0.0,0.5434919536113739
0.5261444036246435,-0.0032819772997029766,0.5391550597131792,63.72,0.0,-0.8999999999999999,0.0,1.0,0.6285897396771176,0.8250000000000001,0.0,1.6428132,-1.5172468,0.81163985,0.6,0.0,0.5434919536113739
0.5193967653433509,-0.014835371317954526,0.5392174773717222,63.72,0.0,-0.8999999999999999,0.0,1.0,0.5980712302011213,0.8300000000000001,0.0,1.6428132,-1.5172468,0.81163985,0.6,0.0,0.5434919536113739
0.5297084262083862,0.0014828433251330875,0.5396020622718848,63.72,0.0,-0.8999999999999999,0.0,1.0,0.3997009186071452,0.835,0.0,1.6428132,-1.5172468,0.81163985,0.6,0.0,0.5434919536113739
0.528925049802154,0.004237557721145711,0.5395860369705059,63.72,0.0,-0.8999999999999999,0.0,1.0,0.29288613544115805,0.84,0.0,1.4979479,-1.4097301,0.64915276,0.6,0.0,0.4947458267211914
0.5283872777866145,-0.002540851106992835,0.5398220978879172,63.72,0.0,-0.8999999999999999,0.0,1.0,0.5217749565111305,0.845,0.0,1.4979479,-1.4097301,0.64915276,0.6,0.0,0.4947458267211914
0.5306086810887284,-0.009656191998806801,0.5401392392167432,63.72,0.0,-0.8999999999999999,0.0,1.0,0.6133304849391195,0.85,0.0,1.4979479,-1.4097301,0.64915276,0.6,0.0,0.4947458267211914
0.5252062659287808,-0.014334594322943001,0.5397139839666755,63.72,0.0,-0.8999999999999999,0.0,1.0,0.6133304849391195,0.855,0.0,1.4979479,-1.4097301,0.64915276,0.6,0.0,0.4947458267211914
0.5224816239593744,-0.024061161262724538,0.5397451124585853,63.9,13726.813090909069,-0.8999999999999999,0.0,1.0,0.7354045228431048,0.86,0.0,1.0234381,-1.1927178,1.5443603,0.6,0.0,0.6
0.5267462493751561,-0.027339044201827933,0.5399525747620453,63.9,0.0,-0.8999999999999999,0.0,1.0,0.8574785607470901,0.865,0.0,1.0234381,-1.1927178,1.5443603,0.6,0.0,0.6
0.5288514457889277,-0.024575203276138533,0.5396700100531915,63.9,0.0,-0.8999999999999999,0.0,1.0,0.567552720725125,0.87,0.0,1.0234381,-1.1927178,1.5443603,0.6,0.0,0.6
0.5290446775007374,-0.019389091841732955,0.5393156603256671,63.9,0.0,-0.8999999999999999,0.0,1.0,0.5370342112491286,0.875,0.0,1.0234381,-1.1927178,1.5443603,0.6,0.0,0.6
0.5315457444388467,-0.014119907991745397,0.5391216689283209,63.9,0.0,-0.8999999999999999,0.0,1.0,0.5217749565111305,0.88,0.0,1.3177724,-1.4425274,1.5847642,0.6,0.0,0.6
0.5338315764746931,-0.013468517691274466,0.5389115723615973,63.9,0.0,-0.8999999999999999,0.0,1.0,0.384441663869147,0.885,0.0,1.3177724,-1.4425274,1.5847642,0.6,0.0,0.6
0.5378928551190165,-0.008420986451383984,0.5386517462727323,63.9,0.0,-0.8999999999999999,0.0,1.0,0.567552720725125,0.89,0.0,1.3177724,-1.4425274,1.5847642,0.6,0.0,0.6
0.5376682296857828,-0.0123143382558022,0.5378509125869729,63.9,0.0,-0.8999999999999999,0.0,1.0,0.41496017334514335,0.895,0.0,1.3177724,-1.4425274,1.5847642,0.6,0.0,0.6
0.532742987537447,-0.022059543082431732,0.5372795603330446,63.9,0.0,-0.8999999999999999,0.0,1.0,0.6896267586291103,0.9,0.0,1.6884906,-1.53763,1.1606389,0.6,0.0,0.6
0.535491856202854,-0.01593600742213244,0.536975050975328,63.9,0.0,-0.8999999999999999,0.0,1.0,0.7506637775811029,0.905,0.0,1.6884906,-1.53763,1.1606389,0.6,0.0,0.6
0.5374258361615936,-0.0028193510206807274,0.5361257040578863,63.9,0.0,-0.8999999999999999,0.0,1.0,0.5522934659871268,0.91,0.0,1.6884906,-1.53763,1.1606389,0.6,0.0,0.6
0.5381638447441667,-0.0012624583485988379,0.5357012301441447,63.9,0.0,-0.8999999999999999,0.0,1.0,0.17081209753717275,0.915,0.0,1.6884906,-1.53763,1.1606389,0.6,0.0,0.6
0.5387199903297618,-0.00928965884013384,0.5356904511606363,63.9,0.0,-0.8999999999999999,0.0,1.0,0.6438489944151158,0.92,0.0,1.0804502,-1.8016623,0.3155023,0.6,0.0,0.3946506857872009
0.5420757485803451,-0.005599894830156777,0.535422336652516,63.9,0.0,-0.8999999999999999,0.0,1.0,0.6743675038911121,0.925,0.0,1.0804502,-1.8016623,0.3155023,0.6,0.0,0.3946506857872009
0.5417905409487689,-0.008221214583582928,0.5352474667659645,63.9,0.0,-0.8999999999999999,0.0,1.0,0.7048860133671084,0.93,0.0,1.0804502,-1.8016623,0.3155023,0.6,0.0,0.3946506857872009
0.5448806517511333,0.0017580563219916192,0.5346961427201554,63.9,0.0,-0.8999999999999999,0.0,1.0,0.32340464491715437,0.935,0.0,1.0804502,-1.8016623,0.3155023,0.6,0.0,0.3946506857872009
0.5403202891632786,-0.0076203173577065915,0.534238836875236,63.9,0.0,-0.8999999999999999,0.0,1.0,0.6133304849391195,0.9400000000000001,0.0,0.29751724,-1.5247841,0.93790483,0.38925517201423643,0.0,0.5813714504241944
0.5350300240506032,-0.01807229093134633,0.5339754378337922,63.9,0.0,-0.8999999999999999,0.0,1.0,0.49125644703513416,0.9450000000000001,0.0,0.29751724,-1.5247841,0.93790483,0.38925517201423643,0.0,0.5813714504241944
0.5412554925525699,-0.010640462652360206,0.5338600481441376,63.9,0.0,-0.8999999999999999,0.0,1.0,0.7048860133671084,0.9500000000000001,0.0,0.29751724,-1.5247841,0.93790483,0.38925517201423643,0.0,0.5813714504241944
0.5409387077276627,-0.015757748570210908,0.5337175830935019,63.9,0.0,-0.8999999999999999,0.0,1.0,0.21658986175116723,0.9550000000000001,0.0,0.29751724,-1.5247841,0.93790483,0.38925517201423643,0.0,0.5813714504241944
0.540663878986113,-0.020901752317828464,0.5339163387848989,63.9,0.0,-0.8999999999999999,0.0,1.0,0.5217749565111305,0.96,0.0,-0.01717157,-0.3031714,2.2154236,0.29484852924942967,0.20904858112335203,0.6
0.5409181417353905,-0.019600395709674583,0.5339684259931935,63.9,0.0,-0.8999999999999999,0.0,1.0,0.49125644703513416,0.965,0.0,-0.01717157,-0.3031714,2.2154236,0.29484852924942967,0.20904858112335203,0.6
0.543084391304401,-0.010775202374053204,0.5336398092086339,63.9,0.0,-0.8999999999999999,0.0,1.0,0.567552720725125,0.97,0.0,-0.01717157,-0.3031714,2.2154236,0.29484852924942967,0.20904858112335203,0.6
0.5447962940027012,-0.008639864664753782,0.5323993250306124,63.9,0.0,-0.8999999999999999,0.0,1.0,0.4302194280831415,0.975,0.0,-0.01717157,-0.3031714,2.2154236,0.29484852924942967,0.20904858112335203,0.6
0.5431772388951438,-0.012249828502016431,0.5314789397469671,63.9,0.0,-0.8999999999999999,0.0,1.0,0.6133304849391195,0.98,0.0,0.18327105,-0.1584763,1.8180317,0.3549813151359558,0.2524571120738983,0.6
0.5453710725780544,-0.008619412844448617,0.5316249501032011,63.9,0.0,-0.8999999999999999,0.0,1.0,0.6133304849391195,0.985,0.0,0.18327105,-0.1584763,1.8180317,0.3549813151359558,0.2524571120738983,0.6
0.5414329886616305,-0.009636441899625139,0.5309390967724007,63.9,0.0,-0.8999999999999999,0.0,1.0,0.9185155796990827,0.99,0.0,0.18327105,-0.1584763,1.8180317,0.3549813151359558,0.2524571120738983,0.6
0.5366173844054375,-0.009487367341859308,0.5301112679495673,63.9,0.0,-0.8999999999999999,0.0,1.0,0.44547868282113967,0.995,0.0,0.18327105,-0.1584763,1.8180317,0.3549813151359558,0.2524571120738983,0.6
0.539380833690564,-0.005560087399356192,0.5301788262542293,63.9,0.0,-0.8999999999999999,0.0,1.0,0.7048860133671084,1.0,0.0,0.44328335,-1.103932,0.34073323,0.4329850047826767,0.0,0.40221996903419494
0.5357529652766146,-0.019053697188291457,0.5301974946601341,63.9,0.0,-0.8999999999999999,0.0,1.0,0.659108249153114,1.0050000000000001,0.0,0.44328335,-1.103932,0.34073323,0.4329850047826767,0.0,0.40221996903419494
0.5367850212052245,-0.0089558996223788,0.5295811896048638,63.9,0.0,-0.8999999999999999,0.0,1.0,0.8574785607470901,1.01,0.0,0.44328335,-1.103932,0.34073323,0.4329850047826767,0.0,0.40221996903419494
0.5331716883616949,-0.021269716789100675,0.5298416214033391,63.9,0.0,-0.8999999999999999,0.0,1.0,0.44547868282113967,1.0150000000000001,0.0,0.44328335,-1.103932,0.34073323,0.4329850047826767,0.0,0.40221996903419494
0.5319233888330414,-0.013274091566933422,0.5296497496117701,63.9,0.0,-0.8999999999999999,0.0,1.0,0.5980712302011213,1.02,0.0,0.6972368,-1.7308835,-0.046531804,0.5091710329055786,0.0,0.28604045882821083
0.5315189703457919,0.009182078234257346,0.5296500495224263,63.9,0.0,-0.8999999999999999,0.0,1.0,0.567552720725125,1.025,0.0,0.6972368,-1.7308835,-0.046531804,0.5091710329055786,0.0,0.28604045882821083
0.5314239639121304,0.03034035268145704,0.5291829851847413,63.9,0.0,-0.8999999999999999,0.0,1.0,0.7201452681051066,1.03,0.0,0.6972368,-1.7308835,-0.046531804,0.5091710329055786,0.0,0.28604045882821083
0.5275061826036157,0.03192523805870671,0.5286725353594344,63.9,0.0,-0.8999999999999999,0.0,1.0,0.3539231543931507,1.035,0.0,0.6972368,-1.7308835,-0.046531804,0.5091710329055786,0.0,0.28604045882821083
0.5180907462526845,0.046472718473527325,0.5286049091728181,63.9,0.0,-0.8999999999999999,0.0,1.0,0.7201452681051066,1.04,0.0,0.7017133,-1.3512045,0.33703896,0.5105139970779419,0.0,0.40111168920993806
0.5094661497573417,0.067053060690282,0.5281220080504662,63.9,0.0,-0.8999999999999999,0.0,1.0,0.7201452681051066,1.045,0.0,0.7017133,-1.3512045,0.33703896,0.5105139970779419,0.0,0.40111168920993806
0.49900103865350987,0.08254614802789766,0.5277410385136387,63.72,-24354.023225806413,-0.8999999999999999,0.0,1.0,0.6743675038911121,1.05,0.0,0.7017133,-1.3512045,0.33703896,0.5105139970779419,0.0,0.40111168920993806
0.48740477181757824,0.10107525597563592,0.5264679376261018,63.72,0.0,-0.8999999999999999,0.0,1.0,0.5370342112491286,1.055,0.0,0.7017133,-1.3512045,0.33703896,0.5105139970779419,0.0,0.40111168920993806
0.47886721835883606,0.10204879369590787,0.5257450227485494,63.72,0.0,-0.8999999999999999,0.0,1.0,0.6133304849391195,1.06,0.0,0.25047627,-0.88056237,0.16333124,0.3751428812742233,0.03583129048347473,0.3489993721246719
0.4735160270421245,0.11287231745882247,0.5255280642062322,63.72,0.0,-0.8999999999999999,0.0,1.0,0.475997192297136,1.065,0.0,0.25047627,-0.88056237,0.16333124,0.3751428812742233,0.03583129048347473,0.3489993721246719
0.4701537377118793,0.10956709356007674,0.5239930284697418,63.54,-4.379965887335376,-0.8999999999999999,0.0,1.0,0.8574785607470901,1.07,0.0,0.25047627,-0.88056237,0.16333124,0.3751428812742233,0.03583129048347473,0.3489993721246719
0.4685895941011875,0.10860527272532682,0.5220280577461602,63.54,0.0,-0.8999999999999999,0.0,1.0,0.384441663869147,1.075,0.0,0.25047627,-0.88056237,0.16333124,0.3751428812742233,0.03583129048347473,0.3489993721246719
0.46834011011113896,0.09707774814345356,0.5216876907702803,63.54,0.0,-0.8999999999999999,0.0,1.0,0.6285897396771176,1.08,0.0,-0.12836659,-1.470107,0.75265056,0.2614900231361389,0.0,0.525795167684555
0.4687272927218549,0.09755788826065051,0.519766292117779,63.54,0.0,-0.8999999999999999,0.0,1.0,0.44547868282113967,1.085,0.0,-0.12836659,-1.470107,0.75265056,0.2614900231361389,0.0,0.525795167684555
0.4682093512250845,0.07422806655796217,0.5158144771288705,63.72,25165.82399999996,-0.8999999999999999,0.0,1.0,0.7048860133671084,1.09,0.0,-0.12836659,-1.470107,0.75265056,0.2614900231361389,0.0,0.525795167684555
0.4684726508709118,0.0711645771444345,0.5123098144653012,63.72,0.0,-0.8999999999999999,0.0,1.0,0.49125644703513416,1.095,0.0,-0.12836659,-1.470107,0.75265056,0.2614900231361389,0.0,0.525795167684555
0.4692314509074209,0.06220830977613902,0.5069357043437989,63.72,0.0,-0.8999999999999999,0.0,1.0,0.6285897396771176,1.1,0.0,0.08919055,-1.7621012,2.1816685,0.3267571650445461,0.0,0.6
0.46886570587840415,0.05130432534387806,0.49618814488013846,63.72,0.0,-0.8999999999999999,0.0,1.0,0.46073793755913783,1.105,0.0,0.08919055,-1.7621012,2.1816685,0.3267571650445461,0.0,0.6
0.46886888898684165,0.04324179204279515,0.48558863312301503,63.72,0.0,-0.8999999999999999,0.0,1.0,0.3997009186071452,1.11,0.0,0.08919055,-1.7621012,2.1816685,0.3267571650445461,0.0,0.6
0.46792094940271145,0.03306896442405575,0.47738237872106193,63.72,0.0,-0.8999999999999999,0.0,1.0,0.24710837122716356,1.115,0.0,0.08919055,-1.7621012,2.1816685,0.3267571650445461,0.0,0.6
0.4680028026268334,0.025799588884184075,0.46537434037031267,63.72,0.0,-0.8999999999999999,0.0,1.0,0.6133304849391195,1.12,0.0,0.3494153,-1.4349042,3.1535661,0.4048245906829834,0.0,0.6
0.4684290437881355,0.024895293051068093,0.45299086810616257,63.72,0.0,-0.8999999999999999,0.0,1.0,0.5980712302011213,1.125,0.0,0.3494153,-1.4349042,3.1535661,0.4048245906829834,0.0,0.6
0.462824676244379,0.021520746386962282,0.4451673116018645,63.72,0.0,-0.8999999999999999,0.0,1.0,0.7506637775811029,1.1300000000000001,0.0,0.3494153,-1.4349042,3.1535661,0.4048245906829834,0.0,0.6
0.45063207052999454,0.03336803235248272,0.44217289635117735,63.72,0.0,-0.8999999999999999,0.0,1.0,0.5370342112491286,1.135,0.0,0.3494153,-1.4349042,3.1535661,0.4048245906829834,0.0,0.6
0.4387447897854614,0.029210293754394018,0.440521010292381,63.54,-25165.82399999996,-0.8999999999999999,0.0,1.0,0.6285897396771176,1.1400000000000001,0.0,0.47041798,-1.3081886,2.7137902,0.44112539291381836,0.0,0.6
0.4271593006723016,0.026926817631348826,0.4389723184930096,63.36,-23592.959999999963,-0.8999999999999999,0.0,1.0,0.5828119754631231,1.145,0.0,0.47041798,-1.3081886,2.7137902,0.44112539291381836,0.0,0.6
0.4141597979565051,0.026540042560164512,0.4390848701088318,63.18,-25165.82399999996,-0.8999999999999999,0.0,1.0,0.6133304849391195,1.1500000000000001,0.0,0.47041798,-1.3081886,2.7137902,0.44112539291381836,0.0,0.6
0.4029722870753166,0.006550878899722139,0.44023739443510634,63.0,-4.38372983707075,-0.8999999999999999,0.0,1.0,0.4302194280831415,1.155,0.0,0.47041798,-1.3081886,2.7137902,0.44112539291381836,0.0,0.6
0.39345109152770047,0.01872158727235354,0.43972314811558033,62.64,-29606.851764705836,-0.8999999999999999,0.0,1.0,0.6438489944151158,1.16,0.0,0.42688006,-0.95537364,2.4513726,0.4280640184879303,0.013387906551361083,0.6
0.38398560584828945,-0.0003704032803439901,0.44074643941319336,62.28,-37748.73599999994,-0.8999999999999999,0.0,1.0,0.3539231543931507,1.165,0.0,0.42688006,-0.95537364,2.4513726,0.4280640184879303,0.013387906551361083,0.6
0.3768540417108732,-0.004279618126818128,0.4417553283716259,61.739999999999995,-68634.06545454625,-0.8999999999999999,0.0,1.0,0.7354045228431048,1.17,0.0,0.42688006,-0.95537364,2.4513726,0.4280640184879303,0.013387906551361083,0.6
0.37290180834147874,0.006369488322203265,0.4409445148887061,61.199999999999996,-68634.06545454534,-0.8999999999999999,0.0,1.0,0.5217749565111305,1.175,0.0,0.42688006,-0.95537364,2.4513726,0.4280640184879303,0.013387906551361083,0.6
0.37074890903522795,-0.009362752952808168,0.4416576326820229,60.66,-68634.06545454534,-0.8999999999999999,0.0,1.0,0.7659230323191011,1.18,0.0,0.19822466,0.16930461,2.2336102,0.3594673991203308,0.3507913827896118,0.6
0.36988412260344167,-0.024649377319025067,0.4436805542442927,59.94,-94371.83999999985,-0.8999999999999999,0.0,1.0,0.5980712302011213,1.185,0.0,0.19822466,0.16930461,2.2336102,0.3594673991203308,0.3507913827896118,0.6
0.36929246576882035,-0.029186256300949443,0.44443322832110577,59.4,-78100.83310344815,-0.8999999999999999,0.0,1.0,0.5828119754631231,1.19,0.0,0.19822466,0.16930461,2.2336102,0.3594673991203308,0.3507913827896118,0.6
0.3702025087069417,-0.013848585546290428,0.4454842607310679,58.5,-20.323428448368656,-0.8999999999999999,0.0,1.0,0.15555284279917458,1.195,0.0,0.19822466,0.16930461,2.2336102,0.3594673991203308,0.3507913827896118,0.6
0.37124663294465726,-0.008023981858775541,0.4498588141169214,57.78,-60397.977599999904,-0.8999999999999999,0.0,1.0,0.8269600512710937,1.2,0.0,-0.7604006,2.0051734,1.2465471,0.07187982201576233,0.6,0.6
0.3714556245346906,-0.007120454853751741,0.45639150620512303,56.879999999999995,-125829.1200000008,-0.8999999999999999,0.0,1.0,0.567552720725125,1.205,0.0,-0.7604006,2.0051734,1.2465471,0.07187982201576233,0.6,0.6
0.37368185951859234,-0.0019494178407073073,0.4612516003110692,55.98,-125829.1199999998,-0.8999999999999999,0.0,1.0,0.8269600512710937,1.21,0.0,-0.7604006,2.0051734,1.2465471,0.07187982201576233,0.6,0.6
0.3747474094213533,-0.003222957423916021,0.46711959930245595,55.08,-134816.91428571407,-0.8999999999999999,0.0,1.0,0.44547868282113967,1.215,0.0,-0.7604006,2.0051734,1.2465471,0.07187982201576233,0.6,0.6
0.3762825555668571,0.013604894075042702,0.4737849602489937,54.18,-117964.79999999981,-0.8999999999999999,0.0,1.0,0.6743675038911121,1.22,0.0,-0.8017534,2.1853917,1.7474118,0.05947397947311401,0.6,0.6
0.37744632267882555,0.008660675167669347,0.4792535905282997,53.28,-114390.10909090891,-0.8999999999999999,0.0,1.0,0.41496017334514335,1.225,0.0,-0.8017534,2.1853917,1.7474118,0.05947397947311401,0.6,0.6
0.3782450446506891,-0.003300918627661907,0.484189141916333,52.379999999999995,-117964.80000000075,-0.8999999999999999,0.0,1.0,0.8117007965330956,1.23,0.0,-0.8017534,2.1853917,1.7474118,0.05947397947311401,0.6,0.6
0.3796198803276479,0.005191232798694948,0.4888071398914218,51.48,-139810.1333333331,-0.8999999999999999,0.0,1.0,0.6896267586291103,1.235,0.0,-0.8017534,2.1853917,1.7474118,0.05947397947311401,0.6,0.6
0.38055966429010346,0.020888595106938676,0.4926220368970608,50.58,-21.93915878670933,-0.8999999999999999,0.0,1.0,0.659108249153114,1.24,0.0,-1.3981948,2.9984126,3.6448603,0.0,0.6,0.6
0.38103508287157967,0.018063220093225533,0.4957572411313884,49.86,-67108.8639999999,-0.8999999999999999,0.0,1.0,0.384441663869147,1.245,0.0,-1.3981948,2.9984126,3.6448603,0.0,0.6,0.6
0.3821270947197461,0.04348546470045944,0.4987989505714492,49.14,-100663.29599999984,-0.8999999999999999,0.0,1.0,0.7506637775811029,1.25,0.0,-1.3981948,2.9984126,3.6448603,0.0,0.6,0.6
0.38274895543240284,0.06826937860085681,0.5008950251639032,48.42,-100663.29599999984,-0.8999999999999999,0.0,1.0,0.384441663869147,1.2550000000000001,0.0,-1.3981948,2.9984126,3.6448603,0.0,0.6,0.6
0.3822867671140687,0.08120796728169936,0.5021952190833398,47.699999999999996,-100663.29600000083,-0.8999999999999999,0.0,1.0,0.5980712302011213,1.26,0.0,-1.5423918,2.6801865,5.1041245,0.0,0.6,0.6
0.38134567347269444,0.1069808063762259,0.5028469048844769,47.16,-70778.87999999989,-0.8999999999999999,0.0,1.0,0.33866389965515253,1.2650000000000001,0.0,-1.5423918,2.6801865,5.1041245,0.0,0.6,0.6
0.37894666971604307,0.13091903200882044,0.5033584034549135,46.62,-78100.83310344815,-0.8999999999999999,0.0,1.0,0.659108249153114,1.27,0.0,-1.5423918,2.6801865,5.1041245,0.0,0.6,0.6
0.36935142892219375,0.1374674408735368,0.5038433974730419,46.08,-75497.47199999988,-0.8999999999999999,0.0,1.0,0.475997192297136,1.2750000000000001,0.0,-1.5423918,2.6801865,5.1041245,0.0,0.6,0.6
0.3546006731294965,0.14525265087045122,0.50377111280819,45.72,-8.133356172131267,-0.8999999999999999,0.0,1.0,0.5370342112491286,1.28,0.0,0.14023204,-0.0039276853,2.7509828,0.3420696124434471,0.2988216944038868,0.6
0.34124791381334385,0.1673706317301538,0.5036857294639082,45.18,-50331.64799999992,-0.8999999999999999,0.0,1.0,0.7201452681051066,1.285,0.0,0.14023204,-0.0039276853,2.7509828,0.3420696124434471,0.2988216944038868,0.6
0.32786583169731515,0.17760999148387713,0.5033202223388955,44.46,-91512.08727272713,-0.8999999999999999,0.0,1.0,0.8574785607470901,1.29,0.0,0.14023204,-0.0039276853,2.7509828,0.3420696124434471,0.2988216944038868,0.6
0.31064790163334566,0.18979423648766638,0.5031739052827177,43.92,-70778.87999999989,-0.8999999999999999,0.0,1.0,0.7201452681051066,1.295,0.0,0.14023204,-0.0039276853,2.7509828,0.3420696124434471,0.2988216944038868,0.6
0.2912475362456797,0.21045592844083771,0.5028589068660223,43.199999999999996,-100663.29600000083,-0.8999999999999999,0.0,1.0,0.6743675038911121,1.3,0.0,2.1860976,-1.4414722,0.31191117,0.6,0.0,0.39357334971427915
0.2692705972571663,0.23669078271950092,0.5027655805345992,42.48,-97416.09290322565,-0.8999999999999999,0.0,1.0,0.475997192297136,1.305,0.0,2.1860976,-1.4414722,0.31191117,0.6,0.0,0.39357334971427915
0.2469677921392146,0.2517352353623507,0.5022889353570198,41.58,-111025.69411764688,-0.8999999999999999,0.0,1.0,0.8574785607470901,1.31,0.0,2.1860976,-1.4414722,0.31191117,0.6,0.0,0.39357334971427915
0.22381388839232136,0.26173471985057206,0.5021669571433032,40.68,-117964.79999999981,-0.8999999999999999,0.0,1.0,0.475997192297136,1.315,0.0,2.1860976,-1.4414722,0.31191117,0.6,0.0,0.39357334971427915
0.20184520896038305,0.27251226002440865,0.5017386495186356,39.78,-125829.1199999998,-0.8999999999999999,0.0,1.0,0.7659230323191011,1.32,8.522881865501404,2.2515032,-1.5626848,1.1339326,0.6,0.0,0.6
0.1807063221364256,0.2910458803158528,0.5010621542081852,38.699999999999996,-26.39433359359536,-0.8999999999999999,0.0,1.0,0.5217749565111305,1.325,8.522881865501404,2.2515032,-1.5626848,1.1339326,0.6,0.0,0.6
0.16136819945006436,0.302465710265181,0.500742653564921,37.62,-96379.75148936154,-0.8999999999999999,0.0,1.0,0.7354045228431048,1.33,8.522881865501404,2.2515032,-1.5626848,1.1339326,0.6,0.0,0.6
0.14655008514029746,0.3037158067017965,0.5006995519499138,36.54,-156201.6662068963,-0.8999999999999999,0.0,1.0,0.41496017334514335,1.335,8.522881865501404,2.2515032,-1.5626848,1.1339326,0.6,0.0,0.6
0.1412474717926833,0.307230186968517,0.5003693224416469,35.28,-176160.76799999972,-0.8999999999999999,0.0,1.0,0.8269600512710937,1.34,20.0,0.998382,-1.1843152,3.5181408,0.5995145916938781,0.0,0.6
0.1394211962874611,0.3142176671537614,0.5001922197473417,34.019999999999996,-150994.9440000006,-0.8999999999999999,0.0,1.0,0.41496017334514335,1.345,20.0,0.998382,-1.1843152,3.5181408,0.5995145916938781,0.0,0.6
0.13815774683032378,0.31811256400423976,0.49989032724325266,32.58,-194832.1858064513,-0.8999999999999999,0.0,1.0,0.7201452681051066,1.35,20.0,0.998382,-1.1843152,3.5181408,0.5995145916938781,0.0,0.6
0.14203527802746457,0.31763006929952087,0.49923331582851216,31.14,-201326.59199999968,-0.8999999999999999,0.0,1.0,0.3539231543931507,1.355,20.0,0.998382,-1.1843152,3.5181408,0.5995145916938781,0.0,0.6
0.1551875896573477,0.32158778009981476,0.49789356877356683,29.52,-226492.41600000014,-0.8999999999999999,0.0,1.0,0.7659230323191011,1.36,8.522881865501404,0.6252397,-1.4540312,-1.033747,0.48757190108299253,0.0,0.0
0.1691675483180033,0.311028368408473,0.4979305416156609,28.08,-32.47657070343169,-0.8999999999999999,0.0,1.0,0.44547868282113967,1.365,8.522881865501404,0.6252397,-1.4540312,-1.033747,0.48757190108299253,0.0,0.0
0.18279816464069212,0.3068310354691062,0.4975435973488266,26.279999999999998,-157286.40000000005,-0.8999999999999999,0.0,1.0,0.6743675038911121,1.37,8.522881865501404,0.6252397,-1.4540312,-1.033747,0.48757190108299253,0.0,0.0
0.20225819759565727,0.2989970498544809,0.49712876155799224,24.66,-212336.63999999966,-0.8999999999999999,0.0,1.0,0.2318491164891654,1.375,8.522881865501404,0.6252397,-1.4540312,-1.033747,0.48757190108299253,0.0,0.0
0.22028969782099897,0.27897890986438223,0.4971646593849426,23.04,-212336.64000000013,-0.8999999999999999,0.0,1.0,0.6743675038911121,1.3800000000000001,0.0,0.2735537,-0.90243924,0.5967546,0.38206610977649685,0.029268229007720945,0.4790263831615448
0.23658371862710542,0.2656025601907661,0.4970206714454261,21.419999999999998,-242670.44571428586,-0.8999999999999999,0.0,1.0,0.44547868282113967,1.385,0.0,0.2735537,-0.90243924,0.5967546,0.38206610977649685,0.029268229007720945,0.4790263831615448
0.25515671844651994,0.25312121616317573,0.49690305957963965,19.98,-215707.0628571425,-0.8999999999999999,0.0,1.0,0.7048860133671084,1.3900000000000001,0.0,0.2735537,-0.90243924,0.5967546,0.38206610977649685,0.029268229007720945,0.4790263831615448
0.27361420940164294,0.2208824513634812,0.4969623425997578,18.54,-188743.68000000017,-0.8999999999999999,0.0,1.0,0.32340464491715437,1.395,0.0,0.2735537,-0.90243924,0.5967546,0.38206610977649685,0.029268229007720945,0.4790263831615448
0.28735430684576796,0.19345533314148738,0.4967747367036738,17.46,-150994.94399999976,-1.08,-25165.824000000022,1.0,0.6743675038911121,1.4000000000000001,0.0,0.64817363,-1.5196017,-3.1943746,0.4944520890712738,0.0,0.0
0.3039368130169225,0.1750783784008091,0.49496313100945105,16.56,-104857.60000000025,-1.08,0.0,1.0,0.44547868282113967,1.405,0.0,0.64817363,-1.5196017,-3.1943746,0.4944520890712738,0.0,0.0
0.3197580193809194,0.14662951411375083,0.4943091519065492,16.02,-13.154321092338856,-1.08,0.0,1.0,0.7811822870570992,1.41,0.0,0.64817363,-1.5196017,-3.1943746,0.4944520890712738,0.0,0.0
0.33137861157025433,0.12517944567830758,0.49430456662857064,15.66,-30815.294693877502,-1.08,0.0,1.0,0.46073793755913783,1.415,0.0,0.64817363,-1.5196017,-3.1943746,0.4944520890712738,0.0,0.0
0.3427604919795311,0.10975827833974901,0.49252644172716004,15.84,25165.82399999996,-1.08,0.0,1.0,0.4302194280831415,1.42,0.0,0.815675,-1.8504533,-1.5186695,0.5447025060653686,0.0,0.0
0.3536316448164002,0.09382504963865057,0.48920514889377886,16.2,48708.04645161283,-1.08,0.0,1.0,0.7201452681051066,1.425,0.0,0.815675,-1.8504533,-1.5186695,0.5447025060653686,0.0,0.0
0.3606782102247442,0.08312356436162727,0.479251395286392,17.099999999999998,125829.1199999998,-1.08,0.0,1.0,0.6743675038911121,1.43,0.0,0.815675,-1.8504533,-1.5186695,0.5447025060653686,0.0,0.0
0.36505245185840174,0.0790844524078028,0.4682789884135262,18.18,137268.13090909115,-0.8999999999999999,22878.021818181838,1.0,0.6133304849391195,1.435,0.0,0.815675,-1.8504533,-1.5186695,0.5447025060653686,0.0,0.0
0.36782050171618486,0.08224124569630792,0.45931108454251807,19.439999999999998,182235.27724137902,-0.8999999999999999,0.0,1.0,0.5522934659871268,1.44,0.0,0.8221617,-1.3966602,1.0776889,0.5466485023498535,0.0,0.6
0.368730779594997,0.06804913506336045,0.4533141224232093,21.06,234302.49931034498,-0.8999999999999999,0.0,1.0,0.3997009186071452,1.445,0.0,0.8221617,-1.3966602,1.0776889,0.5466485023498535,0.0,0.6
0.37179418987568624,0.06997910742303823,0.44754506250668635,22.86,243540.2322580646,-0.8999999999999999,0.0,1.0,0.5217749565111305,1.45,0.0,0.8221617,-1.3966602,1.0776889,0.5466485023498535,0.0,0.6
0.37767653054612976,0.06321996822356168,0.43457471960214056,25.02,49.799622037895155,-0.8999999999999999,0.0,1.0,0.32340464491715437,1.455,0.0,0.8221617,-1.3966602,1.0776889,0.5466485023498535,0.0,0.6
0.38167217245241897,0.054064754595887804,0.41834680224830467,27.36,127463.2644155844,-0.8999999999999999,0.0,1.0,0.659108249153114,1.46,0.0,0.5677996,-1.0452901,-0.7353898,0.47033988833427426,0.0,0.07938305139541625
0.3855011168284613,0.03671206632210522,0.40449972128993683,29.7,265261.3881081081,-0.8999999999999999,0.0,1.0,0.4302194280831415,1.465,0.0,0.5677996,-1.0452901,-0.7353898,0.47033988833427426,0.0,0.07938305139541625
0.3920050127877541,0.035619123622239,0.38874872152133,32.22,352321.53599999996,-0.72,25165.82399999999,1.0,0.4302194280831415,1.47,0.0,0.5677996,-1.0452901,-0.7353898,0.47033988833427426,0.0,0.07938305139541625
0.3979344445086248,0.034111568898412166,0.36917816971825995,34.92,377487.3600000004,-0.72,0.0,1.0,0.49125644703513416,1.475,0.0,0.5677996,-1.0452901,-0.7353898,0.47033988833427426,0.0,0.07938305139541625
0.4025401543256478,0.008566229014767475,0.350306608351575,37.62,353894.39999999944,-0.72,0.0,1.0,0.46073793755913783,1.48,0.0,0.21549626,-1.5929197,-0.17559448,0.3646488770842552,0.0,0.24732165634632108
0.4087023433177051,-0.002639752652618099,0.3316964899443539,40.5,389664.37161290355,-0.72,0.0,1.0,0.32340464491715437,1.485,0.0,0.21549626,-1.5929197,-0.17559448,0.3646488770842552,0.0,0.24732165634632108
0.415164978518166,0.003425182400917067,0.31537231552165484,43.379999999999995,402653.18399999937,-0.72,0.0,1.0,0.5217749565111305,1.49,0.0,0.21549626,-1.5929197,-0.17559448,0.3646488770842552,0.0,0.24732165634632108
0.42016297350898285,0.0028773680278191076,0.30354874104362867,46.26,64.87674359401272,-0.72,0.0,1.0,0.5980712302011213,1.495,0.0,0.21549626,-1.5929197,-0.17559448,0.3646488770842552,0.0,0.24732165634632108
0.4261358749054405,0.0035457704321651554,0.297789420061986,49.32,183351.00342857157,-0.72,0.0,1.0,0.7964415417950974,1.5,0.0,0.48484486,-1.4301465,3.83038,0.4454534590244293,0.0,0.6
0.43102507578814225,-0.007506144870136885,0.2978162697480776,52.199999999999996,355282.22117647005,-0.72,0.0,1.0,0.4302194280831415,1.5050000000000001,0.0,0.48484486,-1.4301465,3.83038,0.4454534590244293,0.0,0.6
0.43568416108490626,0.002393002692579223,0.29654994550282643,55.08,402653.18400000036,-0.72,0.0,1.0,0.7506637775811029,1.51,0.0,0.48484486,-1.4301465,3.83038,0.4454534590244293,0.0,0.6
0.4395969273361265,-0.011346826823060053,0.29555281169906494,57.96,389664.37161290355,-0.72,0.0,1.0,0.659108249153114,1.5150000000000001,0.0,0.48484486,-1.4301465,3.83038,0.4454534590244293,0.0,0.6
0.4429778759626246,-0.0062039565777802464,0.29596567055138356,60.839999999999996,366048.34909090854,-0.72,0.0,1.0,0.6438489944151158,1.52,0.0,0.73582923,-1.5423406,3.2007792,0.520748770236969,0.0,0.6
0.44506165841712514,-0.0020750123243132917,0.2962267399181172,63.54,390504.1655172418,-0.54,26033.61103448275,1.0,0.5065157017731323,1.5250000000000001,0.0,0.73582923,-1.5423406,3.2007792,0.520748770236969,0.0,0.6
0.4448153166303259,-0.014374095784029154,0.29598104144251164,66.24,353894.39999999944,-0.54,0.0,1.0,0.5217749565111305,1.53,0.0,0.73582923,-1.5423406,3.2007792,0.520748770236969,0.0,0.6
0.4443022557701495,-0.013184730628557045,0.29617358521998427,68.75999999999999,364470.55448275805,-0.54,0.0,1.0,0.36918240913114886,1.5350000000000001,0.0,0.73582923,-1.5423406,3.2007792,0.520748770236969,0.0,0.6
0.44361345828825793,-0.005237638774134535,0.29684865540658845,71.28,61.743275365536185,-0.54,0.0,1.0,0.5217749565111305,1.54,0.0,0.94304264,-1.5022414,3.8221412,0.582912790775299,0.0,0.6
0.4427718819401679,0.004530076117194749,0.29701124592286354,73.61999999999999,153354.2399999993,-0.54,0.0,1.0,0.41496017334514335,1.545,0.0,0.94304264,-1.5022414,3.8221412,0.582912790775299,0.0,0.6
0.44233112867610597,0.007827882444837054,0.298640613779527,75.96,280419.1817142861,-0.54,0.0,1.0,0.8422193060090919,1.55,0.0,0.94304264,-1.5022414,3.8221412,0.582912790775299,0.0,0.6
0.4413703387850706,-0.0002878044114175828,0.3003634214464875,78.11999999999999,301989.8879999995,-0.54,0.0,1.0,0.41496017334514335,1.555,0.0,0.94304264,-1.5022414,3.8221412,0.582912790775299,0.0,0.6
0.44075364971767667,0.0009333544158279211,0.3006422657719603,79.92,260336.11034482924,-0.54,0.0,1.0,0.5370342112491286,1.56,0.0,0.6510682,-0.60053635,2.7843475,0.49532046318054196,0.11983909606933593,0.6
0.4407746712835542,0.0008292640621496131,0.3040428545766913,81.72,228780.21818181782,-0.36,22878.021818181824,1.0,0.49125644703513416,1.565,0.0,0.6510682,-0.60053635,2.7843475,0.49532046318054196,0.11983909606933593,0.6
0.44000403657704035,-0.0011623403307523868,0.31489102832957916,82.98,182235.27724138004,0.0,52067.222068965515,1.0,0.5980712302011213,1.57,0.0,0.6510682,-0.60053635,2.7843475,0.49532046318054196,0.11983909606933593,0.6
0.43958899196622586,-0.013744702266097994,0.32657371581871464,84.24,188743.67999999863,0.54,80890.14857142858,1.0,0.567552720725125,1.575,0.0,0.6510682,-0.60053635,2.7843475,0.49532046318054196,0.11983909606933593,0.6
0.43962407524282665,-0.010752844142075686,0.3387899442378133,84.96,16.292865320392096,0.8999999999999999,8.146432660196057,1.0,0.7506637775811029,1.58,0.0,-0.010550924,1.4790703,4.1249504,0.2968347229063511,0.6,0.6
0.4388290409640861,-0.009173734101369168,0.3533891376057083,85.5,41943.04000000049,1.44,41943.04,1.0,0.46073793755913783,1.585,0.0,-0.010550924,1.4790703,4.1249504,0.2968347229063511,0.6,0.6
0.4385965703692803,-0.014290410295173141,0.3677551131581692,85.67999999999999,22205.1388235285,1.7999999999999998,44410.27764705881,1.0,0.6896267586291103,1.59,0.0,-0.010550924,1.4790703,4.1249504,0.2968347229063511,0.6,0.6
0.4410650851171501,-0.014441856826748683,0.3793388417878414,85.67999999999999,0.0,1.7999999999999998,0.0,1.0,0.24710837122716356,1.595,0.0,-0.010550924,1.4790703,4.1249504,0.2968347229063511,0.6,0.6
0.4447592108983256,-0.006548300847099701,0.3925542793507138,85.5,-26033.61103448169,1.6199999999999999,-26033.61103448275,1.0,0.5065157017731323,1.6,0.0,-0.5414921,2.316066,2.3394802,0.13755236864089965,0.6,0.6
0.447281420278003,-0.010856872111599178,0.4043836893658584,85.32,-22205.138823530255,0.8999999999999999,-88820.55529411764,1.0,0.567552720725125,1.605,0.0,-0.5414921,2.316066,2.3394802,0.13755236864089965,0.6,0.6
0.4498262782040847,-0.01115228780164829,0.41370043655041266,85.14,-24354.023225805453,-0.54,-194832.1858064516,1.0,0.8269600512710937,1.61,0.0,-0.5414921,2.316066,2.3394802,0.13755236864089965,0.6,0.6
0.45256243430650317,-0.01276287240916332,0.42209530127885153,84.06,-146124.13935483847,-0.72,-24354.023225806442,1.0,0.2623676259651617,1.615,0.0,-0.5414921,2.316066,2.3394802,0.13755236864089965,0.6,0.6
0.45478931199417433,-0.012391772202094756,0.43052256989451476,83.16,-130168.05517241462,-0.54,26033.61103448275,1.0,0.567552720725125,1.62,0.0,-0.8320379,2.3486454,2.3937232,0.05038862228393554,0.6,0.6
0.4556464345282123,-0.0008439683382073118,0.4368242043170321,82.08,-26.32836770278749,-0.8999999999999999,-8.77612256759584,1.0,0.5522934659871268,1.625,0.0,-0.8320379,2.3486454,2.3937232,0.05038862228393554,0.6,0.6
0.4563192138158083,0.022148465336173366,0.4430862588076282,80.64,-75497.47199999988,-0.72,9437.183999999997,1.0,0.5065157017731323,1.6300000000000001,0.0,-0.8320379,2.3486454,2.3937232,0.05038862228393554,0.6,0.6
0.45654766478143516,0.045506764887225874,0.4490249982034665,79.38,-128898.12292682979,-0.72,0.0,1.0,0.5980712302011213,1.635,0.0,-0.8320379,2.3486454,2.3937232,0.05038862228393554,0.6,0.6
0.45523487075440733,0.04610274372893827,0.4536866481537938,77.94,-167772.15999999974,-0.8999999999999999,-20971.519999999993,1.0,0.44547868282113967,1.6400000000000001,0.0,-1.6390924,2.74388,4.455284,0.0,0.6,0.6
0.4545541582110235,0.052754772378852385,0.4579024471031431,76.32,-219186.2090322587,-0.72,24354.023225806442,1.0,0.46073793755913783,1.645,0.0,-1.6390924,2.74388,4.455284,0.0,0.6,0.6
0.454875431898843,0.0679254234081344,0.4615579640199653,74.7,-199846.2494117635,-0.72,0.0,1.0,0.6133304849391195,1.6500000000000001,0.0,-1.6390924,2.74388,4.455284,0.0,0.6,0.6
0.45380586240892007,0.08204775207835266,0.46428393551012764,73.08,-212336.6400000006,-0.8999999999999999,-23592.959999999992,1.0,0.6438489944151158,1.655,0.0,-1.6390924,2.74388,4.455284,0.0,0.6,0.6
0.45269353347807734,0.09896830288847211,0.4668760279612992,71.28,-279620.2666666662,-0.8999999999999999,0.0,1.0,0.567552720725125,1.6600000000000001,0.0,-1.7919389,1.7757593,4.2852087,0.0,0.6,0.6
0.4529546035549961,0.12614525087395975,0.4688474732651351,69.48,-40.848968461376074,-0.8999999999999999,0.0,1.0,0.46073793755913783,1.665,0.0,-1.7919389,1.7757593,4.2852087,0.0,0.6,0.6
0.45195581855151423,0.1407760169097474,0.47053486541792333,67.67999999999999,-130168.05517241462,-0.8999999999999999,0.0,1.0,0.5828119754631231,1.67,0.0,-1.7919389,1.7757593,4.2852087,0.0,0.6,0.6
0.44522519620691187,0.16324318227130288,0.4719697389765981,65.88,-222051.38823529377,-0.8999999999999999,0.0,1.0,0.5370342112491286,1.675,0.0,-1.7919389,1.7757593,4.2852087,0.0,0.6,0.6
0.4332781565290696,0.17343309826467598,0.4729256229209693,64.08,-235929.59999999963,-0.8999999999999999,0.0,1.0,0.6133304849391195,1.68,0.0,-0.48102713,-1.0919198,2.0992587,0.15569186210632324,0.0,0.6
0.42124048302764605,0.19653824640757186,0.47342190279221746,62.099999999999994,-276824.06400000054,-0.8999999999999999,0.0,1.0,0.7354045228431048,1.685,0.0,-0.48102713,-1.0919198,2.0992587,0.15569186210632324,0.0,0.6
0.4051274658476842,0.20130025061783482,0.47388479346528933,60.12,-259522.5599999996,-0.8999999999999999,0.0,1.0,0.8422193060090919,1.69,0.0,-0.48102713,-1.0919198,2.0992587,0.15569186210632324,0.0,0.6
0.383133318660369,0.21993806372813157,0.47370529976485404,58.14,-259522.5599999996,-0.8999999999999999,0.0,1.0,0.5065157017731323,1.695,0.0,-0.48102713,-1.0919198,2.0992587,0.15569186210632324,0.0,0.6
0.3581204011027219,0.23675229990013621,0.47349066692483777,55.98,-301989.8880000005,-0.8999999999999999,0.0,1.0,0.475997192297136,1.7,0.0,2.0540369,-2.5049908,-5.1615334,0.6,0.0,0.0
0.33068558612964394,0.2456553949878746,0.47336244823142687,53.82,-323560.5942857138,-0.8999999999999999,0.0,1.0,0.5065157017731323,1.705,0.0,2.0540369,-2.5049908,-5.1615334,0.6,0.0,0.0
0.3032222221586741,0.26748771407286115,0.4730531118443768,51.48,-56.98948060318556,-0.8999999999999999,0.0,1.0,0.7659230323191011,1.71,0.0,2.0540369,-2.5049908,-5.1615334,0.6,0.0,0.0
0.2757596903439568,0.28263115639848796,0.4726367631815398,49.14,-169218.47172413766,-0.8999999999999999,0.0,1.0,0.7048860133671084,1.715,0.0,2.0540369,-2.5049908,-5.1615334,0.6,0.0,0.0
0.24937551712315045,0.28717992325535746,0.47242064382858995,46.8,-280419.1817142861,-0.8999999999999999,0.0,1.0,0.6285897396771176,1.72,8.522881865501404,1.9665205,-0.2729273,2.6563323,0.6,0.21812180578708648,0.6
0.22410898936301493,0.31285283139314235,0.47203878467608673,44.28,-340956.3251612898,-0.8999999999999999,0.0,1.0,0.32340464491715437,1.725,8.522881865501404,1.9665205,-0.2729273,2.6563323,0.6,0.21812180578708648,0.6
0.2011770164636632,0.3232725682201219,0.47167143537382594,41.76,-340956.32516129076,-0.8999999999999999,0.0,1.0,0.8879970702230864,1.73,8.522881865501404,1.9665205,-0.2729273,2.6563323,0.6,0.21812180578708648,0.6
0.1789277444554128,0.3238711558943925,0.47144670196813165,39.059999999999995,-377487.3600000004,-0.8999999999999999,0.0,1.0,0.4302194280831415,1.735,8.522881865501404,1.9665205,-0.2729273,2.6563323,0.6,0.21812180578708648,0.6
0.15985787693300763,0.31401122669710274,0.470905407416023,36.36,-377487.3599999994,-0.8999999999999999,0.0,1.0,0.7811822870570992,1.74,20.0,1.5335605,-1.577169,-2.8322854,0.6,0.0,0.0
0.14223997268409916,0.30531766117839526,0.47068223443403545,33.66,-377487.3600000004,-0.8999999999999999,0.0,1.0,0.384441663869147,1.745,20.0,1.5335605,-1.577169,-2.8322854,0.6,0.0,0.0
0.13143011726539353,0.2984595074381249,0.47030137773073877,30.779999999999998,-64.94091963292097,-0.8999999999999999,0.0,1.0,0.8117007965330956,1.75,20.0,1.5335605,-1.577169,-2.8322854,0.6,0.0,0.0
0.12808964925249278,0.30419794851362897,0.4687489617752755,27.9,-232299.91384615377,-0.8999999999999999,0.0,1.0,0.41496017334514335,1.7550000000000001,20.0,1.5335605,-1.577169,-2.8322854,0.6,0.0,0.0
0.12619915326384626,0.2969283440237394,0.46686791900791375,25.02,-355282.22117647046,-0.8999999999999999,0.0,1.0,0.5065157017731323,1.76,8.522881865501404,0.4858402,-1.6199764,-0.4685241,0.4457520604133606,0.0,0.1594427704811096
0.12616505572981515,0.2777979409834007,0.46680445828724365,21.96,-320864.2559999999,-0.8999999999999999,0.0,1.0,0.41496017334514335,1.7650000000000001,8.522881865501404,0.4858402,-1.6199764,-0.4685241,0.4457520604133606,0.0,0.1594427704811096
0.13514622538026252,0.2498866927706108,0.4667011584672808,18.9,-442571.38758620725,-0.8999999999999999,0.0,1.0,0.7659230323191011,1.77,8.522881865501404,0.4858402,-1.6199764,-0.4685241,0.4457520604133606,0.0,0.1594427704811096
0.15577024823360497,0.23467539232602933,0.46626900399989674,15.84,-442571.3875862067,-0.8999999999999999,0.0,1.0,0.36918240913114886,1.7750000000000001,8.522881865501404,0.4858402,-1.6199764,-0.4685241,0.4457520604133606,0.0,0.1594427704811096
0.173612047187973,0.204921282940431,0.46622592169745836,12.78,-401080.32000000007,-0.8999999999999999,0.0,1.0,0.5828119754631231,1.78,0.0,0.44799066,-1.6686507,0.24691206,0.43439719676971433,0.0,0.37407361865043637
0.19269628143066217,0.1902971118462674,0.46501288475094255,9.9,-402653.18399999983,-0.8999999999999999,0.0,1.0,0.3997009186071452,1.7850000000000001,0.0,0.44799066,-1.6686507,0.24691206,0.43439719676971433,0.0,0.37407361865043637
0.21472566829074993,0.1792868452790495,0.4628631624854124,7.38,-364470.5544827587,-0.8999999999999999,0.0,1.0,0.8574785607470901,1.79,0.0,0.44799066,-1.6686507,0.24691206,0.43439719676971433,0.0,0.37407361865043637
0.233229599301971,0.15654623620018984,0.4619692490735874,5.04,-57.20738947208897,-1.08,-4.4005684209299245,1.0,28.034211249122592,1.795,0.0,0.44799066,-1.6686507,0.24691206,0.43439719676971433,0.0,0.37407361865043637
0.24767309496416196,0.14814342539697947,0.45968012250193646,3.78,-103623.98117647061,2.34,281265.0917647059,1.0,0.24710837122716356,1.8,0.0,0.7502383,-1.7346389,-4.069633,0.5250714898109435,0.0,0.0
0.2666866166629788,0.14459250431664963,0.4499251171017679,3.96,22205.138823529433,2.34,0.0,1.0,-0.30222479934082536,1.805,0.0,0.7502383,-1.7346389,-4.069633,0.5250714898109435,0.0,0.0
0.2819511154428526,0.13610927038317033,0.42834772111625596,5.22,182235.27724137928,0.36,-286369.72137931036,1.0,-2.0265205847346177,1.81,0.0,0.7502383,-1.7346389,-4.069633,0.5250714898109435,0.0,0.0
0.2928276418198271,0.14072593791825463,0.40482230077830694,6.66,201326.59200000006,-1.26,-226492.41600000003,1.0,-0.42429883724481066,1.815,0.0,0.7502383,-1.7346389,-4.069633,0.5250714898109435,0.0,0.0
0.3062780188496787,0.11510381239718628,0.3811280751978255,7.92,176160.76799999998,-0.18,150994.94400000002,1.0,-0.07333597827079785,1.82,0.0,0.35847846,-1.5340298,-0.775531,0.4075435370206833,0.0,0.06734070181846619
0.3170009748544379,0.10866635871538977,0.3603180679551934,9.719999999999999,251658.23999999985,0.0,25165.824,1.0,1.3762932218390276,1.825,0.0,0.35847846,-1.5340298,-0.775531,0.4075435370206833,0.0,0.06734070181846619
0.32384562067521483,0.09544090246096038,0.34402563620199683,11.879999999999999,292248.27870967746,-0.72,-97416.0929032258,1.0,0.2776268807031599,1.83,0.0,0.35847846,-1.5340298,-0.775531,0.4075435370206833,0.0,0.06734070181846619
0.3327773741814636,0.08213739968439442,0.33492164547485853,14.04,48.75260528439972,-1.08,-8.125434214066622,1.0,0.475997192297136,1.835,0.0,0.35847846,-1.5340298,-0.775531,0.4075435370206833,0.0,0.06734070181846619
0.3396589623441901,0.06999417737804865,0.33091368637028495,16.74,213672.0905660377,-0.72,28489.612075471705,1.0,0.659108249153114,1.84,0.0,0.8261393,-1.5971836,1.9019432,0.5478417813777924,0.0,0.6
0.34387207307184975,0.06913463945736316,0.3280385828900161,19.62,366048.3490909094,-0.8999999999999999,-22878.02181818181,1.0,0.5370342112491286,1.845,0.0,0.8261393,-1.5971836,1.9019432,0.5478417813777924,0.0,0.6
0.3510774690350266,0.05787692992544007,0.3242077550309471,22.5,389664.3716129031,-0.8999999999999999,0.0,1.0,0.5217749565111305,1.85,0.0,0.8261393,-1.5971836,1.9019432,0.5478417813777924,0.0,0.6
0.35887236167801084,0.0464187232196806,0.3165232927173038,25.74,468604.99862068944,-0.8999999999999999,0.0,1.0,0.04873805963318745,1.855,0.0,0.8261393,-1.5971836,1.9019432,0.5478417813777924,0.0,0.6
0.36504557327316495,0.04110985771767335,0.3079589725588234,28.98,452984.8320000003,-0.72,25165.82399999999,1.0,0.8422193060090919,1.86,0.0,1.3879724,-1.3009499,2.0449893,0.6,0.0,0.6
0.37177558714064113,0.04117141080994569,0.298865135507462,32.4,398458.8799999998,-0.72,0.0,1.0,0.475997192297136,1.865,0.0,1.3879724,-1.3009499,2.0449893,0.6,0.0,0.6
0.3785056608718937,0.02181728669998549,0.2879348905441667,35.82,434682.4145454548,-0.72,0.0,1.0,0.7964415417950974,1.87,0.0,1.3879724,-1.3009499,2.0449893,0.6,0.0,0.6
0.38385621201271736,0.024436353703188782,0.27646971879163373,39.24,494638.6096551727,-0.72,0.0,1.0,0.49125644703513416,1.875,0.0,1.3879724,-1.3009499,2.0449893,0.6,0.0,0.6
0.3887623187050001,0.014352518372093446,0.2660511075452709,42.839999999999996,83.60137088692385,-0.72,0.0,1.0,0.6743675038911121,1.8800000000000001,0.0,0.7076429,-0.7650447,4.730499,0.5122928738594055,0.07048659324645996,0.6
0.39213902778507365,0.006637532917236935,0.2547237425460443,46.26,298844.16000000015,-0.72,0.0,1.0,0.6896267586291103,1.885,0.0,0.7076429,-0.7650447,4.730499,0.5122928738594055,0.07048659324645996,0.6
0.3945266386575595,0.00816206725817463,0.24489646910278517,49.5,411804.392727273,-0.72,0.0,1.0,0.475997192297136,1.8900000000000001,0.0,0.7076429,-0.7650447,4.730499,0.5122928738594055,0.07048659324645996,0.6
0.39749051752638886,-0.0012615324443792698,0.23797466763509573,52.919999999999995,478150.65599999926,-0.72,0.0,1.0,0.41496017334514335,1.895,0.0,0.7076429,-0.7650447,4.730499,0.5122928738594055,0.07048659324645996,0.6
0.4031055544441191,-0.009442450827887855,0.23621152804966508,56.339999999999996,494638.6096551727,-0.54,26033.61103448275,1.0,0.5980712302011213,1.9000000000000001,0.0,0.77444583,-0.85165155,3.0661745,0.5323337495326995,0.04450453519821167,0.6
0.40880744350144277,-0.010815622815300215,0.2364813320415173,59.4,414018.39483870997,-0.54,0.0,1.0,0.49125644703513416,1.905,0.0,0.77444583,-0.85165155,3.0661745,0.5323337495326995,0.04450453519821167,0.6
0.41368670662650037,-0.012379593000480424,0.23610482521128048,62.64,452984.8320000003,-0.36,25165.824000000008,1.0,0.6438489944151158,1.9100000000000001,0.0,0.77444583,-0.85165155,3.0661745,0.5323337495326995,0.04450453519821167,0.6
0.41977331178908267,-0.008351340837130718,0.23938757997307067,65.52,389664.3716129026,-0.18,24354.02322580645,1.0,0.8117007965330956,1.915,0.0,0.77444583,-0.85165155,3.0661745,0.5323337495326995,0.04450453519821167,0.6
0.4269678566788053,-0.008965117419440557,0.2494283782538819,68.58,401080.3200000003,0.18,47185.92,1.0,0.6438489944151158,1.92,0.0,0.72368765,-0.14639491,5.152195,0.517106294631958,0.25608152747154234,0.6
0.43222896371657465,-0.020188117202248442,0.2620697299900186,71.28,64.12982009071919,0.36,4.275321339381275,1.0,0.44547868282113967,1.925,0.0,0.72368765,-0.14639491,5.152195,0.517106294631958,0.25608152747154234,0.6
0.438252872865447,-0.0220208513423201,0.2745263793345989,73.98,240949.37872340452,0.54,16063.291914893622,1.0,0.5522934659871268,1.93,0.0,0.72368765,-0.14639491,5.152195,0.517106294631958,0.25608152747154234,0.6
0.4439791431434425,-0.005391071802317948,0.28932420486021376,76.67999999999999,343170.3272727258,0.54,0.0,1.0,0.3997009186071452,1.935,0.0,0.72368765,-0.14639491,5.152195,0.517106294631958,0.25608152747154234,0.6
0.44781441741205347,-0.0013927170013379253,0.3037355614775337,79.2,330301.44000000134,0.36,-23592.960000000006,1.0,0.8422193060090919,1.94,0.0,1.2470102,-0.27207372,2.385085,0.6,0.21837788522243498,0.6
0.45041661881492234,-0.004187823021249654,0.3167666390994386,81.53999999999999,327155.7119999985,0.36,0.0,1.0,0.5065157017731323,1.945,0.0,1.2470102,-0.27207372,2.385085,0.6,0.21837788522243498,0.6
0.4531864075410906,-0.011134479679784514,0.3306174104189007,83.7,283115.5200000014,0.18,-23592.96,1.0,0.7201452681051066,1.95,0.0,1.2470102,-0.27207372,2.385085,0.6,0.21837788522243498,0.6
0.45434599553813754,-0.0015902952133762913,0.344115221865976,85.32,226492.41599999866,0.18,0.0,1.0,0.5828119754631231,1.955,0.0,1.2470102,-0.27207372,2.385085,0.6,0.21837788522243498,0.6
0.4555885295781258,0.003370093968594949,0.3554442499521876,86.75999999999999,194832.1858064513,0.36,24354.02322580645,1.0,0.6285897396771176,1.96,0.0,0.95552135,-0.6448777,3.650494,0.5866564035415649,0.10653669834136963,0.6
0.45642482528781575,0.0013009784205611286,0.36667651174901195,87.66,20.812191114688794,0.8999999999999999,12.487314668813195,1.0,0.5980712302011213,1.965,0.0,0.95552135,-0.6448777,3.650494,0.5866564035415649,0.10653669834136963,0.6
0.45736081238819715,0.004786787015387583,0.3780044409595252,88.02,15728.639999999976,1.44,23592.960000000003,1.0,0.7201452681051066,1.97,0.0,0.95552135,-0.6448777,3.650494,0.5866564035415649,0.10653669834136963,0.6
0.45840519703578464,0.017780059722194774,0.38662298967029446,88.02,0.0,2.16,75497.47200000002,1.0,0.3997009186071452,1.975,0.0,0.95552135,-0.6448777,3.650494,0.5866564035415649,0.10653669834136963,0.6
0.45892602335474525,0.04576980556954904,0.3956470765400219,87.66,-43141.412571428504,2.52,43141.412571428555,1.0,0.6896267586291103,1.98,0.0,1.3756351,-1.6965941,0.5895451,0.6,0.0,0.47686352133750914
0.459498808557386,0.06409847389095226,0.4039293947057464,87.11999999999999,-68634.06545454625,2.34,-22878.021818181838,1.0,0.49125644703513416,1.985,0.0,1.3756351,-1.6965941,0.5895451,0.6,0.0,0.47686352133750914
0.45964729357754197,0.07733368651848214,0.41059740654390325,86.22,-107853.53142857041,1.7999999999999998,-64712.118857142865,1.0,0.8269600512710937,1.99,0.0,1.3756351,-1.6965941,0.5895451,0.6,0.0,0.47686352133750914
0.45946403985144435,0.08281056485650708,0.4161259123383318,85.32,-107853.53142857211,0.8999999999999999,-107853.53142857141,1.0,0.5217749565111305,1.995,0.0,1.3756351,-1.6965941,0.5895451,0.6,0.0,0.47686352133750914
0.45953918632661545,0.096216470206516,0.4207980441744826,84.24,-141557.75999999978,-0.18,-141557.75999999998,1.0,0.5370342112491286,2.0,0.0,1.2970073,-1.4729074,-1.4427749,0.6,0.0,0.0
0.4594736853049983,0.11039042297282065,0.42412919194024806,82.61999999999999,-154426.6472727277,-1.08,-85792.58181818183,1.0,0.4302194280831415,2.005,0.0,1.2970073,-1.4729074,-1.4427749,0.6,0.0,0.0
0.4594771384090752,0.11455333052154987,0.428008209654971,80.64,-48.233911346528885,-0.54,13.154703094507946,1.0,0.7354045228431048,2.0100000000000002,0.0,1.2970073,-1.4729074,-1.4427749,0.6,0.0,0.0
0.4597116216599255,0.12399522630111288,0.4317973323146409,78.66,-103809.02400000021,-0.8999999999999999,-18874.367999999995,1.0,0.41496017334514335,2.015,0.0,1.2970073,-1.4729074,-1.4427749,0.6,0.0,0.0
0.45996775494355757,0.12106991137721963,0.43504609143207673,76.5,-232299.91384615347,-0.72,19358.32615384615,1.0,0.6133304849391195,2.02,0.0,0.46261632,-0.84222233,-0.20324,0.4387848973274231,0.04733330011367798,0.23902799785137174
0.46044790240357153,0.11676870568598371,0.4381987463783552,74.16,-297414.2836363641,-0.8999999999999999,-22878.02181818181,1.0,0.7354045228431048,2.025,0.0,0.46261632,-0.84222233,-0.20324,0.4387848973274231,0.04733330011367798,0.23902799785137174
0.4613203876582832,0.11893877549739877,0.4414687463728755,71.82,-327155.71200000047,-0.8999999999999999,0.0,1.0,0.46073793755913783,2.0300000000000002,0.0,0.46261632,-0.84222233,-0.20324,0.4387848973274231,0.04733330011367798,0.23902799785137174
0.4620245063092491,0.1281935030282455,0.44413277880056407,69.48,-306708.4799999986,-0.8999999999999999,0.0,1.0,0.6743675038911121,2.035,0.0,0.46261632,-0.84222233,-0.20324,0.4387848973274231,0.04733330011367798,0.23902799785137174
0.46318442482948946,0.1261670805594156,0.4460437840827393,67.14,-316602.30193548434,-0.8999999999999999,0.0,1.0,0.6438489944151158,2.04,0.0,-0.17861366,-1.4827622,-2.0587492,0.24641590118408202,0.0,0.0
0.46423810408131855,0.12244242514189202,0.4483214185846392,64.8,-350523.9771428577,-0.8999999999999999,0.0,1.0,0.5370342112491286,2.045,0.0,-0.17861366,-1.4827622,-2.0587492,0.24641590118408202,0.0,0.0
0.4656810177884416,0.11932555023625137,0.4499849529835582,62.64,-48.23118010636761,-0.8999999999999999,0.0,1.0,0.5980712302011213,2.05,0.0,-0.17861366,-1.4827622,-2.0587492,0.24641590118408202,0.0,0.0
0.46783321099220004,0.11484338764482817,0.4501714939576675,60.48,-111848.10666666686,-0.8999999999999999,0.0,1.0,0.29288613544115805,2.055,0.0,-0.17861366,-1.4827622,-2.0587492,0.24641590118408202,0.0,0.0
0.47051482877611867,0.11277411192217532,0.4483362703805432,58.32,-301989.8879999995,-0.8999999999999999,0.0,1.0,0.33866389965515253,2.06,0.0,-0.23401195,-1.796777,2.0827942,0.22979641556739805,0.0,0.6
0.4731676788037502,0.11223160165496496,0.4461551420838045,56.519999999999996,-314572.80000000075,-0.8999999999999999,0.0,1.0,0.49125644703513416,2.065,0.0,-0.23401195,-1.796777,2.0827942,0.22979641556739805,0.0,0.6
0.475250882070871,0.10645251045135223,0.4451926600727666,54.72,-377487.3599999994,-0.8999999999999999,0.0,1.0,0.9185155796990827,2.07,0.0,-0.23401195,-1.796777,2.0827942,0.22979641556739805,0.0,0.6
0.47734157811308486,0.09139394414462608,0.4407819193641145,53.1,-339738.6239999995,-0.8999999999999999,0.0,1.0,0.5828119754631231,2.075,0.0,-0.23401195,-1.796777,2.0827942,0.22979641556739805,0.0,0.6
0.4793456359095637,0.0906107609828341,0.4331088948218851,51.839999999999996,-240219.22909091006,-0.8999999999999999,0.0,1.0,0.5980712302011213,2.08,0.0,-0.079519354,-1.5851592,3.0002816,0.2761441938579082,0.0,0.6
0.4806933709565149,0.09398663269441754,0.4247877165348579,50.76,-226492.41599999965,-0.8999999999999999,0.0,1.0,0.4302194280831415,2.085,0.0,-0.079519354,-1.5851592,3.0002816,0.2761441938579082,0.0,0.6
0.4811046557012897,0.0673293980852877,0.4126065454696618,50.04,-150994.94399999976,-0.8999999999999999,0.0,1.0,0.5828119754631231,2.09,0.0,-0.079519354,-1.5851592,3.0002816,0.2761441938579082,0.0,0.6
0.48211829604629675,0.04663353969650643,0.39569641076508527,49.5,-13.04965464790678,-0.8999999999999999,0.0,1.0,0.5065157017731323,2.095,0.0,-0.079519354,-1.5851592,3.0002816,0.2761441938579082,0.0,0.6
0.4818020932268782,0.04735207382044632,0.3809901447740467,49.14,-14949.994455445521,-0.8999999999999999,0.0,1.0,0.6285897396771176,2.1,0.0,-0.27223057,-1.2869128,0.9885107,0.21833083033561707,0.0,0.5965532183647155
0.4808590178037022,0.04435251082013612,0.3670868739599221,49.14,0.0,-0.8999999999999999,0.0,1.0,0.44547868282113967,2.105,0.0,-0.27223057,-1.2869128,0.9885107,0.21833083033561707,0.0,0.5965532183647155
0.4805481531908453,0.030900261539945986,0.3555735960075669,49.32,22205.138823529378,-0.8999999999999999,0.0,1.0,0.5217749565111305,2.11,0.0,-0.27223057,-1.2869128,0.9885107,0.21833083033561707,0.0,0.5965532183647155
0.47890548783718556,0.010797722405929532,0.3474780739382352,49.5,25165.82399999996,-0.8999999999999999,0.0,1.0,0.4302194280831415,2.115,0.0,-0.27223057,-1.2869128,0.9885107,0.21833083033561707,0.0,0.5965532183647155
0.4698965435766413,0.025467629512608492,0.3433232152817478,50.04,64712.118857142756,-0.8999999999999999,0.0,1.0,0.5370342112491286,2.12,0.0,-0.3882302,-0.27920914,2.3029325,0.18353093862533568,0.2162372589111328,0.6
0.4517321111823779,0.011849736717165035,0.34282073674155283,50.4,45756.04363636357,-0.72,22878.02181818181,1.0,0.5370342112491286,2.125,0.0,-0.3882302,-0.27920914,2.3029325,0.18353093862533568,0.2162372589111328,0.6
0.43600790529738276,0.007297792151706565,0.34190734982292453,50.94,75497.47199999988,-0.72,0.0,1.0,0.6743675038911121,2.13,0.0,-0.3882302,-0.27920914,2.3029325,0.18353093862533568,0.2162372589111328,0.6
0.4186941758691648,-0.00566793678649875,0.341695050247404,51.48,12.548890563361534,-0.72,0.0,1.0,0.46073793755913783,2.1350000000000002,0.0,-0.3882302,-0.27920914,2.3029325,0.18353093862533568,0.2162372589111328,0.6
0.4024734261856639,-0.0065426611802296645,0.34493226080807093,52.019999999999996,34317.03272727267,-0.72,0.0,1.0,0.7201452681051066,2.14,0.0,-0.7175808,1.7665983,2.8560114,0.08472576141357421,0.6,0.6
0.3892827757605973,-0.023074502819979845,0.35111030491900097,52.559999999999995,61214.16648648639,-0.72,0.0,1.0,0.2623676259651617,2.145,0.0,-0.7175808,1.7665983,2.8560114,0.08472576141357421,0.6,0.6
0.3773509539000995,-0.014595659987089378,0.35795703155683345,52.919999999999995,50331.64799999992,-0.72,0.0,1.0,0.5828119754631231,2.15,0.0,-0.7175808,1.7665983,2.8560114,0.08472576141357421,0.6,0.6
0.36423619196351353,-0.022279645603982507,0.36743114203404065,53.28,47185.92000000086,-0.72,0.0,1.0,0.5828119754631231,2.1550000000000002,0.0,-0.7175808,1.7665983,2.8560114,0.08472576141357421,0.6,0.6
0.3533864110262886,-0.019174499579779607,0.381393154568943,53.46,20971.519999999968,-0.72,0.0,1.0,0.6285897396771176,2.16,0.0,-0.78777087,2.1815171,2.0132313,0.06366873979568481,0.6,0.6
0.3433966975126745,-0.01328436897996961,0.3933125589358701,53.64,24354.023225806413,-0.72,0.0,1.0,0.5217749565111305,2.165,0.0,-0.78777087,2.1815171,2.0132313,0.06366873979568481,0.6,0.6
0.3325978532689147,-0.007579561629271284,0.40565895373661354,53.82,25165.82399999996,-0.8999999999999999,-25165.82399999999,1.0,0.475997192297136,2.17,0.0,-0.78777087,2.1815171,2.0132313,0.06366873979568481,0.6,0.6
0.3233541663364771,-0.006641355364779541,0.41742929446030663,53.82,0.0,-0.8999999999999999,0.0,1.0,0.7201452681051066,2.1750000000000003,0.0,-0.78777087,2.1815171,2.0132313,0.06366873979568481,0.6,0.6
0.3149616877757935,0.0023701925167708936,0.42762789893251096,53.64,-4.378340234524507,-0.8999999999999999,0.0,1.0,0.3997009186071452,2.18,0.0,-0.78457797,2.352786,2.8261023,0.06462661027908324,0.6,0.6
0.3051246393197914,0.007645335424187903,0.4362789594194847,53.46,-10202.361081081064,-0.8999999999999999,0.0,1.0,0.6743675038911121,2.185,0.0,-0.78457797,2.352786,2.8261023,0.06462661027908324,0.6,0.6
0.29629501419802773,0.044846698237679394,0.44552110659050215,53.28,-20404.72216216213,-0.8999999999999999,0.0,1.0,0.6133304849391195,2.19,0.0,-0.78457797,2.352786,2.8261023,0.06462661027908324,0.6,0.6
0.28883572559928,0.06069018059461803,0.45248943151472243,52.919999999999995,-48708.04645161379,-0.8999999999999999,0.0,1.0,0.44547868282113967,2.195,0.0,-0.78457797,2.352786,2.8261023,0.06462661027908324,0.6,0.6
0.27947625232789075,0.0783402669079613,0.4580133697113106,52.559999999999995,-45756.04363636357,-0.8999999999999999,0.0,1.0,0.41496017334514335,2.2,0.0,-1.526268,2.8857052,4.5646877,0.0,0.6,0.6
0.26951108930060524,0.08161163474574407,0.4629975326592857,52.019999999999996,-64712.118857142756,-0.8999999999999999,0.0,1.0,0.567552720725125,2.205,0.0,-1.526268,2.8857052,4.5646877,0.0,0.6,0.6
0.2614128879961411,0.1040214232949199,0.46628819947619315,51.66,-43141.412571428504,-0.8999999999999999,0.0,1.0,0.7354045228431048,2.21,0.0,-1.526268,2.8857052,4.5646877,0.0,0.6,0.6
0.2518192826002232,0.12606761358319407,0.4691723984979181,50.94,-97416.09290322565,-0.8999999999999999,0.0,1.0,0.3997009186071452,2.215,0.0,-1.526268,2.8857052,4.5646877,0.0,0.6,0.6
0.24183838955471804,0.1470467512832332,0.47213198656892397,50.4,-12.109692141535744,-0.8999999999999999,0.0,1.0,0.659108249153114,2.22,0.0,-1.5154101,2.3407595,5.086057,0.0,0.6,0.6
0.23325557786152032,0.1593385912877682,0.4742030876405296,49.68,-38716.652307692246,-0.8999999999999999,0.0,1.0,0.567552720725125,2.225,0.0,-1.5154101,2.3407595,5.086057,0.0,0.6,0.6
0.2251987647962851,0.1704829002369052,0.47529292655915395,48.78,-107853.53142857125,-0.8999999999999999,0.0,1.0,0.44547868282113967,2.23,0.0,-1.5154101,2.3407595,5.086057,0.0,0.6,0.6
0.21649986837278065,0.18884355480456216,0.4759499325974814,47.879999999999995,-125829.1200000008,-0.8999999999999999,0.0,1.0,0.6133304849391195,2.235,0.0,-1.5154101,2.3407595,5.086057,0.0,0.6,0.6
0.20940398778937497,0.21257130759844908,0.4763650350701951,46.98,-130168.05517241359,-0.8999999999999999,0.0,1.0,0.5828119754631231,2.24,0.0,0.04745185,0.041236587,3.094412,0.3142355550080538,0.31237097606062886,0.6
0.202599847053041,0.22214400074965437,0.4766442670969765,45.9,-150994.94399999976,-0.8999999999999999,0.0,1.0,0.6896267586291103,2.245,0.0,0.04745185,0.041236587,3.094412,0.3142355550080538,0.31237097606062886,0.6
0.19451997703026325,0.2352562592737899,0.4768229345012755,44.82,-146124.13935483847,-0.8999999999999999,0.0,1.0,0.7659230323191011,2.25,0.0,0.04745185,0.041236587,3.094412,0.3142355550080538,0.31237097606062886,0.6
0.1875724892031519,0.25053486761386934,0.47668874954711743,43.739999999999995,-146124.13935483943,-0.8999999999999999,0.0,1.0,0.5065157017731323,2.255,0.0,0.04745185,0.041236587,3.094412,0.3142355550080538,0.31237097606062886,0.6
0.18169842415216322,0.2554368738955241,0.4765596260660963,42.48,-176160.76799999972,-0.8999999999999999,0.0,1.0,0.5065157017731323,2.2600000000000002,0.0,2.367542,-1.608697,-2.5963743,0.6,0.0,0.0
0.17387110850501647,0.27494631752111676,0.47612546496635544,41.22,-29.318430676371335,-0.8999999999999999,0.0,1.0,0.5217749565111305,2.265,0.0,2.367542,-1.608697,-2.5963743,0.6,0.0,0.0
0.16332675553961468,0.3018738542039174,0.4756708481780506,39.78,-95869.80571428557,-0.8999999999999999,0.0,1.0,0.49125644703513416,2.27,0.0,2.367542,-1.608697,-2.5963743,0.6,0.0,0.0
0.15053894712343704,0.30867602497626895,0.47540691062049956,38.339999999999996,-183024.17454545517,-0.8999999999999999,0.0,1.0,0.32340464491715437,2.275,0.0,2.367542,-1.608697,-2.5963743,0.6,0.0,0.0
0.1362504622539644,0.31890699699138036,0.4751031822204008,36.72,-212336.63999999966,-0.8999999999999999,0.0,1.0,0.5065157017731323,2.2800000000000002,8.522881865501404,2.190908,-0.065407775,3.0737894,0.6,0.28037766739726067,0.6
0.12295154868611731,0.3216003039819109,0.4747291774284358,35.1,-158017.96465116253,-0.8999999999999999,0.0,1.0,0.5980712302011213,2.285,8.522881865501404,2.190908,-0.065407775,3.0737894,0.6,0.28037766739726067,0.6
0.11348278527740603,0.3320547018966672,0.47442890996976794,33.48,-226492.41600000064,-0.8999999999999999,0.0,1.0,0.46073793755913783,2.29,8.522881865501404,2.190908,-0.065407775,3.0737894,0.6,0.28037766739726067,0.6
0.09826964838610033,0.34253996726593006,0.4738921793964475,31.86,-219186.20903225773,-0.8999999999999999,0.0,1.0,0.4302194280831415,2.295,8.522881865501404,2.190908,-0.065407775,3.0737894,0.6,0.28037766739726067,0.6
0.09728960413777223,0.35506414805597825,0.4732495640344835,29.88,-259522.56000000006,-0.8999999999999999,0.0,1.0,0.5065157017731323,2.3000000000000003,20.0,1.681932,-1.6416761,-2.049609,0.6,0.0,0.0
0.10496435403077511,0.35551415681377374,0.472767331956886,28.08,-260336.1103448277,-0.8999999999999999,0.0,1.0,0.4302194280831415,2.305,20.0,1.681932,-1.6416761,-2.049609,0.6,0.0,0.0
0.10429668479125216,0.3478094121949333,0.47201004844776484,26.099999999999998,-47.8115449316914,-0.8999999999999999,0.0,1.0,0.6133304849391195,2.31,20.0,1.681932,-1.6416761,-2.049609,0.6,0.0,0.0
0.12311379100827045,0.33817219143759014,0.4701908831297963,24.119999999999997,-136142.982295082,-0.8999999999999999,0.0,1.0,0.49125644703513416,2.315,20.0,1.681932,-1.6416761,-2.049609,0.6,0.0,0.0
0.1451050129606068,0.3456327083300091,0.4695912065865159,21.96,-251658.2399999996,-0.8999999999999999,0.0,1.0,0.6285897396771176,2.32,20.0,0.743816,-1.4528422,1.4116346,0.523144805431366,0.0,0.6
0.1568004754823928,0.35152328959863693,0.46937750398731853,19.8,-301989.88800000004,-0.8999999999999999,0.0,1.0,0.475997192297136,2.325,20.0,0.743816,-1.4528422,1.4116346,0.523144805431366,0.0,0.6
0.17381202934525242,0.34747459784365897,0.4687904829575426,17.82,-251658.24000000005,-0.8999999999999999,0.0,1.0,0.5522934659871268,2.33,20.0,0.743816,-1.4528422,1.4116346,0.523144805431366,0.0,0.6
0.19201165198440795,0.3489173730467473,0.46839431907990253,15.66,-274536.26181818184,-0.8999999999999999,0.0,1.0,0.7659230323191011,2.335,20.0,0.743816,-1.4528422,1.4116346,0.523144805431366,0.0,0.6
0.2065010700180183,0.3458275939961888,0.46837244384600063,13.68,-244256.5270588236,-0.8999999999999999,0.0,1.0,0.6438489944151158,2.34,8.522881865501404,0.5414434,-1.923962,-2.9695027,0.46243302226066585,0.0,0.0
0.22410674030977712,0.34326659267914833,0.4671023358153387,11.879999999999999,-243540.2322580646,-1.08,-24354.02322580647,1.0,0.6743675038911121,2.345,8.522881865501404,0.5414434,-1.923962,-2.9695027,0.46243302226066585,0.0,0.0
0.24369665616215233,0.33071882117753065,0.46668387915941534,10.26,-36.682498056491305,-1.08,0.0,1.0,0.49125644703513416,2.35,8.522881865501404,0.5414434,-1.923962,-2.9695027,0.46243302226066585,0.0,0.0
0.25773668174496905,0.3283737229422856,0.4663441610123996,8.82,-109814.5047272727,-1.08,0.0,1.0,0.7048860133671084,2.355,8.522881865501404,0.5414434,-1.923962,-2.9695027,0.46243302226066585,0.0,0.0
0.27322182731961814,0.3308958890092304,0.46393092236603145,7.739999999999999,-141557.76000000013,-1.08,0.0,1.0,0.475997192297136,2.36,0.0,0.08005197,-0.7009241,0.6859236,0.32401559203863145,0.08972277045249939,0.5057770729064941
0.29030552183669767,0.3093255399270378,0.45676735139287167,7.199999999999999,-78100.83310344828,-1.08,0.0,1.0,0.5522934659871268,2.365,0.0,0.08005197,-0.7009241,0.6859236,0.32401559203863145,0.08972277045249939,0.5057770729064941
0.30313704988800566,0.29410940553573356,0.44233787988728746,7.199999999999999,0.0,-1.08,0.0,1.0,0.46073793755913783,2.37,0.0,0.08005197,-0.7009241,0.6859236,0.32401559203863145,0.08972277045249939,0.5057770729064941
0.31441884855223456,0.27232387185028895,0.4316909502657982,7.38,22205.138823529487,-1.08,0.0,1.0,0.7201452681051066,2.375,0.0,0.08005197,-0.7009241,0.6859236,0.32401559203863145,0.08972277045249939,0.5057770729064941
0.3294211305668106,0.24706733803989495,0.4283143241905593,8.1,97416.09290322577,-1.08,0.0,1.0,0.5980712302011213,2.38,0.0,0.25189576,-0.5482199,0.48213953,0.3755687266588211,0.13553402423858643,0.4446418583393097
0.3395500427713118,0.2182123669653777,0.42556382324654324,9.18,141557.76,-1.08,0.0,1.0,0.7201452681051066,2.3850000000000002,0.0,0.25189576,-0.5482199,0.48213953,0.3755687266588211,0.13553402423858643,0.4446418583393097
0.34844060193612164,0.1983906527572578,0.4212422831729694,10.799999999999999,205902.19636363626,-1.08,0.0,1.0,0.49125644703513416,2.39,0.0,0.25189576,-0.5482199,0.48213953,0.3755687266588211,0.13553402423858643,0.4446418583393097
0.3570160909060309,0.16888031419548724,0.4125467086915911,12.6,43.30051102049246,-1.08,0.0,1.0,0.4302194280831415,2.395,0.0,0.25189576,-0.5482199,0.48213953,0.3755687266588211,0.13553402423858643,0.4446418583393097
0.3627398216219496,0.15254151926355033,0.40090711491754677,14.94,103312.33010526316,-1.08,0.0,1.0,0.5370342112491286,2.4,0.0,0.8203329,-1.7426432,-1.4122499,0.546099865436554,0.0,0.0
0.36580358836973736,0.14969831112428364,0.3916189384240188,17.46,229774.91478260883,-0.8999999999999999,16412.493913043494,1.0,0.6438489944151158,2.4050000000000002,0.0,0.8203329,-1.7426432,-1.4122499,0.546099865436554,0.0,0.0
0.3672453050017962,0.11952183077163754,0.38510796533862157,20.34,309733.2184615384,-0.8999999999999999,0.0,1.0,0.44547868282113967,2.41,0.0,0.8203329,-1.7426432,-1.4122499,0.546099865436554,0.0,0.0
0.3680447839897392,0.12505629089461232,0.380069467106265,23.22,377487.35999999987,-0.8999999999999999,0.0,1.0,0.5217749565111305,2.415,0.0,0.8203329,-1.7426432,-1.4122499,0.546099865436554,0.0,0.0
0.3663302323926291,0.10500240975542025,0.37698729478340803,26.279999999999998,388926.37090909074,-0.8999999999999999,0.0,1.0,0.2318491164891654,2.42,0.0,0.8195289,-1.4200175,-0.33231848,0.5458586633205413,0.0,0.20030445456504822
0.3623877445622923,0.1058107538074764,0.3765160019970178,29.52,399692.49882352963,-0.8999999999999999,0.0,1.0,0.384441663869147,2.4250000000000003,0.0,0.8195289,-1.4200175,-0.33231848,0.5458586633205413,0.0,0.20030445456504822
0.358600046904008,0.08886687778194398,0.37637205308718374,32.76,452984.83199999976,-0.8999999999999999,0.0,1.0,0.5980712302011213,2.43,0.0,0.8195289,-1.4200175,-0.33231848,0.5458586633205413,0.0,0.20030445456504822
0.3558674403718444,0.08716025176879365,0.3755752107507765,35.82,70.18373738865107,-0.8999999999999999,0.0,1.0,0.5370342112491286,2.435,0.0,0.8195289,-1.4200175,-0.33231848,0.5458586633205413,0.0,0.20030445456504822
0.35482159250578443,0.08968909252641113,0.3763826596371879,39.059999999999995,163729.45734939733,-0.8999999999999999,0.0,1.0,0.5065157017731323,2.44,0.0,0.50233173,-0.80858123,4.156899,0.45069952011108394,0.05742563009262085,0.6
0.3548078209611944,0.09018925175518286,0.37680799897499945,42.3,367284.9989189191,-0.72,20404.722162162154,1.0,0.659108249153114,2.445,0.0,0.50233173,-0.80858123,4.156899,0.45069952011108394,0.05742563009262085,0.6
0.35538641879094646,0.0994797215499934,0.37642110178223,45.36,377487.3600000003,-0.72,0.0,1.0,0.5370342112491286,2.45,0.0,0.50233173,-0.80858123,4.156899,0.45069952011108394,0.05742563009262085,0.6
0.3599877310798349,0.10066577084428077,0.37586159561621885,48.42,388926.3709090912,-0.72,0.0,1.0,0.6438489944151158,2.455,0.0,0.50233173,-0.80858123,4.156899,0.45069952011108394,0.05742563009262085,0.6
0.3685237539306358,0.09205156376304448,0.3749393330326598,51.3,377487.3599999994,-0.72,0.0,1.0,0.6896267586291103,2.46,0.0,0.30686456,-1.7408314,1.8371544,0.39205936789512635,0.0,0.6
0.376719448402988,0.09980753775917794,0.3739652409047326,54.18,389664.37161290355,-0.72,0.0,1.0,0.659108249153114,2.465,0.0,0.30686456,-1.7408314,1.8371544,0.39205936789512635,0.0,0.6
0.3848826025805069,0.09909395713108984,0.37064090757719187,57.059999999999995,389664.3716129026,-0.72,0.0,1.0,0.6133304849391195,2.47,0.0,0.30686456,-1.7408314,1.8371544,0.39205936789512635,0.0,0.6
0.394436922910328,0.09505032631260818,0.3621681537786919,59.76,365310.3483870972,-0.72,0.0,1.0,0.5217749565111305,2.475,0.0,0.30686456,-1.7408314,1.8371544,0.39205936789512635,0.0,0.6
0.4032210284722915,0.09127888895318485,0.3531941752610754,62.28,60.97638213914857,-0.72,0.0,1.0,0.6743675038911121,2.48,0.0,0.57783586,-1.4998558,4.4757304,0.47335075736045834,0.0,0.6
0.4105999568272043,0.06917812738052725,0.3478197774344608,64.8,142833.0551351349,-0.72,0.0,1.0,0.5828119754631231,2.485,0.0,0.57783586,-1.4998558,4.4757304,0.47335075736045834,0.0,0.6
0.4176006146112082,0.06604553415572995,0.34725788139171,67.14,258280.82526315827,-0.72,0.0,1.0,0.384441663869147,2.49,0.0,0.57783586,-1.4998558,4.4757304,0.47335075736045834,0.0,0.6
0.4232794463016363,0.05630573805353972,0.3465520044786358,69.48,306708.48000000045,-0.72,0.0,1.0,0.6285897396771176,2.495,0.0,0.57783586,-1.4998558,4.4757304,0.47335075736045834,0.0,0.6
0.4277971161333685,0.041612702961833836,0.3457394783078533,71.64,312403.3324137926,-0.72,0.0,1.0,0.6285897396771176,2.5,0.0,0.6726852,-1.5223222,4.054384,0.5018055617809295,0.0,0.6
0.431206287631854,0.034910876411491355,0.347884219744222,73.8,258848.47542857102,-0.72,0.0,1.0,0.6133304849391195,2.505,0.0,0.6726852,-1.5223222,4.054384,0.5018055617809295,0.0,0.6
0.43390966060916747,0.035459301924139035,0.3487533339067862,75.78,251658.24000000051,-0.72,0.0,1.0,0.6896267586291103,2.5100000000000002,0.0,0.6726852,-1.5223222,4.054384,0.5018055617809295,0.0,0.6
0.43510539241501045,0.029823703093084197,0.34844051399560855,77.58,235929.59999999963,-0.72,0.0,1.0,0.8117007965330956,2.515,0.0,0.6726852,-1.5223222,4.054384,0.5018055617809295,0.0,0.6
0.435466467413485,0.034990840985289366,0.3524022713154498,79.02,32.50855940276973,-0.72,0.0,1.0,0.5065157017731323,2.52,0.0,0.76632845,-1.3781812,4.427285,0.5298985362052917,0.0,0.6
0.4355486359244579,0.042689358884479854,0.36197768107345585,80.46,83886.07999999987,-0.72,0.0,1.0,0.7201452681051066,2.525,0.0,0.76632845,-1.3781812,4.427285,0.5298985362052917,0.0,0.6
0.43524113888435906,0.03284675380425523,0.3725977313545374,81.53999999999999,125829.1199999998,-0.72,0.0,1.0,0.5522934659871268,2.5300000000000002,0.0,0.76632845,-1.3781812,4.427285,0.5298985362052917,0.0,0.6
0.4348119270897846,0.03272694456979618,0.3826955646741096,82.44,121770.11612903302,-0.72,0.0,1.0,0.5828119754631231,2.535,0.0,0.76632845,-1.3781812,4.427285,0.5298985362052917,0.0,0.6
0.4351396679190771,0.023304509215440958,0.3948622367735016,82.98,78100.83310344919,-0.72,0.0,1.0,0.5828119754631231,2.54,0.0,0.5173917,-0.40081143,3.4368536,0.45521750450134274,0.1797565698623657,0.6
0.4344391573921922,0.01915361428513402,0.40605239682417904,83.34,43141.412571428504,-0.72,0.0,1.0,0.5522934659871268,2.545,0.0,0.5173917,-0.40081143,3.4368536,0.45521750450134274,0.1797565698623657,0.6
0.43530432621893084,0.020567369074087617,0.41499417886684314,83.52,24354.023225805453,-0.72,0.0,1.0,0.46073793755913783,2.5500000000000003,0.0,0.5173917,-0.40081143,3.4368536,0.45521750450134274,0.1797565698623657,0.6
0.43535898237608883,0.005962728151105428,0.42539169274744365,83.34,-24354.023225805453,-0.72,0.0,1.0,0.6133304849391195,2.555,0.0,0.5173917,-0.40081143,3.4368536,0.45521750450134274,0.1797565698623657,0.6
0.43653128970809685,0.015641799368652037,0.4338226389658164,82.98,-47185.919999999925,-0.72,0.0,1.0,0.5828119754631231,2.56,0.0,-0.1031046,1.8989035,3.4706457,0.26906862035393714,0.6,0.6
0.43798551237213373,0.008806153450728018,0.4407339212478164,82.44,-13.401997408268842,-0.8999999999999999,-4.467332469422894,1.0,0.5828119754631231,2.565,0.0,-0.1031046,1.8989035,3.4706457,0.26906862035393714,0.6,0.6
0.43994564992000357,-0.0044414716521633795,0.4482698007433038,81.72,-43141.412571428504,-0.8999999999999999,0.0,1.0,0.7201452681051066,2.57,0.0,-0.1031046,1.8989035,3.4706457,0.26906862035393714,0.6,0.6
0.44251948760986126,-0.009917130435297556,0.4545804695937624,81.0,-83886.07999999987,-0.8999999999999999,0.0,1.0,0.6438489944151158,2.575,0.0,-0.1031046,1.8989035,3.4706457,0.26906862035393714,0.6,0.6
0.44554714636576503,0.0057167343084609055,0.4589200221282576,80.1,-121770.11612903302,-0.8999999999999999,0.0,1.0,0.6438489944151158,2.58,0.0,-0.43733394,2.3670003,1.8534544,0.16879981756210327,0.6,0.6
0.4499596212735244,0.004726690174094746,0.46300099321738614,79.02,-137268.1309090907,-0.8999999999999999,0.0,1.0,0.6743675038911121,2.585,0.0,-0.43733394,2.3670003,1.8534544,0.16879981756210327,0.6,0.6
0.45352083375789914,-0.0017119105189584449,0.4669946001813362,77.94,-137268.1309090907,-0.8999999999999999,0.0,1.0,0.3997009186071452,2.59,0.0,-0.43733394,2.3670003,1.8534544,0.16879981756210327,0.6,0.6
0.4553426827343936,-0.005594855040417078,0.47081646889416545,76.86,-141557.75999999978,-0.8999999999999999,0.0,1.0,0.5522934659871268,2.595,0.0,-0.43733394,2.3670003,1.8534544,0.16879981756210327,0.6,0.6
0.457239361596999,-0.008027566620560856,0.47427582372741733,75.78,-146124.13935483847,-0.8999999999999999,0.0,1.0,0.41496017334514335,2.6,0.0,-0.5330924,2.2751422,1.0391577,0.1400722861289978,0.6,0.6
0.45938444746891516,-0.0018493371155114745,0.47747758156022474,74.52,-28.292858504202695,-0.8999999999999999,0.0,1.0,0.5980712302011213,2.605,0.0,-0.5330924,2.2751422,1.0391577,0.1400722861289978,0.6,0.6
0.46031634932460797,0.019575924698383148,0.47988056813925084,73.25999999999999,-74434.12732394396,-0.8999999999999999,0.0,1.0,0.384441663869147,2.61,0.0,-0.5330924,2.2751422,1.0391577,0.1400722861289978,0.6,0.6
0.45982871032927763,0.022273060296282322,0.48247396521779407,72.0,-150994.9439999989,-0.8999999999999999,0.0,1.0,0.6743675038911121,2.615,0.0,-0.5330924,2.2751422,1.0391577,0.1400722861289978,0.6,0.6
0.46013227870736517,0.04064162728780127,0.48473071029563053,70.56,-194832.1858064513,-0.8999999999999999,0.0,1.0,0.659108249153114,2.62,0.0,-1.4020813,2.869771,3.757122,0.0,0.6,0.6
0.4602365633174515,0.05633226024197801,0.48644457716885503,69.3,-176160.7680000007,-0.8999999999999999,0.0,1.0,0.5065157017731323,2.625,0.0,-1.4020813,2.869771,3.757122,0.0,0.6,0.6
0.45935657917880607,0.08634902889461377,0.4876815930780862,67.86,-201326.59199999968,-0.8999999999999999,0.0,1.0,0.6133304849391195,2.63,0.0,-1.4020813,2.869771,3.757122,0.0,0.6,0.6
0.45883649804120974,0.11748853127856031,0.4891249746355322,66.6,-165150.72000000067,-0.8999999999999999,0.0,1.0,0.7048860133671084,2.6350000000000002,0.0,-1.4020813,2.869771,3.757122,0.0,0.6,0.6
0.45917295821365917,0.1333851302830245,0.48992088796142974,65.16,-183024.17454545427,-0.8999999999999999,0.0,1.0,0.5065157017731323,2.64,0.0,-1.4128089,1.924615,3.474737,0.0,0.6,0.6
0.4565376903687243,0.1420381854984232,0.4908628721924966,63.9,-176160.76799999972,-0.8999999999999999,0.0,1.0,0.7506637775811029,2.645,0.0,-1.4128089,1.924615,3.474737,0.0,0.6,0.6
0.4480506552088756,0.1631565692847592,0.4915569855609864,62.46,-35.06637730130801,-0.8999999999999999,0.0,1.0,0.567552720725125,2.65,0.0,-1.4128089,1.924615,3.474737,0.0,0.6,0.6
0.4371668596757916,0.1690055693848843,0.492055400493265,61.199999999999996,-70464.30720000029,-0.8999999999999999,0.0,1.0,0.7964415417950974,2.6550000000000002,0.0,-1.4128089,1.924615,3.474737,0.0,0.6,0.6
0.42437317236758376,0.19117969214427494,0.49215216321478805,59.76,-167772.15999999974,-0.8999999999999999,0.0,1.0,0.475997192297136,2.66,0.0,0.10335568,-0.7998733,0.49874943,0.33100670501589774,0.060038012266159055,0.4496248304843902
0.4059823612782244,0.20068609240719262,0.492289747425199,58.32,-183024.17454545427,-0.8999999999999999,0.0,1.0,0.49125644703513416,2.665,0.0,0.10335568,-0.7998733,0.49874943,0.33100670501589774,0.060038012266159055,0.4496248304843902
0.38813181387242635,0.2202876214278963,0.4924276631606643,56.699999999999996,-205902.19636363693,-0.8999999999999999,0.0,1.0,0.36918240913114886,2.67,0.0,0.10335568,-0.7998733,0.49874943,0.33100670501589774,0.060038012266159055,0.4496248304843902
0.3719319474338275,0.23455287737614672,0.492267508109697,55.26,-183024.17454545427,-0.8999999999999999,0.0,1.0,0.5065157017731323,2.6750000000000003,0.0,0.10335568,-0.7998733,0.49874943,0.33100670501589774,0.060038012266159055,0.4496248304843902
0.35353668753143286,0.2573726023769597,0.49182268942779916,53.46,-222051.38823529377,-0.8999999999999999,0.0,1.0,0.3081453901791562,2.68,0.0,2.2911475,-2.1044405,-5.568453,0.6,0.0,0.0
0.3321901158255507,0.2689741544810653,0.4912090716890532,51.839999999999996,-219186.2090322587,-0.8999999999999999,0.0,1.0,0.6896267586291103,2.685,0.0,2.2911475,-2.1044405,-5.568453,0.6,0.0,0.0
0.30826572238619065,0.28301582374122036,0.490667421996224,50.04,-228780.21818181782,-0.8999999999999999,0.0,1.0,0.44547868282113967,2.69,0.0,2.2911475,-2.1044405,-5.568453,0.6,0.0,0.0
0.28358932296323014,0.2960381874875685,0.4902451761216703,48.059999999999995,-44.82956594026492,-0.8999999999999999,0.0,1.0,0.6285897396771176,2.695,0.0,2.2911475,-2.1044405,-5.568453,0.6,0.0,0.0
0.2582228526665746,0.3124675790295373,0.49004164175645026,46.08,-138412.03199999977,-0.8999999999999999,0.0,1.0,0.49125644703513416,2.7,8.522881865501404,1.8357885,0.14130741,2.2941923,0.6,0.34239222407341,0.6
0.23638083469913826,0.3185096340661431,0.4893881824182498,44.1,-218545.31368421018,-0.8999999999999999,0.0,1.0,0.5522934659871268,2.705,8.522881865501404,1.8357885,0.14130741,2.2941923,0.6,0.34239222407341,0.6
0.22220556508814718,0.32677276070164074,0.4888638656028078,41.94,-301989.8880000005,-0.8999999999999999,0.0,1.0,0.7659230323191011,2.71,8.522881865501404,1.8357885,0.14130741,2.2941923,0.6,0.34239222407341,0.6
0.21574631887300225,0.3384035337333826,0.4882007872341537,39.6,-338436.9434482753,-0.8999999999999999,0.0,1.0,0.7506637775811029,2.715,8.522881865501404,1.8357885,0.14130741,2.2941923,0.6,0.34239222407341,0.6
0.21270132605123535,0.34144919431487947,0.4874055770004454,37.44,-292248.2787096779,-0.8999999999999999,0.0,1.0,0.475997192297136,2.72,20.0,0.8428203,-0.9398407,2.6587934,0.552846086025238,0.018047797679901122,0.6
0.21202612295166315,0.3406468657577989,0.4859810700739705,35.1,-338436.9434482753,-0.8999999999999999,0.0,1.0,0.6438489944151158,2.725,20.0,0.8428203,-0.9398407,2.6587934,0.552846086025238,0.018047797679901122,0.6
0.21307177253432996,0.3366285356405914,0.48430850866974284,32.58,-352321.53600000043,-0.8999999999999999,0.0,1.0,0.49125644703513416,2.73,20.0,0.8428203,-0.9398407,2.6587934,0.552846086025238,0.018047797679901122,0.6
0.21346046361677054,0.3311794586678426,0.48388346295650564,30.24,-54.33728088581314,-0.8999999999999999,0.0,1.0,0.567552720725125,2.735,20.0,0.8428203,-0.9398407,2.6587934,0.552846086025238,0.018047797679901122,0.6
0.21655570800197385,0.32867024639630393,0.48249345293226653,27.72,-195734.18666666665,-0.8999999999999999,0.0,1.0,0.5370342112491286,2.74,8.522881865501404,1.0191343,-1.6242524,-2.0658958,0.6,0.0,0.0
0.22707807277909509,0.32301154147972466,0.47685745701385607,25.38,-316602.3019354839,-0.8999999999999999,0.0,1.0,0.5980712302011213,2.745,8.522881865501404,1.0191343,-1.6242524,-2.0658958,0.6,0.0,0.0
0.24265080992392674,0.3128600494980028,0.46234356191314824,23.04,-327155.712,-0.8999999999999999,0.0,1.0,0.44547868282113967,2.75,8.522881865501404,1.0191343,-1.6242524,-2.0658958,0.6,0.0,0.0
0.257009872891388,0.3020323062224236,0.4473277183789932,20.7,-327155.712,-0.8999999999999999,0.0,1.0,0.6896267586291103,2.755,8.522881865501404,1.0191343,-1.6242524,-2.0658958,0.6,0.0,0.0
0.275910642332115,0.2967143561472642,0.4406575170352495,18.72,-259522.56000000006,-1.08,-23592.96000000002,1.0,0.44547868282113967,2.7600000000000002,0.0,0.53795856,-1.8451918,-0.023953028,0.46138756871223446,0.0,0.2928140915930271
0.2950298959951584,0.29600752416786796,0.43792996070715084,16.919999999999998,-260336.1103448277,-1.08,0.0,1.0,0.36918240913114886,2.765,0.0,0.53795856,-1.8451918,-0.023953028,0.46138756871223446,0.0,0.2928140915930271
0.30966638073605446,0.3015702153138155,0.43431481032046987,15.479999999999999,-194832.18580645154,-1.08,0.0,1.0,0.49125644703513416,2.77,0.0,0.53795856,-1.8451918,-0.023953028,0.46138756871223446,0.0,0.2928140915930271
0.3244747872504962,0.2947153958943737,0.43411558098775543,14.58,-125829.1199999998,-1.08,0.0,1.0,0.44547868282113967,2.775,0.0,0.53795856,-1.8451918,-0.023953028,0.46138756871223446,0.0,0.2928140915930271
0.34120693009086017,0.2878920397163219,0.4348280163390576,13.86,-17.13690050050506,-1.08,0.0,1.0,0.475997192297136,2.7800000000000002,0.0,0.2452094,-1.8110349,-2.6344879,0.37356281876564024,0.0,0.0
0.3532084797251448,0.28609663221305043,0.43327709823679,13.86,0.0,-1.08,0.0,1.0,0.6896267586291103,2.785,0.0,0.2452094,-1.8110349,-2.6344879,0.37356281876564024,0.0,0.0
0.36560095197441866,0.27036676386450237,0.432023792410287,14.04,19867.755789473653,-1.08,0.0,1.0,0.49125644703513416,2.79,0.0,0.2452094,-1.8110349,-2.6344879,0.37356281876564024,0.0,0.0
0.3783618947815408,0.24897768314803506,0.42881541751007235,14.94,130168.05517241385,-1.08,0.0,1.0,0.7354045228431048,2.795,0.0,0.2452094,-1.8110349,-2.6344879,0.37356281876564024,0.0,0.0
0.3876727196106469,0.2394245934825983,0.42445871970033633,16.2,176160.76799999998,-1.08,0.0,1.0,0.2318491164891654,2.8000000000000003,0.0,-0.15241316,-0.6675446,1.5650014,0.2542760521173477,0.0997366189956665,0.6
0.3956562279682647,0.2204412581045232,0.4153869770474523,18.0,243540.2322580646,-1.08,0.0,1.0,0.7811822870570992,2.805,0.0,-0.15241316,-0.6675446,1.5650014,0.2542760521173477,0.0997366189956665,0.6
0.40382014049250814,0.19265097614699392,0.40066308894823666,19.98,259522.56000000006,-1.08,0.0,1.0,0.6285897396771176,2.81,0.0,-0.15241316,-0.6675446,1.5650014,0.2542760521173477,0.0997366189956665,0.6
0.40888499269698025,0.1739094212077211,0.3855539681059567,22.5,330301.43999999994,-0.8999999999999999,23592.96000000002,1.0,0.7506637775811029,2.815,0.0,-0.15241316,-0.6675446,1.5650014,0.2542760521173477,0.0997366189956665,0.6
0.41331073513890326,0.14973413862676518,0.37191207240501684,25.2,62.5624723086187,-0.8999999999999999,0.0,1.0,0.5370342112491286,2.82,0.0,0.2139718,-0.35398924,2.945384,0.3641915380954742,0.19380322694778443,0.6
0.41701200951553286,0.13530339565419736,0.35960968921908143,28.259999999999998,139506.1982608695,-0.8999999999999999,0.0,1.0,0.6133304849391195,2.825,0.0,0.2139718,-0.35398924,2.945384,0.3641915380954742,0.19380322694778443,0.6
0.41879830212567715,0.12447587500856615,0.35079122271355395,31.32,329091.54461538483,-0.8999999999999999,0.0,1.0,0.5522934659871268,2.83,0.0,0.2139718,-0.35398924,2.945384,0.3641915380954742,0.19380322694778443,0.6
0.4174494842871467,0.11788944620708622,0.34369460703097154,34.74,448266.2400000002,-0.8999999999999999,0.0,1.0,0.7354045228431048,2.835,0.0,0.2139718,-0.35398924,2.945384,0.3641915380954742,0.19380322694778443,0.6
0.41391391518659315,0.10326034274999163,0.3324598127978416,38.16,478150.65599999926,-0.72,25165.82399999999,1.0,0.5065157017731323,2.84,0.0,0.87653625,-1.3515099,0.36680794,0.5629608750343322,0.0,0.41004238128662107
0.41081856278326184,0.10014906497492697,0.31722371915173103,41.58,434682.4145454548,-0.72,0.0,1.0,0.5980712302011213,2.845,0.0,0.87653625,-1.3515099,0.36680794,0.5629608750343322,0.0,0.41004238128662107
0.4063740319549908,0.08901400607201211,0.30374054047728144,45.18,457560.4363636365,-0.72,0.0,1.0,0.5217749565111305,2.85,0.0,0.87653625,-1.3515099,0.36680794,0.5629608750343322,0.0,0.41004238128662107
0.4015245305906645,0.07080853279386175,0.2981575510414524,48.78,471859.2000000002,-0.72,0.0,1.0,0.6743675038911121,2.855,0.0,0.87653625,-1.3515099,0.36680794,0.5629608750343322,0.0,0.41004238128662107
0.3978920827504482,0.06259030523875861,0.29764662159148375,52.199999999999996,462726.4412903219,-0.72,0.0,1.0,0.384441663869147,2.86,0.0,0.8074455,-1.0684295,4.2564774,0.542233657836914,0.0,0.6
0.39435223537933006,0.08326211967949522,0.2955694254088673,55.62,82.46251655629143,-0.72,0.0,1.0,0.3997009186071452,2.865,0.0,0.8074455,-1.0684295,4.2564774,0.542233657836914,0.0,0.6
0.39130627784018474,0.07865891755444337,0.29649782109278394,58.86,152691.51640449447,-0.72,0.0,1.0,0.49125644703513416,2.87,0.0,0.8074455,-1.0684295,4.2564774,0.542233657836914,0.0,0.6
0.3901998904418666,0.07504162648692406,0.3009364168926577,62.099999999999994,323560.5942857138,-0.72,0.0,1.0,0.6896267586291103,2.875,0.0,0.8074455,-1.0684295,4.2564774,0.542233657836914,0.0,0.6
0.3888571841661139,0.06867335607181164,0.3067471060554903,65.34,388272.71314285824,-0.72,0.0,1.0,0.5370342112491286,2.88,0.0,1.5385625,-1.4981529,0.9651622,0.6,0.0,0.5895486652851104
0.388457032561729,0.07366331237799005,0.31443516776387115,68.22,389664.3716129026,-0.72,0.0,1.0,0.659108249153114,2.8850000000000002,0.0,1.5385625,-1.4981529,0.9651622,0.6,0.0,0.5895486652851104
0.38821029597728574,0.08475893443304665,0.32715281423229814,71.1,345131.30057142803,-0.72,0.0,1.0,0.5065157017731323,2.89,0.0,1.5385625,-1.4981529,0.9651622,0.6,0.0,0.5895486652851104
0.3878184267496634,0.07579041795822457,0.3395422181829177,73.98,377487.36000000127,-0.72,0.0,1.0,0.5522934659871268,2.895,0.0,1.5385625,-1.4981529,0.9651622,0.6,0.0,0.5895486652851104
0.3884571542686676,0.07309802818250923,0.35099056242319315,76.5,352321.53599999944,-0.72,0.0,1.0,0.5370342112491286,2.9,0.0,1.1054165,-0.9372408,3.8520951,0.6,0.018827766180038452,0.6
0.39144263353815933,0.06953628665404338,0.36137622394681007,78.84,52.79770705570984,-0.72,0.0,1.0,0.7659230323191011,2.9050000000000002,0.0,1.1054165,-0.9372408,3.8520951,0.6,0.018827766180038452,0.6
0.39524609820961054,0.06937406516083995,0.3691643961441741,81.0,119206.53473684192,-0.72,0.0,1.0,0.44547868282113967,2.91,0.0,1.1054165,-0.9372408,3.8520951,0.6,0.018827766180038452,0.6
0.39954937323164336,0.07115269971741459,0.37531527410735416,82.8,209715.19999999966,-0.54,20971.519999999993,1.0,0.6896267586291103,2.915,0.0,1.1054165,-0.9372408,3.8520951,0.6,0.018827766180038452,0.6
0.4057566606279231,0.0580116428119331,0.38482572029407996,84.06,160146.15272727338,-0.54,0.0,1.0,0.3997009186071452,2.92,0.0,1.1653548,-1.6727406,0.7121036,0.6,0.0,0.5136310815811157
0.412139311861127,0.05934185255244577,0.39531922700282546,85.14,150994.94399999976,-0.54,0.0,1.0,0.5522934659871268,2.9250000000000003,0.0,1.1653548,-1.6727406,0.7121036,0.6,0.0,0.5136310815811157
0.41818223157329504,0.07855014297684258,0.40368197657440175,85.67999999999999,66615.41647058725,-0.54,0.0,1.0,0.6133304849391195,2.93,0.0,1.1653548,-1.6727406,0.7121036,0.6,0.0,0.5136310815811157
0.4247657142148147,0.058638211183392144,0.41266559585173684,86.03999999999999,48708.04645161283,-0.54,0.0,1.0,0.8879970702230864,2.935,0.0,1.1653548,-1.6727406,0.7121036,0.6,0.0,0.5136310815811157
0.4313971003334633,0.056302713690588986,0.42120382649999766,85.86,-25165.823999998967,-0.72,-25165.82399999999,1.0,0.46073793755913783,2.94,0.0,0.96025956,-1.7824167,2.7175362,0.5880778670310974,0.0,0.6
0.4368909094550961,0.05383436295066002,0.427875116625252,85.5,-48708.04645161283,-0.72,0.0,1.0,0.8422193060090919,2.945,0.0,0.96025956,-1.7824167,2.7175362,0.5880778670310974,0.0,0.6
0.4422929461787374,0.044602063040687784,0.4342431059005996,84.78,-17.579833044207167,-0.72,0.0,1.0,0.49125644703513416,2.95,0.0,0.96025956,-1.7824167,2.7175362,0.5880778670310974,0.0,0.6
0.447444748943842,0.02396628398809224,0.44072696579191056,83.88,-53926.765714286055,-0.72,0.0,1.0,0.6438489944151158,2.955,0.0,0.96025956,-1.7824167,2.7175362,0.5880778670310974,0.0,0.6
0.45232287245163505,0.02175137517226956,0.4449587147959916,82.98,-104857.599999999,-0.8999999999999999,-20971.519999999993,1.0,0.475997192297136,2.96,0.0,0.8848796,-1.6478906,2.6509376,0.5654638767242431,0.0,0.6
0.45642490319536744,0.029100290900637468,0.4489693500026469,81.72,-128898.12292682979,-0.8999999999999999,0.0,1.0,0.7201452681051066,2.965,0.0,0.8848796,-1.6478906,2.6509376,0.5654638767242431,0.0,0.6
0.45966448246482783,0.010844051444103872,0.45358353407591545,80.46,-160146.15272727338,-0.8999999999999999,0.0,1.0,0.5980712302011213,2.97,0.0,0.8848796,-1.6478906,2.6509376,0.5654638767242431,0.0,0.6
0.4635268539833751,0.014692571569297744,0.4562208768774248,79.2,-165150.7199999988,-0.8999999999999999,0.0,1.0,0.6896267586291103,2.975,0.0,0.8848796,-1.6478906,2.6509376,0.5654638767242431,0.0,0.6
0.466401308520988,0.0003382592111568115,0.4587417752983403,77.75999999999999,-201326.59200000166,-0.8999999999999999,0.0,1.0,0.36918240913114886,2.98,0.0,0.63052434,-1.4171183,0.6070025,0.4891573011875152,0.0,0.48210074901580807
0.4688817280081376,-0.0033505204968457074,0.46161031588691415,76.32,-188743.6799999997,-0.8999999999999999,0.0,1.0,0.6285897396771176,2.985,0.0,0.63052434,-1.4171183,0.6070025,0.4891573011875152,0.0,0.48210074901580807
0.4712269330724254,-0.0073930830075500525,0.4635968031693891,74.7,-37.04205588931146,-0.8999999999999999,0.0,1.0,0.5217749565111305,2.99,0.0,0.63052434,-1.4171183,0.6070025,0.4891573011875152,0.0,0.48210074901580807
0.47391162884791066,-0.009150156975612505,0.46512085617043186,73.25999999999999,-81618.88864864933,-0.8999999999999999,0.0,1.0,0.9185155796990827,2.995,0.0,0.63052434,-1.4171183,0.6070025,0.4891573011875152,0.0,0.48210074901580807
0.4770927391613179,-0.012158824124900405,0.4670290388023525,71.64,-178809.8021052621,-0.8999999999999999,0.0,1.0,0.5980712302011213,3.0,0.0,0.09463318,-0.27882317,1.2546381,0.32838995307683944,0.21635304987430573,0.6
0.47884352458365315,-0.022250646066851152,0.4696661114801391,70.2,-188743.6799999997,-0.8999999999999999,0.0,1.0,0.9795525986510754,3.005,0.0,0.09463318,-0.27882317,1.2546381,0.32838995307683944,0.21635304987430573,0.6
0.4817881700200363,-0.010967285003125693,0.4711995193919437,68.58,-226492.41600000064,-0.8999999999999999,0.0,1.0,0.7201452681051066,3.0100000000000002,0.0,0.09463318,-0.27882317,1.2546381,0.32838995307683944,0.21635304987430573,0.6
0.48386268553762346,-0.024509959645528975,0.4740855403762862,67.14,-188743.6799999997,-0.8999999999999999,0.0,1.0,0.8269600512710937,3.015,0.0,0.09463318,-0.27882317,1.2546381,0.32838995307683944,0.21635304987430573,0.6
0.48567581357948575,-0.02392808772213976,0.4770163198105565,65.7,-183024.17454545427,-0.8999999999999999,0.0,1.0,0.475997192297136,3.02,0.0,-0.7651406,1.9275547,2.0382776,0.07045782208442687,0.6,0.6
0.4882212362162468,-0.009790814738596434,0.47867867484558496,64.44,-170478.16258064585,-0.8999999999999999,0.0,1.0,0.6438489944151158,3.025,0.0,-0.7651406,1.9275547,2.0382776,0.07045782208442687,0.6,0.6
0.48948591343298914,-0.009440013178361269,0.4810241464809249,63.18,-146800.63999999978,-0.8999999999999999,0.0,1.0,0.33866389965515253,3.0300000000000002,0.0,-0.7651406,1.9275547,2.0382776,0.07045782208442687,0.6,0.6
0.49122293820411206,0.008781503564017048,0.48267067833456434,61.919999999999995,-30.64553806900563,-0.8999999999999999,0.0,1.0,0.8879970702230864,3.035,0.0,-0.7651406,1.9275547,2.0382776,0.07045782208442687,0.6,0.6
0.4914738750574373,-0.011315516894288967,0.4845450889578125,60.839999999999996,-60397.977599999904,-1.08,-10066.329600000008,1.0,0.4302194280831415,3.04,0.0,-1.0057981,1.6541137,0.053432517,0.0,0.6,0.31602975502610203
0.49265315827666617,-0.004191874213079208,0.48567088609592646,60.12,-81618.88864864851,-1.08,0.0,1.0,0.7811822870570992,3.045,0.0,-1.0057981,1.6541137,0.053432517,0.0,0.6,0.31602975502610203
0.49378462171808984,-0.01885018327891859,0.487090397572533,59.4,-86282.82514285701,-1.08,0.0,1.0,0.46073793755913783,3.0500000000000003,0.0,-1.0057981,1.6541137,0.053432517,0.0,0.6,0.31602975502610203
0.49393657391114665,-0.0061079228059751425,0.4884348940061946,58.68,-86282.82514285701,-1.08,0.0,1.0,0.6438489944151158,3.055,0.0,-1.0057981,1.6541137,0.053432517,0.0,0.6,0.31602975502610203
0.4939092937222193,-0.0012885780252822943,0.48946881776011875,58.32,-41943.039999999935,-1.08,0.0,1.0,0.32340464491715437,3.06,0.0,-1.0857598,2.1467078,2.4531498,0.0,0.6,0.6
0.49431668124390515,0.015387580339340639,0.4913785703311345,58.14,-25165.82399999996,-1.08,0.0,1.0,0.41496017334514335,3.065,0.0,-1.0857598,2.1467078,2.4531498,0.0,0.6,0.6
0.4943340507751228,0.03400796995183422,0.4932865650067033,57.96,-23592.959999999963,-1.08,0.0,1.0,0.6285897396771176,3.0700000000000003,0.0,-1.0857598,2.1467078,2.4531498,0.0,0.6,0.6
0.49257286271596556,0.04839764345277643,0.49514850991296344,58.14,4.051423787751942,-1.08,0.0,1.0,0.6896267586291103,3.075,0.0,-1.0857598,2.1467078,2.4531498,0.0,0.6,0.6
0.4912213902489904,0.05882132834302143,0.497311126290096,58.32,10066.329599999985,-1.08,0.0,1.0,0.7811822870570992,3.08,0.0,-1.74606,2.8342235,4.401623,0.0,0.6,0.6
0.4909009365600915,0.09330085154513879,0.4988033202227207,58.5,20971.519999999968,-1.08,0.0,1.0,0.567552720725125,3.085,0.0,-1.74606,2.8342235,4.401623,0.0,0.6,0.6
0.4857746608649041,0.10280479954323565,0.49904699350316734,58.86,45756.04363636357,-1.08,0.0,1.0,0.659108249153114,3.09,0.0,-1.74606,2.8342235,4.401623,0.0,0.6,0.6
0.46865099878791894,0.11112037629927181,0.4980660327310857,59.22,50331.64799999992,-0.8999999999999999,25165.824000000022,1.0,0.6285897396771176,3.095,0.0,-1.74606,2.8342235,4.401623,0.0,0.6,0.6
0.4421152510716049,0.13589372908073238,0.49793832715247044,59.4,26963.382857142813,-0.8999999999999999,0.0,1.0,0.3539231543931507,3.1,0.0,-1.9425399,2.145798,5.376291,0.0,0.6,0.6
0.41140791236948593,0.1603092864277266,0.49790023402985306,59.58,22878.021818181784,-0.8999999999999999,0.0,1.0,0.49125644703513416,3.105,0.0,-1.9425399,2.145798,5.376291,0.0,0.6,0.6
0.3793792431752104,0.17100105808566307,0.49724565478694105,59.76,24354.023225806413,-0.8999999999999999,0.0,1.0,0.2776268807031599,3.11,0.0,-1.9425399,2.145798,5.376291,0.0,0.6,0.6
0.3489210091310159,0.1914100835258421,0.49664193358377867,59.76,0.0,-0.8999999999999999,0.0,1.0,0.49125644703513416,3.115,0.0,-1.9425399,2.145798,5.376291,0.0,0.6,0.6
0.3191386250056972,0.2114635124462791,0.49656168282793356,59.76,0.0,-0.8999999999999999,0.0,1.0,0.5065157017731323,3.12,0.0,-0.57536924,-0.8580448,3.5337865,0.12738922834396363,0.04258655905723572,0.6
0.29050738960206657,0.21914123517502684,0.496270723520173,59.4,-26963.382857142813,-0.8999999999999999,0.0,1.0,0.7048860133671084,3.125,0.0,-0.57536924,-0.8580448,3.5337865,0.12738922834396363,0.04258655905723572,0.6
0.2623112817610655,0.23843004334166146,0.4963308075638986,59.22,-24354.023225806413,-0.8999999999999999,0.0,1.0,0.5370342112491286,3.13,0.0,-0.57536924,-0.8580448,3.5337865,0.12738922834396363,0.04258655905723572,0.6
0.237156158843693,0.26469105473637367,0.49567014031566226,58.68,-73062.06967741923,-0.8999999999999999,0.0,1.0,0.7506637775811029,3.1350000000000002,0.0,-0.57536924,-0.8580448,3.5337865,0.12738922834396363,0.04258655905723572,0.6
0.21284897463912808,0.27701311070589174,0.49537859617193314,58.14,-75497.47199999988,-0.8999999999999999,0.0,1.0,0.567552720725125,3.14,0.0,1.7433385,-2.1974416,0.44364187,0.6,0.0,0.4330925613641739
0.19095339631741273,0.2827827343372368,0.4949519194273982,57.419999999999995,-100663.29600000083,-0.8999999999999999,0.0,1.0,0.7506637775811029,3.145,0.0,1.7433385,-2.1974416,0.44364187,0.6,0.0,0.4330925613641739
0.1700056760056602,0.2967682932238567,0.494601562616787,56.519999999999996,-117964.79999999981,-0.8999999999999999,0.0,1.0,0.49125644703513416,3.15,0.0,1.7433385,-2.1974416,0.44364187,0.6,0.0,0.4330925613641739
0.1520136927787923,0.3048016281797052,0.49444030941016937,55.62,-121770.11612903206,-0.8999999999999999,0.0,1.0,0.5980712302011213,3.1550000000000002,0.0,1.7433385,-2.1974416,0.44364187,0.6,0.0,0.4330925613641739
0.13359725606755926,0.31739936968470633,0.4944226087812255,54.36,-170478.1625806449,-0.8999999999999999,0.0,1.0,0.659108249153114,3.16,8.522881865501404,2.2840073,-1.123818,2.5842671,0.6,0.0,0.6
0.11985606885511824,0.3309711486932719,0.4943067595384397,52.919999999999995,-35.05925305037336,-0.8999999999999999,0.0,1.0,0.7506637775811029,3.165,8.522881865501404,2.2840073,-1.123818,2.5842671,0.6,0.0,0.6
0.11018303988737588,0.3401658378931688,0.4940252897970113,51.48,-81618.88864864851,-0.8999999999999999,0.0,1.0,0.49125644703513416,3.17,8.522881865501404,2.2840073,-1.123818,2.5842671,0.6,0.0,0.6
0.106278513802643,0.34661738314187585,0.4940048876713797,49.86,-183642.49945945916,-0.8999999999999999,0.0,1.0,0.8117007965330956,3.1750000000000003,8.522881865501404,2.2840073,-1.123818,2.5842671,0.6,0.0,0.6
0.1016758775199218,0.3442272826438361,0.4940197531677968,48.059999999999995,-215707.06285714338,-0.8999999999999999,0.0,1.0,0.567552720725125,3.18,20.0,1.2967277,-1.0691384,3.5987852,0.6,0.0,0.6
0.10223868909374596,0.33912922393755707,0.49391343511406377,46.26,-235929.59999999963,-0.8999999999999999,0.0,1.0,0.3997009186071452,3.185,20.0,1.2967277,-1.0691384,3.5987852,0.6,0.0,0.6
0.10253648132502304,0.32726973721479274,0.4937797501875239,44.28,-259522.5599999996,-0.8999999999999999,0.0,1.0,0.6133304849391195,3.19,20.0,1.2967277,-1.0691384,3.5987852,0.6,0.0,0.6
0.1073937251540697,0.33695686308059825,0.4935040188335602,42.3,-276824.06400000054,-0.8999999999999999,0.0,1.0,0.6133304849391195,3.1950000000000003,20.0,1.2967277,-1.0691384,3.5987852,0.6,0.0,0.6
0.11209153695019222,0.32710822149792507,0.4930151798562907,40.14,-312403.3324137926,-0.8999999999999999,0.0,1.0,0.567552720725125,3.2,8.522881865501404,1.159487,-2.0890403,-2.8787599,0.6,0.0,0.0
0.12485229212309365,0.3149278094378873,0.49233782022895983,37.98,-48.82775320139706,-0.8999999999999999,0.0,1.0,0.6438489944151158,3.205,8.522881865501404,1.159487,-2.0890403,-2.8787599,0.6,0.0,0.0
0.1466086801573507,0.2885526652932171,0.49216954114063355,35.82,-139379.94830769207,-0.8999999999999999,0.0,1.0,0.5065157017731323,3.21,8.522881865501404,1.159487,-2.0890403,-2.8787599,0.6,0.0,0.0
0.16442095596018916,0.268569076918884,0.4918326621958454,33.48,-297414.2836363641,-0.8999999999999999,0.0,1.0,0.6133304849391195,3.215,8.522881865501404,1.159487,-2.0890403,-2.8787599,0.6,0.0,0.0
0.18216180718852415,0.23762371115905942,0.4918731005582968,31.14,-327155.7119999995,-0.8999999999999999,0.0,1.0,0.5065157017731323,3.22,0.0,0.65257716,-1.6845167,-0.69309497,0.4957731485366821,0.0,0.09207150936126708
0.20162636475219187,0.21667802676791253,0.49188417267740187,28.799999999999997,-316602.30193548434,-0.8999999999999999,0.0,1.0,0.5217749565111305,3.225,0.0,0.65257716,-1.6845167,-0.69309497,0.4957731485366821,0.0,0.09207150936126708
0.2194025523086847,0.18689028613830974,0.4918850036917403,26.459999999999997,-306708.48,-0.8999999999999999,0.0,1.0,0.49125644703513416,3.23,0.0,0.65257716,-1.6845167,-0.69309497,0.4957731485366821,0.0,0.09207150936126708
0.23563509162162088,0.17053942990326681,0.49163555924922964,24.119999999999997,-316602.3019354839,-1.08,-24354.02322580647,1.0,0.7354045228431048,3.235,0.0,0.65257716,-1.6845167,-0.69309497,0.4957731485366821,0.0,0.09207150936126708
0.25419555352338774,0.14101197788575784,0.4919720037755599,21.779999999999998,-327155.712,-1.08,0.0,1.0,0.46073793755913783,3.24,0.0,0.58950025,-1.6937155,-3.5508065,0.4768500745296478,0.0,0.0
0.27138364337448123,0.12142168461197689,0.49182758182038344,19.8,-267894.25548387057,-1.08,0.0,1.0,0.5522934659871268,3.245,0.0,0.58950025,-1.6937155,-3.5508065,0.4768500745296478,0.0,0.0
0.2861227469462954,0.1168567115951422,0.4903454432176591,17.82,-48.24455913278882,-1.08,0.0,1.0,0.5828119754631231,3.25,0.0,0.58950025,-1.6937155,-3.5508065,0.4768500745296478,0.0,0.0
0.3030940430831558,0.09771109718955547,0.4886146848031944,16.2,-89404.90105263163,-1.08,0.0,1.0,0.6438489944151158,3.255,0.0,0.58950025,-1.6937155,-3.5508065,0.4768500745296478,0.0,0.0
0.31877518813611727,0.07671402731454165,0.4879988776577961,14.94,-142833.0551351351,-1.08,0.0,1.0,0.24710837122716356,3.2600000000000002,0.0,0.94583917,-1.7394024,-0.236714,0.5837517499923706,0.0,0.22898579835891722
0.3301337113750439,0.06659183704215746,0.48718971913222253,13.86,-133230.8329411765,-1.08,0.0,1.0,0.6133304849391195,3.265,0.0,0.94583917,-1.7394024,-0.236714,0.5837517499923706,0.0,0.22898579835891722
0.3428505007298954,0.057180028903700574,0.4838812380939176,13.5,-47185.919999999925,-1.08,0.0,1.0,0.41496017334514335,3.27,0.0,0.94583917,-1.7394024,-0.236714,0.5837517499923706,0.0,0.22898579835891722
0.35392768098180677,0.05100812034989873,0.48074283270628465,13.32,-22205.138823529378,-1.08,0.0,1.0,0.6896267586291103,3.275,0.0,0.94583917,-1.7394024,-0.236714,0.5837517499923706,0.0,0.22898579835891722
0.3616572808187917,0.04193792694225848,0.47575483545258584,13.68,48708.04645161283,-1.08,0.0,1.0,0.659108249153114,3.2800000000000002,0.0,1.4948314,-1.4824694,-0.23629475,0.6,0.0,0.22911157608032226
0.370064157428718,0.03923697657626754,0.46285202338608616,14.58,125829.12000000005,-1.08,0.0,1.0,0.7964415417950974,3.285,0.0,1.4948314,-1.4824694,-0.23629475,0.6,0.0,0.22911157608032226
0.37769363063802563,0.0468171282539021,0.44413155868937815,15.84,28.438407611093766,-1.08,0.0,1.0,0.49125644703513416,3.29,0.0,1.4948314,-1.4824694,-0.23629475,0.6,0.0,0.22911157608032226
0.38203614955119963,0.04876080986464255,0.42814347714508855,17.28,104134.44413793113,-1.08,0.0,1.0,0.7354045228431048,3.295,0.0,1.4948314,-1.4824694,-0.23629475,0.6,0.0,0.22911157608032226
0.386677586817655,0.04067984320524759,0.4110349893977596,19.259999999999998,244256.52705882315,-1.08,0.0,1.0,0.384441663869147,3.3000000000000003,0.0,1.046577,-1.5559592,0.28043455,0.6,0.0,0.38413036465644834
0.39126463849539694,0.018437410208675682,0.3901443244421427,21.419999999999998,292248.27870967746,-0.8999999999999999,24354.02322580647,1.0,0.659108249153114,3.305,0.0,1.046577,-1.5559592,0.28043455,0.6,0.0,0.38413036465644834
0.3937743826921022,0.01957620918623862,0.3690348110921404,23.939999999999998,352321.53599999996,-0.8999999999999999,0.0,1.0,0.5980712302011213,3.31,0.0,1.046577,-1.5559592,0.28043455,0.6,0.0,0.38413036465644834
0.3977196561685051,0.01963980288601253,0.34875103302634103,26.459999999999997,352321.53599999996,-0.8999999999999999,0.0,1.0,0.6285897396771176,3.315,0.0,1.046577,-1.5559592,0.28043455,0.6,0.0,0.38413036465644834
0.40366659249105535,0.011112694763765257,0.3312166014072488,29.52,427819.0080000003,-0.8999999999999999,0.0,1.0,0.5065157017731323,3.3200000000000003,0.0,0.51799405,-1.2501343,0.85021305,0.45539821386337276,0.0,0.5550639152526855
0.4088497648248792,0.007843974454155198,0.3181587640964706,32.58,401080.31999999983,-0.8999999999999999,0.0,1.0,0.5522934659871268,3.325,0.0,0.51799405,-1.2501343,0.85021305,0.45539821386337276,0.0,0.5550639152526855
0.4140842562269811,-0.0011930182661045988,0.30728307785843334,35.64,427819.0080000003,-0.8999999999999999,0.0,1.0,0.5522934659871268,3.33,0.0,0.51799405,-1.2501343,0.85021305,0.45539821386337276,0.0,0.5550639152526855
0.4194542170464021,-0.010810393347528962,0.2992366493286072,39.059999999999995,83.56988284094669,-0.72,4.398414886365621,1.0,0.8879970702230864,3.335,0.0,0.51799405,-1.2501343,0.85021305,0.45539821386337276,0.0,0.5550639152526855
0.4241763116177178,-0.01910120062992414,0.2938069750210934,42.48,265639.2533333335,-0.72,0.0,1.0,0.567552720725125,3.34,0.0,0.53977937,-0.21503428,4.5476007,0.4619338095188141,0.23548971712589262,0.6
0.4289483620681856,-0.023377293079749072,0.29079060506449456,45.9,398458.8800000002,-0.72,0.0,1.0,0.6133304849391195,3.345,0.0,0.53977937,-0.21503428,4.5476007,0.4619338095188141,0.23548971712589262,0.6
0.4347302730678489,-0.0003222191267613944,0.2898508862009951,49.5,539267.6571428573,-0.72,0.0,1.0,0.5828119754631231,3.35,0.0,0.53977937,-0.21503428,4.5476007,0.4619338095188141,0.23548971712589262,0.6
0.4395447495606132,-0.020927673480337264,0.28926055733089745,53.1,503316.4800000002,-0.72,0.0,1.0,0.7659230323191011,3.355,0.0,0.53977937,-0.21503428,4.5476007,0.4619338095188141,0.23548971712589262,0.6
0.44460364682453013,-0.014198869413022784,0.2886892789468216,56.519999999999996,448266.2399999993,-0.72,0.0,1.0,0.33866389965515253,3.36,0.0,1.1051338,-0.2982154,1.8881546,0.6,0.2105353832244873,0.6
0.44913633467865316,-0.006541771020442313,0.2903905087253454,60.12,368280.35121951235,-0.72,0.0,1.0,0.6285897396771176,3.365,0.0,1.1051338,-0.2982154,1.8881546,0.6,0.2105353832244873,0.6
0.45286695847656255,-0.011277141958959751,0.29139281715719206,63.54,434682.4145454548,-0.72,0.0,1.0,0.384441663869147,3.37,0.0,1.1051338,-0.2982154,1.8881546,0.6,0.2105353832244873,0.6
0.45693994638370355,-0.010567686746117359,0.2918337699670836,66.78,73.28428654630173,-0.72,0.0,1.0,0.7506637775811029,3.375,0.0,1.1051338,-0.2982154,1.8881546,0.6,0.2105353832244873,0.6
0.4606909285030881,-0.01962814909914869,0.29382075270243213,70.2,265639.2533333335,-0.72,0.0,1.0,0.384441663869147,3.38,0.0,0.807726,-0.66933775,3.8721626,0.542317807674408,0.09919867515563964,0.6
0.46271697679813223,-0.019032546312720583,0.2996912369090308,73.25999999999999,388926.3709090894,-0.72,0.0,1.0,0.6285897396771176,3.3850000000000002,0.0,0.807726,-0.66933775,3.8721626,0.542317807674408,0.09919867515563964,0.6
0.46529391760236766,-0.01525075681005659,0.30502627803379156,76.32,414018.39483870997,-0.72,0.0,1.0,0.41496017334514335,3.39,0.0,0.807726,-0.66933775,3.8721626,0.542317807674408,0.09919867515563964,0.6
0.4659323628469607,-0.019360428773212018,0.3140153379449525,79.38,427819.0080000003,-0.72,0.0,1.0,0.7354045228431048,3.395,0.0,0.807726,-0.66933775,3.8721626,0.542317807674408,0.09919867515563964,0.6
0.46711598471081034,-0.010837350392898145,0.3268259613533241,81.89999999999999,330301.4399999995,-0.72,0.0,1.0,0.41496017334514335,3.4,0.0,1.3135235,-1.7291956,0.71597683,0.6,0.0,0.514793050289154
0.4681466446498637,0.014425014595575648,0.33952783508459894,84.42,340956.3251612917,-0.54,24354.023225806442,1.0,0.7506637775811029,3.4050000000000002,0.0,1.3135235,-1.7291956,0.71597683,0.6,0.0,0.514793050289154
0.46811186002790617,0.005808239707678436,0.35199804502421483,86.39999999999999,276824.06399999856,-0.36,25165.824000000008,1.0,0.32340464491715437,3.41,0.0,1.3135235,-1.7291956,0.71597683,0.6,0.0,0.514793050289154
0.4686881247685442,0.038850335917393404,0.36577851477532963,87.84,188743.68000000156,0.0,47185.92,1.0,0.5980712302011213,3.415,0.0,1.3135235,-1.7291956,0.71597683,0.6,0.0,0.514793050289154
0.46927700787639787,0.05305147607416052,0.3785102990936121,88.74,22.00848652335872,0.72,17.60678921868714,1.0,0.6438489944151158,3.42,0.0,1.0505036,-1.1383486,4.0624466,0.6,0.0,0.6
0.46984692518210597,0.06981036853325255,0.38897693386796856,89.1,21570.706285714252,1.6199999999999999,53926.765714285706,1.0,0.49125644703513416,3.4250000000000003,0.0,1.0505036,-1.1383486,4.0624466,0.6,0.0,0.6
0.47026544210173554,0.07957321283271486,0.3993708166244887,89.1,0.0,2.16,66615.41647058827,1.0,0.4302194280831415,3.43,0.0,1.0505036,-1.1383486,4.0624466,0.6,0.0,0.6
0.4707383786092205,0.09451074162305491,0.4080302089283764,88.74,-47185.919999999925,2.34,23592.959999999963,1.0,0.6285897396771176,3.435,0.0,1.0505036,-1.1383486,4.0624466,0.6,0.0,0.6
0.471373803048663,0.09029080793635766,0.41498201242663424,88.2,-73062.06967741827,1.7999999999999998,-73062.06967741936,1.0,0.41496017334514335,3.44,0.0,0.84839046,-1.1048025,1.3867828,0.5545171380043029,0.0,0.6
0.47153126678672364,0.08741235326751495,0.42190629651304234,87.47999999999999,-86282.82514285871,0.72,-129424.2377142857,1.0,0.8422193060090919,3.4450000000000003,0.0,0.84839046,-1.1048025,1.3867828,0.5545171380043029,0.0,0.6
0.47191042266461847,0.08759381091643403,0.4277112582110059,86.58,-130168.05517241255,-0.72,-208268.88827586206,1.0,0.4302194280831415,3.45,0.0,0.84839046,-1.1048025,1.3867828,0.5545171380043029,0.0,0.6
0.47187419505899064,0.08482237010386715,0.43195451971352095,84.78,-243540.23225806412,-0.54,24354.023225806442,1.0,0.5370342112491286,3.455,0.0,0.84839046,-1.1048025,1.3867828,0.5545171380043029,0.0,0.6
0.4714558136711034,0.07629007662461315,0.4368645636412698,82.98,-40.84852642798779,-0.54,0.0,1.0,0.2776268807031599,3.46,0.0,0.1902704,-1.7406474,0.20321119,0.3570811182260513,0.0,0.3609633564949036
0.47165785419378736,0.08848181792805584,0.4409498211065587,81.0,-145696.87578947397,-0.8999999999999999,-26490.34105263157,1.0,0.6743675038911121,3.465,0.0,0.1902704,-1.7406474,0.20321119,0.3570811182260513,0.0,0.3609633564949036
0.47160770689297526,0.07326008960464558,0.4439844856991302,79.02,-276824.06400000054,-0.72,25165.82399999999,1.0,0.41496017334514335,3.47,0.0,0.1902704,-1.7406474,0.20321119,0.3570811182260513,0.0,0.3609633564949036
0.47192870196869446,0.05893164812552184,0.44739463290011383,77.03999999999999,-286369.72137931094,-0.8999999999999999,-26033.61103448275,1.0,0.7354045228431048,3.475,0.0,0.1902704,-1.7406474,0.20321119,0.3570811182260513,0.0,0.3609633564949036
0.4728656103147,0.07849506086489509,0.4512418778664264,74.7,-350523.9771428555,-0.8999999999999999,0.0,1.0,0.41496017334514335,3.48,0.0,0.08540669,-2.0741587,2.361125,0.3256220072507858,0.0,0.6
0.47371248984433445,0.06721849055072172,0.4542465151368427,72.53999999999999,-301989.8880000015,-0.8999999999999999,0.0,1.0,0.5370342112491286,3.485,0.0,0.08540669,-2.0741587,2.361125,0.3256220072507858,0.0,0.6
0.47434195840315285,0.05168594443445183,0.4574504270639239,70.38,-258848.47542857102,-0.8999999999999999,0.0,1.0,0.567552720725125,3.49,0.0,0.08540669,-2.0741587,2.361125,0.3256220072507858,0.0,0.6
0.47593870822576656,0.06206906612123788,0.46081810612861995,68.03999999999999,-272629.7600000004,-0.8999999999999999,0.0,1.0,0.6438489944151158,3.495,0.0,0.08540669,-2.0741587,2.361125,0.3256220072507858,0.0,0.6
0.47746736437347226,0.05600628485167142,0.4636534176442047,66.06,-251658.2399999987,-0.8999999999999999,0.0,1.0,0.5065157017731323,3.5,0.0,-0.15376747,-1.6229485,0.5885615,0.2538697600364685,0.0,0.47656844258308406
0.4786306959167458,0.03745373979833346,0.4652203788617125,63.9,-49.82454485459114,-0.8999999999999999,0.0,1.0,0.5828119754631231,3.505,0.0,-0.15376747,-1.6229485,0.5885615,0.2538697600364685,0.0,0.47656844258308406
0.48033082242249175,0.032705641549197126,0.4660588065056601,61.919999999999995,-153791.146666667,-0.8999999999999999,0.0,1.0,0.33866389965515253,3.5100000000000002,0.0,-0.15376747,-1.6229485,0.5885615,0.2538697600364685,0.0,0.47656844258308406
0.48207005071981185,0.016747521748706168,0.4666095172582821,60.12,-251658.2399999996,-0.8999999999999999,0.0,1.0,0.8879970702230864,3.515,0.0,-0.15376747,-1.6229485,0.5885615,0.2538697600364685,0.0,0.47656844258308406
0.4833731661404686,0.0211823158816685,0.465886985420293,58.32,-251658.2399999996,-0.8999999999999999,0.0,1.0,0.3539231543931507,3.52,0.0,0.035585217,-1.4512631,1.9277211,0.31067556515336037,0.0,0.6
0.48443823055170476,0.00828853158405212,0.46487375276908166,56.879999999999995,-215707.06285714358,-0.8999999999999999,0.0,1.0,0.7506637775811029,3.525,0.0,0.035585217,-1.4512631,1.9277211,0.31067556515336037,0.0,0.6
0.48636728616177827,0.01951245604598215,0.46483352955921436,55.44,-188743.6799999997,-1.08,-23592.96000000002,1.0,0.3997009186071452,3.5300000000000002,0.0,0.035585217,-1.4512631,1.9277211,0.31067556515336037,0.0,0.6
0.4877590712822454,0.01320555705617813,0.46395264826924343,54.36,-150994.94399999976,-1.08,0.0,1.0,0.5370342112491286,3.535,0.0,0.035585217,-1.4512631,1.9277211,0.31067556515336037,0.0,0.6
0.4878549741375656,0.008215406861611502,0.4639646196964403,53.46,-125829.1199999998,-1.08,0.0,1.0,0.5370342112491286,3.54,0.0,-0.31006238,-0.42772472,0.639204,0.20698128640651703,0.17168258428573607,0.4917612075805664
0.48897623515100924,-0.00042359501052086735,0.46410425271705935,52.739999999999995,-97416.09290322661,-1.08,0.0,1.0,0.7506637775811029,3.545,0.0,-0.31006238,-0.42772472,0.639204,0.20698128640651703,0.17168258428573607,0.4917612075805664
0.4890542882213681,-0.008722895959905483,0.4635391033742495,52.379999999999995,-8.560434952689244,-1.08,0.0,1.0,0.6133304849391195,3.5500000000000003,0.0,-0.31006238,-0.42772472,0.639204,0.20698128640651703,0.17168258428573607,0.4917612075805664
0.48497008892119203,0.0028162696106939417,0.46337619204376074,52.199999999999996,-13981.01333333331,-1.08,0.0,1.0,0.5980712302011213,3.555,0.0,-0.31006238,-0.42772472,0.639204,0.20698128640651703,0.17168258428573607,0.4917612075805664
0.4744147197782652,-0.0028707276594460286,0.46315026263732617,52.019999999999996,-23592.959999999963,-1.08,0.0,1.0,0.3081453901791562,3.56,0.0,-0.7562672,1.7256494,2.3080134,0.07311984300613403,0.6,0.6
0.4647906768134148,0.0043051366309596745,0.4622691294999648,52.199999999999996,25165.82399999996,-0.8999999999999999,25165.824000000022,1.0,0.7354045228431048,3.565,0.0,-0.7562672,1.7256494,2.3080134,0.07311984300613403,0.6,0.6
0.4501990946930798,0.009694647453657656,0.4630692971950271,52.379999999999995,25165.82399999996,-0.8999999999999999,0.0,1.0,0.6285897396771176,3.5700000000000003,0.0,-0.7562672,1.7256494,2.3080134,0.07311984300613403,0.6,0.6
0.43340635797471094,-0.0053641735328627685,0.4662032593620338,52.739999999999995,47185.919999999925,-0.8999999999999999,0.0,1.0,0.7201452681051066,3.575,0.0,-0.7562672,1.7256494,2.3080134,0.07311984300613403,0.6,0.6
0.4203570672945768,-0.017852171071737102,0.46871984574395154,52.919999999999995,25165.82399999996,-0.8999999999999999,0.0,1.0,0.44547868282113967,3.58,0.0,-0.81011355,2.1615176,1.8038578,0.05696593523025512,0.6,0.6
0.4084952430279306,-0.014840373141677566,0.47113233506580415,53.1,23592.960000000894,-0.8999999999999999,0.0,1.0,0.5217749565111305,3.585,0.0,-0.81011355,2.1615176,1.8038578,0.05696593523025512,0.6,0.6
0.39252251055551696,-0.017690729269721768,0.47483656284704207,53.28,4.098134445023443,-0.8999999999999999,0.0,1.0,0.3539231543931507,3.59,0.0,-0.81011355,2.1615176,1.8038578,0.05696593523025512,0.6,0.6
0.38026559246163827,-0.01804821653402831,0.4775087816696122,53.46,7947.1023157894615,-0.8999999999999999,0.0,1.0,0.7964415417950974,3.595,0.0,-0.81011355,2.1615176,1.8038578,0.05696593523025512,0.6,0.6
0.3691240947123572,-0.011525862428268445,0.4792028612388446,53.46,0.0,-0.8999999999999999,0.0,1.0,0.2623676259651617,3.6,0.0,-0.7791816,2.447788,2.42926,0.06624552011489868,0.6,0.6
0.35618695977547815,0.0078119348442602585,0.48155542232005877,53.46,0.0,-0.8999999999999999,0.0,1.0,0.659108249153114,3.605,0.0,-0.7791816,2.447788,2.42926,0.06624552011489868,0.6,0.6
0.3447644358727561,0.03727359689115689,0.48334383917238555,53.46,0.0,-0.8999999999999999,0.0,1.0,0.3997009186071452,3.61,0.0,-0.7791816,2.447788,2.42926,0.06624552011489868,0.6,0.6
0.3352026470569644,0.0440395205890491,0.4847724529291244,53.28,-22205.138823529378,-0.8999999999999999,0.0,1.0,0.3539231543931507,3.615,0.0,-0.7791816,2.447788,2.42926,0.06624552011489868,0.6,0.6
0.32226304420682,0.05227734081634788,0.48807100729449737,52.919999999999995,-45756.04363636447,-0.8999999999999999,0.0,1.0,0.44547868282113967,3.62,0.0,-1.4820707,3.1235824,4.7301135,0.0,0.6,0.6
0.3097442023429897,0.08288411429942534,0.49055953957555276,52.739999999999995,-22878.021818181784,-0.8999999999999999,0.0,1.0,0.6896267586291103,3.625,0.0,-1.4820707,3.1235824,4.7301135,0.0,0.6,0.6
0.29772249952324664,0.10127731351560905,0.49269598647123214,52.379999999999995,-47185.919999999925,-0.8999999999999999,0.0,1.0,0.49125644703513416,3.63,0.0,-1.4820707,3.1235824,4.7301135,0.0,0.6,0.6
0.28469598202605284,0.11638048038235362,0.495346441231579,51.839999999999996,-13.105455639584989,-0.8999999999999999,0.0,1.0,0.7964415417950974,3.6350000000000002,0.0,-1.4820707,3.1235824,4.7301135,0.0,0.6,0.6
0.27107963808670993,0.14707098440853905,0.4979758229698861,51.3,-26033.611034482718,-0.8999999999999999,0.0,1.0,0.6133304849391195,3.64,0.0,-1.4146701,2.56953,5.7271795,0.0,0.6,0.6
0.2600356739031966,0.17016856738276945,0.49933134127316275,50.76,-52672.65488372085,-0.8999999999999999,0.0,1.0,0.7506637775811029,3.645,0.0,-1.4146701,2.56953,5.7271795,0.0,0.6,0.6
0.24860838230164167,0.1797277806657202,0.5000414699768917,50.22,-66615.41647058813,-0.8999999999999999,0.0,1.0,0.384441663869147,3.65,0.0,-1.4146701,2.56953,5.7271795,0.0,0.6,0.6
0.23733932326794535,0.20072925192254715,0.5008928978212,49.5,-97416.09290322565,-0.8999999999999999,0.0,1.0,0.7811822870570992,3.6550000000000002,0.0,-1.4146701,2.56953,5.7271795,0.0,0.6,0.6
0.22873494825842944,0.21999577293969835,0.5007900771395277,48.6,-117964.79999999981,-0.8999999999999999,0.0,1.0,0.3081453901791562,3.66,0.0,0.3953041,0.72344077,4.848282,0.418591234087944,0.5170322299003601,0.6
0.22002618674882754,0.22864127101843149,0.5007749884898365,47.699999999999996,-117964.80000000075,-0.8999999999999999,0.0,1.0,0.567552720725125,3.665,0.0,0.3953041,0.72344077,4.848282,0.418591234087944,0.5170322299003601,0.6
0.21049062140743122,0.24455641236855413,0.5005159414597875,46.8,-114390.10909090891,-0.8999999999999999,0.0,1.0,0.44547868282113967,3.67,0.0,0.3953041,0.72344077,4.848282,0.418591234087944,0.5170322299003601,0.6
0.2029596785550011,0.27003040993956856,0.5001073880769662,45.9,-20.806570135646812,-0.8999999999999999,0.0,1.0,0.8422193060090919,3.6750000000000003,0.0,0.3953041,0.72344077,4.848282,0.418591234087944,0.5170322299003601,0.6
0.19619489404128082,0.2794094354358296,0.4995727196546616,44.82,-73062.06967741923,-0.8999999999999999,0.0,1.0,0.5217749565111305,3.68,0.0,2.4497771,-2.2774704,-2.5518765,0.6,0.0,0.0
0.18633630189719771,0.2944934583801383,0.49945038764808325,43.559999999999995,-160146.15272727338,-0.8999999999999999,0.0,1.0,0.6438489944151158,3.685,0.0,2.4497771,-2.2774704,-2.5518765,0.6,0.0,0.0
0.17442165251633418,0.3157151742100784,0.4990997879188119,42.3,-170478.1625806449,-0.8999999999999999,0.0,1.0,0.5980712302011213,3.69,0.0,2.4497771,-2.2774704,-2.5518765,0.6,0.0,0.0
0.1608139178692809,0.32854248568795147,0.49861248563438604,41.04,-170478.1625806449,-0.8999999999999999,0.0,1.0,0.7659230323191011,3.6950000000000003,0.0,2.4497771,-2.2774704,-2.5518765,0.6,0.0,0.0
0.14631654179669637,0.3272100326741807,0.49825365555914664,39.78,-170478.1625806449,-0.8999999999999999,0.0,1.0,0.384441663869147,3.7,8.522881865501404,2.0813432,-1.1962444,2.6576784,0.6,0.0,0.6
0.133006354710598,0.34205857369101494,0.4979849979307657,38.16,-212336.6400000006,-0.8999999999999999,0.0,1.0,0.7048860133671084,3.705,8.522881865501404,2.0813432,-1.1962444,2.6576784,0.6,0.0,0.6
0.12154461966470628,0.35574180362706326,0.4978355680109802,36.72,-177641.11058823502,-0.8999999999999999,0.0,1.0,0.5828119754631231,3.71,8.522881865501404,2.0813432,-1.1962444,2.6576784,0.6,0.0,0.6
0.1174492496492592,0.3716691138431117,0.49737023375308237,35.1,-212336.63999999966,-0.8999999999999999,0.0,1.0,0.6133304849391195,3.715,8.522881865501404,2.0813432,-1.1962444,2.6576784,0.6,0.0,0.6
0.11662258507058289,0.3775935966690111,0.49699732778584166,33.3,-43.33605335966121,-0.8999999999999999,0.0,1.0,0.475997192297136,3.72,20.0,1.6649561,-1.2160224,-0.5821254,0.6,0.0,0.12536237239837647
0.114937406673014,0.38344565710955425,0.4964571538879055,31.5,-76260.0727272726,-0.8999999999999999,0.0,1.0,0.6743675038911121,3.725,20.0,1.6649561,-1.2160224,-0.5821254,0.6,0.0,0.12536237239837647
0.12263199363965047,0.3883296224929032,0.4946377166178673,29.7,-188743.68000000008,-0.8999999999999999,0.0,1.0,0.6285897396771176,3.73,20.0,1.6649561,-1.2160224,-0.5821254,0.6,0.0,0.12536237239837647
0.1420761104751974,0.38580819539889016,0.4930657428887608,27.72,-244256.5270588236,-0.8999999999999999,0.0,1.0,0.6438489944151158,3.735,20.0,1.6649561,-1.2160224,-0.5821254,0.6,0.0,0.12536237239837647
0.160492110215214,0.3895382309974315,0.49289735415558034,25.74,-286369.7213793104,-0.8999999999999999,0.0,1.0,0.3539231543931507,3.74,8.522881865501404,0.6854212,-0.93212914,-0.36023763,0.505626368522644,0.02036125659942627,0.19192871153354643
0.17750747557105895,0.3829007386706188,0.490726908772825,23.939999999999998,-215707.06285714294,-0.8999999999999999,0.0,1.0,0.6743675038911121,3.745,8.522881865501404,0.6854212,-0.93212914,-0.36023763,0.505626368522644,0.02036125659942627,0.19192871153354643
0.19764244236742037,0.37954175966792403,0.48644186593162575,21.96,-259522.5599999996,-0.8999999999999999,0.0,1.0,0.4302194280831415,3.75,8.522881865501404,0.6854212,-0.93212914,-0.36023763,0.505626368522644,0.02036125659942627,0.19192871153354643
0.21608629848008243,0.3701351518449678,0.4822539110014165,19.98,-276824.0640000001,-0.8999999999999999,0.0,1.0,0.7964415417950974,3.755,8.522881865501404,0.6854212,-0.93212914,-0.36023763,0.505626368522644,0.02036125659942627,0.19192871153354643
0.23116192893242815,0.35279712703855837,0.4796216520085478,18.0,-44.890388756756764,-1.08,-4.080944432432436,1.0,0.4302194280831415,3.7600000000000002,0.0,0.81233156,-1.5052065,-3.7914271,0.5436994671821594,0.0,0.0
0.2497655180540619,0.3247909138945573,0.47883428090193714,16.38,-107853.5314285715,-1.08,0.0,1.0,0.5217749565111305,3.765,0.0,0.81233156,-1.5052065,-3.7914271,0.5436994671821594,0.0,0.0
0.2670246367059369,0.29672954670226087,0.47782555436498486,14.76,-205902.19636363626,-1.08,0.0,1.0,0.4302194280831415,3.77,0.0,0.81233156,-1.5052065,-3.7914271,0.5436994671821594,0.0,0.0
0.27998950650133936,0.2676799679606216,0.47474957069302176,13.5,-176160.76799999998,-1.08,0.0,1.0,0.6438489944151158,3.775,0.0,0.81233156,-1.5052065,-3.7914271,0.5436994671821594,0.0,0.0
0.2948637029798427,0.2456647051166642,0.4634356356642227,12.78,-100663.29600000009,-1.08,0.0,1.0,0.7506637775811029,3.7800000000000002,0.0,0.70921195,-1.8140191,-1.8209295,0.5127635836601258,0.0,0.0
0.31036613811936137,0.2151660478484884,0.44862408385967056,12.24,-59603.26736842096,-1.08,0.0,1.0,0.6896267586291103,3.785,0.0,0.70921195,-1.8140191,-1.8209295,0.5127635836601258,0.0,0.0
0.3214730039255378,0.19449877550579434,0.43443902476467045,12.059999999999999,-23592.960000000196,-1.08,0.0,1.0,0.41496017334514335,3.79,0.0,0.70921195,-1.8140191,-1.8209295,0.5127635836601258,0.0,0.0
0.3334168077938534,0.16765863549314133,0.41751348661948673,12.24,24354.023225806653,-1.08,0.0,1.0,0.46073793755913783,3.795,0.0,0.70921195,-1.8140191,-1.8209295,0.5127635836601258,0.0,0.0
0.3450177626961267,0.14842622017516793,0.39972527355387105,12.959999999999999,100663.29599999984,-1.08,0.0,1.0,0.6438489944151158,3.8000000000000003,0.0,0.59205425,-1.3979776,-2.348775,0.477616274356842,0.0,0.0
0.3522002007172026,0.1370727719346206,0.3851185658216285,14.04,26.432375317286652,-0.8999999999999999,4.405395886214446,1.0,0.6896267586291103,3.805,0.0,0.59205425,-1.3979776,-2.348775,0.477616274356842,0.0,0.0
0.3596345643610957,0.12142378460747161,0.36878933707773925,15.299999999999999,85239.08129032256,-0.8999999999999999,0.0,1.0,0.3997009186071452,3.81,0.0,0.59205425,-1.3979776,-2.348775,0.477616274356842,0.0,0.0
0.3692677234252546,0.1083442182922177,0.35264330802751065,17.099999999999998,222051.388235294,-0.8999999999999999,0.0,1.0,0.7659230323191011,3.815,0.0,0.59205425,-1.3979776,-2.348775,0.477616274356842,0.0,0.0
0.37551720399921384,0.09612404673333631,0.3386944843972721,19.08,267894.25548387103,-0.8999999999999999,0.0,1.0,0.5522934659871268,3.8200000000000003,0.0,0.06365109,-0.8747475,-0.35193008,0.31909532770514487,0.03757574558258057,0.19442097544670103
0.3815752406299146,0.0928572909038633,0.32511152253816994,21.419999999999998,316602.3019354839,-0.8999999999999999,0.0,1.0,0.7354045228431048,3.825,0.0,0.06365109,-0.8747475,-0.35193008,0.31909532770514487,0.03757574558258057,0.19442097544670103
0.38824518498583344,0.08490807124529799,0.3084248826762218,24.119999999999997,353894.3999999999,-0.8999999999999999,0.0,1.0,0.6133304849391195,3.83,0.0,0.06365109,-0.8747475,-0.35193008,0.31909532770514487,0.03757574558258057,0.19442097544670103
0.3930680484109812,0.06243586036711944,0.28985319672440435,27.0,377487.36000000034,-0.8999999999999999,0.0,1.0,0.6896267586291103,3.835,0.0,0.06365109,-0.8747475,-0.35193008,0.31909532770514487,0.03757574558258057,0.19442097544670103
0.39714476925597286,0.07002782939186085,0.2694304464071174,30.06,427819.0079999998,-0.8999999999999999,0.0,1.0,0.2776268807031599,3.84,0.0,-0.016432077,-1.1173441,3.9063773,0.29507037699222566,0.0,0.6
0.4023140610182421,0.06076730933491062,0.24901795251391104,33.12,68.88381533044941,-0.72,4.051989137085259,1.0,0.5980712302011213,3.845,0.0,-0.016432077,-1.1173441,3.9063773,0.29507037699222566,0.0,0.6
0.406300524849004,0.040589290530859634,0.2283533794648968,36.54,183904.09846153855,-0.72,0.0,1.0,0.4302194280831415,3.85,0.0,-0.016432077,-1.1173441,3.9063773,0.29507037699222566,0.0,0.6
0.4099504466479996,0.024186636070288536,0.20855066285125637,39.96,434682.4145454548,-0.72,0.0,1.0,0.6743675038911121,3.855,0.0,-0.016432077,-1.1173441,3.9063773,0.29507037699222566,0.0,0.6
0.4136757472614416,0.022052634096650637,0.18959317400375147,43.379999999999995,478150.65599999926,-0.72,0.0,1.0,0.659108249153114,3.86,0.0,0.13346955,-1.8251985,3.125783,0.34004086554050444,0.0,0.6
0.416816880830634,0.02537091253690085,0.17236223509914578,46.8,494638.6096551727,-0.72,0.0,1.0,0.6438489944151158,3.865,0.0,0.13346955,-1.8251985,3.125783,0.34004086554050444,0.0,0.6
0.4172336215291117,0.030909629697733983,0.15928041725414172,50.22,462726.4412903228,-0.72,0.0,1.0,0.1097750785851801,3.87,0.0,0.13346955,-1.8251985,3.125783,0.34004086554050444,0.0,0.6
0.41438929852649786,0.016947790633262794,0.15206601784661317,53.64,421897.63764705905,-0.54,22205.138823529403,1.0,0.6896267586291103,3.875,0.0,0.13346955,-1.8251985,3.125783,0.34004086554050444,0.0,0.6
0.41245911182205997,0.017232212720009656,0.1478352559169746,57.059999999999995,462726.4412903219,-0.54,0.0,1.0,0.3539231543931507,3.88,0.0,0.5371419,-1.412129,4.745596,0.4611425757408142,0.0,0.6
0.41024347770484626,0.027178916420603796,0.14581683615557106,60.48,462726.4412903228,-0.36,24354.023225806457,1.0,0.6743675038911121,3.8850000000000002,0.0,0.5371419,-1.412129,4.745596,0.4611425757408142,0.0,0.6
0.40758822892147306,0.029461658211934284,0.14653690839305128,63.54,74.03036436733217,-0.18,4.354727315725418,1.0,0.3539231543931507,3.89,0.0,0.5371419,-1.412129,4.745596,0.4611425757408142,0.0,0.6
0.40619341755683497,0.015407308575937233,0.14865109582219313,66.6,164545.77230769204,0.18,19358.326153846152,1.0,0.5065157017731323,3.895,0.0,0.5371419,-1.412129,4.745596,0.4611425757408142,0.0,0.6
0.40442760355477914,0.011386722613935196,0.15209065733021818,69.48,345131.3005714297,0.8999999999999999,86282.82514285714,1.0,0.4302194280831415,3.9,0.0,0.5138367,-1.4805744,3.6593122,0.4541510045528412,0.0,0.6
0.40291676021304534,0.018276166945955585,0.1635796211064438,72.36,366048.34909090854,1.6199999999999999,91512.08727272727,1.0,0.6743675038911121,3.9050000000000002,0.0,0.5138367,-1.4805744,3.6593122,0.4541510045528412,0.0,0.6
0.4021945142926614,0.019255817355791842,0.18183726604562236,74.88,310871.9435294113,2.34,88820.55529411764,1.0,0.46073793755913783,3.91,0.0,0.5138367,-1.4805744,3.6593122,0.4541510045528412,0.0,0.6
0.4017419022994695,0.016997893225969472,0.19895517843184504,77.22,288666.8047058828,3.42,133230.8329411765,1.0,0.7354045228431048,3.915,0.0,0.5138367,-1.4805744,3.6593122,0.4541510045528412,0.0,0.6
0.4003861708624152,0.020489976302738917,0.2154699302258833,79.38,283115.51999999955,4.5,141557.76,1.0,0.6438489944151158,3.92,0.0,0.37861753,-0.47259486,4.954915,0.4135852575302124,0.1582215428352356,0.6
0.4004245139798115,0.019988168665065736,0.23485967272742744,81.53999999999999,266461.6658823525,5.58,133230.8329411765,1.0,0.5522934659871268,3.9250000000000003,0.0,0.37861753,-0.47259486,4.954915,0.4135852575302124,0.1582215428352356,0.6
0.4006491999473377,0.021143409665228485,0.2512580459997052,83.16,212336.6400000006,6.84,165150.71999999997,1.0,0.1860713522751709,3.93,0.0,0.37861753,-0.47259486,4.954915,0.4135852575302124,0.1582215428352356,0.6
0.40085589283125994,0.01645924280973309,0.2657924383069364,84.6,33.13727058255511,8.1,28.995111759735767,1.0,0.567552720725125,3.935,0.0,0.37861753,-0.47259486,4.954915,0.4135852575302124,0.1582215428352356,0.6
0.4008780245493,0.012499249388132277,0.2820058363001415,85.86,76591.63826086988,9.36,76591.63826086956,1.0,0.5980712302011213,3.94,0.0,-0.07785707,1.5614845,3.6441865,0.27664287909865376,0.6,0.6
0.40090475471825243,0.0058977830468719405,0.2972554051550101,86.58,79471.02315789461,10.44,119206.5347368421,1.0,0.5828119754631231,3.9450000000000003,0.0,-0.07785707,1.5614845,3.6441865,0.27664287909865376,0.6,0.6
0.40075842810819423,0.007464296212320956,0.3105048609141251,87.11999999999999,75497.47199999889,11.52,150994.94400000002,1.0,0.5065157017731323,3.95,0.0,-0.07785707,1.5614845,3.6441865,0.27664287909865376,0.6,0.6
0.40061762751693103,-0.003025336209459663,0.32493677356880896,87.47999999999999,44410.277647058756,12.059999999999999,66615.41647058813,1.0,0.6896267586291103,3.955,0.0,-0.07785707,1.5614845,3.6441865,0.27664287909865376,0.6,0.6
0.3998718736387924,-0.010033705246538849,0.338745998572325,87.47999999999999,0.0,12.059999999999999,0.0,1.0,0.3081453901791562,3.96,0.0,-0.51759815,2.145359,2.1132467,0.14472055435180664,0.6,0.6
0.3996268669882224,-0.020934655282924274,0.3496181183949,87.3,-22878.021818180878,11.7,-45756.04363636357,1.0,0.3997009186071452,3.9650000000000003,0.0,-0.51759815,2.145359,2.1132467,0.14472055435180664,0.6,0.6
0.40008465585484226,-0.01874342301898631,0.3607635724657986,87.11999999999999,-24354.023225807374,10.799999999999999,-121770.1161290323,1.0,0.567552720725125,3.97,0.0,-0.51759815,2.145359,2.1132467,0.14472055435180664,0.6,0.6
0.39939678977548826,-0.021275275323674847,0.3721573833030772,86.75999999999999,-8.312639709323117,9.18,-37.40687869195407,1.0,0.7201452681051066,3.975,0.0,-0.51759815,2.145359,2.1132467,0.14472055435180664,0.6,0.6
0.3993696096590319,-0.01137352925678288,0.38021739724746845,86.39999999999999,-20404.72216216213,7.02,-122428.33297297297,1.0,0.49125644703513416,3.98,0.0,-0.61629784,2.1598816,2.5689955,0.11511064767837524,0.6,0.6
0.39904682463702434,-0.006213163381294582,0.38754309143961446,85.86,-61214.166486485585,4.5,-285666.1102702702,1.0,0.5522934659871268,3.985,0.0,-0.61629784,2.1598816,2.5689955,0.11511064767837524,0.6,0.6
0.3992264822589319,0.0303121450709924,0.3951108111832918,85.32,-73062.06967742021,1.6199999999999999,-389664.3716129032,1.0,0.5980712302011213,3.99,0.0,-0.61629784,2.1598816,2.5689955,0.11511064767837524,0.6,0.6
0.3989964984617425,0.041608662620853554,0.40115467619986095,84.42,-121770.1161290311,-1.08,-365310.3483870968,1.0,0.8117007965330956,3.995,0.0,-0.61629784,2.1598816,2.5689955,0.11511064767837524,0.6,0.6
0.3983952041339301,0.07659646252299873,0.4076205005358705,81.89999999999999,-330301.44000000134,-0.18,117964.80000000002,1.0,0.7201452681051066,4.0,0.0,-1.2247305,2.667091,4.2686357,0.0,0.6,0.6
0.39812240085896533,0.09635932147894585,0.4148427914726968,79.56,-316602.3019354824,0.36,73062.06967741936,1.0,0.29288613544115805,4.005,0.0,-1.2247305,2.667091,4.2686357,0.0,0.6,0.6
0.39829412065081815,0.11478462964738755,0.4207379479130305,77.58,-267894.2554838715,0.18,-24354.02322580645,1.0,0.49125644703513416,4.01,0.0,-1.2247305,2.667091,4.2686357,0.0,0.6,0.6
0.3974197557450096,0.12857328459112038,0.42607764838506246,75.42,-292248.27870967693,-0.8999999999999999,-146124.1393548387,1.0,0.8879970702230864,4.015,0.0,-1.2247305,2.667091,4.2686357,0.0,0.6,0.6
0.39462391925015894,0.13691879069967677,0.43137234130445085,72.72,-63.79636756951649,-0.72,4.253091171301094,1.0,0.3539231543931507,4.0200000000000005,0.0,-0.86377895,1.4278046,3.121805,0.040866315364837646,0.6,0.6
0.3912413901084228,0.15647808637020486,0.43528898748488476,70.2,-117440.51199999981,-0.72,0.0,1.0,0.6438489944151158,4.025,0.0,-0.86377895,1.4278046,3.121805,0.040866315364837646,0.6,0.6
0.3846813485903907,0.15928506400183304,0.43855910421170957,67.5,-276210.26341463445,-0.8999999999999999,-18414.017560975604,1.0,0.5217749565111305,4.03,0.0,-0.86377895,1.4278046,3.121805,0.040866315364837646,0.6,0.6
0.3723216970702634,0.18274576677073,0.44132592476785126,64.8,-365310.3483870972,-0.72,24354.023225806442,1.0,0.659108249153114,4.035,0.0,-0.86377895,1.4278046,3.121805,0.040866315364837646,0.6,0.6
0.35703340158193464,0.190917149447085,0.4431112114894527,62.099999999999994,-377487.3600000004,-0.8999999999999999,-25165.82399999999,1.0,0.44547868282113967,4.04,0.0,0.54850626,-0.6576326,0.6712862,0.4645518779754638,0.102710223197937,0.5013858675956726
0.34287601312860255,0.19288057527377725,0.4446677485042561,59.22,-366048.34909090854,-0.72,22878.02181818181,1.0,0.7964415417950974,4.045,0.0,0.54850626,-0.6576326,0.6712862,0.4645518779754638,0.102710223197937,0.5013858675956726
0.32705836059349264,0.20606365087204978,0.44610616642559453,56.16,-414018.39483870997,-0.8999999999999999,-24354.023225806442,1.0,0.49125644703513416,4.05,0.0,0.54850626,-0.6576326,0.6712862,0.4645518779754638,0.102710223197937,0.5013858675956726
0.3113764456270724,0.2282637842292858,0.4469407798357457,53.28,-402653.18399999937,-0.8999999999999999,0.0,1.0,0.6438489944151158,4.055,0.0,0.54850626,-0.6576326,0.6712862,0.4645518779754638,0.102710223197937,0.5013858675956726
0.29761884719857595,0.249718864361734,0.4475216009118644,50.22,-70.57739709982353,-0.8999999999999999,0.0,1.0,0.6285897396771176,4.0600000000000005,0.0,2.4117281,-2.2574825,-6.7429986,0.6,0.0,0.0
0.28311706037010714,0.26358280168990567,0.4481405701932498,46.98,-181193.9328000001,-0.8999999999999999,0.0,1.0,0.29288613544115805,4.065,0.0,2.4117281,-2.2574825,-6.7429986,0.6,0.0,0.0
0.26845407345830585,0.2636024901366927,0.4487231458110061,43.739999999999995,-367284.9989189191,-0.8999999999999999,0.0,1.0,0.5522934659871268,4.07,0.0,2.4117281,-2.2574825,-6.7429986,0.6,0.0,0.0
0.25637959346968464,0.275646011624852,0.44892308597466535,40.5,-424673.27999999933,-0.8999999999999999,0.0,1.0,0.5828119754631231,4.075,0.0,2.4117281,-2.2574825,-6.7429986,0.6,0.0,0.0
0.24458425860801108,0.2864925533958137,0.44908655331734004,37.26,-438372.4180645164,-0.8999999999999999,0.0,1.0,0.475997192297136,4.08,8.522881865501404,2.0685446,0.23801929,0.7436814,0.6,0.3714057862758636,0.5231044113636016
0.2326877942089303,0.30485037588228286,0.44937229161837905,33.839999999999996,-434682.4145454548,-0.8999999999999999,0.0,1.0,0.5065157017731323,4.085,8.522881865501404,2.0685446,0.23801929,0.7436814,0.6,0.3714057862758636,0.5231044113636016
0.22313889783455504,0.3188878924090125,0.4495152550279855,30.419999999999998,-462726.44129032234,-0.8999999999999999,0.0,1.0,0.5217749565111305,4.09,8.522881865501404,2.0685446,0.23801929,0.7436814,0.6,0.3714057862758636,0.5231044113636016
0.21864479962350808,0.3308293546532665,0.4499449026857301,27.0,-434682.4145454543,-0.8999999999999999,0.0,1.0,0.6438489944151158,4.095,8.522881865501404,2.0685446,0.23801929,0.7436814,0.6,0.3714057862758636,0.5231044113636016
0.2193420630298348,0.33052655022102223,0.45011240122336027,23.58,-494638.6096551727,-0.8999999999999999,0.0,1.0,0.46073793755913783,4.1,8.522881865501404,2.3714066,-1.4399531,-5.2921576,0.6,0.0,0.0
0.2200611427705322,0.33124833089832006,0.45005130804521576,20.16,-82.880367932977,-0.8999999999999999,0.0,1.0,0.475997192297136,4.105,8.522881865501404,2.3714066,-1.4399531,-5.2921576,0.6,0.0,0.0
0.22260340254657202,0.3363636072551771,0.4491275427752504,16.919999999999998,-154426.64727272736,-0.8999999999999999,0.0,1.0,0.5065157017731323,4.11,8.522881865501404,2.3714066,-1.4399531,-5.2921576,0.6,0.0,0.0
0.23044302873996364,0.340124495149547,0.4469596970276171,13.86,-329091.5446153845,-0.8999999999999999,0.0,1.0,0.6438489944151158,4.115,8.522881865501404,2.3714066,-1.4399531,-5.2921576,0.6,0.0,0.0
0.24175047389142562,0.33684235876907953,0.4465604348274071,10.98,-366048.34909090895,-1.08,-22878.021818181838,1.0,0.3081453901791562,4.12,8.522881865501404,0.75725293,-1.0677936,-1.2670085,0.5271758794784546,0.0,0.0
0.2517097964730193,0.3251710195417093,0.4453478586394911,8.459999999999999,-364470.5544827588,-1.08,0.0,1.0,0.7048860133671084,4.125,8.522881865501404,0.75725293,-1.0677936,-1.2670085,0.5271758794784546,0.0,0.0
0.26598847571672857,0.31994033748989437,0.4437696256780571,6.3,-274536.2618181817,-1.08,0.0,1.0,0.44547868282113967,4.13,8.522881865501404,0.75725293,-1.0677936,-1.2670085,0.5271758794784546,0.0,0.0
0.2846278881098664,0.3201875541826346,0.4437650692366974,4.859999999999999,-167772.16000000003,0.18,146800.64,1.0,8.288735618152419,4.135,8.522881865501404,0.75725293,-1.0677936,-1.2670085,0.5271758794784546,0.0,0.0
0.2983517816768512,0.32248259090855075,0.443711058778104,4.859999999999999,0.0,0.72,75497.47200000001,1.0,-0.5921506393627904,4.14,8.522881865501404,0.43701068,-1.4215966,-2.9763422,0.4311032027006149,0.0,0.0
0.311512702957487,0.3068343103236449,0.44348240186737625,6.12,29.069433663366354,-1.08,-41.527762376237625,1.0,-2.7742240668965827,4.1450000000000005,8.522881865501404,0.43701068,-1.4215966,-2.9763422,0.4311032027006149,0.0,0.0
0.32692537698929514,0.3063170429513198,0.44295553679389266,6.84,37748.73599999999,-0.72,18874.368000000006,1.0,-0.07333597827079785,4.15,8.522881865501404,0.43701068,-1.4215966,-2.9763422,0.4311032027006149,0.0,0.0
0.33956005811281115,0.3047519144027652,0.44212803521928623,8.82,230686.72000000006,-1.08,-41943.04000000001,1.0,0.46073793755913783,4.155,8.522881865501404,0.43701068,-1.4215966,-2.9763422,0.4311032027006149,0.0,0.0
0.3497201273029424,0.29040767632614267,0.43908635806725127,10.799999999999999,244256.52705882335,-0.8999999999999999,22205.138823529433,1.0,0.7811822870570992,4.16,0.0,0.9091408,-1.535838,0.1559465,0.572742247581482,0.0,0.3467839479446411
0.3624516619495073,0.27460551953450824,0.4297021002333545,13.32,364470.5544827588,-1.08,-26033.611034482783,1.0,1.0100711081270717,4.165,0.0,0.9091408,-1.535838,0.1559465,0.572742247581482,0.0,0.3467839479446411
0.37263532129753074,0.26705265042894294,0.4092801988340808,16.38,401080.31999999983,-0.8999999999999999,23592.96000000002,1.0,0.7354045228431048,4.17,0.0,0.9091408,-1.535838,0.1559465,0.572742247581482,0.0,0.3467839479446411
0.3807058146890134,0.24256166449334354,0.38504952507585916,19.62,438372.4180645164,-0.8999999999999999,0.0,1.0,0.17081209753717275,4.175,0.0,0.9091408,-1.535838,0.1559465,0.572742247581482,0.0,0.3467839479446411
0.3887641655931409,0.21089581337983707,0.357976712614246,23.22,520672.2206896549,-0.8999999999999999,0.0,1.0,0.2623676259651617,4.18,0.0,0.7776308,-1.3489565,4.034391,0.5332892417907714,0.0,0.6
0.39482909049065273,0.18524285726088557,0.3312612622961511,27.0,511434.48774193565,-0.8999999999999999,0.0,1.0,0.475997192297136,4.1850000000000005,0.0,0.7776308,-1.3489565,4.034391,0.5332892417907714,0.0,0.6
0.39919729004911136,0.16862254648294578,0.30400754335737845,30.779999999999998,91.16059936291809,-0.72,4.3409809220437205,1.0,0.24710837122716356,4.19,0.0,0.7776308,-1.3489565,4.034391,0.5332892417907714,0.0,0.6
0.4031316305160265,0.1360820115054305,0.2786841113961511,34.92,228479.1915789476,-0.72,0.0,1.0,0.6285897396771176,4.195,0.0,0.7776308,-1.3489565,4.034391,0.5332892417907714,0.0,0.6
0.40573053792923325,0.13080961140879144,0.2537448768976627,39.059999999999995,445241.50153846084,-0.72,0.0,1.0,0.2776268807031599,4.2,0.0,0.18989968,-1.1440355,3.2356424,0.3569699048995972,0.0,0.6
0.4082068909108506,0.11748881500387431,0.23102508658336768,43.379999999999995,532923.331764706,-0.72,0.0,1.0,0.49125644703513416,4.205,0.0,0.18989968,-1.1440355,3.2356424,0.3569699048995972,0.0,0.6
0.4117704870047926,0.10397067182431885,0.20928915064368026,47.519999999999996,526194.501818182,-0.72,0.0,1.0,0.6438489944151158,4.21,0.0,0.18989968,-1.1440355,3.2356424,0.3569699048995972,0.0,0.6
0.4162282927205154,0.0921619335030853,0.18988945515357056,51.839999999999996,566231.04,-0.72,0.0,1.0,0.6896267586291103,4.215,0.0,0.18989968,-1.1440355,3.2356424,0.3569699048995972,0.0,0.6
0.42041688143794853,0.09507854054821006,0.1759693091754142,55.98,578813.952,-0.54,25165.82399999999,1.0,0.7048860133671084,4.22,0.0,0.17576908,-0.40319756,5.6162395,0.35273072272539135,0.17904073297977446,0.6
0.4255752509348759,0.0809855520764238,0.17166433117240842,60.12,542638.0800000001,-0.54,0.0,1.0,0.20133060701316907,4.225,0.0,0.17576908,-0.40319756,5.6162395,0.35273072272539135,0.17904073297977446,0.6
0.43096337785995764,0.06722407110326307,0.1698772493099425,64.08,89.23811331094696,-0.36,4.056277877770317,1.0,0.6743675038911121,4.23,0.0,0.17576908,-0.40319756,5.6162395,0.35273072272539135,0.17904073297977446,0.6
0.4358480090826171,0.06217135508540628,0.16823506107784444,68.03999999999999,176696.2110638295,-0.18,8031.645957446808,1.0,0.7354045228431048,4.235,0.0,0.17576908,-0.40319756,5.6162395,0.35273072272539135,0.17904073297977446,0.6
0.4411208912951945,0.059705801035718625,0.17190188074526094,71.82,386694.3687804879,0.18,36828.035121951216,1.0,0.659108249153114,4.24,0.0,0.7780802,-0.64109284,3.303291,0.5334240674972534,0.10767214894294738,0.6
0.4463387336079339,0.05516217225832406,0.18260388581310785,75.24,462726.4412903228,0.72,73062.06967741936,1.0,0.6133304849391195,4.245,0.0,0.7780802,-0.64109284,3.303291,0.5334240674972534,0.10767214894294738,0.6
0.4502475685588126,0.0396896704614224,0.19417535981464387,78.66,494638.6096551727,1.6199999999999999,130168.05517241378,1.0,0.36918240913114886,4.25,0.0,0.7780802,-0.64109284,3.303291,0.5334240674972534,0.10767214894294738,0.6
0.45135896046354557,0.02637271578073201,0.20842106076066685,81.72,401080.3200000003,2.6999999999999997,141557.75999999998,1.0,0.6743675038911121,4.255,0.0,0.7780802,-0.64109284,3.303291,0.5334240674972534,0.10767214894294738,0.6
0.45164872567426034,0.019871184037406203,0.22590252129909388,84.42,343170.3272727276,3.96,160146.15272727277,1.0,0.6133304849391195,4.26,0.0,0.8409834,-0.38411638,2.5448236,0.5522950172424316,0.18476508557796478,0.6
0.4515597244550478,0.010569211169514458,0.2422965805557091,86.58,283115.51999999955,5.76,235929.59999999998,1.0,0.2623676259651617,4.265,0.0,0.8409834,-0.38411638,2.5448236,0.5522950172424316,0.18476508557796478,0.6
0.4505592888726354,0.007661716726241202,0.25725640484931933,88.2,219186.2090322587,7.92,292248.27870967746,1.0,0.44547868282113967,4.2700000000000005,0.0,0.8409834,-0.38411638,2.5448236,0.5522950172424316,0.18476508557796478,0.6
0.44984326394714047,0.009300111886435324,0.2746783955517528,89.46,30.745199225090097,10.44,61.49039845018063,1.0,0.8727378154850882,4.275,0.0,0.8409834,-0.38411638,2.5448236,0.5522950172424316,0.18476508557796478,0.6
0.4495629432059266,0.016990365171156895,0.2901171558116331,90.0,34844.987076923484,12.959999999999999,162609.93969230767,1.0,0.5980712302011213,4.28,0.0,0.9598119,-0.83497435,3.7406993,0.5879435777664185,0.04950769543647766,0.6
0.44904083605784145,0.018067447318862624,0.3039933713027395,90.17999999999999,19867.755789472867,15.12,238413.0694736842,1.0,0.5217749565111305,4.285,0.0,0.9598119,-0.83497435,3.7406993,0.5879435777664185,0.04950769543647766,0.6
0.4493365234882688,0.0480867362797332,0.318712027158486,90.17999999999999,0.0,16.74,199846.2494117646,1.0,0.4302194280831415,4.29,0.0,0.9598119,-0.83497435,3.7406993,0.5879435777664185,0.04950769543647766,0.6
0.44897665025075784,0.06981457798068161,0.33323336726063596,90.0,-22205.1388235285,17.28,66615.41647058856,1.0,0.8117007965330956,4.295,0.0,0.9598119,-0.83497435,3.7406993,0.5879435777664185,0.04950769543647766,0.6
0.4487738467220887,0.06622001515990007,0.3440622826429739,89.82,-22878.021818182686,16.56,-91512.08727272759,1.0,0.49125644703513416,4.3,0.0,1.582401,-1.4221605,0.65334666,0.6,0.0,0.4960039973258972
0.44928725773069245,0.08369347909437017,0.3554607887229011,89.28,-49237.48173912971,15.12,-131299.95130434778,1.0,0.567552720725125,4.305,0.0,1.582401,-1.4221605,0.65334666,0.6,0.0,0.4960039973258972
0.4489858699614745,0.07381061193178294,0.3656914681632296,88.74,-62914.560000000725,13.139999999999999,-230686.72000000006,1.0,0.7048860133671084,4.3100000000000005,0.0,1.582401,-1.4221605,0.65334666,0.6,0.0,0.4960039973258972
0.44886234241483236,0.06092512413791079,0.3730522001268031,87.84,-20.43808595653426,10.98,-49.051406295682646,1.0,0.5065157017731323,4.315,0.0,1.582401,-1.4221605,0.65334666,0.6,0.0,0.4960039973258972
0.44884957092709854,0.07715014728494435,0.38082124838171905,86.75999999999999,-76777.09016949241,8.28,-191942.7254237289,1.0,0.475997192297136,4.32,0.0,1.1323533,-0.951969,-0.57228905,0.6,0.014409291744232177,0.12831328511238096
0.4482425681429987,0.08391532422986202,0.38874453238628615,85.5,-155435.97176470477,5.3999999999999995,-355282.2211764706,1.0,0.5065157017731323,4.325,0.0,1.1323533,-0.951969,-0.57228905,0.6,0.014409291744232177,0.12831328511238096
0.4479964700727693,0.10774495180558988,0.3947544872377475,84.06,-177641.11058823502,2.16,-399692.49882352934,1.0,0.5828119754631231,4.33,0.0,1.1323533,-0.951969,-0.57228905,0.6,0.014409291744232177,0.12831328511238096
0.4486238612091434,0.1230930716959035,0.4000325765433881,82.61999999999999,-208268.8882758638,-0.8999999999999999,-442571.3875862069,1.0,0.5217749565111305,4.335,0.0,1.1323533,-0.951969,-0.57228905,0.6,0.014409291744232177,0.12831328511238096
0.44883582694452095,0.11189650853866795,0.4061506637637192,79.2,-448266.23999999836,-0.18,94371.84,1.0,0.8574785607470901,4.34,0.0,0.9667628,-1.5227472,-1.3172207,0.5900288343429565,0.0,0.0
0.44868019665258013,0.1160064243610262,0.41305369076338366,76.32,-366048.34909091034,0.54,91512.08727272727,1.0,0.07925656910918377,4.345,0.0,0.9667628,-1.5227472,-1.3172207,0.5900288343429565,0.0,0.0
0.4496310236717957,0.12045896606588086,0.419593467379791,73.61999999999999,-343170.3272727276,0.36,-22878.021818181824,1.0,0.7201452681051066,4.3500000000000005,0.0,0.9667628,-1.5227472,-1.3172207,0.5900288343429565,0.0,0.0
0.4507604819130376,0.11782455981379902,0.42578988158223796,70.92,-377487.3599999984,-0.72,-150994.94400000002,1.0,0.9185155796990827,4.355,0.0,0.9667628,-1.5227472,-1.3172207,0.5900288343429565,0.0,0.0
0.45247678397676233,0.10607512179751755,0.42924780730123197,67.86,-71.07257697248932,-0.72,0.0,1.0,0.44547868282113967,4.36,0.0,0.46446913,-1.6352226,-2.8900094,0.439340740442276,0.0,0.0
0.4539325631994614,0.11353146781905488,0.4301540886992154,65.16,-188743.6800000002,-0.72,0.0,1.0,0.36918240913114886,4.365,0.0,0.46446913,-1.6352226,-2.8900094,0.439340740442276,0.0,0.0
0.4566332206975517,0.10468513083293754,0.42962566798370927,62.099999999999994,-414018.39483870997,-0.8999999999999999,-24354.023225806442,1.0,0.6896267586291103,4.37,0.0,0.46446913,-1.6352226,-2.8900094,0.439340740442276,0.0,0.0
0.4596733953671655,0.10470015325009525,0.4297735959732012,59.4,-377487.3599999994,-0.8999999999999999,0.0,1.0,0.5522934659871268,4.375,0.0,0.46446913,-1.6352226,-2.8900094,0.439340740442276,0.0,0.0
0.46301357620560707,0.09274965160294261,0.4281815864026376,56.699999999999996,-377487.3600000004,-0.8999999999999999,0.0,1.0,0.49125644703513416,4.38,0.0,0.4743954,-1.4343793,1.6545255,0.4423186182975769,0.0,0.6
0.46687202069672024,0.09357020255873688,0.42580807314789243,54.18,-340956.3251612898,-0.8999999999999999,0.0,1.0,0.5217749565111305,4.385,0.0,0.4743954,-1.4343793,1.6545255,0.4423186182975769,0.0,0.6
0.4710146152096935,0.10156000100217315,0.4253697899688382,51.839999999999996,-306708.48000000045,-0.8999999999999999,0.0,1.0,0.6133304849391195,4.39,0.0,0.4743954,-1.4343793,1.6545255,0.4423186182975769,0.0,0.6
0.4742900507238739,0.09823475688300524,0.4241837717276875,49.86,-259522.5599999996,-0.8999999999999999,0.0,1.0,0.6896267586291103,4.3950000000000005,0.0,0.4743954,-1.4343793,1.6545255,0.4423186182975769,0.0,0.6
0.47846092752604547,0.10494474417981536,0.41639217268795703,48.239999999999995,-212336.6400000006,-0.8999999999999999,0.0,1.0,0.6438489944151158,4.4,0.0,0.13080546,-0.9504638,-0.59912217,0.3392416387796402,0.014860868453979492,0.12026335000991821
0.48145812723285936,0.10500076060275731,0.39992619479028046,46.8,-34.35705088313087,-0.8999999999999999,0.0,1.0,0.384441663869147,4.405,0.0,0.13080546,-0.9504638,-0.59912217,0.3392416387796402,0.014860868453979492,0.12026335000991821
0.4839407668024549,0.0844622191911903,0.3769329596259969,45.72,-75497.47199999988,-0.8999999999999999,0.0,1.0,0.7048860133671084,4.41,0.0,0.13080546,-0.9504638,-0.59912217,0.3392416387796402,0.014860868453979492,0.12026335000991821
0.48554458588254396,0.07384680943977233,0.3514501458473319,45.0,-70230.2065116278,-0.8999999999999999,0.0,1.0,0.6285897396771176,4.415,0.0,0.13080546,-0.9504638,-0.59912217,0.3392416387796402,0.014860868453979492,0.12026335000991821
0.48749457233619836,0.0605249973515149,0.32441951183791984,44.64,-47185.919999999925,-0.8999999999999999,0.0,1.0,0.5828119754631231,4.42,0.0,0.40819997,-0.5590894,1.0636157,0.42245998978614807,0.13227317333221436,0.6
0.4882572758264741,0.05536778278805836,0.3003874310197056,44.46,-22205.138823529378,-0.8999999999999999,0.0,1.0,0.3539231543931507,4.425,0.0,0.40819997,-0.5590894,1.0636157,0.42245998978614807,0.13227317333221436,0.6
0.4879516973159129,0.06152415555258473,0.2862490355796373,44.64,22878.021818181784,-0.8999999999999999,0.0,1.0,0.4302194280831415,4.43,0.0,0.40819997,-0.5590894,1.0636157,0.42245998978614807,0.13227317333221436,0.6
0.48764840857909253,0.055479414100389327,0.28243584677167083,45.18,73062.06967741923,-0.72,24354.023225806442,1.0,0.3997009186071452,4.4350000000000005,0.0,0.40819997,-0.5590894,1.0636157,0.42245998978614807,0.13227317333221436,0.6
0.4866147670142364,0.027752335063310513,0.27855310465500055,45.9,97416.09290322565,-0.72,0.0,1.0,0.44547868282113967,4.44,0.0,-0.97986484,1.4747154,0.99767923,0.006040549278259277,0.6,0.5993037700653076
0.48467855291056255,0.014872820046247237,0.2767145256242638,46.98,24.473099327372392,-0.72,0.0,1.0,0.5370342112491286,4.445,0.0,-0.97986484,1.4747154,0.99767923,0.006040549278259277,0.6,0.5993037700653076
0.4828900895245281,0.004242908801506425,0.27732554954523764,48.059999999999995,70778.87999999989,-0.72,0.0,1.0,0.7659230323191011,4.45,0.0,-0.97986484,1.4747154,0.99767923,0.006040549278259277,0.6,0.5993037700653076
0.4812391087411639,0.02267268113085758,0.27627371458259675,49.5,188743.68000000063,-0.72,0.0,1.0,0.6743675038911121,4.455,0.0,-0.97986484,1.4747154,0.99767923,0.006040549278259277,0.6,0.5993037700653076
0.47759157483843845,0.0172527649573235,0.2757631294190587,50.94,201326.59199999968,-0.72,0.0,1.0,0.5217749565111305,4.46,0.0,-1.3174846,1.5816969,0.8363831,0.0,0.6,0.5509149312973022
0.47396750495762185,0.01610073659723473,0.2764579030980576,52.379999999999995,194832.1858064513,-0.72,0.0,1.0,0.32340464491715437,4.465,0.0,-1.3174846,1.5816969,0.8363831,0.0,0.6,0.5509149312973022
0.4714873449752342,0.006297418636976756,0.27650760518126744,54.18,260336.1103448282,-0.72,0.0,1.0,0.5522934659871268,4.47,0.0,-1.3174846,1.5816969,0.8363831,0.0,0.6,0.5509149312973022
0.46807512343248203,0.008553694342020551,0.27732562224181356,55.8,212336.63999999966,-0.72,0.0,1.0,0.7811822870570992,4.4750000000000005,0.0,-1.3174846,1.5816969,0.8363831,0.0,0.6,0.5509149312973022
0.4651975793670834,0.018208751080055225,0.2809175683554761,57.419999999999995,219186.20903225773,-0.72,0.0,1.0,0.33866389965515253,4.48,0.0,-1.2045668,2.1951387,3.3373141,0.0,0.6,0.6
0.46320437863680686,0.01788027560135362,0.28858097521838494,59.22,251658.2400000006,-0.72,0.0,1.0,0.49125644703513416,4.485,0.0,-1.2045668,2.1951387,3.3373141,0.0,0.6,0.6
0.460362452601278,0.017630806287937402,0.29689036760820414,60.839999999999996,39.284770527630286,-0.72,0.0,1.0,0.5828119754631231,4.49,0.0,-1.2045668,2.1951387,3.3373141,0.0,0.6,0.6
0.456163098073218,0.021614589410512412,0.30948498923513257,62.46,121335.22285714319,-0.72,0.0,1.0,0.6133304849391195,4.495,0.0,-1.2045668,2.1951387,3.3373141,0.0,0.6,0.6
0.4477831488402468,0.054777661851542966,0.32485518386830015,64.08,212336.63999999966,-0.72,0.0,1.0,0.7048860133671084,4.5,0.0,-1.5223396,2.900809,4.5547915,0.0,0.6,0.6
0.4384316391815906,0.0846322862758658,0.3392074942746127,65.52,183024.17454545427,-0.72,0.0,1.0,0.49125644703513416,4.505,0.0,-1.5223396,2.900809,4.5547915,0.0,0.6,0.6
0.4253953225437969,0.09324176190977879,0.35294120989567485,66.96,194832.1858064513,-0.72,0.0,1.0,0.9642933439130772,4.51,0.0,-1.5223396,2.900809,4.5547915,0.0,0.6,0.6
0.4061486325394204,0.1207034879833912,0.3670557512164834,68.22,165150.72000000067,-0.72,0.0,1.0,0.5370342112491286,4.515,0.0,-1.5223396,2.900809,4.5547915,0.0,0.6,0.6
0.3818635520165443,0.14325722997915638,0.3784093345227593,69.3,150994.94399999976,-0.72,0.0,1.0,0.49125644703513416,4.5200000000000005,0.0,-1.3012985,1.9048656,5.6642795,0.0,0.6,0.6
0.35410750660850177,0.156569852825091,0.38877894056174783,70.38,141557.75999999978,-0.72,0.0,1.0,0.7048860133671084,4.525,0.0,-1.3012985,1.9048656,5.6642795,0.0,0.6,0.6
0.3254109330168123,0.1681049582896433,0.39921696471619156,71.1,16.728146769476176,-0.72,0.0,1.0,0.3997009186071452,4.53,0.0,-1.3012985,1.9048656,5.6642795,0.0,0.6,0.6
0.29702906048756905,0.18818171167380998,0.4071344672720515,71.82,58074.97846153837,-0.72,0.0,1.0,0.8727378154850882,4.535,0.0,-1.3012985,1.9048656,5.6642795,0.0,0.6,0.6
0.26981874762254676,0.19974007026755652,0.4137445537237042,72.17999999999999,45756.04363636357,-0.72,0.0,1.0,0.41496017334514335,4.54,0.0,0.2490434,-1.3238868,1.8211116,0.3747130215167999,0.0,0.6
0.24334221562602484,0.216235183286906,0.42026155863881776,72.17999999999999,0.0,-0.72,0.0,1.0,0.36918240913114886,4.545,0.0,0.2490434,-1.3238868,1.8211116,0.3747130215167999,0.0,0.6
0.21896222808320895,0.23170735681607968,0.42529405944617277,72.17999999999999,0.0,-0.72,0.0,1.0,0.659108249153114,4.55,0.0,0.2490434,-1.3238868,1.8211116,0.3747130215167999,0.0,0.6
0.1954754263770258,0.24268114683365435,0.429519606454158,71.64,-75497.47199999889,-0.72,0.0,1.0,0.49125644703513416,4.555,0.0,0.2490434,-1.3238868,1.8211116,0.3747130215167999,0.0,0.6
0.17474565103340953,0.2559609868567094,0.43368841375915085,70.92,-88820.55529411751,-0.72,0.0,1.0,0.5217749565111305,4.5600000000000005,0.0,2.0211906,-1.6952662,-0.5478021,0.6,0.0,0.13565937280654908
0.1554810605163473,0.2733923934393915,0.4367284800132902,70.02,-125829.1200000008,-0.72,0.0,1.0,0.3539231543931507,4.565,0.0,2.0211906,-1.6952662,-0.5478021,0.6,0.0,0.13565937280654908
0.13769360719138063,0.27722741621848795,0.43938037621517334,68.75999999999999,-150994.9440000006,-0.72,0.0,1.0,0.659108249153114,4.57,0.0,2.0211906,-1.6952662,-0.5478021,0.6,0.0,0.13565937280654908
0.1202639220705201,0.288007707133169,0.4420528749570292,67.32,-34.243681205599316,-0.72,0.0,1.0,0.5980712302011213,4.575,0.0,2.0211906,-1.6952662,-0.5478021,0.6,0.0,0.13565937280654908
0.11303930939463147,0.30373061307619315,0.44396485564758265,65.52,-130168.05517241359,-0.72,0.0,1.0,0.7201452681051066,4.58,8.522881865501404,2.036773,0.16036624,3.1314437,0.6,0.3481098711490631,0.6
0.10928841631781824,0.31752574446251547,0.4453749259163431,63.54,-267894.25548387057,-0.72,0.0,1.0,0.5217749565111305,4.585,8.522881865501404,2.036773,0.16036624,3.1314437,0.6,0.3481098711490631,0.6
0.08847786525620532,0.3288288324371358,0.44702935005103484,61.379999999999995,-301989.8880000005,-0.72,0.0,1.0,0.46073793755913783,4.59,8.522881865501404,2.036773,0.16036624,3.1314437,0.6,0.3481098711490631,0.6
0.07642082056535121,0.33061346996333535,0.44834566196147224,59.04,-338436.9434482753,-0.72,0.0,1.0,0.3539231543931507,4.595,8.522881865501404,2.036773,0.16036624,3.1314437,0.6,0.3481098711490631,0.6
0.08142587857929404,0.32530704619402817,0.4494818835862214,56.519999999999996,-340956.32516129076,-0.72,0.0,1.0,0.6133304849391195,4.6000000000000005,20.0,0.5233322,-0.94174254,1.6128308,0.45699965357780453,0.017477238178253172,0.6
0.08638742280265597,0.315937873833092,0.45042950029291884,54.0,-340956.3251612898,-0.72,0.0,1.0,0.6743675038911121,4.605,20.0,0.5233322,-0.94174254,1.6128308,0.45699965357780453,0.017477238178253172,0.6
0.11119178433270324,0.3065256851804343,0.45122281882020177,51.3,-377487.3600000004,-0.72,0.0,1.0,0.7506637775811029,4.61,20.0,0.5233322,-0.94174254,1.6128308,0.45699965357780453,0.017477238178253172,0.6
0.13452555590234555,0.3080148857482587,0.45170122366701904,48.6,-61.36442640628123,-0.72,0.0,1.0,0.5065157017731323,4.615,20.0,0.5233322,-0.94174254,1.6128308,0.45699965357780453,0.017477238178253172,0.6
0.15191978048661753,0.3085082639948067,0.45067361531837974,45.72,-208268.88827586226,-0.8999999999999999,-13016.805517241375,1.0,0.5522934659871268,4.62,8.522881865501404,0.008741014,-1.9805652,-2.9350996,0.30262230411171914,0.0,0.0
0.17221491117649096,0.294993873643233,0.4486556065493965,42.839999999999996,-355282.2211764709,-0.8999999999999999,0.0,1.0,0.5980712302011213,4.625,8.522881865501404,0.008741014,-1.9805652,-2.9350996,0.30262230411171914,0.0,0.0
0.19112702101517265,0.2734076552937488,0.44856280538138094,39.78,-427819.00799999933,-0.8999999999999999,0.0,1.0,0.5828119754631231,4.63,8.522881865501404,0.008741014,-1.9805652,-2.9350996,0.30262230411171914,0.0,0.0
0.20667708450710412,0.2658096932136037,0.4483262160883583,36.9,-402653.18400000036,-0.8999999999999999,0.0,1.0,0.659108249153114,4.635,8.522881865501404,0.008741014,-1.9805652,-2.9350996,0.30262230411171914,0.0,0.0
0.22272027622851853,0.2597330643967828,0.4478644804017679,33.839999999999996,-427819.0080000003,-0.8999999999999999,0.0,1.0,0.5217749565111305,4.64,8.522881865501404,-0.3063022,-1.7376502,0.8882677,0.2081093430519104,0.0,0.5664803087711334
0.24041951927820057,0.252218678758204,0.4479012839674661,30.599999999999998,-424673.2799999998,-0.8999999999999999,0.0,1.0,0.3997009186071452,4.6450000000000005,8.522881865501404,-0.3063022,-1.7376502,0.8882677,0.2081093430519104,0.0,0.5664803087711334
0.25583020909639587,0.25823028004951043,0.4477292006809205,27.72,-317884.09263157885,-0.8999999999999999,0.0,1.0,0.49125644703513416,4.65,8.522881865501404,-0.3063022,-1.7376502,0.8882677,0.2081093430519104,0.0,0.5664803087711334
0.2712076110449068,0.2497075272360267,0.44798296992315695,24.66,-377487.35999999987,-0.8999999999999999,0.0,1.0,0.5522934659871268,4.655,8.522881865501404,-0.3063022,-1.7376502,0.8882677,0.2081093430519104,0.0,0.5664803087711334
0.28801739471271814,0.2597749719419942,0.4479290673981906,21.779999999999998,-70.15230482429402,-0.8999999999999999,0.0,1.0,0.7811822870570992,4.66,0.0,0.20870198,-1.5052619,-2.2317436,0.3626105949282646,0.0,0.0
0.3012349311695307,0.25137308339504744,0.44676782780864127,19.259999999999998,-142833.0551351351,-0.8999999999999999,0.0,1.0,0.384441663869147,4.665,0.0,0.20870198,-1.5052619,-2.2317436,0.3626105949282646,0.0,0.0
0.3100243019876035,0.2462778233259323,0.44490797967278517,16.919999999999998,-258280.82526315787,-0.8999999999999999,0.0,1.0,0.7201452681051066,4.67,0.0,0.20870198,-1.5052619,-2.2317436,0.3626105949282646,0.0,0.0
0.3160645008359931,0.22787063463690235,0.4438290357265169,14.76,-251658.23999999982,-1.08,-20971.52000000002,1.0,0.6743675038911121,4.675,0.0,0.20870198,-1.5052619,-2.2317436,0.3626105949282646,0.0,0.0
0.3197199470424914,0.20017911587599338,0.44348326743677013,13.139999999999999,-226492.41600000014,-1.08,0.0,1.0,0.6743675038911121,4.68,0.0,0.5771455,-1.5028642,0.968773,0.4731436550617218,0.0,0.590631902217865
0.32262348000777313,0.18638239272439266,0.43979393510755305,11.879999999999999,-160146.1527272727,-1.08,0.0,1.0,0.41496017334514335,4.6850000000000005,0.0,0.5771455,-1.5028642,0.968773,0.4731436550617218,0.0,0.590631902217865
0.32478329344168483,0.170637366262663,0.43174082028998495,11.16,-94371.83999999985,-1.08,0.0,1.0,0.6438489944151158,4.69,0.0,0.5771455,-1.5028642,0.968773,0.4731436550617218,0.0,0.590631902217865
0.3261742175605493,0.1703395606689133,0.4237461874811664,10.62,-68634.06545454558,-1.08,0.0,1.0,0.6743675038911121,4.695,0.0,0.5771455,-1.5028642,0.968773,0.4731436550617218,0.0,0.590631902217865
0.3260881046938499,0.14907735503240946,0.4203592459216473,10.62,0.0,-1.08,0.0,1.0,0.6133304849391195,4.7,0.0,-0.41107833,0.48202896,-1.3647412,0.1766764998435974,0.4446086883544922,0.0
0.3257374886108273,0.12975641900857435,0.4192334690892992,10.98,23967.45142857151,-1.08,0.0,1.0,0.5828119754631231,4.705,0.0,-0.41107833,0.48202896,-1.3647412,0.1766764998435974,0.4446086883544922,0.0
0.3255085990153277,0.11198797700982224,0.4168752439034076,11.7,91512.08727272713,-0.8999999999999999,22878.021818181838,1.0,0.5980712302011213,4.71,0.0,-0.41107833,0.48202896,-1.3647412,0.1766764998435974,0.4446086883544922,0.0
0.32375130005649333,0.098551982714396,0.41475908290558383,12.6,117964.80000000005,-0.8999999999999999,0.0,1.0,0.6285897396771176,4.715,0.0,-0.41107833,0.48202896,-1.3647412,0.1766764998435974,0.4446086883544922,0.0
0.32254597611063396,0.08689361487979269,0.40725087044498354,14.04,73656.07024390242,-0.8999999999999999,0.0,1.0,0.5217749565111305,4.72,0.0,-0.4445935,1.3640391,0.1345653,0.16662195324897766,0.6,0.34036958813667295
0.32058783487648335,0.07657402411208329,0.39750300160670715,15.479999999999999,201326.59199999992,-0.8999999999999999,0.0,1.0,0.475997192297136,4.7250000000000005,0.0,-0.4445935,1.3640391,0.1345653,0.16662195324897766,0.6,0.34036958813667295
0.31849053000462374,0.059118479274304477,0.3920725883288064,17.28,243540.23225806485,-0.8999999999999999,0.0,1.0,0.6133304849391195,4.73,0.0,-0.4445935,1.3640391,0.1345653,0.16662195324897766,0.6,0.34036958813667295
0.31713917091392724,0.04667658552439821,0.39128839409680993,19.08,243540.23225806412,-0.8999999999999999,0.0,1.0,0.49125644703513416,4.735,0.0,-0.4445935,1.3640391,0.1345653,0.16662195324897766,0.6,0.34036958813667295
0.31431297878912207,0.03830799214972856,0.38982796975508877,21.06,286369.7213793104,-0.8999999999999999,0.0,1.0,0.6743675038911121,4.74,0.0,-0.8168231,2.2916286,2.9986038,0.05495306253433228,0.6,0.6
0.31154426877908564,0.035403943955320566,0.38801634157051246,23.04,45.875851645619974,-0.8999999999999999,0.0,1.0,0.4302194280831415,4.745,0.0,-0.8168231,2.2916286,2.9986038,0.05495306253433228,0.6,0.6
0.3085142523519616,0.03726096166387001,0.3851901690975572,25.2,164721.75709090912,-0.8999999999999999,0.0,1.0,0.7506637775811029,4.75,0.0,-0.8168231,2.2916286,2.9986038,0.05495306253433228,0.6,0.6
0.30581294668142356,0.044347153305512546,0.3801641210716971,27.18,251658.24000000005,-0.72,22878.02181818181,1.0,0.384441663869147,4.755,0.0,-0.8168231,2.2916286,2.9986038,0.05495306253433228,0.6,0.6
0.3036391942897042,0.049436658362006794,0.3738891669527953,29.34,283115.52,-0.72,0.0,1.0,0.5522934659871268,4.76,0.0,-1.0012434,2.53507,2.6546218,0.0,0.6,0.6
0.3004151301482097,0.05533550019732273,0.3634485479352202,31.32,267894.25548387103,-0.72,0.0,1.0,0.7048860133671084,4.765,0.0,-1.0012434,2.53507,2.6546218,0.0,0.6,0.6
0.2984792149968949,0.08097415639252542,0.34935091882117614,33.48,266461.6658823525,-0.72,0.0,1.0,0.659108249153114,4.7700000000000005,0.0,-1.0012434,2.53507,2.6546218,0.0,0.6,0.6
0.29717457861075003,0.1088760985892093,0.3377647944609176,35.28,228780.21818181872,-0.72,0.0,1.0,0.6438489944151158,4.775,0.0,-1.0012434,2.53507,2.6546218,0.0,0.6,0.6
0.29525540324851773,0.12997834317724719,0.32995814839562276,37.08,243540.23225806412,-0.72,0.0,1.0,0.7048860133671084,4.78,0.0,-0.8126507,1.9215904,5.078685,0.056204795837402344,0.6,0.6
0.29392010922651474,0.13950610100119512,0.3252484629975458,38.879999999999995,228780.21818181782,-0.72,0.0,1.0,0.5522934659871268,4.785,0.0,-0.8126507,1.9215904,5.078685,0.056204795837402344,0.6,0.6
0.29308576213971976,0.17114644082553407,0.3223158851858148,40.68,43.379379452999416,-0.72,0.0,1.0,0.6285897396771176,4.79,0.0,-0.8126507,1.9215904,5.078685,0.056204795837402344,0.6,0.6
0.2917520144294973,0.19196260970829987,0.32171517384533715,42.12,71056.44423529401,-0.72,0.0,1.0,0.384441663869147,4.795,0.0,-0.8126507,1.9215904,5.078685,0.056204795837402344,0.6,0.6
0.29055307625856897,0.20313914952823972,0.32280505955564665,43.739999999999995,165726.15804878023,-0.72,0.0,1.0,0.567552720725125,4.8,0.0,0.99787855,-1.3308734,0.5674836,0.5993635654449463,0.0,0.47024508118629454
0.29025126626360237,0.2220454230652897,0.32269603285838466,45.18,188743.68000000063,-0.72,0.0,1.0,0.475997192297136,4.805,0.0,0.99787855,-1.3308734,0.5674836,0.5993635654449463,0.0,0.47024508118629454
0.2892443005178227,0.23754855064050473,0.3231646113852642,46.44,165150.71999999974,-0.72,0.0,1.0,0.7354045228431048,4.8100000000000005,0.0,0.99787855,-1.3308734,0.5674836,0.5993635654449463,0.0,0.47024508118629454
0.2837603581929199,0.24221250582475984,0.3281009202278628,47.699999999999996,160146.15272727248,-0.72,0.0,1.0,0.475997192297136,4.815,0.0,0.99787855,-1.3308734,0.5674836,0.5993635654449463,0.0,0.47024508118629454
0.27095928458959484,0.25963738870051395,0.33605294956605086,48.78,141557.7600000007,-0.72,0.0,1.0,0.46073793755913783,4.82,0.0,1.9284233,-0.7262562,2.5354633,0.6,0.08212314248085022,0.6
0.25702465153407916,0.2717353788094414,0.3443531974426526,49.68,117964.79999999981,-0.72,0.0,1.0,0.46073793755913783,4.825,0.0,1.9284233,-0.7262562,2.5354633,0.6,0.08212314248085022,0.6
0.2405187944618968,0.28510930608362195,0.35474224689639267,50.58,20.364763194380725,-0.72,0.0,1.0,0.567552720725125,4.83,0.0,1.9284233,-0.7262562,2.5354633,0.6,0.08212314248085022,0.6
0.22597589788122618,0.3068275334083285,0.36618911005285515,51.3,45756.04363636357,-0.72,0.0,1.0,0.5217749565111305,4.835,0.0,1.9284233,-0.7262562,2.5354633,0.6,0.08212314248085022,0.6
0.2148628845535515,0.3279742239954295,0.37582860601730356,51.66,40809.44432432426,-0.72,0.0,1.0,0.6285897396771176,4.84,8.522881865501404,2.0651255,0.13335422,3.2135053,0.6,0.34000626504421233,0.6
0.2097682507085108,0.33301594990396477,0.38584084821299025,52.019999999999996,44410.277647058756,-0.72,0.0,1.0,0.5370342112491286,4.845,8.522881865501404,2.0651255,0.13335422,3.2135053,0.6,0.34000626504421233,0.6
0.20771101674680556,0.32986938221307543,0.395705808461838,52.199999999999996,24354.023225806413,-0.72,0.0,1.0,0.7048860133671084,4.8500000000000005,8.522881865501404,2.0651255,0.13335422,3.2135053,0.6,0.34000626504421233,0.6
0.20609328342119002,0.3289984011944567,0.4035621717262311,52.199999999999996,0.0,-0.72,0.0,1.0,0.475997192297136,4.855,8.522881865501404,2.0651255,0.13335422,3.2135053,0.6,0.34000626504421233,0.6
0.2065456561711908,0.3328272869333086,0.4104462752124448,51.839999999999996,-48708.04645161283,-0.72,0.0,1.0,0.5217749565111305,4.86,20.0,0.5259661,-1.1741611,1.5489341,0.4577898323535919,0.0,0.6
0.20862706194469918,0.34238595340724376,0.4162162157674425,51.48,-34317.03272727267,-0.72,0.0,1.0,0.567552720725125,4.865,20.0,0.5259661,-1.1741611,1.5489341,0.4577898323535919,0.0,0.6
0.21127523413793572,0.33651112060873556,0.42003098718571014,51.12,-48708.04645161283,-0.72,0.0,1.0,0.8727378154850882,4.87,20.0,0.5259661,-1.1741611,1.5489341,0.4577898323535919,0.0,0.6
0.21604494183084189,0.3410629980574237,0.4241265469625643,50.4,-17.483247824652178,-0.72,0.0,1.0,0.5522934659871268,4.875,20.0,0.5259661,-1.1741611,1.5489341,0.4577898323535919,0.0,0.6
0.22865277436602072,0.3278622111835439,0.42934898615029454,49.86,-35951.17714285709,-0.72,0.0,1.0,0.384441663869147,4.88,8.522881865501404,-0.2670926,-1.9619862,1.8111647,0.2198722243309021,0.0,0.6
0.24515235717607886,0.3109160982390327,0.4338090095844127,48.96,-99338.77894736826,-0.72,0.0,1.0,0.46073793755913783,4.885,8.522881865501404,-0.2670926,-1.9619862,1.8111647,0.2198722243309021,0.0,0.6
0.26030054114652473,0.29858010483738623,0.43785972207621393,48.239999999999995,-88820.55529411839,-0.72,0.0,1.0,0.5828119754631231,4.89,8.522881865501404,-0.2670926,-1.9619862,1.8111647,0.2198722243309021,0.0,0.6
0.2758656901598859,0.2964784705061973,0.4425999121552652,47.16,-150994.94399999976,-0.8999999999999999,-25165.82399999999,1.0,0.475997192297136,4.8950000000000005,8.522881865501404,-0.2670926,-1.9619862,1.8111647,0.2198722243309021,0.0,0.6
0.2919362961549955,0.3013565405998805,0.4463314415780086,46.26,-117964.79999999981,-0.8999999999999999,0.0,1.0,0.7048860133671084,4.9,0.0,0.001229465,-1.6931762,2.7256901,0.30036883950233456,0.0,0.6
0.3061095954938575,0.29648489024715924,0.4483082640613951,45.36,-114390.10909090891,-0.8999999999999999,0.0,1.0,0.41496017334514335,4.905,0.0,0.001229465,-1.6931762,2.7256901,0.30036883950233456,0.0,0.6
0.31937526365854313,0.28471838751626,0.45030262025788775,44.28,-146124.13935483847,-0.8999999999999999,0.0,1.0,0.6743675038911121,4.91,0.0,0.001229465,-1.6931762,2.7256901,0.30036883950233456,0.0,0.6
0.3324994684706016,0.2725797751010943,0.45162148671021574,43.199999999999996,-24.79282965168478,-0.8999999999999999,0.0,1.0,0.36918240913114886,4.915,0.0,0.001229465,-1.6931762,2.7256901,0.30036883950233456,0.0,0.6
0.3427610060924959,0.25728915544803066,0.4526443252597068,42.12,-58074.97846153837,-0.8999999999999999,0.0,1.0,0.8269600512710937,4.92,0.0,0.025451541,-1.5132297,1.5061218,0.3076354622840881,0.0,0.6
0.35071993554667213,0.25733228598328906,0.4533225061876239,41.22,-102023.61081081066,-0.8999999999999999,0.0,1.0,0.33866389965515253,4.925,0.0,0.025451541,-1.5132297,1.5061218,0.3076354622840881,0.0,0.6
0.3561845387956436,0.24301646106380728,0.45389859392504495,40.32,-114390.10909090891,-0.8999999999999999,0.0,1.0,0.5370342112491286,4.93,0.0,0.025451541,-1.5132297,1.5061218,0.3076354622840881,0.0,0.6
0.3587829203987692,0.21953719405181826,0.4545679215422543,39.42,-130168.05517241359,-0.8999999999999999,0.0,1.0,0.5217749565111305,4.9350000000000005,0.0,0.025451541,-1.5132297,1.5061218,0.3076354622840881,0.0,0.6
0.36044014670777436,0.20310494550886474,0.45494427939771764,38.519999999999996,-130168.05517241462,-0.8999999999999999,0.0,1.0,0.7354045228431048,4.94,0.0,-0.33508807,-0.2513333,2.3844795,0.19947357773780822,0.22460001111030578,0.6
0.36111344409476487,0.1818734314455318,0.4560307403880197,37.98,-73062.06967741923,-0.8999999999999999,0.0,1.0,0.4302194280831415,4.945,0.0,-0.33508807,-0.2513333,2.3844795,0.19947357773780822,0.22460001111030578,0.6
0.3616128963571417,0.17239289242287956,0.4573452926424771,37.26,-104134.44413793087,-0.8999999999999999,0.0,1.0,0.6438489944151158,4.95,0.0,-0.33508807,-0.2513333,2.3844795,0.19947357773780822,0.22460001111030578,0.6
0.36154617358626207,0.1537492349933177,0.4588316318594755,36.9,-47185.919999999925,-0.8999999999999999,0.0,1.0,0.567552720725125,4.955,0.0,-0.33508807,-0.2513333,2.3844795,0.19947357773780822,0.22460001111030578,0.6
0.3619012361107782,0.13625155879589362,0.4613634515839725,36.36,-13.199320255952985,-0.8999999999999999,0.0,1.0,0.9185155796990827,4.96,0.0,-0.67495334,1.4087725,1.102575,0.09751399755477905,0.6,0.6
0.3621450502448343,0.12510807252216063,0.46346841789903087,36.18,-12177.011612903207,-0.8999999999999999,0.0,1.0,0.36918240913114886,4.965,0.0,-0.67495334,1.4087725,1.102575,0.09751399755477905,0.6,0.6
0.3614616571572569,0.11530115700921321,0.46569105489406126,36.0,-20971.519999999968,-0.8999999999999999,0.0,1.0,0.7201452681051066,4.97,0.0,-0.67495334,1.4087725,1.102575,0.09751399755477905,0.6,0.6
0.3611169463259138,0.09984542879088924,0.46884105131324155,36.0,0.0,-0.8999999999999999,0.0,1.0,0.6285897396771176,4.9750000000000005,0.0,-0.67495334,1.4087725,1.102575,0.09751399755477905,0.6,0.6
0.3610154351376215,0.08822846938058634,0.4714202529820151,36.18,21570.706285714252,-0.8999999999999999,0.0,1.0,0.7048860133671084,4.98,0.0,-0.83684146,1.9912254,1.09071,0.048947560787200924,0.6,0.6
0.36011558168935415,0.0732678638557024,0.47393505384450296,36.36,21570.706285714252,-0.8999999999999999,0.0,1.0,0.5370342112491286,4.985,0.0,-0.83684146,1.9912254,1.09071,0.048947560787200924,0.6,0.6
0.35890215761396665,0.07593593889867281,0.47722371287136567,36.54,24354.023225806413,-0.8999999999999999,0.0,1.0,0.3997009186071452,4.99,0.0,-0.83684146,1.9912254,1.09071,0.048947560787200924,0.6,0.6
0.35875337790051026,0.0708116081381453,0.4797300172766167,36.72,24354.023225806413,-0.8999999999999999,0.0,1.0,0.475997192297136,4.995,0.0,-0.83684146,1.9912254,1.09071,0.048947560787200924,0.6,0.6
0.3573565212442534,0.07859292917634302,0.4823367716606342,37.08,8.132918091770383,-0.8999999999999999,0.0,1.0,0.6743675038911121,5.0,0.0,-0.8091834,2.2171464,1.9459653,0.057244974374771114,0.6,0.6
0.35065720025344566,0.08133368612627288,0.4852852559874537,37.44,23967.451428571392,-0.8999999999999999,0.0,1.0,0.5828119754631231,5.005,0.0,-0.8091834,2.2171464,1.9459653,0.057244974374771114,0.6,0.6
0.34062580549062443,0.10304223271536826,0.4880605879392917,37.62,20404.72216216213,-0.8999999999999999,0.0,1.0,0.7506637775811029,5.01,0.0,-0.8091834,2.2171464,1.9459653,0.057244974374771114,0.6,0.6
0.3319802527221971,0.10263360900626047,0.4899750727403683,37.98,48708.04645161283,-0.8999999999999999,0.0,1.0,0.17081209753717275,5.015,0.0,-0.8091834,2.2171464,1.9459653,0.057244974374771114,0.6,0.6
0.32222417435714357,0.11331070437941504,0.4920113958243815,38.16,26033.611034482718,-0.8999999999999999,0.0,1.0,0.659108249153114,5.0200000000000005,0.0,-1.5546657,2.8718846,4.274364,0.0,0.6,0.6
0.30810157632832047,0.14330210109692282,0.493912827812926,38.16,0.0,-0.8999999999999999,0.0,1.0,0.475997192297136,5.025,0.0,-1.5546657,2.8718846,4.274364,0.0,0.6,0.6
0.2959487648074833,0.16483824763308047,0.4950126781205606,38.339999999999996,24354.023225806413,-0.8999999999999999,0.0,1.0,0.7811822870570992,5.03,0.0,-1.5546657,2.8718846,4.274364,0.0,0.6,0.6
0.28381867304483394,0.17633617633275714,0.4958262969467399,38.339999999999996,0.0,-0.8999999999999999,0.0,1.0,0.384441663869147,5.035,0.0,-1.5546657,2.8718846,4.274364,0.0,0.6,0.6
0.2706261669687392,0.19659734794788558,0.49644751108569796,38.16,-25165.82399999996,-0.8999999999999999,0.0,1.0,0.7964415417950974,5.04,0.0,-1.5515773,2.315417,5.3173833,0.0,0.6,0.6
0.25787975407997554,0.21188198013916554,0.49689451615440844,37.98,-4.403879743808106,-0.8999999999999999,0.0,1.0,0.567552720725125,5.045,0.0,-1.5515773,2.315417,5.3173833,0.0,0.6,0.6
0.24657791262964876,0.22482951249894706,0.49709515295174694,37.8,-13016.805517241359,-0.8999999999999999,0.0,1.0,0.7354045228431048,5.05,0.0,-1.5515773,2.315417,5.3173833,0.0,0.6,0.6
0.23431289525428023,0.23965290542933235,0.4971261479556826,37.62,-22878.021818181784,-0.8999999999999999,0.0,1.0,0.6743675038911121,5.055,0.0,-1.5515773,2.315417,5.3173833,0.0,0.6,0.6
0.22395421147505845,0.25606751739885586,0.49691945706222124,37.08,-70778.87999999989,-0.8999999999999999,0.0,1.0,0.7964415417950974,5.0600000000000005,0.0,0.3087476,-0.56602323,2.3731248,0.3926242768764496,0.130193030834198,0.6
0.2158906473041517,0.2663595819320286,0.49619769426756755,36.72,-48708.04645161283,-0.8999999999999999,0.0,1.0,0.36918240913114886,5.065,0.0,0.3087476,-0.56602323,2.3731248,0.3926242768764496,0.130193030834198,0.6
0.20665690257755173,0.2919606933852587,0.4957366346838017,36.18,-66615.41647058813,-0.8999999999999999,0.0,1.0,0.7048860133671084,5.07,0.0,0.3087476,-0.56602323,2.3731248,0.3926242768764496,0.130193030834198,0.6
0.19728523360038167,0.3043707660893885,0.4953486711555801,35.64,-70778.87999999989,-0.8999999999999999,0.0,1.0,0.6743675038911121,5.075,0.0,0.3087476,-0.56602323,2.3731248,0.3926242768764496,0.130193030834198,0.6
0.18998910055264698,0.3225913762115356,0.49497676128819196,34.92,-100663.29599999984,-0.8999999999999999,0.0,1.0,0.7201452681051066,5.08,0.0,2.5859132,-1.7866989,-3.4007902,0.6,0.0,0.0
0.18155470217924716,0.3329424096849488,0.4944076107712029,34.199999999999996,-16.284167592343085,-0.8999999999999999,0.0,1.0,0.5370342112491286,5.085,0.0,2.5859132,-1.7866989,-3.4007902,0.6,0.0,0.0
0.1708569382444304,0.34160889683938894,0.49411952954227883,33.48,-48708.04645161283,-0.8999999999999999,0.0,1.0,0.7964415417950974,5.09,0.0,2.5859132,-1.7866989,-3.4007902,0.6,0.0,0.0
0.1583396768631053,0.3405853730365469,0.4937246409536424,32.58,-114390.10909090891,-0.8999999999999999,0.0,1.0,0.475997192297136,5.095,0.0,2.5859132,-1.7866989,-3.4007902,0.6,0.0,0.0
0.1441396209778209,0.3466875409753776,0.4933866893330938,31.68,-125829.1199999998,-0.8999999999999999,0.0,1.0,0.567552720725125,5.1000000000000005,8.522881865501404,2.3065145,-0.09978419,1.6237017,0.6,0.2700647436082363,0.6
0.13168132909613445,0.36268201545010936,0.4928306211566793,30.599999999999998,-156201.66620689683,-0.8999999999999999,0.0,1.0,0.36918240913114886,5.105,8.522881865501404,2.3065145,-0.09978419,1.6237017,0.6,0.2700647436082363,0.6
0.11843378340174668,0.37119885517239376,0.49253027987311093,29.34,-182235.27724137902,-0.8999999999999999,0.0,1.0,0.5522934659871268,5.11,8.522881865501404,2.3065145,-0.09978419,1.6237017,0.6,0.2700647436082363,0.6
0.10459510882352138,0.38753761381270185,0.49250548269596883,28.259999999999998,-122428.33297297318,-0.8999999999999999,0.0,1.0,0.44547868282113967,5.115,8.522881865501404,2.3065145,-0.09978419,1.6237017,0.6,0.2700647436082363,0.6
0.1041542748182651,0.3881624886534762,0.49188382553143495,27.0,-155435.97176470564,-0.8999999999999999,0.0,1.0,0.659108249153114,5.12,20.0,1.7181969,-1.5006622,-2.9945335,0.6,0.0,0.0
0.09909400565760097,0.3937489207189607,0.4912831072171305,25.56,-201326.59200000018,-0.8999999999999999,0.0,1.0,0.5828119754631231,5.125,20.0,1.7181969,-1.5006622,-2.9945335,0.6,0.0,0.0
0.10784703913097311,0.3930552910092678,0.4892771461934185,24.119999999999997,-35.06678448881486,-0.8999999999999999,0.0,1.0,0.475997192297136,5.13,20.0,1.7181969,-1.5006622,-2.9945335,0.6,0.0,0.0
0.12140783640971102,0.3847772497185719,0.48767675451768,22.68,-102369.45355932188,-0.8999999999999999,0.0,1.0,0.567552720725125,5.135,20.0,1.7181969,-1.5006622,-2.9945335,0.6,0.0,0.0
0.14175623571605253,0.3721925801602567,0.487585062702755,21.06,-183642.49945945956,-0.8999999999999999,0.0,1.0,0.7354045228431048,5.14,8.522881865501404,0.7162888,-1.7098497,-2.33766,0.5148866415023804,0.0,0.0
0.1585513253025835,0.3704915323349677,0.48565733108402315,19.62,-183024.17454545427,-0.8999999999999999,0.0,1.0,0.475997192297136,5.1450000000000005,8.522881865501404,0.7162888,-1.7098497,-2.33766,0.5148866415023804,0.0,0.0
0.17731763385654128,0.3575952763503324,0.4839175729223898,18.0,-226492.41600000014,-0.8999999999999999,0.0,1.0,0.7811822870570992,5.15,8.522881865501404,0.7162888,-1.7098497,-2.33766,0.5148866415023804,0.0,0.0
0.19800533510378743,0.34630533019095355,0.48329799804175366,16.56,-194832.18580645177,-0.8999999999999999,0.0,1.0,0.6285897396771176,5.155,8.522881865501404,0.7162888,-1.7098497,-2.33766,0.5148866415023804,0.0,0.0
0.21462313695344531,0.3353505023983323,0.4824660955863533,15.12,-183024.17454545447,-0.8999999999999999,0.0,1.0,0.8574785607470901,5.16,0.0,0.9067347,-1.8095682,-4.1520605,0.572020411491394,0.0,0.0
0.23043812658917764,0.32496409913290064,0.4823539061561187,13.86,-170478.16258064512,-1.08,-24354.02322580647,1.0,0.2776268807031599,5.165,0.0,0.9067347,-1.8095682,-4.1520605,0.572020411491394,0.0,0.0
0.25028940178579384,0.32144889358932943,0.4820728548905125,12.78,-146124.13935483873,-1.08,0.0,1.0,0.6743675038911121,5.17,0.0,0.9067347,-1.8095682,-4.1520605,0.572020411491394,0.0,0.0
0.26518785760953967,0.3037529386294649,0.48032183802796147,11.879999999999999,-20.315553355003992,-1.08,0.0,1.0,0.41496017334514335,5.175,0.0,0.9067347,-1.8095682,-4.1520605,0.572020411491394,0.0,0.0
0.27906411195812847,0.30215565467351074,0.4709150125616434,11.52,-19867.755789473653,-1.08,0.0,1.0,0.5065157017731323,5.18,0.0,0.5645238,-1.6361498,-1.3950325,0.46935714483261104,0.0,0.0
0.2955246186649549,0.28505323651754094,0.44992414080277376,11.34,-19867.755789473653,-1.08,0.0,1.0,0.475997192297136,5.1850000000000005,0.0,0.5645238,-1.6361498,-1.3950325,0.46935714483261104,0.0,0.0
0.30939645013632316,0.2655139239289203,0.42300739884064675,11.7,44410.277647058756,-0.8999999999999999,22205.138823529433,1.0,0.9948118533890735,5.19,0.0,0.5645238,-1.6361498,-1.3950325,0.46935714483261104,0.0,0.0
0.3205531152824477,0.2373053973112829,0.3932160457378856,12.24,75497.47200000013,-0.8999999999999999,0.0,1.0,0.44547868282113967,5.195,0.0,0.5645238,-1.6361498,-1.3950325,0.46935714483261104,0.0,0.0
0.3341250594078288,0.2202951156742945,0.36392646925848215,13.139999999999999,121770.11612903206,-0.8999999999999999,0.0,1.0,0.567552720725125,5.2,0.0,0.45900726,-1.6029269,0.48151615,0.4377021789550781,0.0,0.4444548457860947
0.34483224882980495,0.19131432267384452,0.3351136550113407,14.399999999999999,160146.1527272727,-0.8999999999999999,0.0,1.0,0.49125644703513416,5.205,0.0,0.45900726,-1.6029269,0.48151615,0.4377021789550781,0.0,0.4444548457860947
0.3523651370566545,0.18350972473107685,0.3077614512861091,16.02,219186.2090322582,-0.8999999999999999,0.0,1.0,0.659108249153114,5.21,0.0,0.45900726,-1.6029269,0.48151615,0.4377021789550781,0.0,0.4444548457860947
0.36213445632314195,0.16465378557997115,0.28110213668857836,17.82,41.737598266311394,-0.8999999999999999,0.0,1.0,0.5217749565111305,5.215,0.0,0.45900726,-1.6029269,0.48151615,0.4377021789550781,0.0,0.4444548457860947
0.3716990582802423,0.1431035938605453,0.2572822329238365,20.16,166350.3620338983,-0.8999999999999999,0.0,1.0,0.6285897396771176,5.22,0.0,0.41439807,-1.4770554,2.1926234,0.4243194222450256,0.0,0.6
0.37836160052996737,0.13180847043953434,0.23414601729669798,22.5,316602.3019354839,-0.8999999999999999,0.0,1.0,0.475997192297136,5.2250000000000005,0.0,0.41439807,-1.4770554,2.1926234,0.4243194222450256,0.0,0.6
0.38598526749871054,0.11389538669760273,0.212917859276645,25.2,377487.3599999999,-0.72,25165.82399999999,1.0,0.7201452681051066,5.23,0.0,0.41439807,-1.4770554,2.1926234,0.4243194222450256,0.0,0.6
0.39139532104905267,0.10139332324166404,0.19303958883797803,28.259999999999998,427819.0079999998,-0.72,0.0,1.0,0.32340464491715437,5.235,0.0,0.41439807,-1.4770554,2.1926234,0.4243194222450256,0.0,0.6
0.3950113000969877,0.0895297067119441,0.1749851149241471,31.32,427819.0080000003,-0.72,0.0,1.0,0.5980712302011213,5.24,0.0,0.54712135,-1.5325855,2.351991,0.46413640379905696,0.0,0.6
0.3986844355982071,0.0775330476439948,0.1580749984002891,34.379999999999995,401080.31999999937,-0.72,0.0,1.0,0.384441663869147,5.245,0.0,0.54712135,-1.5325855,2.351991,0.46413640379905696,0.0,0.6
0.4021043749429921,0.06509144213694609,0.1427818630520068,37.8,434682.4145454548,-0.72,0.0,1.0,0.5980712302011213,5.25,0.0,0.54712135,-1.5325855,2.351991,0.46413640379905696,0.0,0.6
0.40544363898748703,0.06657661557314312,0.13138122317359116,41.04,424673.28000000026,-0.72,0.0,1.0,0.3997009186071452,5.255,0.0,0.54712135,-1.5325855,2.351991,0.46413640379905696,0.0,0.6
0.4079245210326526,0.06414374044581059,0.1291392294236461,44.46,81.65698749914615,-0.72,0.0,1.0,0.5828119754631231,5.26,0.0,0.5429591,-1.0493804,5.210001,0.4628877282142639,0.0,0.6
0.4100506306607843,0.044366184727714135,0.12859874025768228,47.879999999999995,247319.30482758582,-0.72,0.0,1.0,0.384441663869147,5.265,0.0,0.5429591,-1.0493804,5.210001,0.4628877282142639,0.0,0.6
0.411742348383612,0.025088868088436907,0.1296389308147112,51.12,411804.392727273,-0.72,0.0,1.0,0.7964415417950974,5.2700000000000005,0.0,0.5429591,-1.0493804,5.210001,0.4628877282142639,0.0,0.6
0.4137242027053462,0.01686248512487167,0.13995887210540703,54.54,462726.4412903228,-0.54,24354.023225806442,1.0,0.24710837122716356,5.275,0.0,0.5429591,-1.0493804,5.210001,0.4628877282142639,0.0,0.6
0.4158131619767665,0.007144469229580949,0.1577294215857863,57.78,438372.4180645164,-0.54,0.0,1.0,0.7659230323191011,5.28,0.0,0.9176651,-1.4620553,3.976994,0.5752995371818542,0.0,0.6
0.4175178086566106,0.012500944810276828,0.1738243181850289,60.839999999999996,401080.31999999937,-0.36,23592.960000000006,1.0,0.4302194280831415,5.285,0.0,0.9176651,-1.4620553,3.976994,0.5752995371818542,0.0,0.6
0.4186621193226705,0.015055500537666938,0.1919365710087668,63.9,401080.3200000003,-0.18,23592.96,1.0,0.659108249153114,5.29,0.0,0.9176651,-1.4620553,3.976994,0.5752995371818542,0.0,0.6
0.4209631864981351,0.0004486457981096534,0.2103179487160562,66.96,401080.31999999937,0.18,47185.92,1.0,0.5370342112491286,5.295,0.0,0.9176651,-1.4620553,3.976994,0.5752995371818542,0.0,0.6
0.422399661327844,-0.011377102138371176,0.2268685526542605,69.66,62.11636471343246,0.54,8.282181961790986,1.0,0.5370342112491286,5.3,0.0,0.7562821,-0.9619686,5.806418,0.5268846273422241,0.011409419775009155,0.6
0.42379696292809005,-0.013326394076996746,0.2421494688454492,72.36,123093.70434782622,0.8999999999999999,16412.493913043472,1.0,0.384441663869147,5.305,0.0,0.7562821,-0.9619686,5.806418,0.5268846273422241,0.011409419775009155,0.6
0.426199979223227,-0.0004751662374698973,0.2590531972455545,74.88,257796.24585365813,1.44,55242.052682926835,1.0,0.567552720725125,5.3100000000000005,0.0,0.7562821,-0.9619686,5.806418,0.5268846273422241,0.011409419775009155,0.6
0.4287415406123486,0.0035941103174167498,0.273002983304591,77.39999999999999,330301.4399999995,1.6199999999999999,23592.959999999992,1.0,0.5522934659871268,5.315,0.0,0.7562821,-0.9619686,5.806418,0.5268846273422241,0.011409419775009155,0.6
0.4299244561578557,0.007899405177740631,0.286343070370035,79.74,350523.9771428577,1.98,53926.76571428573,1.0,0.9337748344370809,5.32,0.0,1.1868311,-1.4207491,4.33848,0.6,0.0,0.6
0.4315179699968365,0.015694139731664832,0.3000545634748482,81.72,259522.56000000052,2.34,47185.919999999984,1.0,0.6133304849391195,5.325,0.0,1.1868311,-1.4207491,4.33848,0.6,0.0,0.6
0.43329246992923237,0.013934911408616276,0.3130004152829458,83.7,251658.24000000051,2.6999999999999997,45756.04363636362,1.0,0.7811822870570992,5.33,0.0,1.1868311,-1.4207491,4.33848,0.6,0.0,0.6
0.4339324114633151,0.0021234858828411774,0.32410339388493664,85.14,188743.6799999997,3.06,47185.92000000004,1.0,0.384441663869147,5.335,0.0,1.1868311,-1.4207491,4.33848,0.6,0.0,0.6
0.4350140282942237,0.0026055255703282838,0.33651467610330504,86.22,146124.13935483847,3.78,97416.09290322577,1.0,0.659108249153114,5.34,0.0,0.9977393,-0.96458447,5.6841135,0.5993217945098877,0.010624659061431884,0.6
0.4373133242654143,0.002504146477546226,0.3479775063673649,86.94,17.517932582705367,4.32,13.138449437029056,1.0,0.6438489944151158,5.345,0.0,0.9977393,-0.96458447,5.6841135,0.5993217945098877,0.010624659061431884,0.6
0.438508495487899,-0.0016426755408888607,0.3577255464753665,87.47999999999999,32356.059428570952,4.859999999999999,32356.059428571378,1.0,0.7506637775811029,5.3500000000000005,0.0,0.9977393,-0.96458447,5.6841135,0.5993217945098877,0.010624659061431884,0.6
0.4406830460411933,-0.007121905154384849,0.3675712163781329,87.47999999999999,0.0,5.3999999999999995,66615.41647058824,1.0,0.20133060701316907,5.355,0.0,0.9977393,-0.96458447,5.6841135,0.5993217945098877,0.010624659061431884,0.6
0.4420882373318848,-0.02277291743683389,0.37792326536545323,87.3,-25165.823999998967,5.3999999999999995,0.0,1.0,0.7811822870570992,5.36,0.0,1.4448109,-1.3825738,4.0869565,0.6,0.0,0.6
0.44346723721882947,-0.019677806638571795,0.3861436580882393,87.11999999999999,-26033.611034483743,5.04,-52067.222068965435,1.0,0.41496017334514335,5.365,0.0,1.4448109,-1.3825738,4.0869565,0.6,0.0,0.6
0.4448426300735952,-0.01902199616054418,0.39383279194709525,86.75999999999999,-44410.277647058756,3.96,-133230.8329411765,1.0,0.46073793755913783,5.37,0.0,1.4448109,-1.3825738,4.0869565,0.6,0.0,0.6
0.44711892960362254,-0.013940172059395774,0.40101203299529725,86.22,-70778.87999999896,2.34,-212336.64,1.0,0.41496017334514335,5.375,0.0,1.4448109,-1.3825738,4.0869565,0.6,0.0,0.6
0.44837259569546856,-0.010993027530020624,0.4065651500525621,85.86,-50331.64799999992,0.36,-276824.064,1.0,0.7354045228431048,5.38,0.0,1.6021581,-1.4065295,2.9445214,0.6,0.0,0.6
0.45065197406334606,0.001965632215455886,0.4108984880757722,84.96,-20.201073502261117,-1.08,-32.321717603617586,1.0,0.41496017334514335,5.385,0.0,1.6021581,-1.4065295,2.9445214,0.6,0.0,0.6
0.4524854825624434,-0.004406073606648115,0.41711188532521476,83.16,-98048.66493506478,-0.18,49024.33246753248,1.0,0.6133304849391195,5.39,0.0,1.6021581,-1.4065295,2.9445214,0.6,0.0,0.6
0.4539539217410323,-0.013642125029802202,0.422773544158087,81.53999999999999,-194136.35657142912,-0.36,-21570.706285714285,1.0,0.5065157017731323,5.3950000000000005,0.0,1.6021581,-1.4065295,2.9445214,0.6,0.0,0.6
0.4551437978811446,-0.020149899122370585,0.42776984811841307,80.1,-183024.17454545427,-0.8999999999999999,-68634.06545454545,1.0,0.384441663869147,5.4,0.0,1.6994247,-1.4776956,2.0439026,0.6,0.0,0.6
0.4573444012511215,-0.016511285596332543,0.43324548796976153,78.48,-199846.2494117635,-0.72,22205.138823529403,1.0,0.8422193060090919,5.405,0.0,1.6994247,-1.4776956,2.0439026,0.6,0.0,0.6
0.459124163303851,-0.015393361278856247,0.437786090180461,76.67999999999999,-215707.06285714422,-0.8999999999999999,-21570.706285714277,1.0,0.7506637775811029,5.41,0.0,1.6994247,-1.4776956,2.0439026,0.6,0.0,0.6
0.4602474665917385,-0.023838171465686477,0.4422701650604807,74.7,-259522.55999999866,-0.72,23592.959999999992,1.0,0.29288613544115805,5.415,0.0,1.6994247,-1.4776956,2.0439026,0.6,0.0,0.6
0.46247587719017036,-0.02374629121170967,0.44649352339918136,72.89999999999999,-243540.23225806604,-0.8999999999999999,-24354.023225806442,1.0,0.5980712302011213,5.42,0.0,1.8108242,-1.6466745,-2.4822526,0.6,0.0,0.0
0.46479050986109655,-0.011815004307807762,0.45044834032801817,71.1,-228780.21818181782,-0.8999999999999999,0.0,1.0,0.5370342112491286,5.425,0.0,1.8108242,-1.6466745,-2.4822526,0.6,0.0,0.0
0.46723523455052,-0.0027829879888740957,0.45316994864704463,69.12,-48.06112399085597,-0.8999999999999999,0.0,1.0,0.7354045228431048,5.43,0.0,1.8108242,-1.6466745,-2.4822526,0.6,0.0,0.0
0.469974309396677,-0.0008715552069640518,0.45660104463252765,67.32,-94371.8400000006,-0.8999999999999999,0.0,1.0,0.5828119754631231,5.4350000000000005,0.0,1.8108242,-1.6466745,-2.4822526,0.6,0.0,0.0
0.4723808281428443,-0.004969673092670258,0.45984437725883115,65.52,-209715.19999999966,-0.8999999999999999,0.0,1.0,0.5522934659871268,5.44,0.0,1.5597745,-1.4440111,-0.9847106,0.6,0.0,0.004586827754974365
0.47434973083493465,-0.024793317633001834,0.46254476330867633,63.9,-212336.63999999966,-0.8999999999999999,0.0,1.0,0.3997009186071452,5.445,0.0,1.5597745,-1.4440111,-0.9847106,0.6,0.0,0.004586827754974365
0.477085121097358,-0.014639809159599265,0.46551740655522195,62.28,-219186.20903225773,-0.8999999999999999,0.0,1.0,0.8269600512710937,5.45,0.0,1.5597745,-1.4440111,-0.9847106,0.6,0.0,0.004586827754974365
0.48032577505625107,-0.011756895552211861,0.46834791111767066,60.66,-199846.24941176525,-0.8999999999999999,0.0,1.0,0.3081453901791562,5.455,0.0,1.5597745,-1.4440111,-0.9847106,0.6,0.0,0.004586827754974365
0.48284225875231634,-0.0012872881309340038,0.47024966319960504,59.22,-177641.11058823502,-0.8999999999999999,0.0,1.0,0.6896267586291103,5.46,0.0,1.3587704,-1.514759,-3.302235,0.6,0.0,0.0
0.48557676376599207,0.0028538271007624858,0.4705679663211814,57.96,-176160.76799999972,-0.8999999999999999,0.0,1.0,0.3539231543931507,5.465,0.0,1.3587704,-1.514759,-3.302235,0.6,0.0,0.0
0.48829161117221387,-0.0072320459272107755,0.4705889375809176,56.879999999999995,-24.91994718774768,-0.8999999999999999,0.0,1.0,0.6896267586291103,5.47,0.0,1.3587704,-1.514759,-3.302235,0.6,0.0,0.0
0.4902516718446781,-0.012798752673395147,0.47037723874425175,55.98,-55512.84705882344,-0.8999999999999999,0.0,1.0,0.2776268807031599,5.4750000000000005,0.0,1.3587704,-1.514759,-3.302235,0.6,0.0,0.0
0.49216832662397375,-0.009277134986972493,0.46834957682490175,55.26,-81618.88864864851,-0.8999999999999999,0.0,1.0,0.5522934659871268,5.48,0.0,0.958236,-1.2920408,-1.0593156,0.5874707937240601,0.0,0.0
0.494391540055282,0.0045745030044882385,0.4657650675417581,54.9,-48708.04645161283,-0.8999999999999999,0.0,1.0,0.44547868282113967,5.485,0.0,0.958236,-1.2920408,-1.0593156,0.5874707937240601,0.0,0.0
0.4955147268253275,-0.005810177266398067,0.46274782840807677,54.72,-24354.023225806413,-0.8999999999999999,0.0,1.0,0.6743675038911121,5.49,0.0,0.958236,-1.2920408,-1.0593156,0.5874707937240601,0.0,0.0
0.49683244817984096,-0.0031602696623559217,0.4517135718283574,54.72,0.0,-0.8999999999999999,0.0,1.0,0.3081453901791562,5.495,0.0,0.958236,-1.2920408,-1.0593156,0.5874707937240601,0.0,0.0
0.49829652544440084,-0.009287580990265772,0.4285876323006941,55.08,47185.919999999925,-0.8999999999999999,0.0,1.0,0.7201452681051066,5.5,0.0,0.50032353,-1.0147747,1.2640795,0.4500970602035522,0.0,0.6
0.4988181508484684,-0.010558568085062184,0.40250386659585746,55.44,35115.1032558139,-0.8999999999999999,0.0,1.0,0.44547868282113967,5.505,0.0,0.50032353,-1.0147747,1.2640795,0.4500970602035522,0.0,0.6
0.5003732051378973,-0.0026071505885715634,0.3725261907479115,55.98,73062.06967741923,-0.72,24354.023225806442,1.0,0.6438489944151158,5.51,0.0,0.50032353,-1.0147747,1.2640795,0.4500970602035522,0.0,0.6
0.5002794698673299,-0.01070355218465868,0.34482136167817984,56.519999999999996,12.841526066619398,-0.72,0.0,1.0,0.384441663869147,5.515,0.0,0.50032353,-1.0147747,1.2640795,0.4500970602035522,0.0,0.6
0.5017410060187057,-0.007666842879444299,0.3162173259666047,57.419999999999995,51710.59726027389,-0.72,0.0,1.0,0.5370342112491286,5.5200000000000005,0.0,0.78522515,-1.1296924,1.5922163,0.5355675458908081,0.0,0.6
0.5026418500895252,0.0007674623859964822,0.289538982967557,58.32,104857.60000000066,-0.72,0.0,1.0,0.24710837122716356,5.525,0.0,0.78522515,-1.1296924,1.5922163,0.5355675458908081,0.0,0.6
0.5038785519183073,-0.006791705241653154,0.263533302425571,59.22,111025.69411764688,-0.72,0.0,1.0,0.6285897396771176,5.53,0.0,0.78522515,-1.1296924,1.5922163,0.5355675458908081,0.0,0.6
0.5049947055631423,-0.011188775576042526,0.23965447869943868,60.3,150994.94399999976,-0.72,0.0,1.0,0.46073793755913783,5.535,0.0,0.78522515,-1.1296924,1.5922163,0.5355675458908081,0.0,0.6
0.5057932168579374,-0.01223472860089924,0.21736928947294515,61.379999999999995,141557.75999999978,-0.72,0.0,1.0,0.5828119754631231,5.54,0.0,1.1271853,-1.2935201,1.6423259,0.6,0.0,0.6
0.5058375301708307,-0.011141459820589485,0.19672217892005356,62.64,170478.16258064585,-0.72,0.0,1.0,0.2776268807031599,5.545,0.0,1.1271853,-1.2935201,1.6423259,0.6,0.0,0.6
0.5059832140887336,-0.01681394418500844,0.17707339460430532,63.9,176160.76799999972,-0.72,0.0,1.0,0.6896267586291103,5.55,0.0,1.1271853,-1.2935201,1.6423259,0.6,0.0,0.6
0.5055889371573574,-0.011260743574464079,0.16182826948487383,65.16,29.11379296287518,-0.72,0.0,1.0,0.3997009186071452,5.555,0.0,1.1271853,-1.2935201,1.6423259,0.6,0.0,0.6
0.5038595256748438,-0.010477845272992298,0.1552419284447295,66.42,58720.25600000024,-0.72,0.0,1.0,0.5828119754631231,5.5600000000000005,0.0,0.51874924,-1.5071086,2.5624208,0.455624771118164,0.0,0.6
0.5023307553722588,-0.005586008211857966,0.15415321083491226,67.67999999999999,135508.2830769221,-0.54,19358.32615384615,1.0,0.5370342112491286,5.565,0.0,0.51874924,-1.5071086,2.5624208,0.455624771118164,0.0,0.6
0.5012249341675735,0.008624770292238548,0.15343095914515784,68.75999999999999,125829.1199999998,-0.54,0.0,1.0,0.7048860133671084,5.57,0.0,0.51874924,-1.5071086,2.5624208,0.455624771118164,0.0,0.6
0.5000855362522475,0.007047008904184452,0.15935362375253487,70.02,155435.9717647065,-0.54,0.0,1.0,0.4302194280831415,5.575,0.0,0.51874924,-1.5071086,2.5624208,0.455624771118164,0.0,0.6
0.49869910208496915,0.002330026829657532,0.1758289864497039,71.1,146124.13935483847,-0.54,0.0,1.0,0.475997192297136,5.58,0.0,-0.045346327,-1.214789,2.3078213,0.28639610186219217,0.0,0.6
0.49720384113696575,7.338424634028731e-05,0.19503157653199873,72.17999999999999,125829.1199999998,-0.36,20971.520000000004,1.0,0.5065157017731323,5.585,0.0,-0.045346327,-1.214789,2.3078213,0.28639610186219217,0.0,0.6
0.49611888570037743,-0.0015313077520405856,0.21180498460614622,73.08,114390.10909090981,-0.18,22878.021818181816,1.0,0.7811822870570992,5.59,0.0,-0.045346327,-1.214789,2.3078213,0.28639610186219217,0.0,0.6
0.4961518432983707,0.0007864724578844278,0.2318995469946546,73.98,121770.11612903302,0.18,48708.0464516129,1.0,0.46073793755913783,5.595,0.0,-0.045346327,-1.214789,2.3078213,0.28639610186219217,0.0,0.6
0.49730290100623287,-0.0027352530791860826,0.250309475126322,74.7,16.291986340168616,0.36,4.072996585042161,1.0,0.7811822870570992,5.6000000000000005,0.0,-0.042019643,-0.10969425,4.5644283,0.2873941071331501,0.2670917250216007,0.6
0.4980963475791829,2.1718605017173504e-05,0.2661438336144259,75.42,44410.277647058756,0.36,0.0,1.0,0.6743675038911121,5.605,0.0,-0.042019643,-0.10969425,4.5644283,0.2873941071331501,0.2670917250216007,0.6
0.497725353717012,0.0016128591812885626,0.2826330901612585,75.96,66615.41647058725,0.54,22205.138823529418,1.0,0.5980712302011213,5.61,0.0,-0.042019643,-0.10969425,4.5644283,0.2873941071331501,0.2670917250216007,0.6
0.4976557247737271,0.009220249848959777,0.29915990053661423,76.5,66615.416470589,0.36,-22205.138823529418,1.0,0.3539231543931507,5.615,0.0,-0.042019643,-0.10969425,4.5644283,0.2873941071331501,0.2670917250216007,0.6
0.49755406543398284,0.008821841428163795,0.3124638888188404,76.86,50331.64799999992,0.18,-25165.824,1.0,0.7201452681051066,5.62,0.0,0.32561916,-0.20699269,3.0223427,0.39768574833869935,0.2379021942615509,0.6
0.49588373050980716,0.0028330328852649877,0.32623663301757594,77.22,47185.919999999925,-0.18,-47185.92,1.0,0.41496017334514335,5.625,0.0,0.32561916,-0.20699269,3.0223427,0.39768574833869935,0.2379021942615509,0.6
0.49494132065705115,0.0010434991741619037,0.33983999991853947,77.58,47185.919999999925,-0.72,-70778.88,1.0,0.5217749565111305,5.63,0.0,0.32561916,-0.20699269,3.0223427,0.39768574833869935,0.2379021942615509,0.6
0.4943649870615713,-0.0008589711955685499,0.35146210942079087,77.58,0.0,-0.54,24354.023225806442,1.0,0.49125644703513416,5.635,0.0,0.32561916,-0.20699269,3.0223427,0.39768574833869935,0.2379021942615509,0.6
0.4934056273387143,-0.003687564330056319,0.36219562738795197,77.58,0.0,-0.72,-24354.023225806442,1.0,0.5980712302011213,5.64,0.0,0.57005346,-0.93206716,2.105784,0.47101603746414183,0.020379853248596192,0.6
0.4920992442722284,-0.0021747542479854986,0.37385296842147553,77.39999999999999,-4.38131304514371,-0.72,0.0,1.0,0.5370342112491286,5.6450000000000005,0.0,0.57005346,-0.93206716,2.105784,0.47101603746414183,0.020379853248596192,0.6
0.49263399295569776,-0.00011224209498286889,0.38360341211594584,77.22,-11439.010909090439,-0.72,0.0,1.0,0.659108249153114,5.65,0.0,0.57005346,-0.93206716,2.105784,0.47101603746414183,0.020379853248596192,0.6
0.49192068324774724,0.008345915301720784,0.39242417909806326,76.86,-44410.277647058756,-0.72,0.0,1.0,0.5217749565111305,5.655,0.0,0.57005346,-0.93206716,2.105784,0.47101603746414183,0.020379853248596192,0.6
0.4885998899463265,0.008312230019387067,0.4022715313744367,76.32,-73062.06967742021,-0.72,0.0,1.0,0.6133304849391195,5.66,0.0,1.0156714,-1.7434466,0.31108046,0.6,0.0,0.3933241367340088
0.48473896190237276,0.02670885428842476,0.4103437073660642,75.96,-47185.919999999925,-0.72,0.0,1.0,0.4302194280831415,5.665,0.0,1.0156714,-1.7434466,0.31108046,0.6,0.0,0.3933241367340088
0.48008766341176057,0.04329106165106812,0.41687355950415655,75.24,-91512.08727272713,-0.72,0.0,1.0,0.6743675038911121,5.67,0.0,1.0156714,-1.7434466,0.31108046,0.6,0.0,0.3933241367340088
0.4716205486906521,0.05542354211638273,0.4239865300095762,74.7,-64712.118857141904,-0.72,0.0,1.0,0.475997192297136,5.675,0.0,1.0156714,-1.7434466,0.31108046,0.6,0.0,0.3933241367340088
0.462277671835468,0.07875035230999028,0.4303156376584416,73.98,-100663.29599999984,-0.72,0.0,1.0,0.7659230323191011,5.68,0.0,1.1312088,-1.5228785,-1.173508,0.6,0.0,0.0
0.45549505579702526,0.0973559345778553,0.4350913688078108,73.08,-20.391715554403266,-0.72,0.0,1.0,0.36918240913114886,5.6850000000000005,0.0,1.1312088,-1.5228785,-1.173508,0.6,0.0,0.0
0.4521800077739611,0.09585179185581526,0.43972615209723553,72.36,-50331.64799999992,-0.8999999999999999,-12582.911999999995,1.0,0.6743675038911121,5.69,0.0,1.1312088,-1.5228785,-1.173508,0.6,0.0,0.0
0.45043638183308077,0.09439341194438117,0.4434835925793938,71.46,-114390.10909090981,-0.8999999999999999,0.0,1.0,0.5065157017731323,5.695,0.0,1.1312088,-1.5228785,-1.173508,0.6,0.0,0.0
0.4495847148763089,0.08847973846529757,0.44640237091339313,70.56,-114390.10909090801,-0.8999999999999999,0.0,1.0,0.7506637775811029,5.7,0.0,0.6363469,-0.9371859,-0.94823384,0.4909040629863739,0.018844234943389892,0.015529847145080565
0.44979363387372484,0.09069682825439504,0.45017773738313793,69.48,-150994.94399999976,-0.8999999999999999,0.0,1.0,0.24710837122716356,5.705,0.0,0.6363469,-0.9371859,-0.94823384,0.4909040629863739,0.018844234943389892,0.015529847145080565
0.4503272122346678,0.09332715532361623,0.45404069637174116,68.58,-121770.11612903302,-0.8999999999999999,0.0,1.0,0.6133304849391195,5.71,0.0,0.6363469,-0.9371859,-0.94823384,0.4909040629863739,0.018844234943389892,0.015529847145080565
0.4507383175147892,0.08644869556409593,0.4559587204065555,67.67999999999999,-121770.11612903302,-0.8999999999999999,0.0,1.0,0.5522934659871268,5.715,0.0,0.6363469,-0.9371859,-0.94823384,0.4909040629863739,0.018844234943389892,0.015529847145080565
0.45166857526794313,0.08523279712861874,0.45586704593716876,66.78,-117964.79999999888,-0.8999999999999999,0.0,1.0,0.36918240913114886,5.72,0.0,0.21158934,-1.5858376,-2.4090652,0.3634768009185791,0.0,0.0
0.4532102367560537,0.09389250994213863,0.45576538050123183,65.88,-121770.11612903302,-0.8999999999999999,0.0,1.0,0.46073793755913783,5.7250000000000005,0.0,0.21158934,-1.5858376,-2.4090652,0.3634768009185791,0.0,0.0
0.4542358690880803,0.09461292138156065,0.45524739571735856,64.98,-22.00232911923601,-0.8999999999999999,0.0,1.0,0.7201452681051066,5.73,0.0,0.21158934,-1.5858376,-2.4090652,0.3634768009185791,0.0,0.0
0.45558972541323167,0.0878452959525794,0.45286846957064386,64.25999999999999,-52980.68210526412,-0.8999999999999999,0.0,1.0,0.41496017334514335,5.735,0.0,0.21158934,-1.5858376,-2.4090652,0.3634768009185791,0.0,0.0
0.4573664597895456,0.0787096623432183,0.4508599257084367,63.54,-94371.83999999892,-0.8999999999999999,0.0,1.0,0.567552720725125,5.74,0.0,0.1436257,-1.8033756,1.2211607,0.34308771193027493,0.0,0.6
0.45770209389023303,0.0698809317300356,0.4507611767136787,62.82,-100663.29599999984,-0.8999999999999999,0.0,1.0,0.3539231543931507,5.745,0.0,0.1436257,-1.8033756,1.2211607,0.34308771193027493,0.0,0.6
0.458613685436747,0.06669980049925117,0.4483549073450854,62.28,-78100.83310344815,-0.8999999999999999,0.0,1.0,0.5522934659871268,5.75,0.0,0.1436257,-1.8033756,1.2211607,0.34308771193027493,0.0,0.6
0.45993782885175694,0.0535746962585418,0.4416176920245394,61.739999999999995,-68634.06545454625,-0.8999999999999999,0.0,1.0,0.32340464491715437,5.755,0.0,0.1436257,-1.8033756,1.2211607,0.34308771193027493,0.0,0.6
0.460375351435959,0.049948966685219115,0.4342946905631674,61.379999999999995,-47185.919999999925,-0.8999999999999999,0.0,1.0,0.567552720725125,5.76,0.0,0.28322574,-1.5619398,1.3650972,0.38496772348880764,0.0,0.6
0.461206017754908,0.04486166879875402,0.42333018977552833,61.019999999999996,-47185.919999999925,-0.8999999999999999,0.0,1.0,0.384441663869147,5.765,0.0,0.28322574,-1.5619398,1.3650972,0.38496772348880764,0.0,0.6
0.46105981177231176,0.039120776443669694,0.40604967097390665,61.019999999999996,0.0,-0.8999999999999999,0.0,1.0,0.6896267586291103,5.7700000000000005,0.0,0.28322574,-1.5619398,1.3650972,0.38496772348880764,0.0,0.6
0.4610061616364091,0.035508199812512214,0.38397957983892,60.839999999999996,-13981.01333333331,-0.72,13981.013333333329,1.0,0.2776268807031599,5.775,0.0,0.28322574,-1.5619398,1.3650972,0.38496772348880764,0.0,0.6
0.46123839591909277,0.03225603989505243,0.3630711024805652,60.839999999999996,0.0,-0.72,0.0,1.0,0.659108249153114,5.78,0.0,0.4376006,-1.4645017,1.4223428,0.43128018379211425,0.0,0.6
0.45983673281142873,0.020683843926673984,0.34159073370274795,61.019999999999996,24354.023225806413,-0.72,0.0,1.0,0.567552720725125,5.785,0.0,0.4376006,-1.4645017,1.4223428,0.43128018379211425,0.0,0.6
0.45966333353949723,0.027570430219720346,0.3225806997064209,61.019999999999996,0.0,-0.72,0.0,1.0,0.7201452681051066,5.79,0.0,0.4376006,-1.4645017,1.4223428,0.43128018379211425,0.0,0.6
0.4594784644426671,0.009602747214462274,0.3089960116236196,61.199999999999996,24354.023225806413,-0.72,0.0,1.0,0.5370342112491286,5.795,0.0,0.4376006,-1.4645017,1.4223428,0.43128018379211425,0.0,0.6
0.45742043790415804,0.008730527243348985,0.3042793423116941,61.379999999999995,23592.959999999963,-0.72,0.0,1.0,0.6285897396771176,5.8,0.0,0.08910699,-0.28236297,1.794418,0.32673209756612775,0.21529110968112944,0.6
0.45194964860026204,-0.00044156885863552464,0.30275953485255785,61.559999999999995,24354.023225806413,-0.72,0.0,1.0,0.46073793755913783,5.805,0.0,0.08910699,-0.28236297,1.794418,0.32673209756612775,0.21529110968112944,0.6
0.4473248824817807,-0.012494953015569448,0.3004215080247075,61.739999999999995,21570.706285714252,-0.72,0.0,1.0,0.3997009186071452,5.8100000000000005,0.0,0.08910699,-0.28236297,1.794418,0.32673209756612775,0.21529110968112944,0.6
0.44151255043468723,-0.015981435235559047,0.30208516619446657,61.919999999999995,4.407015970860178,-0.72,0.0,1.0,0.3081453901791562,5.815,0.0,0.08910699,-0.28236297,1.794418,0.32673209756612775,0.21529110968112944,0.6
0.4343253810116199,-0.01910343756956086,0.3100365245089099,62.099999999999994,13481.691428571407,-0.72,0.0,1.0,0.5522934659871268,5.82,0.0,-0.55585146,1.8841068,2.1607602,0.13324456214904784,0.6,0.6
0.4278974469786913,-0.02614745762391107,0.3198584021239523,62.099999999999994,0.0,-0.72,0.0,1.0,0.7964415417950974,5.825,0.0,-0.55585146,1.8841068,2.1607602,0.13324456214904784,0.6,0.6
0.42418074699560776,-0.006587708535188783,0.3311104649324608,62.099999999999994,0.0,-0.72,0.0,1.0,0.475997192297136,5.83,0.0,-0.55585146,1.8841068,2.1607602,0.13324456214904784,0.6,0.6
0.42185517359471514,-0.0030318555716459666,0.3456346105062082,62.099999999999994,0.0,-0.72,0.0,1.0,0.5065157017731323,5.835,0.0,-0.55585146,1.8841068,2.1607602,0.13324456214904784,0.6,0.6
0.42061700542090796,-0.01234234932255489,0.3600313664570448,62.099999999999994,0.0,-0.72,0.0,1.0,0.6896267586291103,5.84,0.0,-0.9097147,2.42996,1.7949235,0.027085590362548827,0.6,0.6
0.4199407838204294,-0.001238598215011951,0.37258110455294396,62.099999999999994,0.0,-0.72,0.0,1.0,0.6438489944151158,5.845,0.0,-0.9097147,2.42996,1.7949235,0.027085590362548827,0.6,0.6
0.41564515005240193,-0.009183410637899259,0.38699758179201155,61.919999999999995,-24354.023225806413,-0.72,0.0,1.0,0.8879970702230864,5.8500000000000005,0.0,-0.9097147,2.42996,1.7949235,0.027085590362548827,0.6,0.6
0.4097526541371541,-0.010882354241753238,0.40046507949477145,61.739999999999995,-4.080304817082721,-0.72,0.0,1.0,0.5217749565111305,5.855,0.0,-0.9097147,2.42996,1.7949235,0.027085590362548827,0.6,0.6
0.40550207312671366,-0.004517656714957931,0.4112011755736674,61.559999999999995,-13726.813090909069,-0.72,0.0,1.0,0.5522934659871268,5.86,0.0,-0.97466564,2.663355,2.9697692,0.007600307464599609,0.6,0.6
0.3975257591062701,0.013222870229198875,0.4213590051418806,61.379999999999995,-22205.138823529378,-0.72,0.0,1.0,0.49125644703513416,5.865,0.0,-0.97466564,2.663355,2.9697692,0.007600307464599609,0.6,0.6
0.3859416410475043,0.048817675467653684,0.43111499706201634,61.199999999999996,-26033.611034482718,-0.72,0.0,1.0,0.29288613544115805,5.87,0.0,-0.97466564,2.663355,2.9697692,0.007600307464599609,0.6,0.6
0.37570957975031843,0.05779723399478077,0.4380298602482565,60.839999999999996,-50331.64799999992,-0.8999999999999999,-25165.82399999999,1.0,0.4302194280831415,5.875,0.0,-0.97466564,2.663355,2.9697692,0.007600307464599609,0.6,0.6
0.36507741427205015,0.0660951467996646,0.44472549225184776,60.48,-47185.919999999925,-0.8999999999999999,0.0,1.0,0.5522934659871268,5.88,0.0,-1.5436313,2.818178,4.753809,0.0,0.6,0.6
0.35041011969778224,0.0892563128543889,0.4503209788849719,59.94,-70778.87999999989,-0.8999999999999999,0.0,1.0,0.6743675038911121,5.885,0.0,-1.5436313,2.818178,4.753809,0.0,0.6,0.6
0.33712443950233817,0.10908543084910051,0.45405196290491945,59.4,-73062.06967741923,-0.8999999999999999,0.0,1.0,0.7354045228431048,5.89,0.0,-1.5436313,2.818178,4.753809,0.0,0.6,0.6
0.32398446640222267,0.12419155489017464,0.45792324009051216,58.86,-73062.06967741923,-0.8999999999999999,0.0,1.0,0.5522934659871268,5.8950000000000005,0.0,-1.5436313,2.818178,4.753809,0.0,0.6,0.6
0.3095894249784892,0.1450415224663137,0.4612496367364413,58.14,-17.519863549341505,-0.8999999999999999,0.0,1.0,0.7354045228431048,5.9,0.0,-1.591307,2.370845,5.513703,0.0,0.6,0.6
0.2955013075275932,0.15852912622007945,0.4630548499390044,57.419999999999995,-52067.22206896595,-0.8999999999999999,0.0,1.0,0.4302194280831415,5.905,0.0,-1.591307,2.370845,5.513703,0.0,0.6,0.6
0.28301230869700805,0.1803837592005405,0.46466134038949547,56.519999999999996,-114390.10909090891,-0.8999999999999999,0.0,1.0,0.475997192297136,5.91,0.0,-1.591307,2.370845,5.513703,0.0,0.6,0.6
0.2689704253752408,0.20022258841913237,0.4660872725275125,55.8,-97416.09290322565,-0.8999999999999999,0.0,1.0,0.3997009186071452,5.915,0.0,-1.591307,2.370845,5.513703,0.0,0.6,0.6
0.2528872682456269,0.20529298439382138,0.46651081894189816,54.72,-156201.6662068963,-0.8999999999999999,0.0,1.0,0.6133304849391195,5.92,0.0,-0.50895655,-0.74331844,3.4451761,0.14731303453445435,0.07700446844100951,0.6
0.234572528686323,0.22617650948639495,0.4670434111582052,53.64,-137268.1309090907,-0.8999999999999999,0.0,1.0,0.7201452681051066,5.925,0.0,-0.50895655,-0.74331844,3.4451761,0.14731303453445435,0.07700446844100951,0.6
0.2146661591585271,0.24348988277923894,0.4674081968025915,52.559999999999995,-137268.1309090916,-0.8999999999999999,0.0,1.0,0.5522934659871268,5.93,0.0,-0.50895655,-0.74331844,3.4451761,0.14731303453445435,0.07700446844100951,0.6
0.19476403356349992,0.258096171550363,0.4675167171538583,51.3,-165150.71999999974,-0.8999999999999999,0.0,1.0,0.567552720725125,5.9350000000000005,0.0,-0.50895655,-0.74331844,3.4451761,0.14731303453445435,0.07700446844100951,0.6
0.17513046670431773,0.2608479296284861,0.46755436449205795,50.04,-29.018037579205103,-0.8999999999999999,0.0,1.0,0.6896267586291103,5.94,0.0,1.5204902,-2.9796789,-2.6550422,0.6,0.0,0.0
0.15709011578650622,0.2805262913142662,0.46726379769480547,48.78,-92716.19368421038,-0.8999999999999999,0.0,1.0,0.6743675038911121,5.945,0.0,1.5204902,-2.9796789,-2.6550422,0.6,0.0,0.0
0.13963064427136615,0.2939665679667245,0.4671936781655233,47.16,-212336.6400000006,-0.8999999999999999,0.0,1.0,0.567552720725125,5.95,0.0,1.5204902,-2.9796789,-2.6550422,0.6,0.0,0.0
0.1244484584393666,0.308215811760451,0.4665833212902929,45.72,-194832.1858064513,-0.8999999999999999,0.0,1.0,0.5065157017731323,5.955,0.0,1.5204902,-2.9796789,-2.6550422,0.6,0.0,0.0
0.10708235380185165,0.3264908595693902,0.46587650445056616,44.1,-242670.44571428534,-0.8999999999999999,0.0,1.0,0.5980712302011213,5.96,8.522881865501404,1.6138068,-0.641773,3.6292303,0.6,0.10746810436248778,0.6
0.09215705422875303,0.34110978886040294,0.46553352351579824,42.3,-260336.1103448282,-0.8999999999999999,0.0,1.0,0.46073793755913783,5.965,8.522881865501404,1.6138068,-0.641773,3.6292303,0.6,0.10746810436248778,0.6
0.08075578268028788,0.3467767200146088,0.465442402233581,40.5,-235929.59999999963,-0.8999999999999999,0.0,1.0,0.659108249153114,5.97,8.522881865501404,1.6138068,-0.641773,3.6292303,0.6,0.10746810436248778,0.6
0.07279632251833783,0.34497038601484836,0.4647537553342641,38.519999999999996,-259522.56000000052,-0.8999999999999999,0.0,1.0,0.3081453901791562,5.9750000000000005,8.522881865501404,1.6138068,-0.641773,3.6292303,0.6,0.10746810436248778,0.6
0.08022506719731504,0.3472170386399892,0.4643160674581082,36.54,-267894.25548387057,-0.8999999999999999,0.0,1.0,0.5828119754631231,5.98,20.0,1.497273,-1.4050063,-1.4539016,0.6,0.0,0.0
0.0736242150909381,0.3450437362671059,0.46398807995731317,34.56,-44.25715263233618,-0.8999999999999999,0.0,1.0,0.6743675038911121,5.985,20.0,1.497273,-1.4050063,-1.4539016,0.6,0.0,0.0
0.06633788269763474,0.34634698870107067,0.46225120995669344,32.4,-89699.96673267342,-0.8999999999999999,0.0,1.0,0.6743675038911121,5.99,20.0,1.497273,-1.4050063,-1.4539016,0.6,0.0,0.0
0.07915209813701764,0.34139071307549385,0.46081737551098445,30.24,-312403.33241379313,-0.8999999999999999,0.0,1.0,0.41496017334514335,5.995,20.0,1.497273,-1.4050063,-1.4539016,0.6,0.0,0.0
0.09436777770100012,0.33697115607184347,0.4604619929969061,27.9,-426724.8417391304,-0.8999999999999999,0.0,1.0,0.6743675038911121,6.0,8.522881865501404,0.6833298,-1.7398139,-1.2061592,0.5049989461898804,0.0,0.0
0.10039708178759613,0.3297701328467784,0.4582554780862909,25.56,-408944.63999999996,-0.8999999999999999,0.0,1.0,0.7506637775811029,6.005,8.522881865501404,0.6833298,-1.7398139,-1.2061592,0.5049989461898804,0.0,0.0
0.12052590675218464,0.3146898831768668,0.4559013140452371,23.22,-426724.8417391304,-0.8999999999999999,0.0,1.0,0.659108249153114,6.01,8.522881865501404,0.6833298,-1.7398139,-1.2061592,0.5049989461898804,0.0,0.0
0.13231015454674588,0.29837778014405586,0.4541923661706612,20.88,-408944.63999999996,-0.8999999999999999,0.0,1.0,0.5980712302011213,6.015000000000001,8.522881865501404,0.6833298,-1.7398139,-1.2061592,0.5049989461898804,0.0,0.0
0.1519002552546244,0.28919900346025373,0.45308618236896353,18.36,-459549.8295652173,-0.8999999999999999,0.0,1.0,0.6896267586291103,6.0200000000000005,0.0,0.79262763,-1.8394397,-4.4388294,0.5377882897853851,0.0,0.0
0.1692837834984286,0.28237548365432247,0.45285853588833047,15.84,-528482.3039999999,-0.8999999999999999,0.0,1.0,0.5522934659871268,6.025,0.0,0.79262763,-1.8394397,-4.4388294,0.5377882897853851,0.0,0.0
0.19152072732158829,0.26990366494562884,0.4523369856252785,13.5,-58.09319703812438,-0.8999999999999999,0.0,1.0,0.7201452681051066,6.03,0.0,0.79262763,-1.8394397,-4.4388294,0.5377882897853851,0.0,0.0
0.21004271792674878,0.2531808026225185,0.4506565553134,11.34,-109152.97156626507,-0.8999999999999999,0.0,1.0,0.4302194280831415,6.035,0.0,0.79262763,-1.8394397,-4.4388294,0.5377882897853851,0.0,0.0
0.2253934450292117,0.2511765144062651,0.44206418875189857,9.54,-235929.6000000001,-0.8999999999999999,0.0,1.0,0.41496017334514335,6.04,0.0,0.36572635,-1.231555,-1.0227554,0.4097179055213928,0.0,0.0
0.2441992286192538,0.23354076448774225,0.4239564342459008,7.92,-308853.2945454544,-0.8999999999999999,0.0,1.0,0.5522934659871268,6.045,0.0,0.36572635,-1.231555,-1.0227554,0.4097179055213928,0.0,0.0
0.2612960354032845,0.21726635514373902,0.3980919999904649,6.66,-240219.22909090904,-0.8999999999999999,0.0,1.0,0.8879970702230864,6.05,0.0,0.36572635,-1.231555,-1.0227554,0.4097179055213928,0.0,0.0
0.2739357913614054,0.19144991463881023,0.37118546899477733,5.76,-179755.88571428577,-0.8999999999999999,0.0,1.0,5.175847651600682,6.055,0.0,0.36572635,-1.231555,-1.0227554,0.4097179055213928,0.0,0.0
0.2901444877030282,0.17350804431394987,0.34278505396265313,5.76,0.0,-0.36,94371.83999999998,1.0,0.7354045228431048,6.0600000000000005,0.0,0.32535875,-0.72955585,-1.8868052,0.39760762453079224,0.08113324642181396,0.0
0.30497378249224594,0.17027287805120708,0.31569155080836125,6.3,102951.09818181819,-0.72,-68634.06545454545,1.0,5.236884670552675,6.065,0.0,0.32535875,-0.72955585,-1.8868052,0.39760762453079224,0.08113324642181396,0.0
0.3148990795297395,0.14447126081102646,0.2888237258254153,7.199999999999999,20.204533460362985,-0.8999999999999999,-4.040906692072598,1.0,0.24710837122716356,6.07,0.0,0.32535875,-0.72955585,-1.8868052,0.39760762453079224,0.08113324642181396,0.0
0.3269857356660409,0.11866934407392987,0.2639079739180711,8.82,70778.88000000005,-0.8999999999999999,0.0,1.0,-0.3174840540788235,6.075,0.0,0.32535875,-0.72955585,-1.8868052,0.39760762453079224,0.08113324642181396,0.0
0.3397588703335699,0.11452115609314963,0.23987210889233676,10.62,157286.3999999999,-0.8999999999999999,0.0,1.0,0.2623676259651617,6.08,0.0,0.4611017,-1.2219607,0.32958025,0.43833051323890687,0.0,0.39887407422065735
0.34816787840366575,0.08526142538282824,0.21786370340972577,12.78,244856.66594594595,-0.8999999999999999,0.0,1.0,1.3457747123630313,6.085,0.0,0.4611017,-1.2219607,0.32958025,0.43833051323890687,0.0,0.39887407422065735
0.3559495059371419,0.08628976682356616,0.19727077538879795,15.299999999999999,330301.43999999994,-0.8999999999999999,0.0,1.0,0.475997192297136,6.09,0.0,0.4611017,-1.2219607,0.32958025,0.43833051323890687,0.0,0.39887407422065735
0.36168606293743366,0.08420152797437837,0.1782549275753291,18.18,326475.5545945947,-0.8999999999999999,0.0,1.0,0.3081453901791562,6.095,0.0,0.4611017,-1.2219607,0.32958025,0.43833051323890687,0.0,0.39887407422065735
0.3646133904464772,0.06089804371866224,0.16086993158701401,21.24,337751.8484210525,-0.8999999999999999,0.0,1.0,0.6743675038911121,6.1000000000000005,0.0,0.2795597,-2.1337602,0.28944317,0.3838679105043411,0.0,0.3868329495191574
0.3675749706204709,0.062264810122062655,0.14456155922963865,24.66,421897.63764705905,-0.72,22205.138823529403,1.0,0.9185155796990827,6.105,0.0,0.2795597,-2.1337602,0.28944317,0.3838679105043411,0.0,0.3868329495191574
0.3704088061314709,0.04888624470764434,0.12962339225358716,27.9,438372.4180645159,-0.72,0.0,1.0,0.7354045228431048,6.11,0.0,0.2795597,-2.1337602,0.28944317,0.3838679105043411,0.0,0.3868329495191574
0.3715343488913418,0.04565304297409708,0.11665497949443922,31.5,87.8776794859857,-0.72,0.0,1.0,0.5217749565111305,6.115,0.0,0.2795597,-2.1337602,0.28944317,0.3838679105043411,0.0,0.3868329495191574
0.3735991041540968,0.05476297503234952,0.10437156485931108,35.1,218833.25217391312,-0.72,0.0,1.0,0.567552720725125,6.12,0.0,0.52767885,-1.6649479,3.5068746,0.45830365419387814,0.0,0.6
0.3757076407738472,0.05502163625658626,0.0932149483746389,38.699999999999996,397355.11578947306,-0.72,0.0,1.0,0.6743675038911121,6.125,0.0,0.52767885,-1.6649479,3.5068746,0.45830365419387814,0.0,0.6
0.37767948597673234,0.04096252812639544,0.08421733639838011,42.48,466307.91529411776,-0.72,0.0,1.0,0.659108249153114,6.13,0.0,0.52767885,-1.6649479,3.5068746,0.45830365419387814,0.0,0.6
0.37978103299511967,0.031204297731478408,0.08330659029444382,46.08,487080.4645161292,-0.72,0.0,1.0,0.5522934659871268,6.135,0.0,0.52767885,-1.6649479,3.5068746,0.45830365419387814,0.0,0.6
0.38306431000738966,0.024474978344748804,0.08545206976582197,49.68,487080.4645161292,-0.72,0.0,1.0,0.5828119754631231,6.140000000000001,0.0,0.77341807,-1.6405337,1.9891173,0.532025420665741,0.0,0.6
0.38648492425573616,0.025105648264740873,0.0897871849334744,53.28,444102.7764705884,-0.54,22205.138823529403,1.0,0.6438489944151158,6.1450000000000005,0.0,0.77341807,-1.6405337,1.9891173,0.532025420665741,0.0,0.6
0.3896070913255153,0.043683033929506156,0.10259772901453942,56.699999999999996,462726.4412903219,-0.54,0.0,1.0,0.46073793755913783,6.15,0.0,0.77341807,-1.6405337,1.9891173,0.532025420665741,0.0,0.6
0.3924602566297915,0.03638314275947914,0.12232999048740797,60.12,77.51112955518094,-0.36,4.079533134483207,1.0,0.567552720725125,6.155,0.0,0.77341807,-1.6405337,1.9891173,0.532025420665741,0.0,0.6
0.3941229115501983,0.034472133333748115,0.13916147123718062,63.36,226492.41600000014,0.0,25165.824,1.0,0.5370342112491286,6.16,0.0,0.6465386,-0.73495406,3.7464304,0.49396158456802364,0.07951378226280212,0.6
0.39601501782886783,0.03542507364272679,0.15653426245801155,66.42,401080.3200000003,0.36,47185.92,1.0,0.659108249153114,6.165,0.0,0.6465386,-0.73495406,3.7464304,0.49396158456802364,0.07951378226280212,0.6
0.39804091219613713,0.022313420069288277,0.1755645632802693,69.48,414018.39483870997,0.8999999999999999,73062.06967741935,1.0,0.6438489944151158,6.17,0.0,0.6465386,-0.73495406,3.7464304,0.49396158456802364,0.07951378226280212,0.6
0.4002057515481567,0.019063552686284044,0.19202903924176024,72.17999999999999,365310.34838709526,1.6199999999999999,97416.0929032258,1.0,0.4302194280831415,6.175,0.0,0.6465386,-0.73495406,3.7464304,0.49396158456802364,0.07951378226280212,0.6
0.4019215274815871,0.014735623275713206,0.20703470275342983,74.88,365310.3483870972,2.34,97416.0929032258,1.0,0.5980712302011213,6.18,0.0,0.002286546,1.2592474,2.3933828,0.30068596377968787,0.6,0.6
0.4046977257271705,0.007645299515020703,0.224083013352253,77.39999999999999,320292.30545454496,3.2399999999999998,114390.10909090909,1.0,0.5522934659871268,6.1850000000000005,0.0,0.002286546,1.2592474,2.3933828,0.30068596377968787,0.6,0.6
0.4081472842780223,0.011010882636873554,0.23925358285442982,79.74,297414.2836363641,4.14,114390.10909090909,1.0,0.33866389965515253,6.19,0.0,0.002286546,1.2592474,2.3933828,0.30068596377968787,0.6,0.6
0.41047513256125756,0.0029703296079471838,0.2528944361856121,81.89999999999999,292248.27870967693,5.22,146124.13935483873,1.0,0.36918240913114886,6.195,0.0,0.002286546,1.2592474,2.3933828,0.30068596377968787,0.6,0.6
0.4136895379785185,0.0013762347747049357,0.2676943124780045,83.7,44.08662991684602,6.12,22.04331495842288,1.0,0.475997192297136,6.2,0.0,0.028037257,1.2749907,3.4859529,0.3084111772477627,0.6,0.6
0.4170616341151282,-0.00814686333321302,0.2817632637618186,85.32,94371.83999999944,7.38,73400.31999999999,1.0,0.5828119754631231,6.205,0.0,0.028037257,1.2749907,3.4859529,0.3084111772477627,0.6,0.6
0.4207974282533224,-0.004203180088135964,0.29323606601570107,86.58,150994.9440000006,8.459999999999999,129424.23771428561,1.0,0.7659230323191011,6.21,0.0,0.028037257,1.2749907,3.4859529,0.3084111772477627,0.6,0.6
0.4233411607746415,-0.00840819446987044,0.30600690784192447,87.3,97416.09290322565,9.54,146124.13935483873,1.0,0.5065157017731323,6.215,0.0,0.028037257,1.2749907,3.4859529,0.3084111772477627,0.6,0.6
0.4258623475484476,-0.010276295964708951,0.3192273874157651,87.84,78100.83310344919,10.62,156201.66620689657,1.0,0.7201452681051066,6.22,0.0,-0.24048978,2.373949,3.4859567,0.2278530657291412,0.6,0.6
0.4278985569568905,-0.006639106020925116,0.32988015952637084,88.02,15728.639999999354,11.34,62914.560000000056,1.0,0.384441663869147,6.2250000000000005,0.0,-0.24048978,2.373949,3.4859567,0.2278530657291412,0.6,0.6
0.4289306547231526,-0.005207004918983657,0.3408916306866688,88.02,0.0,11.52,22205.138823529378,1.0,0.7201452681051066,6.23,0.0,-0.24048978,2.373949,3.4859567,0.2278530657291412,0.6,0.6
0.42848968765920026,0.015536635209442842,0.35217152569871135,87.66,-50331.64799999992,11.34,-25165.82399999996,1.0,0.659108249153114,6.235,0.0,-0.24048978,2.373949,3.4859567,0.2278530657291412,0.6,0.6
0.4287992807227982,0.036030804692504866,0.36114974362509744,87.3,-8.10171719231222,10.62,-16.20343438462448,1.0,0.49125644703513416,6.24,0.0,-1.3255688,2.7826111,4.625892,0.0,0.6,0.6
0.4279565552051555,0.03508654895525672,0.36920342629818687,86.58,-40265.31839999994,9.54,-60397.977600000006,1.0,0.6743675038911121,6.245,0.0,-1.3255688,2.7826111,4.625892,0.0,0.6,0.6
0.4266560746299047,0.05243282224308856,0.3780599937425016,85.67999999999999,-102023.61081081146,7.92,-183642.49945945936,1.0,0.475997192297136,6.25,0.0,-1.3255688,2.7826111,4.625892,0.0,0.6,0.6
0.4266485858445265,0.06863666017577234,0.3845102426317959,84.6,-137268.1309090907,6.12,-228780.21818181817,1.0,0.5370342112491286,6.255,0.0,-1.3255688,2.7826111,4.625892,0.0,0.6,0.6
0.4261289518406001,0.08849377782511288,0.390012978440975,83.34,-182235.277241378,3.96,-312403.33241379313,1.0,0.5065157017731323,6.26,0.0,-1.8128777,2.0878618,5.355426,0.0,0.6,0.6
0.42455672496218105,0.11654607572161464,0.395737457523702,81.89999999999999,-172565.6502857157,1.6199999999999999,-280419.1817142857,1.0,0.6133304849391195,6.265000000000001,0.0,-1.8128777,2.0878618,5.355426,0.0,0.6,0.6
0.4245696894782698,0.13508433581802848,0.3996119379419334,80.46,-177641.11058823502,-0.72,-288666.8047058823,1.0,0.6743675038911121,6.2700000000000005,0.0,-1.8128777,2.0878618,5.355426,0.0,0.6,0.6
0.423749612725814,0.1436339189844559,0.40403834688748236,77.39999999999999,-356515.84000000026,-0.36,41943.04,1.0,0.6896267586291103,6.275,0.0,-1.8128777,2.0878618,5.355426,0.0,0.6,0.6
0.42163982084886237,0.15441892886349112,0.4099049032826857,74.7,-390504.1655172397,0.18,78100.83310344828,1.0,0.12503433332317826,6.28,0.0,-0.57476205,-1.8088952,-0.3859794,0.12757138609886168,0.0,0.18420617580413817
0.4178680645326102,0.1684574375558312,0.4146364142522322,72.0,-66.0439421243243,-0.18,-8.805858949909897,1.0,0.7048860133671084,6.285,0.0,-0.57476205,-1.8088952,-0.3859794,0.12757138609886168,0.0,0.18420617580413817
0.41380900279931604,0.18571072105322012,0.41841096932592997,69.3,-205902.19636363658,-0.8999999999999999,-54907.25236363636,1.0,0.6438489944151158,6.29,0.0,-0.57476205,-1.8088952,-0.3859794,0.12757138609886168,0.0,0.18420617580413817
0.4049837562300264,0.20139825001829334,0.4224428940615942,66.06,-411804.39272727206,-0.72,22878.02181818181,1.0,0.567552720725125,6.295,0.0,-0.57476205,-1.8088952,-0.3859794,0.12757138609886168,0.0,0.18420617580413817
0.3876758621378969,0.22985011471879474,0.4253701933812785,63.0,-401080.3200000003,-0.72,0.0,1.0,0.6438489944151158,6.3,0.0,0.57789356,-2.3366117,0.9988344,0.47336806654930114,0.0,0.5996503114700317
0.3639350825615511,0.24161881481893208,0.42758651627129024,59.58,-448266.2400000002,-0.72,0.0,1.0,0.6438489944151158,6.305,0.0,0.57789356,-2.3366117,0.9988344,0.47336806654930114,0.0,0.5996503114700317
0.33667193713157473,0.24182226353242545,0.43012591684700313,56.339999999999996,-399692.49882352963,-0.72,0.0,1.0,0.3997009186071452,6.3100000000000005,0.0,0.57789356,-2.3366117,0.9988344,0.47336806654930114,0.0,0.5996503114700317
0.3088750108231647,0.24757131577691002,0.4318437445393744,52.919999999999995,-462726.4412903228,-0.8999999999999999,-24354.023225806442,1.0,0.6438489944151158,6.315,0.0,0.57789356,-2.3366117,0.9988344,0.47336806654930114,0.0,0.5996503114700317
0.2810247097736803,0.2646050671363133,0.4331390931079647,49.5,-434682.41454545385,-0.72,22878.02181818181,1.0,0.5065157017731323,6.32,8.522881865501404,1.0909754,-1.9196695,-1.3617393,0.6,0.0,0.0
0.25401046937183425,0.2752522388390719,0.4344893712218944,46.08,-77.2406720082709,-0.72,0.0,1.0,0.5370342112491286,6.325,8.522881865501404,1.0909754,-1.9196695,-1.3617393,0.6,0.0,0.0
0.22852233423442855,0.2798623172880473,0.4354830377761027,42.48,-222051.3882352942,-0.72,0.0,1.0,0.2623676259651617,6.33,8.522881865501404,1.0909754,-1.9196695,-1.3617393,0.6,0.0,0.0
0.20467651770094264,0.285944227397396,0.4360344757353451,38.699999999999996,-466307.91529411776,-0.72,0.0,1.0,0.6133304849391195,6.335,8.522881865501404,1.0909754,-1.9196695,-1.3617393,0.6,0.0,0.0
0.18558476371416985,0.2785387854820872,0.43489484805152673,35.1,-471859.19999999925,-0.72,0.0,1.0,0.567552720725125,6.34,20.0,0.90325665,-1.17076,1.7311388,0.570976996421814,0.0,0.6
0.17246585396783004,0.2844575847768829,0.43334388873103347,31.32,-546705.8317241381,-0.72,0.0,1.0,0.5828119754631231,6.345,20.0,0.90325665,-1.17076,1.7311388,0.570976996421814,0.0,0.6
0.16481154853177918,0.2828329081560722,0.43344622508982733,27.36,-615164.5866666668,-0.8999999999999999,-27962.026666666658,1.0,0.6133304849391195,6.3500000000000005,20.0,0.90325665,-1.17076,1.7311388,0.570976996421814,0.0,0.6
0.1612343829170306,0.286016493927008,0.4333184887643062,23.58,-480438.4581818183,-0.8999999999999999,0.0,1.0,0.6438489944151158,6.355,20.0,0.90325665,-1.17076,1.7311388,0.570976996421814,0.0,0.6
0.1612180983647344,0.26906297308396826,0.4328622601727979,19.62,-535788.5109677416,-0.8999999999999999,0.0,1.0,0.4302194280831415,6.36,8.522881865501404,0.23998496,-0.7206698,-3.049088,0.3719954878091812,0.08379905819892883,0.0
0.16304425324440577,0.2548429192751897,0.43255865584341474,15.66,-535788.5109677421,-0.8999999999999999,0.0,1.0,0.6743675038911121,6.365,8.522881865501404,0.23998496,-0.7206698,-3.049088,0.3719954878091812,0.08379905819892883,0.0
0.16483623570933068,0.22327992352866513,0.43106356812023505,11.879999999999999,-92.40062663185381,-0.8999999999999999,0.0,1.0,0.5522934659871268,6.37,8.522881865501404,0.23998496,-0.7206698,-3.049088,0.3719954878091812,0.08379905819892883,0.0
0.17007211102682868,0.2102740446794096,0.4291743492983923,8.1,-323560.5942857142,-0.8999999999999999,0.0,1.0,0.5065157017731323,6.375,8.522881865501404,0.23998496,-0.7206698,-3.049088,0.3719954878091812,0.08379905819892883,0.0
0.18899291039740848,0.19698360877714816,0.4284124825566682,4.859999999999999,-452984.83200000005,-1.08,-25165.824000000022,1.0,46.49790948210087,6.38,0.0,-0.57612216,0.8638457,0.5919322,0.1271633505821228,0.5591537117958069,0.47757965326309204
0.20846650610631912,0.17497174807055244,0.4281116617905537,2.34,-364470.55448275857,5.22,911176.3862068965,1.0,-2.5605945005646085,6.385,0.0,-0.57612216,0.8638457,0.5919322,0.1271633505821228,0.5591537117958069,0.47757965326309204
0.22373093031337427,0.14100628049159888,0.4297609215209955,1.44,-130168.05517241378,7.38,312403.33241379313,1.0,5.0232551042207,6.390000000000001,0.0,-0.57612216,0.8638457,0.5919322,0.1271633505821228,0.5591537117958069,0.47757965326309204
0.24199205421595113,0.12590608014651192,0.431220354592391,2.16,88820.55529411767,6.4799999999999995,-111025.6941176471,1.0,-3.7965941343424596,6.3950000000000005,0.0,-0.57612216,0.8638457,0.5919322,0.1271633505821228,0.5591537117958069,0.47757965326309204
0.2593903863239033,0.10843855115615236,0.43160577639008496,4.14,259522.55999999994,2.52,-519045.11999999994,1.0,2.841181676686908,6.4,0.0,-0.6806666,1.8416339,0.731608,0.0958000123500824,0.6,0.5194823920726775
0.27106704262718284,0.09017261564457099,0.4294328971742102,6.66,330301.44000000006,-1.6199999999999999,-542638.08,1.0,2.1545152134769907,6.405,0.0,-0.6806666,1.8416339,0.731608,0.0958000123500824,0.6,0.5194823920726775
0.28590241317350734,0.08488465531829534,0.4278844836787248,7.739999999999999,137268.1309090908,0.0,205902.19636363635,1.0,0.12503433332317826,6.41,0.0,-0.6806666,1.8416339,0.731608,0.0958000123500824,0.6,0.5194823920726775
0.29941514291182375,0.06483900026172686,0.4263670938835732,9.719999999999999,44.7103390131632,0.36,8.129152547847855,1.0,0.46073793755913783,6.415,0.0,-0.6806666,1.8416339,0.731608,0.0958000123500824,0.6,0.5194823920726775
0.3069359927344932,0.07034583938704837,0.4233129846673172,12.6,188743.68000000005,-0.8999999999999999,-82575.35999999999,1.0,-0.07333597827079785,6.42,0.0,-1.5630491,2.9831798,3.384008,0.0,0.6,0.6
0.31369211652698137,0.07434631927438275,0.4151393902184839,14.94,258280.82526315787,-0.8999999999999999,0.0,1.0,1.2389599291970441,6.425,0.0,-1.5630491,2.9831798,3.384008,0.0,0.6,0.6
0.31897259432711755,0.0640791031258576,0.4022524576725425,18.0,414018.39483870973,-0.72,24354.023225806442,1.0,0.7201452681051066,6.43,0.0,-1.5630491,2.9831798,3.384008,0.0,0.6,0.6
0.32069696573552664,0.07651811072847911,0.3944055699363879,20.88,416537.776551724,-0.72,0.0,1.0,0.09451582384718193,6.4350000000000005,0.0,-1.5630491,2.9831798,3.384008,0.0,0.6,0.6
0.31810074616090606,0.07510560672259958,0.39105223637331077,23.939999999999998,414018.3948387095,-0.8999999999999999,-24354.023225806442,1.0,0.12503433332317826,6.44,0.0,-2.0017357,2.2338412,4.577565,0.0,0.6,0.6
0.3151408924277882,0.08095886365814514,0.3880436213868358,27.0,401080.3200000003,-0.72,23592.959999999992,1.0,0.46073793755913783,6.445,0.0,-2.0017357,2.2338412,4.577565,0.0,0.6,0.6
0.31246224595421795,0.0989273927942408,0.38689057196835897,30.06,401080.31999999983,-0.72,0.0,1.0,0.567552720725125,6.45,0.0,-2.0017357,2.2338412,4.577565,0.0,0.6,0.6
0.3084249074367429,0.10782644529305374,0.3871077645511517,33.12,70.65549265070187,-0.72,0.0,1.0,0.6743675038911121,6.455,0.0,-2.0017357,2.2338412,4.577565,0.0,0.6,0.6
0.3054656636600734,0.13263341743206428,0.3859064421636826,36.18,156519.1492682928,-0.72,0.0,1.0,0.49125644703513416,6.46,0.0,-0.48272765,1.1338147,5.561243,0.15518170595169067,0.6,0.6
0.30324112503264994,0.13941496455612398,0.3862072001115129,39.059999999999995,280920.8260465112,-0.72,0.0,1.0,0.6896267586291103,6.465,0.0,-0.48272765,1.1338147,5.561243,0.15518170595169067,0.6,0.6
0.30036975134678146,0.16580076724144938,0.38765359483692724,41.94,335544.3200000003,-0.72,0.0,1.0,0.5217749565111305,6.47,0.0,-0.48272765,1.1338147,5.561243,0.15518170595169067,0.6,0.6
0.2973971296477847,0.18168343098700016,0.387429121814946,44.64,365310.3483870972,-0.72,0.0,1.0,0.5370342112491286,6.4750000000000005,0.0,-0.48272765,1.1338147,5.561243,0.15518170595169067,0.6,0.6
0.29107457185844904,0.20739382582600951,0.3873416440009158,47.339999999999996,377487.3599999994,-0.72,0.0,1.0,0.7201452681051066,6.48,0.0,1.3642578,-0.21135134,3.4837909,0.6,0.23659459948539732,0.6
0.27818934962107317,0.21653238996876784,0.38939719846141013,49.86,330301.4400000004,-0.72,0.0,1.0,0.5828119754631231,6.485,0.0,1.3642578,-0.21135134,3.4837909,0.6,0.23659459948539732,0.6
0.26007471055132325,0.24154910625891093,0.3918167164797552,52.199999999999996,306708.4799999995,-0.72,0.0,1.0,0.4302194280831415,6.49,0.0,1.3642578,-0.21135134,3.4837909,0.6,0.23659459948539732,0.6
0.23874951679478396,0.25967921756982115,0.394166154238634,54.54,306708.48000000045,-0.72,0.0,1.0,0.5065157017731323,6.495,0.0,1.3642578,-0.21135134,3.4837909,0.6,0.23659459948539732,0.6
0.2163827440740655,0.2732090422350819,0.3992062677104168,56.699999999999996,52.133137530210526,-0.72,0.0,1.0,0.2776268807031599,6.5,8.522881865501404,1.2345316,0.054491527,6.287016,0.6,0.31634745821356774,0.6
0.19437472619855287,0.2843519489339145,0.4068784651377592,58.5,100663.29600000023,-0.72,0.0,1.0,0.6743675038911121,6.505,8.522881865501404,1.2345316,0.054491527,6.287016,0.6,0.31634745821356774,0.6
0.1732872213060533,0.290055146866531,0.413279078420258,60.12,174224.93538461512,-0.72,0.0,1.0,0.3539231543931507,6.51,8.522881865501404,1.2345316,0.054491527,6.287016,0.6,0.31634745821356774,0.6
0.15288219190595348,0.3001079977440818,0.4199716583165277,61.559999999999995,194832.1858064513,-0.54,24354.023225806442,1.0,0.5370342112491286,6.515000000000001,8.522881865501404,1.2345316,0.054491527,6.287016,0.6,0.31634745821356774,0.6
0.13617372415756318,0.3171563130625573,0.42659525695378797,62.46,130168.05517241462,-0.54,0.0,1.0,0.2776268807031599,6.5200000000000005,20.0,1.4521961,-1.2430723,3.2609859,0.6,0.0,0.6
0.12331795166336114,0.3288109234082229,0.43204833220439065,63.18,94371.83999999985,-0.54,0.0,1.0,0.6133304849391195,6.525,20.0,1.4521961,-1.2430723,3.2609859,0.6,0.0,0.6
0.10146914669143757,0.34046598424956687,0.4369068886643577,63.36,22878.021818181784,-0.54,0.0,1.0,0.46073793755913783,6.53,20.0,1.4521961,-1.2430723,3.2609859,0.6,0.0,0.6
0.09779779202722677,0.34277427063656035,0.4421645777013636,63.18,-23592.959999999963,-0.54,0.0,1.0,0.475997192297136,6.535,20.0,1.4521961,-1.2430723,3.2609859,0.6,0.0,0.6
0.1040951927403573,0.33287336583230503,0.44616205679923515,62.82,-8.167849187244734,-0.72,-4.083924593622371,1.0,0.475997192297136,6.54,8.522881865501404,0.43865526,0.9003241,4.0045586,0.431596577167511,0.5700972318649292,0.6
0.10644053479803449,0.3333824258194935,0.4493384138788823,61.919999999999995,-63980.908474576674,-0.72,0.0,1.0,0.567552720725125,6.545,8.522881865501404,0.43865526,0.9003241,4.0045586,0.431596577167511,0.5700972318649292,0.6
0.11351317807034131,0.3357243160094631,0.4535445165914369,60.839999999999996,-141557.75999999978,-0.72,0.0,1.0,0.5370342112491286,6.55,8.522881865501404,0.43865526,0.9003241,4.0045586,0.431596577167511,0.5700972318649292,0.6
0.12229424424665279,0.33620730311066443,0.4570603568985648,59.4,-194832.1858064513,-0.72,0.0,1.0,0.7201452681051066,6.555,8.522881865501404,0.43865526,0.9003241,4.0045586,0.431596577167511,0.5700972318649292,0.6
0.1450061804199758,0.3400249479174022,0.46015670346514226,57.78,-226492.41599999965,-0.72,0.0,1.0,0.475997192297136,6.5600000000000005,0.0,-0.49729466,1.9509193,1.4810592,0.15081160068511962,0.6,0.6
0.16154506241756544,0.3378080239759861,0.46342464460418,56.16,-212336.6400000006,-0.72,0.0,1.0,0.49125644703513416,6.565,0.0,-0.49729466,1.9509193,1.4810592,0.15081160068511962,0.6,0.6
0.17965557536847968,0.32837157898074487,0.46639200092657923,54.36,-243540.23225806412,-0.72,0.0,1.0,0.36918240913114886,6.57,0.0,-0.49729466,1.9509193,1.4810592,0.15081160068511962,0.6,0.6
0.19821585901532218,0.32662891895936663,0.4680442027910202,52.379999999999995,-259522.56000000052,-0.72,0.0,1.0,0.46073793755913783,6.575,0.0,-0.49729466,1.9509193,1.4810592,0.15081160068511962,0.6,0.6
0.21324099379025058,0.32904008775736016,0.468948038802331,50.22,-274536.2618181814,-0.72,0.0,1.0,0.384441663869147,6.58,0.0,-0.9617244,2.085523,1.1697596,0.011482679843902588,0.6,0.6
0.2293517015083822,0.33310107538023054,0.46956145851243847,48.059999999999995,-52.75116825041932,-0.72,0.0,1.0,0.6438489944151158,6.585,0.0,-0.9617244,2.085523,1.1697596,0.011482679843902588,0.6,0.6
0.24585375803068557,0.3217376103872705,0.46979455519235513,45.9,-161780.2971428569,-0.72,0.0,1.0,0.567552720725125,6.59,0.0,-0.9617244,2.085523,1.1697596,0.011482679843902588,0.6,0.6
0.25997000019485367,0.32251999044212787,0.46986101965715377,43.559999999999995,-316602.30193548434,-0.72,0.0,1.0,0.5217749565111305,6.595,0.0,-0.9617244,2.085523,1.1697596,0.011482679843902588,0.6,0.6
0.27333143237083785,0.3193712202661302,0.4699036171913131,41.4,-292248.27870967693,-0.8999999999999999,-24354.023225806442,1.0,0.46073793755913783,6.6000000000000005,0.0,-1.3260291,2.4936907,3.6921735,0.0,0.6,0.6
0.28705711117172755,0.322321911510088,0.4698717811076262,39.059999999999995,-327155.71200000047,-0.8999999999999999,0.0,1.0,0.7506637775811029,6.605,0.0,-1.3260291,2.4936907,3.6921735,0.0,0.6,0.6
0.2972451982518395,0.32789072015267207,0.469574722078795,36.54,-320292.30545454496,-0.8999999999999999,0.0,1.0,0.659108249153114,6.61,0.0,-1.3260291,2.4936907,3.6921735,0.0,0.6,0.6
0.30141133879912974,0.32115721760412874,0.46924923997436335,34.199999999999996,-316602.30193548434,-0.8999999999999999,0.0,1.0,0.6438489944151158,6.615,0.0,-1.3260291,2.4936907,3.6921735,0.0,0.6,0.6
0.3046133492962485,0.3184346628387546,0.46898016534337106,32.04,-283115.51999999955,-0.8999999999999999,0.0,1.0,0.44547868282113967,6.62,0.0,-0.89847636,0.95578873,1.7387449,0.03045709133148193,0.5867366194725037,0.6
0.30754390747771343,0.31910779176252807,0.46835360009197696,29.7,-53.509275760549556,-0.8999999999999999,0.0,1.0,0.5370342112491286,6.625,0.0,-0.89847636,0.95578873,1.7387449,0.03045709133148193,0.5867366194725037,0.6
0.3083216398457631,0.3316871610290548,0.46824918096466295,27.54,-116149.95692307693,-0.8999999999999999,0.0,1.0,0.3997009186071452,6.63,0.0,-0.89847636,0.95578873,1.7387449,0.03045709133148193,0.5867366194725037,0.6
0.3094972485824793,0.34386961611925715,0.46823326670802895,25.56,-251658.24000000005,-0.8999999999999999,0.0,1.0,0.5828119754631231,6.635,0.0,-0.89847636,0.95578873,1.7387449,0.03045709133148193,0.5867366194725037,0.6
0.31119104085961324,0.35150478497612225,0.4683410399750231,23.58,-267894.25548387103,-0.8999999999999999,0.0,1.0,0.20133060701316907,6.640000000000001,0.0,0.43288994,-1.1559695,-0.9675044,0.42986698150634767,0.0,0.009748685359954833
0.3108085870265592,0.35113226979174766,0.4691885957569566,21.96,-234302.49931034446,-0.8999999999999999,0.0,1.0,0.7354045228431048,6.6450000000000005,0.0,0.43288994,-1.1559695,-0.9675044,0.42986698150634767,0.0,0.009748685359954833
0.3031382390906829,0.36734940923027265,0.4702988440492157,20.34,-205902.1963636365,-0.8999999999999999,0.0,1.0,0.49125644703513416,6.65,0.0,0.43288994,-1.1559695,-0.9675044,0.42986698150634767,0.0,0.009748685359954833
0.2851824166051558,0.383055099844103,0.4707333271991954,18.9,-188743.68000000017,-0.8999999999999999,0.0,1.0,0.6133304849391195,6.655,0.0,0.43288994,-1.1559695,-0.9675044,0.42986698150634767,0.0,0.009748685359954833
0.2632780410898671,0.38347814522088824,0.47147408190725737,17.46,-194832.1858064513,-0.8999999999999999,0.0,1.0,0.44547868282113967,6.66,0.0,1.8851489,-1.9251539,-5.660838,0.6,0.0,0.0
0.2386675354070119,0.4019722232500858,0.47207112255937433,16.02,-194832.18580645177,-0.8999999999999999,0.0,1.0,0.6743675038911121,6.665,0.0,1.8851489,-1.9251539,-5.660838,0.6,0.0,0.0
0.21517677316071457,0.4076426853337261,0.47239668081315056,14.76,-30.725358077231654,-0.8999999999999999,0.0,1.0,0.7048860133671084,6.67,0.0,1.8851489,-1.9251539,-5.660838,0.6,0.0,0.0
0.19226537893681225,0.41495168516041386,0.4729662642909133,13.32,-97416.09290322577,-0.8999999999999999,0.0,1.0,0.7354045228431048,6.675,0.0,1.8851489,-1.9251539,-5.660838,0.6,0.0,0.0
0.17183832801282958,0.4261134129804195,0.47314573249999087,11.879999999999999,-183024.1745454547,-0.8999999999999999,0.0,1.0,0.49125644703513416,6.68,8.522881865501404,1.2258972,0.2597603,2.5557227,0.6,0.37792808711528775,0.6
0.1529865595245194,0.4383578044027797,0.47301219665743865,10.44,-201326.59199999992,-0.8999999999999999,0.0,1.0,0.5980712302011213,6.6850000000000005,8.522881865501404,1.2258972,0.2597603,2.5557227,0.6,0.37792808711528775,0.6
0.13865313990589825,0.4415956239581755,0.47161242311359886,9.0,-194832.18580645154,-0.8999999999999999,0.0,1.0,0.5522934659871268,6.69,8.522881865501404,1.2258972,0.2597603,2.5557227,0.6,0.37792808711528775,0.6
0.1332205614053246,0.43843560792282377,0.47038996183989207,7.739999999999999,-165150.7200000001,-0.8999999999999999,0.0,1.0,0.5980712302011213,6.695,8.522881865501404,1.2258972,0.2597603,2.5557227,0.6,0.37792808711528775,0.6
0.13236474041479865,0.440722143416333,0.4699981012216431,6.3,-183024.17454545447,-0.8999999999999999,0.0,1.0,0.36918240913114886,6.7,20.0,0.42067716,-1.6571498,-1.1887387,0.4262031465768814,0.0,0.0
0.13137315968142954,0.43267631158093467,0.4682007548424937,5.04,-170478.16258064512,-0.8999999999999999,0.0,1.0,0.659108249153114,6.705,20.0,0.42067716,-1.6571498,-1.1887387,0.4262031465768814,0.0,0.0
0.13689301166888745,0.42549117049871926,0.46385416495989173,4.32,-16.361453292446384,0.36,28.632543261781176,1.0,2.841181676686908,6.71,20.0,0.42067716,-1.6571498,-1.1887387,0.4262031465768814,0.0,0.0
0.15622640975074498,0.428786898092643,0.45007987474683203,4.5,14518.744615384592,0.18,-14518.744615384614,1.0,-1.7976317636646453,6.715,20.0,0.42067716,-1.6571498,-1.1887387,0.4262031465768814,0.0,0.0
0.17407977402493477,0.4116217462088371,0.4273836968411735,5.3999999999999995,117964.79999999993,-0.72,-117964.79999999999,1.0,1.6357005523849963,6.72,8.522881865501404,-0.017703943,-1.357365,2.1162448,0.2946888171136379,0.0,0.6
0.1886140165864576,0.39777540646126164,0.3990408764358698,6.12,104134.44413793113,-0.72,0.0,1.0,2.276589251380976,6.7250000000000005,8.522881865501404,-0.017703943,-1.357365,2.1162448,0.2946888171136379,0.0,0.6
0.2085222196467213,0.3807855922262903,0.3707255349863537,7.38,176160.76799999998,-0.54,25165.82399999999,1.0,0.06399731437118561,6.73,8.522881865501404,-0.017703943,-1.357365,2.1162448,0.2946888171136379,0.0,0.6
0.227344165526191,0.3607895511190454,0.3482533300441338,8.82,172565.65028571434,-0.8999999999999999,-43141.412571428555,1.0,0.8269600512710937,6.735,8.522881865501404,-0.017703943,-1.357365,2.1162448,0.2946888171136379,0.0,0.6
0.2413163321980417,0.3584807444652859,0.33845457791199196,10.26,177641.11058823523,-0.72,22205.138823529403,1.0,-0.8668172246467574,6.74,0.0,0.34674492,-1.5360762,1.4827455,0.40402347743511197,0.0,0.6
0.2583945218730614,0.35459971954066233,0.33475240357025665,12.059999999999999,228780.21818181805,-0.8999999999999999,-22878.02181818181,1.0,0.41496017334514335,6.745,0.0,0.34674492,-1.5360762,1.4827455,0.40402347743511197,0.0,0.6
0.2757954593634675,0.35507025715892304,0.3301610612743891,14.04,259522.56000000006,-0.72,23592.959999999992,1.0,0.5065157017731323,6.75,0.0,0.34674492,-1.5360762,1.4827455,0.40402347743511197,0.0,0.6
0.2879443090462456,0.3470305705075104,0.3273838126557635,16.02,48.26839357639798,-0.72,0.0,1.0,0.6438489944151158,6.755,0.0,0.34674492,-1.5360762,1.4827455,0.40402347743511197,0.0,0.6
0.3008870513120312,0.33054280943017156,0.3245869718321079,18.36,185182.47849056602,-0.72,0.0,1.0,0.7354045228431048,6.76,0.0,0.19177562,-0.3849018,3.1119459,0.3575326859951019,0.18452946245670318,0.6
0.31265691610298324,0.31366797925501283,0.3217938189731538,20.88,352321.53599999996,-0.72,0.0,1.0,0.567552720725125,6.765000000000001,0.0,0.19177562,-0.3849018,3.1119459,0.3575326859951019,0.18452946245670318,0.6
0.3183253542912589,0.2853319903023858,0.3225785533758216,23.4,377487.3599999999,-0.72,0.0,1.0,0.41496017334514335,6.7700000000000005,0.0,0.19177562,-0.3849018,3.1119459,0.3575326859951019,0.18452946245670318,0.6
0.31940723050232184,0.25548833313731617,0.3233142623495992,26.099999999999998,377487.3599999999,-0.72,0.0,1.0,0.33866389965515253,6.775,0.0,0.19177562,-0.3849018,3.1119459,0.3575326859951019,0.18452946245670318,0.6
0.3188666141726971,0.2442340708569901,0.3227021618590153,28.619999999999997,340956.32516129024,-0.72,0.0,1.0,0.5217749565111305,6.78,0.0,-0.19062284,1.7565933,1.824299,0.2428131490945816,0.6,0.6
0.31776321787597045,0.22031831538092514,0.3238565495393447,31.32,365310.3483870972,-0.72,0.0,1.0,0.659108249153114,6.785,0.0,-0.19062284,1.7565933,1.824299,0.2428131490945816,0.6,0.6
0.3194684538465592,0.19943998817617847,0.3262203895037586,34.019999999999996,343170.32727272675,-0.72,0.0,1.0,0.46073793755913783,6.79,0.0,-0.19062284,1.7565933,1.824299,0.2428131490945816,0.6,0.6
0.3230826580623049,0.1790521488589427,0.32810401664203337,36.54,57.198459215646025,-0.72,0.0,1.0,0.7659230323191011,6.795,0.0,-0.19062284,1.7565933,1.824299,0.2428131490945816,0.6,0.6
0.32627241575985144,0.14809997414298498,0.3327744143396139,39.059999999999995,195734.18666666636,-0.72,0.0,1.0,0.29288613544115805,6.8,0.0,-0.49080062,2.2438707,3.5109167,0.15275981426239013,0.6,0.6
0.3302431172457329,0.1294073349292375,0.3429469451087375,41.58,340956.32516129076,-0.72,0.0,1.0,0.659108249153114,6.805,0.0,-0.49080062,2.2438707,3.5109167,0.15275981426239013,0.6,0.6
0.3352400374247204,0.1129060322705743,0.35603756935553166,43.92,316602.30193548434,-0.72,0.0,1.0,0.36918240913114886,6.8100000000000005,0.0,-0.49080062,2.2438707,3.5109167,0.15275981426239013,0.6,0.6
0.339140378132408,0.1096597838865919,0.3674737693984827,46.26,350523.9771428566,-0.72,0.0,1.0,0.567552720725125,6.815,0.0,-0.49080062,2.2438707,3.5109167,0.15275981426239013,0.6,0.6
0.3420997542409605,0.10770224076445736,0.38026448713584304,48.42,292248.2787096779,-0.72,0.0,1.0,0.04873805963318745,6.82,0.0,-0.39605758,2.2853944,2.0472596,0.18118272721767426,0.6,0.6
0.3452095191764011,0.11107011877847921,0.392264981534739,50.58,274536.2618181814,-0.72,0.0,1.0,0.659108249153114,6.825,0.0,-0.39605758,2.2853944,2.0472596,0.18118272721767426,0.6,0.6
0.3477190723477166,0.10231301183610646,0.4021856599880446,52.739999999999995,292248.27870967693,-0.72,0.0,1.0,0.5217749565111305,6.83,0.0,-0.39605758,2.2853944,2.0472596,0.18118272721767426,0.6,0.6
0.34869220629132286,0.09505676209407975,0.4119433155117612,54.54,235929.60000000056,-0.72,0.0,1.0,0.5370342112491286,6.835,0.0,-0.39605758,2.2853944,2.0472596,0.18118272721767426,0.6,0.6
0.3486417604351857,0.11447441107209061,0.4211470055169555,56.519999999999996,44.99472788249501,-0.72,0.0,1.0,0.384441663869147,6.84,0.0,-1.1880828,2.273379,4.754841,0.0,0.6,0.6
0.3489050121525465,0.13861908934193082,0.4280979732899653,58.14,128203.254339623,-0.72,0.0,1.0,0.567552720725125,6.845,0.0,-1.1880828,2.273379,4.754841,0.0,0.6,0.6
0.34812367188484566,0.15286914900078694,0.43493180981932866,59.76,226492.41599999965,-0.72,0.0,1.0,0.5217749565111305,6.8500000000000005,0.0,-1.1880828,2.273379,4.754841,0.0,0.6,0.6
0.34674432134216415,0.16116173765376096,0.44147862666666204,61.379999999999995,234302.49931034446,-0.72,0.0,1.0,0.475997192297136,6.855,0.0,-1.1880828,2.273379,4.754841,0.0,0.6,0.6
0.34622778542600674,0.18028697457825665,0.4460185196286031,62.64,176160.7680000007,-0.72,0.0,1.0,0.44547868282113967,6.86,0.0,-1.0284388,1.7749138,5.2605295,0.0,0.6,0.6
0.345790149557357,0.20472405573163324,0.44971290524929247,63.72,146124.13935483847,-0.72,0.0,1.0,0.5522934659871268,6.865,0.0,-1.0284388,1.7749138,5.2605295,0.0,0.6,0.6
0.3443640917807262,0.2151502837088904,0.453294824169884,64.62,121770.11612903302,-0.72,0.0,1.0,0.5980712302011213,6.87,0.0,-1.0284388,1.7749138,5.2605295,0.0,0.6,0.6
0.34367521192325745,0.23175463006043628,0.45575191638678414,65.34,100663.29599999984,-0.72,0.0,1.0,0.9032563249610845,6.875,0.0,-1.0284388,1.7749138,5.2605295,0.0,0.6,0.6
0.34337931739373706,0.24942318365197452,0.45756258595222865,65.7,48708.04645161283,-0.72,0.0,1.0,0.44547868282113967,6.88,0.0,0.15268527,0.13530183,4.841505,0.3458055809140205,0.34059054851531984,0.6
0.34093613551254415,0.26488702457906066,0.4595025757436887,65.7,0.0,-0.72,0.0,1.0,0.6743675038911121,6.885,0.0,0.15268527,0.13530183,4.841505,0.3458055809140205,0.34059054851531984,0.6
0.33351169508996764,0.28100646268566776,0.46074343953925706,65.52,-13245.170526316291,-0.72,0.0,1.0,0.32340464491715437,6.890000000000001,0.0,0.15268527,0.13530183,4.841505,0.3458055809140205,0.34059054851531984,0.6
0.32449399289703146,0.28861712071774454,0.4619062255633636,64.8,-91512.08727272713,-0.72,0.0,1.0,0.7964415417950974,6.8950000000000005,0.0,0.15268527,0.13530183,4.841505,0.3458055809140205,0.34059054851531984,0.6
0.31389530336581384,0.295569798569132,0.4628593694333959,63.9,-121770.11612903206,-0.72,0.0,1.0,0.5980712302011213,6.9,0.0,2.2244794,-1.9299333,-0.38495636,0.6,0.0,0.18451309204101562
0.29938887985800766,0.31673708224343583,0.463518233869495,62.82,-150994.94399999976,-0.72,0.0,1.0,0.5828119754631231,6.905,0.0,2.2244794,-1.9299333,-0.38495636,0.6,0.0,0.18451309204101562
0.27987350141850703,0.32219880608022977,0.4642198000822151,61.199999999999996,-212336.6400000006,-0.72,0.0,1.0,0.3997009186071452,6.91,0.0,2.2244794,-1.9299333,-0.38495636,0.6,0.0,0.18451309204101562
0.2578594674898102,0.34346912781966155,0.46502328191095255,59.4,-235929.59999999963,-0.72,0.0,1.0,0.6896267586291103,6.915,0.0,2.2244794,-1.9299333,-0.38495636,0.6,0.0,0.18451309204101562
0.23456564214925651,0.35893257796178973,0.46552766473898605,57.239999999999995,-312403.33241379366,-0.72,0.0,1.0,0.4302194280831415,6.92,8.522881865501404,2.2696073,-1.1944307,1.2571756,0.6,0.0,0.6
0.2118439258215264,0.37218518477055745,0.46583222632348814,54.9,-54.410480868379246,-0.72,0.0,1.0,0.7659230323191011,6.925,8.522881865501404,2.2696073,-1.1944307,1.2571756,0.6,0.0,0.6
0.19216431970647158,0.3620902203341026,0.4668871431897945,52.379999999999995,-195734.1866666669,-0.72,0.0,1.0,0.41496017334514335,6.93,8.522881865501404,2.2696073,-1.1944307,1.2571756,0.6,0.0,0.6
0.18366491792975326,0.36297668809588907,0.4677349557613222,49.5,-416537.7765517235,-0.72,0.0,1.0,0.6438489944151158,6.9350000000000005,8.522881865501404,2.2696073,-1.1944307,1.2571756,0.6,0.0,0.6
0.18025858595610642,0.37349293836519826,0.4676564316153202,46.62,-389664.37161290355,-0.72,0.0,1.0,0.33866389965515253,6.94,20.0,1.0257896,-1.2349266,3.2848363,0.6,0.0,0.6
0.17818172183801262,0.37314170147886405,0.4670555433381313,43.379999999999995,-452984.8320000003,-0.72,0.0,1.0,0.7811822870570992,6.945,20.0,1.0257896,-1.2349266,3.2848363,0.6,0.0,0.6
0.17903409744010657,0.36648435072835595,0.46672337565706723,40.14,-452984.8319999993,-0.8999999999999999,-25165.82399999999,1.0,0.5522934659871268,6.95,20.0,1.0257896,-1.2349266,3.2848363,0.6,0.0,0.6
0.18307343999500977,0.37197941901667586,0.4662392071373059,36.9,-424673.28000000026,-0.8999999999999999,0.0,1.0,0.7201452681051066,6.955,20.0,1.0257896,-1.2349266,3.2848363,0.6,0.0,0.6
0.18733326439517817,0.3720753219195436,0.4646879695763211,33.66,-424673.28000000026,-0.8999999999999999,0.0,1.0,0.3997009186071452,6.96,8.522881865501404,1.1908796,-1.7778884,-2.5133824,0.6,0.0,0.0
0.19640822099869343,0.37183093306940435,0.4629998137155027,30.24,-434682.4145454543,-0.8999999999999999,0.0,1.0,0.6133304849391195,6.965,8.522881865501404,1.1908796,-1.7778884,-2.5133824,0.6,0.0,0.0
0.21358738759150447,0.36848754097849534,0.4630394136615624,26.82,-82.90671413709393,-0.8999999999999999,0.0,1.0,0.49125644703513416,6.97,8.522881865501404,1.1908796,-1.7778884,-2.5133824,0.6,0.0,0.0
0.23286327047089142,0.3416944989290463,0.4626854623677363,23.4,-150994.94400000008,-0.8999999999999999,0.0,1.0,0.6133304849391195,6.9750000000000005,8.522881865501404,1.1908796,-1.7778884,-2.5133824,0.6,0.0,0.0
0.25054918386976366,0.3211423710644092,0.46243727647985405,20.16,-316035.9293023254,-0.8999999999999999,0.0,1.0,0.4302194280831415,6.98,0.0,0.68709725,-1.9104369,-0.20998251,0.5061291754245758,0.0,0.23700524568557738
0.27177933122472536,0.2913356162507837,0.4624296530796806,17.099999999999998,-377487.3600000003,-0.8999999999999999,0.0,1.0,0.5828119754631231,6.985,0.0,0.68709725,-1.9104369,-0.20998251,0.5061291754245758,0.0,0.23700524568557738
0.2909638599664784,0.26912043851631917,0.462399946301136,14.399999999999999,-343170.32727272715,-1.08,-22878.021818181838,1.0,0.6133304849391195,6.99,0.0,0.68709725,-1.9104369,-0.20998251,0.5061291754245758,0.0,0.23700524568557738
0.3050673352912841,0.25786026293955017,0.46251029027054413,12.059999999999999,-288666.8047058823,-1.08,0.0,1.0,0.7659230323191011,6.995,0.0,0.68709725,-1.9104369,-0.20998251,0.5061291754245758,0.0,0.23700524568557738
0.3205306185586962,0.22674603372698923,0.46220144142148617,10.08,-251658.23999999982,-1.08,0.0,1.0,0.36918240913114886,7.0,0.0,0.36644006,-1.8224282,-3.0383859,0.409932017326355,0.0,0.0
0.3369298209120738,0.2027951934165083,0.4610508535292624,8.82,-170478.16258064512,-1.08,0.0,1.0,0.567552720725125,7.005,0.0,0.36644006,-1.8224282,-3.0383859,0.409932017326355,0.0,0.0
0.3478721225960199,0.1776236896338011,0.45935484234155366,7.92,-20.32890085626583,-1.08,0.0,1.0,0.5828119754631231,7.01,0.0,0.36644006,-1.8224282,-3.0383859,0.409932017326355,0.0,0.0
0.36048519560574266,0.15625639627737914,0.4582062074944812,7.56,-20404.72216216218,-1.08,0.0,1.0,0.6285897396771176,7.015000000000001,0.0,0.36644006,-1.8224282,-3.0383859,0.409932017326355,0.0,0.0
0.37368524293106026,0.14840931813590996,0.4574803313103353,7.92,40809.44432432436,-1.08,0.0,1.0,0.4302194280831415,7.0200000000000005,0.0,-0.08808603,-0.746637,1.3237265,0.2735741905868053,0.07600890398025513,0.6
0.3826628880811798,0.13193376834694748,0.4512810949551335,9.0,96379.7514893617,-1.08,0.0,1.0,0.8117007965330956,7.025,0.0,-0.08808603,-0.746637,1.3237265,0.2735741905868053,0.07600890398025513,0.6
0.39115661691623865,0.11533222520329145,0.43781566001452005,10.44,194832.18580645154,-1.08,0.0,1.0,0.41496017334514335,7.03,0.0,-0.08808603,-0.746637,1.3237265,0.2735741905868053,0.07600890398025513,0.6
0.3986763232177579,0.08209987993440881,0.4249310650352196,12.42,251658.24000000005,-1.08,0.0,1.0,0.659108249153114,7.035,0.0,-0.08808603,-0.746637,1.3237265,0.2735741905868053,0.07600890398025513,0.6
0.4028200541907289,0.08261711267566771,0.41053953493353856,14.94,310871.9435294117,-1.08,0.0,1.0,0.475997192297136,7.04,0.0,0.20449275,-0.6478092,0.9803741,0.36134782433509827,0.10565723776817322,0.594112229347229
0.4068223525209683,0.08511000558891378,0.3947190499822949,17.82,377487.3600000001,-0.8999999999999999,23592.96000000002,1.0,0.7048860133671084,7.045,0.0,0.20449275,-0.6478092,0.9803741,0.36134782433509827,0.10565723776817322,0.594112229347229
0.4099600974399388,0.05868463105041283,0.3823416219006468,21.06,438372.4180645159,-0.8999999999999999,0.0,1.0,0.2776268807031599,7.05,0.0,0.20449275,-0.6478092,0.9803741,0.36134782433509827,0.10565723776817322,0.594112229347229
0.41149443387224394,0.05561694550251151,0.36923827693185435,24.48,83.17158260325049,-0.8999999999999999,0.0,1.0,0.5217749565111305,7.055,0.0,0.20449275,-0.6478092,0.9803741,0.36134782433509827,0.10565723776817322,0.594112229347229
0.41139821634096413,0.03553462328433411,0.3534082552701588,28.08,222051.388235294,-0.72,11102.569411764702,1.0,0.5522934659871268,7.0600000000000005,0.0,0.46657324,-0.9003315,2.9491813,0.4399719715118408,0.029900550842285156,0.6
0.4098192764574742,0.04146347593779276,0.335025169915623,32.04,461373.4400000001,-0.72,0.0,1.0,0.44547868282113967,7.065,0.0,0.46657324,-0.9003315,2.9491813,0.4399719715118408,0.029900550842285156,0.6
0.4084570582545225,0.03498062396595733,0.3214648926609932,35.82,511434.48774193565,-0.72,0.0,1.0,0.41496017334514335,7.07,0.0,0.46657324,-0.9003315,2.9491813,0.4399719715118408,0.029900550842285156,0.6
0.4055087422408806,0.04649867740996371,0.317635473936673,39.96,620157.8057142858,-0.72,0.0,1.0,0.7354045228431048,7.075,0.0,0.46657324,-0.9003315,2.9491813,0.4399719715118408,0.029900550842285156,0.6
0.4005571653359485,0.04299153594617039,0.31573189680521396,43.92,488513.0541176472,-0.72,0.0,1.0,0.29288613544115805,7.08,0.0,1.2175035,-1.8709801,0.16058478,0.6,0.0,0.3481754332780838
0.39634095205005354,0.043781154994903634,0.31364807922923627,47.879999999999995,553648.1279999991,-0.72,0.0,1.0,0.5065157017731323,7.085,0.0,1.2175035,-1.8709801,0.16058478,0.6,0.0,0.3481754332780838
0.3921235934380436,0.04425352313777361,0.31519283315169283,51.839999999999996,519045.1200000001,-0.72,0.0,1.0,0.5828119754631231,7.09,0.0,1.2175035,-1.8709801,0.16058478,0.6,0.0,0.3481754332780838
0.3883141326976534,0.038712874178628,0.3181276518367991,55.62,86.38437085226718,-0.72,0.0,1.0,0.8879970702230864,7.095,0.0,1.2175035,-1.8709801,0.16058478,0.6,0.0,0.3481754332780838
0.3859716447341091,0.04330156106055401,0.32105401422042495,59.4,152446.8184615385,-0.72,0.0,1.0,0.475997192297136,7.1000000000000005,0.0,1.0721074,-1.1091582,4.2353573,0.6,0.0,0.6
0.38473193467769934,0.045793943701074716,0.32888519036560976,63.18,377487.3600000001,-0.72,0.0,1.0,0.5217749565111305,7.105,0.0,1.0721074,-1.1091582,4.2353573,0.6,0.0,0.6
0.38362835603361356,0.04113824679386063,0.34267323271904326,66.78,419430.40000000014,-0.72,0.0,1.0,0.384441663869147,7.11,0.0,1.0721074,-1.1091582,4.2353573,0.6,0.0,0.6
0.38235618552318396,0.039408260795517874,0.35631914769151807,70.2,448266.2400000002,-0.72,0.0,1.0,0.7659230323191011,7.115,0.0,1.0721074,-1.1091582,4.2353573,0.6,0.0,0.6
0.3821807704619503,0.055071438456773626,0.369299055283724,73.61999999999999,398458.87999999855,-0.72,0.0,1.0,0.5065157017731323,7.12,0.0,1.2648576,-1.3021182,0.8273736,0.6,0.0,0.5482120871543884
0.38427777786671263,0.046439302843179035,0.3837446722493682,76.67999999999999,356515.84000000026,-0.72,0.0,1.0,0.7201452681051066,7.125,0.0,1.2648576,-1.3021182,0.8273736,0.6,0.0,0.5482120871543884
0.3892615016667917,0.0380412372034856,0.39587307917484427,79.56,377487.36000000127,-0.72,0.0,1.0,0.41496017334514335,7.13,0.0,1.2648576,-1.3021182,0.8273736,0.6,0.0,0.5482120871543884
0.39403991921184744,0.025370753368054142,0.4023433296518101,82.25999999999999,377487.3599999984,-0.72,0.0,1.0,0.7964415417950974,7.135,0.0,1.2648576,-1.3021182,0.8273736,0.6,0.0,0.5482120871543884
0.39941692418642843,0.049017256130056364,0.40545460385131477,84.6,56.612434733454165,-0.54,4.354802671804158,1.0,0.32340464491715437,7.140000000000001,0.0,0.96383023,-1.2362723,3.7494488,0.5891490697860717,0.0,0.6
0.4068307007683253,0.03348162159744522,0.4079618033474475,86.58,116967.91436619742,-0.54,0.0,1.0,0.7354045228431048,7.1450000000000005,0.0,0.96383023,-1.2362723,3.7494488,0.5891490697860717,0.0,0.6
0.4144087768057799,0.04848068214074374,0.41025794243994473,88.02,154866.60923076898,-0.54,0.0,1.0,0.4302194280831415,7.15,0.0,0.96383023,-1.2362723,3.7494488,0.5891490697860717,0.0,0.6
0.42152107132883543,0.052356264595389515,0.4147766340903492,88.92,117964.80000000075,-0.54,0.0,1.0,0.8269600512710937,7.155,0.0,0.96383023,-1.2362723,3.7494488,0.5891490697860717,0.0,0.6
0.4295476084249252,0.06413325866762544,0.419156854075003,89.46,66615.41647058725,-0.36,22205.138823529418,1.0,0.5217749565111305,7.16,0.0,1.0381924,-1.7777132,2.3713212,0.6,0.0,0.6
0.4373572512644093,0.04925378482583518,0.42273252433249864,89.28,-20971.51999999914,-0.36,0.0,1.0,0.5065157017731323,7.165,0.0,1.0381924,-1.7777132,2.3713212,0.6,0.0,0.6
0.4433380328367656,0.04040222146229512,0.4286733859578206,88.92,-45756.04363636357,-0.54,-22878.021818181824,1.0,0.36918240913114886,7.17,0.0,1.0381924,-1.7777132,2.3713212,0.6,0.0,0.6
0.44919985084217395,0.03459571084279569,0.4339588246937957,88.2,-94371.83999999985,-0.72,-23592.959999999992,1.0,0.7354045228431048,7.175,0.0,1.0381924,-1.7777132,2.3713212,0.6,0.0,0.6
0.45444845122663036,0.022927635672832233,0.4380561631755678,87.11999999999999,-24.561075735230613,-0.72,0.0,1.0,0.2776268807031599,7.18,0.0,0.941952,-1.5609888,3.2755938,0.5825855970382691,0.0,0.6
0.45859786130463664,0.006477585961325867,0.4428191260738842,85.86,-91117.638620689,-0.72,0.0,1.0,0.6896267586291103,7.1850000000000005,0.0,0.941952,-1.5609888,3.2755938,0.5825855970382691,0.0,0.6
0.46324943657970513,0.0057519535033392155,0.44716924880233583,84.42,-177641.11058823502,-0.72,0.0,1.0,0.5217749565111305,7.19,0.0,0.941952,-1.5609888,3.2755938,0.5825855970382691,0.0,0.6
0.4674394845991871,0.002051895918134928,0.45023947259403113,82.8,-169869.31200000047,-0.72,0.0,1.0,0.8727378154850882,7.195,0.0,0.941952,-1.5609888,3.2755938,0.5825855970382691,0.0,0.6
0.47024462555614904,-0.00468176696718463,0.45427070336129466,81.0,-243540.23225806412,-0.72,0.0,1.0,0.41496017334514335,7.2,0.0,0.81962293,-1.526824,2.2037985,0.545886880159378,0.0,0.6
0.4735853818222406,-0.002220293664376721,0.45828149285990427,79.38,-205902.19636363693,-0.72,0.0,1.0,0.7964415417950974,7.205,0.0,0.81962293,-1.526824,2.2037985,0.545886880159378,0.0,0.6
0.47723842861784554,0.00019881328675200197,0.46134693384809083,77.58,-228780.21818181782,-0.72,0.0,1.0,0.4302194280831415,7.21,0.0,0.81962293,-1.526824,2.2037985,0.545886880159378,0.0,0.6
0.47955182058127716,-0.0048131202599302775,0.4649987069144908,75.6,-259522.56000000052,-0.8999999999999999,-23592.959999999992,1.0,0.6896267586291103,7.215,0.0,0.81962293,-1.526824,2.2037985,0.545886880159378,0.0,0.6
0.4822377191366193,-0.005048163181230316,0.46872446360893705,73.8,-235929.59999999963,-0.8999999999999999,0.0,1.0,0.32340464491715437,7.22,0.0,0.33001724,-0.4022251,-0.08009996,0.3990051716566086,0.1793324679136276,0.2759700112044811
0.48537630181824126,-0.007533669884209101,0.4713031334042857,71.82,-45.516548847661156,-0.8999999999999999,0.0,1.0,0.5522934659871268,7.2250000000000005,0.0,0.33001724,-0.4022251,-0.08009996,0.3990051716566086,0.1793324679136276,0.2759700112044811
0.48765810855672553,-0.008185845541841059,0.4739868735655007,70.02,-116149.95692307674,-0.8999999999999999,0.0,1.0,0.384441663869147,7.23,0.0,0.33001724,-0.4022251,-0.08009996,0.3990051716566086,0.1793324679136276,0.2759700112044811
0.48940339981094577,-0.011859400541930378,0.47780115781046323,68.22,-222051.38823529377,-0.8999999999999999,0.0,1.0,0.7964415417950974,7.235,0.0,0.33001724,-0.4022251,-0.08009996,0.3990051716566086,0.1793324679136276,0.2759700112044811
0.49164468044788623,-0.02214460575511613,0.480653292766171,66.42,-228780.21818181782,-0.8999999999999999,0.0,1.0,0.3997009186071452,7.24,0.0,-0.7151098,2.1002004,2.0035796,0.0854670524597168,0.6,0.6
0.4940668860441556,5.537438201918045e-05,0.48302852479807057,64.8,-242670.44571428638,-0.8999999999999999,0.0,1.0,0.5522934659871268,7.245,0.0,-0.7151098,2.1002004,2.0035796,0.0854670524597168,0.6,0.6
0.4962945374274781,-0.01304967883897577,0.4857303316719184,63.18,-199846.24941176438,-0.8999999999999999,0.0,1.0,0.2623676259651617,7.25,0.0,-0.7151098,2.1002004,2.0035796,0.0854670524597168,0.6,0.6
0.49899716595586135,0.00082220149632692,0.4880427730670639,61.739999999999995,-194832.18580645227,-0.8999999999999999,0.0,1.0,0.7201452681051066,7.255,0.0,-0.7151098,2.1002004,2.0035796,0.0854670524597168,0.6,0.6
0.5006852786927011,-0.0016563739823225367,0.4902073531571184,60.48,-176160.76799999972,-0.8999999999999999,0.0,1.0,0.46073793755913783,7.26,0.0,-0.9949095,2.0606477,0.6998537,0.0015271425247192383,0.6,0.5099561154842377
0.5021447568011473,0.004548802555511755,0.4926836429809755,59.4,-137268.1309090907,-0.8999999999999999,0.0,1.0,0.6285897396771176,7.265000000000001,0.0,-0.9949095,2.0606477,0.6998537,0.0015271425247192383,0.6,0.5099561154842377
0.5021967355434271,-0.004823266421428761,0.49538128103746076,58.32,-26.21591712483357,-0.8999999999999999,0.0,1.0,0.3539231543931507,7.2700000000000005,0.0,-0.9949095,2.0606477,0.6998537,0.0015271425247192383,0.6,0.5099561154842377
0.5030906048374222,-0.0006208953165065484,0.496564155010488,57.599999999999994,-47934.90285714326,-0.8999999999999999,0.0,1.0,0.8269600512710937,7.275,0.0,-0.9949095,2.0606477,0.6998537,0.0015271425247192383,0.6,0.5099561154842377
0.503032873942182,-0.0036150193433292952,0.4953890928623876,57.059999999999995,-59603.26736842096,-0.8999999999999999,0.0,1.0,0.29288613544115805,7.28,0.0,-0.8715775,2.130156,2.6556644,0.03852674961090088,0.6,0.6
0.5023870714219147,0.019079883585878622,0.4945025289160969,56.879999999999995,-23592.959999999963,-0.8999999999999999,0.0,1.0,0.4302194280831415,7.285,0.0,-0.8715775,2.130156,2.6556644,0.03852674961090088,0.6,0.6
0.5026002068785441,0.0261983320928917,0.49464654397366736,56.699999999999996,-23592.959999999963,-0.8999999999999999,0.0,1.0,0.6438489944151158,7.29,0.0,-0.8715775,2.130156,2.6556644,0.03852674961090088,0.6,0.6
0.5018576845138483,0.03607146472372075,0.49424320182156956,56.879999999999995,22878.021818181784,-0.8999999999999999,0.0,1.0,0.9337748344370809,7.295,0.0,-0.8715775,2.130156,2.6556644,0.03852674961090088,0.6,0.6
0.5000381730326625,0.053916400302765836,0.49355303029995584,57.059999999999995,24354.023225806413,-0.8999999999999999,0.0,1.0,0.36918240913114886,7.3,0.0,-1.5046388,2.5589676,4.332982,0.0,0.6,0.6
0.4976169962675516,0.0807534159795741,0.4932927175486095,57.419999999999995,48708.04645161283,-0.8999999999999999,0.0,1.0,0.5980712302011213,7.305,0.0,-1.5046388,2.5589676,4.332982,0.0,0.6,0.6
0.49424593784141096,0.10335185804762359,0.49278783966500495,57.96,12.190381708971271,-0.8999999999999999,0.0,1.0,0.41496017334514335,7.3100000000000005,0.0,-1.5046388,2.5589676,4.332982,0.0,0.6,0.6
0.48433054237352785,0.11264226900919887,0.49243835014614173,58.32,23967.451428571392,-0.8999999999999999,0.0,1.0,0.5980712302011213,7.315,0.0,-1.5046388,2.5589676,4.332982,0.0,0.6,0.6
0.4623095622640052,0.1327721409500544,0.49210288678506475,58.86,61214.16648648639,-0.8999999999999999,0.0,1.0,0.44547868282113967,7.32,0.0,-1.7976052,1.8682674,4.962018,0.0,0.6,0.6
0.4360155355386467,0.15769564874736738,0.49206790519887683,59.22,47185.919999999925,-0.8999999999999999,0.0,1.0,0.6438489944151158,7.325,0.0,-1.7976052,1.8682674,4.962018,0.0,0.6,0.6
0.410270809658587,0.17357116236780812,0.4919201683226653,59.58,48708.04645161283,-0.8999999999999999,0.0,1.0,0.3997009186071452,7.33,0.0,-1.7976052,1.8682674,4.962018,0.0,0.6,0.6
0.38514388353290696,0.1819028539441024,0.4915422294015057,59.76,22205.138823529378,-0.8999999999999999,0.0,1.0,0.8879970702230864,7.335,0.0,-1.7976052,1.8682674,4.962018,0.0,0.6,0.6
0.36389264106985614,0.1925769276943088,0.4915123255758715,59.94,24354.023225806413,-0.8999999999999999,0.0,1.0,0.21658986175116723,7.34,0.0,-0.83406544,-1.213159,2.654271,0.04978036880493164,0.0,0.6
0.34654388198936414,0.20887608254863246,0.4914881298381804,59.94,0.0,-0.8999999999999999,0.0,1.0,0.6743675038911121,7.345,0.0,-0.83406544,-1.213159,2.654271,0.04978036880493164,0.0,0.6
0.3290826396079166,0.22730884406648097,0.490951681481375,59.94,0.0,-0.8999999999999999,0.0,1.0,0.5828119754631231,7.3500000000000005,0.0,-0.83406544,-1.213159,2.654271,0.04978036880493164,0.0,0.6
0.31312150578682,0.2542669251636828,0.49081869350337864,59.58,-8.790274719836983,-0.8999999999999999,0.0,1.0,0.8422193060090919,7.355,0.0,-0.83406544,-1.213159,2.654271,0.04978036880493164,0.0,0.6
0.29930202833445624,0.26710116909572745,0.49166562244693085,59.22,-26033.611034482718,-0.8999999999999999,0.0,1.0,0.5217749565111305,7.36,0.0,0.889211,-1.5731717,1.340477,0.566763299703598,0.0,0.6
0.2851233532768432,0.28798504602319486,0.4922703696729886,58.68,-61214.16648648639,-0.8999999999999999,0.0,1.0,0.46073793755913783,7.365,0.0,0.889211,-1.5731717,1.340477,0.566763299703598,0.0,0.6
0.26877930175220227,0.29350580578741686,0.492863455814803,57.96,-91512.08727272713,-0.8999999999999999,0.0,1.0,0.567552720725125,7.37,0.0,0.889211,-1.5731717,1.340477,0.566763299703598,0.0,0.6
0.25010209957518104,0.3045415664351679,0.4937534374463065,56.879999999999995,-150994.94400000075,-0.8999999999999999,0.0,1.0,0.8269600512710937,7.375,0.0,0.889211,-1.5731717,1.340477,0.566763299703598,0.0,0.6
0.23044682981028464,0.31727180530635984,0.4947402659928404,55.8,-141557.75999999978,-0.8999999999999999,0.0,1.0,0.384441663869147,7.38,8.522881865501404,1.6042051,0.07379223,3.845913,0.6,0.32213766798377036,0.6
0.21005408714058946,0.33159995006894594,0.4954034183055972,54.54,-150994.94399999976,-0.8999999999999999,0.0,1.0,0.9337748344370809,7.385,8.522881865501404,1.6042051,0.07379223,3.845913,0.6,0.32213766798377036,0.6
0.18998494495931867,0.33321443915014237,0.4959581237849433,52.919999999999995,-226492.41600000064,-0.8999999999999999,0.0,1.0,0.46073793755913783,7.390000000000001,8.522881865501404,1.6042051,0.07379223,3.845913,0.6,0.32213766798377036,0.6
0.1705379359249612,0.3440161865044661,0.49637778965540746,51.3,-36.67398450951283,-0.8999999999999999,0.0,1.0,0.6285897396771176,7.3950000000000005,8.522881865501404,1.6042051,0.07379223,3.845913,0.6,0.32213766798377036,0.6
0.15210379949385514,0.34463409891021307,0.49652418133345544,49.68,-98474.96347826072,-0.8999999999999999,0.0,1.0,0.29288613544115805,7.4,20.0,1.5019118,-1.4647895,-0.35791934,0.6,0.0,0.19262419939041137
0.13725338609198182,0.33809525437815385,0.4963444012787514,47.699999999999996,-218545.31368421097,-0.8999999999999999,0.0,1.0,0.6896267586291103,7.405,20.0,1.5019118,-1.4647895,-0.35791934,0.6,0.0,0.19262419939041137
0.127087838488688,0.3330619527436565,0.49627360322525355,45.72,-237277.76914285676,-0.8999999999999999,0.0,1.0,0.5065157017731323,7.41,20.0,1.5019118,-1.4647895,-0.35791934,0.6,0.0,0.19262419939041137
0.12583491877338654,0.32426437381719536,0.4957941714123106,43.739999999999995,-251658.24000000051,-0.8999999999999999,0.0,1.0,0.8727378154850882,7.415,20.0,1.5019118,-1.4647895,-0.35791934,0.6,0.0,0.19262419939041137
0.1243453828180165,0.32519977724275057,0.4958349738177076,41.58,-266461.6658823525,-0.8999999999999999,0.0,1.0,0.4302194280831415,7.42,8.522881865501404,1.2362537,-2.1390848,-1.4572616,0.6,0.0,0.0
0.12623090821615035,0.31843914408942653,0.49626790081263816,39.42,-266461.6658823525,-0.8999999999999999,0.0,1.0,0.6896267586291103,7.425,8.522881865501404,1.2362537,-2.1390848,-1.4572616,0.6,0.0,0.0
0.1392345696743381,0.29868331304501505,0.496573858029336,37.26,-57705.074140127486,-0.8999999999999999,0.0,1.0,0.44547868282113967,7.43,8.522881865501404,1.2362537,-2.1390848,-1.4572616,0.6,0.0,0.0
0.16021763525336608,0.29582163231117387,0.49734653524933137,34.92,-239382.22829268256,-0.8999999999999999,0.0,1.0,0.6743675038911121,7.4350000000000005,8.522881865501404,1.2362537,-2.1390848,-1.4572616,0.6,0.0,0.0
0.17807158268011683,0.292682911180256,0.49806469258781105,32.58,-57.049770456355404,-0.8999999999999999,0.0,1.0,0.6743675038911121,7.44,0.0,1.0810226,-1.8026069,-4.7917233,0.6,0.0,0.0
0.19764933038942176,0.2938481798896893,0.4988366049967291,30.06,-160146.1527272727,-0.8999999999999999,0.0,1.0,0.6743675038911121,7.445,0.0,1.0810226,-1.8026069,-4.7917233,0.6,0.0,0.0
0.21821945908327753,0.29059896045060374,0.499030270529039,27.72,-280419.1817142857,-0.8999999999999999,0.0,1.0,0.5065157017731323,7.45,0.0,1.0810226,-1.8026069,-4.7917233,0.6,0.0,0.0
0.2359917437162074,0.2854372207064206,0.49759198060851556,25.38,-280419.1817142857,-0.8999999999999999,0.0,1.0,0.5980712302011213,7.455,0.0,1.0810226,-1.8026069,-4.7917233,0.6,0.0,0.0
0.25259401733342696,0.280488832405006,0.4964601711363127,23.22,-292248.27870967746,-0.8999999999999999,0.0,1.0,0.2623676259651617,7.46,0.0,0.5043823,-1.0721122,-2.8023276,0.4513146936893463,0.0,0.0
0.27300520438307807,0.261574759839007,0.4964289960908058,21.06,-274536.26181818184,-0.8999999999999999,0.0,1.0,0.44547868282113967,7.465,0.0,0.5043823,-1.0721122,-2.8023276,0.4513146936893463,0.0,0.0
0.28928886796297126,0.23888990826766757,0.49455185314077243,19.08,-259522.56000000006,-1.08,-23592.96000000002,1.0,0.3081453901791562,7.47,0.0,0.5043823,-1.0721122,-2.8023276,0.4513146936893463,0.0,0.0
0.302912305793789,0.21416330382817444,0.49239383939267534,17.46,-212336.63999999966,-1.08,0.0,1.0,0.567552720725125,7.4750000000000005,0.0,0.5043823,-1.0721122,-2.8023276,0.4513146936893463,0.0,0.0
0.3194258890076703,0.18590510874525595,0.49036632041848244,16.2,-28.604028188224632,-1.08,0.0,1.0,0.2318491164891654,7.48,0.0,0.25232878,-1.5312175,-4.1743145,0.37569863498210904,0.0,0.0
0.3338769596633492,0.1642824315711865,0.48257859115141116,15.299999999999999,-30941.586885245913,-1.08,0.0,1.0,0.5370342112491286,7.485,0.0,0.25232878,-1.5312175,-4.1743145,0.37569863498210904,0.0,0.0
0.34458172454621294,0.14647592273068036,0.4631428288556645,14.94,-40809.44432432426,-1.08,0.0,1.0,0.6285897396771176,7.49,0.0,0.25232878,-1.5312175,-4.1743145,0.37569863498210904,0.0,0.0
0.35809913343705,0.1316825943932315,0.435650026952813,15.12,22205.138823529378,-1.08,0.0,1.0,0.7506637775811029,7.495,0.0,0.25232878,-1.5312175,-4.1743145,0.37569863498210904,0.0,0.0
0.37023608284113246,0.12994807160968405,0.404986670913978,15.479999999999999,52067.222068965435,-0.8999999999999999,26033.611034482783,1.0,0.5522934659871268,7.5,0.0,0.0048305765,-1.7222507,0.22758093,0.3014491729438305,0.0,0.3682742804288864
0.3787312397752203,0.10578172626370913,0.3749174831289122,16.38,121770.1161290323,-0.8999999999999999,0.0,1.0,0.475997192297136,7.505,0.0,0.0048305765,-1.7222507,0.22758093,0.3014491729438305,0.0,0.3682742804288864
0.38753846955147425,0.10247537972224927,0.34492521008903276,17.64,160146.1527272729,-0.8999999999999999,0.0,1.0,0.36918240913114886,7.51,0.0,0.0048305765,-1.7222507,0.22758093,0.3014491729438305,0.0,0.3682742804288864
0.39424112897254987,0.091664879681319,0.31678025268832766,19.08,183024.17454545427,-0.8999999999999999,0.0,1.0,0.6896267586291103,7.515000000000001,0.0,0.0048305765,-1.7222507,0.22758093,0.3014491729438305,0.0,0.3682742804288864
0.397501440600039,0.07796804939758363,0.290078786306015,21.06,267894.25548387103,-0.8999999999999999,0.0,1.0,0.36918240913114886,7.5200000000000005,0.0,0.08960214,-1.3035797,2.5297635,0.32688064277172085,0.0,0.6
0.400990864238365,0.07488935295470522,0.26588094429774345,23.4,57.223399469434156,-0.72,4.401799959187241,1.0,0.7659230323191011,7.525,0.0,0.08960214,-1.3035797,2.5297635,0.32688064277172085,0.0,0.6
0.403577076365303,0.07344273372286989,0.24187232974658457,25.919999999999998,182235.27724137928,-0.72,0.0,1.0,0.44547868282113967,7.53,0.0,0.08960214,-1.3035797,2.5297635,0.32688064277172085,0.0,0.6
0.4039856176511285,0.06126375528814923,0.22055836938089704,28.619999999999997,333077.0823529411,-0.72,0.0,1.0,0.5065157017731323,7.535,0.0,0.08960214,-1.3035797,2.5297635,0.32688064277172085,0.0,0.6
0.40120144061734136,0.043147204045560196,0.20009995263500258,31.5,389664.37161290355,-0.72,0.0,1.0,0.41496017334514335,7.54,0.0,0.46748057,-1.4436691,1.9816827,0.4402441710233688,0.0,0.6
0.39763739406733234,0.01999562405163869,0.18359219842027905,34.56,171127.60320000013,-0.72,0.0,1.0,0.7354045228431048,7.545,0.0,0.46748057,-1.4436691,1.9816827,0.4402441710233688,0.0,0.6
0.3939441528314863,0.024319443515962554,0.17588392716309578,37.62,388926.37090909027,-0.72,0.0,1.0,0.49125644703513416,7.55,0.0,0.46748057,-1.4436691,1.9816827,0.4402441710233688,0.0,0.6
0.38929861555182493,0.015353068566131743,0.1740694767092694,40.68,427819.0080000003,-0.54,25165.82399999999,1.0,0.8269600512710937,7.555,0.0,0.46748057,-1.4436691,1.9816827,0.4402441710233688,0.0,0.6
0.3856721437423217,0.019475719394685963,0.17147902059976447,43.92,438372.4180645164,-0.54,0.0,1.0,0.5217749565111305,7.5600000000000005,0.0,0.3716663,-0.7994869,3.7249124,0.4114998936653137,0.06015393733978271,0.6
0.38223316623244147,0.014911973504107062,0.1723916251295169,46.98,69.21555010273462,-0.54,0.0,1.0,0.8117007965330956,7.565,0.0,0.3716663,-0.7994869,3.7249124,0.4114998936653137,0.06015393733978271,0.6
0.37829123451707675,0.012834102351112426,0.17926967567038923,50.04,246818.65846153864,-0.54,0.0,1.0,0.5370342112491286,7.57,0.0,0.3716663,-0.7994869,3.7249124,0.4114998936653137,0.06015393733978271,0.6
0.37506513725059726,0.010465787633640663,0.18904596282616007,52.919999999999995,154866.60923076898,-0.36,9679.16307692308,1.0,0.8117007965330956,7.575,0.0,0.3716663,-0.7994869,3.7249124,0.4114998936653137,0.06015393733978271,0.6
0.3730863264087012,0.0033271507250602532,0.2002089364316827,55.8,377487.36000000034,-0.18,23592.96,1.0,0.5980712302011213,7.58,0.0,-0.703585,1.5773593,2.3837676,0.08892449140548705,0.6,0.6
0.37134076482492,-0.002129662652266764,0.21743701660150236,58.5,365310.3483870972,0.0,24354.02322580645,1.0,0.5828119754631231,7.585,0.0,-0.703585,1.5773593,2.3837676,0.08892449140548705,0.6,0.6
0.3701554984555441,-0.011953847716187878,0.23542702752260813,61.199999999999996,353894.39999999944,0.18,23592.96,1.0,0.1860713522751709,7.59,0.0,-0.703585,1.5773593,2.3837676,0.08892449140548705,0.6,0.6
0.3691823393906531,-0.009677459518277821,0.25170306348530397,63.9,353894.4000000004,0.36,23592.96,1.0,0.8879970702230864,7.595,0.0,-0.703585,1.5773593,2.3837676,0.08892449140548705,0.6,0.6
0.3697882698483304,-0.008736885390964896,0.2686201173442592,66.42,352321.53600000043,0.54,25165.824000000008,1.0,0.33866389965515253,7.6000000000000005,0.0,-0.57590926,2.0071113,4.2731323,0.12722722291946412,0.6,0.6
0.3702960779316881,-0.010572168473584925,0.28622583173925203,68.94,179146.54372881327,0.36,-12796.181694915258,1.0,0.49125644703513416,7.605,0.0,-0.57590926,2.0071113,4.2731323,0.12722722291946412,0.6,0.6
0.37249073469874067,0.0021719610699674893,0.3002669608041644,71.28,57.00669326874497,0.18,-4.385130251441914,1.0,0.384441663869147,7.61,0.0,-0.57590926,2.0071113,4.2731323,0.12722722291946412,0.6,0.6
0.37426035138091196,0.010408984883623325,0.3150875101636592,73.8,162609.93969230744,-0.36,-34844.98707692308,1.0,0.8269600512710937,7.615,0.0,-0.57590926,2.0071113,4.2731323,0.12722722291946412,0.6,0.6
0.377470598893995,0.011086673937924129,0.32938693096293714,75.96,251658.2399999996,-0.72,-41943.04,1.0,0.5217749565111305,7.62,0.0,-0.6061113,2.1256216,3.317679,0.11816661357879638,0.6,0.6
0.380781594698995,0.01259637118921934,0.3416144692073328,77.94,244256.52705882402,-0.54,22205.138823529403,1.0,0.6896267586291103,7.625,0.0,-0.6061113,2.1256216,3.317679,0.11816661357879638,0.6,0.6
0.383069036683791,0.004677153892670961,0.35307867857075625,79.74,92070.0878048779,-0.54,0.0,1.0,0.475997192297136,7.63,0.0,-0.6061113,2.1256216,3.317679,0.11816661357879638,0.6,0.6
0.3827376298590578,0.015984274453946446,0.36647159412119695,81.17999999999999,183024.17454545427,-0.54,0.0,1.0,0.6743675038911121,7.635,0.0,-0.6061113,2.1256216,3.317679,0.11816661357879638,0.6,0.6
0.3825544019653538,0.0488056043794811,0.3767843005344067,82.61999999999999,188743.6799999997,-0.54,0.0,1.0,0.3081453901791562,7.640000000000001,0.0,-0.96612084,2.0542176,5.2022114,0.010163748264312744,0.6,0.6
0.38279841879241205,0.05112772783048232,0.38649803417421436,83.52,121770.11612903302,-0.54,0.0,1.0,0.6285897396771176,7.6450000000000005,0.0,-0.96612084,2.0542176,5.2022114,0.010163748264312744,0.6,0.6
0.38152539884924674,0.06698758469560738,0.396358866232675,84.06,66615.416470589,-0.54,0.0,1.0,0.5522934659871268,7.65,0.0,-0.96612084,2.0542176,5.2022114,0.010163748264312744,0.6,0.6
0.3804158408905189,0.07569612535561247,0.4043037385260903,84.24,3.9641207233317006,-0.54,0.0,1.0,0.6133304849391195,7.655,0.0,-0.96612084,2.0542176,5.2022114,0.010163748264312744,0.6,0.6
0.380389963410194,0.0990272014814144,0.41110475993413914,84.06,-2775.6423529410627,-0.54,0.0,1.0,0.24710837122716356,7.66,0.0,-1.1706959,1.4381222,4.6449485,0.0,0.6,0.6
0.3784524815641559,0.11035635669630574,0.41837691778946007,83.7,-35115.1032558139,-0.72,-17557.55162790697,1.0,0.475997192297136,7.665,0.0,-1.1706959,1.4381222,4.6449485,0.0,0.6,0.6
0.37112135241616756,0.12741971944104027,0.4238023174425557,82.61999999999999,-146124.13935484042,-0.54,24354.023225806442,1.0,0.5522934659871268,7.67,0.0,-1.1706959,1.4381222,4.6449485,0.0,0.6,0.6
0.3619202756758292,0.1439239230182649,0.4280077988979826,81.36,-176160.76799999873,-0.72,-25165.82399999999,1.0,0.7964415417950974,7.675,0.0,-1.1706959,1.4381222,4.6449485,0.0,0.6,0.6
0.3516098933387568,0.16043337992520554,0.43230393888323604,79.92,-194832.1858064513,-0.72,0.0,1.0,0.4302194280831415,7.68,0.0,0.059643313,-1.692061,0.68162084,0.3178929939866066,0.0,0.5044862508773803
0.33790114467122656,0.18804107193151154,0.43581726656786907,78.11999999999999,-243540.23225806604,-0.72,0.0,1.0,0.5828119754631231,7.6850000000000005,0.0,0.059643313,-1.692061,0.68162084,0.3178929939866066,0.0,0.5044862508773803
0.32325427586371874,0.19850826906131336,0.438251499096176,75.96,-158942.04631578922,-0.72,0.0,1.0,0.5522934659871268,7.69,0.0,0.059643313,-1.692061,0.68162084,0.3178929939866066,0.0,0.5044862508773803
0.3097333913377379,0.2032368278877394,0.4415338054411003,73.61999999999999,-55.82639690114736,-0.72,0.0,1.0,0.6285897396771176,7.695,0.0,0.059643313,-1.692061,0.68162084,0.3178929939866066,0.0,0.5044862508773803
0.2949825736019533,0.20974866758332664,0.44391665132369923,71.1,-157755.9116417908,-0.72,0.0,1.0,0.5522934659871268,7.7,0.0,1.8028135,-1.9533743,-3.2621653,0.6,0.0,0.0
0.2808909619797871,0.22765172063246966,0.4451135841548747,68.39999999999999,-353894.4000000004,-0.72,0.0,1.0,0.7659230323191011,7.705,0.0,1.8028135,-1.9533743,-3.2621653,0.6,0.0,0.0
0.26832863305268034,0.24486325536376602,0.4468176380083475,65.52,-402653.18399999937,-0.72,0.0,1.0,0.4302194280831415,7.71,0.0,1.8028135,-1.9533743,-3.2621653,0.6,0.0,0.0
0.2555299636758434,0.25530533144685313,0.4480162923631209,62.46,-442571.3875862062,-0.72,0.0,1.0,0.6438489944151158,7.715,0.0,1.8028135,-1.9533743,-3.2621653,0.6,0.0,0.0
0.23999581642563675,0.2658093646307576,0.44893205491885807,59.4,-64172.85120000005,-0.72,0.0,1.0,0.3997009186071452,7.72,8.522881865501404,1.527588,0.68774927,2.8719711,0.6,0.5063247799873352,0.6
0.22535452011024373,0.2809648369846486,0.4497983910317026,55.98,-367808.1969230771,-0.72,0.0,1.0,0.6896267586291103,7.7250000000000005,8.522881865501404,1.527588,0.68774927,2.8719711,0.6,0.5063247799873352,0.6
0.21676548988407573,0.2809041793911384,0.4503647589822932,52.739999999999995,-424673.28000000026,-0.72,0.0,1.0,0.41496017334514335,7.73,8.522881865501404,1.527588,0.68774927,2.8719711,0.6,0.5063247799873352,0.6
0.21350855490292173,0.2900840497285426,0.4504438505653909,49.32,-478150.65599999926,-0.72,0.0,1.0,0.7048860133671084,7.735,8.522881865501404,1.527588,0.68774927,2.8719711,0.6,0.5063247799873352,0.6
0.21095145672409576,0.28888463214779186,0.4509676797314421,45.72,-85.44304210049799,-0.72,0.0,1.0,0.5522934659871268,7.74,20.0,0.6692599,-1.6225734,-4.0789623,0.5007779717445373,0.0,0.0
0.21068410440045465,0.290180588170401,0.4516698802252192,42.12,-264903.4105263159,-0.72,0.0,1.0,0.6285897396771176,7.745,20.0,0.6692599,-1.6225734,-4.0789623,0.5007779717445373,0.0,0.0
0.21250317726703324,0.2881318147500499,0.45181916262897037,38.519999999999996,-487080.4645161292,-0.72,0.0,1.0,0.3997009186071452,7.75,20.0,0.6692599,-1.6225734,-4.0789623,0.5007779717445373,0.0,0.0
0.21335631189913323,0.2835545672641682,0.45081172994980817,34.92,-520672.22068965435,-0.72,0.0,1.0,0.7048860133671084,7.755,20.0,0.6692599,-1.6225734,-4.0789623,0.5007779717445373,0.0,0.0
0.21497896727355664,0.27691525436259856,0.4485685432784402,31.14,-511434.48774193565,-0.8999999999999999,-24354.023225806442,1.0,0.49125644703513416,7.76,8.522881865501404,0.13134491,-1.9901419,-0.29504082,0.33940347433090207,0.0,0.2114877551794052
0.2230868642975302,0.2590967451756651,0.44724833652030926,27.54,-487080.4645161292,-0.8999999999999999,0.0,1.0,0.567552720725125,7.765000000000001,8.522881865501404,0.13134491,-1.9901419,-0.29504082,0.33940347433090207,0.0,0.2114877551794052
0.23899723956744062,0.24642944104754771,0.44703117645765345,23.939999999999998,-457560.4363636365,-0.8999999999999999,0.0,1.0,0.5065157017731323,7.7700000000000005,8.522881865501404,0.13134491,-1.9901419,-0.29504082,0.33940347433090207,0.0,0.2114877551794052
0.25393250024120906,0.2338361918591083,0.44692470149469854,20.34,-503316.4799999997,-0.8999999999999999,0.0,1.0,0.6896267586291103,7.775,8.522881865501404,0.13134491,-1.9901419,-0.29504082,0.33940347433090207,0.0,0.2114877551794052
0.27121502299397343,0.22560798702494292,0.4464078052283489,17.099999999999998,-75.40949425670057,-0.8999999999999999,0.0,1.0,0.384441663869147,7.78,0.0,0.140295,-1.5678774,-2.5799963,0.3420884996652603,0.0,0.0
0.2910858297459125,0.22025796482392757,0.44550328278886175,14.219999999999999,-94371.83999999997,-1.08,-5898.240000000005,1.0,0.475997192297136,7.785,0.0,0.140295,-1.5678774,-2.5799963,0.3420884996652603,0.0,0.0
0.30641030436828387,0.2264823296193391,0.4423987544507294,11.7,-320292.3054545454,-1.08,0.0,1.0,0.46073793755913783,7.79,0.0,0.140295,-1.5678774,-2.5799963,0.3420884996652603,0.0,0.0
0.32084277110404263,0.2178938986211168,0.43598651857280296,9.719999999999999,-286369.7213793104,-1.08,0.0,1.0,0.7048860133671084,7.795,0.0,0.140295,-1.5678774,-2.5799963,0.3420884996652603,0.0,0.0
0.33643099771543356,0.22200965931589697,0.42883017999294304,8.28,-201326.59199999992,-1.08,0.0,1.0,0.44547868282113967,7.8,0.0,0.28463054,-1.3236122,0.015986018,0.3853891611099243,0.0,0.3047958053648472
0.3469975521918271,0.21278175392506765,0.4149573199129555,7.38,-121770.11612903219,-1.08,0.0,1.0,0.3997009186071452,7.805000000000001,0.0,0.28463054,-1.3236122,0.015986018,0.3853891611099243,0.0,0.3047958053648472
0.3538455642531654,0.21791183771407552,0.3976494118357674,7.199999999999999,-23592.96000000008,-1.08,0.0,1.0,0.41496017334514335,7.8100000000000005,0.0,0.28463054,-1.3236122,0.015986018,0.3853891611099243,0.0,0.3047958053648472
0.3574517259137897,0.21309832462183964,0.38269064325856383,7.38,24354.023225806533,-1.08,0.0,1.0,0.6133304849391195,7.815,0.0,0.28463054,-1.3236122,0.015986018,0.3853891611099243,0.0,0.3047958053648472
0.3591972489524397,0.20735250653629778,0.36785911175653047,8.28,130168.05517241372,-0.8999999999999999,26033.611034482783,1.0,0.5065157017731323,7.82,0.0,-0.25734535,-0.7510991,-1.3430926,0.22279639542102814,0.07467026710510254,0.0
0.3589986215935592,0.19449946370687565,0.3529066722516188,9.54,30.089977111493212,-0.8999999999999999,0.0,1.0,0.7506637775811029,7.825,0.0,-0.25734535,-0.7510991,-1.3430926,0.22279639542102814,0.07467026710510254,0.0
0.35735089038528617,0.17883535721675634,0.3416755980266771,11.34,127961.81694915259,-0.8999999999999999,0.0,1.0,0.5828119754631231,7.83,0.0,-0.25734535,-0.7510991,-1.3430926,0.22279639542102814,0.07467026710510254,0.0
0.35447512532568237,0.1454064337915317,0.33030937885481554,13.32,86507.52000000002,-0.8999999999999999,0.0,1.0,0.7964415417950974,7.835,0.0,-0.25734535,-0.7510991,-1.3430926,0.22279639542102814,0.07467026710510254,0.0
0.35082361734256934,0.12741185863672785,0.3159504241989313,15.84,199427.28452830185,-0.72,14244.806037735843,1.0,0.5828119754631231,7.84,0.0,-1.1916921,1.2934754,2.2581284,0.0,0.6,0.6
0.346438882987267,0.10646808038857862,0.29965557063929965,18.36,340956.32516129024,-0.72,0.0,1.0,0.5522934659871268,7.845,0.0,-1.1916921,1.2934754,2.2581284,0.0,0.6,0.6
0.3423308403219233,0.09561628617370374,0.2846733813120553,21.24,377487.35999999987,-0.72,0.0,1.0,0.4302194280831415,7.8500000000000005,0.0,-1.1916921,1.2934754,2.2581284,0.0,0.6,0.6
0.3389910017311551,0.08939176617565689,0.27335966854861965,24.119999999999997,355282.22117647046,-0.72,0.0,1.0,0.384441663869147,7.855,0.0,-1.1916921,1.2934754,2.2581284,0.0,0.6,0.6
0.33889350718994515,0.07050025842600753,0.26593219220170655,27.0,389664.37161290355,-0.72,0.0,1.0,0.475997192297136,7.86,0.0,-0.87752366,1.3103523,3.3905997,0.03674290180206299,0.6,0.6
0.3407673816215818,0.05839916329516854,0.2601613957113797,30.06,69.53881376410732,-0.72,0.0,1.0,0.5217749565111305,7.865,0.0,-0.87752366,1.3103523,3.3905997,0.03674290180206299,0.6,0.6
0.3411450770247364,0.05962465379548799,0.2529211654125866,33.12,242161.70264150933,-0.54,14244.806037735843,1.0,0.3997009186071452,7.87,0.0,-0.87752366,1.3103523,3.3905997,0.03674290180206299,0.6,0.6
0.33874756647831883,0.0597900056168107,0.24563311364205026,36.18,427819.0080000003,-0.54,0.0,1.0,0.659108249153114,7.875,0.0,-0.87752366,1.3103523,3.3905997,0.03674290180206299,0.6,0.6
0.33684062462872355,0.05498129788973796,0.23980461178909748,39.24,442571.38758620725,-0.54,0.0,1.0,0.3081453901791562,7.88,0.0,-0.5238133,1.216236,2.3523602,0.14285600781440735,0.6,0.6
0.33463642824059786,0.07292249424007059,0.23450216059240028,42.3,427819.00799999933,-0.54,0.0,1.0,0.36918240913114886,7.885,0.0,-0.5238133,1.216236,2.3523602,0.14285600781440735,0.6,0.6
0.33177899292452306,0.0740316391870384,0.2304571455745872,45.18,355282.2211764709,-0.54,0.0,1.0,0.24710837122716356,7.890000000000001,0.0,-0.5238133,1.216236,2.3523602,0.14285600781440735,0.6,0.6
0.3294418852409771,0.0825556705663016,0.22830396721661134,47.879999999999995,112124.9584158414,-0.36,7474.997227722774,1.0,0.8117007965330956,7.8950000000000005,0.0,-0.5238133,1.216236,2.3523602,0.14285600781440735,0.6,0.6
0.3283784241792675,0.0743315411909937,0.22828741683767542,50.58,213672.09056603795,-0.18,14244.806037735849,1.0,0.5370342112491286,7.9,0.0,-0.6971124,1.8760289,4.5235014,0.09086628556251526,0.6,0.6
0.32682631557520375,0.10233083245674367,0.2291551114259088,53.28,377487.3600000004,0.18,50331.648,1.0,0.475997192297136,7.905,0.0,-0.6971124,1.8760289,4.5235014,0.09086628556251526,0.6,0.6
0.32539406341470056,0.11966451314873662,0.22923986401890356,55.62,57.2460956447181,0.54,8.807091637648954,1.0,0.4302194280831415,7.91,0.0,-0.6971124,1.8760289,4.5235014,0.09086628556251526,0.6,0.6
0.32510889300368645,0.13895576909584323,0.23328579110468722,57.96,192444.53647058853,1.08,44410.27764705883,1.0,0.6896267586291103,7.915,0.0,-0.6971124,1.8760289,4.5235014,0.09086628556251526,0.6,0.6
0.32302887059779994,0.15493242232809176,0.24699934796009682,60.12,292248.27870967693,1.44,48708.046451612885,1.0,0.5217749565111305,7.92,0.0,-0.9670234,2.7862492,4.8527594,0.009892988204956054,0.6,0.6
0.3159653030741141,0.17939011059190316,0.2622981037769697,62.28,215707.06285714323,1.7999999999999998,35951.17714285713,1.0,0.4302194280831415,7.925,0.0,-0.9670234,2.7862492,4.8527594,0.009892988204956054,0.6,0.6
0.30685419990635276,0.19843188068302348,0.2769138205046219,64.25999999999999,286369.72137930884,2.16,52067.222068965566,1.0,0.44547868282113967,7.930000000000001,0.0,-0.9670234,2.7862492,4.8527594,0.009892988204956054,0.6,0.6
0.2970321812092667,0.2225617628194158,0.29286920090477886,65.88,212336.6400000006,2.34,23592.959999999963,1.0,0.6133304849391195,7.9350000000000005,0.0,-0.9670234,2.7862492,4.8527594,0.009892988204956054,0.6,0.6
0.285478005612342,0.2445452407265715,0.30863678100435277,67.5,219186.2090322587,2.6999999999999997,48708.046451612885,1.0,0.475997192297136,7.94,0.0,-0.34336305,1.8677088,4.509281,0.19699108600616455,0.6,0.6
0.27478481327761534,0.25312304260433005,0.3220836178184647,68.58,146124.13935483847,3.2399999999999998,73062.06967741936,1.0,0.4302194280831415,7.945,0.0,-0.34336305,1.8677088,4.509281,0.19699108600616455,0.6,0.6
0.26640994299088916,0.2734133769609859,0.3353754541550182,69.3,16.357908284312106,3.78,12.2684312132341,1.0,0.5065157017731323,7.95,0.0,-0.34336305,1.8677088,4.509281,0.19699108600616455,0.6,0.6
0.2563561603266892,0.29040840094301523,0.3481988476971831,69.48,16412.4939130441,4.5,65649.97565217393,1.0,0.6743675038911121,7.955,0.0,-0.34336305,1.8677088,4.509281,0.19699108600616455,0.6,0.6
0.24645129028077606,0.30370777699816837,0.35861248277462227,69.48,0.0,5.22,104134.444137931,1.0,0.49125644703513416,7.96,0.0,1.3235757,0.089367785,0.08662081,0.6,0.326810335367918,0.3259862422943115
0.23903485138742764,0.3085789002040944,0.3690218904743851,69.12,-52067.222068965435,5.3999999999999995,26033.611034482718,1.0,0.475997192297136,7.965,0.0,1.3235757,0.089367785,0.08662081,0.6,0.326810335367918,0.3259862422943115
0.2296377825535124,0.32291288623999526,0.37924160370166626,68.39999999999999,-104134.44413793292,5.3999999999999995,0.0,1.0,0.384441663869147,7.97,0.0,1.3235757,0.089367785,0.08662081,0.6,0.326810335367918,0.3259862422943115
0.21934658507179505,0.3242389973915089,0.38724087579053723,67.5,-121770.1161290311,4.859999999999999,-73062.06967741936,1.0,0.659108249153114,7.9750000000000005,0.0,1.3235757,0.089367785,0.08662081,0.6,0.326810335367918,0.3259862422943115
0.21099856441782963,0.3400152059377653,0.3940220833343784,66.42,-150994.94399999976,3.96,-125829.11999999992,1.0,0.6896267586291103,7.98,8.522881865501404,0.3981212,2.673321,5.437014,0.41943636238574983,0.6,0.6
0.20297193796030036,0.35804324940006654,0.40066321392897236,64.98,-201326.59199999968,3.06,-125829.11999999998,1.0,0.567552720725125,7.985,8.522881865501404,0.3981212,2.673321,5.437014,0.41943636238574983,0.6,0.6
0.1954677936706535,0.36471580780569735,0.4056003194106379,63.18,-260336.1103448282,1.6199999999999999,-208268.8882758621,1.0,0.5522934659871268,7.99,8.522881865501404,0.3981212,2.673321,5.437014,0.41943636238574983,0.6,0.6
0.19029907423131104,0.3654702587477133,0.4096333529249593,61.379999999999995,-44.13869485401598,0.18,-35.3109558832127,1.0,0.8269600512710937,7.995,8.522881865501404,0.3981212,2.673321,5.437014,0.41943636238574983,0.6,0.6
0.18815377219867738,0.370964281966382,0.41345508576919626,58.86,-220200.95999999964,-0.8999999999999999,-94371.83999999998,1.0,0.46073793755913783,8.0,20.0,-0.6441047,1.3637868,5.4856844,0.1067685842514038,0.6,0.6
0.18726798282187487,0.37432759733850723,0.4172025512361615,55.8,-401080.3200000003,-0.54,47185.919999999984,1.0,0.4302194280831415,8.005,20.0,-0.6441047,1.3637868,5.4856844,0.1067685842514038,0.6,0.6
0.1866836419672234,0.36992784594689126,0.41855053723526237,52.559999999999995,-158017.96465116288,-0.54,0.0,1.0,0.2776268807031599,8.01,20.0,-0.6441047,1.3637868,5.4856844,0.1067685842514038,0.6,0.6
0.18743398090029026,0.379602363222463,0.4181684561109983,49.14,-478150.65599999926,-0.72,-25165.82399999999,1.0,0.6285897396771176,8.015,20.0,-0.6441047,1.3637868,5.4856844,0.1067685842514038,0.6,0.6
0.18949917293032165,0.37591612944671965,0.4186845018452174,45.72,-448266.2400000002,-0.72,0.0,1.0,0.475997192297136,8.02,20.0,-0.98866177,0.84567213,5.8546944,0.0034014701843261717,0.553701639175415,0.6
0.19072043350493922,0.3730061373632388,0.4187581355370642,41.94,-480438.4581818183,-0.72,0.0,1.0,0.44547868282113967,8.025,20.0,-0.98866177,0.84567213,5.8546944,0.0034014701843261717,0.553701639175415,0.6
0.19208955304742964,0.37302090964657725,0.4191324620792156,38.16,-511434.48774193565,-0.72,0.0,1.0,0.3539231543931507,8.03,20.0,-0.98866177,0.84567213,5.8546944,0.0034014701843261717,0.553701639175415,0.6
0.20050131036361368,0.3829961354161649,0.419656672084076,34.379999999999995,-85.30374703404196,-0.72,0.0,1.0,0.7811822870570992,8.035,20.0,-0.98866177,0.84567213,5.8546944,0.0034014701843261717,0.553701639175415,0.6
0.2176725759177785,0.39135770687453747,0.42020026463975674,30.419999999999998,-240716.5773913042,-0.72,0.0,1.0,0.46073793755913783,8.040000000000001,0.0,1.8306631,-2.3570526,-4.7041583,0.6,0.0,0.0
0.23100952331560198,0.3940704814048882,0.42334514049717864,26.64,-466307.91529411735,-0.72,0.0,1.0,0.5522934659871268,8.045,0.0,1.8306631,-2.3570526,-4.7041583,0.6,0.0,0.0
0.23756659358254673,0.3992920892981322,0.4274781180493505,22.68,-145696.8757894737,-0.8999999999999999,-6622.585263157893,1.0,0.5522934659871268,8.05,0.0,1.8306631,-2.3570526,-4.7041583,0.6,0.0,0.0
0.2432216928242633,0.4079906329088698,0.43002135502257544,19.08,-487080.4645161292,-0.8999999999999999,0.0,1.0,0.567552720725125,8.055,0.0,1.8306631,-2.3570526,-4.7041583,0.6,0.0,0.0
0.24798388033167987,0.41939857588956225,0.43269992229643245,15.299999999999999,-546705.8317241379,-0.8999999999999999,0.0,1.0,0.49125644703513416,8.06,8.522881865501404,1.7795105,-0.42719692,3.1038442,0.6,0.1718409240245819,0.6
0.2507575769998462,0.41947188024777876,0.43548945181697596,11.879999999999999,-239075.328,-0.8999999999999999,0.0,1.0,0.3539231543931507,8.065,8.522881865501404,1.7795105,-0.42719692,3.1038442,0.6,0.1718409240245819,0.6
0.2547763194251642,0.42154617559574054,0.4373837563414535,8.82,-388926.37090909074,-0.8999999999999999,0.0,1.0,0.7048860133671084,8.07,8.522881865501404,1.7795105,-0.42719692,3.1038442,0.6,0.1718409240245819,0.6
0.2585633218283421,0.4348905474203447,0.43953757386151987,6.12,-353894.4,-1.08,-23592.96000000002,1.0,0.7048860133671084,8.075,8.522881865501404,1.7795105,-0.42719692,3.1038442,0.6,0.1718409240245819,0.6
0.2604803554608474,0.4364954043982735,0.44317085576554405,3.96,-49.11842295305944,1.6199999999999999,61.39802869132429,1.0,2.5359965819269448,8.08,20.0,1.5673649,-1.6141118,-2.473562,0.6,0.0,0.0
0.259783921236705,0.4405094654347531,0.44626190519834524,3.2399999999999998,-56979.22415094341,3.42,142448.0603773585,1.0,-4.788445692312396,8.085,20.0,1.5673649,-1.6141118,-2.473562,0.6,0.0,0.0
0.2509362340098986,0.4454823025724583,0.44664273073181887,3.78,75497.47200000001,2.16,-176160.76799999998,1.0,1.0863673818170625,8.09,20.0,1.5673649,-1.6141118,-2.473562,0.6,0.0,0.0
0.24357953258148413,0.4369338892657015,0.4448165148902913,5.58,260336.1103448276,-0.8999999999999999,-442571.3875862069,1.0,8.593920712912382,8.095,20.0,1.5673649,-1.6141118,-2.473562,0.6,0.0,0.0
0.24187378078811386,0.437682490493275,0.4440874194908376,6.4799999999999995,130168.05517241372,-0.72,26033.61103448275,1.0,0.1097750785851801,8.1,8.522881865501404,0.6621292,-1.9509426,-0.111578144,0.49863876700401305,0.0,0.2665265567600727
0.2392745289500237,0.44091025318452376,0.4420196656557416,8.28,243540.2322580645,-0.8999999999999999,-24354.023225806442,1.0,2.9785149693288915,8.105,8.522881865501404,0.6621292,-1.9509426,-0.111578144,0.49863876700401305,0.0,0.2665265567600727
0.23721319369555816,0.44970527694228307,0.43969128534769797,9.9,63502.546542056116,-0.72,7055.8385046728945,1.0,1.0558488723410662,8.11,8.522881865501404,0.6621292,-1.9509426,-0.111578144,0.49863876700401305,0.0,0.2665265567600727
0.23987966309783998,0.4438291957341742,0.43980915343952603,11.7,243540.23225806438,-0.8999999999999999,-24354.023225806442,1.0,0.32340464491715437,8.115,8.522881865501404,0.6621292,-1.9509426,-0.111578144,0.49863876700401305,0.0,0.2665265567600727
0.24899716430616287,0.4366431110575439,0.43967999928721907,13.68,267894.25548387103,-0.8999999999999999,0.0,1.0,0.384441663869147,8.120000000000001,0.0,-0.031188525,-1.1835307,3.3468409,0.29064344242215157,0.0,0.6
0.2574439546648886,0.42792001614048003,0.43943592216080485,15.84,52.85148957519047,-0.8999999999999999,0.0,1.0,0.3539231543931507,8.125,0.0,-0.031188525,-1.1835307,3.3468409,0.29064344242215157,0.0,0.6
0.2693068051926703,0.414803468220132,0.43973203876502354,18.0,161780.29714285716,-0.8999999999999999,0.0,1.0,-0.08859523300879601,8.13,0.0,-0.031188525,-1.1835307,3.3468409,0.29064344242215157,0.0,0.6
0.28591205686738097,0.4021817130020722,0.4390279199116777,20.16,274536.26181818184,-0.8999999999999999,0.0,1.0,0.949034089175079,8.135,0.0,-0.031188525,-1.1835307,3.3468409,0.29064344242215157,0.0,0.6
0.3004582012277706,0.38888243509558457,0.43686268113276966,22.5,338436.94344827585,-0.8999999999999999,0.0,1.0,0.6285897396771176,8.14,0.0,0.19880077,-0.57259905,2.5858343,0.35964023172855375,0.12822028398513793,0.6
0.31375153972847475,0.36845373945513243,0.4316902085732997,25.02,352321.53599999996,-0.8999999999999999,0.0,1.0,0.3081453901791562,8.145,0.0,0.19880077,-0.57259905,2.5858343,0.35964023172855375,0.12822028398513793,0.6
0.3291093997995254,0.34719736044593913,0.42226056657768773,27.54,330301.43999999994,-0.8999999999999999,0.0,1.0,0.5065157017731323,8.15,0.0,0.19880077,-0.57259905,2.5858343,0.35964023172855375,0.12822028398513793,0.6
0.34205867647269816,0.3264522487880398,0.4069653652318741,30.24,343170.32727272715,-0.72,22878.02181818181,1.0,0.5370342112491286,8.155,0.0,0.19880077,-0.57259905,2.5858343,0.35964023172855375,0.12822028398513793,0.6
0.35283737046809904,0.2986994914875302,0.39135155893204193,32.94,377487.3599999999,-0.72,0.0,1.0,0.6133304849391195,8.16,0.0,0.5247059,-0.21023569,4.595621,0.4574117660522461,0.23692929446697233,0.6
0.363998355938399,0.26075864454859565,0.3803515208960513,35.64,61.11901904062871,-0.72,0.0,1.0,0.7659230323191011,8.165000000000001,0.0,0.5247059,-0.21023569,4.595621,0.4574117660522461,0.23692929446697233,0.6
0.3726352943312786,0.24093269669066328,0.3752360669310065,38.339999999999996,133230.83294117625,-0.72,0.0,1.0,0.567552720725125,8.17,0.0,0.5247059,-0.21023569,4.595621,0.4574117660522461,0.23692929446697233,0.6
0.3756054836621007,0.2046904276764018,0.3735810374775294,41.04,251658.24000000025,-0.72,0.0,1.0,0.7354045228431048,8.175,0.0,0.5247059,-0.21023569,4.595621,0.4574117660522461,0.23692929446697233,0.6
0.3748227224449849,0.17814408218562172,0.3713920682575282,43.739999999999995,105837.57757009329,-0.72,0.0,1.0,0.5217749565111305,8.18,0.0,1.3600619,-1.350933,0.9578677,0.6,0.0,0.5873603045940399
0.37399741504443673,0.15763720959425873,0.37150039114847266,46.44,314572.80000000034,-0.72,0.0,1.0,0.24710837122716356,8.185,0.0,1.3600619,-1.350933,0.9578677,0.6,0.0,0.5873603045940399
0.3719233922142832,0.13379100351988935,0.3729315076605974,48.96,310871.94352941215,-0.72,0.0,1.0,0.6285897396771176,8.19,0.0,1.3600619,-1.350933,0.9578677,0.6,0.0,0.5873603045940399
0.37025486797518276,0.12757787552679256,0.37221099558038184,51.48,301989.8879999995,-0.72,0.0,1.0,0.5828119754631231,8.195,0.0,1.3600619,-1.350933,0.9578677,0.6,0.0,0.5873603045940399
0.36917670978402495,0.10788330659319445,0.3727555208702893,54.0,340956.32516129076,-0.72,0.0,1.0,0.46073793755913783,8.2,0.0,0.9625125,-0.8238652,4.3029265,0.5887537479400634,0.052840447425842284,0.6
0.36798463204422766,0.10991421322497112,0.37750868394009673,56.16,292248.27870967693,-0.72,0.0,1.0,0.33866389965515253,8.205,0.0,0.9625125,-0.8238652,4.3029265,0.5887537479400634,0.052840447425842284,0.6
0.3675594399770718,0.10995825208350701,0.38423729759469294,58.5,57.17772796122396,-0.72,0.0,1.0,0.3997009186071452,8.21,0.0,0.9625125,-0.8238652,4.3029265,0.5887537479400634,0.052840447425842284,0.6
0.3676218788574819,0.1127906090168313,0.390635852049262,60.66,131299.95130434763,-0.72,0.0,1.0,0.6133304849391195,8.215,0.0,0.9625125,-0.8238652,4.3029265,0.5887537479400634,0.052840447425842284,0.6
0.36807413887630397,0.10635908953764853,0.39912956310160613,62.64,224451.94378378423,-0.72,0.0,1.0,0.5828119754631231,8.22,0.0,1.842386,-1.5190839,0.37421823,0.6,0.0,0.4122654676437378
0.37138430739315487,0.12054981247046868,0.40982899079750446,64.44,228780.21818181782,-0.72,0.0,1.0,0.44547868282113967,8.225,0.0,1.842386,-1.5190839,0.37421823,0.6,0.0,0.4122654676437378
0.37753663686060857,0.11618504290521775,0.4181434526068238,66.24,251658.2399999996,-0.72,0.0,1.0,0.475997192297136,8.23,0.0,1.842386,-1.5190839,0.37421823,0.6,0.0,0.4122654676437378
0.38375333352968005,0.11901256774540965,0.42675208333126824,67.86,194136.35657142912,-0.72,0.0,1.0,0.5980712302011213,8.235,0.0,1.842386,-1.5190839,0.37421823,0.6,0.0,0.4122654676437378
0.390157446328551,0.12138082565907003,0.4354228543951646,69.3,188743.6799999997,-0.72,0.0,1.0,0.475997192297136,8.24,0.0,1.2810271,-0.9406949,2.5581684,0.6,0.017791521549224854,0.6
0.3990601266518628,0.12218114202950478,0.44170661269290556,70.74,50331.64799999992,-0.72,0.0,1.0,0.5065157017731323,8.245000000000001,0.0,1.2810271,-0.9406949,2.5581684,0.6,0.017791521549224854,0.6
0.4072704174735019,0.1139391619881373,0.44735028122401355,71.82,24.426119675817294,-0.72,0.0,1.0,0.3081453901791562,8.25,0.0,1.2810271,-0.9406949,2.5581684,0.6,0.017791521549224854,0.6
0.41468396209619385,0.11746404195152893,0.4529844079359558,72.72,71224.0301886797,-0.72,0.0,1.0,0.7048860133671084,8.255,0.0,1.2810271,-0.9406949,2.5581684,0.6,0.017791521549224854,0.6
0.4220245335380924,0.12731231208648572,0.45723862053592246,73.44,94371.83999999985,-0.72,0.0,1.0,0.4302194280831415,8.26,0.0,1.124966,-1.6020178,-0.39002043,0.6,0.0,0.18299387097358702
0.4292051100811026,0.12470479995486665,0.4604503327045533,73.98,19867.755789473915,-0.72,0.0,1.0,0.49125644703513416,8.265,0.0,1.124966,-1.6020178,-0.39002043,0.6,0.0,0.18299387097358702
0.4353047652692897,0.1274572064223065,0.46300335063588693,74.16,25165.823999998967,-0.72,0.0,1.0,0.3997009186071452,8.27,0.0,1.124966,-1.6020178,-0.39002043,0.6,0.0,0.18299387097358702
0.4416662120584996,0.12529034335197076,0.46471001470552825,74.16,0.0,-0.72,0.0,1.0,0.6743675038911121,8.275,0.0,1.124966,-1.6020178,-0.39002043,0.6,0.0,0.18299387097358702
0.4473420902043171,0.13580393595738935,0.46501240464767835,74.16,0.0,-0.72,0.0,1.0,0.6285897396771176,8.28,0.0,0.790077,-1.8447975,-0.37455598,0.5370230913162232,0.0,0.1876332074403763
0.4520096632340413,0.1378345208112849,0.46480993090122064,73.8,-50331.64799999992,-0.72,0.0,1.0,0.5065157017731323,8.285,0.0,0.790077,-1.8447975,-0.37455598,0.5370230913162232,0.0,0.1876332074403763
0.45684047738801986,0.13571642929636735,0.4648419789781988,73.44,-48708.04645161283,-0.72,0.0,1.0,0.24710837122716356,8.290000000000001,0.0,0.790077,-1.8447975,-0.37455598,0.5370230913162232,0.0,0.1876332074403763
0.4617951718149443,0.14077200501363848,0.4644845144549925,72.89999999999999,-13.181651922898002,-0.72,0.0,1.0,0.6285897396771176,8.295,0.0,0.790077,-1.8447975,-0.37455598,0.5370230913162232,0.0,0.1876332074403763
0.4652694761571413,0.12201549742019639,0.464898004154738,72.36,-42734.41811320692,-0.72,0.0,1.0,0.7964415417950974,8.3,0.0,0.67385256,-1.9182347,2.2117,0.5021557688713073,0.0,0.6
0.4692801652884177,0.11857894320275919,0.46516545817693555,71.82,-70778.88000000082,-0.8999999999999999,-23592.959999999992,1.0,0.3081453901791562,8.305,0.0,0.67385256,-1.9182347,2.2117,0.5021557688713073,0.0,0.6
0.4732824339701386,0.12090672376748798,0.4645074304998234,71.1,-107853.53142857125,-0.8999999999999999,0.0,1.0,0.5828119754631231,8.31,0.0,0.67385256,-1.9182347,2.2117,0.5021557688713073,0.0,0.6
0.47631338474692614,0.1052842907418849,0.46281097430947576,70.38,-100663.29599999984,-0.8999999999999999,0.0,1.0,0.2623676259651617,8.315,0.0,0.67385256,-1.9182347,2.2117,0.5021557688713073,0.0,0.6
0.4792738369168283,0.10237164047578469,0.4617894510328322,69.84,-75497.47199999889,-0.8999999999999999,0.0,1.0,0.7811822870570992,8.32,0.0,0.46684116,-1.7988482,1.5270803,0.4400523483753204,0.0,0.6
0.48283710904747695,0.10074086443078775,0.4610004573564054,69.12,-35951.17714285709,-0.8999999999999999,0.0,1.0,0.5828119754631231,8.325,0.0,0.46684116,-1.7988482,1.5270803,0.4400523483753204,0.0,0.6
0.48503251377343615,0.09015756460852355,0.4586561685332701,68.58,-73062.06967742021,-0.8999999999999999,0.0,1.0,0.567552720725125,8.33,0.0,0.46684116,-1.7988482,1.5270803,0.4400523483753204,0.0,0.6
0.4877888532848899,0.07615036498769459,0.45558970079119,68.03999999999999,-12.406600422879448,-0.8999999999999999,0.0,1.0,0.5065157017731323,8.335,0.0,0.46684116,-1.7988482,1.5270803,0.4400523483753204,0.0,0.6
0.49039320206915393,0.06761151251107018,0.45250058401813903,67.5,-32356.059428570952,-0.8999999999999999,0.0,1.0,0.5065157017731323,8.34,0.0,-0.35489133,-0.25808752,1.6034913,0.19353260099887848,0.2225737452507019,0.6
0.49176868856421274,0.05419810740734764,0.4449074021271428,67.14,-41943.039999999935,-0.8999999999999999,0.0,1.0,0.475997192297136,8.345,0.0,-0.35489133,-0.25808752,1.6034913,0.19353260099887848,0.2225737452507019,0.6
0.4928593756429092,0.034471007888870725,0.43549658998258445,66.6,-73062.06967742021,-0.8999999999999999,0.0,1.0,0.5522934659871268,8.35,0.0,-0.35489133,-0.25808752,1.6034913,0.19353260099887848,0.2225737452507019,0.6
0.494293488547839,0.030652658537077652,0.4280990831461639,66.42,-6681.192212389106,-0.8999999999999999,0.0,1.0,0.5828119754631231,8.355,0.0,-0.35489133,-0.25808752,1.6034913,0.19353260099887848,0.2225737452507019,0.6
0.49473362211609184,0.013378498248918994,0.42478369431128443,66.06,-40809.44432432426,-0.8999999999999999,0.0,1.0,0.475997192297136,8.36,0.0,-0.4701606,0.103810884,1.7507464,0.15895181894302368,0.3311432652175426,0.6
0.49512179274880175,0.0066030931774564705,0.4235730262479436,65.88,-25165.824000000954,-0.8999999999999999,0.0,1.0,0.5370342112491286,8.365,0.0,-0.4701606,0.103810884,1.7507464,0.15895181894302368,0.3311432652175426,0.6
0.49509521121261213,0.014662888655888679,0.42204855071050684,65.88,0.0,-0.8999999999999999,0.0,1.0,0.5217749565111305,8.370000000000001,0.0,-0.4701606,0.103810884,1.7507464,0.15895181894302368,0.3311432652175426,0.6
0.49516048068694735,0.014839863038245641,0.42174139882654343,65.7,-25165.823999998967,-0.8999999999999999,0.0,1.0,0.5370342112491286,8.375,0.0,-0.4701606,0.103810884,1.7507464,0.15895181894302368,0.3311432652175426,0.6
0.49441951483796054,0.016743037086121435,0.42301796886378484,65.88,4.276919834808886,-0.8999999999999999,0.0,1.0,0.7506637775811029,8.38,0.0,-1.4368294,1.9865166,2.3390403,0.0,0.6,0.6
0.4934828913653749,0.00837888874830452,0.4220274486737635,65.88,0.0,-0.8999999999999999,0.0,1.0,0.475997192297136,8.385,0.0,-1.4368294,1.9865166,2.3390403,0.0,0.6,0.6
0.4931129775908543,0.012334159538761278,0.422053386662808,66.06,19358.326153846887,-0.72,19358.32615384615,1.0,0.49125644703513416,8.39,0.0,-1.4368294,1.9865166,2.3390403,0.0,0.6,0.6
0.49212326664948,0.016277829889115133,0.42383168230803925,66.06,0.0,-0.72,0.0,1.0,0.5828119754631231,8.395,0.0,-1.4368294,1.9865166,2.3390403,0.0,0.6,0.6
0.4899862314587067,0.0029365656372473342,0.42386120456893794,66.24,24354.023225805453,-0.72,0.0,1.0,0.6438489944151158,8.4,0.0,-1.2988584,2.1114633,3.0997467,0.0,0.6,0.6
0.4885767757926278,0.016679365665996548,0.4242037050724597,66.24,0.0,-0.72,0.0,1.0,0.41496017334514335,8.405,0.0,-1.2988584,2.1114633,3.0997467,0.0,0.6,0.6
0.48755054058865105,0.02929649558026336,0.42848516890464466,66.24,0.0,-0.72,0.0,1.0,0.5217749565111305,8.41,0.0,-1.2988584,2.1114633,3.0997467,0.0,0.6,0.6
0.483571506806922,0.041572303437999884,0.43549207052624794,66.24,0.0,-0.72,0.0,1.0,0.7506637775811029,8.415000000000001,0.0,-1.2988584,2.1114633,3.0997467,0.0,0.6,0.6
0.4704106253821272,0.06684065565114124,0.4413651757060923,66.06,-4.18384438902726,-0.72,0.0,1.0,0.8422193060090919,8.42,0.0,-1.8596871,2.6719215,4.9852524,0.0,0.6,0.6
0.4560012983504764,0.08316410474866728,0.4476330551171103,66.06,0.0,-0.8999999999999999,-13481.691428571425,1.0,0.46073793755913783,8.425,0.0,-1.8596871,2.6719215,4.9852524,0.0,0.6,0.6
0.4406792609096235,0.10618303556031068,0.4544580246827153,65.7,-47185.919999999925,-0.72,23592.959999999992,1.0,0.6133304849391195,8.43,0.0,-1.8596871,2.6719215,4.9852524,0.0,0.6,0.6
0.4220872229899233,0.12690628863578035,0.4597711113072841,65.52,-24354.023225807374,-0.72,0.0,1.0,0.659108249153114,8.435,0.0,-1.8596871,2.6719215,4.9852524,0.0,0.6,0.6
0.4039209767225221,0.148395425291792,0.46471247495295476,65.16,-52067.222068965435,-0.8999999999999999,-26033.61103448275,1.0,0.7811822870570992,8.44,0.0,-2.0222938,2.6455286,5.536618,0.0,0.6,0.6
0.3876481137776773,0.1589844204699115,0.4699623085848253,64.62,-78100.83310344712,-0.72,26033.61103448275,1.0,0.4302194280831415,8.445,0.0,-2.0222938,2.6455286,5.536618,0.0,0.6,0.6
0.368776866474349,0.18335641079729276,0.47348606363165485,64.25999999999999,-45756.04363636537,-0.72,0.0,1.0,0.7201452681051066,8.45,0.0,-2.0222938,2.6455286,5.536618,0.0,0.6,0.6
0.347356558751103,0.19788340431812976,0.4759086191590904,63.54,-97416.0929032247,-0.72,0.0,1.0,0.4302194280831415,8.455,0.0,-2.0222938,2.6455286,5.536618,0.0,0.6,0.6
0.3221630038791819,0.20754593234906848,0.47826510658700644,62.82,-97416.09290322565,-0.72,0.0,1.0,0.8117007965330956,8.46,0.0,-1.0391487,-0.23948169,3.5452552,0.0,0.2281554937362671,0.6
0.2976666932983481,0.21681219575253527,0.47955889146985653,61.919999999999995,-20.39744523575386,-0.72,0.0,1.0,0.5065157017731323,8.465,0.0,-1.0391487,-0.23948169,3.5452552,0.0,0.2281554937362671,0.6
0.27130923250573363,0.23672988558637317,0.48033180653230906,60.839999999999996,-32588.83683453232,-0.72,0.0,1.0,0.6438489944151158,8.47,0.0,-1.0391487,-0.23948169,3.5452552,0.0,0.2281554937362671,0.6
0.2458556971681452,0.2474085563919194,0.4810518926990367,59.58,-103623.98117647042,-0.72,0.0,1.0,0.5370342112491286,8.475,0.0,-1.0391487,-0.23948169,3.5452552,0.0,0.2281554937362671,0.6
0.22123861021614258,0.26147582463836927,0.4810433596933274,58.32,-176160.76799999972,-0.72,0.0,1.0,0.659108249153114,8.48,0.0,1.267201,-1.6270157,1.1819849,0.6,0.0,0.6
0.19827453752790763,0.2755881937005376,0.4814727062434127,56.699999999999996,-226492.41600000064,-0.72,0.0,1.0,0.46073793755913783,8.485,0.0,1.267201,-1.6270157,1.1819849,0.6,0.0,0.6
0.17665741950017627,0.2914633206289717,0.48139908105878,55.08,-212336.63999999966,-0.72,0.0,1.0,0.5217749565111305,8.49,0.0,1.267201,-1.6270157,1.1819849,0.6,0.0,0.6
0.1580497261331668,0.31092878835372384,0.4808122751807895,53.28,-235929.59999999963,-0.72,0.0,1.0,0.5980712302011213,8.495000000000001,0.0,1.267201,-1.6270157,1.1819849,0.6,0.0,0.6
0.13933494366269641,0.3327204399542201,0.4806877241417609,51.3,-267894.2554838715,-0.72,0.0,1.0,0.949034089175079,8.5,8.522881865501404,2.12001,-1.3262501,0.5683672,0.6,0.0,0.4705101549625397
0.1228756988456647,0.33736790512862297,0.4801673458200086,49.32,-259522.5599999996,-0.72,0.0,1.0,0.33866389965515253,8.505,8.522881865501404,2.12001,-1.3262501,0.5683672,0.6,0.0,0.4705101549625397
0.1128327383659345,0.3308470549994951,0.4797102507358539,46.98,-57.16074477440706,-0.72,0.0,1.0,0.5370342112491286,8.51,8.522881865501404,2.12001,-1.3262501,0.5683672,0.6,0.0,0.4705101549625397
0.09161003083001858,0.3300417721414979,0.4796666224370094,44.82,-167772.15999999974,-0.8999999999999999,-13981.013333333329,1.0,0.36918240913114886,8.515,8.522881865501404,2.12001,-1.3262501,0.5683672,0.6,0.0,0.4705101549625397
0.08353992132033938,0.3272301534551553,0.4790404651481271,42.3,-330301.4400000004,-0.8999999999999999,0.0,1.0,0.6133304849391195,8.52,8.522881865501404,1.8346072,-0.47392735,3.6758907,0.6,0.15782179534435273,0.6
0.0815163532028576,0.3226315513410182,0.4787407777172661,39.96,-327155.7119999995,-0.8999999999999999,0.0,1.0,0.41496017334514335,8.525,8.522881865501404,1.8346072,-0.47392735,3.6758907,0.6,0.15782179534435273,0.6
0.08183992245228691,0.32005072313875976,0.4785110587018486,37.26,-97626.04137931045,-0.8999999999999999,0.0,1.0,0.6133304849391195,8.53,8.522881865501404,1.8346072,-0.47392735,3.6758907,0.6,0.15782179534435273,0.6
0.0821196103210125,0.3257368654165429,0.4785864817467844,34.74,-320292.30545454496,-0.8999999999999999,0.0,1.0,0.5828119754631231,8.535,8.522881865501404,1.8346072,-0.47392735,3.6758907,0.6,0.15782179534435273,0.6
0.08627224146617832,0.3135315868406366,0.4788276261682603,32.04,-343170.3272727276,-0.8999999999999999,0.0,1.0,0.7506637775811029,8.540000000000001,8.522881865501404,1.4965031,-1.9052303,-3.771348,0.6,0.0,0.0
0.10184202707769512,0.31724584035469083,0.4795898550429314,29.34,-365310.34838709666,-0.8999999999999999,0.0,1.0,0.5065157017731323,8.545,8.522881865501404,1.4965031,-1.9052303,-3.771348,0.6,0.0,0.0
0.12471403804174834,0.311589185119578,0.480224214331352,26.64,-60.950268297802474,-0.8999999999999999,0.0,1.0,0.7048860133671084,8.55,8.522881865501404,1.4965031,-1.9052303,-3.771348,0.6,0.0,0.0
0.13747275618020113,0.29503091141959636,0.48107910584229485,23.759999999999998,-227916.89660377378,-0.8999999999999999,0.0,1.0,0.5065157017731323,8.555,8.522881865501404,1.4965031,-1.9052303,-3.771348,0.6,0.0,0.0
0.15583959943660652,0.28541757697089104,0.4813625157295233,20.88,-389664.3716129031,-0.8999999999999999,0.0,1.0,0.7506637775811029,8.56,0.0,0.58405447,-1.5816957,-0.55838263,0.4752163410186767,0.0,0.13248521089553833
0.17687227768523214,0.25475535959690904,0.4821020419457811,18.0,-389664.3716129031,-0.8999999999999999,0.0,1.0,0.5522934659871268,8.565,0.0,0.58405447,-1.5816957,-0.55838263,0.4752163410186767,0.0,0.13248521089553833
0.19593897147252742,0.2329128650261943,0.4825039435989322,15.299999999999999,-377487.36000000016,-0.8999999999999999,0.0,1.0,0.5217749565111305,8.57,0.0,0.58405447,-1.5816957,-0.55838263,0.4752163410186767,0.0,0.13248521089553833
0.21247145342808668,0.20475107325573058,0.48320188752517534,12.6,-365310.34838709666,-0.8999999999999999,0.0,1.0,0.384441663869147,8.575000000000001,0.0,0.58405447,-1.5816957,-0.55838263,0.4752163410186767,0.0,0.13248521089553833
0.2327880416448922,0.18788747053966248,0.48355226833395987,10.26,-316602.3019354839,-0.8999999999999999,0.0,1.0,0.567552720725125,8.58,0.0,0.38871315,-0.5349308,0.7868316,0.41661394536495205,0.13952075242996215,0.536049485206604
0.25026562582671014,0.16891902852315613,0.4842395008591209,8.1,-266461.665882353,-1.08,-22205.138823529433,1.0,0.5828119754631231,8.585,0.0,0.38871315,-0.5349308,0.7868316,0.41661394536495205,0.13952075242996215,0.536049485206604
0.2633654629385285,0.1600974998993043,0.4847467223776684,6.3,-76260.07272727272,-1.08,0.0,1.0,0.6743675038911121,8.59,0.0,0.38871315,-0.5349308,0.7868316,0.41661394536495205,0.13952075242996215,0.536049485206604
0.2806738585108129,0.1464142178249491,0.4848600702302775,5.04,-30.811521854466793,-0.8999999999999999,4.401645979209547,1.0,11.46266060365609,8.595,0.0,0.38871315,-0.5349308,0.7868316,0.41661394536495205,0.13952075242996215,0.536049485206604
0.29638615219988823,0.12955596538646633,0.4835460056425779,5.04,0.0,-0.36,49237.48173913043,1.0,0.5980712302011213,8.6,0.0,0.83210623,-1.1582441,-4.216885,0.5496318697929382,0.0,0.0
0.3068127357452004,0.13360429467356036,0.4813348948768297,5.9399999999999995,130168.05517241372,-1.08,-104134.44413793104,1.0,-0.25644703512683087,8.605,0.0,0.83210623,-1.1582441,-4.216885,0.5496318697929382,0.0,0.0
0.31975130646086364,0.12839544801928748,0.47982371239351673,7.199999999999999,182235.27724137928,-1.08,0.0,1.0,0.5522934659871268,8.61,0.0,0.83210623,-1.1582441,-4.216885,0.5496318697929382,0.0,0.0
0.3318819614188866,0.11901854163281617,0.47750687398953806,9.0,251658.2400000001,-0.8999999999999999,25165.824000000022,1.0,0.41496017334514335,8.615,0.0,0.83210623,-1.1582441,-4.216885,0.5496318697929382,0.0,0.0
0.33966781818421204,0.10293011644776677,0.4686536925352206,11.16,292248.27870967746,-0.8999999999999999,0.0,1.0,0.5065157017731323,8.620000000000001,0.0,0.82755756,-1.1715988,-2.421278,0.5482672691345215,0.0,0.0
0.3490692996406769,0.10112059312971917,0.4573083369568207,13.5,306708.48,-0.8999999999999999,0.0,1.0,0.6285897396771176,8.625,0.0,0.82755756,-1.1715988,-2.421278,0.5482672691345215,0.0,0.0
0.35690749877058103,0.08951315295421852,0.4504908983392926,16.38,389664.3716129031,-0.8999999999999999,0.0,1.0,0.24710837122716356,8.63,0.0,0.82755756,-1.1715988,-2.421278,0.5482672691345215,0.0,0.0
0.3618621579892333,0.06966992035732944,0.4475367006333081,19.439999999999998,69.14656351352805,-0.8999999999999999,0.0,1.0,0.5065157017731323,8.635,0.0,0.82755756,-1.1715988,-2.421278,0.5482672691345215,0.0,0.0
0.36634730231585744,0.07475567541438198,0.44501328308293636,22.68,66615.41647058827,-0.8999999999999999,0.0,1.0,0.8574785607470901,8.64,0.0,1.0169052,-1.7074198,0.33872595,0.6,0.0,0.4016177862882614
0.37028905392459865,0.08037027755164616,0.4416316846437049,26.099999999999998,298844.15999999986,-0.8999999999999999,0.0,1.0,0.3997009186071452,8.645,0.0,1.0169052,-1.7074198,0.33872595,0.6,0.0,0.4016177862882614
0.3728465941120516,0.09019492006863455,0.4305204012596887,29.7,431414.1257142859,-0.8999999999999999,0.0,1.0,0.7201452681051066,8.65,0.0,1.0169052,-1.7074198,0.33872595,0.6,0.0,0.4016177862882614
0.37736207343059186,0.09402405804248076,0.41638652662248987,33.48,480438.4581818179,-0.8999999999999999,0.0,1.0,0.659108249153114,8.655,0.0,1.0169052,-1.7074198,0.33872595,0.6,0.0,0.4016177862882614
0.3833979018298462,0.09118993773063876,0.40327774685844986,37.08,431414.1257142859,-0.72,21570.706285714277,1.0,0.6896267586291103,8.66,0.0,1.2568363,-1.5470226,-1.540018,0.6,0.0,0.0
0.3890287642474652,0.07758690281422222,0.3876206009375203,41.04,503316.4800000001,-0.72,0.0,1.0,0.5217749565111305,8.665000000000001,0.0,1.2568363,-1.5470226,-1.540018,0.6,0.0,0.0
0.39429992882720155,0.09085369825998248,0.367323376391363,44.82,495452.16000000015,-0.72,0.0,1.0,0.567552720725125,8.67,0.0,1.2568363,-1.5470226,-1.540018,0.6,0.0,0.0
0.40166874441285444,0.08233398194086104,0.3444777743758563,48.6,528482.3040000001,-0.72,0.0,1.0,0.5217749565111305,8.675,0.0,1.2568363,-1.5470226,-1.540018,0.6,0.0,0.0
0.40797471797846757,0.07877243869772697,0.32013005818471724,52.379999999999995,92.37155594914864,-0.54,4.398645521388036,1.0,0.5522934659871268,8.68,0.0,0.85395163,-1.0161947,3.1604004,0.5561854898929596,0.0,0.6
0.41366610476321986,0.07430872062384054,0.2953517285698995,56.16,116576.97882352944,-0.54,0.0,1.0,0.7354045228431048,8.685,0.0,0.85395163,-1.0161947,3.1604004,0.5561854898929596,0.0,0.6
0.4199705890216661,0.06139421876912354,0.27210782503047465,59.76,408094.4432432434,-0.54,0.0,1.0,0.5828119754631231,8.69,0.0,0.85395163,-1.0161947,3.1604004,0.5561854898929596,0.0,0.6
0.4260454014789685,0.04320534665426142,0.2575904428271359,63.36,471859.2000000002,-0.54,0.0,1.0,0.5522934659871268,8.695,0.0,0.85395163,-1.0161947,3.1604004,0.5561854898929596,0.0,0.6
0.4317097598343647,0.03233104390255072,0.2524736556452694,66.78,478150.65600000025,-0.36,25165.824000000008,1.0,0.41496017334514335,8.700000000000001,0.0,0.42152688,-1.6203648,1.0505885,0.4264580637216568,0.0,0.6
0.4371434964843865,0.028491935038972148,0.24925375464846822,70.2,144894.13818181824,-0.18,7626.007272727273,1.0,0.5370342112491286,8.705,0.0,0.42152688,-1.6203648,1.0505885,0.4264580637216568,0.0,0.6
0.442919862796547,0.012992599507563615,0.24612355335446173,73.25999999999999,388926.3709090894,0.0,22878.021818181816,1.0,0.49125644703513416,8.71,0.0,0.42152688,-1.6203648,1.0505885,0.4264580637216568,0.0,0.6
0.4476406655669061,0.004680355517041833,0.243259584471065,76.5,438372.4180645174,0.18,24354.02322580645,1.0,0.44547868282113967,8.715,0.0,0.42152688,-1.6203648,1.0505885,0.4264580637216568,0.0,0.6
0.4528812012457535,0.008363195224964102,0.24019321135924981,79.2,61.27975238363228,0.72,12.255950476726444,1.0,0.5522934659871268,8.72,0.0,0.54073834,-1.5955228,3.6891177,0.46222150325775146,0.0,0.6
0.45753201011984523,-0.007658980586466159,0.23939131514230097,81.89999999999999,171585.1636363629,1.44,45756.04363636363,1.0,0.29288613544115805,8.725,0.0,0.54073834,-1.5955228,3.6891177,0.46222150325775146,0.0,0.6
0.46132964568853596,-0.006907214140676479,0.24074948165799093,84.06,266461.66588235425,2.52,133230.8329411765,1.0,0.659108249153114,8.73,0.0,0.54073834,-1.5955228,3.6891177,0.46222150325775146,0.0,0.6
0.4646487152631651,-0.00640491708569805,0.2412553252323266,85.86,243540.23225806412,3.78,170478.16258064512,1.0,0.384441663869147,8.735,0.0,0.54073834,-1.5955228,3.6891177,0.46222150325775146,0.0,0.6
0.4681106641001184,-0.009117234732098235,0.24191840951879126,87.11999999999999,176160.76799999873,5.58,251658.24000000005,1.0,0.659108249153114,8.74,0.0,0.21826807,-1.3683289,3.5944502,0.3654804199934006,0.0,0.6
0.4706969006860391,-0.012358717345080698,0.24599947257702628,88.02,36296.861538461766,7.739999999999999,87112.46769230766,1.0,0.5522934659871268,8.745000000000001,0.0,0.21826807,-1.3683289,3.5944502,0.3654804199934006,0.0,0.6
0.47177135579512347,-0.004319045710623559,0.25362796462267906,88.2,22878.021818182686,10.26,320292.30545454554,1.0,0.6133304849391195,8.75,0.0,0.21826807,-1.3683289,3.5944502,0.3654804199934006,0.0,0.6
0.47163172558480837,-0.011391873504919344,0.2628898052885558,88.2,0.0,12.6,316602.3019354839,1.0,0.5217749565111305,8.755,0.0,0.21826807,-1.3683289,3.5944502,0.3654804199934006,0.0,0.6
0.4719824382802415,0.011042325059528344,0.2747352235162697,88.02,-14803.425882353502,14.58,162837.6847058824,1.0,0.41496017334514335,8.76,0.0,0.25899878,-1.4165035,3.8428905,0.37769963443279264,0.0,0.6
0.47165145496438277,0.006638458866452346,0.2912929223068569,87.84,-4.407607727291122,15.479999999999999,22.03803863645648,1.0,0.3997009186071452,8.765,0.0,0.25899878,-1.4165035,3.8428905,0.37769963443279264,0.0,0.6
0.47073074024850436,0.011033082023269665,0.3063193484733343,87.66,-13981.013333333864,15.299999999999999,-13981.01333333331,1.0,0.5217749565111305,8.77,0.0,0.25899878,-1.4165035,3.8428905,0.37769963443279264,0.0,0.6
0.47069212280701994,-0.0012840642415642967,0.3200916383198336,87.66,0.0,14.219999999999999,-133230.8329411765,1.0,0.5522934659871268,8.775,0.0,0.25899878,-1.4165035,3.8428905,0.37769963443279264,0.0,0.6
0.46939985946643054,-0.01781850702502947,0.3351774207280684,87.47999999999999,-25165.824000000954,12.24,-276824.06399999984,1.0,0.7506637775811029,8.78,0.0,-0.006331235,-0.9595851,3.2741766,0.29810062944889065,0.012124478816986084,0.6
0.4691410299074121,-0.009668546251907146,0.3473682996836773,87.47999999999999,0.0,9.719999999999999,-364470.5544827588,1.0,0.5522934659871268,8.785,0.0,-0.006331235,-0.9595851,3.2741766,0.29810062944889065,0.012124478816986084,0.6
0.46853086767290747,-0.01572501417604141,0.3574766600100953,87.47999999999999,0.0,6.66,-388926.37090909074,1.0,0.567552720725125,8.790000000000001,0.0,-0.006331235,-0.9595851,3.2741766,0.29810062944889065,0.012124478816986084,0.6
0.4680415010429281,-0.020455072297222918,0.3678087693693978,87.11999999999999,-48708.04645161283,3.2399999999999998,-462726.44129032263,1.0,0.3539231543931507,8.795,0.0,-0.006331235,-0.9595851,3.2741766,0.29810062944889065,0.012124478816986084,0.6
0.46730172391220226,-0.0237103782617167,0.3776025727308106,86.94,-6863.406545454263,-0.36,-137268.1309090909,1.0,0.659108249153114,8.8,0.0,-1.1889986,1.4302236,2.3326795,0.0,0.6,0.6
0.46674391830567985,-0.014396814824628188,0.3863233121924773,84.96,-44.97766974832251,-0.54,-4.088879068029312,1.0,0.475997192297136,8.805,0.0,-1.1889986,1.4302236,2.3326795,0.0,0.6,0.6
0.4670598436374388,-0.008395118558700369,0.39695608223474943,83.16,-114390.10909090891,0.72,80073.07636363637,1.0,0.49125644703513416,8.81,0.0,-1.1889986,1.4302236,2.3326795,0.0,0.6,0.6
0.46536976927595947,-0.020347368220650065,0.4078007525974177,81.17999999999999,-237277.7691428576,0.8999999999999999,21570.706285714277,1.0,0.8879970702230864,8.815,0.0,-1.1889986,1.4302236,2.3326795,0.0,0.6,0.6
0.465445563555504,-0.01423513269239971,0.41585117406749883,79.56,-55242.0526829265,0.18,-24552.023414634146,1.0,0.36918240913114886,8.82,0.0,-1.4228121,1.3624698,1.657523,0.0,0.6,0.6
0.4651626878611526,-0.026279562645354665,0.4230022916791672,77.94,-219186.2090322587,-0.8999999999999999,-146124.1393548387,1.0,0.475997192297136,8.825000000000001,0.0,-1.4228121,1.3624698,1.657523,0.0,0.6,0.6
0.4646054276709803,-0.00682373701951681,0.43016037947755537,75.78,-283115.51999999955,-0.54,47185.919999999984,1.0,0.5522934659871268,8.83,0.0,-1.4228121,1.3624698,1.657523,0.0,0.6,0.6
0.46443966114919943,-0.014425653215230868,0.43553584034201637,73.61999999999999,-258848.4754285727,-0.8999999999999999,-43141.412571428555,1.0,0.5828119754631231,8.835,0.0,-1.4228121,1.3624698,1.657523,0.0,0.6,0.6
0.46449667055578486,-0.010862472362093267,0.4412174190923394,71.64,-251658.2399999987,-0.72,22878.02181818181,1.0,0.2776268807031599,8.84,0.0,-1.416912,1.5697178,0.933375,0.0,0.6,0.5800125002861023
0.46000641744736587,-0.00926876190447601,0.44683118489636553,69.48,-283115.51999999955,-0.8999999999999999,-23592.959999999992,1.0,0.4302194280831415,8.845,0.0,-1.416912,1.5697178,0.933375,0.0,0.6,0.5800125002861023
0.444416780841431,-0.0012853870585219323,0.4510295454264329,67.32,-51.534990016894746,-0.72,4.294582501407873,1.0,0.5828119754631231,8.85,0.0,-1.416912,1.5697178,0.933375,0.0,0.6,0.5800125002861023
0.4277222155187453,-0.013618391653998987,0.45511160631272995,65.16,-167772.15999999974,-0.8999999999999999,-13981.013333333329,1.0,0.46073793755913783,8.855,0.0,-1.416912,1.5697178,0.933375,0.0,0.6,0.5800125002861023
0.4111132223231361,-0.003763640622698337,0.45982299903778273,63.0,-292248.27870967693,-0.8999999999999999,0.0,1.0,0.5980712302011213,8.86,0.0,-1.484436,2.2273984,2.4248142,0.0,0.6,0.6
0.39130074237699736,0.012054825247305126,0.46348347868253265,60.839999999999996,-301989.8880000005,-0.72,25165.82399999999,1.0,0.41496017334514335,8.865,0.0,-1.484436,2.2273984,2.4248142,0.0,0.6,0.6
0.3670674880741005,0.01690695374807383,0.4664756439581274,58.5,-338436.9434482753,-0.72,0.0,1.0,0.44547868282113967,8.870000000000001,0.0,-1.484436,2.2273984,2.4248142,0.0,0.6,0.6
0.3413053508378623,0.03604647215852682,0.47005447377631,55.98,-330301.4400000004,-0.72,0.0,1.0,0.46073793755913783,8.875,0.0,-1.484436,2.2273984,2.4248142,0.0,0.6,0.6
0.3135662765106553,0.05827632962822237,0.4723423753513113,53.64,-89224.28509090895,-0.72,0.0,1.0,0.567552720725125,8.88,0.0,-0.9760442,1.3068216,1.0804633,0.0071867465972900385,0.6,0.6
0.2869906116507439,0.08041711319831027,0.47427565151313583,51.12,-293601.2800000004,-0.8999999999999999,-20971.519999999993,1.0,0.3997009186071452,8.885,0.0,-0.9760442,1.3068216,1.0804633,0.0071867465972900385,0.6,0.6
0.2595834601711667,0.09378411509806611,0.4763185593090937,48.42,-353894.39999999944,-0.8999999999999999,0.0,1.0,0.3997009186071452,8.89,0.0,-0.9760442,1.3068216,1.0804633,0.0071867465972900385,0.6,0.6
0.23410304320414446,0.11531800845257516,0.4775942017796546,45.72,-62.6968625605537,-0.8999999999999999,0.0,1.0,0.29288613544115805,8.895,0.0,-0.9760442,1.3068216,1.0804633,0.0071867465972900385,0.6,0.6
0.20922473241369635,0.1383610260868958,0.4786250682865073,43.019999999999996,-205902.19636363658,-0.8999999999999999,0.0,1.0,0.8117007965330956,8.9,0.0,0.74355876,-1.1689934,-1.4588896,0.5230676293373108,0.0,0.0
0.18671660284326264,0.14370298612229299,0.47981033117560634,40.32,-343170.32727272675,-0.8999999999999999,0.0,1.0,0.475997192297136,8.905,0.0,0.74355876,-1.1689934,-1.4588896,0.5230676293373108,0.0,0.0
0.16559576703692402,0.16908938775336416,0.48043999244276064,37.44,-402653.18400000036,-0.8999999999999999,0.0,1.0,0.7811822870570992,8.91,0.0,0.74355876,-1.1689934,-1.4588896,0.5230676293373108,0.0,0.0
0.1467990201757442,0.18693572616925924,0.48065145916450397,34.379999999999995,-442571.38758620725,-0.8999999999999999,0.0,1.0,0.46073793755913783,8.915000000000001,0.0,0.74355876,-1.1689934,-1.4588896,0.5230676293373108,0.0,0.0
0.1293930341236698,0.19334626148195716,0.48065880289495966,31.5,-389664.3716129026,-0.8999999999999999,0.0,1.0,0.659108249153114,8.92,0.0,2.374948,-1.307586,-2.3293967,0.6,0.0,0.0
0.11392193774364281,0.2154975231999656,0.48057270913596534,28.439999999999998,-401080.3200000003,-0.8999999999999999,0.0,1.0,0.3997009186071452,8.925,0.0,2.374948,-1.307586,-2.3293967,0.6,0.0,0.0
0.1039103670721393,0.22683258556739863,0.480504225067075,25.38,-414018.3948387095,-0.8999999999999999,0.0,1.0,0.5828119754631231,8.93,0.0,2.374948,-1.307586,-2.3293967,0.6,0.0,0.0
0.08283016643031385,0.24395240587760952,0.4798408268345572,22.14,-73.04479026466853,-0.8999999999999999,0.0,1.0,0.567552720725125,8.935,0.0,2.374948,-1.307586,-2.3293967,0.6,0.0,0.0
0.06780109994781679,0.2617468930954291,0.47963228187647916,18.9,-176487.596883117,-0.8999999999999999,0.0,1.0,0.5828119754631231,8.94,0.0,2.46926,-1.8474087,-6.340949,0.6,0.0,0.0
0.06921923457163434,0.2715748598984571,0.4792046740692101,15.479999999999999,-281265.0917647059,-0.8999999999999999,0.0,1.0,0.1097750785851801,8.945,0.0,2.46926,-1.8474087,-6.340949,0.6,0.0,0.0
0.053801807724117884,0.2796415545675687,0.47738754993942956,12.059999999999999,-448266.24,-0.8999999999999999,0.0,1.0,0.659108249153114,8.950000000000001,0.0,2.46926,-1.8474087,-6.340949,0.6,0.0,0.0
0.04168762328132735,0.28556774735817225,0.47546009984668913,8.64,-478150.6559999997,-0.8999999999999999,0.0,1.0,0.5217749565111305,8.955,0.0,2.46926,-1.8474087,-6.340949,0.6,0.0,0.0
0.049042654640567285,0.28280266434337453,0.4746496782776584,5.22,-131601.0979816514,-0.8999999999999999,0.0,1.0,0.8269600512710937,8.96,20.0,0.8369092,-0.038446173,-0.43034887,0.5510727524757385,0.2884661480784416,0.17089533805847168
0.06999935438532859,0.28411542806788725,0.4723246367332122,2.16,-377487.3599999999,3.42,532923.331764706,1.0,4.9469588305307095,8.965,20.0,0.8369092,-0.038446173,-0.43034887,0.5510727524757385,0.2884661480784416,0.17089533805847168
0.06565755787435884,0.2775235016357526,0.4684792620916205,0.18,-259522.56000000003,7.56,542638.08,1.0,-1.584002197332671,8.97,20.0,0.8369092,-0.038446173,-0.43034887,0.5510727524757385,0.2884661480784416,0.17089533805847168
0.07642296216987286,0.280975558450316,0.4541969670599928,-0.36,-73062.06967741936,8.28,97416.09290322577,1.0,1.330515457625033,8.975,20.0,0.8369092,-0.038446173,-0.43034887,0.5510727524757385,0.2884661480784416,0.17089533805847168
0.10056576511205259,0.2728604134131328,0.42834836370085616,0.18,13.24230523220122,6.12,-52.96922092880486,1.0,15.140140995513761,8.98,8.522881865501404,0.12547755,-1.3595177,-3.555094,0.33764326572418213,0.0,0.0
0.12103602619495737,0.2603327291492442,0.39751465079824433,1.26,80890.14857142858,5.9399999999999995,-13481.691428571474,1.0,2.4139225440229595,8.985,8.522881865501404,0.12547755,-1.3595177,-3.555094,0.33764326572418213,0.0,0.0
0.13118732867992983,0.23501907748046189,0.36584166454519207,3.06,64527.75384615385,4.32,-58074.978461538434,1.0,-0.6226691488387868,8.99,8.522881865501404,0.12547755,-1.3595177,-3.555094,0.33764326572418213,0.0,0.0
0.1523091836686924,0.2115611880800237,0.3360209693942905,5.22,266461.6658823529,2.16,-266461.665882353,1.0,-0.19541001617478315,8.995000000000001,8.522881865501404,0.12547755,-1.3595177,-3.555094,0.33764326572418213,0.0,0.0
0.1690964299573025,0.1955307844283307,0.3073136577808536,7.56,327155.712,-0.54,-377487.36000000004,1.0,1.2847376934110386,9.0,0.0,-0.0026840642,-1.3084527,0.36260387,0.2991947807371616,0.0,0.408781161904335
0.18344585241479083,0.1789198079598005,0.2812629159460461,8.82,165150.7200000001,-0.54,0.0,1.0,0.7048860133671084,9.005,0.0,-0.0026840642,-1.3084527,0.36260387,0.2991947807371616,0.0,0.408781161904335
0.2027138822017607,0.15638574155392057,0.25675358600049286,10.44,117151.24965517236,0.54,78100.83310344828,1.0,0.46073793755913783,9.01,0.0,-0.0026840642,-1.3084527,0.36260387,0.2991947807371616,0.0,0.408781161904335
0.22023143578030557,0.13792674643831382,0.2341815501385791,12.24,243540.2322580646,1.26,97416.0929032258,1.0,0.00296029541919296,9.015,0.0,-0.0026840642,-1.3084527,0.36260387,0.2991947807371616,0.0,0.408781161904335
0.23286308542617198,0.1453623004612678,0.21290807459208183,13.86,36.690223064586654,1.7999999999999998,12.23007435486222,1.0,0.5370342112491286,9.02,0.0,0.0077798963,-1.0284692,2.9789193,0.30233396887779235,0.0,0.6
0.24955668439304515,0.13713610124274697,0.19545000877849478,16.2,146487.63223880596,1.7999999999999998,0.0,1.0,0.36918240913114886,9.025,0.0,0.0077798963,-1.0284692,2.9789193,0.30233396887779235,0.0,0.6
0.2654640426321927,0.14803395207943537,0.17990735733588553,18.54,272629.76,1.44,-41943.039999999986,1.0,0.5217749565111305,9.03,0.0,0.0077798963,-1.0284692,2.9789193,0.30233396887779235,0.0,0.6
0.2766123003676797,0.14789961119611386,0.16790508369279647,21.06,340956.32516129024,0.8999999999999999,-73062.06967741936,1.0,0.3539231543931507,9.035,0.0,0.0077798963,-1.0284692,2.9789193,0.30233396887779235,0.0,0.6
0.28631154569529677,0.13787565321670087,0.15983023257006754,23.759999999999998,404450.74285714276,0.0,-134816.91428571427,1.0,0.6896267586291103,9.040000000000001,0.0,0.23606992,-0.7061526,1.7934645,0.3708209753036499,0.08815421462059021,0.6
0.29343053448608086,0.13599377857694184,0.15595729562092392,26.279999999999998,340956.32516129024,-0.8999999999999999,-121770.11612903225,1.0,0.29288613544115805,9.045,0.0,0.23606992,-0.7061526,1.7934645,0.3708209753036499,0.08815421462059021,0.6
0.2971639191609457,0.1416338260946066,0.15478328738169903,28.439999999999998,283115.52,-0.54,47185.919999999984,1.0,0.8422193060090919,9.05,0.0,0.23606992,-0.7061526,1.7934645,0.3708209753036499,0.08815421462059021,0.6
0.29968792239035424,0.13293735078349528,0.15411218233144205,30.779999999999998,72701.26933333333,-0.18,11184.810666666668,1.0,0.5370342112491286,9.055,0.0,0.23606992,-0.7061526,1.7934645,0.3708209753036499,0.08815421462059021,0.6
0.3016125887656528,0.12298550749678876,0.15473836618514109,32.94,274536.26181818184,0.36,68634.06545454546,1.0,0.7201452681051066,9.06,0.0,-0.64561,1.0908555,4.170015,0.10631700754165649,0.6,0.6
0.30236989940002823,0.11834342952201077,0.1582975178327943,35.1,52.48499052805385,0.72,8.747498421342293,1.0,0.15555284279917458,9.065,0.0,-0.64561,1.0908555,4.170015,0.10631700754165649,0.6,0.6
0.3027551555970919,0.09889607031535329,0.16415696487209014,37.26,137268.1309090907,1.26,34317.03272727273,1.0,0.659108249153114,9.07,0.0,-0.64561,1.0908555,4.170015,0.10631700754165649,0.6,0.6
0.30278777569033893,0.10195224043233517,0.17183438999358902,39.24,237277.7691428576,1.98,86282.82514285714,1.0,0.4302194280831415,9.075000000000001,0.0,-0.64561,1.0908555,4.170015,0.10631700754165649,0.6,0.6
0.302417733503809,0.09091984335049998,0.18606497240628228,41.04,222051.38823529377,2.52,66615.41647058824,1.0,0.6285897396771176,9.08,0.0,-1.0196381,1.5409886,1.9309717,0.0,0.6,0.6
0.3035297030766476,0.07592645268768287,0.2038749029834753,42.839999999999996,251658.2399999996,3.2399999999999998,100663.29599999996,1.0,0.41496017334514335,9.085,0.0,-1.0196381,1.5409886,1.9309717,0.0,0.6,0.6
0.30553509916784977,0.05890482403317558,0.21936928591139543,44.64,228780.21818181872,3.96,91512.0872727273,1.0,0.475997192297136,9.09,0.0,-1.0196381,1.5409886,1.9309717,0.0,0.6,0.6
0.30813486885667607,0.07914886398226707,0.23600362832796548,46.26,212336.63999999966,4.5,70778.88,1.0,0.567552720725125,9.095,0.0,-1.0196381,1.5409886,1.9309717,0.0,0.6,0.6
0.3106951426675982,0.062081877212069786,0.25374270352473705,47.879999999999995,226492.41599999965,4.859999999999999,50331.64799999992,1.0,0.5522934659871268,9.1,0.0,-0.894287,1.9395481,3.686139,0.031713902950286865,0.6,0.6
0.31553769546702826,0.06024827684027385,0.2683487635543266,49.5,36.57350729879871,4.859999999999999,0.0,1.0,0.44547868282113967,9.105,0.0,-0.894287,1.9395481,3.686139,0.031713902950286865,0.6,0.6
0.3190963374994414,0.06551608594175973,0.28248443606388324,51.12,71523.92084210514,4.68,-7947.1023157894615,1.0,0.4302194280831415,9.11,0.0,-0.894287,1.9395481,3.686139,0.031713902950286865,0.6,0.6
0.32067307372193327,0.06037436047211501,0.2978595786712605,52.919999999999995,222051.38823529377,4.14,-66615.41647058824,1.0,0.41496017334514335,9.115,0.0,-0.894287,1.9395481,3.686139,0.031713902950286865,0.6,0.6
0.320669993370731,0.07852920401703167,0.3102578823422505,54.54,219186.2090322587,3.2399999999999998,-121770.11612903225,1.0,0.6743675038911121,9.120000000000001,0.0,-1.3443803,2.594481,4.5239177,0.0,0.6,0.6
0.3210495215411578,0.0748827372534903,0.3217739882635906,56.16,234302.49931034446,1.98,-182235.27724137928,1.0,0.4302194280831415,9.125,0.0,-1.3443803,2.594481,4.5239177,0.0,0.6,0.6
0.32035477632128434,0.08181542104661686,0.3340564702987608,57.96,222051.38823529464,0.36,-199846.24941176473,1.0,0.6133304849391195,9.13,0.0,-1.3443803,2.594481,4.5239177,0.0,0.6,0.6
0.3190564559832399,0.11206950602246334,0.3444468724674952,59.4,194832.1858064513,-1.08,-194832.1858064516,1.0,0.44547868282113967,9.135,0.0,-1.3443803,2.594481,4.5239177,0.0,0.6,0.6
0.3179259477738986,0.14319580488605407,0.3535066838072572,60.3,117964.79999999981,-0.72,47185.92000000001,1.0,0.6133304849391195,9.14,0.0,-1.1466595,1.7206823,5.922576,0.0,0.6,0.6
0.3164964963404454,0.14995588561155282,0.3632181934758564,61.019999999999996,97416.09290322565,-0.36,48708.0464516129,1.0,0.7354045228431048,9.145,0.0,-1.1466595,1.7206823,5.922576,0.0,0.6,0.6
0.30900290328188085,0.16645484423257526,0.3720103579511446,61.739999999999995,17.532781477331415,-0.36,0.0,1.0,0.5980712302011213,9.15,0.0,-1.1466595,1.7206823,5.922576,0.0,0.6,0.6
0.29708365057431746,0.17778917960000193,0.3791146038076951,62.64,66225.85263157937,-0.72,-26490.34105263158,1.0,0.33866389965515253,9.155,0.0,-1.1466595,1.7206823,5.922576,0.0,0.6,0.6
0.28572926173671404,0.18112694658149736,0.38653100249274064,63.0,44410.277647058756,-0.72,0.0,1.0,0.7354045228431048,9.16,0.0,0.5048342,-1.4132463,1.8645182,0.45145025253295895,0.0,0.6
0.2731493286646733,0.20270152377568673,0.3930926682389823,63.36,52067.222068965435,-0.72,0.0,1.0,0.5065157017731323,9.165000000000001,0.0,0.5048342,-1.4132463,1.8645182,0.45145025253295895,0.0,0.6
0.2588550138119239,0.2277899384486117,0.39820306216820783,63.54,6398.090847457617,-0.72,0.0,1.0,0.6743675038911121,9.17,0.0,0.5048342,-1.4132463,1.8645182,0.45145025253295895,0.0,0.6
0.2465311558814003,0.24028173490961577,0.40312922555102376,63.54,0.0,-0.72,0.0,1.0,0.384441663869147,9.175,0.0,0.5048342,-1.4132463,1.8645182,0.45145025253295895,0.0,0.6
0.23430653513719243,0.2537503106411942,0.4077051630803983,63.36,-24354.023225806413,-0.72,0.0,1.0,0.9185155796990827,9.18,0.0,2.027518,-1.3238704,1.0331513,0.6,0.0,0.6
0.2202513889929465,0.2689945393942169,0.41120654846935123,62.82,-68634.06545454534,-0.72,0.0,1.0,0.5065157017731323,9.185,0.0,2.027518,-1.3238704,1.0331513,0.6,0.0,0.6
0.20406058341034405,0.279905347324147,0.41459889154995255,62.28,-12.555638363332962,-0.72,0.0,1.0,0.6743675038911121,9.19,0.0,2.027518,-1.3238704,1.0331513,0.6,0.0,0.6
0.186332127449413,0.2935511694533287,0.4180018202971624,61.379999999999995,-71224.0301886797,-0.72,0.0,1.0,0.5065157017731323,9.195,0.0,2.027518,-1.3238704,1.0331513,0.6,0.0,0.6
0.16811661102149927,0.2966307445040622,0.4204251611260073,60.3,-150994.94399999976,-0.72,0.0,1.0,0.7354045228431048,9.200000000000001,8.522881865501404,1.7491674,0.43027058,4.208866,0.6,0.42908117473125457,0.6
0.1511167908352367,0.30780123530850084,0.4225800133560635,59.04,-176160.76799999972,-0.72,0.0,1.0,0.36918240913114886,9.205,8.522881865501404,1.7491674,0.43027058,4.208866,0.6,0.42908117473125457,0.6
0.13835421171696322,0.31235699720592536,0.42521886092600303,57.599999999999994,-215707.06285714358,-0.72,0.0,1.0,0.6285897396771176,9.21,8.522881865501404,1.7491674,0.43027058,4.208866,0.6,0.42908117473125457,0.6
0.13399931403081314,0.31393373752677745,0.4271552410858976,56.16,-188743.6799999997,-0.72,0.0,1.0,0.5217749565111305,9.215,8.522881865501404,1.7491674,0.43027058,4.208866,0.6,0.42908117473125457,0.6
0.13150689142082916,0.31253201461743657,0.4294034440865758,54.36,-228780.21818181782,-0.72,0.0,1.0,0.4302194280831415,9.22,20.0,0.42273015,-0.8622053,2.6286755,0.42681904435157775,0.04133840203285217,0.6
0.13021153167492908,0.3132794234122223,0.432134431779129,52.739999999999995,-51868.4922137406,-0.72,0.0,1.0,0.475997192297136,9.225,20.0,0.42273015,-0.8622053,2.6286755,0.42681904435157775,0.04133840203285217,0.6
0.13702520917899505,0.31338828913737277,0.43501508990376764,50.76,-150994.94399999976,-0.8999999999999999,-13726.813090909087,1.0,0.6285897396771176,9.23,20.0,0.42273015,-0.8622053,2.6286755,0.42681904435157775,0.04133840203285217,0.6
0.15219446251330573,0.29999198715144243,0.437426353857485,48.78,-47.23395908338587,-0.8999999999999999,0.0,1.0,0.15555284279917458,9.235,20.0,0.42273015,-0.8622053,2.6286755,0.42681904435157775,0.04133840203285217,0.6
0.16710354940304004,0.28009181857392934,0.44106030867688534,46.8,-127764.95261538487,-0.8999999999999999,0.0,1.0,0.5828119754631231,9.24,8.522881865501404,0.40623084,-2.0155482,-1.5147082,0.4218692511320114,0.0,0.0
0.18159988557458315,0.2603487914504977,0.44415735713190135,44.82,-230686.71999999962,-0.8999999999999999,0.0,1.0,0.3539231543931507,9.245000000000001,8.522881865501404,0.40623084,-2.0155482,-1.5147082,0.4218692511320114,0.0,0.0
0.1998848591649526,0.23974986173945514,0.4461527513654761,42.66,-274536.2618181823,-0.8999999999999999,0.0,1.0,0.6438489944151158,9.25,8.522881865501404,0.40623084,-2.0155482,-1.5147082,0.4218692511320114,0.0,0.0
0.21601005313792981,0.2245815137210145,0.4473933785694621,40.5,-292248.27870967693,-0.8999999999999999,0.0,1.0,0.3539231543931507,9.255,8.522881865501404,0.40623084,-2.0155482,-1.5147082,0.4218692511320114,0.0,0.0
0.2303622435920925,0.22124073157635343,0.44855728148823276,38.16,-288666.8047058828,-0.8999999999999999,0.0,1.0,0.7659230323191011,9.26,0.0,0.4049004,-2.0322077,0.66838104,0.42147012054920197,0.0,0.5005143105983734
0.2464590937416599,0.22465795515296075,0.4491509130541869,36.0,-283115.51999999955,-0.8999999999999999,0.0,1.0,0.41496017334514335,9.265,0.0,0.4049004,-2.0322077,0.66838104,0.42147012054920197,0.0,0.5005143105983734
0.2625010944347826,0.22189961577713407,0.44976426585747253,33.66,-316602.30193548434,-0.8999999999999999,0.0,1.0,0.6743675038911121,9.27,0.0,0.4049004,-2.0322077,0.66838104,0.42147012054920197,0.0,0.5005143105983734
0.275690052145156,0.21557785024591508,0.4504115904327599,31.32,-53.162625991246614,-0.8999999999999999,0.0,1.0,0.5980712302011213,9.275,0.0,0.4049004,-2.0322077,0.66838104,0.42147012054920197,0.0,0.5005143105983734
0.2911386431137341,0.22192896499618442,0.4508031738888229,29.16,-59213.70352941177,-0.8999999999999999,0.0,1.0,0.567552720725125,9.28,0.0,0.20054623,-1.8721157,-2.166577,0.3601638704538345,0.0,0.0
0.3040822247143718,0.2213372191501125,0.4509460550225625,27.0,-251658.24000000002,-0.8999999999999999,0.0,1.0,0.20133060701316907,9.285,0.0,0.20054623,-1.8721157,-2.166577,0.3601638704538345,0.0,0.0
0.31327134332601,0.22067009459515577,0.4511526561114523,25.02,-259522.56000000006,-0.8999999999999999,0.0,1.0,0.659108249153114,9.290000000000001,0.0,0.20054623,-1.8721157,-2.166577,0.3601638704538345,0.0,0.0
0.32309354478355357,0.22463728287266427,0.45124450885662126,23.22,-243540.2322580646,-1.08,-24354.02322580647,1.0,0.4302194280831415,9.295,0.0,0.20054623,-1.8721157,-2.166577,0.3601638704538345,0.0,0.0
0.3316204753216203,0.21508025088594426,0.44995681912987257,21.779999999999998,-194832.18580645177,-1.08,0.0,1.0,0.46073793755913783,9.3,0.0,-0.04426568,-0.29240698,1.3146349,0.28672029599547383,0.2122779071331024,0.6
0.3371276448025686,0.20989869387202453,0.44758631373723956,20.52,-155435.97176470564,-1.08,0.0,1.0,0.4302194280831415,9.305,0.0,-0.04426568,-0.29240698,1.3146349,0.28672029599547383,0.2122779071331024,0.6
0.34327006526774667,0.1996882542340697,0.4465195696944575,19.8,-100663.29599999984,-1.08,0.0,1.0,0.44547868282113967,9.31,0.0,-0.04426568,-0.29240698,1.3146349,0.28672029599547383,0.2122779071331024,0.6
0.3485622891385448,0.18091891564045406,0.44647710048243294,19.08,-100663.29600000034,-1.08,0.0,1.0,0.32340464491715437,9.315,0.0,-0.04426568,-0.29240698,1.3146349,0.28672029599547383,0.2122779071331024,0.6
0.35152235178681024,0.1548413983593205,0.44579650509091134,19.08,0.0,-1.08,0.0,1.0,0.8422193060090919,9.32,0.0,-0.42659742,0.84460723,-0.89919317,0.17202077507972716,0.5533821702003479,0.030242049694061277
0.3549614941010941,0.1374728093414879,0.44537866600438036,19.08,0.0,-1.08,0.0,1.0,0.5065157017731323,9.325000000000001,0.0,-0.42659742,0.84460723,-0.89919317,0.17202077507972716,0.5533821702003479,0.030242049694061277
0.35860906605609466,0.10595676086718363,0.4442526605589971,19.62,64712.11885714318,-1.08,0.0,1.0,0.5370342112491286,9.33,0.0,-0.42659742,0.84460723,-0.89919317,0.17202077507972716,0.5533821702003479,0.030242049694061277
0.36032654199354486,0.08900404109034962,0.4387245282000675,20.34,94371.83999999985,-1.08,0.0,1.0,0.5980712302011213,9.335,0.0,-0.42659742,0.84460723,-0.89919317,0.17202077507972716,0.5533821702003479,0.030242049694061277
0.3614147772786401,0.08803559253985643,0.4295213727868057,21.419999999999998,39389.98539130428,-0.8999999999999999,6564.997565217397,1.0,0.6743675038911121,9.34,0.0,-0.65964955,1.4970604,0.7065072,0.10210513472557067,0.6,0.5119521617889404
0.3609725171943144,0.07103201317948911,0.422911124902644,22.68,150994.9440000002,-0.8999999999999999,0.0,1.0,0.36918240913114886,9.345,0.0,-0.65964955,1.4970604,0.7065072,0.10210513472557067,0.6,0.5119521617889404
0.3604235660483212,0.08155000263011679,0.4196164527158623,24.119999999999997,177641.11058823502,-0.8999999999999999,0.0,1.0,0.9032563249610845,9.35,0.0,-0.65964955,1.4970604,0.7065072,0.10210513472557067,0.6,0.5119521617889404
0.3585475779088906,0.07984402089985479,0.41687464243150113,25.74,226492.41600000014,-0.8999999999999999,0.0,1.0,0.5217749565111305,9.355,0.0,-0.65964955,1.4970604,0.7065072,0.10210513472557067,0.6,0.5119521617889404
0.3556923884642715,0.07942968989816448,0.4154612554379851,27.36,212336.64000000013,-0.8999999999999999,0.0,1.0,0.6133304849391195,9.36,0.0,-0.5491595,1.8527058,1.8225783,0.13525214195251464,0.6,0.6
0.35298597795888126,0.08660152226157171,0.41584304536214517,29.16,43.037875738936634,-0.8999999999999999,0.0,1.0,0.3997009186071452,9.365,0.0,-0.5491595,1.8527058,1.8225783,0.13525214195251464,0.6,0.6
0.3491361163311838,0.09961178759076743,0.41526999381994234,31.14,156692.86641509438,-0.8999999999999999,0.0,1.0,0.6133304849391195,9.370000000000001,0.0,-0.5491595,1.8527058,1.8225783,0.13525214195251464,0.6,0.6
0.3457640162568063,0.12450468091005251,0.4141610347468101,32.94,235929.59999999963,-0.8999999999999999,0.0,1.0,0.4302194280831415,9.375,0.0,-0.5491595,1.8527058,1.8225783,0.13525214195251464,0.6,0.6
0.34337720428999696,0.13096865100024152,0.41193811794611257,34.92,83047.21920000017,-0.8999999999999999,0.0,1.0,0.6438489944151158,9.38,0.0,-0.7604393,2.8470042,3.5551734,0.07186821699142455,0.6,0.6
0.3403097168422636,0.14078631908375772,0.40552859169985106,36.72,251658.2399999996,-0.8999999999999999,0.0,1.0,0.24710837122716356,9.385,0.0,-0.7604393,2.8470042,3.5551734,0.07186821699142455,0.6,0.6
0.3366858248422357,0.16501137153178053,0.39810560763950303,38.519999999999996,235929.59999999963,-0.8999999999999999,0.0,1.0,0.7659230323191011,9.39,0.0,-0.7604393,2.8470042,3.5551734,0.07186821699142455,0.6,0.6
0.33469564919596984,0.18694569666153976,0.39466740093134034,40.32,228780.21818181872,-0.72,22878.02181818181,1.0,0.6743675038911121,9.395,0.0,-0.7604393,2.8470042,3.5551734,0.07186821699142455,0.6,0.6
0.33275392400573117,0.20389356562715374,0.39413850257036226,42.12,235929.59999999963,-0.72,0.0,1.0,0.567552720725125,9.4,0.0,-1.2134844,2.2358065,5.30718,0.0,0.6,0.6
0.3302745122041746,0.2247618385028145,0.392387570677521,43.739999999999995,37.42665880836573,-0.72,0.0,1.0,0.41496017334514335,9.405,0.0,-1.2134844,2.2358065,5.30718,0.0,0.6,0.6
0.32812728520596496,0.24240329084384607,0.3921805519998537,45.18,87533.30086956552,-0.72,0.0,1.0,0.7506637775811029,9.41,0.0,-1.2134844,2.2358065,5.30718,0.0,0.6,0.6
0.3253156590005951,0.24707956590065025,0.39380901604437224,46.62,167772.15999999974,-0.72,0.0,1.0,0.21658986175116723,9.415000000000001,0.0,-1.2134844,2.2358065,5.30718,0.0,0.6,0.6
0.3193563618126782,0.2673064041617442,0.3931779558721392,47.879999999999995,165150.71999999974,-0.72,0.0,1.0,0.6438489944151158,9.42,0.0,-0.49159873,-0.9528339,2.3190243,0.1525203824043274,0.014149832725524902,0.6
0.30938920436381545,0.278863218675258,0.3934561894026319,49.14,170478.16258064585,-0.72,0.0,1.0,0.3997009186071452,9.425,0.0,-0.49159873,-0.9528339,2.3190243,0.1525203824043274,0.014149832725524902,0.6
0.3000114538410197,0.2845948524084685,0.3956975694601751,50.22,133230.83294117625,-0.72,0.0,1.0,0.567552720725125,9.43,0.0,-0.49159873,-0.9528339,2.3190243,0.1525203824043274,0.014149832725524902,0.6
0.28995590524387505,0.30390076406449895,0.39570058573938977,50.94,27705.494311926563,-0.72,0.0,1.0,0.41496017334514335,9.435,0.0,-0.49159873,-0.9528339,2.3190243,0.1525203824043274,0.014149832725524902,0.6
0.2780023980537266,0.32336137195362824,0.3959449294613439,51.66,94371.83999999985,-0.72,0.0,1.0,0.659108249153114,9.44,0.0,-0.097474866,-1.3580037,3.7381063,0.2707575403153896,0.0,0.6
0.2667495122284114,0.33232387514424055,0.39989142305173214,52.019999999999996,48708.04645161283,-0.72,0.0,1.0,0.567552720725125,9.445,0.0,-0.097474866,-1.3580037,3.7381063,0.2707575403153896,0.0,0.6
0.25612309915347925,0.3430236695177021,0.40653467296662127,52.199999999999996,4.306488012731653,-0.72,0.0,1.0,0.7659230323191011,9.450000000000001,0.0,-0.097474866,-1.3580037,3.7381063,0.2707575403153896,0.0,0.6
0.24238995786970713,0.3431931774005802,0.41217217231561176,52.199999999999996,0.0,-0.72,0.0,1.0,0.3539231543931507,9.455,0.0,-0.097474866,-1.3580037,3.7381063,0.2707575403153896,0.0,0.6
0.2276018223112312,0.36662476978989655,0.4179036686387574,51.839999999999996,-40809.44432432426,-0.72,0.0,1.0,0.6133304849391195,9.46,8.522881865501404,0.8223422,-0.54032594,5.5295057,0.5467026650905609,0.1379022181034088,0.6
0.21258761029551881,0.3865930755999574,0.4247667205978233,51.12,-97416.09290322565,-0.72,0.0,1.0,0.567552720725125,9.465,8.522881865501404,0.8223422,-0.54032594,5.5295057,0.5467026650905609,0.1379022181034088,0.6
0.1996187454358787,0.3903528942847821,0.43008948511351697,50.22,-125829.1199999998,-0.72,0.0,1.0,0.8422193060090919,9.47,8.522881865501404,0.8223422,-0.54032594,5.5295057,0.5467026650905609,0.1379022181034088,0.6
0.1895397949718626,0.39178768460823454,0.435439208648927,49.14,-141557.75999999978,-0.72,0.0,1.0,0.5217749565111305,9.475,8.522881865501404,0.8223422,-0.54032594,5.5295057,0.5467026650905609,0.1379022181034088,0.6
0.18319701601347965,0.38801877041778,0.44103304116309217,47.879999999999995,-160146.15272727338,-0.72,0.0,1.0,0.46073793755913783,9.48,20.0,1.0753263,-1.7432964,3.5677893,0.6,0.0,0.6
0.1788863069745994,0.39000430434826133,0.4455811192147592,46.26,-219186.20903225773,-0.72,0.0,1.0,0.3539231543931507,9.485,20.0,1.0753263,-1.7432964,3.5677893,0.6,0.0,0.6
0.17667468174717751,0.3907959422361454,0.4491490725990853,44.46,-40.76295252441803,-0.8999999999999999,-4.076295252441808,1.0,0.6438489944151158,9.49,20.0,1.0753263,-1.7432964,3.5677893,0.6,0.0,0.6
0.17611532338246408,0.38200473457661,0.45300639253359476,42.66,-150994.94400000037,-0.8999999999999999,0.0,1.0,0.3997009186071452,9.495000000000001,20.0,1.0753263,-1.7432964,3.5677893,0.6,0.0,0.6
0.1763288097153787,0.37524071403918297,0.45672024979323494,40.68,-276824.06399999955,-0.8999999999999999,0.0,1.0,0.6285897396771176,9.5,8.522881865501404,1.0084904,-1.5985674,2.0982318,0.6,0.0,0.6
0.17708024205999157,0.366369544663766,0.45972617453301945,38.699999999999996,-286369.72137931094,-0.8999999999999999,0.0,1.0,0.475997192297136,9.505,8.522881865501404,1.0084904,-1.5985674,2.0982318,0.6,0.0,0.6
0.17738123629856026,0.3576687425740805,0.4634023599581802,36.54,-312403.3324137926,-0.8999999999999999,0.0,1.0,0.5980712302011213,9.51,8.522881865501404,1.0084904,-1.5985674,2.0982318,0.6,0.0,0.6
0.1788209725533068,0.3400930737297516,0.4669852875751643,34.379999999999995,-92445.88408163282,-0.8999999999999999,0.0,1.0,0.36918240913114886,9.515,8.522881865501404,1.0084904,-1.5985674,2.0982318,0.6,0.0,0.6
0.18355024012426316,0.3227892898266127,0.4698183927578142,32.22,-258848.47542857102,-0.8999999999999999,0.0,1.0,0.6285897396771176,9.52,8.522881865501404,0.6049504,-0.8360851,2.1255808,0.48148512840270996,0.049174475669860836,0.6
0.1915080861129006,0.3183503574240841,0.4730109097350144,29.88,-306708.48,-0.8999999999999999,0.0,1.0,0.475997192297136,9.525,8.522881865501404,0.6049504,-0.8360851,2.1255808,0.48148512840270996,0.049174475669860836,0.6
0.20057324743780292,0.3001725462242826,0.4764770941201302,27.54,-297414.28363636363,-0.8999999999999999,0.0,1.0,0.49125644703513416,9.53,8.522881865501404,0.6049504,-0.8360851,2.1255808,0.48148512840270996,0.049174475669860836,0.6
0.21704421066170715,0.2798121305560525,0.4788087171273637,25.2,-57.38298717244121,-0.8999999999999999,0.0,1.0,0.5522934659871268,9.535,8.522881865501404,0.6049504,-0.8360851,2.1255808,0.48148512840270996,0.049174475669860836,0.6
0.23631091788667383,0.26833226666582066,0.4808921481060516,23.04,-135219.3528358209,-0.8999999999999999,0.0,1.0,0.5980712302011213,9.540000000000001,0.0,-0.49045396,0.5962516,-1.7091677,0.15286381244659422,0.4788754820823669,0.0
0.2531040646014707,0.24742298959447248,0.48272084826511474,20.88,-266461.665882353,-1.08,-22205.138823529433,1.0,0.5370342112491286,9.545,0.0,-0.49045396,0.5962516,-1.7091677,0.15286381244659422,0.4788754820823669,0.0
0.27170837886786775,0.24221089535153809,0.48390827805682496,18.9,-267894.25548387103,-1.08,0.0,1.0,0.8117007965330956,9.55,0.0,-0.49045396,0.5962516,-1.7091677,0.15286381244659422,0.4788754820823669,0.0
0.29126192882336177,0.226002074653474,0.4843709451377906,17.099999999999998,-251658.2400000001,-1.08,0.0,1.0,0.29288613544115805,9.555,0.0,-0.49045396,0.5962516,-1.7091677,0.15286381244659422,0.4788754820823669,0.0
0.3059089476104058,0.19662565223214856,0.48436829166712747,15.66,-188743.6799999997,-1.08,0.0,1.0,0.6285897396771176,9.56,0.0,-1.0044972,1.7735804,2.0045574,0.0,0.6,0.6
0.32037974140155984,0.17787855131972585,0.4843598451842369,14.58,-141557.76,-1.08,0.0,1.0,0.5065157017731323,9.565,0.0,-1.0044972,1.7735804,2.0045574,0.0,0.6,0.6
0.3363989587756366,0.1579192419210112,0.48421013350788056,14.04,-73062.06967741948,-1.08,0.0,1.0,0.7354045228431048,9.57,0.0,-1.0044972,1.7735804,2.0045574,0.0,0.6,0.6
0.34852682300769183,0.13463683245390853,0.4839066182571791,13.86,-4.096711234589332,-1.08,0.0,1.0,0.3997009186071452,9.575000000000001,0.0,-1.0044972,1.7735804,2.0045574,0.0,0.6,0.6
0.35951898423784734,0.1252257779507974,0.48342159091628994,13.86,0.0,-1.08,0.0,1.0,0.44547868282113967,9.58,0.0,-1.474616,2.3953786,2.9101076,0.0,0.6,0.6
0.369955920027479,0.1266230604055765,0.48219844207339646,14.58,88820.55529411773,-1.08,0.0,1.0,0.46073793755913783,9.585,0.0,-1.474616,2.3953786,2.9101076,0.0,0.6,0.6
0.37545028777331746,0.11142864344659484,0.4800472854106079,15.66,33804.838208955225,-1.08,0.0,1.0,0.7201452681051066,9.59,0.0,-1.474616,2.3953786,2.9101076,0.0,0.6,0.6
0.3757968993310413,0.10658016156947257,0.4793939714263024,16.919999999999998,170478.1625806449,-1.08,0.0,1.0,0.44547868282113967,9.595,0.0,-1.474616,2.3953786,2.9101076,0.0,0.6,0.6
0.37405609588471705,0.10219030538048063,0.4782237520989525,18.54,205902.1963636365,-1.08,0.0,1.0,0.49125644703513416,9.6,0.0,-1.5115001,2.0810194,4.657586,0.0,0.6,0.6
0.37200930155217626,0.11856342973565297,0.4745865953835024,20.52,251658.24000000005,-1.08,0.0,1.0,0.5065157017731323,9.605,0.0,-1.5115001,2.0810194,4.657586,0.0,0.6,0.6
0.3675677498135512,0.14456367699329986,0.46351425007004543,22.68,292248.27870967746,-0.8999999999999999,24354.02322580647,1.0,0.7048860133671084,9.61,0.0,-1.5115001,2.0810194,4.657586,0.0,0.6,0.6
0.36275048182950725,0.1554654696708658,0.4508699746210626,25.02,327155.712,-0.8999999999999999,0.0,1.0,0.5980712302011213,9.615,0.0,-1.5115001,2.0810194,4.657586,0.0,0.6,0.6
0.35860034684444947,0.17756232615216555,0.44520149188590813,27.36,57.14743168571645,-0.8999999999999999,0.0,1.0,0.659108249153114,9.620000000000001,0.0,-0.0035408959,0.4065456,4.6574497,0.2989377312362194,0.42196368277072904,0.6
0.35391422916616117,0.20251886929623183,0.44271222143920824,29.7,112812.31448275861,-0.8999999999999999,0.0,1.0,0.5522934659871268,9.625,0.0,-0.0035408959,0.4065456,4.6574497,0.2989377312362194,0.42196368277072904,0.6
0.3471956761979967,0.22452833360614927,0.4393904094670396,32.22,62914.55999999999,-0.8999999999999999,0.0,1.0,0.659108249153114,9.63,0.0,-0.0035408959,0.4065456,4.6574497,0.2989377312362194,0.42196368277072904,0.6
0.3352401951116009,0.237834464294731,0.43906809085213344,34.56,288666.8047058828,-0.8999999999999999,0.0,1.0,0.4302194280831415,9.635,0.0,-0.0035408959,0.4065456,4.6574497,0.2989377312362194,0.42196368277072904,0.6
0.31549977939032436,0.24892420127685394,0.439494083943197,37.08,310871.9435294113,-0.8999999999999999,0.0,1.0,0.7201452681051066,9.64,0.0,2.5245025,-1.7083483,-1.5003487,0.6,0.0,0.0
0.29336802479261925,0.2666092968861783,0.4380980273583841,39.24,137268.13090909115,-0.8999999999999999,0.0,1.0,0.33866389965515253,9.645,0.0,2.5245025,-1.7083483,-1.5003487,0.6,0.0,0.0
0.2688523335971423,0.2775225408605662,0.43877429858691297,41.58,288666.8047058819,-0.8999999999999999,0.0,1.0,0.7659230323191011,9.65,0.0,2.5245025,-1.7083483,-1.5003487,0.6,0.0,0.0
0.2448790684133457,0.2934818951719824,0.439695707074402,43.559999999999995,259522.5599999996,-0.8999999999999999,0.0,1.0,0.5065157017731323,9.655,0.0,2.5245025,-1.7083483,-1.5003487,0.6,0.0,0.0
0.220379265134619,0.3150918422738171,0.43866000732174454,45.54,44.76721840988856,-0.8999999999999999,0.0,1.0,0.6285897396771176,9.66,8.522881865501404,1.5057666,0.3795563,6.022951,0.6,0.41386688947677613,0.6
0.19797010358316297,0.3210017132196348,0.4393681252282236,47.339999999999996,112682.79402985057,-0.8999999999999999,0.0,1.0,0.5370342112491286,9.665000000000001,8.522881865501404,1.5057666,0.3795563,6.022951,0.6,0.41386688947677613,0.6
0.17747113325763167,0.32439494864672236,0.4405904290732893,48.96,205902.19636363693,-0.8999999999999999,0.0,1.0,0.6896267586291103,9.67,8.522881865501404,1.5057666,0.3795563,6.022951,0.6,0.41386688947677613,0.6
0.16690595756958693,0.34172009153140515,0.43946446166268094,50.22,170478.1625806449,-0.72,24354.023225806442,1.0,0.3997009186071452,9.675,8.522881865501404,1.5057666,0.3795563,6.022951,0.6,0.41386688947677613,0.6
0.16294311130324696,0.34512591794582503,0.4399749439440634,51.3,150994.94399999976,-0.72,0.0,1.0,0.6743675038911121,9.68,20.0,1.6106455,-1.2923102,2.1170313,0.6,0.0,0.6
0.15979313202179385,0.35239749833772793,0.44089761493121576,52.019999999999996,100663.29599999984,-0.72,0.0,1.0,0.46073793755913783,9.685,20.0,1.6106455,-1.2923102,2.1170313,0.6,0.0,0.6
0.16010034905448162,0.35461252175557145,0.44023826951624845,52.559999999999995,21367.20905660374,-0.72,0.0,1.0,0.6743675038911121,9.69,20.0,1.6106455,-1.2923102,2.1170313,0.6,0.0,0.6
0.16369802782047782,0.35987405304362363,0.4398060983881894,52.739999999999995,20971.519999999968,-0.72,0.0,1.0,0.41496017334514335,9.695,20.0,1.6106455,-1.2923102,2.1170313,0.6,0.0,0.6
0.17079256413422783,0.3604094053713957,0.4383043916355268,52.739999999999995,0.0,-0.72,0.0,1.0,0.7354045228431048,9.700000000000001,8.522881865501404,1.0399284,-1.2425861,2.857051,0.6,0.0,0.6
0.17883205721539622,0.36329266247345543,0.4362350436025857,52.379999999999995,-8.352876251590406,-0.72,0.0,1.0,0.6133304849391195,9.705,8.522881865501404,1.0399284,-1.2425861,2.857051,0.6,0.0,0.6
0.1943660417703044,0.3527489179289185,0.43604988145690543,51.839999999999996,-37748.73599999994,-0.72,0.0,1.0,0.5828119754631231,9.71,8.522881865501404,1.0399284,-1.2425861,2.857051,0.6,0.0,0.6
0.2129727034556139,0.3454119227420059,0.4367677668089926,51.12,-91512.08727272713,-0.72,0.0,1.0,0.567552720725125,9.715,8.522881865501404,1.0399284,-1.2425861,2.857051,0.6,0.0,0.6
0.2296135636389685,0.3429164087764833,0.43624047079016137,50.22,-121770.11612903206,-0.8999999999999999,-24354.023225806442,1.0,0.49125644703513416,9.72,0.0,1.2870091,-1.6064191,0.92109305,0.6,0.0,0.5763279139995575
0.24653862502825252,0.34896095233702057,0.43595467388235254,49.14,-150994.94399999976,-0.72,25165.82399999999,1.0,0.5370342112491286,9.725,0.0,1.2870091,-1.6064191,0.92109305,0.6,0.0,0.5763279139995575
0.2643123830155135,0.3408405764980432,0.43693790805085475,48.059999999999995,-146124.13935483943,-0.8999999999999999,-24354.023225806442,1.0,0.5828119754631231,9.73,0.0,1.2870091,-1.6064191,0.92109305,0.6,0.0,0.5763279139995575
0.2790183663810387,0.3364889875856523,0.43731413918889767,46.8,-165150.71999999974,-0.8999999999999999,0.0,1.0,0.5370342112491286,9.735,0.0,1.2870091,-1.6064191,0.92109305,0.6,0.0,0.5763279139995575
0.29351483176885024,0.33164212667167575,0.4369281980122975,45.54,-170478.1625806449,-0.8999999999999999,0.0,1.0,0.7354045228431048,9.74,0.0,0.9256091,-1.5046617,-0.46589768,0.5776827335357666,0.0,0.16023069620132446
0.3087533271998538,0.3148364355983352,0.43798488718186496,44.1,-188743.6799999997,-0.8999999999999999,0.0,1.0,0.5217749565111305,9.745000000000001,0.0,0.9256091,-1.5046617,-0.46589768,0.5776827335357666,0.0,0.16023069620132446
0.32303465175708623,0.299460199410555,0.43832756704553916,42.839999999999996,-30.017170510053514,-0.8999999999999999,0.0,1.0,0.659108249153114,9.75,0.0,0.9256091,-1.5046617,-0.46589768,0.5776827335357666,0.0,0.16023069620132446
0.33573789233332757,0.273817435330181,0.43803647526888917,41.4,-100663.29599999984,-0.8999999999999999,0.0,1.0,0.33866389965515253,9.755,0.0,0.9256091,-1.5046617,-0.46589768,0.5776827335357666,0.0,0.16023069620132446
0.34987257862162197,0.2561038272266757,0.4388168521961356,40.14,-160146.15272727248,-0.8999999999999999,0.0,1.0,0.7506637775811029,9.76,0.0,1.089404,-1.6088023,1.3284892,0.6,0.0,0.6
0.36260013655579926,0.2392606277653378,0.4396320462925307,39.059999999999995,-150994.94400000075,-0.8999999999999999,0.0,1.0,0.1860713522751709,9.765,0.0,1.089404,-1.6088023,1.3284892,0.6,0.0,0.6
0.37358772764121234,0.21272252188352064,0.43969964335488637,37.98,-156201.6662068963,-0.8999999999999999,0.0,1.0,0.5370342112491286,9.77,0.0,1.089404,-1.6088023,1.3284892,0.6,0.0,0.6
0.3851807327738475,0.19356611316682495,0.4406661960622702,37.08,-114390.10909090891,-0.8999999999999999,0.0,1.0,0.3539231543931507,9.775,0.0,1.089404,-1.6088023,1.3284892,0.6,0.0,0.6
0.39567752466313916,0.17493919223266718,0.4430962767232412,36.36,-86282.82514285701,-0.8999999999999999,0.0,1.0,0.7354045228431048,9.78,0.0,0.9890246,-1.4403291,0.5591916,0.5967073738574982,0.0,0.4677574753761291
0.40412014692973686,0.15039692551788778,0.44543599806613554,36.0,-50331.64799999992,-0.8999999999999999,0.0,1.0,0.6896267586291103,9.785,0.0,0.9890246,-1.4403291,0.5591916,0.5967073738574982,0.0,0.4677574753761291
0.41265128348650243,0.1407253068468572,0.44656607327049597,35.82,-4.090319001386956,-0.8999999999999999,0.0,1.0,0.7201452681051066,9.790000000000001,0.0,0.9890246,-1.4403291,0.5591916,0.5967073738574982,0.0,0.4677574753761291
0.42012551069363246,0.1291281261781519,0.44536538453139624,35.82,0.0,-1.08,-15407.64734693879,1.0,0.5522934659871268,9.795,0.0,0.9890246,-1.4403291,0.5591916,0.5967073738574982,0.0,0.4677574753761291
0.4250445214858953,0.10162750983993166,0.44489018985005274,36.18,47185.919999999925,-0.8999999999999999,23592.96000000002,1.0,0.475997192297136,9.8,0.0,0.6467553,-1.7522978,0.4614573,0.4940265834331512,0.0,0.43843719363212585
0.43098557506152907,0.10254769674755361,0.44519010760029126,36.72,17834.04850393698,-0.8999999999999999,0.0,1.0,0.41496017334514335,9.805,0.0,0.6467553,-1.7522978,0.4614573,0.4940265834331512,0.0,0.43843719363212585
0.4357555169246468,0.09448971281133009,0.44527810800717715,37.44,100663.29599999984,-0.8999999999999999,0.0,1.0,0.5065157017731323,9.81,0.0,0.6467553,-1.7522978,0.4614573,0.4940265834331512,0.0,0.43843719363212585
0.4389947928590517,0.07461375243025212,0.4449976500288973,38.339999999999996,121770.11612903206,-0.8999999999999999,0.0,1.0,0.3997009186071452,9.815,0.0,0.6467553,-1.7522978,0.4614573,0.4940265834331512,0.0,0.43843719363212585
0.44321662682138846,0.05843435012345057,0.4452253336659574,39.42,133230.83294117713,-0.8999999999999999,0.0,1.0,0.7811822870570992,9.82,0.0,0.009123407,-1.5127333,1.3891429,0.30273702219128606,0.0,0.6
0.4475578723360916,0.05199110374107651,0.4454481899357942,40.68,176160.76799999972,-0.8999999999999999,0.0,1.0,0.5828119754631231,9.825000000000001,0.0,0.009123407,-1.5127333,1.3891429,0.30273702219128606,0.0,0.6
0.4504280118499421,0.04290154166175276,0.4455083832298001,42.3,219186.20903225773,-0.8999999999999999,0.0,1.0,0.44547868282113967,9.83,0.0,0.009123407,-1.5127333,1.3891429,0.30273702219128606,0.0,0.6
0.45409603045792585,0.02951821553946788,0.44505991617805485,43.92,39.55531514329469,-0.8999999999999999,0.0,1.0,0.5370342112491286,9.835,0.0,0.009123407,-1.5127333,1.3891429,0.30273702219128606,0.0,0.6
0.45803898748367183,0.03596991285176654,0.44497803339224545,45.72,150994.94399999976,-0.8999999999999999,0.0,1.0,0.7201452681051066,9.84,0.0,-0.06003263,-0.32907736,3.7146199,0.2819902114570141,0.20127679109573363,0.6
0.4606460019322526,0.032039660439162176,0.4448381124013327,47.519999999999996,251658.2399999996,-0.8999999999999999,0.0,1.0,0.5065157017731323,9.845,0.0,-0.06003263,-0.32907736,3.7146199,0.2819902114570141,0.20127679109573363,0.6
0.46276112287156396,0.015916052048438527,0.44456351300858715,49.5,276824.06400000054,-0.8999999999999999,0.0,1.0,0.7506637775811029,9.85,0.0,-0.06003263,-0.32907736,3.7146199,0.2819902114570141,0.20127679109573363,0.6
0.46476813904744513,0.021588263546676867,0.4448137415946828,51.66,301989.8879999995,-0.8999999999999999,0.0,1.0,0.6133304849391195,9.855,0.0,-0.06003263,-0.32907736,3.7146199,0.2819902114570141,0.20127679109573363,0.6
0.46687473943018487,0.028814943469146887,0.44406607990075864,53.64,87418.12547368438,-0.8999999999999999,0.0,1.0,0.5828119754631231,9.86,0.0,0.049592596,-0.1608423,2.974442,0.3148777786642313,0.2517473101615906,0.6
0.46536200446253295,0.021496151292440088,0.44394840216228126,55.8,158942.04631578922,-0.8999999999999999,0.0,1.0,0.3539231543931507,9.865,0.0,0.049592596,-0.1608423,2.974442,0.3148777786642313,0.2517473101615906,0.6
0.4626707180353453,0.015376636884561956,0.4442705189925309,57.96,312403.33241379366,-0.8999999999999999,0.0,1.0,0.659108249153114,9.870000000000001,0.0,0.049592596,-0.1608423,2.974442,0.3148777786642313,0.2517473101615906,0.6
0.46022562429989333,0.013103276498846128,0.4458773148584133,60.12,49.026720132473905,-0.8999999999999999,0.0,1.0,0.5828119754631231,9.875,0.0,0.049592596,-0.1608423,2.974442,0.3148777786642313,0.2517473101615906,0.6
0.4571047334339982,0.00947595377947773,0.4478935820700078,62.099999999999994,159706.1907692305,-0.8999999999999999,0.0,1.0,0.7811822870570992,9.88,0.0,0.44746193,-0.6546453,3.9833822,0.43423857986927034,0.10360640287399292,0.6
0.4537656003188264,-0.002719655826797163,0.4497567895409313,64.08,259522.56000000052,-0.8999999999999999,0.0,1.0,0.6133304849391195,9.885,0.0,0.44746193,-0.6546453,3.9833822,0.43423857986927034,0.10360640287399292,0.6
0.4522538063286321,-0.004385964131377444,0.45343090617261134,65.88,251658.2399999996,-0.8999999999999999,0.0,1.0,0.7659230323191011,9.89,0.0,0.44746193,-0.6546453,3.9833822,0.43423857986927034,0.10360640287399292,0.6
0.4498569947262105,0.0031627690681704816,0.4586967547702094,67.67999999999999,260336.11034482718,-0.8999999999999999,0.0,1.0,0.3997009186071452,9.895,0.0,0.44746193,-0.6546453,3.9833822,0.43423857986927034,0.10360640287399292,0.6
0.4472361371558563,-0.00014430780126455293,0.46330543037549543,69.3,226492.41600000064,-0.8999999999999999,0.0,1.0,0.567552720725125,9.9,0.0,1.2388144,-1.8211236,0.8747942,0.6,0.0,0.5624382555484772
0.44619348562693373,0.005542887069957448,0.46765989540163466,70.74,194832.1858064513,-0.8999999999999999,0.0,1.0,0.5980712302011213,9.905,0.0,1.2388144,-1.8211236,0.8747942,0.6,0.0,0.5624382555484772
0.4444703332907986,0.017958436345074897,0.47336993798417154,72.17999999999999,60397.977599999904,-0.8999999999999999,0.0,1.0,0.5217749565111305,9.91,0.0,1.2388144,-1.8211236,0.8747942,0.6,0.0,0.5624382555484772
0.4428825434145854,0.04599935924849,0.47765390047695916,73.44,170478.16258064585,-0.8999999999999999,0.0,1.0,0.3539231543931507,9.915000000000001,0.0,1.2388144,-1.8211236,0.8747942,0.6,0.0,0.5624382555484772
0.44244889176201063,0.05690683257681241,0.48134893102550497,74.34,21.989127978097653,-0.8999999999999999,0.0,1.0,0.475997192297136,9.92,0.0,1.113564,-1.1255735,3.7839618,0.6,0.0,0.6
0.44165122501741505,0.08213102334439816,0.4850382973304158,75.24,75497.47199999928,-0.8999999999999999,0.0,1.0,0.41496017334514335,9.925,0.0,1.113564,-1.1255735,3.7839618,0.6,0.0,0.6
0.44035413042616334,0.09463375612612757,0.48783731068558644,75.78,75497.47200000087,-0.8999999999999999,0.0,1.0,0.567552720725125,9.93,0.0,1.113564,-1.1255735,3.7839618,0.6,0.0,0.6
0.4397917148547513,0.10459183432482891,0.4895051579142566,76.14,50331.64799999992,-0.8999999999999999,0.0,1.0,0.44547868282113967,9.935,0.0,1.113564,-1.1255735,3.7839618,0.6,0.0,0.6
0.4385987693316459,0.10881753718836298,0.4920152835057129,76.32,26033.61103448169,-0.8999999999999999,0.0,1.0,0.49125644703513416,9.94,0.0,1.421679,-1.4017564,0.861372,0.6,0.0,0.5584115982055664
0.4380595001326249,0.1202699862849287,0.49390504242323274,76.32,0.0,-0.8999999999999999,0.0,1.0,0.6743675038911121,9.945,0.0,1.421679,-1.4017564,0.861372,0.6,0.0,0.5584115982055664
0.4383946987659227,0.11991642994191917,0.49493248047412663,75.96,-48708.04645161283,-0.8999999999999999,0.0,1.0,0.5828119754631231,9.950000000000001,0.0,1.421679,-1.4017564,0.861372,0.6,0.0,0.5584115982055664
0.4378066885582889,0.11279252966882553,0.49597505755816634,75.6,-48708.04645161283,-0.8999999999999999,0.0,1.0,0.41496017334514335,9.955,0.0,1.421679,-1.4017564,0.861372,0.6,0.0,0.5584115982055664
0.43807905050868656,0.11027600173284373,0.4966230530168575,75.06,-12.261722978642593,-0.8999999999999999,0.0,1.0,0.46073793755913783,9.96,0.0,0.91370296,-1.4977734,0.09236159,0.5741108894348145,0.0,0.32770847752690313
0.43905000279525824,0.11399877367525722,0.4970838106617421,74.34,-67108.8639999999,-0.8999999999999999,0.0,1.0,0.567552720725125,9.965,0.0,0.91370296,-1.4977734,0.09236159,0.5741108894348145,0.0,0.32770847752690313
0.4388718694187992,0.10983354715019561,0.498204517740171,73.61999999999999,-100663.29600000182,-0.8999999999999999,0.0,1.0,0.5828119754631231,9.97,0.0,0.91370296,-1.4977734,0.09236159,0.5741108894348145,0.0,0.32770847752690313
0.4394787359636885,0.10551964008145126,0.49911111804222086,72.72,-130168.05517241255,-0.8999999999999999,0.0,1.0,0.32340464491715437,9.975,0.0,0.91370296,-1.4977734,0.09236159,0.5741108894348145,0.0,0.32770847752690313
0.44054067204056924,0.10519571963764364,0.4999311033554238,71.82,-41031.23478260895,-0.8999999999999999,0.0,1.0,0.5522934659871268,9.98,0.0,0.7409372,-1.8780285,1.2347479,0.522281152009964,0.0,0.6
0.44105660686308884,0.09085548014336266,0.5008830140036933,70.92,-111025.69411764601,-0.8999999999999999,0.0,1.0,0.5522934659871268,9.985,0.0,0.7409372,-1.8780285,1.2347479,0.522281152009964,0.0,0.6
0.44145457155916135,0.09244052974577203,0.5023380243763407,70.02,-121770.11612903302,-0.8999999999999999,0.0,1.0,0.49125644703513416,9.99,0.0,0.7409372,-1.8780285,1.2347479,0.522281152009964,0.0,0.6
0.44272684332890744,0.06795207011495524,0.5033440492818466,68.94,-146124.13935483847,-0.8999999999999999,0.0,1.0,0.24710837122716356,9.995000000000001,0.0,0.7409372,-1.8780285,1.2347479,0.522281152009964,0.0,0.6
0.44353108340386155,0.06324424629796413,0.5042470701330473,67.86,-150994.94399999976,-0.8999999999999999,0.0,1.0,0.49125644703513416,10.0,0.0,0.64386696,-1.6580493,0.6649991,0.49316008687019347,0.0,0.49949973821640015
0.4440601578726312,0.04051706015960629,0.5055313432262732,66.96,-22.047177282762465,-0.8999999999999999,0.0,1.0,0.475997192297136,10.005,0.0,0.64386696,-1.6580493,0.6649991,0.49316008687019347,0.0,0.49949973821640015
0.4452116065182029,0.03423051694013533,0.5066991437015514,65.88,-90596.96639999986,-0.8999999999999999,0.0,1.0,0.5065157017731323,10.01,0.0,0.64386696,-1.6580493,0.6649991,0.49316008687019347,0.0,0.49949973821640015
0.44567331503432234,0.01511259964358886,0.5061855618273561,64.98,-38916.222680412,-0.8999999999999999,0.0,1.0,0.5980712302011213,10.015,0.0,0.64386696,-1.6580493,0.6649991,0.49316008687019347,0.0,0.49949973821640015
0.4464402995569389,0.007674467873726835,0.5048806908299012,63.9,-161780.29714285795,-0.8999999999999999,0.0,1.0,0.5980712302011213,10.02,0.0,0.55361295,-1.4946628,1.9071229,0.4660838842391968,0.0,0.6
0.4475678208700322,-0.0042179476957188355,0.5052568617185595,63.0,-130168.05517241359,-0.8999999999999999,0.0,1.0,0.4302194280831415,10.025,0.0,0.55361295,-1.4946628,1.9071229,0.4660838842391968,0.0,0.6
0.4499321811380317,0.005343338098786421,0.5052541768443249,62.099999999999994,-125829.1200000008,-0.8999999999999999,0.0,1.0,0.6896267586291103,10.03,0.0,0.55361295,-1.4946628,1.9071229,0.4660838842391968,0.0,0.6
0.4519419135693934,-0.00011009267485341995,0.5049100745914615,61.199999999999996,-125829.1199999998,-0.8999999999999999,0.0,1.0,0.567552720725125,10.035,0.0,0.55361295,-1.4946628,1.9071229,0.4660838842391968,0.0,0.6
0.45453784561820876,0.007960231175614058,0.5050672535528,60.48,-30198.988799999952,-0.8999999999999999,0.0,1.0,0.5370342112491286,10.040000000000001,0.0,0.29368374,-0.6645925,0.50755674,0.38810512125492097,0.10062224864959717,0.45226702094078064
0.4586761017617481,0.004381675119114044,0.5044677736072489,59.76,-16.30579728299602,-0.8999999999999999,0.0,1.0,0.5217749565111305,10.045,0.0,0.29368374,-0.6645925,0.50755674,0.38810512125492097,0.10062224864959717,0.45226702094078064
0.46278371396853546,0.0004389026954360918,0.5034786041935138,59.22,-33307.70823529406,-0.8999999999999999,0.0,1.0,0.49125644703513416,10.05,0.0,0.29368374,-0.6645925,0.50755674,0.38810512125492097,0.10062224864959717,0.45226702094078064
0.46556216217372287,0.008869568589546264,0.5035549834988496,58.86,-44410.277647058756,-1.08,-22205.138823529433,1.0,0.5370342112491286,10.055,0.0,0.29368374,-0.6645925,0.50755674,0.38810512125492097,0.10062224864959717,0.45226702094078064
0.4679975802337308,-0.01794786090792841,0.5036094600009683,58.5,-50331.64799999992,-1.08,0.0,1.0,0.5217749565111305,10.06,0.0,-0.73526937,1.9759656,2.162252,0.07941918969154357,0.6,0.6
0.470170285863358,-0.02418743079140457,0.5033083328998288,58.32,-7055.838504672886,-1.08,0.0,1.0,0.384441663869147,10.065,0.0,-0.73526937,1.9759656,2.162252,0.07941918969154357,0.6,0.6
0.4725030011365953,-0.0035733122707198002,0.5024181946948622,58.32,0.0,-1.08,0.0,1.0,0.7506637775811029,10.07,0.0,-0.73526937,1.9759656,2.162252,0.07941918969154357,0.6,0.6
0.473601888483047,-0.0030954567603813385,0.5018983152289557,58.32,0.0,-1.08,0.0,1.0,0.5828119754631231,10.075000000000001,0.0,-0.73526937,1.9759656,2.162252,0.07941918969154357,0.6,0.6
0.47323141868539453,-0.011191533503564348,0.502455540258182,58.5,24354.023225806413,-0.8999999999999999,24354.02322580647,1.0,0.41496017334514335,10.08,0.0,-1.0333519,2.4496195,2.0994349,0.0,0.6,0.6
0.47274221715100634,0.004246925593950188,0.5024398977307797,58.68,19358.326153846123,-0.8999999999999999,0.0,1.0,0.2623676259651617,10.085,0.0,-1.0333519,2.4496195,2.0994349,0.0,0.6,0.6
0.4713852327497404,-0.009917961306553258,0.5022166369567068,59.04,8.763236354139448,-0.8999999999999999,0.0,1.0,0.44547868282113967,10.09,0.0,-1.0333519,2.4496195,2.0994349,0.0,0.6,0.6
0.4714759420256013,0.0062470963744479585,0.501229533155638,59.4,10941.662608695635,-0.8999999999999999,0.0,1.0,0.49125644703513416,10.095,0.0,-1.0333519,2.4496195,2.0994349,0.0,0.6,0.6
0.47009942742889044,0.008173430979012086,0.5010902050933161,59.76,45756.04363636357,-0.8999999999999999,0.0,1.0,0.41496017334514335,10.1,0.0,-0.87901807,2.2725804,3.0546377,0.03629457950592041,0.6,0.6
0.4684051043043839,0.00466164703277677,0.5004960821656034,60.12,48708.04645161283,-0.8999999999999999,0.0,1.0,0.29288613544115805,10.105,0.0,-0.87901807,2.2725804,3.0546377,0.03629457950592041,0.6,0.6
0.4667230856149014,-0.0003525632428099263,0.5003734255763392,60.66,78100.83310344815,-0.8999999999999999,0.0,1.0,0.5217749565111305,10.11,0.0,-0.87901807,2.2725804,3.0546377,0.03629457950592041,0.6,0.6
0.4650529813032123,-0.002926304442396611,0.5008939689112496,61.019999999999996,47185.919999999925,-0.8999999999999999,0.0,1.0,0.5217749565111305,10.115,0.0,-0.87901807,2.2725804,3.0546377,0.03629457950592041,0.6,0.6
0.4634507776648026,0.03793602343307534,0.5000989000124718,61.379999999999995,45756.04363636357,-0.8999999999999999,0.0,1.0,0.41496017334514335,10.120000000000001,0.0,-1.4433324,2.4262273,4.755207,0.0,0.6,0.6
0.46095493582347113,0.059016863397434914,0.4999180432410624,61.739999999999995,29037.489230769184,-0.8999999999999999,0.0,1.0,0.46073793755913783,10.125,0.0,-1.4433324,2.4262273,4.755207,0.0,0.6,0.6
0.45873100366352043,0.06402187122295772,0.5001550447131364,62.099999999999994,45756.04363636357,-0.8999999999999999,0.0,1.0,0.6438489944151158,10.13,0.0,-1.4433324,2.4262273,4.755207,0.0,0.6,0.6
0.45309325631780967,0.08160751145526308,0.5006745671999148,62.46,8.135371949806993,-0.8999999999999999,0.0,1.0,0.6285897396771176,10.135,0.0,-1.4433324,2.4262273,4.755207,0.0,0.6,0.6
0.436823046551693,0.0982492461093437,0.501173848502019,62.64,14518.744615384592,-0.8999999999999999,0.0,1.0,0.7659230323191011,10.14,0.0,-1.7649202,1.7997183,5.215017,0.0,0.6,0.6
0.4142716892369615,0.10912517177585468,0.5023094746541562,62.82,22878.021818181784,-0.8999999999999999,0.0,1.0,0.6438489944151158,10.145,0.0,-1.7649202,1.7997183,5.215017,0.0,0.6,0.6
0.39136361487595567,0.12526254340704424,0.5034100128503723,62.82,0.0,-0.8999999999999999,0.0,1.0,0.6133304849391195,10.15,0.0,-1.7649202,1.7997183,5.215017,0.0,0.6,0.6
0.36790331661935766,0.1473817981473829,0.504338036708177,62.64,-8579.258181818168,-0.8999999999999999,0.0,1.0,0.5370342112491286,10.155,0.0,-1.7649202,1.7997183,5.215017,0.0,0.6,0.6
0.3468053027818021,0.16763941248006753,0.5050784927848707,62.46,-23592.959999999963,-0.8999999999999999,0.0,1.0,0.46073793755913783,10.16,0.0,-0.80068463,-1.2399024,2.8616886,0.05979461073875427,0.0,0.6
0.32903278831363364,0.18535822300977692,0.5060528268085301,62.099999999999994,-50331.64800000091,-0.8999999999999999,0.0,1.0,0.5828119754631231,10.165000000000001,0.0,-0.80068463,-1.2399024,2.8616886,0.05979461073875427,0.0,0.6
0.3121463538947893,0.20354344598837096,0.5065515346696057,61.739999999999995,-48708.04645161283,-0.8999999999999999,0.0,1.0,0.5522934659871268,10.17,0.0,-0.80068463,-1.2399024,2.8616886,0.05979461073875427,0.0,0.6
0.2936019288416665,0.22133852175481322,0.5069295237090088,61.199999999999996,-12.25402751702905,-0.8999999999999999,0.0,1.0,0.6133304849391195,10.175,0.0,-0.80068463,-1.2399024,2.8616886,0.05979461073875427,0.0,0.6
0.27335878254178103,0.23752535533183766,0.5070192215260714,60.48,-48708.04645161283,-0.8999999999999999,0.0,1.0,0.5980712302011213,10.18,0.0,1.0318165,-1.8845766,0.4128968,0.6,0.0,0.4238690435886383
0.2518795594315609,0.24657662455944426,0.5072229791453895,59.76,-94371.83999999985,-0.8999999999999999,0.0,1.0,0.6743675038911121,10.185,0.0,1.0318165,-1.8845766,0.4128968,0.6,0.0,0.4238690435886383
0.22997893862679347,0.26047845672353565,0.5071756662020591,58.68,-156201.6662068963,-0.8999999999999999,0.0,1.0,0.7354045228431048,10.19,0.0,1.0318165,-1.8845766,0.4128968,0.6,0.0,0.4238690435886383
0.20873449783662879,0.27669616486957216,0.5066347007934194,57.599999999999994,-150994.94400000075,-0.8999999999999999,0.0,1.0,0.5217749565111305,10.195,0.0,1.0318165,-1.8845766,0.4128968,0.6,0.0,0.4238690435886383
0.1879762521614418,0.2970121472002547,0.5063503898818277,56.339999999999996,-176160.76799999972,-0.8999999999999999,0.0,1.0,0.6896267586291103,10.200000000000001,8.522881865501404,1.5873115,0.031166397,3.776563,0.6,0.30934991911053655,0.6
0.1682777598329838,0.3221660147452231,0.5062461405127876,54.9,-188743.6799999997,-0.8999999999999999,0.0,1.0,0.46073793755913783,10.205,8.522881865501404,1.5873115,0.031166397,3.776563,0.6,0.30934991911053655,0.6
0.1493789952363235,0.3173451298656268,0.5063625380205058,53.28,-212336.63999999966,-0.8999999999999999,0.0,1.0,0.5828119754631231,10.21,8.522881865501404,1.5873115,0.031166397,3.776563,0.6,0.30934991911053655,0.6
0.1325519148237302,0.31989080219237576,0.5062386016567398,51.48,-215707.06285714338,-0.8999999999999999,0.0,1.0,0.5828119754631231,10.215,8.522881865501404,1.5873115,0.031166397,3.776563,0.6,0.30934991911053655,0.6
0.11435070218200609,0.3120386448239611,0.5060453319533255,49.68,-43.67272243464773,-0.8999999999999999,0.0,1.0,0.33866389965515253,10.22,20.0,1.5451281,-1.5483116,-1.2956554,0.6,0.0,0.0
0.10792510401896156,0.3111107191428358,0.5056678013449434,47.699999999999996,-42588.317538461626,-0.8999999999999999,0.0,1.0,0.5065157017731323,10.225,20.0,1.5451281,-1.5483116,-1.2956554,0.6,0.0,0.0
0.09093131033730749,0.31216040252290966,0.5056641335273302,45.72,-197731.47428571398,-0.8999999999999999,0.0,1.0,0.567552720725125,10.23,20.0,1.5451281,-1.5483116,-1.2956554,0.6,0.0,0.0
0.0872475705800275,0.30938434472004966,0.5048380175544338,43.559999999999995,-251658.24000000043,-0.8999999999999999,0.0,1.0,0.384441663869147,10.235,20.0,1.5451281,-1.5483116,-1.2956554,0.6,0.0,0.0
0.09598239662851787,0.28870624655214666,0.503593494076327,41.58,-267894.25548387057,-0.8999999999999999,0.0,1.0,0.5065157017731323,10.24,8.522881865501404,1.173911,-2.1408942,-1.5394913,0.6,0.0,0.0
0.0973437550534373,0.26718934823362994,0.5035867099846006,39.24,-288666.8047058819,-0.8999999999999999,0.0,1.0,0.5217749565111305,10.245000000000001,8.522881865501404,1.173911,-2.1408942,-1.5394913,0.6,0.0,0.0
0.1151488679819919,0.2434672008319391,0.5034729190491765,37.08,-266461.6658823534,-0.8999999999999999,0.0,1.0,0.4302194280831415,10.25,8.522881865501404,1.173911,-2.1408942,-1.5394913,0.6,0.0,0.0
0.1367553518136207,0.2328945612838105,0.5030859094455896,34.74,-297414.28363636316,-0.8999999999999999,0.0,1.0,0.6285897396771176,10.255,8.522881865501404,1.173911,-2.1408942,-1.5394913,0.6,0.0,0.0
0.15383096620922534,0.22238374098452726,0.503084786714426,32.4,-54.40776624110967,-0.8999999999999999,0.0,1.0,0.475997192297136,10.26,0.0,0.99992436,-1.7647866,-4.585535,0.599977308511734,0.0,0.0
0.1709072301556757,0.2164430236865021,0.5027182510761228,30.06,-142241.61391304346,-0.8999999999999999,0.0,1.0,0.5370342112491286,10.265,0.0,0.99992436,-1.7647866,-4.585535,0.599977308511734,0.0,0.0
0.19001245900249197,0.21212778492394815,0.5015804616459807,27.54,-320292.3054545454,-0.8999999999999999,0.0,1.0,0.5980712302011213,10.27,0.0,0.99992436,-1.7647866,-4.585535,0.599977308511734,0.0,0.0
0.2089962448279999,0.20455815030453783,0.49967887799640726,25.02,-320292.3054545454,-0.8999999999999999,0.0,1.0,0.49125644703513416,10.275,0.0,0.99992436,-1.7647866,-4.585535,0.599977308511734,0.0,0.0
0.22451842444234293,0.20503759150649714,0.4993744954024349,22.68,-288666.8047058823,-0.8999999999999999,0.0,1.0,0.5370342112491286,10.28,0.0,0.42257324,-1.0406197,-2.625239,0.4267719715833664,0.0,0.0
0.24436791782094922,0.20562939528000548,0.49796376287444527,20.34,-297414.28363636363,-1.08,-22878.021818181838,1.0,0.6285897396771176,10.285,0.0,0.42257324,-1.0406197,-2.625239,0.4267719715833664,0.0,0.0
0.26215258002127206,0.20855947634040906,0.4899650613027122,18.36,-267894.25548387103,-1.08,0.0,1.0,0.6438489944151158,10.290000000000001,0.0,0.42257324,-1.0406197,-2.625239,0.4267719715833664,0.0,0.0
0.2764751000273911,0.20163679040291327,0.47117722708263615,16.38,-244256.5270588236,-0.8999999999999999,22205.138823529433,1.0,0.7354045228431048,10.295,0.0,0.42257324,-1.0406197,-2.625239,0.4267719715833664,0.0,0.0
0.29233746407171274,0.18671302692027,0.4440584941206026,14.94,-194832.18580645154,-1.08,-24354.02322580647,1.0,0.567552720725125,10.3,0.0,0.23377928,-1.507926,-4.2111793,0.3701337844133377,0.0,0.0
0.3085032089424139,0.15442212697060897,0.414195847789942,13.68,-30.518826097501815,-0.8999999999999999,4.359832299643121,1.0,0.5522934659871268,10.305,0.0,0.23377928,-1.507926,-4.2111793,0.3701337844133377,0.0,0.0
0.3198157116779906,0.13274506775847605,0.38244114257922024,12.959999999999999,-28223.354018691614,-0.8999999999999999,0.0,1.0,0.8422193060090919,10.31,0.0,0.23377928,-1.507926,-4.2111793,0.3701337844133377,0.0,0.0
0.33323039123765175,0.12114611558989344,0.35322589891101747,12.6,-35115.1032558139,-0.8999999999999999,0.0,1.0,0.6743675038911121,10.315,0.0,0.23377928,-1.507926,-4.2111793,0.3701337844133377,0.0,0.0
0.34679828588293665,0.10998309115763283,0.32433532685197686,12.6,0.0,-0.8999999999999999,0.0,1.0,0.4302194280831415,10.32,0.0,0.0051380917,-1.6947247,0.23805541,0.3015414275228977,0.0,0.3714166224002838
0.3572033488754808,0.0933330648705152,0.2973954128176695,13.139999999999999,73062.06967741923,-0.8999999999999999,0.0,1.0,0.5522934659871268,10.325000000000001,0.0,0.0051380917,-1.6947247,0.23805541,0.3015414275228977,0.0,0.3714166224002838
0.36619868272898565,0.08109818258992645,0.27195377217477834,14.04,102023.61081081085,-0.8999999999999999,0.0,1.0,0.7048860133671084,10.33,0.0,0.0051380917,-1.6947247,0.23805541,0.3015414275228977,0.0,0.3714166224002838
0.3734683218211834,0.07928719302951757,0.2488228586753735,15.299999999999999,150994.944,-0.8999999999999999,0.0,1.0,0.7811822870570992,10.335,0.0,0.0051380917,-1.6947247,0.23805541,0.3015414275228977,0.0,0.3714166224002838
0.37689866289386353,0.06147174648431034,0.22686900448763767,17.099999999999998,228780.21818181805,-0.8999999999999999,0.0,1.0,0.567552720725125,10.34,0.0,0.07062608,-1.2912551,2.386406,0.321187824010849,0.0,0.6
0.3794547787626012,0.04821470139077974,0.20649745133810585,19.08,44.96403255060993,-0.8999999999999999,0.0,1.0,0.5828119754631231,10.345,0.0,0.07062608,-1.2912551,2.386406,0.321187824010849,0.0,0.6
0.38107603115914934,0.04910058200712062,0.18721105970615526,21.419999999999998,142241.61391304346,-0.8999999999999999,0.0,1.0,0.5828119754631231,10.35,0.0,0.07062608,-1.2912551,2.386406,0.321187824010849,0.0,0.6
0.38081697528423575,0.03444052500282983,0.16967306175572372,23.939999999999998,310871.9435294117,-0.72,22205.138823529403,1.0,0.6285897396771176,10.355,0.0,0.07062608,-1.2912551,2.386406,0.321187824010849,0.0,0.6
0.3784497204293351,0.023580067950911367,0.15396780162723195,26.82,389664.37161290355,-0.72,0.0,1.0,0.4302194280831415,10.36,0.0,0.4654597,-1.4376839,1.9310018,0.4396379113197327,0.0,0.6
0.37588654989979237,0.01795787915053074,0.14350090738672774,29.7,402653.18399999983,-0.72,0.0,1.0,0.5980712302011213,10.365,0.0,0.4654597,-1.4376839,1.9310018,0.4396379113197327,0.0,0.6
0.37312968705034677,0.006177129385320969,0.1410657919783619,32.58,366048.34909090895,-0.72,0.0,1.0,0.36918240913114886,10.370000000000001,0.0,0.4654597,-1.4376839,1.9310018,0.4396379113197327,0.0,0.6
0.3696215898042138,0.010724600988644042,0.13926923860195506,35.46,366048.3490909094,-0.72,0.0,1.0,0.7354045228431048,10.375,0.0,0.4654597,-1.4376839,1.9310018,0.4396379113197327,0.0,0.6
0.3660547666081082,-0.0019992562571708892,0.13801154054593578,38.519999999999996,388926.37090909027,-0.72,0.0,1.0,0.7201452681051066,10.38,0.0,0.37576526,-0.78837067,3.7278473,0.41272957921028136,0.06348879933357239,0.6
0.363207817398529,0.004161970159366547,0.14173300333517144,41.58,401080.3200000003,-0.72,0.0,1.0,0.5828119754631231,10.385,0.0,0.37576526,-0.78837067,3.7278473,0.41272957921028136,0.06348879933357239,0.6
0.35944365402882184,-0.002129844222833882,0.14935226180224742,44.64,74.2002765765558,-0.54,4.364722151562101,1.0,0.6285897396771176,10.39,0.0,0.37576526,-0.78837067,3.7278473,0.41272957921028136,0.06348879933357239,0.6
0.3563338114116485,-0.0012267324213395129,0.15827744037859473,47.519999999999996,194832.1858064513,-0.54,0.0,1.0,0.659108249153114,10.395,0.0,0.37576526,-0.78837067,3.7278473,0.41272957921028136,0.06348879933357239,0.6
0.35387235455578225,-0.00933371700322673,0.17194594401739394,50.22,333077.0823529415,-0.36,22205.138823529418,1.0,0.5217749565111305,10.4,0.0,-0.5786735,1.4335307,2.255937,0.12639795541763305,0.6,0.6
0.3525796878715398,-0.0044831108142296145,0.19090349859434558,52.919999999999995,365310.3483870962,-0.18,24354.02322580645,1.0,0.5370342112491286,10.405,0.0,-0.5786735,1.4335307,2.255937,0.12639795541763305,0.6,0.6
0.3514972742453414,-0.018468545239860863,0.20757964599444498,55.62,353894.4000000004,0.18,47185.92,1.0,0.5522934659871268,10.41,0.0,-0.5786735,1.4335307,2.255937,0.12639795541763305,0.6,0.6
0.3522415459836737,-0.011717175061149488,0.22486635729802956,58.14,320292.3054545458,0.54,45756.04363636364,1.0,0.567552720725125,10.415000000000001,0.0,-0.5786735,1.4335307,2.255937,0.12639795541763305,0.6,0.6
0.35272946006216627,-0.018059894401556056,0.24331082634847173,60.48,316602.30193548335,0.72,24354.023225806442,1.0,0.6438489944151158,10.42,0.0,-0.6027344,1.8579847,3.8763635,0.1191796839237213,0.6,0.6
0.3564879693069973,-0.01950203358284989,0.2591442820359396,62.82,316602.30193548434,0.8999999999999999,24354.023225806442,1.0,0.6743675038911121,10.425,0.0,-0.6027344,1.8579847,3.8763635,0.1191796839237213,0.6,0.6
0.361060416089323,-0.006371860046306132,0.2740681002479966,65.16,52.829536871568436,0.8999999999999999,0.0,1.0,0.46073793755913783,10.43,0.0,-0.6027344,1.8579847,3.8763635,0.1191796839237213,0.6,0.6
0.3655702195202423,0.0008417989592363792,0.289670943126115,67.5,99138.09454545469,0.8999999999999999,0.0,1.0,0.5065157017731323,10.435,0.0,-0.6027344,1.8579847,3.8763635,0.1191796839237213,0.6,0.6
0.3693914869160848,-0.006358615316800722,0.3040334631804158,69.84,200299.4155102044,0.36,-46222.94204081632,1.0,0.6285897396771176,10.44,0.0,-0.6966243,2.3495805,3.0869007,0.09101271629333496,0.6,0.6
0.37310607156490333,-0.011636175320202363,0.31631427472879486,72.0,251658.2399999996,-0.18,-62914.560000000005,1.0,0.5065157017731323,10.445,0.0,-0.6966243,2.3495805,3.0869007,0.09101271629333496,0.6,0.6
0.3763503572761514,-0.01550823708047314,0.32907484363366457,74.16,292248.27870967693,-0.8999999999999999,-97416.0929032258,1.0,0.33866389965515253,10.450000000000001,0.0,-0.6966243,2.3495805,3.0869007,0.09101271629333496,0.6,0.6
0.37779090082731953,0.004459183058457514,0.34069734760703724,75.78,188743.68000000052,-0.54,41943.039999999986,1.0,0.7506637775811029,10.455,0.0,-0.6966243,2.3495805,3.0869007,0.09101271629333496,0.6,0.6
0.37781541651510386,0.031698802717314616,0.35064960874441065,77.39999999999999,194136.3565714274,-0.54,0.0,1.0,0.3997009186071452,10.46,0.0,-1.1111616,2.840638,4.391576,0.0,0.6,0.6
0.3781360392113921,0.03369730636262702,0.3612004778755195,78.84,201326.59200000166,-0.54,0.0,1.0,0.384441663869147,10.465,0.0,-1.1111616,2.840638,4.391576,0.0,0.6,0.6
0.3774443034943042,0.0683857793480359,0.37119664313216055,79.92,141557.75999999978,-0.72,-23592.959999999992,1.0,0.6133304849391195,10.47,0.0,-1.1111616,2.840638,4.391576,0.0,0.6,0.6
0.37562160434901315,0.08871264545936196,0.3794570472411417,80.82,21.907455168010934,-0.54,4.381491033602227,1.0,0.567552720725125,10.475,0.0,-1.1111616,2.840638,4.391576,0.0,0.6,0.6
0.3755668136798969,0.09000978629037829,0.3876631406550369,81.17999999999999,17764.111058823502,-0.54,0.0,1.0,0.46073793755913783,10.48,0.0,-0.835934,1.8222457,6.0001435,0.04921980500221252,0.6,0.6
0.374561743885162,0.11775226777182353,0.3952371382058579,81.17999999999999,0.0,-0.36,19867.75578947369,1.0,0.6285897396771176,10.485,0.0,-0.835934,1.8222457,6.0001435,0.04921980500221252,0.6,0.6
0.3689628515792271,0.1492774366637248,0.4011073152647364,81.0,-22878.021818180878,-0.36,0.0,1.0,0.384441663869147,10.49,0.0,-0.835934,1.8222457,6.0001435,0.04921980500221252,0.6,0.6
0.36077991452870967,0.1483605389040946,0.4066131976970923,80.64,-43141.412571428504,-0.72,-43141.41257142857,1.0,0.3997009186071452,10.495000000000001,0.0,-0.835934,1.8222457,6.0001435,0.04921980500221252,0.6,0.6
0.351070482482339,0.16457913078008146,0.4120233424711737,79.56,-141557.75999999978,-0.54,23592.959999999992,1.0,0.567552720725125,10.5,0.0,0.30768445,-1.0283551,1.8601259,0.3923053354024887,0.0,0.6
0.33879902326087363,0.19021289316157108,0.4156864784163026,78.48,-141557.75999999978,-0.72,-23592.959999999992,1.0,0.5370342112491286,10.505,0.0,0.30768445,-1.0283551,1.8601259,0.3923053354024887,0.0,0.6
0.32326975427055205,0.20601935931911006,0.419436116779329,76.86,-212336.6400000006,-0.72,0.0,1.0,0.36918240913114886,10.51,0.0,0.30768445,-1.0283551,1.8601259,0.3923053354024887,0.0,0.6
0.30938759176143027,0.22034975475104254,0.42310873861527615,75.06,-41.45957528597075,-0.72,0.0,1.0,0.8422193060090919,10.515,0.0,0.30768445,-1.0283551,1.8601259,0.3923053354024887,0.0,0.6
0.2948231667968699,0.23908482619464694,0.42560116281688,73.08,-125829.12000000026,-0.72,0.0,1.0,0.5370342112491286,10.52,0.0,1.7639079,-2.1380181,-1.6477282,0.6,0.0,0.0
0.27767314004765903,0.24030099071559066,0.4281178071111242,70.74,-306708.48000000045,-0.72,0.0,1.0,0.6743675038911121,10.525,0.0,1.7639079,-2.1380181,-1.6477282,0.6,0.0,0.0
0.2599998547440334,0.24708212229971127,0.4308179622406987,68.22,-352321.53599999944,-0.72,0.0,1.0,0.4302194280831415,10.53,0.0,1.7639079,-2.1380181,-1.6477282,0.6,0.0,0.0
0.2429732913541815,0.25559798678165596,0.43271921985594836,65.52,-390504.1655172418,-0.72,0.0,1.0,0.5980712302011213,10.535,0.0,1.7639079,-2.1380181,-1.6477282,0.6,0.0,0.0
0.22669214803503454,0.26997254685262845,0.43406677139113914,62.64,-389664.3716129026,-0.72,0.0,1.0,0.49125644703513416,10.540000000000001,8.522881865501404,1.6278017,0.17524567,3.7888653,0.6,0.3525737017393112,0.6
0.2143390016096357,0.28165265974980247,0.4355505009525572,59.58,-388926.3709090912,-0.72,0.0,1.0,0.7964415417950974,10.545,8.522881865501404,1.6278017,0.17524567,3.7888653,0.6,0.3525737017393112,0.6
0.20716519140783546,0.28380208499151094,0.43688857031403694,56.519999999999996,-401080.3200000003,-0.72,0.0,1.0,0.4302194280831415,10.55,8.522881865501404,1.6278017,0.17524567,3.7888653,0.6,0.3525737017393112,0.6
0.20499309043985967,0.28063531854277796,0.43808897315491596,53.28,-424673.27999999933,-0.72,0.0,1.0,0.7811822870570992,10.555,8.522881865501404,1.6278017,0.17524567,3.7888653,0.6,0.3525737017393112,0.6
0.20372588617916126,0.28584302134019984,0.43947843579712687,50.04,-73.47566657475147,-0.8999999999999999,-4.081981476375078,1.0,0.24710837122716356,10.56,20.0,0.58639026,-1.7108529,-3.2470717,0.47591707706451414,0.0,0.0
0.2037752579433671,0.2806460475419592,0.44136385213644386,46.8,-242670.44571428586,-0.8999999999999999,0.0,1.0,0.5522934659871268,10.565,20.0,0.58639026,-1.7108529,-3.2470717,0.47591707706451414,0.0,0.0
0.2068243232779207,0.2794724386186059,0.4419648902194712,43.379999999999995,-434682.4145454548,-0.8999999999999999,0.0,1.0,0.7659230323191011,10.57,20.0,0.58639026,-1.7108529,-3.2470717,0.47591707706451414,0.0,0.0
0.2131627713301344,0.26888143172190015,0.44033405239289414,39.96,-478150.65599999926,-0.8999999999999999,0.0,1.0,0.5828119754631231,10.575000000000001,20.0,0.58639026,-1.7108529,-3.2470717,0.47591707706451414,0.0,0.0
0.22025637560172642,0.25505176068192,0.43942222171988976,36.36,-503316.4800000002,-0.8999999999999999,0.0,1.0,0.567552720725125,10.58,8.522881865501404,-0.31072956,-2.0324051,-0.030158512,0.206781131029129,0.0,0.29095244631171224
0.23247236611330674,0.24102302820358132,0.4396546321010948,32.76,-471859.2000000002,-0.8999999999999999,0.0,1.0,0.8727378154850882,10.585,8.522881865501404,-0.31072956,-2.0324051,-0.030158512,0.206781131029129,0.0,0.29095244631171224
0.24987223842117065,0.2315023615437331,0.43924382739540097,29.34,-448266.23999999976,-0.8999999999999999,0.0,1.0,0.46073793755913783,10.59,8.522881865501404,-0.31072956,-2.0324051,-0.030158512,0.206781131029129,0.0,0.29095244631171224
0.26752639421143964,0.22206599153650353,0.4386307947678341,25.919999999999998,-462726.4412903228,-0.8999999999999999,0.0,1.0,0.8574785607470901,10.595,8.522881865501404,-0.31072956,-2.0324051,-0.030158512,0.206781131029129,0.0,0.29095244631171224
0.2848643286749002,0.21589207067073862,0.43834069224361555,22.68,-424673.2799999998,-0.8999999999999999,0.0,1.0,0.7201452681051066,10.6,0.0,0.124152906,-1.9076432,-2.9985423,0.3372458718717098,0.0,0.0
0.3040494589303761,0.2138857148011479,0.43732573135035885,19.8,-69.98363625829923,-1.08,-4.373977266143707,1.0,0.29288613544115805,10.605,0.0,0.124152906,-1.9076432,-2.9985423,0.3372458718717098,0.0,0.0
0.3201488970665438,0.2096374208240276,0.4367680610431209,17.099999999999998,-134816.91428571442,-1.08,0.0,1.0,0.29288613544115805,10.61,0.0,0.124152906,-1.9076432,-2.9985423,0.3372458718717098,0.0,0.0
0.3331422428288174,0.21225519768344764,0.4366195707387158,14.94,-266461.66588235274,-1.08,0.0,1.0,0.6285897396771176,10.615,0.0,0.124152906,-1.9076432,-2.9985423,0.3372458718717098,0.0,0.0
0.34646930178142876,0.21677141995732918,0.4349554444104068,13.139999999999999,-228780.21818181826,-1.08,0.0,1.0,0.33866389965515253,10.620000000000001,0.0,0.5475788,-1.5861953,-0.062807225,0.4642736434936523,0.0,0.28115783259272575
0.3561322025354213,0.20674548881604543,0.42924567494432053,12.059999999999999,-21778.116923076923,-1.08,0.0,1.0,0.5370342112491286,10.625,0.0,0.5475788,-1.5861953,-0.062807225,0.4642736434936523,0.0,0.28115783259272575
0.3605941296146595,0.2075479451223048,0.41654934740185146,11.34,-79471.02315789461,-1.08,0.0,1.0,0.6438489944151158,10.63,0.0,0.5475788,-1.5861953,-0.062807225,0.4642736434936523,0.0,0.28115783259272575
0.3636469771154938,0.18606462485241385,0.39991384268121005,11.34,0.0,-1.08,0.0,1.0,0.7659230323191011,10.635,0.0,0.5475788,-1.5861953,-0.062807225,0.4642736434936523,0.0,0.28115783259272575
0.36492186974819735,0.1620570786579082,0.38319332689054564,11.7,47185.919999999925,-1.08,0.0,1.0,0.5980712302011213,10.64,0.0,0.13977642,-0.49344778,-2.0207667,0.3419329270720482,0.15196566581726073,0.0
0.3640226996846545,0.1472992142482253,0.3699353383686322,12.42,16.31892615708845,-0.8999999999999999,4.079731539272112,1.0,0.7506637775811029,10.645,0.0,0.13977642,-0.49344778,-2.0207667,0.3419329270720482,0.15196566581726073,0.0
0.3625480920260277,0.14162062431938677,0.3594852878956136,13.68,73400.31999999999,-0.8999999999999999,0.0,1.0,0.46073793755913783,10.65,0.0,0.13977642,-0.49344778,-2.0207667,0.3419329270720482,0.15196566581726073,0.0
0.3611003374910225,0.10996642315261812,0.3463624501776342,15.299999999999999,205902.19636363626,-0.8999999999999999,0.0,1.0,0.7354045228431048,10.655,0.0,0.13977642,-0.49344778,-2.0207667,0.3419329270720482,0.15196566581726073,0.0
0.35769653327088274,0.10614764349151679,0.33262279436784126,17.099999999999998,251658.23999999985,-0.8999999999999999,0.0,1.0,0.2776268807031599,10.66,0.0,-0.9108269,1.8789057,0.91826403,0.02675192356109619,0.6,0.5754792094230652
0.3545077145477196,0.08712972955253312,0.3205900530515645,19.259999999999998,266461.665882353,-0.8999999999999999,0.0,1.0,0.5370342112491286,10.665000000000001,0.0,-0.9108269,1.8789057,0.91826403,0.02675192356109619,0.6,0.5754792094230652
0.35135491957834686,0.0808225709735977,0.30879208930364244,21.599999999999998,297414.28363636363,-0.72,22878.02181818181,1.0,0.5065157017731323,10.67,0.0,-0.9108269,1.8789057,0.91826403,0.02675192356109619,0.6,0.5754792094230652
0.34739195076614854,0.06786606598052684,0.2998259750974014,24.119999999999997,320292.3054545454,-0.72,0.0,1.0,0.5522934659871268,10.675,0.0,-0.9108269,1.8789057,0.91826403,0.02675192356109619,0.6,0.5754792094230652
0.3447883788125235,0.056799413588936025,0.2930782500911134,26.64,340956.32516129076,-0.72,0.0,1.0,0.3997009186071452,10.68,0.0,-1.2553037,1.9560713,2.801859,0.0,0.6,0.6
0.3412593157182734,0.04785089988156367,0.28613353554778015,29.16,330301.43999999994,-0.72,0.0,1.0,0.6438489944151158,10.685,0.0,-1.2553037,1.9560713,2.801859,0.0,0.6,0.6
0.3378235989856283,0.04189759745784389,0.2788704810903525,31.86,66.10099519620832,-0.72,0.0,1.0,0.41496017334514335,10.69,0.0,-1.2553037,1.9560713,2.801859,0.0,0.6,0.6
0.33487948875005136,0.04149427680238904,0.2736894275133541,34.56,195252.0827586209,-0.72,0.0,1.0,0.49125644703513416,10.695,0.0,-1.2553037,1.9560713,2.801859,0.0,0.6,0.6
0.33223550258756956,0.034357017995690874,0.26753890305812844,37.26,333077.08235294063,-0.72,0.0,1.0,0.5217749565111305,10.700000000000001,0.0,-0.97380984,1.7438856,2.2987065,0.007857048511505127,0.6,0.6
0.3300756407388158,0.04055396264694602,0.25758508670870844,39.78,293601.2800000004,-0.54,20971.519999999993,1.0,0.8269600512710937,10.705,0.0,-0.97380984,1.7438856,2.2987065,0.007857048511505127,0.6,0.6
0.32808299043938166,0.05313031127417977,0.24469856078406432,42.3,352321.53599999944,-0.54,0.0,1.0,0.24710837122716356,10.71,0.0,-0.97380984,1.7438856,2.2987065,0.007857048511505127,0.6,0.6
0.32599061425762027,0.05686726875707525,0.2359097274180712,44.82,320292.3054545458,-0.36,22878.021818181824,1.0,0.5065157017731323,10.715,0.0,-0.97380984,1.7438856,2.2987065,0.007857048511505127,0.6,0.6
0.32461447835438045,0.06825365956492652,0.2347338714737528,47.16,327155.7119999995,-0.18,25165.824,1.0,0.49125644703513416,10.72,0.0,-0.7408117,1.5900732,4.0892553,0.07775648832321166,0.6,0.6
0.3228591915219704,0.08832226165970583,0.23403041526285887,49.32,283115.5200000005,0.0,23592.96,1.0,0.6743675038911121,10.725,0.0,-0.7408117,1.5900732,4.0892553,0.07775648832321166,0.6,0.6
0.32136002336702324,0.11960320270157582,0.23269157869331858,51.48,48.80644654545447,0.36,8.134407757575758,1.0,0.5217749565111305,10.73,0.0,-0.7408117,1.5900732,4.0892553,0.07775648832321166,0.6,0.6
0.3192681066911116,0.13504337032729047,0.23856470121664708,53.46,150994.9440000003,0.72,27453.62618181818,1.0,0.6285897396771176,10.735,0.0,-0.7408117,1.5900732,4.0892553,0.07775648832321166,0.6,0.6
0.3122545433696881,0.15823993038880751,0.25054307245089874,55.44,267894.25548387057,1.08,48708.046451612914,1.0,0.29288613544115805,10.74,0.0,-0.69758296,1.7956517,4.686891,0.09072511196136475,0.6,0.6
0.296740092644913,0.1713818165337402,0.2633483481529625,57.239999999999995,251658.2399999996,1.26,25165.82399999999,1.0,0.949034089175079,10.745000000000001,0.0,-0.69758296,1.7956517,4.686891,0.09072511196136475,0.6,0.6
0.2773633879892041,0.18270654833840105,0.2775987701018194,59.04,260336.1103448282,1.26,0.0,1.0,0.5828119754631231,10.75,0.0,-0.69758296,1.7956517,4.686891,0.09072511196136475,0.6,0.6
0.25464680627181946,0.20670891872092648,0.2941696664973141,60.839999999999996,251658.2399999996,1.26,0.0,1.0,0.6896267586291103,10.755,0.0,-0.69758296,1.7956517,4.686891,0.09072511196136475,0.6,0.6
0.23127997894179148,0.22862629515055813,0.307858427634686,62.46,212336.6400000006,0.8999999999999999,-47185.92000000001,1.0,0.44547868282113967,10.76,0.0,0.6662927,0.21063644,2.1263363,0.4998878180980682,0.36319093108177186,0.6
0.20802179344510774,0.24003951695960837,0.32104946800374046,63.72,160146.15272727248,0.54,-45756.04363636362,1.0,0.6285897396771176,10.765,0.0,0.6662927,0.21063644,2.1263363,0.4998878180980682,0.36319093108177186,0.6
0.18609909001383088,0.25485144364710605,0.3345750646945467,64.98,170478.16258064585,0.18,-48708.04645161291,1.0,0.6285897396771176,10.77,0.0,0.6662927,0.21063644,2.1263363,0.4998878180980682,0.36319093108177186,0.6
0.16547411491798159,0.2650856231515073,0.34621495066134333,65.88,22.00399640929366,0.0,-4.400799281858773,1.0,0.7659230323191011,10.775,0.0,0.6662927,0.21063644,2.1263363,0.4998878180980682,0.36319093108177186,0.6
0.14768989372337568,0.2779455615206145,0.3559071595202557,66.24,28489.612075471654,-0.18,-14244.806037735849,1.0,0.7659230323191011,10.78,0.0,1.0437051,1.2251979,3.260303,0.6,0.6,0.6
0.13237170224403558,0.29522937133851607,0.36676376097870317,66.24,0.0,-0.18,0.0,1.0,0.7964415417950974,10.785,0.0,1.0437051,1.2251979,3.260303,0.6,0.6,0.6
0.11996531189403746,0.29884862860134337,0.37595445695761115,66.06,-24354.023225805453,-0.18,0.0,1.0,0.5065157017731323,10.790000000000001,0.0,1.0437051,1.2251979,3.260303,0.6,0.6,0.6
0.11154718363916452,0.3174906078728869,0.38379286663763484,65.52,-75497.47200000087,-0.36,-25165.824,1.0,0.8117007965330956,10.795,0.0,1.0437051,1.2251979,3.260303,0.6,0.6,0.6
0.1072039243518524,0.31979723682813277,0.39178631408368236,64.8,-94371.83999999985,-0.54,-23592.960000000006,1.0,0.5522934659871268,10.8,8.522881865501404,1.6563642,1.5231688,3.3089705,0.6,0.6,0.6
0.10627233998030468,0.3458304892869644,0.39827740051171806,63.54,-165150.71999999974,-0.72,-23592.959999999992,1.0,0.659108249153114,10.805,8.522881865501404,1.6563642,1.5231688,3.3089705,0.6,0.6,0.6
0.10920060957560554,0.35906512992033834,0.40362096775567685,61.919999999999995,-226492.41600000064,-0.54,25165.82399999999,1.0,0.3997009186071452,10.81,8.522881865501404,1.6563642,1.5231688,3.3089705,0.6,0.6,0.6
0.1121806504886601,0.3549530233870591,0.40923634281162063,60.12,-40.55711331123651,-0.72,-4.055711331123656,1.0,0.6743675038911121,10.815,8.522881865501404,1.6563642,1.5231688,3.3089705,0.6,0.6,0.6
0.11619193783211992,0.3670556702207254,0.4141184670902414,57.96,-100663.29599999984,-0.72,0.0,1.0,0.44547868282113967,10.82,20.0,-0.34796172,2.0801814,4.904327,0.19561148285865784,0.6,0.6
0.13063149020046985,0.36356324570921594,0.4179387581036887,55.62,-239382.22829268328,-0.72,0.0,1.0,0.7964415417950974,10.825000000000001,20.0,-0.34796172,2.0801814,4.904327,0.19561148285865784,0.6,0.6
0.15178634930706486,0.34975118249269527,0.42192945464500353,53.1,-320292.30545454496,-0.72,0.0,1.0,0.6133304849391195,10.83,20.0,-0.34796172,2.0801814,4.904327,0.19561148285865784,0.6,0.6
0.16886843897488654,0.3668529314891173,0.42609221319937574,50.4,-353894.4000000004,-0.72,0.0,1.0,0.5217749565111305,10.835,20.0,-0.34796172,2.0801814,4.904327,0.19561148285865784,0.6,0.6
0.1864849602644035,0.37147967206043575,0.42865014545374247,47.519999999999996,-355282.2211764709,-0.72,0.0,1.0,0.46073793755913783,10.84,8.522881865501404,-1.5539216,1.274057,5.1477237,0.0,0.6,0.6
0.20420804138859064,0.3697425123283056,0.4310021984879214,44.64,-355282.22117647005,-0.72,0.0,1.0,0.6285897396771176,10.845,8.522881865501404,-1.5539216,1.274057,5.1477237,0.0,0.6,0.6
0.21957710801975583,0.38332617625306115,0.4328340216639376,41.4,-438372.4180645164,-0.72,0.0,1.0,0.5065157017731323,10.85,8.522881865501404,-1.5539216,1.274057,5.1477237,0.0,0.6,0.6
0.23282861807072444,0.3818235589043263,0.43398508562910176,38.339999999999996,-414018.39483870997,-0.72,0.0,1.0,0.5828119754631231,10.855,8.522881865501404,-1.5539216,1.274057,5.1477237,0.0,0.6,0.6
0.24852327213115943,0.39130307577368745,0.4343456018474249,34.92,-82.88803055605301,-0.8999999999999999,-4.362527924002795,1.0,0.384441663869147,10.86,0.0,0.55393225,-2.4025326,-3.200047,0.4661796748638153,0.0,0.0
0.26218568816437826,0.3978431014328498,0.434423439427714,31.68,-178809.80210526325,-0.8999999999999999,0.0,1.0,0.8117007965330956,10.865,0.0,0.55393225,-2.4025326,-3.200047,0.4661796748638153,0.0,0.0
0.2702187886698839,0.39947217787551165,0.43416752942994263,28.439999999999998,-357619.6042105265,-0.8999999999999999,0.0,1.0,0.5522934659871268,10.870000000000001,0.0,0.55393225,-2.4025326,-3.200047,0.4661796748638153,0.0,0.0
0.27478885793505287,0.40483897374863015,0.43396619282431403,25.38,-366702.0068571427,-0.8999999999999999,0.0,1.0,0.6896267586291103,10.875,0.0,0.55393225,-2.4025326,-3.200047,0.4661796748638153,0.0,0.0
0.27912832530851295,0.419890207019394,0.4336003871785507,22.14,-399692.4988235292,-0.8999999999999999,0.0,1.0,0.41496017334514335,10.88,0.0,1.9745799,-1.8913602,-1.5162739,0.6,0.0,0.0
0.28111335466524007,0.41452865435319725,0.433680081781836,19.259999999999998,-326475.55459459487,-0.8999999999999999,0.0,1.0,0.7201452681051066,10.885,0.0,1.9745799,-1.8913602,-1.5162739,0.6,0.0,0.0
0.28355354482252354,0.4201858472013684,0.43341605022178636,16.56,-343170.32727272715,-0.8999999999999999,0.0,1.0,0.29288613544115805,10.89,0.0,1.9745799,-1.8913602,-1.5162739,0.6,0.0,0.0
0.28687384584793696,0.4257944116527893,0.4333546336349322,14.04,-340956.32516129024,-0.8999999999999999,0.0,1.0,0.6896267586291103,10.895,0.0,1.9745799,-1.8913602,-1.5162739,0.6,0.0,0.0
0.2885678811386761,0.4268736587816505,0.4339461189981899,11.879999999999999,-50.103399181506475,-1.08,-4.175283265125543,1.0,0.475997192297136,10.9,8.522881865501404,1.9700676,-1.2690885,-2.0877702,0.6,0.0,0.0
0.2887081041441973,0.4296105398114841,0.43328557348954355,9.9,-112225.97189189182,-1.08,0.0,1.0,0.49125644703513416,10.905,8.522881865501404,1.9700676,-1.2690885,-2.0877702,0.6,0.0,0.0
0.2809094558656752,0.4324573117928139,0.4317300314359937,8.459999999999999,-167772.16000000015,-1.08,0.0,1.0,0.33866389965515253,10.91,8.522881865501404,1.9700676,-1.2690885,-2.0877702,0.6,0.0,0.0
0.27269842676398853,0.42887831499784324,0.43077752772996997,7.199999999999999,-155435.97176470584,-1.08,0.0,1.0,0.46073793755913783,10.915000000000001,8.522881865501404,1.9700676,-1.2690885,-2.0877702,0.6,0.0,0.0
0.27144250384377583,0.4226725919633029,0.4302645016760317,6.4799999999999995,-104134.444137931,-1.08,0.0,1.0,0.5217749565111305,10.92,20.0,0.88513464,-1.197887,2.2681203,0.5655403912067413,0.0,0.6
0.27035600805784493,0.4235941383431664,0.4274790405829303,5.9399999999999995,-73062.06967741936,-1.08,0.0,1.0,0.7048860133671084,10.925,20.0,0.88513464,-1.197887,2.2681203,0.5655403912067413,0.0,0.6
0.2691416610938866,0.4221764160685338,0.4205325644625653,5.9399999999999995,0.0,-1.08,0.0,1.0,0.3997009186071452,10.93,20.0,0.88513464,-1.197887,2.2681203,0.5655403912067413,0.0,0.6
0.2707044957610961,0.4064318812892183,0.40357111500332515,6.3,45756.043636363676,-0.8999999999999999,22878.021818181838,1.0,0.7048860133671084,10.935,20.0,0.88513464,-1.197887,2.2681203,0.5655403912067413,0.0,0.6
0.2709354603198475,0.3912473371585073,0.38099625811489113,7.02,100663.29599999996,-0.8999999999999999,0.0,1.0,0.5370342112491286,10.94,8.522881865501404,0.88264793,-1.5990605,0.009718828,0.5647943794727325,0.0,0.3029156483709812
0.2703750287145339,0.36642630897763984,0.35499863760932665,8.1,24.545770562512534,-0.8999999999999999,0.0,1.0,0.6285897396771176,10.945,8.522881865501404,0.88264793,-1.5990605,0.009718828,0.5647943794727325,0.0,0.3029156483709812
0.27407771177928625,0.352821089728201,0.3286085090736754,9.36,99713.64226415093,-0.8999999999999999,0.0,1.0,0.384441663869147,10.950000000000001,8.522881865501404,0.88264793,-1.5990605,0.009718828,0.5647943794727325,0.0,0.3029156483709812
0.2870255977950841,0.3229027167497857,0.3017997695785498,10.98,219186.2090322582,-0.8999999999999999,0.0,1.0,0.659108249153114,10.955,8.522881865501404,0.88264793,-1.5990605,0.009718828,0.5647943794727325,0.0,0.3029156483709812
0.30078446598239816,0.2864983233824704,0.27656810060929576,12.78,243540.23225806438,-0.8999999999999999,0.0,1.0,0.3539231543931507,10.96,0.0,0.3811113,-1.605457,0.8263756,0.41433338820934296,0.0,0.5479126811027527
0.31196124191690255,0.2510620008733428,0.2522980953391838,14.94,292248.27870967746,-0.8999999999999999,0.0,1.0,0.8879970702230864,10.965,0.0,0.3811113,-1.605457,0.8263756,0.41433338820934296,0.0,0.5479126811027527
0.3264335946947411,0.21799440458538794,0.2357976030736937,17.28,297414.28363636386,-0.8999999999999999,0.0,1.0,0.44547868282113967,10.97,0.0,0.3811113,-1.605457,0.8263756,0.41433338820934296,0.0,0.5479126811027527
0.3403784999312305,0.19885482818323688,0.23076332114870549,19.98,343170.32727272715,-0.8999999999999999,0.0,1.0,0.7659230323191011,10.975,0.0,0.3811113,-1.605457,0.8263756,0.41433338820934296,0.0,0.5479126811027527
0.35077285616950166,0.17292057156020568,0.22818128095832943,22.86,377487.35999999987,-0.72,23592.959999999992,1.0,0.29288613544115805,10.98,0.0,0.07118623,-0.39396763,5.1627517,0.3213558688759804,0.18180971145629882,0.6
0.36230162501693314,0.15654949577639998,0.22574452824248728,25.919999999999998,414018.3948387095,-0.72,0.0,1.0,0.567552720725125,10.985,0.0,0.07118623,-0.39396763,5.1627517,0.3213558688759804,0.18180971145629882,0.6
0.3731627352363234,0.13137395438010488,0.22819042826174576,29.16,77.33679886637192,-0.72,0.0,1.0,0.6438489944151158,10.99,0.0,0.07118623,-0.39396763,5.1627517,0.3213558688759804,0.18180971145629882,0.6
0.38130409386814684,0.11025271888332666,0.23436863442813943,32.4,271790.89919999987,-0.72,0.0,1.0,0.5828119754631231,10.995000000000001,0.0,0.07118623,-0.39396763,5.1627517,0.3213558688759804,0.18180971145629882,0.6
0.38975936597913186,0.10216280867351012,0.241032457856769,35.82,409843.41942857165,-0.72,0.0,1.0,0.5522934659871268,11.0,0.0,0.59778655,-0.34163883,3.2334793,0.4793359637260437,0.19750835001468658,0.6
0.39758261980631776,0.09464345010996672,0.25122182092219464,39.42,503316.4800000002,-0.72,0.0,1.0,0.7811822870570992,11.005,0.0,0.59778655,-0.34163883,3.2334793,0.4793359637260437,0.19750835001468658,0.6
0.4035014717959775,0.08893423490707161,0.2625139560222776,43.019999999999996,503316.4799999992,-0.72,0.0,1.0,0.5065157017731323,11.01,0.0,0.59778655,-0.34163883,3.2334793,0.4793359637260437,0.19750835001468658,0.6
0.4081501874469984,0.07753500960798537,0.2712179385409064,46.44,448266.2400000002,-0.72,0.0,1.0,0.44547868282113967,11.015,0.0,0.59778655,-0.34163883,3.2334793,0.4793359637260437,0.19750835001468658,0.6
0.41130293712725713,0.07247194496688684,0.28209495895243364,50.04,503316.4800000002,-0.72,0.0,1.0,0.475997192297136,11.02,0.0,0.71056885,-0.10100023,4.9372606,0.5131706535816193,0.2696999318897724,0.6
0.4125129471308887,0.0675250207513305,0.2962038783837852,53.64,487080.4645161292,-0.72,0.0,1.0,0.567552720725125,11.025,0.0,0.71056885,-0.10100023,4.9372606,0.5131706535816193,0.2696999318897724,0.6
0.41128483752092815,0.05717046547378918,0.3091372164552003,57.059999999999995,79.3334532362163,-0.72,0.0,1.0,0.32340464491715437,11.03,0.0,0.71056885,-0.10100023,4.9372606,0.5131706535816193,0.2696999318897724,0.6
0.4094621017136536,0.05682953629141092,0.3211773002817082,60.48,214097.30865671652,-0.72,0.0,1.0,0.7354045228431048,11.035,0.0,0.71056885,-0.10100023,4.9372606,0.5131706535816193,0.2696999318897724,0.6
0.40840295958247075,0.06326613568875586,0.33456601820881726,63.72,399692.49882352963,-0.72,0.0,1.0,0.33866389965515253,11.040000000000001,0.0,1.517584,-1.2069381,1.1991305,0.6,0.0,0.6
0.4064699216958359,0.06248550413545088,0.34662841888530055,66.96,438372.41806451546,-0.72,0.0,1.0,0.6285897396771176,11.045,0.0,1.517584,-1.2069381,1.1991305,0.6,0.0,0.6
0.4055461226155968,0.05757317567661338,0.35728864319038767,70.02,427819.0080000003,-0.72,0.0,1.0,0.6438489944151158,11.05,0.0,1.517584,-1.2069381,1.1991305,0.6,0.0,0.6
0.4051187259728257,0.05961115111498214,0.36829762524349074,73.08,414018.39483870997,-0.72,0.0,1.0,0.6743675038911121,11.055,0.0,1.517584,-1.2069381,1.1991305,0.6,0.0,0.6
0.4043835939611643,0.07568200571530291,0.37923012926141714,75.78,323560.5942857146,-0.72,0.0,1.0,0.3539231543931507,11.06,0.0,1.1698756,-1.0099162,4.057634,0.6,0.0,0.6
0.4044025317698127,0.0797553213864281,0.3881556150345324,78.11999999999999,316602.3019354824,-0.72,0.0,1.0,0.6438489944151158,11.065,0.0,1.1698756,-1.0099162,4.057634,0.6,0.0,0.6
0.40504167312593536,0.10874360984357856,0.397267813360762,80.28,283115.5200000014,-0.72,0.0,1.0,0.384441663869147,11.07,0.0,1.1698756,-1.0099162,4.057634,0.6,0.0,0.6
0.4058236811335785,0.13238607596125718,0.40528436511756105,82.08,42.629372903750316,-0.54,4.262937290375037,1.0,0.949034089175079,11.075000000000001,0.0,1.1698756,-1.0099162,4.057634,0.6,0.0,0.6
0.4081757205041534,0.14391841520228538,0.4116369169144013,83.52,69422.96275862058,-0.54,0.0,1.0,0.32340464491715437,11.08,0.0,1.8287553,-1.468219,0.38968143,0.6,0.0,0.4169044286012649
0.4109959393413099,0.14627896333381124,0.41835229423550746,84.24,71902.35428571417,-0.54,0.0,1.0,0.7201452681051066,11.085,0.0,1.8287553,-1.468219,0.38968143,0.6,0.0,0.4169044286012649
0.41318841870256073,0.14253056229400524,0.4245738686694885,84.6,47185.919999999925,-0.54,0.0,1.0,0.49125644703513416,11.09,0.0,1.8287553,-1.468219,0.38968143,0.6,0.0,0.4169044286012649
0.4163416582454442,0.1419446379114268,0.4291493704527953,84.42,-25165.823999998967,-0.54,0.0,1.0,0.7354045228431048,11.095,0.0,1.8287553,-1.468219,0.38968143,0.6,0.0,0.4169044286012649
0.42074008809675906,0.14158874682569392,0.433210829816473,84.06,-44410.277647058756,-0.72,-22205.138823529403,1.0,0.5522934659871268,11.1,0.0,1.390063,-1.0092964,-1.4463483,0.6,0.0,0.0
0.42449961742490633,0.1351232223889608,0.4375804027127766,83.16,-114390.10909090981,-0.72,0.0,1.0,0.8117007965330956,11.105,0.0,1.390063,-1.0092964,-1.4463483,0.6,0.0,0.0
0.42859029557322803,0.14250775928583598,0.4406453127205458,81.89999999999999,-176160.7680000007,-0.72,0.0,1.0,0.384441663869147,11.11,0.0,1.390063,-1.0092964,-1.4463483,0.6,0.0,0.0
0.4331572665274107,0.13177679050517221,0.443950261276915,80.46,-33.37568665590941,-0.72,0.0,1.0,0.8117007965330956,11.115,0.0,1.390063,-1.0092964,-1.4463483,0.6,0.0,0.0
0.43683295485683127,0.13457962276043742,0.44760418079370456,78.84,-106168.31999999937,-0.72,0.0,1.0,0.49125644703513416,11.120000000000001,0.0,0.62813604,-1.4487152,-0.15408051,0.4884408116340637,0.0,0.2537758469581604
0.4408132649592554,0.11378157946865276,0.4501294486054209,77.22,-178809.80210526366,-0.8999999999999999,-19867.75578947368,1.0,0.7506637775811029,11.125,0.0,0.62813604,-1.4487152,-0.15408051,0.4884408116340637,0.0,0.2537758469581604
0.4450208029287602,0.10406420678494199,0.451221827706307,75.24,-267894.2554838715,-0.8999999999999999,0.0,1.0,0.5370342112491286,11.13,0.0,0.62813604,-1.4487152,-0.15408051,0.4884408116340637,0.0,0.2537758469581604
0.44909749089335715,0.11257271170108091,0.4515018706089954,73.44,-235929.59999999963,-0.8999999999999999,0.0,1.0,0.6743675038911121,11.135,0.0,0.62813604,-1.4487152,-0.15408051,0.4884408116340637,0.0,0.2537758469581604
0.45299199441779114,0.09158099709964938,0.45136693253528554,71.46,-244256.52705882402,-0.8999999999999999,0.0,1.0,0.5065157017731323,11.14,0.0,0.3250826,-1.9608289,1.510239,0.3975247800350189,0.0,0.6
0.45729405626989084,0.07192585116976062,0.45002090800142813,69.48,-224451.94378378263,-0.8999999999999999,0.0,1.0,0.8117007965330956,11.145,0.0,0.3250826,-1.9608289,1.510239,0.3975247800350189,0.0,0.6
0.4610829608992839,0.05984782669313386,0.44776116889737144,67.67999999999999,-235929.6000000015,-0.8999999999999999,0.0,1.0,0.41496017334514335,11.15,0.0,0.3250826,-1.9608289,1.510239,0.3975247800350189,0.0,0.6
0.4642982375930152,0.03703826010959398,0.4472940348598261,65.7,-286369.72137930884,-0.8999999999999999,0.0,1.0,0.8574785607470901,11.155,0.0,0.3250826,-1.9608289,1.510239,0.3975247800350189,0.0,0.6
0.46853040050313394,0.027562454976785913,0.4455950768221795,63.72,-47.1765383020423,-0.8999999999999999,0.0,1.0,0.2623676259651617,11.16,0.0,0.034862854,-1.5375702,0.05681882,0.3104588560760021,0.0,0.31704564616084097
0.47274339581283487,0.034774624112791926,0.4411351679073271,62.099999999999994,-117151.24965517274,-0.8999999999999999,0.0,1.0,0.44547868282113967,11.165000000000001,0.0,0.034862854,-1.5375702,0.05681882,0.3104588560760021,0.0,0.31704564616084097
0.47580362108066937,0.0233758974533019,0.4310961193086453,60.3,-215707.0628571425,-0.8999999999999999,0.0,1.0,0.3081453901791562,11.17,0.0,0.034862854,-1.5375702,0.05681882,0.3104588560760021,0.0,0.31704564616084097
0.4788608762841924,0.029899747939344173,0.41588047877203416,58.86,-188743.6799999997,-0.8999999999999999,0.0,1.0,0.8422193060090919,11.175,0.0,0.034862854,-1.5375702,0.05681882,0.3104588560760021,0.0,0.31704564616084097
0.4809501952547902,0.019659732255005568,0.3977650630525283,57.419999999999995,-188743.68000000063,-0.8999999999999999,0.0,1.0,0.49125644703513416,11.18,0.0,0.20729722,-1.649338,1.0715047,0.3621891662478447,0.0,0.6
0.48236661321886565,0.0207881023417095,0.38150189581430116,56.16,-150994.94399999976,-0.8999999999999999,0.0,1.0,0.7811822870570992,11.185,0.0,0.20729722,-1.649338,1.0715047,0.3621891662478447,0.0,0.6
0.4832389240666413,0.0028174028718341813,0.37027542521349904,55.08,-137268.1309090907,-0.8999999999999999,0.0,1.0,0.44547868282113967,11.19,0.0,0.20729722,-1.649338,1.0715047,0.3621891662478447,0.0,0.6
0.4843252908780256,-0.0025275027074992454,0.3659917349157119,54.36,-88820.55529411751,-0.8999999999999999,0.0,1.0,0.49125644703513416,11.195,0.0,0.20729722,-1.649338,1.0715047,0.3621891662478447,0.0,0.6
0.48506287172134144,-0.009875930679391048,0.3642835155365843,53.64,-16.67402232847817,-0.8999999999999999,0.0,1.0,0.49125644703513416,11.200000000000001,0.0,-0.54722285,-0.24515358,1.0649601,0.13583314418792725,0.22645392715930937,0.6
0.48546318671061306,-0.00318887249065608,0.36119074905587134,53.28,-18641.351111111082,-0.8999999999999999,0.0,1.0,0.8422193060090919,11.205,0.0,-0.54722285,-0.24515358,1.0649601,0.13583314418792725,0.22645392715930937,0.6
0.4852488965384569,-0.02216558322661164,0.3607157289837189,53.1,-19358.326153846123,-0.8999999999999999,0.0,1.0,0.4302194280831415,11.21,0.0,-0.54722285,-0.24515358,1.0649601,0.13583314418792725,0.22645392715930937,0.6
0.4852627851523521,-0.026702170843595774,0.361148387095935,53.1,0.0,-0.8999999999999999,0.0,1.0,0.659108249153114,11.215,0.0,-0.54722285,-0.24515358,1.0649601,0.13583314418792725,0.22645392715930937,0.6
0.4831158133526149,-0.014769684802228946,0.36087951513998107,53.28,25165.82399999996,-0.8999999999999999,0.0,1.0,0.2776268807031599,11.22,0.0,-1.1187928,1.6620315,2.4574347,0.0,0.6,0.6
0.4823752628554132,-0.0014135923819078085,0.3613382833483293,53.46,22205.138823529378,-0.8999999999999999,0.0,1.0,0.7811822870570992,11.225,0.0,-1.1187928,1.6620315,2.4574347,0.0,0.6,0.6
0.48201621778395254,-0.008332265878169398,0.3623027122266307,54.0,68634.06545454534,-0.8999999999999999,0.0,1.0,0.2623676259651617,11.23,0.0,-1.1187928,1.6620315,2.4574347,0.0,0.6,0.6
0.4788914675968132,-0.018537681325789337,0.3622753984636602,54.54,70778.87999999989,-0.72,23592.959999999992,1.0,0.5370342112491286,11.235,0.0,-1.1187928,1.6620315,2.4574347,0.0,0.6,0.6
0.4754256186575397,-0.013634785324296506,0.36287899330947526,55.26,97416.09290322565,-0.72,0.0,1.0,0.36918240913114886,11.24,0.0,-1.2736604,2.1376388,2.5308266,0.0,0.6,0.6
0.47207982866531134,-0.014654027882344314,0.36703197593470194,55.98,17.462321063039905,-0.72,0.0,1.0,0.659108249153114,11.245000000000001,0.0,-1.2736604,2.1376388,2.5308266,0.0,0.6,0.6
0.4667693309134945,-0.0031585637603916703,0.37455470736494256,56.879999999999995,49024.33246753239,-0.72,0.0,1.0,0.6285897396771176,11.25,0.0,-1.2736604,2.1376388,2.5308266,0.0,0.6,0.6
0.4525869829246322,-0.0031528568229458108,0.38195254939363155,57.599999999999994,81618.88864864851,-0.72,0.0,1.0,0.659108249153114,11.255,0.0,-1.2736604,2.1376388,2.5308266,0.0,0.6,0.6
0.4332247067829826,-0.005872595548828639,0.3921143053202915,58.32,86282.82514285785,-0.72,0.0,1.0,0.5217749565111305,11.26,0.0,-1.182158,2.2294214,3.2066388,0.0,0.6,0.6
0.41700365170345544,0.024044282768596884,0.40371522489579414,59.04,91512.08727272713,-0.72,0.0,1.0,0.6285897396771176,11.265,0.0,-1.182158,2.2294214,3.2066388,0.0,0.6,0.6
0.39872355049005803,0.04029235439219292,0.4132478877307666,59.58,66615.41647058813,-0.72,0.0,1.0,0.3081453901791562,11.27,0.0,-1.182158,2.2294214,3.2066388,0.0,0.6,0.6
0.38048659692981435,0.059244423039952455,0.4231222413502896,60.12,68634.06545454534,-0.72,0.0,1.0,0.567552720725125,11.275,0.0,-1.182158,2.2294214,3.2066388,0.0,0.6,0.6
0.3644142143119946,0.06363744885516982,0.43251483537852276,60.48,45756.04363636357,-0.8999999999999999,-22878.02181818181,1.0,0.49125644703513416,11.28,0.0,-1.7617257,2.6657557,5.2918434,0.0,0.6,0.6
0.34901423034722867,0.08404136627327759,0.43933587672260715,60.839999999999996,8.12403525196112,-0.8999999999999999,0.0,1.0,0.7354045228431048,11.285,0.0,-1.7617257,2.6657557,5.2918434,0.0,0.6,0.6
0.32986483273612915,0.09740835584914637,0.44589730983811954,61.019999999999996,9679.163076923061,-0.8999999999999999,0.0,1.0,0.5522934659871268,11.290000000000001,0.0,-1.7617257,2.6657557,5.2918434,0.0,0.6,0.6
0.30898411850317664,0.11796777294858826,0.45221353505871625,61.199999999999996,18874.36799999997,-0.8999999999999999,0.0,1.0,0.7354045228431048,11.295,0.0,-1.7617257,2.6657557,5.2918434,0.0,0.6,0.6
0.28495487745187553,0.13856292115755836,0.45643061781888133,61.199999999999996,0.0,-0.8999999999999999,0.0,1.0,0.384441663869147,11.3,0.0,-1.8582041,2.01156,5.9412527,0.0,0.6,0.6
0.2612906059924542,0.16227750954840361,0.45972535071286835,61.199999999999996,0.0,-0.8999999999999999,0.0,1.0,0.44547868282113967,11.305,0.0,-1.8582041,2.01156,5.9412527,0.0,0.6,0.6
0.2367187810638054,0.1763915945700227,0.4626734714497754,61.019999999999996,-25165.82399999996,-0.8999999999999999,0.0,1.0,0.20133060701316907,11.31,0.0,-1.8582041,2.01156,5.9412527,0.0,0.6,0.6
0.21376192313870718,0.19179908489421207,0.46449429398815995,60.66,-45756.04363636357,-0.8999999999999999,0.0,1.0,0.6743675038911121,11.315,0.0,-1.8582041,2.01156,5.9412527,0.0,0.6,0.6
0.19111347543367224,0.20434301091619983,0.4656970358066093,60.3,-50331.64799999992,-0.8999999999999999,0.0,1.0,0.2776268807031599,11.32,0.0,-0.34350333,-0.9579228,3.6857133,0.19694900214672087,0.012623155117034912,0.6
0.17071357738572357,0.21967942649533737,0.46683308971162346,59.76,-75497.47199999988,-0.8999999999999999,0.0,1.0,0.7811822870570992,11.325000000000001,0.0,-0.34350333,-0.9579228,3.6857133,0.19694900214672087,0.012623155117034912,0.6
0.15242612954783838,0.2387387850926301,0.46727319825035674,59.22,-13.123908680032429,-0.8999999999999999,0.0,1.0,0.41496017334514335,11.33,0.0,-0.34350333,-0.9579228,3.6857133,0.19694900214672087,0.012623155117034912,0.6
0.13317809176278114,0.2580166778104397,0.46793393474854683,58.5,-40265.31839999994,-0.8999999999999999,0.0,1.0,0.8117007965330956,11.335,0.0,-0.34350333,-0.9579228,3.6857133,0.19694900214672087,0.012623155117034912,0.6
0.12046837509225095,0.274742544135464,0.4679673911786822,57.599999999999994,-99338.77894736905,-0.8999999999999999,0.0,1.0,0.5980712302011213,11.34,0.0,1.9220136,-1.8595377,0.8691547,0.6,0.0,0.5607464075088501
0.10932047571559957,0.28879708865192383,0.46819721950016535,56.519999999999996,-129424.23771428551,-0.8999999999999999,0.0,1.0,0.5370342112491286,11.345,0.0,1.9220136,-1.8595377,0.8691547,0.6,0.0,0.5607464075088501
0.09866411144931517,0.30325756446229035,0.4681752538946592,55.44,-146124.13935483847,-0.8999999999999999,0.0,1.0,0.567552720725125,11.35,0.0,1.9220136,-1.8595377,0.8691547,0.6,0.0,0.5607464075088501
0.07952716486763389,0.3055332215978082,0.46804939469474943,54.18,-160146.15272727248,-0.8999999999999999,0.0,1.0,0.5980712302011213,11.355,0.0,1.9220136,-1.8595377,0.8691547,0.6,0.0,0.5607464075088501
0.07124288026850109,0.32028840356155897,0.4679168704315594,52.559999999999995,-205902.19636363693,-0.8999999999999999,0.0,1.0,0.36918240913114886,11.36,8.522881865501404,2.2686462,-1.2808248,0.95299995,0.6,0.0,0.5858999848365783
0.06224198709529425,0.33300735112047186,0.4678445749183635,50.94,-158017.96465116253,-0.8999999999999999,0.0,1.0,0.6743675038911121,11.365,8.522881865501404,2.2686462,-1.2808248,0.95299995,0.6,0.0,0.5858999848365783
0.047210191260812814,0.33798106166800124,0.46766265817462144,49.14,-228780.21818181782,-0.8999999999999999,0.0,1.0,0.44547868282113967,11.370000000000001,8.522881865501404,2.2686462,-1.2808248,0.95299995,0.6,0.0,0.5858999848365783
0.03654064821804107,0.3406272473249869,0.46716508724257994,47.16,-45.02155967928189,-0.8999999999999999,0.0,1.0,0.7048860133671084,11.375,8.522881865501404,2.2686462,-1.2808248,0.95299995,0.6,0.0,0.5858999848365783
0.026336854177392063,0.34398563916147784,0.4673252508558152,45.18,-140757.9986440676,-0.8999999999999999,0.0,1.0,0.21658986175116723,11.38,20.0,1.105873,-1.2330929,2.9209855,0.6,0.0,0.6
0.03370363982187764,0.3421920368389924,0.46671666720206373,43.019999999999996,-232299.91384615423,-0.8999999999999999,0.0,1.0,0.5980712302011213,11.385,20.0,1.105873,-1.2330929,2.9209855,0.6,0.0,0.6
0.029316910317606297,0.330675723368687,0.46694340956299574,40.86,-292248.27870967693,-0.8999999999999999,0.0,1.0,0.5980712302011213,11.39,20.0,1.105873,-1.2330929,2.9209855,0.6,0.0,0.6
0.04097133131048363,0.33027477410188233,0.46668381741332654,38.519999999999996,-327155.71200000047,-0.8999999999999999,0.0,1.0,0.6133304849391195,11.395,20.0,1.105873,-1.2330929,2.9209855,0.6,0.0,0.6
0.06026325504105529,0.3208962415446679,0.4670733116914517,36.36,-274536.2618181814,-0.8999999999999999,0.0,1.0,0.36918240913114886,11.4,8.522881865501404,1.3140426,-1.4625839,1.6661875,0.6,0.0,0.6
0.09082393170131657,0.3126859471282516,0.46820835040328374,33.839999999999996,-352321.53600000043,-0.8999999999999999,0.0,1.0,0.7201452681051066,11.405,8.522881865501404,1.3140426,-1.4625839,1.6661875,0.6,0.0,0.6
0.1095575646364019,0.278677865484964,0.4692617354838908,31.5,-316602.30193548335,-0.8999999999999999,0.0,1.0,0.49125644703513416,11.41,8.522881865501404,1.3140426,-1.4625839,1.6661875,0.6,0.0,0.6
0.12891582614194755,0.26074051657939457,0.47015907233633897,28.98,-58.469163425954086,-0.8999999999999999,0.0,1.0,0.7659230323191011,11.415000000000001,8.522881865501404,1.3140426,-1.4625839,1.6661875,0.6,0.0,0.6
0.14001095795931365,0.23178635355372637,0.47204317826938175,26.279999999999998,-155131.7917808221,-0.8999999999999999,0.0,1.0,0.44547868282113967,11.42,0.0,1.211127,-1.9358292,-3.670382,0.6,0.0,0.0
0.1542566589775171,0.2040393547916196,0.4736194870665952,23.759999999999998,-285666.1102702702,-0.8999999999999999,0.0,1.0,0.567552720725125,11.425,0.0,1.211127,-1.9358292,-3.670382,0.6,0.0,0.0
0.170000388762338,0.18851604591154128,0.474776785447816,21.06,-343170.32727272715,-0.8999999999999999,0.0,1.0,0.384441663869147,11.43,0.0,1.211127,-1.9358292,-3.670382,0.6,0.0,0.0
0.18955586247143358,0.1658888119800921,0.47531293422738,18.36,-353894.3999999999,-0.8999999999999999,0.0,1.0,0.7811822870570992,11.435,0.0,1.211127,-1.9358292,-3.670382,0.6,0.0,0.0
0.2056421394118536,0.1326174214707952,0.47557758374302217,15.84,-340956.32516129024,-0.8999999999999999,0.0,1.0,0.018219550157191122,11.44,0.0,0.55606586,-1.5744649,-0.5768724,0.46681975722312924,0.0,0.12693827748298644
0.2222299658856495,0.12870690540424712,0.4755310374882008,13.32,-320292.3054545454,-1.08,-22878.021818181838,1.0,0.7811822870570992,11.445,0.0,0.55606586,-1.5744649,-0.5768724,0.46681975722312924,0.0,0.12693827748298644
0.24144713588172437,0.11491158600505894,0.4755544511602954,11.16,-283115.52,-1.08,0.0,1.0,0.5522934659871268,11.450000000000001,0.0,0.55606586,-1.5744649,-0.5768724,0.46681975722312924,0.0,0.12693827748298644
0.2572054365524832,0.10469586526628344,0.47539517571378276,9.18,-259522.56000000006,-1.08,0.0,1.0,0.8117007965330956,11.455,0.0,0.55606586,-1.5744649,-0.5768724,0.46681975722312924,0.0,0.12693827748298644
0.2700008857258321,0.09683276826230054,0.47507566051106476,7.56,-38.72967253948621,-1.08,0.0,1.0,0.2623676259651617,11.46,0.0,0.4707796,-1.1832044,-3.3542275,0.441233879327774,0.0,0.0
0.2874545821754291,0.0818464075252425,0.4735937757695937,6.4799999999999995,-79471.02315789474,-1.08,0.0,1.0,0.7048860133671084,11.465,0.0,0.4707796,-1.1832044,-3.3542275,0.441233879327774,0.0,0.0
0.3020812360896046,0.06491658447155103,0.47237529683925167,5.76,-94371.83999999997,-1.08,0.0,1.0,0.4302194280831415,11.47,0.0,0.4707796,-1.1832044,-3.3542275,0.441233879327774,0.0,0.0
0.3133830319105261,0.0641142312063433,0.47198793015430124,5.58,-26033.611034482718,-1.08,0.0,1.0,1.2542191839350423,11.475,0.0,0.4707796,-1.1832044,-3.3542275,0.441233879327774,0.0,0.0
0.3266479254459195,0.049241933589294,0.47017062318230374,5.9399999999999995,52067.222068965435,-1.08,0.0,1.0,0.04873805963318745,11.48,0.0,0.4526103,-0.506856,-0.73654974,0.43578309416770933,0.1479431927204132,0.07903507947921752
0.3401314349553457,0.04361770793748633,0.4664628098357308,6.84,114390.10909090913,-1.08,0.0,1.0,0.33866389965515253,11.485,0.0,0.4526103,-0.506856,-0.73654974,0.43578309416770933,0.1479431927204132,0.07903507947921752
0.3491654162790175,0.04375927375824231,0.4594591576924835,8.28,183024.17454545447,-1.08,0.0,1.0,0.384441663869147,11.49,0.0,0.4526103,-0.506856,-0.73654974,0.43578309416770933,0.1479431927204132,0.07903507947921752
0.35824190063912625,0.03254845260993739,0.4465853642534416,10.26,267894.25548387103,-1.08,0.0,1.0,0.6743675038911121,11.495000000000001,0.0,0.4526103,-0.506856,-0.73654974,0.43578309416770933,0.1479431927204132,0.07903507947921752
0.36548452390876385,0.026912676975525993,0.42725695160312294,12.42,49.919534509548946,-1.08,0.0,1.0,0.475997192297136,11.5,0.0,0.748996,-1.2026286,-0.8532131,0.524698805809021,0.0,0.04403607845306396
0.3694082411537646,0.0202088327547847,0.4082885923965324,15.12,153035.41621621617,-1.08,0.0,1.0,0.5828119754631231,11.505,0.0,0.748996,-1.2026286,-0.8532131,0.524698805809021,0.0,0.04403607845306396
0.3744568267700111,0.01749178113895278,0.3922685539077179,18.0,326475.5545945947,-0.8999999999999999,20404.72216216218,1.0,0.41496017334514335,11.51,0.0,0.748996,-1.2026286,-0.8532131,0.524698805809021,0.0,0.04403607845306396
0.37844419949610886,0.008067500417694728,0.37377631965677244,21.24,399692.4988235292,-0.8999999999999999,0.0,1.0,0.49125644703513416,11.515,0.0,0.748996,-1.2026286,-0.8532131,0.524698805809021,0.0,0.04403607845306396
0.3804864950503893,-0.004242863040091362,0.3541600790307497,24.66,478150.65600000025,-0.8999999999999999,0.0,1.0,0.567552720725125,11.52,0.0,0.9311113,-1.8222656,-1.0502924,0.5793333828449249,0.0,0.0
0.3842173906411429,0.002735896871970524,0.33407821494754,28.08,448266.23999999976,-0.8999999999999999,0.0,1.0,0.5522934659871268,11.525,0.0,0.9311113,-1.8222656,-1.0502924,0.5793333828449249,0.0,0.0
0.3865723912075806,-0.0023576809610476946,0.31519007227837964,31.86,466307.91529411776,-0.72,22205.138823529403,1.0,0.3081453901791562,11.53,0.0,0.9311113,-1.8222656,-1.0502924,0.5793333828449249,0.0,0.0
0.3887496306737941,-0.0013697434899316333,0.2968859675509547,35.64,511434.48774193565,-0.72,0.0,1.0,0.7048860133671084,11.535,0.0,0.9311113,-1.8222656,-1.0502924,0.5793333828449249,0.0,0.0
0.3911663892932739,0.009290772210454807,0.2827571842824257,39.42,480438.4581818183,-0.72,0.0,1.0,0.36918240913114886,11.540000000000001,0.0,0.83801246,-1.219011,3.7683048,0.5514037370681762,0.0,0.6
0.39478387827851497,0.014688428481123185,0.2687306697786688,43.199999999999996,90.09808045735315,-0.72,0.0,1.0,0.475997192297136,11.545,0.0,0.83801246,-1.219011,3.7683048,0.5514037370681762,0.0,0.6
0.3968205247862824,0.012052115746782664,0.2566512363617652,47.16,230686.72000000006,-0.72,0.0,1.0,0.3539231543931507,11.55,0.0,0.83801246,-1.219011,3.7683048,0.5514037370681762,0.0,0.6
0.39958215400961417,-0.010408827373280465,0.24712681608390247,50.94,417222.87157894747,-0.72,0.0,1.0,0.5370342112491286,11.555,0.0,0.83801246,-1.219011,3.7683048,0.5514037370681762,0.0,0.6
0.4053703767659932,-0.004994191025164725,0.23726098344047397,54.72,452984.8320000001,-0.54,21570.706285714277,1.0,0.5980712302011213,11.56,0.0,0.6371975,-1.1576501,1.0935564,0.49115924835205077,0.0,0.6
0.4100697061157951,-0.004610873018641194,0.22837241156371413,58.32,487080.4645161292,-0.54,0.0,1.0,0.659108249153114,11.565,0.0,0.6371975,-1.1576501,1.0935564,0.49115924835205077,0.0,0.6
0.41576376117936753,-0.0029763386899138897,0.22026147309319152,61.919999999999995,457560.43636363564,-0.54,0.0,1.0,0.4302194280831415,11.57,0.0,0.6371975,-1.1576501,1.0935564,0.49115924835205077,0.0,0.6
0.4220681432747158,-0.007030142738149639,0.21339015548221835,65.52,457560.4363636365,-0.36,22878.021818181824,1.0,0.659108249153114,11.575000000000001,0.0,0.6371975,-1.1576501,1.0935564,0.49115924835205077,0.0,0.6
0.4278166197320345,0.001986375387852408,0.20408826780372774,68.75999999999999,411804.39272727206,0.0,45756.04363636363,1.0,0.36918240913114886,11.58,0.0,0.49067652,-1.1950127,4.057208,0.44720295667648313,0.0,0.6
0.4334915149048048,0.01763420322832301,0.1937445203709968,72.0,73.55480779847818,0.54,12.259134633079663,1.0,0.567552720725125,11.585,0.0,0.49067652,-1.1950127,4.057208,0.44720295667648313,0.0,0.6
0.43932693457479605,0.007257078072660651,0.18639097076297545,75.06,203723.3371428573,1.08,35951.177142857145,1.0,0.49125644703513416,11.59,0.0,0.49067652,-1.1950127,4.057208,0.44720295667648313,0.0,0.6
0.44492888145241366,0.0028385374145904548,0.1855072787635258,77.94,345131.30057142803,1.98,107853.53142857141,1.0,0.5217749565111305,11.595,0.0,0.49067652,-1.1950127,4.057208,0.44720295667648313,0.0,0.6
0.4494732271348588,0.00019861727646316117,0.18539617184196946,80.46,301989.8879999995,3.06,129424.23771428573,1.0,0.2776268807031599,11.6,0.0,0.18288097,-1.5384508,3.5687282,0.354864290356636,0.0,0.6
0.4542739912413678,0.002686393961026925,0.18464312039362082,82.8,297414.2836363641,4.5,183024.17454545453,1.0,0.5370342112491286,11.605,0.0,0.18288097,-1.5384508,3.5687282,0.354864290356636,0.0,0.6
0.45820557092105696,0.014755607978396668,0.19242586887279872,84.6,235929.59999999963,6.4799999999999995,259522.55999999994,1.0,0.5522934659871268,11.61,0.0,0.18288097,-1.5384508,3.5687282,0.354864290356636,0.0,0.6
0.46145428401288574,0.0012757638765782502,0.2069088815667492,86.03999999999999,188743.6799999997,8.82,306708.4800000001,1.0,0.5217749565111305,11.615,0.0,0.18288097,-1.5384508,3.5687282,0.354864290356636,0.0,0.6
0.4640023507902621,-0.010899637306900625,0.22180813353323622,86.94,121770.11612903302,11.34,340956.32516129024,1.0,0.36918240913114886,11.620000000000001,0.0,0.53783035,-1.3918844,4.296196,0.4613491058349609,0.0,0.6
0.466703163002019,-0.004302238088578037,0.2374357132773804,87.47999999999999,75497.47199999889,13.86,352321.53599999996,1.0,0.7201452681051066,11.625,0.0,0.53783035,-1.3918844,4.296196,0.4613491058349609,0.0,0.6
0.4682235149381099,-0.0019068740018294505,0.25602967879130417,87.66,4.356410889660989,16.38,60.98975245525152,1.0,0.6438489944151158,11.63,0.0,0.53783035,-1.3918844,4.296196,0.4613491058349609,0.0,0.6
0.46787825018782025,-0.008657246094894024,0.2725271667415656,87.84,8882.0555294121,18.18,88820.55529411769,1.0,0.6438489944151158,11.635,0.0,0.53783035,-1.3918844,4.296196,0.4613491058349609,0.0,0.6
0.46836657198551146,-0.0006991443103881715,0.28727536802898956,87.66,-18414.017560976306,18.9,73656.07024390233,1.0,0.41496017334514335,11.64,0.0,0.4176673,-1.3574306,3.125037,0.4253001898527145,0.0,0.6
0.4679949453860452,0.005178616559431648,0.30405798357047464,87.66,0.0,18.72,-22205.138823529378,1.0,0.5828119754631231,11.645,0.0,0.4176673,-1.3574306,3.125037,0.4253001898527145,0.0,0.6
0.4660597354444428,0.0022064978326005904,0.3186121723047596,87.66,0.0,17.46,-176160.76799999972,1.0,0.46073793755913783,11.65,0.0,0.4176673,-1.3574306,3.125037,0.4253001898527145,0.0,0.6
0.46529514757694923,0.0110591294655532,0.3298205593988278,87.47999999999999,-21570.706285715103,15.66,-215707.06285714294,1.0,0.46073793755913783,11.655,0.0,0.4176673,-1.3574306,3.125037,0.4253001898527145,0.0,0.6
0.46409368592410394,-0.003620571820144143,0.3427009494163894,87.11999999999999,-44410.277647058756,13.32,-288666.8047058823,1.0,0.41496017334514335,11.66,0.0,-0.6793885,-0.19705811,1.9528545,0.096183443069458,0.24088256657123563,0.6
0.4634457136070921,-0.018966964846209182,0.3528498517198859,86.94,-23592.95999999903,10.26,-401080.32000000007,1.0,0.8117007965330956,11.665000000000001,0.0,-0.6793885,-0.19705811,1.9528545,0.096183443069458,0.24088256657123563,0.6
0.4640392910480795,-0.015141282075303573,0.3601074212959682,86.58,-8.355372186192687,6.84,-79.37603576883065,1.0,0.33866389965515253,11.67,0.0,-0.6793885,-0.19705811,1.9528545,0.096183443069458,0.24088256657123563,0.6
0.46438168534916585,-0.0020835112555391204,0.36915356475920924,86.03999999999999,-31457.280000000363,3.06,-220200.96,1.0,0.7506637775811029,11.675,0.0,-0.6793885,-0.19705811,1.9528545,0.096183443069458,0.24088256657123563,0.6
0.4633542544132325,-0.02468833853741782,0.3782420175693235,85.67999999999999,-37748.73599999994,-0.8999999999999999,-415236.096,1.0,0.475997192297136,11.68,0.0,-1.088822,1.3889166,1.976226,0.0,0.6,0.6
0.4628323097540234,-0.023780121149062357,0.38669852058328275,82.98,-333077.08235293976,0.0,111025.69411764704,1.0,0.949034089175079,11.685,0.0,-1.088822,1.3889166,1.976226,0.0,0.6,0.6
0.46205912206405436,-0.039419556492826094,0.3969043839332154,80.82,-312403.33241379465,1.08,156201.66620689657,1.0,-0.027558214056803365,11.69,0.0,-1.088822,1.3889166,1.976226,0.0,0.6,0.6
0.46087865426468094,-0.04516830697598132,0.4078269187394358,78.84,-251658.2399999987,1.26,22878.02181818181,1.0,0.7811822870570992,11.695,0.0,-1.088822,1.3889166,1.976226,0.0,0.6,0.6
0.4613309551303163,-0.024999092282496495,0.41524748522948124,76.86,-259522.56000000052,0.36,-117964.8,1.0,0.567552720725125,11.700000000000001,0.0,-1.3539534,2.1474261,2.1711717,0.0,0.6,0.6
0.4615876747604238,-0.017457959996337025,0.4222083701942282,75.06,-251658.2399999996,-1.08,-201326.592,1.0,0.5522934659871268,11.705,0.0,-1.3539534,2.1474261,2.1711717,0.0,0.6,0.6
0.4621910085046597,-0.007679894555675882,0.42873033528694826,72.72,-327155.71200000047,-0.54,75497.47200000001,1.0,0.5370342112491286,11.71,0.0,-1.3539534,2.1474261,2.1711717,0.0,0.6,0.6
0.4614496530169581,-0.002149059006800899,0.4344530678037109,70.56,-51.45537624454041,-0.8999999999999999,-8.575896040756746,1.0,0.5980712302011213,11.715,0.0,-1.3539534,2.1474261,2.1711717,0.0,0.6,0.6
0.46050485320970286,-0.002575176096280382,0.43957137223447107,68.22,-192444.53647058853,-0.72,14803.425882352936,1.0,0.3997009186071452,11.72,0.0,-1.1264668,1.9213527,0.9318003,0.0,0.6,0.5795400917530059
0.4593211145347297,0.013568657239715357,0.44529935091981393,66.06,-283115.51999999955,-0.8999999999999999,-23592.959999999992,1.0,0.6285897396771176,11.725,0.0,-1.1264668,1.9213527,0.9318003,0.0,0.6,0.5795400917530059
0.4527537260233307,0.036600969319757176,0.4495064788908142,63.9,-312403.33241379366,-0.72,26033.61103448275,1.0,0.29288613544115805,11.73,0.0,-1.1264668,1.9213527,0.9318003,0.0,0.6,0.5795400917530059
0.43458092243155366,0.05364663926647298,0.45333695930234696,61.559999999999995,-306708.48000000045,-0.8999999999999999,-23592.959999999992,1.0,0.7659230323191011,11.735,0.0,-1.1264668,1.9213527,0.9318003,0.0,0.6,0.5795400917530059
0.4079160583894615,0.07135008886496783,0.45692907420492185,59.4,-283115.51999999955,-0.8999999999999999,0.0,1.0,0.4302194280831415,11.74,0.0,-0.9771837,2.6120672,3.4384031,0.0068448901176452635,0.6,0.6
0.3786468947320104,0.09353096792144401,0.459332792687044,57.059999999999995,-306708.48000000045,-0.8999999999999999,0.0,1.0,0.5065157017731323,11.745000000000001,0.0,-0.9771837,2.6120672,3.4384031,0.0068448901176452635,0.6,0.6
0.34769266867535253,0.1133204685534543,0.46153770321783716,54.72,-306708.4799999995,-0.72,23592.959999999992,1.0,0.475997192297136,11.75,0.0,-0.9771837,2.6120672,3.4384031,0.0068448901176452635,0.6,0.6
0.31764690618081637,0.11672635867190544,0.46418454152016936,52.199999999999996,-58.22149188617517,-0.8999999999999999,-4.158677991869649,1.0,0.7506637775811029,11.755,0.0,-0.9771837,2.6120672,3.4384031,0.0068448901176452635,0.6,0.6
0.28837390165024207,0.1403421613784212,0.4661680181298928,49.86,-100149.70775510189,-0.8999999999999999,0.0,1.0,0.3539231543931507,11.76,0.0,-0.33414382,1.0987056,0.78325605,0.19975685477256774,0.6,0.5349768161773681
0.2606337700952693,0.15676816118344955,0.4671246556745271,47.16,-283115.5200000003,-0.8999999999999999,0.0,1.0,0.5217749565111305,11.765,0.0,-0.33414382,1.0987056,0.78325605,0.19975685477256774,0.6,0.5349768161773681
0.23421024745581853,0.17542210622178564,0.4677132740601149,44.64,-285666.1102702698,-0.8999999999999999,0.0,1.0,0.475997192297136,11.77,0.0,-0.33414382,1.0987056,0.78325605,0.19975685477256774,0.6,0.5349768161773681
0.20979617321281901,0.20079149864838391,0.46766771475821556,41.94,-377487.3600000004,-0.8999999999999999,0.0,1.0,0.567552720725125,11.775,0.0,-0.33414382,1.0987056,0.78325605,0.19975685477256774,0.6,0.5349768161773681
0.1868691350051508,0.21335247590663123,0.46754672006650877,39.059999999999995,-389664.37161290355,-0.8999999999999999,0.0,1.0,0.2623676259651617,11.78,0.0,0.94267213,-0.7807839,-1.8991803,0.5828016400337219,0.06576483249664307,0.0
0.16621721412167784,0.22503706471823673,0.4672297837837407,36.18,-345131.30057142803,-0.8999999999999999,0.0,1.0,0.5828119754631231,11.785,0.0,0.94267213,-0.7807839,-1.8991803,0.5828016400337219,0.06576483249664307,0.0
0.14697687204677787,0.23376273290603564,0.46728990696041905,33.3,-402653.18400000036,-0.8999999999999999,0.0,1.0,0.3997009186071452,11.790000000000001,0.0,0.94267213,-0.7807839,-1.8991803,0.5828016400337219,0.06576483249664307,0.0
0.12990479541373967,0.2496900352179875,0.4669861340622085,30.419999999999998,-377487.35999999987,-0.8999999999999999,0.0,1.0,0.8269600512710937,11.795,0.0,0.94267213,-0.7807839,-1.8991803,0.5828016400337219,0.06576483249664307,0.0
0.10848769238231554,0.2610295673943588,0.4670553980780215,27.36,-69.02236238088065,-0.8999999999999999,0.0,1.0,0.5522934659871268,11.8,0.0,1.9432079,-1.7615056,-7.1434727,0.6,0.0,0.0
0.10617646366948055,0.28558649773850275,0.46659371134304084,24.119999999999997,-202829.02925373148,-0.8999999999999999,0.0,1.0,0.567552720725125,11.805,0.0,1.9432079,-1.7615056,-7.1434727,0.6,0.0,0.0
0.09655781969465684,0.2981566696945866,0.4660534319333193,21.06,-356515.83999999985,-0.8999999999999999,0.0,1.0,0.6133304849391195,11.81,0.0,1.9432079,-1.7615056,-7.1434727,0.6,0.0,0.0
0.09950959332315235,0.30655454105876856,0.4654692865269293,17.82,-399692.4988235292,-0.8999999999999999,0.0,1.0,0.5828119754631231,11.815,0.0,1.9432079,-1.7615056,-7.1434727,0.6,0.0,0.0
0.10168190145028258,0.316014740646133,0.46496912515931144,14.399999999999999,-448266.2400000002,-0.8999999999999999,0.0,1.0,0.46073793755913783,11.82,8.522881865501404,1.2833102,0.6209398,0.30226302,0.6,0.4862819373607635,0.39067890644073483
0.08953288308567753,0.33671292811172504,0.46444976604342636,11.16,-424673.2799999998,-0.8999999999999999,0.0,1.0,0.567552720725125,11.825000000000001,8.522881865501404,1.2833102,0.6209398,0.30226302,0.6,0.4862819373607635,0.39067890644073483
0.08301586521471564,0.340086672479639,0.46331338296196345,7.92,-424673.28,-0.8999999999999999,0.0,1.0,0.49125644703513416,11.83,8.522881865501404,1.2833102,0.6209398,0.30226302,0.6,0.4862819373607635,0.39067890644073483
0.10465643332800183,0.3377349140785362,0.4609313864231455,4.68,-388272.7131428572,-0.8999999999999999,0.0,1.0,20.374065370647294,11.835,8.522881865501404,1.2833102,0.6209398,0.30226302,0.6,0.4862819373607635,0.39067890644073483
0.1154324225717495,0.3410855717745363,0.460291010756222,2.16,-340956.32516129024,4.14,681912.6503225805,1.0,0.6438489944151158,11.84,20.0,0.6596563,-1.297068,-3.776059,0.4978968858718872,0.0,0.0
0.13686374761785713,0.3502034316035719,0.46141277690646737,1.08,-26.368828556127323,6.4799999999999995,57.13246187160919,1.0,-3.155705435346537,11.845,20.0,0.6596563,-1.297068,-3.776059,0.4978968858718872,0.0,0.0
0.15766068453930987,0.3482165864083451,0.4576965056164259,1.26,10342.11945205479,5.3999999999999995,-62052.71671232877,1.0,-4.956297494430376,11.85,20.0,0.6596563,-1.297068,-3.776059,0.4978968858718872,0.0,0.0
0.17201467083728733,0.3434684436186247,0.4420643530231786,2.6999999999999997,163237.77729729726,2.88,-285666.1102702702,1.0,11.065919980468138,11.855,20.0,0.6596563,-1.297068,-3.776059,0.4978968858718872,0.0,0.0
0.18683500260061806,0.3414137369533823,0.4174386596072997,5.04,288666.8047058824,0.72,-266461.665882353,1.0,-1.0804467909787316,11.86,8.522881865501404,-0.05672566,-1.1781586,0.80333066,0.28298230245709416,0.0,0.5409991979598999
0.20580468661660611,0.33351070209306805,0.38880393434467586,7.56,310871.9435294117,-1.26,-244256.52705882353,1.0,0.49125644703513416,11.865,8.522881865501404,-0.05672566,-1.1781586,0.80333066,0.28298230245709416,0.0,0.5409991979598999
0.22082349011864544,0.3316965377413644,0.36097895145144954,9.0,177641.11058823534,-0.36,111025.69411764706,1.0,-0.4090395825068125,11.870000000000001,8.522881865501404,-0.05672566,-1.1781586,0.80333066,0.28298230245709416,0.0,0.5409991979598999
0.2354111815039756,0.32657880527673033,0.3368691078671155,10.98,251658.24000000005,0.36,91512.08727272727,1.0,0.6896267586291103,11.875,8.522881865501404,-0.05672566,-1.1781586,0.80333066,0.28298230245709416,0.0,0.5409991979598999
0.2521004786270144,0.3176386456390782,0.32106939999213874,13.32,306708.48,0.54,23592.960000000006,1.0,0.44547868282113967,11.88,0.0,0.44610614,-1.6978996,2.0506918,0.4338318407535553,0.0,0.6
0.26649140159303175,0.3197556377017322,0.3119399640075228,16.02,61.228066912488224,-0.18,-16.327484509996864,1.0,1.1168858912930588,11.885,0.0,0.44610614,-1.6978996,2.0506918,0.4338318407535553,0.0,0.6
0.27755008283272115,0.3189205689626255,0.30643003021047593,18.9,201326.59199999992,-0.8999999999999999,-50331.648,1.0,0.5370342112491286,11.89,0.0,0.44610614,-1.6978996,2.0506918,0.4338318407535553,0.0,0.6
0.29175722548028554,0.31647279836499514,0.29965359577980544,21.419999999999998,301989.888,-0.72,21570.706285714277,1.0,0.29288613544115805,11.895,0.0,0.44610614,-1.6978996,2.0506918,0.4338318407535553,0.0,0.6
0.30477776119962047,0.3178695641812003,0.2899902409348946,24.3,377487.36000000034,-0.54,23592.959999999992,1.0,0.41496017334514335,11.9,0.0,0.12604909,-0.63759685,1.8445355,0.33781472593545914,0.10872094631195069,0.6
0.3144316409541949,0.30464367817635574,0.2813713743733387,27.18,377487.35999999987,-0.72,-23592.959999999992,1.0,0.2623676259651617,11.905,0.0,0.12604909,-0.63759685,1.8445355,0.33781472593545914,0.10872094631195069,0.6
0.32217965331491993,0.2890587645271803,0.2777967923419174,30.06,377487.35999999987,-0.72,0.0,1.0,0.8269600512710937,11.91,0.0,0.12604909,-0.63759685,1.8445355,0.33781472593545914,0.10872094631195069,0.6
0.32714521721071116,0.26671212264985833,0.2780005291124081,32.94,355282.22117647046,-0.72,0.0,1.0,0.5370342112491286,11.915000000000001,0.0,0.12604909,-0.63759685,1.8445355,0.33781472593545914,0.10872094631195069,0.6
0.3287256301027083,0.24139361642787774,0.27680144828079595,35.82,366048.3490909094,-0.72,0.0,1.0,0.5980712302011213,11.92,0.0,-0.7252606,1.1029559,4.3047876,0.08242181539535522,0.6,0.6
0.32771363036173845,0.22921230624618943,0.27700142483075313,38.699999999999996,355282.22117647005,-0.72,0.0,1.0,0.7659230323191011,11.925,0.0,-0.7252606,1.1029559,4.3047876,0.08242181539535522,0.6,0.6
0.3266334326369515,0.21247900366822234,0.28033093129887143,41.58,70.47687557614448,-0.72,0.0,1.0,0.567552720725125,11.93,0.0,-0.7252606,1.1029559,4.3047876,0.08242181539535522,0.6,0.6
0.32498102782749644,0.1833430569489879,0.2853430392632847,44.28,147072.99740259757,-0.72,0.0,1.0,0.6285897396771176,11.935,0.0,-0.7252606,1.1029559,4.3047876,0.08242181539535522,0.6,0.6
0.3258840469845251,0.15798371474996398,0.2914075981529808,46.98,323560.5942857138,-0.72,0.0,1.0,0.3997009186071452,11.94,0.0,-1.1076304,1.5381502,1.9576285,0.0,0.6,0.6
0.3291873733087508,0.14012767562126272,0.302179848075109,49.5,301989.8880000004,-0.72,0.0,1.0,0.6896267586291103,11.945,0.0,-1.1076304,1.5381502,1.9576285,0.0,0.6,0.6
0.33277359780012256,0.1299854179942137,0.3158271251282573,52.019999999999996,340956.3251612898,-0.72,0.0,1.0,0.3997009186071452,11.950000000000001,0.0,-1.1076304,1.5381502,1.9576285,0.0,0.6,0.6
0.3353291345406528,0.12080569320381694,0.32836401319883524,54.36,297414.2836363641,-0.72,0.0,1.0,0.6896267586291103,11.955,0.0,-1.1076304,1.5381502,1.9576285,0.0,0.6,0.6
0.33823035671436,0.12089739543463537,0.3410442129386552,56.519999999999996,274536.2618181814,-0.72,0.0,1.0,0.41496017334514335,11.96,0.0,-0.984476,1.9555813,4.0186286,0.0046572089195251465,0.6,0.6
0.33957000548415506,0.10586361628133466,0.3540652701916064,58.68,283115.5200000005,-0.72,0.0,1.0,0.5828119754631231,11.965,0.0,-0.984476,1.9555813,4.0186286,0.0046572089195251465,0.6,0.6
0.3393864399824135,0.09823960610960997,0.36544199658877635,60.839999999999996,48.785946592138984,-0.72,0.0,1.0,0.5522934659871268,11.97,0.0,-0.984476,1.9555813,4.0186286,0.0046572089195251465,0.6,0.6
0.3387435543698804,0.0980005976505991,0.37585521773078123,62.82,143184.86068965547,-0.72,0.0,1.0,0.6285897396771176,11.975,0.0,-0.984476,1.9555813,4.0186286,0.0046572089195251465,0.6,0.6
0.3384450855612323,0.10652702131821391,0.3872052590233271,64.62,215707.06285714338,-0.72,0.0,1.0,0.567552720725125,11.98,0.0,-1.388583,2.5908167,4.5118685,0.0,0.6,0.6
0.337257738554741,0.12022338397441643,0.39634700981292836,66.42,269633.82857142814,-0.72,0.0,1.0,0.3997009186071452,11.985,0.0,-1.388583,2.5908167,4.5118685,0.0,0.6,0.6
0.33604825003076594,0.11226751369066573,0.4048356927802147,68.03999999999999,219186.20903225677,-0.72,0.0,1.0,0.36918240913114886,11.99,0.0,-1.388583,2.5908167,4.5118685,0.0,0.6,0.6
0.33543359679682533,0.11757349717900774,0.4135567096867427,69.48,183024.17454545607,-0.72,0.0,1.0,0.6896267586291103,11.995000000000001,0.0,-1.388583,2.5908167,4.5118685,0.0,0.6,0.6
0.3339960332160097,0.1372248202155002,0.42076489457217126,70.74,170478.16258064393,-0.72,0.0,1.0,0.384441663869147,12.0,0.0,-1.2672203,1.6575953,4.869584,0.0,0.6,0.6
0.3281055718576462,0.15133522200524693,0.42641796424392087,71.64,130168.05517241462,-0.72,0.0,1.0,0.8269600512710937,12.005,0.0,-1.2672203,1.6575953,4.869584,0.0,0.6,0.6
0.3142878300085116,0.17161788658011487,0.43180148894092757,72.17999999999999,73062.06967741827,-0.72,0.0,1.0,0.5370342112491286,12.01,0.0,-1.2672203,1.6575953,4.869584,0.0,0.6,0.6
0.29524683482601816,0.20268453599531722,0.43550828357174387,72.53999999999999,8.763439794313426,-0.72,0.0,1.0,0.46073793755913783,12.015,0.0,-1.2672203,1.6575953,4.869584,0.0,0.6,0.6
0.27263960790328834,0.2218270714016883,0.43794050529080664,72.53999999999999,0.0,-0.72,0.0,1.0,0.36918240913114886,12.02,0.0,0.1255342,-0.19394714,4.332586,0.3376602619886398,0.24181585907936096,0.6
0.24858018468808007,0.2387491466393965,0.44105965262467556,72.17999999999999,-35115.1032558139,-0.72,0.0,1.0,0.5065157017731323,12.025,0.0,0.1255342,-0.19394714,4.332586,0.3376602619886398,0.24181585907936096,0.6
0.22389312483823876,0.25437612348068545,0.4436481697274246,71.46,-86282.82514285701,-0.72,0.0,1.0,0.5828119754631231,12.030000000000001,0.0,0.1255342,-0.19394714,4.332586,0.3376602619886398,0.24181585907936096,0.6
0.20050791574387541,0.2744835929675808,0.44519615917824285,70.56,-121770.1161290311,-0.72,0.0,1.0,0.41496017334514335,12.035,0.0,0.1255342,-0.19394714,4.332586,0.3376602619886398,0.24181585907936096,0.6
0.178041985835285,0.27939571642078986,0.4470249825906118,69.12,-167772.15999999974,-0.72,0.0,1.0,0.475997192297136,12.040000000000001,0.0,2.2539234,-1.5922484,-0.18672654,0.6,0.0,0.24398203790187833
0.15786195873218953,0.2967929199255957,0.44831062048123743,67.5,-17512.300206185617,-0.72,0.0,1.0,0.7201452681051066,12.045,0.0,2.2539234,-1.5922484,-0.18672654,0.6,0.0,0.24398203790187833
0.13896812846222384,0.3060873414538012,0.44911490375627244,65.52,-129761.28000000026,-0.72,0.0,1.0,0.5522934659871268,12.05,0.0,2.2539234,-1.5922484,-0.18672654,0.6,0.0,0.24398203790187833
0.12076220873701604,0.30493493087848705,0.4502064606268631,63.36,-49.955042485263796,-0.72,0.0,1.0,0.659108249153114,12.055,0.0,2.2539234,-1.5922484,-0.18672654,0.6,0.0,0.24398203790187833
0.10879860662460795,0.3118610168818483,0.45116894977139727,60.839999999999996,-139074.29052631595,-0.72,0.0,1.0,0.6743675038911121,12.06,8.522881865501404,2.0915098,0.0417322,2.144051,0.6,0.31251965984702107,0.6
0.09904437653616847,0.317750789961532,0.45152046513207916,57.96,-268435.4559999996,-0.72,0.0,1.0,0.4302194280831415,12.065,8.522881865501404,2.0915098,0.0417322,2.144051,0.6,0.31251965984702107,0.6
0.10414003503185808,0.33170600572591336,0.4522617994051807,55.08,-355282.2211764709,-0.8999999999999999,-22205.138823529403,1.0,0.7659230323191011,12.07,8.522881865501404,2.0915098,0.0417322,2.144051,0.6,0.31251965984702107,0.6
0.09711134872442136,0.3313708572531604,0.4530317896335148,52.019999999999996,-414018.39483870997,-0.8999999999999999,0.0,1.0,0.5217749565111305,12.075000000000001,8.522881865501404,2.0915098,0.0417322,2.144051,0.6,0.31251965984702107,0.6
0.09970278857879968,0.3415546130443267,0.4533923993024252,48.78,-411804.39272727206,-0.8999999999999999,0.0,1.0,0.8727378154850882,12.08,20.0,0.40087733,-0.6069084,2.3146982,0.42026319801807405,0.11792748570442199,0.6
0.10771277641551716,0.3318621762328132,0.45329160390248135,45.36,-462726.4412903228,-0.8999999999999999,0.0,1.0,0.475997192297136,12.085,20.0,0.40087733,-0.6069084,2.3146982,0.42026319801807405,0.11792748570442199,0.6
0.10940547828495846,0.33684269487811436,0.4530989123699309,41.94,-448266.2400000002,-0.8999999999999999,0.0,1.0,0.6743675038911121,12.09,20.0,0.40087733,-0.6069084,2.3146982,0.42026319801807405,0.11792748570442199,0.6
0.11714891642105531,0.33404091007897274,0.45272159727681066,38.519999999999996,-478150.65600000025,-0.8999999999999999,0.0,1.0,0.659108249153114,12.095,20.0,0.40087733,-0.6069084,2.3146982,0.42026319801807405,0.11792748570442199,0.6
0.13993720959392947,0.34119423968914814,0.45125174152363867,34.92,-85.71125352648326,-0.8999999999999999,0.0,1.0,0.3997009186071452,12.1,8.522881865501404,0.5020607,-1.8703332,-3.294912,0.45061821341514585,0.0,0.0
0.15698025431497675,0.333080837086919,0.44985282706097907,31.32,-201326.5920000001,-0.8999999999999999,0.0,1.0,0.5217749565111305,12.105,8.522881865501404,0.5020607,-1.8703332,-3.294912,0.45061821341514585,0.0,0.0
0.17282983662613471,0.3199873515184332,0.4494190501955474,27.72,-387166.5230769232,-0.8999999999999999,0.0,1.0,0.5217749565111305,12.11,8.522881865501404,0.5020607,-1.8703332,-3.294912,0.45061821341514585,0.0,0.0
0.1886150375513671,0.31109291185854027,0.4491095423397208,24.119999999999997,-444102.7764705884,-0.8999999999999999,0.0,1.0,0.8574785607470901,12.115,8.522881865501404,0.5020607,-1.8703332,-3.294912,0.45061821341514585,0.0,0.0
0.20863515199411906,0.31689190767234077,0.4488666122785762,20.34,-428499.1654054051,-0.8999999999999999,0.0,1.0,0.5217749565111305,12.120000000000001,0.0,0.5432119,-2.0779452,-0.28500664,0.4629635632038116,0.0,0.21449800729751586
0.2255490189218821,0.3237875715485311,0.4488170913233854,16.919999999999998,-409843.41942857165,-1.08,-21570.706285714306,1.0,0.7964415417950974,12.125,0.0,0.5432119,-2.0779452,-0.28500664,0.4629635632038116,0.0,0.21449800729751586
0.24144547437917205,0.3317939833153483,0.4485727178545937,13.5,-421897.6376470586,-1.08,0.0,1.0,0.567552720725125,12.13,0.0,0.5432119,-2.0779452,-0.28500664,0.4629635632038116,0.0,0.21449800729751586
0.2594299895257569,0.33412162378474086,0.44869782906295913,10.44,-388926.37090909097,-1.08,0.0,1.0,0.6133304849391195,12.135,0.0,0.5432119,-2.0779452,-0.28500664,0.4629635632038116,0.0,0.21449800729751586
0.2734663579734217,0.3257639438446616,0.44869124240422786,7.739999999999999,-62.62266878272939,-1.08,0.0,1.0,0.567552720725125,12.14,0.0,0.31655937,-1.7635502,-2.9411764,0.3949678122997284,0.0,0.0
0.28419096824140916,0.30548053255707674,0.44790857104182685,5.3999999999999995,-185182.47849056602,-1.08,0.0,1.0,13.919400616473908,12.145,0.0,0.31655937,-1.7635502,-2.9411764,0.3949678122997284,0.0,0.0
0.2975391460502856,0.2965140022301312,0.4460546682117813,4.14,-165150.71999999997,1.6199999999999999,353894.4,1.0,-0.22592852565083454,12.15,0.0,0.31655937,-1.7635502,-2.9411764,0.3949678122997284,0.0,0.0
0.3066301648804851,0.28492716389802253,0.44580470336826156,4.5,50331.648000000045,1.44,-25165.82399999999,1.0,-0.546372875148796,12.155000000000001,0.0,0.31655937,-1.7635502,-2.9411764,0.3949678122997284,0.0,0.0
0.312131859668481,0.2617138086635752,0.4451251830817133,6.12,234302.49931034484,-1.08,-364470.5544827586,1.0,1.2847376934110386,12.16,0.0,-0.11183832,-0.2524589,1.1196606,0.2664485044777393,0.22426232993602752,0.6
0.3205058117793243,0.24364684659332198,0.44233114390853584,6.66,75497.47200000001,-0.72,50331.648000000016,1.0,1.986663411359011,12.165000000000001,0.0,-0.11183832,-0.2524589,1.1196606,0.2664485044777393,0.22426232993602752,0.6
0.32903286662575393,0.21976725840082198,0.4347932725210238,8.64,244256.5270588236,-0.72,0.0,1.0,-3.262520218512524,12.17,0.0,-0.11183832,-0.2524589,1.1196606,0.2664485044777393,0.22426232993602752,0.6
0.33343691956234445,0.20138380136393605,0.4267186005487108,10.62,267894.2554838708,-0.8999999999999999,-24354.023225806442,1.0,0.15555284279917458,12.175,0.0,-0.11183832,-0.2524589,1.1196606,0.2664485044777393,0.22426232993602752,0.6
0.3415213496671294,0.181532599809619,0.41466914656435483,13.139999999999999,340956.32516129024,-1.08,-24354.02322580647,1.0,0.7506637775811029,12.18,0.0,-0.2552768,1.3651475,1.6796999,0.2234169602394104,0.6,0.6
0.3484408697565201,0.16982962113893416,0.39929603887610304,15.84,60.93321496021051,-0.8999999999999999,4.062214330680703,1.0,0.2776268807031599,12.185,0.0,-0.2552768,1.3651475,1.6796999,0.2234169602394104,0.6,0.6
0.3526537616401831,0.13975220293536333,0.38545824723878586,18.54,141557.75999999995,-0.8999999999999999,0.0,1.0,0.6285897396771176,12.19,0.0,-0.2552768,1.3651475,1.6796999,0.2234169602394104,0.6,0.6
0.35695690963064797,0.13372010791120503,0.3730525006281017,21.599999999999998,273075.96255319135,-0.8999999999999999,0.0,1.0,0.5217749565111305,12.195,0.0,-0.2552768,1.3651475,1.6796999,0.2234169602394104,0.6,0.6
0.36047392913907733,0.11607516762647822,0.3572432427441925,25.02,377487.36000000016,-0.8999999999999999,0.0,1.0,0.41496017334514335,12.200000000000001,0.0,-0.4862337,1.504238,0.92236316,0.15412988662719726,0.6,0.5767089486122131
0.36211084139301053,0.10629426560419182,0.33855075691773834,28.259999999999998,438372.4180645159,-0.72,24354.023225806442,1.0,0.567552720725125,12.205,0.0,-0.4862337,1.504238,0.92236316,0.15412988662719726,0.6,0.5767089486122131
0.35987832429475325,0.0980328563426472,0.3228647491541589,31.68,434682.4145454548,-0.72,0.0,1.0,0.7048860133671084,12.21,0.0,-0.4862337,1.504238,0.92236316,0.15412988662719726,0.6,0.5767089486122131
0.35672799931252813,0.08560599208367474,0.3168342125611336,35.1,421897.63764705905,-0.72,0.0,1.0,0.3997009186071452,12.215,0.0,-0.4862337,1.504238,0.92236316,0.15412988662719726,0.6,0.5767089486122131
0.3535895388702851,0.09467747254534384,0.3151340323532688,38.519999999999996,478150.65599999926,-0.72,0.0,1.0,0.5065157017731323,12.22,0.0,-0.57574064,1.1445996,2.990957,0.12727780938148497,0.6,0.6
0.3494569002020884,0.08429324354414669,0.31248082767544233,41.94,462726.4412903228,-0.72,0.0,1.0,0.7811822870570992,12.225,0.0,-0.57574064,1.1445996,2.990957,0.12727780938148497,0.6,0.6
0.34632370708169347,0.0890407220710781,0.313090904629894,45.18,78.89751664799155,-0.72,0.0,1.0,0.6133304849391195,12.23,0.0,-0.57574064,1.1445996,2.990957,0.12727780938148497,0.6,0.6
0.3441429839147289,0.09998748392765372,0.31550516902138886,48.42,150994.9440000001,-0.72,0.0,1.0,0.5522934659871268,12.235,0.0,-0.57574064,1.1445996,2.990957,0.12727780938148497,0.6,0.6
0.3415417201625551,0.12490464025391254,0.31768431883050013,51.66,316035.92930232506,-0.72,0.0,1.0,0.5065157017731323,12.24,0.0,-1.0792513,2.4956346,4.2617865,0.0,0.6,0.6
0.3398033751820746,0.13770151173491926,0.32438741469274013,54.72,401080.3200000003,-0.72,0.0,1.0,0.7201452681051066,12.245000000000001,0.0,-1.0792513,2.4956346,4.2617865,0.0,0.6,0.6
0.3390374325551335,0.14910915635315522,0.3362181361691423,57.599999999999994,389664.3716129026,-0.72,0.0,1.0,0.8422193060090919,12.25,0.0,-1.0792513,2.4956346,4.2617865,0.0,0.6,0.6
0.33738687157432284,0.17250715787951032,0.3489044861528757,60.3,323560.5942857146,-0.72,0.0,1.0,0.49125644703513416,12.255,0.0,-1.0792513,2.4956346,4.2617865,0.0,0.6,0.6
0.3359127948872638,0.18673551463426827,0.3604911490005482,63.0,343170.3272727276,-0.72,0.0,1.0,0.46073793755913783,12.26,0.0,-0.9040643,1.9964238,6.002094,0.02878071069717407,0.6,0.6
0.33541444290815176,0.20654993789209755,0.37342622974005635,65.52,320292.30545454496,-0.72,0.0,1.0,0.3997009186071452,12.265,0.0,-0.9040643,1.9964238,6.002094,0.02878071069717407,0.6,0.6
0.33480714193334793,0.22634502804609577,0.3842120346628857,67.67999999999999,48.92029741944882,-0.72,0.0,1.0,0.6896267586291103,12.27,0.0,-0.9040643,1.9964238,6.002094,0.02878071069717407,0.6,0.6
0.33250584825264373,0.23130235251453105,0.393328590871724,69.48,112682.79402985146,-0.72,0.0,1.0,0.6285897396771176,12.275,0.0,-0.9040643,1.9964238,6.002094,0.02878071069717407,0.6,0.6
0.3297497688648101,0.24294110851796996,0.4023141417393874,70.92,163237.77729729703,-0.72,0.0,1.0,0.36918240913114886,12.280000000000001,0.0,-0.7208562,-0.5183571,2.6170511,0.08374314308166504,0.14449287056922913,0.6
0.3264275380048048,0.26346587183127185,0.4096216447818635,72.0,150994.94399999976,-0.54,25165.82399999999,1.0,0.5065157017731323,12.285,0.0,-0.7208562,-0.5183571,2.6170511,0.08374314308166504,0.14449287056922913,0.6
0.3179564796551882,0.27394169490350484,0.41581421428228577,72.53999999999999,73062.06967741827,-0.54,0.0,1.0,0.7506637775811029,12.290000000000001,0.0,-0.7208562,-0.5183571,2.6170511,0.08374314308166504,0.14449287056922913,0.6
0.30558564315662273,0.2828938605534878,0.42130150065232763,72.53999999999999,0.0,-0.36,22878.021818181824,1.0,0.46073793755913783,12.295,0.0,-0.7208562,-0.5183571,2.6170511,0.08374314308166504,0.14449287056922913,0.6
0.2931842014078697,0.30103433940242347,0.42659178146242743,72.17999999999999,-39735.511578947306,-0.36,0.0,1.0,0.4302194280831415,12.3,0.0,0.76013124,-1.7419609,-0.7956959,0.5280393719673157,0.0,0.06129122972488403
0.27948565835871986,0.3075742114384943,0.4301556438031672,71.46,-81618.88864864851,-0.54,-20404.72216216217,1.0,0.6133304849391195,12.305,0.0,0.76013124,-1.7419609,-0.7956959,0.5280393719673157,0.0,0.06129122972488403
0.26546912920034627,0.3341257259319521,0.4336110271579481,70.2,-160146.15272727158,-0.72,-22878.02181818181,1.0,0.5828119754631231,12.31,0.0,0.76013124,-1.7419609,-0.7956959,0.5280393719673157,0.0,0.06129122972488403
0.25282825217591665,0.34215539548037455,0.4365598203466907,68.39999999999999,-43.88775519694954,-0.72,0.0,1.0,0.567552720725125,12.315,0.0,0.76013124,-1.7419609,-0.7956959,0.5280393719673157,0.0,0.06129122972488403
0.24049373439663704,0.3467452969191449,0.43905887894550377,66.24,-124105.43342465734,-0.72,0.0,1.0,0.567552720725125,12.32,8.522881865501404,1.2873397,-0.24971235,5.1638546,0.6,0.2250862956047058,0.6
0.22791670030977976,0.3480953572523854,0.4411502750084128,63.72,-293601.27999999956,-0.72,0.0,1.0,0.41496017334514335,12.325000000000001,8.522881865501404,1.2873397,-0.24971235,5.1638546,0.6,0.2250862956047058,0.6
0.21730809718723595,0.3564151296829826,0.443496587799566,61.019999999999996,-343170.3272727276,-0.72,0.0,1.0,0.7048860133671084,12.33,8.522881865501404,1.2873397,-0.24971235,5.1638546,0.6,0.2250862956047058,0.6
0.20765914189523663,0.35441396482075777,0.44544476231733254,57.96,-401080.31999999937,-0.72,0.0,1.0,0.41496017334514335,12.335,8.522881865501404,1.2873397,-0.24971235,5.1638546,0.6,0.2250862956047058,0.6
0.19874563243031507,0.3451995468057812,0.44693658020938326,54.9,-401080.3200000003,-0.8999999999999999,-23592.959999999992,1.0,0.5370342112491286,12.34,20.0,1.6290524,-1.2379383,3.060655,0.6,0.0,0.6
0.19181077104756558,0.33735090006252516,0.44906321726883547,51.66,-399692.49882352963,-0.8999999999999999,0.0,1.0,0.5217749565111305,12.345,20.0,1.6290524,-1.2379383,3.060655,0.6,0.0,0.6
0.18813880349840695,0.3443779275547813,0.45065769935978284,48.239999999999995,-462726.4412903228,-0.8999999999999999,0.0,1.0,0.6285897396771176,12.35,20.0,1.6290524,-1.2379383,3.060655,0.6,0.0,0.6
0.18818474211683794,0.34384934146400975,0.450344818216898,44.82,-78.54802941611302,-0.8999999999999999,0.0,1.0,0.6285897396771176,12.355,20.0,1.6290524,-1.2379383,3.060655,0.6,0.0,0.6
0.1884728108232079,0.32862993799875995,0.44889016848858304,41.22,-215707.06285714294,-0.8999999999999999,0.0,1.0,0.6896267586291103,12.36,8.522881865501404,1.2671084,-1.405013,-3.695126,0.6,0.0,0.0
0.18886098786383226,0.3224588578196534,0.44860971742132366,37.62,-408094.4432432434,-0.8999999999999999,0.0,1.0,0.46073793755913783,12.365,8.522881865501404,1.2671084,-1.405013,-3.695126,0.6,0.0,0.0
0.1944352707334192,0.3131600137231767,0.44887183154388643,33.839999999999996,-480438.4581818183,-0.8999999999999999,0.0,1.0,0.5522934659871268,12.370000000000001,8.522881865501404,1.2671084,-1.405013,-3.695126,0.6,0.0,0.0
0.20890917025253608,0.3066246661747143,0.4483984166019529,30.24,-487080.46451612876,-0.8999999999999999,0.0,1.0,0.5980712302011213,12.375,8.522881865501404,1.2671084,-1.405013,-3.695126,0.6,0.0,0.0
0.2245203556567668,0.30051434838638136,0.44811920246464376,26.459999999999997,-480438.4581818183,-0.8999999999999999,0.0,1.0,0.5217749565111305,12.38,0.0,-0.6214698,1.7527982,0.45455953,0.11355906128883361,0.6,0.4363678604364395
0.24056888422825032,0.2979842721457693,0.44819856894004045,22.86,-457560.4363636361,-0.8999999999999999,0.0,1.0,0.49125644703513416,12.385,0.0,-0.6214698,1.7527982,0.45455953,0.11355906128883361,0.6,0.4363678604364395
0.2606118835113875,0.2862327913175602,0.44859186643633986,19.439999999999998,-462726.4412903228,-1.08,-24354.02322580647,1.0,0.5522934659871268,12.39,0.0,-0.6214698,1.7527982,0.45455953,0.11355906128883361,0.6,0.4363678604364395
0.2793778291860116,0.26919971198670284,0.448478978480893,16.2,-399692.4988235292,-1.08,0.0,1.0,0.41496017334514335,12.395,0.0,-0.6214698,1.7527982,0.45455953,0.11355906128883361,0.6,0.4363678604364395
0.294488399594245,0.2620900743212989,0.44829701958031803,13.32,-68.67347466443809,-1.08,0.0,1.0,0.475997192297136,12.4,0.0,-1.1200852,0.6109602,-1.8762256,0.0,0.48328805565834043,0.0
0.31219207382392605,0.24996782450931518,0.44845893790041735,10.799999999999999,-150994.94400000008,-1.08,0.0,1.0,0.6133304849391195,12.405000000000001,0.0,-1.1200852,0.6109602,-1.8762256,0.0,0.48328805565834043,0.0
0.3282665576136946,0.2369645814312223,0.4479100706105797,8.82,-207618.04799999986,-1.08,0.0,1.0,0.7659230323191011,12.41,0.0,-1.1200852,0.6109602,-1.8762256,0.0,0.48328805565834043,0.0
0.33980935385013,0.23320522553154174,0.44720890157262383,7.38,-188743.68000000005,-1.08,0.0,1.0,0.29288613544115805,12.415000000000001,0.0,-1.1200852,0.6109602,-1.8762256,0.0,0.48328805565834043,0.0
0.35373376205652274,0.22072274253674565,0.4455010055396568,6.66,-91512.08727272724,-1.08,0.0,1.0,0.567552720725125,12.42,0.0,-1.1322924,1.4168072,2.1551707,0.0,0.6,0.6
0.36676626601823265,0.20852619208670967,0.44344260232964117,6.4799999999999995,-22205.138823529487,-1.08,0.0,1.0,0.7506637775811029,12.425,0.0,-1.1322924,1.4168072,2.1551707,0.0,0.6,0.6
0.37293397885379753,0.1944673019468602,0.44238786994090457,6.84,44410.277647058865,-1.08,0.0,1.0,0.567552720725125,12.43,0.0,-1.1322924,1.4168072,2.1551707,0.0,0.6,0.6
0.37424941271023,0.19676062777634057,0.44170794104441863,7.92,141557.76,-1.08,0.0,1.0,0.7964415417950974,12.435,0.0,-1.1322924,1.4168072,2.1551707,0.0,0.6,0.6
0.37437063176827223,0.1993812258368238,0.44085354752008155,9.36,33.428887954127816,-1.08,0.0,1.0,0.7201452681051066,12.44,0.0,-1.217938,2.387196,3.3864799,0.0,0.6,0.6
0.3720032481917704,0.19307783802283998,0.44043758385425213,11.16,104857.60000000003,-1.08,0.0,1.0,0.567552720725125,12.445,0.0,-1.217938,2.387196,3.3864799,0.0,0.6,0.6
0.36684340217832756,0.18297580731698826,0.43772947787291544,13.32,238413.0694736842,-1.08,0.0,1.0,0.659108249153114,12.450000000000001,0.0,-1.217938,2.387196,3.3864799,0.0,0.6,0.6
0.36309057697429054,0.19645272973376535,0.42514642950057047,16.02,353894.3999999999,-1.08,0.0,1.0,0.7354045228431048,12.455,0.0,-1.217938,2.387196,3.3864799,0.0,0.6,0.6
0.35750165944856976,0.20030961745938144,0.4109645287639952,18.72,353894.3999999999,-1.08,0.0,1.0,0.49125644703513416,12.46,0.0,-0.85587484,2.3641546,4.4463835,0.043237549066543576,0.6,0.6
0.351401644175789,0.21348096815354808,0.4008052237121393,21.599999999999998,345131.30057142844,-0.8999999999999999,21570.706285714306,1.0,0.659108249153114,12.465,0.0,-0.85587484,2.3641546,4.4463835,0.043237549066543576,0.6,0.6
0.34006452164184614,0.23141136487595518,0.3959946037051508,24.66,401080.3200000003,-0.8999999999999999,0.0,1.0,0.567552720725125,12.47,0.0,-0.85587484,2.3641546,4.4463835,0.043237549066543576,0.6,0.6
0.3221263570734322,0.2562952990154689,0.39249336635962856,27.54,389664.3716129031,-0.8999999999999999,0.0,1.0,0.5522934659871268,12.475,0.0,-0.85587484,2.3641546,4.4463835,0.043237549066543576,0.6,0.6
0.29864726784388346,0.2696410488700922,0.3906707867432145,30.599999999999998,414018.3948387095,-0.8999999999999999,0.0,1.0,0.5370342112491286,12.48,0.0,0.11878122,1.9269158,5.44285,0.3356343649327755,0.6,0.6
0.27528254882266845,0.29219474806525486,0.3909834759384354,33.48,68.20468595433293,-0.8999999999999999,0.0,1.0,0.46073793755913783,12.485,0.0,0.11878122,1.9269158,5.44285,0.3356343649327755,0.6,0.6
0.2511608105989736,0.30528092423828274,0.3908910603597083,36.36,223696.21333333352,-0.8999999999999999,0.0,1.0,0.5828119754631231,12.49,0.0,0.11878122,1.9269158,5.44285,0.3356343649327755,0.6,0.6
0.22785505107292747,0.31479845492068675,0.39047342948849534,39.059999999999995,333077.08235294063,-0.8999999999999999,0.0,1.0,0.4302194280831415,12.495000000000001,0.0,0.11878122,1.9269158,5.44285,0.3356343649327755,0.6,0.6
0.20500193395744412,0.32819714519743326,0.3917021201908202,41.58,320292.3054545458,-0.72,22878.02181818181,1.0,0.7506637775811029,12.5,0.0,2.019761,-0.37588155,-0.9495926,0.6,0.1872355341911316,0.015122222900390624
0.1843422527845576,0.349248748451598,0.3926540345410035,44.1,320292.3054545458,-0.72,0.0,1.0,0.8574785607470901,12.505,0.0,2.019761,-0.37588155,-0.9495926,0.6,0.1872355341911316,0.015122222900390624
0.16412802995689474,0.36108480004076726,0.39244146843813565,46.26,266461.6658823525,-0.72,0.0,1.0,0.7354045228431048,12.51,0.0,2.019761,-0.37588155,-0.9495926,0.6,0.1872355341911316,0.015122222900390624
0.14630814789970975,0.3716314158451239,0.39383582851120047,48.059999999999995,222051.38823529377,-0.72,0.0,1.0,0.5828119754631231,12.515,0.0,2.019761,-0.37588155,-0.9495926,0.6,0.1872355341911316,0.015122222900390624
0.1300821913744275,0.3777080173376812,0.3986529950370228,49.5,183024.17454545517,-0.72,0.0,1.0,0.7201452681051066,12.52,8.522881865501404,1.1857667,2.1519578,5.7340403,0.6,0.6,0.6
0.11778974584986715,0.39273184529060495,0.4031727110617511,50.76,29.203403070189935,-0.72,0.0,1.0,0.4302194280831415,12.525,8.522881865501404,1.1857667,2.1519578,5.7340403,0.6,0.6,0.6
0.11438209448439104,0.40166677829156017,0.4079306378915397,51.48,43141.412571428504,-0.72,0.0,1.0,0.44547868282113967,12.530000000000001,8.522881865501404,1.1857667,2.1519578,5.7340403,0.6,0.6,0.6
0.11438051255978304,0.41219811143326623,0.4142007795169258,51.66,19867.755789473653,-0.72,0.0,1.0,0.5980712302011213,12.535,8.522881865501404,1.1857667,2.1519578,5.7340403,0.6,0.6,0.6
0.11297891161968919,0.41843930846676397,0.42082500811292295,51.66,0.0,-0.72,0.0,1.0,0.5828119754631231,12.540000000000001,20.0,-0.20519295,2.0871415,5.308794,0.23844211399555204,0.6,0.6
0.11664282894233656,0.4224166946017343,0.423757913339132,51.3,-52067.222068965435,-0.72,0.0,1.0,0.659108249153114,12.545,20.0,-0.20519295,2.0871415,5.308794,0.23844211399555204,0.6,0.6
0.13113890407253662,0.4305742280045947,0.4235221561291512,50.4,-121770.11612903206,-0.72,0.0,1.0,0.7201452681051066,12.55,20.0,-0.20519295,2.0871415,5.308794,0.23844211399555204,0.6,0.6
0.14518911324196937,0.42350034376759815,0.42465189050787516,49.32,-141557.75999999978,-0.72,0.0,1.0,0.32340464491715437,12.555,20.0,-0.20519295,2.0871415,5.308794,0.23844211399555204,0.6,0.6
0.1596353153063702,0.42312625531546616,0.42465994930458656,47.879999999999995,-194832.18580645227,-0.72,0.0,1.0,0.6133304849391195,12.56,8.522881865501404,-1.1593947,1.2002528,4.746311,0.0,0.6,0.6
0.17827186596894493,0.4146649601854851,0.42241646809849054,46.26,-205902.19636363603,-0.72,0.0,1.0,0.33866389965515253,12.565,8.522881865501404,-1.1593947,1.2002528,4.746311,0.0,0.6,0.6
0.19540127208088587,0.4122927398096375,0.4222042381514664,44.28,-47.321161729260254,-0.72,0.0,1.0,0.567552720725125,12.57,8.522881865501404,-1.1593947,1.2002528,4.746311,0.0,0.6,0.6
0.21010919573498346,0.40274820385731464,0.42261179379141833,42.12,-161780.29714285742,-0.72,0.0,1.0,0.49125644703513416,12.575000000000001,8.522881865501404,-1.1593947,1.2002528,4.746311,0.0,0.6,0.6
0.22725224203773908,0.4077726118567946,0.4222422032057715,39.96,-274536.2618181814,-0.72,0.0,1.0,0.659108249153114,12.58,0.0,0.29557332,-1.1183709,2.3077528,0.3886719971895218,0.0,0.6
0.2439650843112622,0.4028603301228207,0.4225194843066246,37.62,-297414.2836363641,-0.8999999999999999,-22878.02181818181,1.0,0.5217749565111305,12.585,0.0,0.29557332,-1.1183709,2.3077528,0.3886719971895218,0.0,0.6
0.25724885191868785,0.4101467980707277,0.4226467456420808,35.1,-340956.3251612898,-0.8999999999999999,0.0,1.0,0.8269600512710937,12.59,0.0,0.29557332,-1.1183709,2.3077528,0.3886719971895218,0.0,0.6
0.26566506236511406,0.409053699846527,0.423274103254066,32.76,-297414.2836363641,-0.8999999999999999,0.0,1.0,0.5980712302011213,12.595,0.0,0.29557332,-1.1183709,2.3077528,0.3886719971895218,0.0,0.6
0.27096715731387405,0.41419614407970173,0.4236554887212007,30.24,-320292.3054545454,-0.8999999999999999,0.0,1.0,0.5217749565111305,12.6,0.0,2.2223933,-2.3248844,-4.579776,0.6,0.0,0.0
0.2736715783531787,0.4134457122007249,0.4235327591287804,27.72,-330301.43999999994,-0.8999999999999999,0.0,1.0,0.384441663869147,12.605,0.0,2.2223933,-2.3248844,-4.579776,0.6,0.0,0.0
0.27505025423438356,0.4121808421906554,0.4238453336991463,25.2,-340956.32516129024,-0.8999999999999999,0.0,1.0,0.7354045228431048,12.61,0.0,2.2223933,-2.3248844,-4.579776,0.6,0.0,0.0
0.2764067936984555,0.4217811871733018,0.42473161870854603,22.86,-53.86668364406733,-0.8999999999999999,0.0,1.0,0.567552720725125,12.615,0.0,2.2223933,-2.3248844,-4.579776,0.6,0.0,0.0
0.27765353722860403,0.4330054730064371,0.42461974812455017,20.52,-144333.40235294116,-0.8999999999999999,0.0,1.0,0.5522934659871268,12.620000000000001,8.522881865501404,2.072939,-0.5838938,2.8417077,0.6,0.12483186721801758,0.6
0.27834669724328576,0.4288654451681507,0.42498287298809295,18.36,-238413.0694736842,-0.8999999999999999,0.0,1.0,0.5522934659871268,12.625,8.522881865501404,2.072939,-0.5838938,2.8417077,0.6,0.12483186721801758,0.6
0.27997552780568064,0.4364317814525932,0.4263858608291911,16.56,-235929.6000000001,-0.8999999999999999,0.0,1.0,0.49125644703513416,12.63,8.522881865501404,2.072939,-0.5838938,2.8417077,0.6,0.12483186721801758,0.6
0.28144020241547174,0.43372683309046606,0.42750904820252206,14.76,-235929.59999999986,-1.08,-23592.96000000002,1.0,0.5828119754631231,12.635,8.522881865501404,2.072939,-0.5838938,2.8417077,0.6,0.12483186721801758,0.6
0.28377639911949,0.43653379587160757,0.4287992391658714,13.32,-201326.59199999992,-1.08,0.0,1.0,0.6743675038911121,12.64,20.0,0.9428305,-1.2120991,2.9703784,0.5828491508960724,0.0,0.6
0.2858506316535475,0.43883033233489477,0.43272744576371214,12.24,-150994.94400000002,-1.08,0.0,1.0,0.46073793755913783,12.645,20.0,0.9428305,-1.2120991,2.9703784,0.5828491508960724,0.0,0.6
0.2871929346174011,0.42698881900964814,0.4373816784525851,11.34,-121770.1161290323,-1.08,0.0,1.0,0.6743675038911121,12.65,20.0,0.9428305,-1.2120991,2.9703784,0.5828491508960724,0.0,0.6
0.28957792070419525,0.4136867288906068,0.44007766589890146,10.799999999999999,-12.21279641961664,-1.08,0.0,1.0,0.36918240913114886,12.655000000000001,20.0,0.9428305,-1.2120991,2.9703784,0.5828491508960724,0.0,0.6
0.29152805980767404,0.4014745639872996,0.4397233557545993,10.62,-12582.91199999998,-1.08,0.0,1.0,0.7354045228431048,12.66,8.522881865501404,0.4726378,-2.063342,-1.8876859,0.4417913407087326,0.0,0.0
0.29224860437458894,0.37635793229072206,0.4386495909840232,10.799999999999999,22878.021818181784,-1.08,0.0,1.0,0.33866389965515253,12.665000000000001,8.522881865501404,0.4726378,-2.063342,-1.8876859,0.4417913407087326,0.0,0.0
0.2937265064833353,0.34697143202698955,0.4385794394649728,11.16,52067.22206896569,-1.08,0.0,1.0,0.6133304849391195,12.67,8.522881865501404,0.4726378,-2.063342,-1.8876859,0.4417913407087326,0.0,0.0
0.302305682660569,0.314914395295029,0.43886243507984596,11.879999999999999,97416.09290322565,-1.08,0.0,1.0,0.49125644703513416,12.675,8.522881865501404,0.4726378,-2.063342,-1.8876859,0.4417913407087326,0.0,0.0
0.3143359204490726,0.2948797353730404,0.4387228667624501,13.139999999999999,170478.16258064512,-1.08,0.0,1.0,0.44547868282113967,12.68,0.0,0.028390937,-0.89385986,1.4704942,0.3085172809660435,0.031842041015624996,0.6
0.3243252813428429,0.27017195278459916,0.43832055805038356,14.399999999999999,170478.16258064512,-1.08,0.0,1.0,0.6133304849391195,12.685,0.0,0.028390937,-0.89385986,1.4704942,0.3085172809660435,0.031842041015624996,0.6
0.3365570040101594,0.2422093905396137,0.4388698895532499,16.2,235929.6000000001,-1.08,0.0,1.0,0.6285897396771176,12.69,0.0,0.028390937,-0.89385986,1.4704942,0.3085172809660435,0.031842041015624996,0.6
0.351431062846102,0.21716267858478672,0.43926214892189314,18.18,276824.0640000001,-1.08,0.0,1.0,0.33866389965515253,12.695,0.0,0.028390937,-0.89385986,1.4704942,0.3085172809660435,0.031842041015624996,0.6
0.3621037633993325,0.1925997606790506,0.43888065272333404,20.52,57.07697572039196,-1.08,0.0,1.0,0.475997192297136,12.700000000000001,0.0,0.2732055,-0.42877102,2.6987815,0.3819616466760635,0.17136869430541993,0.6
0.37261347019861446,0.17734047388641222,0.43829296276265295,23.04,144789.6723287671,-1.08,0.0,1.0,0.5370342112491286,12.705,0.0,0.2732055,-0.42877102,2.6987815,0.3819616466760635,0.17136869430541993,0.6
0.38306251310928785,0.16623261551634635,0.43688424531382736,25.919999999999998,345131.30057142844,-1.08,0.0,1.0,0.5828119754631231,12.71,0.0,0.2732055,-0.42877102,2.6987815,0.3819616466760635,0.17136869430541993,0.6
0.3904052734656988,0.1456322843581474,0.4366034440360535,28.799999999999997,355282.22117647046,-1.08,0.0,1.0,0.3081453901791562,12.715,0.0,0.2732055,-0.42877102,2.6987815,0.3819616466760635,0.17136869430541993,0.6
0.39639483930892966,0.11506305768067202,0.4354056518175354,32.04,411804.392727273,-1.08,0.0,1.0,0.7048860133671084,12.72,0.0,0.9259292,-1.4120492,0.08251994,0.5777787566184998,0.0,0.32475598230957986
0.4014082591765461,0.10143583193141649,0.4305959771281679,35.28,424673.28000000026,-0.8999999999999999,23592.96000000002,1.0,0.6285897396771176,12.725,0.0,0.9259292,-1.4120492,0.08251994,0.5777787566184998,0.0,0.32475598230957986
0.40366433494211523,0.09445070903233334,0.4169421721249144,38.699999999999996,421897.6376470582,-0.8999999999999999,0.0,1.0,0.659108249153114,12.73,0.0,0.9259292,-1.4120492,0.08251994,0.5777787566184998,0.0,0.32475598230957986
0.40206458902668485,0.08435943122398927,0.40362883422362555,42.12,448266.2400000002,-0.8999999999999999,0.0,1.0,0.2776268807031599,12.735,0.0,0.9259292,-1.4120492,0.08251994,0.5777787566184998,0.0,0.32475598230957986
0.39844664960132115,0.07158629804703934,0.39894085894157727,45.54,77.37900356025465,-0.8999999999999999,0.0,1.0,0.5980712302011213,12.74,0.0,0.8271545,-1.1164409,4.1822743,0.5481463551521301,0.0,0.6
0.39581452088952596,0.06067165485137796,0.39682913549684234,48.78,183642.49945945956,-0.8999999999999999,0.0,1.0,0.33866389965515253,12.745000000000001,0.0,0.8271545,-1.1164409,4.1822743,0.5481463551521301,0.0,0.6
0.3924239047728302,0.06965524167119425,0.39345662085346095,52.199999999999996,409843.4194285708,-0.8999999999999999,0.0,1.0,0.7659230323191011,12.75,0.0,0.8271545,-1.1164409,4.1822743,0.5481463551521301,0.0,0.6
0.39003540942841436,0.07627213063400667,0.39368771573427397,55.26,401080.3200000003,-0.8999999999999999,0.0,1.0,0.384441663869147,12.755,0.0,0.8271545,-1.1164409,4.1822743,0.5481463551521301,0.0,0.6
0.3877344509282164,0.07289266025296945,0.3948418894192706,58.5,331452.31609756115,-0.8999999999999999,0.0,1.0,0.6133304849391195,12.76,0.0,1.5831544,-1.5618614,0.7926173,0.6,0.0,0.5377851963043213
0.3864207941078682,0.07388680992405802,0.39353865075252936,61.559999999999995,401080.31999999937,-0.8999999999999999,0.0,1.0,0.567552720725125,12.765,0.0,1.5831544,-1.5618614,0.7926173,0.6,0.0,0.5377851963043213
0.3882451241734931,0.08140712350903444,0.3934436664634452,64.44,389664.37161290355,-0.8999999999999999,0.0,1.0,0.7506637775811029,12.77,0.0,1.5831544,-1.5618614,0.7926173,0.6,0.0,0.5377851963043213
0.39163746881465616,0.07662884606121902,0.39428820329410263,67.14,353894.4000000004,-0.8999999999999999,0.0,1.0,0.5370342112491286,12.775,0.0,1.5831544,-1.5618614,0.7926173,0.6,0.0,0.5377851963043213
0.39553569100327535,0.08191854495588108,0.39377085865939615,69.84,365310.3483870972,-0.8999999999999999,0.0,1.0,0.5980712302011213,12.780000000000001,0.0,1.1122451,-0.9565051,3.83696,0.6,0.013048464059829712,0.6
0.40171206469024423,0.06374946915029077,0.39459977381585504,72.36,61.59108490181215,-0.72,4.399363207272302,1.0,0.5522934659871268,12.785,0.0,1.1122451,-0.9565051,3.83696,0.6,0.013048464059829712,0.6
0.40966111316585896,0.07773784777280003,0.3956034325594243,74.7,160896.25180327892,-0.72,0.0,1.0,0.6438489944151158,12.790000000000001,0.0,1.1122451,-0.9565051,3.83696,0.6,0.013048464059829712,0.6
0.41675686870335915,0.07437906056006036,0.395279326060324,76.86,274536.2618181814,-0.72,0.0,1.0,0.6133304849391195,12.795,0.0,1.1122451,-0.9565051,3.83696,0.6,0.013048464059829712,0.6
0.4245048044327825,0.07185627139198267,0.3957458197150405,78.84,251658.24000000051,-0.72,0.0,1.0,0.6743675038911121,12.8,0.0,1.1733295,-1.6909227,0.6909502,0.6,0.0,0.507285064458847
0.4310736587516419,0.05840553504902952,0.39846951482040366,80.46,169869.311999999,-0.72,0.0,1.0,0.20133060701316907,12.805,0.0,1.1733295,-1.6909227,0.6909502,0.6,0.0,0.507285064458847
0.4377047095525461,0.05193850872350906,0.39987336315930766,81.89999999999999,183024.17454545427,-0.72,0.0,1.0,0.7964415417950974,12.81,0.0,1.1733295,-1.6909227,0.6909502,0.6,0.0,0.507285064458847
0.4431019439824414,0.040812248647084555,0.4024385638208755,82.98,141557.76000000164,-0.72,0.0,1.0,0.475997192297136,12.815,0.0,1.1733295,-1.6909227,0.6909502,0.6,0.0,0.507285064458847
0.44880869173510296,0.029711210314139706,0.4078769089599335,83.7,97416.09290322565,-0.72,0.0,1.0,0.3081453901791562,12.82,0.0,0.96591264,-1.688923,3.2162619,0.5897737920284271,0.0,0.6
0.4542217208101642,0.017756467951790294,0.4141795324132929,84.06,8.153823191113641,-0.72,0.0,1.0,0.3081453901791562,12.825000000000001,0.0,0.96591264,-1.688923,3.2162619,0.5897737920284271,0.0,0.6
0.45928998789775577,0.02069542380147278,0.41874879419623,84.24,8778.775813953129,-0.72,0.0,1.0,0.7048860133671084,12.83,0.0,0.96591264,-1.688923,3.2162619,0.5897737920284271,0.0,0.6
0.46384986828819824,0.019022609369518727,0.4250261648370239,84.24,0.0,-0.72,0.0,1.0,0.5370342112491286,12.835,0.0,0.96591264,-1.688923,3.2162619,0.5897737920284271,0.0,0.6
0.46757099051815537,0.025285687508673174,0.43257088039322744,83.88,-43141.412571428504,-0.8999999999999999,-21570.706285714277,1.0,0.567552720725125,12.84,0.0,0.91656506,-1.5995935,2.889944,0.5749695181846618,0.0,0.6
0.4706964071827951,0.011847327418809202,0.43852207600167936,83.16,-97416.09290322565,-0.8999999999999999,0.0,1.0,0.44547868282113967,12.845,0.0,0.91656506,-1.5995935,2.889944,0.5749695181846618,0.0,0.6
0.47338994084746655,0.0008591163035658645,0.4441645659769975,82.44,-86282.82514285701,-0.8999999999999999,0.0,1.0,0.8727378154850882,12.85,0.0,0.91656506,-1.5995935,2.889944,0.5749695181846618,0.0,0.6
0.4765335088365072,0.009368121678441622,0.4490373412259478,81.72,-88820.55529411751,-0.8999999999999999,0.0,1.0,0.6285897396771176,12.855,0.0,0.91656506,-1.5995935,2.889944,0.5749695181846618,0.0,0.6
0.4794243760214309,0.017100478037696813,0.4522220906730932,80.64,-141557.75999999978,-0.8999999999999999,0.0,1.0,0.8269600512710937,12.86,0.0,0.72374666,-1.4827669,1.3983761,0.5171239972114563,0.0,0.6
0.481659212651291,-0.001342600801220483,0.4555016935670152,79.56,-146124.13935483847,-0.8999999999999999,0.0,1.0,0.5065157017731323,12.865,0.0,0.72374666,-1.4827669,1.3983761,0.5171239972114563,0.0,0.6
0.4833333124574642,-0.005557093091764289,0.4595735456768015,78.48,-26.2517723147536,-0.8999999999999999,0.0,1.0,0.659108249153114,12.870000000000001,0.0,0.72374666,-1.4827669,1.3983761,0.5171239972114563,0.0,0.6
0.48469688064459543,-0.014368287763643349,0.46268031407284843,77.39999999999999,-78100.83310344919,-0.8999999999999999,0.0,1.0,0.33866389965515253,12.875,0.0,0.72374666,-1.4827669,1.3983761,0.5171239972114563,0.0,0.6
0.48593581359859683,-0.02037849487365313,0.46592360991820625,76.32,-133230.83294117625,-0.8999999999999999,0.0,1.0,0.6133304849391195,12.88,0.0,-0.039308853,0.04790581,1.8643256,0.2882073439657688,0.31437174305319787,0.6
0.48775756568447926,-0.02610135272222341,0.46928676150474113,75.06,-182235.277241378,-0.8999999999999999,0.0,1.0,0.475997192297136,12.885,0.0,-0.039308853,0.04790581,1.8643256,0.2882073439657688,0.31437174305319787,0.6
0.4897232079951784,-0.0172715203077805,0.47210731502295666,73.8,-176160.7680000007,-0.8999999999999999,0.0,1.0,0.8117007965330956,12.89,0.0,-0.039308853,0.04790581,1.8643256,0.2882073439657688,0.31437174305319787,0.6
0.4911872609740791,-0.02071061542373969,0.4745262127504051,72.72,-146124.13935483847,-0.8999999999999999,0.0,1.0,0.2776268807031599,12.895,0.0,-0.039308853,0.04790581,1.8643256,0.2882073439657688,0.31437174305319787,0.6
0.49243615329629137,-0.030441455202439963,0.47803824162987324,71.46,-165150.72000000067,-0.8999999999999999,0.0,1.0,0.6438489944151158,12.9,0.0,-0.8839747,2.0366285,1.7938071,0.03480759859085083,0.6,0.6
0.4940219362574642,-0.03269811780982423,0.4807033793358526,70.38,-146124.13935483847,-0.8999999999999999,0.0,1.0,0.475997192297136,12.905000000000001,0.0,-0.8839747,2.0366285,1.7938071,0.03480759859085083,0.6,0.6
0.4955576828235827,-0.015290636354345438,0.4830390385555832,69.3,-24.41637687643171,-0.8999999999999999,0.0,1.0,0.6438489944151158,12.91,0.0,-0.8839747,2.0366285,1.7938071,0.03480759859085083,0.6,0.6
0.4967144197615895,-0.020952715610137385,0.4855082180008357,68.22,-80890.14857142845,-0.8999999999999999,0.0,1.0,0.567552720725125,12.915000000000001,0.0,-0.8839747,2.0366285,1.7938071,0.03480759859085083,0.6,0.6
0.4983323714791027,-0.020014224184524813,0.4877395683052925,67.32,-121770.11612903302,-0.8999999999999999,0.0,1.0,0.5828119754631231,12.92,0.0,-0.91086257,2.1212127,2.1687565,0.026741230487823484,0.6,0.6
0.49786156022616845,-0.023891261847442235,0.4900313419764428,66.42,-125829.1199999988,-0.8999999999999999,0.0,1.0,0.475997192297136,12.925,0.0,-0.91086257,2.1212127,2.1687565,0.026741230487823484,0.6,0.6
0.4977950067749179,-0.011281457653805357,0.49219162685388607,65.52,-130168.05517241462,-1.08,-26033.611034482783,1.0,0.7048860133671084,12.93,0.0,-0.91086257,2.1212127,2.1687565,0.026741230487823484,0.6,0.6
0.4987120615811618,-0.018780643458423497,0.49413321312569797,64.8,-94371.83999999985,-1.08,0.0,1.0,0.475997192297136,12.935,0.0,-0.91086257,2.1212127,2.1687565,0.026741230487823484,0.6,0.6
0.498043701298848,-0.012599188494458907,0.4958855309645756,64.25999999999999,-75497.47200000087,-1.08,0.0,1.0,0.7354045228431048,12.94,0.0,-0.87946653,2.0497215,2.8908896,0.036160039901733394,0.6,0.6
0.4969241564431179,0.012845241478518418,0.49758259346974737,63.72,-73062.06967741827,-1.08,0.0,1.0,0.475997192297136,12.945,0.0,-0.87946653,2.0497215,2.8908896,0.036160039901733394,0.6,0.6
0.4971307450923188,0.03400041855385571,0.49938371913093677,63.36,-50331.64799999992,-1.08,0.0,1.0,0.6896267586291103,12.950000000000001,0.0,-0.87946653,2.0497215,2.8908896,0.036160039901733394,0.6,0.6
0.4965615092211853,0.06104587616031995,0.5004880576253409,63.18,-4.389056175986692,-1.08,0.0,1.0,0.41496017334514335,12.955,0.0,-0.87946653,2.0497215,2.8908896,0.036160039901733394,0.6,0.6
0.4934133179278067,0.07662147913924075,0.5011354822642871,63.0,-14244.806037735827,-1.08,0.0,1.0,0.7811822870570992,12.96,0.0,-1.7347691,2.3438785,3.7303278,0.0,0.6,0.6
0.48641953151314565,0.09138355885638455,0.5016515602145146,62.82,-20404.72216216213,-1.08,0.0,1.0,0.6133304849391195,12.965,0.0,-1.7347691,2.3438785,3.7303278,0.0,0.6,0.6
0.4782417184170199,0.11545418529263017,0.5017167539617282,62.82,0.0,-1.08,0.0,1.0,0.6133304849391195,12.97,0.0,-1.7347691,2.3438785,3.7303278,0.0,0.6,0.6
0.4633354409551806,0.1319042389009424,0.50174607024987,62.82,0.0,-0.8999999999999999,24354.02322580647,1.0,0.2318491164891654,12.975,0.0,-1.7347691,2.3438785,3.7303278,0.0,0.6,0.6
0.44269904873507515,0.14178124088917846,0.5017723559555289,62.82,0.0,-0.8999999999999999,0.0,1.0,0.6285897396771176,12.98,0.0,-1.9720852,1.8210803,4.7314687,0.0,0.6,0.6
0.4249552605917525,0.16078629462349844,0.501211623091124,62.64,-22878.021818181784,-0.8999999999999999,0.0,1.0,0.49125644703513416,12.985,0.0,-1.9720852,1.8210803,4.7314687,0.0,0.6,0.6
0.40710620871515674,0.1763467087103008,0.5010868553994026,62.46,-25165.82399999996,-0.8999999999999999,0.0,1.0,0.6743675038911121,12.99,0.0,-1.9720852,1.8210803,4.7314687,0.0,0.6,0.6
0.3874618153554218,0.18218666834984176,0.5008230975518094,62.28,-4.09127213018809,-0.8999999999999999,0.0,1.0,0.6743675038911121,12.995000000000001,0.0,-1.9720852,1.8210803,4.7314687,0.0,0.6,0.6
0.37033199858857974,0.1952645801308834,0.5007300644284691,61.919999999999995,-25592.363389830974,-0.8999999999999999,0.0,1.0,0.7964415417950974,13.0,0.0,-1.1277919,-0.37162933,2.8458476,0.0,0.1885112017393112,0.6
0.35436823230038067,0.2150625857027287,0.5002430100941698,61.379999999999995,-66615.41647058813,-0.8999999999999999,0.0,1.0,0.4302194280831415,13.005,0.0,-1.1277919,-0.37162933,2.8458476,0.0,0.1885112017393112,0.6
0.3379381791311165,0.23934416961549662,0.49952071288688615,60.66,-97416.09290322565,-0.8999999999999999,0.0,1.0,0.6743675038911121,13.01,0.0,-1.1277919,-0.37162933,2.8458476,0.0,0.1885112017393112,0.6
0.32242906877810973,0.2574590309218272,0.49915385585054173,59.94,-100663.29599999984,-0.8999999999999999,0.0,1.0,0.49125644703513416,13.015,0.0,-1.1277919,-0.37162933,2.8458476,0.0,0.1885112017393112,0.6
0.3087268637299792,0.27676862819298675,0.4987275896420073,58.86,-146124.13935483847,-0.8999999999999999,0.0,1.0,0.567552720725125,13.02,0.0,1.2099698,-1.3543235,-0.77291274,0.6,0.0,0.06812617778778075
0.29304268100241754,0.28514226020518696,0.4985214501320656,57.78,-146124.13935483847,-0.8999999999999999,0.0,1.0,0.2318491164891654,13.025,0.0,1.2099698,-1.3543235,-0.77291274,0.6,0.0,0.06812617778778075
0.2759234656126159,0.3066027749821544,0.49800398490787484,56.339999999999996,-194832.18580645227,-0.8999999999999999,0.0,1.0,0.5217749565111305,13.030000000000001,0.0,1.2099698,-1.3543235,-0.77291274,0.6,0.0,0.06812617778778075
0.2559123718807566,0.31195334375922085,0.49760405524375256,54.9,-194832.1858064513,-0.8999999999999999,0.0,1.0,0.6438489944151158,13.035,0.0,1.2099698,-1.3543235,-0.77291274,0.6,0.0,0.06812617778778075
0.23484298226244993,0.3261447234773027,0.49735068681111505,53.1,-41.41727075733049,-0.8999999999999999,0.0,1.0,0.5828119754631231,13.040000000000001,8.522881865501404,2.0503957,-0.47365454,0.70842695,0.6,0.1579036384820938,0.5125280857086182
0.21309158090085092,0.3390573620625083,0.49721588134019923,51.3,-112682.79402985101,-0.8999999999999999,0.0,1.0,0.3539231543931507,13.045,8.522881865501404,2.0503957,-0.47365454,0.70842695,0.6,0.1579036384820938,0.5125280857086182
0.19236566744622643,0.34570463434735643,0.4970409287896341,49.14,-238413.06947368383,-0.8999999999999999,0.0,1.0,0.7659230323191011,13.05,8.522881865501404,2.0503957,-0.47365454,0.70842695,0.6,0.1579036384820938,0.5125280857086182
0.1722354277116779,0.36536432377082406,0.4967004579060992,46.98,-274536.2618181823,-0.8999999999999999,0.0,1.0,0.475997192297136,13.055,8.522881865501404,2.0503957,-0.47365454,0.70842695,0.6,0.1579036384820938,0.5125280857086182
0.154628122456928,0.36192742042908105,0.49646145585791984,44.64,-327155.7119999995,-0.8999999999999999,0.0,1.0,0.659108249153114,13.06,20.0,1.6756159,-1.1992412,0.76432914,0.6,0.0,0.5292987406253814
0.1378745340308732,0.3517105255562783,0.49602963263202965,42.3,-306708.48000000045,-0.8999999999999999,0.0,1.0,0.2318491164891654,13.065,20.0,1.6756159,-1.1992412,0.76432914,0.6,0.0,0.5292987406253814
0.12988541636303616,0.3455183843055531,0.4951193999665576,39.78,-320292.30545454496,-0.8999999999999999,0.0,1.0,0.7048860133671084,13.07,20.0,1.6756159,-1.1992412,0.76432914,0.6,0.0,0.5292987406253814
0.12771917200431807,0.3423922161650111,0.49330179872588403,37.26,-340956.32516129076,-0.8999999999999999,0.0,1.0,0.44547868282113967,13.075000000000001,20.0,1.6756159,-1.1992412,0.76432914,0.6,0.0,0.5292987406253814
0.12609421122355052,0.34849350534051426,0.4926159230396787,34.56,-365310.3483870962,-0.8999999999999999,0.0,1.0,0.6285897396771176,13.08,8.522881865501404,1.2772037,-1.6131068,-4.7413206,0.6,0.0,0.0
0.12957245173574075,0.34360768400459313,0.4925903988969969,32.04,-61.729933186936485,-0.8999999999999999,0.0,1.0,0.384441663869147,13.085,8.522881865501404,1.2772037,-1.6131068,-4.7413206,0.6,0.0,0.0
0.14418066686338427,0.33693141722801573,0.4912476956875052,29.16,-219629.0094545454,-0.8999999999999999,0.0,1.0,0.7354045228431048,13.09,8.522881865501404,1.2772037,-1.6131068,-4.7413206,0.6,0.0,0.0
0.16442370800905876,0.3329734154045168,0.4906490321451283,26.459999999999997,-365310.3483870972,-0.8999999999999999,0.0,1.0,0.5370342112491286,13.095,8.522881865501404,1.2772037,-1.6131068,-4.7413206,0.6,0.0,0.0
0.1810337690176132,0.31700878214552863,0.49086992838424154,23.58,-402653.18399999983,-0.8999999999999999,0.0,1.0,0.7964415417950974,13.1,0.0,0.5237696,-0.90248173,-2.8445182,0.4571308851242065,0.02925547957420349,0.0
0.20139853283686893,0.310654902423369,0.49026794177704563,20.88,-390504.1655172413,-1.08,-26033.611034482783,1.0,0.384441663869147,13.105,0.0,0.5237696,-0.90248173,-2.8445182,0.4571308851242065,0.02925547957420349,0.0
0.22266396927183543,0.3029641804421775,0.4901997416202463,18.36,-320292.3054545454,-1.08,0.0,1.0,0.7811822870570992,13.11,0.0,0.5237696,-0.90248173,-2.8445182,0.4571308851242065,0.02925547957420349,0.0
0.23984440071427318,0.29220948381606743,0.4901372381384674,15.84,-340956.32516129024,-1.08,0.0,1.0,0.3081453901791562,13.115,0.0,0.5237696,-0.90248173,-2.8445182,0.4571308851242065,0.02925547957420349,0.0
0.25714865811838217,0.2687356993455359,0.4898350422101897,13.5,-306708.48,-1.08,0.0,1.0,0.49125644703513416,13.120000000000001,0.0,0.26628557,-1.4663788,-4.6166253,0.379885670542717,0.0,0.0
0.27724316355396716,0.258682571699337,0.4894961795173659,11.7,-40.63416829029378,-1.08,0.0,1.0,0.3081453901791562,13.125,0.0,0.26628557,-1.4663788,-4.6166253,0.379885670542717,0.0,0.0
0.2917914594959765,0.25261963557084105,0.4890227332483549,10.08,-93079.07506849311,-1.08,0.0,1.0,0.9032563249610845,13.13,0.0,0.26628557,-1.4663788,-4.6166253,0.379885670542717,0.0,0.0
0.3050539279158565,0.23142104811809872,0.4874972971152987,9.0,-133230.8329411765,-1.08,0.0,1.0,0.33866389965515253,13.135,0.0,0.26628557,-1.4663788,-4.6166253,0.379885670542717,0.0,0.0
0.3207969318081784,0.20440056214733093,0.48201000709947106,8.459999999999999,-66615.41647058834,-1.08,0.0,1.0,0.41496017334514335,13.14,0.0,-0.030405633,-1.6496276,0.03800275,0.2908783100545406,0.0,0.3114008255302906
0.33342504506336246,0.184183793234287,0.46477444916480076,8.459999999999999,0.0,-1.08,0.0,1.0,0.3081453901791562,13.145,0.0,-0.030405633,-1.6496276,0.03800275,0.2908783100545406,0.0,0.3114008255302906
0.34369112856776896,0.15875113191285667,0.43954293050191107,8.82,44410.277647058974,-1.08,0.0,1.0,0.6438489944151158,13.15,0.0,-0.030405633,-1.6496276,0.03800275,0.2908783100545406,0.0,0.3114008255302906
0.35455290330524747,0.14279280934859942,0.40924945598577683,9.9,137268.13090909092,-1.08,0.0,1.0,0.44547868282113967,13.155000000000001,0.0,-0.030405633,-1.6496276,0.03800275,0.2908783100545406,0.0,0.3114008255302906
0.36119756579416096,0.13409898480447408,0.3792012400439958,11.34,188743.67999999993,-1.08,0.0,1.0,0.6438489944151158,13.16,0.0,0.22796902,-1.4135242,1.7320889,0.3683907061815262,0.0,0.6
0.3654335035509932,0.12638533661016363,0.34933795884071434,13.139999999999999,243540.23225806438,-0.8999999999999999,24354.02322580647,1.0,0.5217749565111305,13.165000000000001,0.0,0.22796902,-1.4135242,1.7320889,0.3683907061815262,0.0,0.6
0.36914943513638726,0.10563095310999462,0.3217136284312439,15.299999999999999,52.80928355337939,-0.8999999999999999,0.0,1.0,0.6285897396771176,13.17,0.0,0.22796902,-1.4135242,1.7320889,0.3683907061815262,0.0,0.6
0.37106767593409246,0.08384388622862748,0.29443618152051304,17.64,166350.36203389842,-0.8999999999999999,0.0,1.0,0.41496017334514335,13.175,0.0,0.22796902,-1.4135242,1.7320889,0.3683907061815262,0.0,0.6
0.3720408256492634,0.06734275525728181,0.26965098535438414,20.34,365310.34838709666,-0.8999999999999999,0.0,1.0,0.3539231543931507,13.18,0.0,0.14566797,-1.1599697,1.8505532,0.34370039105415345,0.0,0.6
0.37321048935938106,0.06700129055525994,0.2455110047234527,23.4,427819.0079999998,-0.8999999999999999,0.0,1.0,0.49125644703513416,13.185,0.0,0.14566797,-1.1599697,1.8505532,0.34370039105415345,0.0,0.6
0.3728752454764332,0.04702062756826122,0.2246125264626381,26.459999999999997,427819.0079999998,-0.8999999999999999,0.0,1.0,0.8269600512710937,13.19,0.0,0.14566797,-1.1599697,1.8505532,0.34370039105415345,0.0,0.6
0.3714508804127045,0.041782867848291445,0.20629762044909508,29.7,424673.28000000026,-0.72,23592.959999999992,1.0,0.5980712302011213,13.195,0.0,0.14566797,-1.1599697,1.8505532,0.34370039105415345,0.0,0.6
0.367678134977089,0.03234792206446164,0.19712146971904895,33.12,398458.8799999998,-0.72,0.0,1.0,0.5370342112491286,13.200000000000001,0.0,0.2729526,-0.6581253,3.9173791,0.3818857759237289,0.102562415599823,0.6
0.3637119986546992,0.03476205874771525,0.19524426658817612,36.36,424673.28000000026,-0.72,0.0,1.0,0.384441663869147,13.205,0.0,0.2729526,-0.6581253,3.9173791,0.3818857759237289,0.102562415599823,0.6
0.3601274988821464,0.029463249910204513,0.19268429082298427,39.78,77.3748297103404,-0.72,0.0,1.0,0.7811822870570992,13.21,0.0,0.2729526,-0.6581253,3.9173791,0.3818857759237289,0.102562415599823,0.6
0.35681966320885156,0.024604330644194868,0.19266999257122086,43.019999999999996,188743.6799999997,-0.72,0.0,1.0,0.7354045228431048,13.215,0.0,0.2729526,-0.6581253,3.9173791,0.3818857759237289,0.102562415599823,0.6
0.35428396517618826,0.02412238489208365,0.19750397337655962,46.26,399692.49882352963,-0.54,22205.138823529403,1.0,0.567552720725125,13.22,0.0,-0.040808074,1.6437607,3.0283842,0.28775757774710653,0.6,0.6
0.35339462007215217,0.0142463894164487,0.2038681917216224,49.5,367284.9989189191,-0.54,0.0,1.0,0.3081453901791562,13.225,0.0,-0.040808074,1.6437607,3.0283842,0.28775757774710653,0.6,0.6
0.3512798530785937,0.00011503634424145607,0.21338424369129633,52.559999999999995,388926.37090909027,-0.36,22878.021818181824,1.0,0.6743675038911121,13.23,0.0,-0.040808074,1.6437607,3.0283842,0.28775757774710653,0.6,0.6
0.3501972615784466,0.006623090245677818,0.2284870650755542,55.44,355282.2211764709,-0.18,22205.13882352941,1.0,0.21658986175116723,13.235,0.0,-0.040808074,1.6437607,3.0283842,0.28775757774710653,0.6,0.6
0.34999089497303804,0.016166799297413034,0.24582254012143795,58.5,377487.3600000003,-0.18,0.0,1.0,0.5828119754631231,13.24,0.0,-0.8014055,1.9664556,1.4957637,0.059578353166580195,0.6,0.6
0.35035977824043535,0.008432599453791335,0.2613737830435578,61.379999999999995,389664.3716129026,-0.18,0.0,1.0,0.5217749565111305,13.245000000000001,0.0,-0.8014055,1.9664556,1.4957637,0.059578353166580195,0.6,0.6
0.3504989996998453,-0.004836086403952326,0.2791313267137692,64.08,343170.3272727276,-0.36,-22878.021818181816,1.0,0.7048860133671084,13.25,0.0,-0.8014055,1.9664556,1.4957637,0.059578353166580195,0.6,0.6
0.35144323897584767,0.009032988971582188,0.2958498272732668,66.96,70.16615949395018,-0.72,-8.770769936743786,1.0,0.3081453901791562,13.255,0.0,-0.8014055,1.9664556,1.4957637,0.059578353166580195,0.6,0.6
0.35333323637188,0.0006714452015168412,0.30983704896046266,69.48,195734.18666666746,-0.72,0.0,1.0,0.33866389965515253,13.26,0.0,-0.82994175,1.8971659,3.6367292,0.051017475128173825,0.6,0.6
0.35515537073986014,-0.0029316843894256067,0.32392011452453456,71.82,288666.80470588105,-0.72,0.0,1.0,0.17081209753717275,13.265,0.0,-0.82994175,1.8971659,3.6367292,0.051017475128173825,0.6,0.6
0.3575605679874768,0.01809683249808429,0.3385849939097685,74.16,327155.71200000047,-0.72,0.0,1.0,0.7048860133671084,13.27,0.0,-0.82994175,1.8971659,3.6367292,0.051017475128173825,0.6,0.6
0.3586239317492979,0.042777232408835665,0.35044555415244555,76.32,292248.27870967693,-0.72,0.0,1.0,0.6133304849391195,13.275,0.0,-0.82994175,1.8971659,3.6367292,0.051017475128173825,0.6,0.6
0.3591080532744332,0.05277944762511718,0.36171702752038654,78.3,244256.52705882402,-0.72,0.0,1.0,0.5217749565111305,13.280000000000001,0.0,-1.2400439,2.8321931,4.533781,0.0,0.6,0.6
0.3592035774872458,0.08149607089250062,0.3735377669805192,79.92,199846.24941176525,-0.72,0.0,1.0,0.5828119754631231,13.285,0.0,-1.2400439,2.8321931,4.533781,0.0,0.6,0.6
0.35869092248161355,0.0981086696972965,0.38321753983181595,81.17999999999999,165150.7199999988,-0.72,0.0,1.0,0.659108249153114,13.290000000000001,0.0,-1.2400439,2.8321931,4.533781,0.0,0.6,0.6
0.35764990028313165,0.1052539612660683,0.39151353399753824,82.08,20.300258131130743,-0.72,0.0,1.0,0.4302194280831415,13.295,0.0,-1.2400439,2.8321931,4.533781,0.0,0.6,0.6
0.35727911695361536,0.1195766208686794,0.40036526836933467,82.61999999999999,43556.233846153205,-0.54,14518.74461538461,1.0,0.7048860133671084,13.3,0.0,-0.8382004,2.109204,5.9622736,0.04853988289833069,0.6,0.6
0.3569167544219377,0.14527390117004954,0.40727513018875866,82.61999999999999,0.0,-0.54,0.0,1.0,0.3997009186071452,13.305,0.0,-0.8382004,2.109204,5.9622736,0.04853988289833069,0.6,0.6
0.35514017195952924,0.14892477578501664,0.41310681082740625,82.25999999999999,-45756.04363636357,-0.54,0.0,1.0,0.7506637775811029,13.31,0.0,-0.8382004,2.109204,5.9622736,0.04853988289833069,0.6,0.6
0.35414283063264607,0.1711976085387707,0.418828275208339,81.72,-75497.47199999889,-0.72,-25165.82399999999,1.0,0.5065157017731323,13.315,0.0,-0.8382004,2.109204,5.9622736,0.04853988289833069,0.6,0.6
0.3533036847155646,0.18408679937751835,0.42314811055023077,80.46,-150994.9440000006,-0.72,0.0,1.0,0.4302194280831415,13.32,0.0,0.17863604,0.57911307,4.216146,0.3535908132791519,0.4737339198589325,0.6
0.34859741890543416,0.20853665564213708,0.4262573509409916,78.84,-205902.19636363513,-0.72,0.0,1.0,0.5828119754631231,13.325000000000001,0.0,0.17863604,0.57911307,4.216146,0.3535908132791519,0.4737339198589325,0.6
0.33639502051784587,0.2083511013487058,0.4299381595156775,77.03999999999999,-235929.6000000015,-0.72,0.0,1.0,0.7659230323191011,13.33,0.0,0.17863604,0.57911307,4.216146,0.3535908132791519,0.4737339198589325,0.6
0.3245846624583927,0.22025991850704857,0.4326653779253919,74.88,-292248.27870967693,-0.72,0.0,1.0,0.44547868282113967,13.335,0.0,0.17863604,0.57911307,4.216146,0.3535908132791519,0.4737339198589325,0.6
0.31136083203154974,0.24047676688871222,0.4345527781902167,72.53999999999999,-57.14743168571653,-0.72,0.0,1.0,0.8269600512710937,13.34,0.0,2.065958,-2.5917275,-3.8430178,0.6,0.0,0.0
0.295561129037222,0.26025535437382585,0.4366940148313351,69.84,-191942.725423728,-0.72,0.0,1.0,0.475997192297136,13.345,0.0,2.065958,-2.5917275,-3.8430178,0.6,0.0,0.0
0.277553211483761,0.2792876413562131,0.4385024517017541,66.78,-377487.3600000003,-0.72,0.0,1.0,0.7048860133671084,13.35,0.0,2.065958,-2.5917275,-3.8430178,0.6,0.0,0.0
0.25998860262720697,0.28629338076537214,0.439601480328282,63.72,-377487.3600000003,-0.72,0.0,1.0,0.5828119754631231,13.355,0.0,2.065958,-2.5917275,-3.8430178,0.6,0.0,0.0
0.2420844134420081,0.29011833194371395,0.4406916388630884,60.48,-399692.49882352963,-0.72,0.0,1.0,0.8727378154850882,13.36,8.522881865501404,2.01834,-0.72411305,3.3060584,0.6,0.0827660858631134,0.6
0.22693896325839713,0.29659351493787595,0.4417925758112072,56.879999999999995,-444102.7764705884,-0.8999999999999999,-22205.138823529403,1.0,0.49125644703513416,13.365,8.522881865501404,2.01834,-0.72411305,3.3060584,0.6,0.0827660858631134,0.6
0.21683518070852725,0.30741394964131236,0.4424983674013467,53.28,-457560.43636363564,-0.8999999999999999,0.0,1.0,0.7048860133671084,13.370000000000001,8.522881865501404,2.01834,-0.72411305,3.3060584,0.6,0.0827660858631134,0.6
0.21357896549584954,0.32228178647646194,0.4430779297402824,49.5,-127858.62193548391,-0.8999999999999999,0.0,1.0,0.384441663869147,13.375,8.522881865501404,2.01834,-0.72411305,3.3060584,0.6,0.0827660858631134,0.6
0.2114121540842632,0.32513687214531567,0.4440608679604043,45.72,-87.16227470642568,-0.8999999999999999,0.0,1.0,0.7201452681051066,13.38,20.0,1.4711047,-1.1630486,-2.5774627,0.6,0.0,0.0
0.21066767452939095,0.33912726248058644,0.44422260734813024,41.94,-214249.58270270276,-0.8999999999999999,0.0,1.0,0.44547868282113967,13.385,20.0,1.4711047,-1.1630486,-2.5774627,0.6,0.0,0.0
0.21259454526622595,0.35923531763355093,0.44306981653497984,37.8,-469308.60972972977,-0.8999999999999999,0.0,1.0,0.7354045228431048,13.39,20.0,1.4711047,-1.1630486,-2.5774627,0.6,0.0,0.0
0.21562386817753817,0.35675168641926547,0.44124956988462194,33.839999999999996,-488513.0541176472,-0.8999999999999999,0.0,1.0,0.5980712302011213,13.395,20.0,1.4711047,-1.1630486,-2.5774627,0.6,0.0,0.0
0.21890877568680991,0.3565490121823909,0.44091832126417396,29.7,-578813.9519999996,-0.8999999999999999,0.0,1.0,0.7201452681051066,13.4,8.522881865501404,-0.50264835,-1.3594171,-0.021019079,0.14920549392700194,0.0,0.29369427636265755
0.22694093883530564,0.35314279068308674,0.43992854062011727,25.74,-503316.4800000001,-0.8999999999999999,0.0,1.0,0.2623676259651617,13.405000000000001,8.522881865501404,-0.50264835,-1.3594171,-0.021019079,0.14920549392700194,0.0,0.29369427636265755
0.24340973741556107,0.3616156896657439,0.4389259173789173,21.96,-480438.4581818179,-1.08,-22878.021818181838,1.0,0.5980712302011213,13.41,8.522881865501404,-0.50264835,-1.3594171,-0.021019079,0.14920549392700194,0.0,0.29369427636265755
0.26124780583339174,0.364102519805667,0.43921120236571753,18.18,-511434.48774193565,-1.08,0.0,1.0,0.46073793755913783,13.415000000000001,8.522881865501404,-0.50264835,-1.3594171,-0.021019079,0.14920549392700194,0.0,0.29369427636265755
0.2768700224789134,0.3636616065822083,0.43910715213387197,14.76,-478150.656,-1.08,0.0,1.0,0.567552720725125,13.42,0.0,-0.14740759,-1.7911817,-3.0788522,0.25577772259712217,0.0,0.0
0.2956802362494976,0.35851620046179233,0.438800471636985,11.7,-69.32883679223882,-1.08,0.0,1.0,0.44547868282113967,13.425,0.0,-0.14740759,-1.7911817,-3.0788522,0.25577772259712217,0.0,0.0
0.3122063710992181,0.3399997851063715,0.4387685078039699,9.18,-150994.944,-1.08,0.0,1.0,0.567552720725125,13.43,0.0,-0.14740759,-1.7911817,-3.0788522,0.25577772259712217,0.0,0.0
0.32475099415222797,0.3261716729274021,0.4375898233053418,7.02,-258848.47542857146,-1.08,0.0,1.0,0.7964415417950974,13.435,0.0,-0.14740759,-1.7911817,-3.0788522,0.25577772259712217,0.0,0.0
0.33841209192883726,0.31249795118413426,0.4354822698769476,5.76,-160146.1527272727,-1.08,0.0,1.0,12.317178868984044,13.44,0.0,0.45561317,-1.868899,0.18284494,0.4366839498281479,0.0,0.35485348105430603
0.35218758550050233,0.28529067927138196,0.42942362464239464,5.58,-23592.959999999963,-0.36,94371.84000000001,1.0,1.1626636555070533,13.445,0.0,0.45561317,-1.868899,0.18284494,0.4366839498281479,0.0,0.35485348105430603
0.35891547239042126,0.27460274977511934,0.41735040334248097,6.66,137268.13090909092,-1.26,-114390.1090909091,1.0,-4.04074221015043,13.450000000000001,0.0,0.45561317,-1.868899,0.18284494,0.4366839498281479,0.0,0.35485348105430603
0.3603784823377501,0.25193728234742,0.40155653653850254,7.38,94371.83999999997,-0.8999999999999999,47185.92000000001,1.0,1.4678487502670166,13.455,0.0,0.45561317,-1.868899,0.18284494,0.4366839498281479,0.0,0.35485348105430603
0.3604928381999296,0.2269570044183477,0.38624831142041527,9.18,209715.19999999998,-1.08,-20971.52000000002,1.0,0.8727378154850882,13.46,0.0,0.5724454,-1.5367535,-0.31771457,0.47173361778259276,0.0,0.20468562841415405
0.35764054852478533,0.2069283810604599,0.3752499050175625,11.16,237277.7691428572,-0.8999999999999999,21570.706285714306,1.0,0.20133060701316907,13.465,0.0,0.5724454,-1.5367535,-0.31771457,0.47173361778259276,0.0,0.20468562841415405
0.3539302326096405,0.1896856906067462,0.3633165449211602,13.68,61.43607167975447,-1.08,-4.388290834268181,1.0,0.7811822870570992,13.47,0.0,0.5724454,-1.5367535,-0.31771457,0.47173361778259276,0.0,0.20468562841415405
0.34959617270361926,0.16893403112666572,0.34957877698190615,16.38,133230.83294117643,-0.72,17764.111058823535,1.0,1.0711081270790643,13.475,0.0,0.5724454,-1.5367535,-0.31771457,0.47173361778259276,0.0,0.20468562841415405
0.34468972093555955,0.15938755022926063,0.3365976295749028,19.08,257377.7454545454,-0.8999999999999999,-17158.516363636358,1.0,0.41496017334514335,13.48,0.0,0.2712073,-0.092309944,0.10361281,0.38136219084262846,0.2723070167005062,0.33108384311199185
0.33996794893461174,0.14980916709934647,0.3240441132390684,22.14,366702.00685714313,-0.8999999999999999,0.0,1.0,0.32340464491715437,13.485,0.0,0.2712073,-0.092309944,0.10361281,0.38136219084262846,0.2723070167005062,0.33108384311199185
0.335577014890298,0.12679133992255978,0.3124053596671149,25.2,401080.31999999983,-0.72,23592.959999999992,1.0,0.7201452681051066,13.49,0.0,0.2712073,-0.092309944,0.10361281,0.38136219084262846,0.2723070167005062,0.33108384311199185
0.33140469627003133,0.10484672247970078,0.30328431036625864,28.439999999999998,399692.4988235292,-0.72,0.0,1.0,0.6285897396771176,13.495000000000001,0.0,0.2712073,-0.092309944,0.10361281,0.38136219084262846,0.2723070167005062,0.33108384311199185
0.32838765275264076,0.0946546454174224,0.29815735091750595,31.5,388926.3709090912,-0.72,0.0,1.0,0.475997192297136,13.5,0.0,-0.18785647,1.5419871,3.64629,0.24364306032657623,0.6,0.6
0.3254475018249062,0.08316458063195331,0.29662978232895276,34.74,411804.392727273,-0.72,0.0,1.0,0.36918240913114886,13.505,0.0,-0.18785647,1.5419871,3.64629,0.24364306032657623,0.6,0.6
0.3226290896242646,0.07398512173446778,0.2951722979102744,37.8,68.8147501729138,-0.72,0.0,1.0,0.5828119754631231,13.51,0.0,-0.18785647,1.5419871,3.64629,0.24364306032657623,0.6,0.6
0.32216575485549015,0.06713965988715317,0.2939149112904836,40.86,210402.7908196723,-0.72,0.0,1.0,0.6285897396771176,13.515,0.0,-0.18785647,1.5419871,3.64629,0.24364306032657623,0.6,0.6
0.3259972080693439,0.05667047576597158,0.2933239317093649,43.92,377487.3600000003,-0.72,0.0,1.0,0.7659230323191011,13.52,0.0,-1.2921143,1.8776442,1.2988805,0.0,0.6,0.6
0.33233296512253385,0.04710462422207823,0.2928607646770136,46.8,366048.34909090854,-0.72,0.0,1.0,0.36918240913114886,13.525,0.0,-1.2921143,1.8776442,1.2988805,0.0,0.6,0.6
0.3379337445390711,0.044185489890767454,0.29297346794313284,49.68,416537.7765517245,-0.72,0.0,1.0,0.7354045228431048,13.530000000000001,0.0,-1.2921143,1.8776442,1.2988805,0.0,0.6,0.6
0.3442324829422136,0.03770084768493028,0.2939817574971911,52.379999999999995,333077.08235294063,-0.72,0.0,1.0,0.46073793755913783,13.535,0.0,-1.2921143,1.8776442,1.2988805,0.0,0.6,0.6
0.3498171925773317,0.02737392253778592,0.29444798958978996,55.08,353894.4000000004,-0.72,0.0,1.0,0.46073793755913783,13.540000000000001,0.0,-1.0813351,1.7043363,1.6426356,0.0,0.6,0.6
0.3532803959133317,0.03517160015338983,0.2946650557435529,57.599999999999994,301989.8879999995,-0.72,0.0,1.0,0.567552720725125,13.545,0.0,-1.0813351,1.7043363,1.6426356,0.0,0.6,0.6
0.35424851435546373,0.04720975239864203,0.2962125760568825,60.12,330301.4400000004,-0.72,0.0,1.0,0.8422193060090919,13.55,0.0,-1.0813351,1.7043363,1.6426356,0.0,0.6,0.6
0.35541094829116715,0.07604583433937108,0.2973698098471631,62.46,57.12547864198042,-0.72,0.0,1.0,0.6896267586291103,13.555,0.0,-1.0813351,1.7043363,1.6426356,0.0,0.6,0.6
0.3553827317250081,0.09479930220127819,0.29776294966211775,64.8,181753.17333333305,-0.72,0.0,1.0,0.5065157017731323,13.56,0.0,-0.6768827,1.3788737,3.7208993,0.09693519473075866,0.6,0.6
0.35442694234385763,0.1151431315886575,0.30062321149423066,66.96,274536.2618181814,-0.72,0.0,1.0,0.3081453901791562,13.565,0.0,-0.6768827,1.3788737,3.7208993,0.09693519473075866,0.6,0.6
0.3539046669485944,0.12937071281405446,0.31024955878128496,68.94,251658.24000000051,-0.72,0.0,1.0,0.6285897396771176,13.57,0.0,-0.6768827,1.3788737,3.7208993,0.09693519473075866,0.6,0.6
0.353683373717229,0.14894275103827065,0.3227301354807984,70.74,235929.59999999963,-0.72,0.0,1.0,0.6285897396771176,13.575000000000001,0.0,-0.6768827,1.3788737,3.7208993,0.09693519473075866,0.6,0.6
0.3524652461473975,0.17167216817896971,0.33420606734756786,72.36,205902.19636363693,-0.54,22878.02181818181,1.0,0.6743675038911121,13.58,0.0,-0.7457118,1.7067078,4.513151,0.0762864589691162,0.6,0.6
0.350659185298471,0.18761872808413924,0.3468670991082851,73.61999999999999,160146.15272727158,-0.54,0.0,1.0,0.659108249153114,13.585,0.0,-0.7457118,1.7067078,4.513151,0.0762864589691162,0.6,0.6
0.34340953554873316,0.1938079781838862,0.3595531638904926,74.52,125829.1200000008,-0.54,0.0,1.0,0.6896267586291103,13.59,0.0,-0.7457118,1.7067078,4.513151,0.0762864589691162,0.6,0.6
0.32813901046495253,0.2081605749055358,0.3701373724931563,74.88,8.123729293211873,-0.36,4.061864646605944,1.0,0.384441663869147,13.595,0.0,-0.7457118,1.7067078,4.513151,0.0762864589691162,0.6,0.6
0.3073894151326762,0.21577195753294184,0.38051930762884967,75.06,14803.425882353502,0.0,29606.85176470588,1.0,0.49125644703513416,13.6,0.0,0.10731282,1.3296944,4.6766195,0.3321938462555408,0.6,0.6
0.28347604341038507,0.23350346759035737,0.39039909561842623,74.88,-24354.023225807374,0.18,24354.02322580645,1.0,0.49125644703513416,13.605,0.0,0.10731282,1.3296944,4.6766195,0.3321938462555408,0.6,0.6
0.25805174303948003,0.24783270033187815,0.39796303039727465,74.34,-73062.06967741827,0.18,0.0,1.0,0.5980712302011213,13.61,0.0,0.10731282,1.3296944,4.6766195,0.3321938462555408,0.6,0.6
0.23312279980713782,0.2580173720924105,0.4050094594655772,73.25999999999999,-146124.13935484042,0.0,-24354.02322580645,1.0,0.46073793755913783,13.615,0.0,0.10731282,1.3296944,4.6766195,0.3321938462555408,0.6,0.6
0.20989985300754768,0.2789373554814615,0.41162196862488554,72.17999999999999,-137268.1309090907,-0.54,-68634.06545454546,1.0,0.5370342112491286,13.620000000000001,0.0,1.5892711,-0.38384777,-0.65263355,0.6,0.18484566807746886,0.1042099356651306
0.1897608952336473,0.2962592920080044,0.4165344293634501,70.38,-222051.38823529377,-0.72,-22205.138823529403,1.0,0.5217749565111305,13.625,0.0,1.5892711,-0.38384777,-0.65263355,0.6,0.18484566807746886,0.1042099356651306
0.1735897450516026,0.2970298767617391,0.4209040472178957,68.39999999999999,-259522.56000000052,-0.72,0.0,1.0,0.6285897396771176,13.63,0.0,1.5892711,-0.38384777,-0.65263355,0.6,0.18484566807746886,0.1042099356651306
0.16240701739062927,0.31433453389382093,0.42520059179326236,66.06,-327155.7119999985,-0.72,0.0,1.0,0.6133304849391195,13.635,0.0,1.5892711,-0.38384777,-0.65263355,0.6,0.18484566807746886,0.1042099356651306
0.15564834583199227,0.32057005877491496,0.42854725418191253,63.36,-66.06359117955905,-0.72,0.0,1.0,0.5828119754631231,13.64,8.522881865501404,1.5850142,1.4315327,2.5588973,0.6,0.6,0.6
0.15211175225464105,0.332223327714914,0.43110428440960596,60.48,-246522.35755102063,-0.72,0.0,1.0,0.5370342112491286,13.645,8.522881865501404,1.5850142,1.4315327,2.5588973,0.6,0.6,0.6
0.15024349655905683,0.3415761605737551,0.4342267885702075,57.239999999999995,-424673.28000000026,-0.72,0.0,1.0,0.7506637775811029,13.65,8.522881865501404,1.5850142,1.4315327,2.5588973,0.6,0.6,0.6
0.1499279235533378,0.3535985966931109,0.43620486910110545,54.0,-438372.41806451546,-0.72,0.0,1.0,0.4302194280831415,13.655000000000001,8.522881865501404,1.5850142,1.4315327,2.5588973,0.6,0.6,0.6
0.15113332482941486,0.35510326486966187,0.437593748489842,50.4,-471859.2000000002,-0.72,0.0,1.0,0.41496017334514335,13.66,20.0,-0.6039895,2.3575008,5.281612,0.11880315542221069,0.6,0.6
0.1528840461359052,0.3655418136034387,0.43945902459264313,46.62,-480438.4581818183,-0.8999999999999999,-22878.02181818181,1.0,0.7506637775811029,13.665000000000001,20.0,-0.6039895,2.3575008,5.281612,0.11880315542221069,0.6,0.6
0.15331335478372277,0.3733465060109255,0.4408834776939859,42.839999999999996,-528482.3040000001,-0.8999999999999999,0.0,1.0,0.7048860133671084,13.67,20.0,-0.6039895,2.3575008,5.281612,0.11880315542221069,0.6,0.6
0.1559288502584338,0.3722938649672842,0.4407182482891622,39.059999999999995,-480438.4581818183,-0.8999999999999999,0.0,1.0,0.5065157017731323,13.675,20.0,-0.6039895,2.3575008,5.281612,0.11880315542221069,0.6,0.6
0.1677828440229049,0.36829636853547565,0.43920553182684113,34.92,-93.42942148760316,-0.8999999999999999,0.0,1.0,0.5522934659871268,13.68,8.522881865501404,-1.4159894,0.43891636,2.165306,0.0,0.43167490661144253,0.6
0.18336378951013754,0.37023795907425044,0.4386843962542324,30.959999999999997,-272285.96459016425,-0.8999999999999999,0.0,1.0,0.2318491164891654,13.685,8.522881865501404,-1.4159894,0.43891636,2.165306,0.0,0.43167490661144253,0.6
0.19800687740565048,0.37369216471364974,0.4387092738336358,26.82,-445241.5015384612,-0.8999999999999999,0.0,1.0,0.7201452681051066,13.69,8.522881865501404,-1.4159894,0.43891636,2.165306,0.0,0.43167490661144253,0.6
0.2150956540090187,0.37005972641561785,0.43815010060997567,22.86,-461373.4400000001,-0.8999999999999999,0.0,1.0,0.5522934659871268,13.695,8.522881865501404,-1.4159894,0.43891636,2.165306,0.0,0.43167490661144253,0.6
0.23435831418053163,0.3740212252045931,0.4381399147183217,18.9,-474555.5382857144,-1.08,-21570.706285714306,1.0,0.5065157017731323,13.700000000000001,0.0,-0.15756899,-1.1281825,1.4503525,0.2527293026447296,0.0,0.6
0.24814287360442286,0.3698932244518213,0.4380748490242111,15.12,-480438.4581818181,-1.08,0.0,1.0,0.5370342112491286,13.705,0.0,-0.15756899,-1.1281825,1.4503525,0.2527293026447296,0.0,0.6
0.2560207783910036,0.3672631476406604,0.43816580855156834,11.7,-409843.4194285714,-1.08,0.0,1.0,0.7354045228431048,13.71,0.0,-0.15756899,-1.1281825,1.4503525,0.2527293026447296,0.0,0.6
0.26303661953983415,0.3653809996893606,0.43793668208964404,8.459999999999999,-89996.98649006624,-1.08,0.0,1.0,0.6285897396771176,13.715,0.0,-0.15756899,-1.1281825,1.4503525,0.2527293026447296,0.0,0.6
0.26806405429546604,0.37629417830868855,0.43733579177272563,5.58,-317884.09263157885,-1.08,0.0,1.0,0.5828119754631231,13.72,0.0,1.7703302,-2.123765,-4.850374,0.6,0.0,0.0
0.271420832544133,0.3760100867896049,0.4372971331261814,3.5999999999999996,-48.15448173489506,2.34,83.1759229966369,1.0,9.051698355052327,13.725,0.0,1.7703302,-2.123765,-4.850374,0.6,0.0,0.0
0.27436613382458613,0.3908733861718931,0.4387647059848278,3.06,-43556.23384615382,3.78,116149.95692307691,1.0,-2.8200018311105772,13.73,0.0,1.7703302,-2.123765,-4.850374,0.6,0.0,0.0
0.27518880036775634,0.4007764463792722,0.4390563869265467,4.14,137268.13090909086,1.98,-228780.21818181817,1.0,0.49125644703513416,13.735,0.0,1.7703302,-2.123765,-4.850374,0.6,0.0,0.0
0.2733388143824662,0.39680746189494737,0.43843445140409487,6.12,267894.25548387103,-1.44,-462726.4412903226,1.0,10.88280892361216,13.74,8.522881865501404,1.8758208,-0.50702906,2.7364902,0.6,0.14789128303527832,0.6
0.2686407397152496,0.4006876336545562,0.43892112251109633,6.84,97416.09290322577,-0.54,121770.11612903225,1.0,0.8269600512710937,13.745000000000001,8.522881865501404,1.8758208,-0.50702906,2.7364902,0.6,0.14789128303527832,0.6
0.2593596771848261,0.40050966226034657,0.4403115564136445,8.459999999999999,226492.41599999988,-0.54,0.0,1.0,1.9256263924070183,13.75,8.522881865501404,1.8758208,-0.50702906,2.7364902,0.6,0.14789128303527832,0.6
0.25036471472370686,0.4014887160401815,0.44220932107639666,10.26,235929.6000000001,-0.8999999999999999,-47185.919999999984,1.0,0.5065157017731323,13.755,8.522881865501404,1.8758208,-0.50702906,2.7364902,0.6,0.14789128303527832,0.6
0.24382402658574506,0.40192490507461626,0.44545396011757843,12.059999999999999,260336.11034482744,-1.08,-26033.611034482783,1.0,1.1168858912930588,13.76,20.0,1.0428363,-0.63011134,4.4192696,0.6,0.11096659898757934,0.6
0.23862724962036477,0.4088791850200144,0.44969773897971627,14.04,44.94772747937911,-0.8999999999999999,4.086157043579922,1.0,0.7048860133671084,13.765,20.0,1.0428363,-0.63011134,4.4192696,0.6,0.11096659898757934,0.6
0.23607326283017868,0.3987187929306985,0.45112507729441137,15.84,145187.44615384622,-0.8999999999999999,0.0,1.0,0.36918240913114886,13.77,20.0,1.0428363,-0.63011134,4.4192696,0.6,0.11096659898757934,0.6
0.2350085679353576,0.3850874521486135,0.45038084309202264,17.64,243540.2322580646,-0.8999999999999999,0.0,1.0,0.6438489944151158,13.775,20.0,1.0428363,-0.63011134,4.4192696,0.6,0.11096659898757934,0.6
0.23420165349231403,0.36161570718874064,0.45016910935556403,19.62,259522.56000000006,-0.8999999999999999,0.0,1.0,0.5217749565111305,13.780000000000001,8.522881865501404,0.4817092,-1.574033,2.0194907,0.4445127636194229,0.0,0.6
0.233554314603838,0.33654755792466495,0.4507686310275822,21.419999999999998,251658.2399999996,-0.8999999999999999,0.0,1.0,0.5065157017731323,13.785,8.522881865501404,0.4817092,-1.574033,2.0194907,0.4445127636194229,0.0,0.6
0.23897259390787015,0.30257017328050406,0.45036214268650704,23.22,260336.1103448277,-0.8999999999999999,0.0,1.0,0.5980712302011213,13.790000000000001,8.522881865501404,0.4817092,-1.574033,2.0194907,0.4445127636194229,0.0,0.6
0.25159387498837743,0.28398168202202845,0.44985061128124604,25.02,243540.2322580646,-0.8999999999999999,0.0,1.0,0.2776268807031599,13.795,8.522881865501404,0.4817092,-1.574033,2.0194907,0.4445127636194229,0.0,0.6
0.26308885821146,0.2541708550142211,0.4501310219291712,26.82,251658.2400000001,-0.8999999999999999,0.0,1.0,0.41496017334514335,13.8,0.0,0.07271399,-0.27608833,5.431079,0.3218141980469227,0.2171735018491745,0.6
0.2771806096536495,0.23945231364565395,0.4499489507749315,28.619999999999997,260336.11034482718,-0.8999999999999999,0.0,1.0,0.7354045228431048,13.805,0.0,0.07271399,-0.27608833,5.431079,0.3218141980469227,0.2171735018491745,0.6
0.29367587813334645,0.21264211784005294,0.45028178123377816,30.419999999999998,43.86684485142879,-0.8999999999999999,0.0,1.0,0.659108249153114,13.81,0.0,0.07271399,-0.27608833,5.431079,0.3218141980469227,0.2171735018491745,0.6
0.308120271668559,0.20214059039891474,0.44999898066307686,32.22,157286.40000000005,-0.8999999999999999,0.0,1.0,0.5522934659871268,13.815,0.0,0.07271399,-0.27608833,5.431079,0.3218141980469227,0.2171735018491745,0.6
0.3216045138353231,0.1971838273433722,0.44991126692318656,34.019999999999996,222051.38823529377,-0.8999999999999999,0.0,1.0,0.7048860133671084,13.82,0.0,0.69907117,-0.5181729,2.9520988,0.5097213506698608,0.14454812407493592,0.6
0.3364497664344667,0.19098827906555788,0.45031608619792224,35.82,243540.23225806508,-0.8999999999999999,0.0,1.0,0.6133304849391195,13.825000000000001,0.0,0.69907117,-0.5181729,2.9520988,0.5097213506698608,0.14454812407493592,0.6
0.3487970630768985,0.184057486725179,0.4502993324665114,37.62,251658.2399999996,-0.8999999999999999,0.0,1.0,0.49125644703513416,13.83,0.0,0.69907117,-0.5181729,2.9520988,0.5097213506698608,0.14454812407493592,0.6
0.35929028503357935,0.18545074044179238,0.4510322753355511,39.42,243540.23225806508,-0.8999999999999999,0.0,1.0,0.4302194280831415,13.835,0.0,0.69907117,-0.5181729,2.9520988,0.5097213506698608,0.14454812407493592,0.6
0.36858179800889224,0.17635148628727298,0.45335029523392745,41.4,286369.7213793099,-0.8999999999999999,0.0,1.0,0.46073793755913783,13.84,0.0,0.79236436,-0.09360402,4.4732246,0.5377093076705932,0.2719187937676906,0.6
0.3748229937635662,0.17723513523292847,0.45532551060180926,43.199999999999996,251658.2399999996,-0.8999999999999999,0.0,1.0,0.3539231543931507,13.845,0.0,0.79236436,-0.09360402,4.4732246,0.5377093076705932,0.2719187937676906,0.6
0.3770122844139504,0.17174914040485773,0.4567787607949364,45.0,251658.2400000006,-0.8999999999999999,0.0,1.0,0.6896267586291103,13.85,0.0,0.79236436,-0.09360402,4.4732246,0.5377093076705932,0.2719187937676906,0.6
0.37670259793230054,0.15422561012152805,0.4583510579565374,46.8,41.72260556725295,-0.8999999999999999,0.0,1.0,0.4302194280831415,13.855,0.0,0.79236436,-0.09360402,4.4732246,0.5377093076705932,0.2719187937676906,0.6
0.3762697395543412,0.14939999197730958,0.4596473027022115,48.6,145187.4461538465,-0.8999999999999999,0.0,1.0,0.7201452681051066,13.86,0.0,1.5617008,-1.27975,0.6251658,0.6,0.0,0.4875497460365295
0.37496335287023275,0.1527233939718097,0.4613709759929725,50.22,194136.35657142827,-0.8999999999999999,0.0,1.0,0.5370342112491286,13.865,0.0,1.5617008,-1.27975,0.6251658,0.6,0.0,0.4875497460365295
0.37544599745519197,0.15905903436422206,0.464087958493939,51.839999999999996,212336.63999999966,-0.8999999999999999,0.0,1.0,0.6896267586291103,13.870000000000001,0.0,1.5617008,-1.27975,0.6251658,0.6,0.0,0.4875497460365295
0.37703394463306805,0.16601311184829473,0.4670526689989763,53.28,194832.18580645227,-0.8999999999999999,0.0,1.0,0.5065157017731323,13.875,0.0,1.5617008,-1.27975,0.6251658,0.6,0.0,0.4875497460365295
0.3783135844311772,0.15200120474874473,0.46976313625773714,54.54,155435.97176470564,-0.8999999999999999,0.0,1.0,0.5370342112491286,13.88,0.0,1.800239,-1.9227561,-1.400215,0.6,0.0,0.0
0.38305331481434324,0.15301148758947994,0.4725516493469897,55.98,208268.88827586174,-0.8999999999999999,0.0,1.0,0.41496017334514335,13.885,0.0,1.800239,-1.9227561,-1.400215,0.6,0.0,0.0
0.3896159961745454,0.1511004420026561,0.4751162840357156,57.059999999999995,141557.75999999978,-0.8999999999999999,0.0,1.0,0.7201452681051066,13.89,0.0,1.800239,-1.9227561,-1.400215,0.6,0.0,0.0
0.39494471343803644,0.16043903938533677,0.4772362943936186,58.14,24.470719614505857,-0.8999999999999999,0.0,1.0,0.475997192297136,13.895,0.0,1.800239,-1.9227561,-1.400215,0.6,0.0,0.0
0.4009008657661856,0.15447308287392614,0.4792284542608745,59.22,85468.83622641496,-0.8999999999999999,0.0,1.0,0.5370342112491286,13.9,0.0,1.5730942,-1.4113954,1.6921598,0.6,0.0,0.6
0.40813134535045476,0.15067655369459707,0.48122284728369286,60.12,99338.77894736826,-0.8999999999999999,0.0,1.0,0.46073793755913783,13.905000000000001,0.0,1.5730942,-1.4113954,1.6921598,0.6,0.0,0.6
0.41393156675700066,0.15361604477762733,0.4825333711211131,61.019999999999996,111025.69411764688,-0.8999999999999999,0.0,1.0,0.659108249153114,13.91,0.0,1.5730942,-1.4113954,1.6921598,0.6,0.0,0.6
0.4202164076553912,0.14915528457732005,0.48339858331480146,61.739999999999995,94371.83999999985,-0.8999999999999999,0.0,1.0,0.44547868282113967,13.915000000000001,0.0,1.5730942,-1.4113954,1.6921598,0.6,0.0,0.6
0.4273654320869962,0.14304521189435568,0.48421114877367005,62.28,73062.06967742021,-0.8999999999999999,0.0,1.0,0.6743675038911121,13.92,0.0,1.3044608,-1.0907795,-1.4140731,0.6,0.0,0.0
0.43337398452742937,0.13645858309910822,0.4849540941920302,62.82,59603.26736842096,-0.8999999999999999,0.0,1.0,0.3539231543931507,13.925,0.0,1.3044608,-1.0907795,-1.4140731,0.6,0.0,0.0
0.43912822790057254,0.14552615405234787,0.4842767341405806,63.18,45756.04363636357,-0.8999999999999999,0.0,1.0,0.6896267586291103,13.93,0.0,1.3044608,-1.0907795,-1.4140731,0.6,0.0,0.0
0.445628222461929,0.1522652833549502,0.48227025554646796,63.54,50331.64799999992,-0.8999999999999999,0.0,1.0,0.5828119754631231,13.935,0.0,1.3044608,-1.0907795,-1.4140731,0.6,0.0,0.0
0.4511829887714764,0.14609675089030197,0.48149583010946573,63.72,4.385665191174926,-0.8999999999999999,0.0,1.0,0.5828119754631231,13.94,0.0,0.61705446,-1.3879668,1.1968647,0.4851163387298584,0.0,0.6
0.4558602676711581,0.1390892378486019,0.4810452659126589,63.9,11983.725714285696,-0.8999999999999999,0.0,1.0,0.5522934659871268,13.945,0.0,0.61705446,-1.3879668,1.1968647,0.4851163387298584,0.0,0.6
0.4605159496756547,0.1243491878732554,0.4798265861423461,64.08,23592.959999999963,-0.8999999999999999,0.0,1.0,0.5980712302011213,13.950000000000001,0.0,0.61705446,-1.3879668,1.1968647,0.4851163387298584,0.0,0.6
0.46460510913063036,0.10907071724468144,0.479862468886107,64.08,0.0,-0.8999999999999999,0.0,1.0,0.5980712302011213,13.955,0.0,0.61705446,-1.3879668,1.1968647,0.4851163387298584,0.0,0.6
0.46800231371717027,0.10150627587659478,0.4796642520932201,64.08,0.0,-0.8999999999999999,0.0,1.0,0.46073793755913783,13.96,0.0,0.40728623,-1.9742142,1.3106174,0.42218586802482605,0.0,0.6
0.471917307598964,0.10410907692440417,0.478772584725743,64.08,0.0,-0.8999999999999999,0.0,1.0,0.6133304849391195,13.965,0.0,0.40728623,-1.9742142,1.3106174,0.42218586802482605,0.0,0.6
0.4754468722568762,0.10034027506497108,0.4785893919527873,64.08,0.0,-0.8999999999999999,0.0,1.0,0.6133304849391195,13.97,0.0,0.40728623,-1.9742142,1.3106174,0.42218586802482605,0.0,0.6
0.47796805621409383,0.06841331238137159,0.4783414986122018,63.9,-24354.023225806413,-0.8999999999999999,0.0,1.0,0.46073793755913783,13.975,0.0,0.40728623,-1.9742142,1.3106174,0.42218586802482605,0.0,0.6
0.4808729847760449,0.06580130326320902,0.47617294150972056,63.9,0.0,-0.8999999999999999,0.0,1.0,0.41496017334514335,13.98,0.0,0.40903205,-1.903257,2.0999591,0.4227096140384674,0.0,0.6
0.48404803542489666,0.053739247456711305,0.4695145248641742,63.9,0.0,-0.8999999999999999,0.0,1.0,0.5980712302011213,13.985,0.0,0.40903205,-1.903257,2.0999591,0.4227096140384674,0.0,0.6
0.4858019636146579,0.046205600126828436,0.45695684729350083,63.9,0.0,-0.8999999999999999,0.0,1.0,0.6133304849391195,13.99,0.0,0.40903205,-1.903257,2.0999591,0.4227096140384674,0.0,0.6
0.4870835923911479,0.031085129165947405,0.4483133934435409,63.9,0.0,-0.8999999999999999,0.0,1.0,0.6438489944151158,13.995000000000001,0.0,0.40903205,-1.903257,2.0999591,0.4227096140384674,0.0,0.6
0.48887757046006225,0.018810817200353075,0.4456316867360731,63.9,0.0,-0.8999999999999999,0.0,1.0,0.5065157017731323,14.0,0.0,0.2585023,-1.7657329,1.7566094,0.3775506913661957,0.0,0.6
0.4896410013095001,0.018840943438016053,0.44276948444717495,64.08,23592.959999999963,-0.8999999999999999,0.0,1.0,0.7811822870570992,14.005,0.0,0.2585023,-1.7657329,1.7566094,0.3775506913661957,0.0,0.6
0.48944585702761945,0.012312200345732856,0.44130431471391984,64.08,0.0,-0.8999999999999999,0.0,1.0,0.6133304849391195,14.01,0.0,0.2585023,-1.7657329,1.7566094,0.3775506913661957,0.0,0.6
0.48935139031149644,0.014942498478517023,0.4422125016904694,64.08,0.0,-0.8999999999999999,0.0,1.0,0.49125644703513416,14.015,0.0,0.2585023,-1.7657329,1.7566094,0.3775506913661957,0.0,0.6
0.4895377089441151,0.021045769274765216,0.441097849255564,64.08,0.0,-0.8999999999999999,0.0,1.0,0.5065157017731323,14.02,0.0,-0.4752568,-0.33778268,2.4719746,0.1574229598045349,0.19866519570350646,0.6
0.48845382964649725,0.003772725018194276,0.4406118641697342,64.08,0.0,-0.8999999999999999,0.0,1.0,0.44547868282113967,14.025,0.0,-0.4752568,-0.33778268,2.4719746,0.1574229598045349,0.19866519570350646,0.6
0.48692593094904785,-0.006143322509612652,0.443306412827064,64.08,0.0,-0.8999999999999999,0.0,1.0,0.6285897396771176,14.030000000000001,0.0,-0.4752568,-0.33778268,2.4719746,0.1574229598045349,0.19866519570350646,0.6
0.48658957488693827,-0.02146307398781124,0.4429083089716441,64.08,0.0,-0.8999999999999999,0.0,1.0,0.33866389965515253,14.035,0.0,-0.4752568,-0.33778268,2.4719746,0.1574229598045349,0.19866519570350646,0.6
0.4854988146971996,-0.009925900959160279,0.44255120589184294,64.08,0.0,-0.8999999999999999,0.0,1.0,0.6438489944151158,14.040000000000001,0.0,-1.1478138,1.8229605,2.9759011,0.0,0.6,0.6
0.48465325843171586,-0.010952578482875796,0.44434678865530347,64.08,0.0,-0.8999999999999999,0.0,1.0,0.46073793755913783,14.045,0.0,-1.1478138,1.8229605,2.9759011,0.0,0.6,0.6
0.4843393040575953,-0.012218030254088958,0.444218180977264,64.08,0.0,-0.8999999999999999,0.0,1.0,0.567552720725125,14.05,0.0,-1.1478138,1.8229605,2.9759011,0.0,0.6,0.6
0.48329839710381933,-0.003032010087733921,0.4438598592909046,64.08,0.0,-0.8999999999999999,0.0,1.0,0.6438489944151158,14.055,0.0,-1.1478138,1.8229605,2.9759011,0.0,0.6,0.6
0.4824927182947682,-0.007524509412516982,0.4456079704117493,64.08,0.0,-0.8999999999999999,0.0,1.0,0.5217749565111305,14.06,0.0,-1.3326515,2.2250903,2.6230516,0.0,0.6,0.6
0.48247026596198406,0.006149075023751648,0.44774829842658265,64.08,0.0,-0.8999999999999999,0.0,1.0,0.475997192297136,14.065,0.0,-1.3326515,2.2250903,2.6230516,0.0,0.6,0.6
0.4813835607131679,-0.010662399262301399,0.44926987563228826,64.08,0.0,-0.8999999999999999,0.0,1.0,0.6133304849391195,14.07,0.0,-1.3326515,2.2250903,2.6230516,0.0,0.6,0.6
0.4789128665764258,-0.016817439490352068,0.4525260500505006,64.08,0.0,-0.8999999999999999,0.0,1.0,0.46073793755913783,14.075000000000001,0.0,-1.3326515,2.2250903,2.6230516,0.0,0.6,0.6
0.47275003163381796,0.0030222895315436486,0.45748045677703136,64.08,0.0,-0.8999999999999999,0.0,1.0,0.567552720725125,14.08,0.0,-1.2364151,2.269164,3.2745843,0.0,0.6,0.6
0.4650813942595337,0.018889939143167937,0.4624186556901149,63.9,-25165.82399999996,-0.8999999999999999,0.0,1.0,0.46073793755913783,14.085,0.0,-1.2364151,2.269164,3.2745843,0.0,0.6,0.6
0.4518194733197014,0.02455101905377549,0.4666823688928924,63.9,0.0,-0.8999999999999999,0.0,1.0,0.5980712302011213,14.09,0.0,-1.2364151,2.269164,3.2745843,0.0,0.6,0.6
0.43324152475635974,0.04251624979021392,0.4720547807968946,63.72,-22878.021818181784,-0.8999999999999999,0.0,1.0,0.6285897396771176,14.095,0.0,-1.2364151,2.269164,3.2745843,0.0,0.6,0.6
0.4151031215664693,0.07299273249719763,0.4763286210275751,63.54,-22878.021818181784,-0.8999999999999999,0.0,1.0,0.384441663869147,14.1,0.0,-1.8571196,2.752282,5.0289454,0.0,0.6,0.6
0.3980640555568027,0.0929040530774334,0.4795619087721666,63.36,-25165.82399999996,-0.8999999999999999,0.0,1.0,0.44547868282113967,14.105,0.0,-1.8571196,2.752282,5.0289454,0.0,0.6,0.6
0.377452627713208,0.10470463278370293,0.4828539425390453,63.0,-8.786285022664705,-0.8999999999999999,0.0,1.0,0.3539231543931507,14.11,0.0,-1.8571196,2.752282,5.0289454,0.0,0.6,0.6
0.3546725355256215,0.12289507833228883,0.4852789325562488,62.64,-19867.755789473653,-0.8999999999999999,0.0,1.0,0.8117007965330956,14.115,0.0,-1.8571196,2.752282,5.0289454,0.0,0.6,0.6
0.3281963195489734,0.13221155213162214,0.4867650230584235,62.28,-38716.652307692246,-0.8999999999999999,0.0,1.0,0.3081453901791562,14.120000000000001,0.0,-1.9267776,2.2244475,5.817735,0.0,0.6,0.6
0.3021002400397784,0.14235509954027553,0.48769604587505233,61.739999999999995,-66615.416470589,-0.8999999999999999,0.0,1.0,0.33866389965515253,14.125,0.0,-1.9267776,2.2244475,5.817735,0.0,0.6,0.6
0.2749538264465241,0.15956789969460783,0.48820136601046993,61.199999999999996,-73062.06967741923,-0.8999999999999999,0.0,1.0,0.6438489944151158,14.13,0.0,-1.9267776,2.2244475,5.817735,0.0,0.6,0.6
0.2496584808736685,0.18535901243488728,0.48825821756879856,60.48,-97416.09290322565,-0.8999999999999999,0.0,1.0,0.5980712302011213,14.135,0.0,-1.9267776,2.2244475,5.817735,0.0,0.6,0.6
0.22393581432146945,0.1949130701303279,0.48849171994179247,59.76,-94371.83999999985,-0.8999999999999999,0.0,1.0,0.41496017334514335,14.14,0.0,-0.49298,-0.63782954,3.1976414,0.1521059989929199,0.10865113735198974,0.6
0.20064802945981916,0.2058839930205835,0.4884515595885523,58.86,-130168.05517241359,-0.8999999999999999,0.0,1.0,0.5522934659871268,14.145,0.0,-0.49298,-0.63782954,3.1976414,0.1521059989929199,0.10865113735198974,0.6
0.1792016122050746,0.24142050286818695,0.48822049720744853,57.78,-24.324598308497748,-0.8999999999999999,0.0,1.0,0.4302194280831415,14.15,0.0,-0.49298,-0.63782954,3.1976414,0.1521059989929199,0.10865113735198974,0.6
0.15954993612855195,0.2545644124688522,0.48777100746737867,56.699999999999996,-79471.02315789514,-0.8999999999999999,0.0,1.0,0.6285897396771176,14.155000000000001,0.0,-0.49298,-0.63782954,3.1976414,0.1521059989929199,0.10865113735198974,0.6
0.13967212335136886,0.2663018407671471,0.48762523990197904,55.44,-150994.94399999976,-0.8999999999999999,0.0,1.0,0.3997009186071452,14.16,0.0,1.7146683,-1.3998247,1.8932481,0.6,0.0,0.6
0.12362347710264317,0.2751096440098312,0.487392718729752,54.18,-170478.1625806449,-0.8999999999999999,0.0,1.0,0.5370342112491286,14.165000000000001,0.0,1.7146683,-1.3998247,1.8932481,0.6,0.0,0.6
0.12450035065228826,0.28914971975722414,0.48684728335702565,52.559999999999995,-212336.6400000006,-0.8999999999999999,0.0,1.0,0.6896267586291103,14.17,0.0,1.7146683,-1.3998247,1.8932481,0.6,0.0,0.6
0.09591850880339661,0.301267874780819,0.48680595585911873,50.94,-212336.63999999966,-0.8999999999999999,0.0,1.0,0.5217749565111305,14.175,0.0,1.7146683,-1.3998247,1.8932481,0.6,0.0,0.6
0.08144062266207254,0.3102842338486394,0.48633058418516656,49.32,-205902.19636363603,-0.8999999999999999,0.0,1.0,0.5522934659871268,14.18,8.522881865501404,2.1275837,-0.28712797,4.3378854,0.6,0.21386160850524902,0.6
0.08345445143363,0.3191772541830559,0.48593947362775775,47.339999999999996,-267894.2554838715,-0.8999999999999999,0.0,1.0,0.44547868282113967,14.185,8.522881865501404,2.1275837,-0.28712797,4.3378854,0.6,0.21386160850524902,0.6
0.06821421701587436,0.32626768028945535,0.48579596228436217,45.36,-276824.06399999955,-0.8999999999999999,0.0,1.0,0.5522934659871268,14.19,8.522881865501404,2.1275837,-0.28712797,4.3378854,0.6,0.21386160850524902,0.6
0.07391569994988534,0.33618485818462257,0.4855008462668669,43.379999999999995,-48.24736196319028,-0.8999999999999999,0.0,1.0,0.44547868282113967,14.195,8.522881865501404,2.1275837,-0.28712797,4.3378854,0.6,0.21386160850524902,0.6
0.071873542654649,0.34136040119118466,0.48557531211377636,41.22,-167772.15999999974,-0.8999999999999999,0.0,1.0,0.46073793755913783,14.200000000000001,20.0,1.7754943,-1.785637,-0.9588305,0.6,0.0,0.012350857257843018
0.07826619972715362,0.3356687896026756,0.4852938882370203,39.059999999999995,-283115.5200000005,-0.8999999999999999,0.0,1.0,0.46073793755913783,14.205,20.0,1.7754943,-1.785637,-0.9588305,0.6,0.0,0.012350857257843018
0.0816973163703957,0.3353215771532207,0.4851476998757414,36.72,-338436.9434482753,-0.8999999999999999,0.0,1.0,0.49125644703513416,14.21,20.0,1.7754943,-1.785637,-0.9588305,0.6,0.0,0.012350857257843018
0.07435352703553168,0.3268617656086934,0.48510877082958054,34.379999999999995,-338436.9434482764,-0.8999999999999999,0.0,1.0,0.475997192297136,14.215,20.0,1.7754943,-1.785637,-0.9588305,0.6,0.0,0.012350857257843018
0.07934735807703511,0.3246942780518554,0.4849487730577087,32.04,-306708.4799999995,-0.8999999999999999,0.0,1.0,0.5370342112491286,14.22,8.522881865501404,0.61766124,-1.5812856,0.71085495,0.4852983713150024,0.0,0.5132564842700958
0.09392760935200832,0.3245556547714532,0.48545624915800256,29.7,-327155.712,-0.8999999999999999,0.0,1.0,0.567552720725125,14.225,8.522881865501404,0.61766124,-1.5812856,0.71085495,0.4852983713150024,0.0,0.5132564842700958
0.11820931482448946,0.30140339824998663,0.48569086004344253,27.0,-377487.3599999999,-0.8999999999999999,0.0,1.0,0.32340464491715437,14.23,8.522881865501404,0.61766124,-1.5812856,0.71085495,0.4852983713150024,0.0,0.5132564842700958
0.13857075125239188,0.29462585995036283,0.4864553315804641,24.48,-56.9955085819668,-0.8999999999999999,0.0,1.0,0.567552720725125,14.235,8.522881865501404,0.61766124,-1.5812856,0.71085495,0.4852983713150024,0.0,0.5132564842700958
0.15556429278342493,0.28561932573891885,0.48785959328121953,21.96,-157755.91164179103,-0.8999999999999999,0.0,1.0,0.32340464491715437,14.24,0.0,0.6334176,-1.3114527,-3.6971872,0.49002528190612793,0.0,0.0
0.17157443704041714,0.26738149575079195,0.4882889636247006,19.259999999999998,-290374.8923076926,-0.8999999999999999,0.0,1.0,0.567552720725125,14.245000000000001,0.0,0.6334176,-1.3114527,-3.6971872,0.49002528190612793,0.0,0.0
0.18688263279550893,0.2585558146118954,0.48741226401667126,16.74,-310871.9435294117,-0.8999999999999999,0.0,1.0,0.475997192297136,14.25,0.0,0.6334176,-1.3114527,-3.6971872,0.49002528190612793,0.0,0.0
0.206811257310107,0.24341128050672403,0.486155523313736,14.219999999999999,-330301.43999999994,-0.8999999999999999,0.0,1.0,0.4302194280831415,14.255,0.0,0.6334176,-1.3114527,-3.6971872,0.49002528190612793,0.0,0.0
0.2246073311616816,0.23560638249991017,0.48590587335015073,11.879999999999999,-316602.3019354839,-1.08,-24354.02322580647,1.0,0.567552720725125,14.26,0.0,0.60358703,-0.49393392,-1.1082729,0.48107610940933226,0.15181982517242432,0.0
0.23936014916010104,0.222019167039867,0.48442942070731226,9.9,-251658.23999999982,-1.08,0.0,1.0,0.7659230323191011,14.265,0.0,0.60358703,-0.49393392,-1.1082729,0.48107610940933226,0.15181982517242432,0.0
0.2571858111150187,0.1988572700239867,0.4824829487787288,8.1,-235929.6000000001,-1.08,0.0,1.0,0.46073793755913783,14.27,0.0,0.60358703,-0.49393392,-1.1082729,0.48107610940933226,0.15181982517242432,0.0
0.27402945945973406,0.1860048940848596,0.4828009332089215,6.66,-194832.18580645154,-1.08,0.0,1.0,0.659108249153114,14.275,0.0,0.60358703,-0.49393392,-1.1082729,0.48107610940933226,0.15181982517242432,0.0
0.285963268648493,0.1748562819452792,0.48247511070579885,5.76,-20.7998060456454,-1.08,0.0,1.0,0.3539231543931507,14.280000000000001,0.0,0.92368215,-1.4179922,-4.762558,0.5771046459674835,0.0,0.0
0.3016038599863495,0.1488850737520345,0.48151035715292523,5.3999999999999995,-22205.138823529433,-1.08,0.0,1.0,2.108737449262996,14.285,0.0,0.92368215,-1.4179922,-4.762558,0.5771046459674835,0.0,0.0
0.3146055636495616,0.13092995577248817,0.48185164512794365,5.76,43141.41257142861,-1.08,0.0,1.0,0.06399731437118561,14.290000000000001,0.0,0.92368215,-1.4179922,-4.762558,0.5771046459674835,0.0,0.0
0.32314358373879426,0.106271368128974,0.4806721730883119,6.4799999999999995,88820.55529411761,-1.08,0.0,1.0,0.9642933439130772,14.295,0.0,0.92368215,-1.4179922,-4.762558,0.5771046459674835,0.0,0.0
0.3334841905845471,0.10006589693945069,0.4747557864495321,7.739999999999999,170478.16258064512,-1.08,0.0,1.0,0.29288613544115805,14.3,0.0,0.9378175,-1.7066429,-2.854719,0.5813452541828156,0.0,0.0
0.34338142542720385,0.09576188934259766,0.4580940905456075,9.54,215707.06285714282,-1.08,0.0,1.0,0.46073793755913783,14.305,0.0,0.9378175,-1.7066429,-2.854719,0.5813452541828156,0.0,0.0
0.34882852305081324,0.08535625378240952,0.43399341903859,11.7,266461.665882353,-1.08,0.0,1.0,0.7506637775811029,14.31,0.0,0.9378175,-1.7066429,-2.854719,0.5813452541828156,0.0,0.0
0.35592549594716616,0.07164094393555141,0.40495078128676154,14.219999999999999,352321.53599999996,-0.8999999999999999,25165.824000000022,1.0,0.659108249153114,14.315,0.0,0.9378175,-1.7066429,-2.854719,0.5813452541828156,0.0,0.0
0.36261715643540954,0.07482095050444763,0.37556665108653414,16.919999999999998,365310.34838709666,-0.8999999999999999,0.0,1.0,0.5980712302011213,14.32,0.0,0.86719096,-1.4386262,0.7066042,0.560157287120819,0.0,0.5119812548160553
0.3667671371264094,0.06491213233489446,0.3465828101728406,19.98,72.92037998272811,-0.8999999999999999,0.0,1.0,0.6285897396771176,14.325000000000001,0.0,0.86719096,-1.4386262,0.7066042,0.560157287120819,0.0,0.5119812548160553
0.37231314172227276,0.07470048513412961,0.3184696892401441,23.22,256406.50867924516,-0.8999999999999999,0.0,1.0,0.6743675038911121,14.33,0.0,0.86719096,-1.4386262,0.7066042,0.560157287120819,0.0,0.5119812548160553
0.38037498201697895,0.0825278918015182,0.29171536146172544,26.64,448266.2400000002,-0.72,23592.959999999992,1.0,0.5522934659871268,14.335,0.0,0.86719096,-1.4386262,0.7066042,0.560157287120819,0.0,0.5119812548160553
0.38680145862118054,0.07323932326397378,0.2664229580575478,30.24,471859.1999999997,-0.72,0.0,1.0,0.4302194280831415,14.34,0.0,0.47551274,-1.024842,-0.86150515,0.44265382289886473,0.0,0.04154845476150513
0.3929930685995393,0.06592200963787076,0.24318305165437645,34.019999999999996,511434.4877419352,-0.72,0.0,1.0,0.9337748344370809,14.345,0.0,0.47551274,-1.024842,-0.86150515,0.44265382289886473,0.0,0.04154845476150513
0.4002060754995351,0.06599759267142037,0.22115986296688825,37.8,480438.4581818183,-0.72,0.0,1.0,0.7506637775811029,14.35,0.0,0.47551274,-1.024842,-0.86150515,0.44265382289886473,0.0,0.04154845476150513
0.40647080550524045,0.06289032391968614,0.20141342961717204,41.76,572739.4427586208,-0.72,0.0,1.0,0.5522934659871268,14.355,0.0,0.47551274,-1.024842,-0.86150515,0.44265382289886473,0.0,0.04154845476150513
0.41143568682538467,0.05124541269376353,0.18241111141583047,45.72,572739.4427586208,-0.72,0.0,1.0,0.3081453901791562,14.36,0.0,0.4131359,-1.2261647,3.8972282,0.4239407658576965,0.0,0.6
0.41711754455903677,0.04213164001584077,0.16539668120593548,49.68,91.70003445077516,-0.72,0.0,1.0,0.3997009186071452,14.365,0.0,0.4131359,-1.2261647,3.8972282,0.4239407658576965,0.0,0.6
0.422910151817358,0.042281380215007686,0.14868095690207192,53.64,346030.0800000001,-0.72,0.0,1.0,0.5065157017731323,14.370000000000001,0.0,0.4131359,-1.2261647,3.8972282,0.4239407658576965,0.0,0.6
0.4278732178202608,0.034633001086487605,0.13695425087454663,57.599999999999994,553648.1279999991,-0.54,25165.82399999999,1.0,0.5522934659871268,14.375,0.0,0.4131359,-1.2261647,3.8972282,0.4239407658576965,0.0,0.6
0.4332038601902402,0.03375480289841579,0.13387170507918084,61.379999999999995,546705.8317241381,-0.54,0.0,1.0,0.36918240913114886,14.38,0.0,0.26477823,-1.8261881,2.8441453,0.3794334679841995,0.0,0.6
0.43809729921195656,0.03398082471861112,0.1333264857458106,65.16,480438.4581818183,-0.54,0.0,1.0,0.6743675038911121,14.385,0.0,0.26477823,-1.8261881,2.8441453,0.3794334679841995,0.0,0.6
0.442374315719893,0.023979176798066104,0.13210167807138545,68.75999999999999,487080.46451612824,-0.18,48708.04645161291,1.0,0.6743675038911121,14.39,0.0,0.26477823,-1.8261881,2.8441453,0.3794334679841995,0.0,0.6
0.44602228916879383,0.013257477581411973,0.1330141472808384,72.36,471859.2000000011,0.18,47185.92,1.0,0.6438489944151158,14.395,0.0,0.26477823,-1.8261881,2.8441453,0.3794334679841995,0.0,0.6
0.44888156152761877,0.016494228961249132,0.1341569148157465,75.6,452984.8319999993,0.72,75497.47200000001,1.0,0.41496017334514335,14.4,0.0,0.48557764,-1.3748537,4.0771255,0.4456732928752899,0.0,0.6
0.4514638204053333,0.013155579157579294,0.13414701493882478,78.66,442571.38758620725,1.44,104134.44413793103,1.0,0.5217749565111305,14.405000000000001,0.0,0.48557764,-1.3748537,4.0771255,0.4456732928752899,0.0,0.6
0.45136281581323584,0.003560414745743625,0.14060686559288746,81.53999999999999,70.06035089347327,2.6999999999999997,30.6514035158946,1.0,0.3539231543931507,14.41,0.0,0.48557764,-1.3748537,4.0771255,0.4456732928752899,0.0,0.6
0.45178500670591987,-0.002641732602971922,0.155297009635037,83.88,196293.4272000003,4.32,135895.44960000005,1.0,0.7201452681051066,14.415000000000001,0.0,0.48557764,-1.3748537,4.0771255,0.4456732928752899,0.0,0.6
0.4508926911666194,-0.006863709906567892,0.17128720137839448,85.86,259522.56000000052,6.4799999999999995,283115.5199999999,1.0,0.5065157017731323,14.42,0.0,0.3444192,-1.4532531,3.0362787,0.4033257633447647,0.0,0.6
0.4496266050495017,-0.01274041254125948,0.1875543504120109,87.3,140460.4130232556,9.18,263363.2744186047,1.0,0.49125644703513416,14.425,0.0,0.3444192,-1.4532531,3.0362787,0.4033257633447647,0.0,0.6
0.4497721073565415,-0.009165566211864557,0.205757361193783,88.02,100663.29599999984,12.24,427819.0080000001,1.0,0.46073793755913783,14.43,0.0,0.3444192,-1.4532531,3.0362787,0.4033257633447647,0.0,0.6
0.44943673606457774,-0.006017519517527026,0.22273850965032566,88.56,75497.47200000087,15.479999999999999,452984.83199999976,1.0,0.8422193060090919,14.435,0.0,0.3444192,-1.4532531,3.0362787,0.4033257633447647,0.0,0.6
0.4481775016144456,-0.011980572233300884,0.2375922545278972,88.56,0.0,18.72,452984.83200000005,1.0,0.7659230323191011,14.44,0.0,-0.1325298,-0.21206075,4.5558023,0.2602410614490509,0.2363817751407623,0.6
0.44755583558342443,0.003918812443966917,0.25531758893936657,88.38,-26033.611034483743,21.419999999999998,390504.1655172413,1.0,0.6285897396771176,14.445,0.0,-0.1325298,-0.21206075,4.5558023,0.2602410614490509,0.2363817751407623,0.6
0.4476950126957994,0.0083027691404085,0.271548660725791,88.2,-4.059811467872475,22.68,28.418680275108525,1.0,0.5370342112491286,14.450000000000001,0.0,-0.1325298,-0.21206075,4.5558023,0.2602410614490509,0.2363817751407623,0.6
0.4466701036502462,-0.0004531487826206256,0.2850714629528036,88.2,0.0,22.68,0.0,1.0,0.7201452681051066,14.455,0.0,-0.1325298,-0.21206075,4.5558023,0.2602410614490509,0.2363817751407623,0.6
0.4463149135005275,-0.015531684487877864,0.29937380294582916,88.2,0.0,21.779999999999998,-117964.80000000028,1.0,0.5217749565111305,14.46,0.0,-0.9877417,1.269555,2.3295498,0.0036774873733520508,0.6,0.6
0.4459317367648544,-0.00850126035029708,0.3131686522736559,88.2,0.0,19.8,-276824.06399999955,1.0,0.5065157017731323,14.465,0.0,-0.9877417,1.269555,2.3295498,0.0036774873733520508,0.6,0.6
0.444851451631695,-0.014942993195925796,0.3227784754564731,88.02,-24354.023225807374,17.46,-316602.3019354839,1.0,0.5980712302011213,14.47,0.0,-0.9877417,1.269555,2.3295498,0.0036774873733520508,0.6,0.6
0.4443603854791694,-0.012081726398769378,0.333372095979068,87.66,-48708.04645161283,14.399999999999999,-414018.39483870997,1.0,0.659108249153114,14.475,0.0,-0.9877417,1.269555,2.3295498,0.0036774873733520508,0.6,0.6
0.444343262745921,-0.01827019524830367,0.3439890803209935,87.3,-45756.04363636357,10.98,-434682.4145454543,1.0,0.6285897396771176,14.48,0.0,-1.235653,1.4454385,1.8631505,0.0,0.6,0.6
0.44351266563071656,-0.023884210742291398,0.3525731613413956,86.94,-47185.919999999925,7.38,-471859.20000000007,1.0,0.659108249153114,14.485,0.0,-1.235653,1.4454385,1.8631505,0.0,0.6,0.6
0.4422402572755519,-0.021368876278848665,0.36083536427101753,86.39999999999999,-75497.47200000087,3.2399999999999998,-578813.952,1.0,0.29288613544115805,14.49,0.0,-1.235653,1.4454385,1.8631505,0.0,0.6,0.6
0.44167302187802654,-0.013858467490827775,0.37056884742567514,85.86,-13.17973430162507,-0.8999999999999999,-101.04462964579368,1.0,0.6743675038911121,14.495000000000001,0.0,-1.235653,1.4454385,1.8631505,0.0,0.6,0.6
0.4419482468673502,-0.003848179272394324,0.37900442694906006,82.98,-246522.35755102002,0.0,77038.23673469387,1.0,0.7964415417950974,14.5,0.0,-1.2771533,1.888671,2.1011355,0.0,0.6,0.6
0.43852998197671295,0.0009050631903699223,0.38895956273915383,80.64,-306708.48000000045,1.26,165150.72,1.0,0.24710837122716356,14.505,0.0,-1.2771533,1.888671,2.1011355,0.0,0.6,0.6
0.4295993775080045,0.028719068737462862,0.3992780782969997,78.3,-327155.71200000047,1.6199999999999999,50331.64799999998,1.0,0.7201452681051066,14.51,0.0,-1.2771533,1.888671,2.1011355,0.0,0.6,0.6
0.4187646110638201,0.03458071379511308,0.4082981368592474,75.96,-338436.9434482764,0.8999999999999999,-104134.44413793103,1.0,0.41496017334514335,14.515,0.0,-1.2771533,1.888671,2.1011355,0.0,0.6,0.6
0.40463910877513626,0.046612334556944815,0.41503289674825994,74.16,-235929.59999999963,-0.72,-212336.63999999998,1.0,0.46073793755913783,14.52,0.0,-1.3970425,2.7395074,4.150242,0.0,0.6,0.6
0.3860349782955544,0.0775772770901127,0.4207788280131607,71.28,-377487.3599999994,-0.72,0.0,1.0,0.9032563249610845,14.525,0.0,-1.3970425,2.7395074,4.150242,0.0,0.6,0.6
0.36161841085341107,0.10018686976945514,0.4254817972887188,68.75999999999999,-352321.5360000014,-0.54,25165.82399999999,1.0,-0.180150761436785,14.530000000000001,0.0,-1.3970425,2.7395074,4.150242,0.0,0.6,0.6
0.33535983512697,0.1224203102595091,0.42874693537532993,65.88,-64.975152196481,-0.8999999999999999,-8.121894024560136,1.0,0.6896267586291103,14.535,0.0,-1.3970425,2.7395074,4.150242,0.0,0.6,0.6
0.30725510990901905,0.13724034509998906,0.4328767971116988,63.18,-231114.71020408126,-0.72,15407.647346938771,1.0,0.36918240913114886,14.540000000000001,0.0,-0.8205663,1.2777158,1.8104712,0.05383011102676392,0.6,0.6
0.27965343327984676,0.14342171633063622,0.43642313135872063,60.48,-333077.0823529415,-0.8999999999999999,-22205.138823529403,1.0,0.6743675038911121,14.545,0.0,-0.8205663,1.2777158,1.8104712,0.05383011102676392,0.6,0.6
0.2521228496343666,0.14788758417948628,0.4385000159548194,57.419999999999995,-414018.39483870997,-0.72,24354.023225806442,1.0,0.41496017334514335,14.55,0.0,-0.8205663,1.2777158,1.8104712,0.05383011102676392,0.6,0.6
0.2267566394041178,0.1645456907311667,0.44032561502909007,54.54,-402653.18399999937,-0.8999999999999999,-25165.82399999999,1.0,0.7201452681051066,14.555,0.0,-0.8205663,1.2777158,1.8104712,0.05383011102676392,0.6,0.6
0.20260751007211314,0.18837840136627146,0.4417221881172487,51.48,-414018.39483870997,-0.8999999999999999,0.0,1.0,0.5065157017731323,14.56,0.0,0.8320518,-1.1198472,-1.0210106,0.5496155440807342,0.0,0.0
0.1802278277209654,0.21332558518794803,0.4428798586169621,48.42,-377487.3599999994,-0.8999999999999999,0.0,1.0,0.384441663869147,14.565,0.0,0.8320518,-1.1198472,-1.0210106,0.5496155440807342,0.0,0.0
0.15906182748233133,0.22490530113357918,0.4438338683531772,45.18,-452984.8320000003,-0.8999999999999999,0.0,1.0,0.3997009186071452,14.57,0.0,0.8320518,-1.1198472,-1.0210106,0.5496155440807342,0.0,0.0
0.13999751285801387,0.23013833598147687,0.4448193633409337,41.94,-452984.8320000003,-0.8999999999999999,0.0,1.0,0.49125644703513416,14.575000000000001,0.0,0.8320518,-1.1198472,-1.0210106,0.5496155440807342,0.0,0.0
0.12383946351572646,0.24766669985079454,0.4452446604189585,38.519999999999996,-83.84930398947834,-0.8999999999999999,0.0,1.0,0.475997192297136,14.58,0.0,2.1225264,-2.0332165,-6.419819,0.6,0.0,0.0
0.11567739330653366,0.266457230042297,0.4457792988361896,35.1,-281265.09176470543,-0.8999999999999999,0.0,1.0,0.6896267586291103,14.585,0.0,2.1225264,-2.0332165,-6.419819,0.6,0.0,0.0
0.10385808299454129,0.2776197727285817,0.4462354474706026,31.68,-448266.2400000002,-0.8999999999999999,0.0,1.0,0.46073793755913783,14.59,0.0,2.1225264,-2.0332165,-6.419819,0.6,0.0,0.0
0.08652202110230245,0.28519380652009807,0.44654013605985954,28.08,-503316.4800000002,-0.8999999999999999,0.0,1.0,0.5370342112491286,14.595,0.0,2.1225264,-2.0332165,-6.419819,0.6,0.0,0.0
0.07756516110669177,0.2967945288289599,0.44680249737827915,24.48,-503316.4799999997,-0.8999999999999999,0.0,1.0,0.5370342112491286,14.6,8.522881865501404,1.9200795,0.906905,0.415309,0.6,0.572071498632431,0.4245927035808563
0.06979165195442373,0.31331535836120306,0.447184825497665,20.88,-520672.2206896554,-0.8999999999999999,0.0,1.0,0.8879970702230864,14.605,8.522881865501404,1.9200795,0.906905,0.415309,0.6,0.572071498632431,0.4245927035808563
0.073335601384248,0.31414427886620516,0.4473132445910564,17.099999999999998,-511434.48774193565,-0.8999999999999999,0.0,1.0,0.6133304849391195,14.61,8.522881865501404,1.9200795,0.906905,0.415309,0.6,0.572071498632431,0.4245927035808563
0.07936770181212169,0.3213720976942115,0.4460927553137558,13.32,-546705.8317241375,-0.8999999999999999,0.0,1.0,0.659108249153114,14.615,8.522881865501404,1.9200795,0.906905,0.415309,0.6,0.572071498632431,0.4245927035808563
0.07899282275282096,0.31444945137191677,0.4441071671751882,9.719999999999999,-81.80992588097615,-0.8999999999999999,0.0,1.0,0.5065157017731323,14.620000000000001,20.0,1.0750834,-1.3000034,-5.6391997,0.6,0.0,0.0
0.07802865134088974,0.3207042476139391,0.44324792395725227,5.9399999999999995,-323560.5942857142,-0.8999999999999999,0.0,1.0,0.5828119754631231,14.625,20.0,1.0750834,-1.3000034,-5.6391997,0.6,0.0,0.0
0.09389314295383619,0.3218747121647961,0.4419362402159553,2.34,-457560.43636363634,3.2399999999999998,526194.5018181818,1.0,-5.353038117618328,14.63,20.0,1.0750834,-1.3000034,-5.6391997,0.6,0.0,0.0
0.10955598064487926,0.3183558924322368,0.4409948731255808,0.18,-301989.888,8.459999999999999,729808.8959999998,1.0,1.5594042786950055,14.635,20.0,1.0750834,-1.3000034,-5.6391997,0.6,0.0,0.0
0.12792634059258606,0.30424968159158244,0.43484013979797553,-0.72,-125829.11999999998,10.08,226492.41600000014,1.0,-6.604297006134233,14.64,8.522881865501404,-0.19799936,-1.3720813,-1.3433652,0.24060019254684448,0.0,0.0
0.14086768969919325,0.281749453276922,0.4198776367903783,-0.18,75497.47200000001,8.64,-201326.59199999992,1.0,1.1474044007690551,14.645,8.522881865501404,-0.19799936,-1.3720813,-1.3433652,0.24060019254684448,0.0,0.0
0.15815489035672012,0.27169654795324877,0.4015768181718253,1.26,194832.1858064516,4.859999999999999,-511434.48774193565,1.0,16.971251564073594,14.65,8.522881865501404,-0.19799936,-1.3720813,-1.3433652,0.24060019254684448,0.0,0.0
0.17871219223612902,0.25814235008661585,0.38577503864363116,3.2399999999999998,259522.55999999997,3.06,-235929.59999999992,1.0,-1.4619281594286857,14.655000000000001,8.522881865501404,-0.19799936,-1.3720813,-1.3433652,0.24060019254684448,0.0,0.0
0.19310045618604704,0.25893623690019824,0.37584684144925873,5.9399999999999995,390504.16551724134,0.18,-416537.7765517241,1.0,-0.10385448774679418,14.66,0.0,-0.04561398,-1.3750257,0.030297183,0.286315805464983,0.0,0.30908915475010873
0.20733328067347895,0.2462636589147831,0.3667067614739032,8.1,49.06203164769466,-1.08,-28.619518461155216,1.0,-0.180150761436785,14.665000000000001,0.0,-0.04561398,-1.3750257,0.030297183,0.286315805464983,0.0,0.30908915475010873
0.22581474376739671,0.2469097979315325,0.36047785367348717,9.9,142448.06037735855,0.0,85468.8362264151,1.0,0.384441663869147,14.67,0.0,-0.04561398,-1.3750257,0.030297183,0.286315805464983,0.0,0.30908915475010873
0.24095588119031133,0.24842769325987163,0.35657675631323127,12.24,306708.48,0.36,47185.92,1.0,1.406811731315024,14.675,0.0,-0.04561398,-1.3750257,0.030297183,0.286315805464983,0.0,0.30908915475010873
0.2533643751626338,0.2557305277592559,0.3491421844236442,14.76,352321.53599999996,0.0,-50331.648,1.0,-0.11911374248479234,14.68,0.0,0.4239023,-1.5802922,0.97042966,0.4271706908941269,0.0,0.5911288976669311
0.2691835075410791,0.2503599611865951,0.33475001235067503,17.64,416537.77655172424,-1.08,-156201.66620689657,1.0,0.659108249153114,14.685,0.0,0.4239023,-1.5802922,0.97042966,0.4271706908941269,0.0,0.5911288976669311
0.28252072304999,0.24296290261282094,0.31629551997621375,20.16,340956.32516129024,-0.54,73062.06967741936,1.0,0.6133304849391195,14.69,0.0,0.4239023,-1.5802922,0.97042966,0.4271706908941269,0.0,0.5911288976669311
0.28889518772504014,0.2376836438248877,0.2950138866360745,22.86,365310.34838709666,-0.18,48708.04645161291,1.0,0.5522934659871268,14.695,0.0,0.4239023,-1.5802922,0.97042966,0.4271706908941269,0.0,0.5911288976669311
0.290744924560439,0.20656448150373818,0.2730458354173399,25.56,365310.34838709666,0.0,24354.02322580645,1.0,0.44547868282113967,14.700000000000001,0.0,0.17864391,-0.95993364,3.3481064,0.353593173623085,0.012019908428192139,0.6
0.2906447488325001,0.18724444585419858,0.2509642373301326,28.259999999999998,390504.1655172413,0.18,26033.611034482758,1.0,0.7048860133671084,14.705,0.0,0.17864391,-0.95993364,3.3481064,0.353593173623085,0.012019908428192139,0.6
0.2895176260055673,0.17452142443008964,0.2336436405146203,30.779999999999998,61.76745021037867,0.18,0.0,1.0,0.567552720725125,14.71,0.0,0.17864391,-0.95993364,3.3481064,0.353593173623085,0.012019908428192139,0.6
0.28785722353485377,0.15837045097993252,0.2242681498040955,33.48,231114.71020408158,0.36,15407.647346938775,1.0,0.7964415417950974,14.715,0.0,0.17864391,-0.95993364,3.3481064,0.353593173623085,0.012019908428192139,0.6
0.2865564746192697,0.15061397659904885,0.21909107800286387,36.0,330301.4400000004,0.54,23592.960000000006,1.0,0.49125644703513416,14.72,0.0,-1.0263937,1.3641219,2.2462173,0.0,0.6,0.6
0.28563711208878306,0.1309912911137519,0.21657673909194125,38.339999999999996,327155.7119999995,0.72,25165.82399999999,1.0,0.5370342112491286,14.725,0.0,-1.0263937,1.3641219,2.2462173,0.0,0.6,0.6
0.28858024039378494,0.10689370469060173,0.21695290101632564,40.68,297414.2836363641,1.08,45756.04363636365,1.0,0.6743675038911121,14.73,0.0,-1.0263937,1.3641219,2.2462173,0.0,0.6,0.6
0.29429379658196286,0.09328756606930089,0.21743635773436298,43.019999999999996,316602.30193548335,1.44,48708.046451612885,1.0,0.7659230323191011,14.735,0.0,-1.0263937,1.3641219,2.2462173,0.0,0.6,0.6
0.29946142811068055,0.07893857879768253,0.21802415655036794,45.18,312403.33241379366,1.7999999999999998,52067.2220689655,1.0,0.5065157017731323,14.74,0.0,-0.9683838,1.6291281,3.5467205,0.00948486328125,0.6,0.6
0.30627272796026117,0.0795490348419196,0.22530609190735043,47.16,286369.7213793099,2.16,52067.222068965566,1.0,0.5522934659871268,14.745000000000001,0.0,-0.9683838,1.6291281,3.5467205,0.00948486328125,0.6,0.6
0.3144326867527499,0.07411318356372394,0.24104291557943167,49.14,44.90568096162486,2.52,8.164669265749955,1.0,0.20133060701316907,14.75,0.0,-0.9683838,1.6291281,3.5467205,0.00948486328125,0.6,0.6
0.3208417686969539,0.05097771006858293,0.2561749450148649,51.12,159706.1907692305,2.6999999999999997,14518.744615384592,1.0,0.7506637775811029,14.755,0.0,-0.9683838,1.6291281,3.5467205,0.00948486328125,0.6,0.6
0.3266379988092294,0.06100636024594355,0.2711975178873759,52.919999999999995,243540.23225806412,2.52,-24354.023225806413,1.0,0.32340464491715437,14.76,0.0,-1.0723414,2.1013846,3.1432278,0.0,0.6,0.6
0.33160181929379595,0.05415890697636459,0.28734564529028755,54.9,267894.2554838715,2.34,-24354.02322580647,1.0,0.6896267586291103,14.765,0.0,-1.0723414,2.1013846,3.1432278,0.0,0.6,0.6
0.3346739187136497,0.05539793977450409,0.3018407960227016,56.879999999999995,276824.06399999955,1.6199999999999999,-100663.296,1.0,0.41496017334514335,14.77,0.0,-1.0723414,2.1013846,3.1432278,0.0,0.6,0.6
0.3348429211949063,0.05572694631892342,0.3149391195819198,58.86,267894.2554838715,0.72,-121770.11612903225,1.0,0.8422193060090919,14.775,0.0,-1.0723414,2.1013846,3.1432278,0.0,0.6,0.6
0.33468838031579246,0.06304441240868842,0.3282177585361922,60.839999999999996,286369.7213793099,-0.54,-182235.2772413793,1.0,0.475997192297136,14.780000000000001,0.0,-1.3322684,2.3514972,5.1629343,0.0,0.6,0.6
0.3338652740667072,0.08806814270734048,0.3401188384492852,62.099999999999994,176160.76799999972,-0.72,-25165.82399999999,1.0,0.384441663869147,14.785,0.0,-1.3322684,2.3514972,5.1629343,0.0,0.6,0.6
0.33119705476351685,0.10124850079536321,0.35079316524661697,63.36,170478.16258064585,-0.36,48708.0464516129,1.0,0.3997009186071452,14.790000000000001,0.0,-1.3322684,2.3514972,5.1629343,0.0,0.6,0.6
0.3227525978342576,0.1082493313485491,0.3622142399014722,64.62,30.065840079647398,-0.54,-4.2951200113781836,1.0,0.7354045228431048,14.795,0.0,-1.3322684,2.3514972,5.1629343,0.0,0.6,0.6
0.30708353216808393,0.12521730204588494,0.3721514448097735,65.7,90596.96639999986,-0.72,-15099.494399999994,1.0,0.5370342112491286,14.8,0.0,-1.1413903,1.5257815,5.2084384,0.0,0.6,0.6
0.28605978535214505,0.14150385596898837,0.38007617814143535,66.6,121770.1161290311,-0.72,0.0,1.0,0.7354045228431048,14.805,0.0,-1.1413903,1.5257815,5.2084384,0.0,0.6,0.6
0.2623886865412566,0.15802400082375348,0.38821937657423417,67.5,121770.11612903302,-0.72,0.0,1.0,0.3539231543931507,14.81,0.0,-1.1413903,1.5257815,5.2084384,0.0,0.6,0.6
0.237770013424008,0.1723972777684373,0.39555319257227284,68.03999999999999,73062.06967741827,-0.72,0.0,1.0,0.5828119754631231,14.815,0.0,-1.1413903,1.5257815,5.2084384,0.0,0.6,0.6
0.21353024826913264,0.20343432289379434,0.4007757318129564,68.39999999999999,48708.04645161283,-0.72,0.0,1.0,0.36918240913114886,14.82,0.0,0.519244,-1.5984019,1.2260841,0.4557732045650482,0.0,0.6
0.19007454583686398,0.21204656254092571,0.4065225540349758,68.39999999999999,0.0,-0.72,0.0,1.0,0.6133304849391195,14.825000000000001,0.0,0.519244,-1.5984019,1.2260841,0.4557732045650482,0.0,0.6
0.16829578834567802,0.2266809365452914,0.41148987277066984,68.22,-26033.61103448169,-0.72,0.0,1.0,0.5065157017731323,14.83,0.0,0.519244,-1.5984019,1.2260841,0.4557732045650482,0.0,0.6
0.14809016733707284,0.2391504963613194,0.4150998589733293,67.86,-8.330571683935238,-0.72,0.0,1.0,0.6896267586291103,14.835,0.0,0.519244,-1.5984019,1.2260841,0.4557732045650482,0.0,0.6
0.1293828416028448,0.24558109188006508,0.41817543586127376,67.32,-45298.483200000526,-0.72,0.0,1.0,0.3539231543931507,14.84,0.0,1.9385144,-1.1292299,1.9132328,0.6,0.0,0.6
0.11905462197277562,0.25839596520787844,0.42163028795005714,66.42,-107853.53142857041,-0.72,0.0,1.0,0.5522934659871268,14.845,0.0,1.9385144,-1.1292299,1.9132328,0.6,0.0,0.6
0.10575567580793035,0.2698522940290637,0.4237034843723654,65.16,-165150.72000000067,-0.72,0.0,1.0,0.41496017334514335,14.85,0.0,1.9385144,-1.1292299,1.9132328,0.6,0.0,0.6
0.08207241211827128,0.2870649244649719,0.42606388870964007,63.9,-170478.1625806449,-0.72,0.0,1.0,0.5980712302011213,14.855,0.0,1.9385144,-1.1292299,1.9132328,0.6,0.0,0.6
0.08729047952652065,0.2965898621263154,0.4280467879959117,62.28,-199846.24941176438,-0.72,0.0,1.0,0.5217749565111305,14.86,8.522881865501404,1.7591915,0.3813529,4.2302732,0.6,0.41440587043762206,0.6
0.06948045191078653,0.30715681054594196,0.429748537378909,60.3,-259522.56000000052,-0.72,0.0,1.0,0.6285897396771176,14.865,8.522881865501404,1.7591915,0.3813529,4.2302732,0.6,0.41440587043762206,0.6
0.06375847025370163,0.3104692959263041,0.4314146395243015,58.14,-301989.8879999995,-0.72,0.0,1.0,0.5217749565111305,14.870000000000001,8.522881865501404,1.7591915,0.3813529,4.2302732,0.6,0.41440587043762206,0.6
0.05716625542751089,0.3118316485277799,0.4333343848583775,55.8,-338436.9434482764,-0.72,0.0,1.0,0.7659230323191011,14.875,8.522881865501404,1.7591915,0.3813529,4.2302732,0.6,0.41440587043762206,0.6
0.06689302826682021,0.31610747241279774,0.43477010699858304,53.46,-55.744274079038455,-0.72,0.0,1.0,0.41496017334514335,14.88,20.0,0.82248634,-1.47901,-0.99586535,0.546745902299881,0.0,0.001240396499633789
0.059711530849610533,0.3143559616072077,0.43591614701011283,50.76,-231114.71020408187,-0.8999999999999999,-15407.647346938771,1.0,0.5980712302011213,14.885,20.0,0.82248634,-1.47901,-0.99586535,0.546745902299881,0.0,0.001240396499633789
0.09093642802772249,0.30974905123536617,0.4375138505999349,48.239999999999995,-330301.4400000004,-0.8999999999999999,0.0,1.0,0.32340464491715437,14.89,20.0,0.82248634,-1.47901,-0.99586535,0.546745902299881,0.0,0.001240396499633789
0.10538710563274042,0.3030179520886426,0.43941806764875135,45.54,-365310.3483870962,-0.8999999999999999,0.0,1.0,0.5980712302011213,14.895,20.0,0.82248634,-1.47901,-0.99586535,0.546745902299881,0.0,0.001240396499633789
0.11557494098362242,0.2884635536215683,0.44072362604616266,42.66,-416537.7765517245,-0.8999999999999999,0.0,1.0,0.6133304849391195,14.9,8.522881865501404,0.36574277,-1.9438337,0.9590119,0.4097228318452835,0.0,0.5877035737037658
0.1311837877412886,0.2718010279724638,0.4425362213007905,39.78,-402653.18399999937,-0.8999999999999999,0.0,1.0,0.567552720725125,14.905000000000001,8.522881865501404,0.36574277,-1.9438337,0.9590119,0.4097228318452835,0.0,0.5877035737037658
0.15231393274077037,0.25940666145534985,0.44421555355150677,36.9,-402653.18400000036,-0.8999999999999999,0.0,1.0,0.49125644703513416,14.91,8.522881865501404,0.36574277,-1.9438337,0.9590119,0.4097228318452835,0.0,0.5877035737037658
0.16805791522689426,0.259150022478182,0.4455136844206761,33.839999999999996,-458377.5085714289,-0.8999999999999999,0.0,1.0,0.8117007965330956,14.915000000000001,8.522881865501404,0.36574277,-1.9438337,0.9590119,0.4097228318452835,0.0,0.5877035737037658
0.18360824319218813,0.25823793253167926,0.44693523267168145,30.779999999999998,-71.19479370291886,-0.8999999999999999,0.0,1.0,0.32340464491715437,14.92,0.0,0.28366336,-1.9946685,-2.9925218,0.38509900867938995,0.0,0.0
0.20085087084565464,0.2464101469359705,0.44807755111237063,27.72,-261930.00489795906,-0.8999999999999999,0.0,1.0,0.7354045228431048,14.925,0.0,0.28366336,-1.9946685,-2.9925218,0.38509900867938995,0.0,0.0
0.2167914730090455,0.2458991473089858,0.44864714159654273,24.66,-401080.31999999983,-0.8999999999999999,0.0,1.0,0.49125644703513416,14.93,0.0,0.28366336,-1.9946685,-2.9925218,0.38509900867938995,0.0,0.0
0.2306298152173725,0.24467769294508881,0.4476521380982353,21.779999999999998,-389664.37161290355,-0.8999999999999999,0.0,1.0,0.7201452681051066,14.935,0.0,0.28366336,-1.9946685,-2.9925218,0.38509900867938995,0.0,0.0
0.24914134288126377,0.25205347835122033,0.445852310204679,18.72,-427819.0079999998,-0.8999999999999999,0.0,1.0,0.3539231543931507,14.94,0.0,0.29187638,-1.883741,-0.17860562,0.38756291270256044,0.0,0.24641831517219542
0.2653101989513717,0.24610774993525905,0.4457390743430591,16.02,-333077.0823529411,-1.08,-22205.138823529433,1.0,0.5828119754631231,14.945,0.0,0.29187638,-1.883741,-0.17860562,0.38756291270256044,0.0,0.24641831517219542
0.27858829656315776,0.2356868314325552,0.4451871988650602,13.5,-330301.43999999994,-1.08,0.0,1.0,0.6896267586291103,14.950000000000001,0.0,0.29187638,-1.883741,-0.17860562,0.38756291270256044,0.0,0.24641831517219542
0.29287377391234326,0.2239272795639984,0.4440223352811637,11.34,-292248.27870967746,-1.08,0.0,1.0,0.5370342112491286,14.955,0.0,0.29187638,-1.883741,-0.17860562,0.38756291270256044,0.0,0.24641831517219542
0.30345979291357117,0.2035424862154737,0.44369173778877014,9.54,-251658.2400000001,-1.08,0.0,1.0,0.2776268807031599,14.96,0.0,0.07255807,-0.88648736,-2.2364273,0.32176742032170297,0.034053790569305416,0.0
0.3101472779516666,0.18855876559012674,0.44235083782976387,8.1,-34.339470449441386,-1.08,0.0,1.0,0.7048860133671084,14.965,0.0,0.07255807,-0.88648736,-2.2364273,0.32176742032170297,0.034053790569305416,0.0
0.3170375586684374,0.17389377933650982,0.44038758309340487,7.199999999999999,-65084.027586206925,-1.08,0.0,1.0,0.49125644703513416,14.97,0.0,0.07255807,-0.88648736,-2.2364273,0.32176742032170297,0.034053790569305416,0.0
0.32158947104495145,0.15646328080982513,0.44027530617538985,6.84,-45756.04363636357,-1.08,0.0,1.0,0.46073793755913783,14.975,0.0,0.07255807,-0.88648736,-2.2364273,0.32176742032170297,0.034053790569305416,0.0
0.32479531205290524,0.13839580143108293,0.438570781819027,6.84,0.0,-1.08,0.0,1.0,0.384441663869147,14.98,0.0,-0.5451191,1.5032693,1.2885152,0.13646426796913147,0.6,0.6
0.32892793526832703,0.11948022934662755,0.4281786232201803,7.38,75497.47200000001,-1.08,0.0,1.0,0.6743675038911121,14.985,0.0,-0.5451191,1.5032693,1.2885152,0.13646426796913147,0.6,0.6
0.3316677776398178,0.10248869075598346,0.40911277426822384,8.459999999999999,146124.1393548386,-1.08,0.0,1.0,0.7048860133671084,14.99,0.0,-0.5451191,1.5032693,1.2885152,0.13646426796913147,0.6,0.6
0.33308316736989557,0.09077324098014691,0.3883514026178212,9.9,208268.88827586226,-0.8999999999999999,26033.611034482783,1.0,1.0100711081270717,14.995000000000001,0.0,-0.5451191,1.5032693,1.2885152,0.13646426796913147,0.6,0.6
0.33664470839212246,0.07242949313857383,0.3678293924757164,11.52,226492.41599999988,-0.8999999999999999,0.0,1.0,0.49125644703513416,15.0,0.0,-0.66559225,1.5603999,0.6944462,0.10032232403755188,0.6,0.5083338618278503
0.3394471745060671,0.05406557884808171,0.351010680825622,13.5,44.96573674806433,-0.8999999999999999,0.0,1.0,0.8269600512710937,15.005,0.0,-0.66559225,1.5603999,0.6944462,0.10032232403755188,0.6,0.5083338618278503
0.3401199201386036,0.04287245095036903,0.3390150843135252,15.84,196293.42719999998,-0.8999999999999999,0.0,1.0,0.7659230323191011,15.01,0.0,-0.66559225,1.5603999,0.6944462,0.10032232403755188,0.6,0.5083338618278503
0.3395365855828888,0.038342417812301396,0.3252483501390096,18.18,280419.1817142857,-0.8999999999999999,0.0,1.0,0.949034089175079,15.015,0.0,-0.66559225,1.5603999,0.6944462,0.10032232403755188,0.6,0.5083338618278503
0.3378583804155298,0.034366189137578496,0.3094824351094247,20.88,333077.0823529411,-0.72,22205.138823529403,1.0,0.41496017334514335,15.02,0.0,-0.29170337,1.4383675,1.2114497,0.21248898804187774,0.6,0.6
0.335668843786574,0.021272136377405628,0.293401341016636,23.58,377487.3599999999,-0.72,0.0,1.0,0.5828119754631231,15.025,0.0,-0.29170337,1.4383675,1.2114497,0.21248898804187774,0.6,0.6
0.33184432254894836,0.016900803063621864,0.28449655176847083,26.279999999999998,365310.34838709666,-0.72,0.0,1.0,0.6896267586291103,15.030000000000001,0.0,-0.29170337,1.4383675,1.2114497,0.21248898804187774,0.6,0.6
0.3275724551999429,0.020873065772649756,0.28348173795987713,29.16,389664.37161290355,-0.72,0.0,1.0,0.7506637775811029,15.035,0.0,-0.29170337,1.4383675,1.2114497,0.21248898804187774,0.6,0.6
0.32487551263405023,0.03802029289032716,0.281362432345172,31.86,390504.1655172413,-0.72,0.0,1.0,0.3997009186071452,15.040000000000001,0.0,-0.62741977,1.9381204,4.9314594,0.11177406907081604,0.6,0.6
0.3209516151239103,0.03900844165685698,0.28064886483560064,34.74,416537.7765517245,-0.72,0.0,1.0,0.6896267586291103,15.045,0.0,-0.62741977,1.9381204,4.9314594,0.11177406907081604,0.6,0.6
0.31778383983892655,0.05675468654415248,0.2842860669839682,37.44,66.09559406316197,-0.72,0.0,1.0,0.475997192297136,15.05,0.0,-0.62741977,1.9381204,4.9314594,0.11177406907081604,0.6,0.6
0.3156939125647891,0.08209363021803275,0.2905306764370384,40.14,222051.38823529435,-0.72,0.0,1.0,0.49125644703513416,15.055,0.0,-0.62741977,1.9381204,4.9314594,0.11177406907081604,0.6,0.6
0.3132399203701388,0.10038694747367437,0.2980296551954709,42.66,340956.3251612898,-0.72,0.0,1.0,0.2623676259651617,15.06,0.0,-1.3238391,1.8026428,4.6110115,0.0,0.6,0.6
0.311012895357036,0.11860155116141516,0.30939412277397615,45.18,320292.3054545458,-0.72,0.0,1.0,0.7659230323191011,15.065,0.0,-1.3238391,1.8026428,4.6110115,0.0,0.6,0.6
0.30994753052010937,0.13450947446265385,0.322140284349798,47.519999999999996,338436.9434482753,-0.72,0.0,1.0,0.2318491164891654,15.07,0.0,-1.3238391,1.8026428,4.6110115,0.0,0.6,0.6
0.30876943585207317,0.1642788192110614,0.33320658508690676,49.86,297414.2836363641,-0.72,0.0,1.0,0.475997192297136,15.075000000000001,0.0,-1.3238391,1.8026428,4.6110115,0.0,0.6,0.6
0.30685394417445955,0.17085254115592746,0.34529216492737247,52.019999999999996,292248.27870967693,-0.72,0.0,1.0,0.4302194280831415,15.08,0.0,-0.40516657,0.19180837,5.312459,0.17845003008842467,0.35754251182079316,0.6
0.30510173676667246,0.18296857171328074,0.3576765769531475,54.18,292248.2787096779,-0.72,0.0,1.0,0.7354045228431048,15.085,0.0,-0.40516657,0.19180837,5.312459,0.17845003008842467,0.35754251182079316,0.6
0.3033182500141004,0.19606209208920325,0.3678917952836259,55.98,251658.2399999996,-0.72,0.0,1.0,0.567552720725125,15.09,0.0,-0.40516657,0.19180837,5.312459,0.17845003008842467,0.35754251182079316,0.6
0.29685230572537064,0.2074673573808196,0.37749921597027575,57.96,44.82351691530482,-0.72,0.0,1.0,0.384441663869147,15.095,0.0,-0.40516657,0.19180837,5.312459,0.17845003008842467,0.35754251182079316,0.6
0.28794133041354825,0.21879307775219187,0.3870583670601088,59.58,133230.83294117625,-0.72,0.0,1.0,0.384441663869147,15.1,0.0,1.0804601,-2.1514134,1.4573298,0.6,0.0,0.6
0.2791516862395375,0.2324274827234152,0.3945271673873764,61.019999999999996,183024.17454545427,-0.72,0.0,1.0,0.8574785607470901,15.105,0.0,1.0804601,-2.1514134,1.4573298,0.6,0.0,0.6
0.2701757719136607,0.2525462273392389,0.40112501580741083,62.28,176160.7680000007,-0.72,0.0,1.0,0.33866389965515253,15.11,0.0,1.0804601,-2.1514134,1.4573298,0.6,0.0,0.6
0.257529634832544,0.2704750309218408,0.4077446929657825,63.18,125829.1199999998,-0.72,0.0,1.0,0.6743675038911121,15.115,0.0,1.0804601,-2.1514134,1.4573298,0.6,0.0,0.6
0.24586474962083907,0.28339961876775843,0.4129061096858253,63.9,97416.09290322565,-0.72,0.0,1.0,0.24710837122716356,15.120000000000001,8.522881865501404,1.1948595,-0.43295008,5.511325,0.6,0.17011497616767882,0.6
0.23469299960662454,0.29041158651744897,0.41687739678602215,64.08,25165.82399999996,-0.72,0.0,1.0,0.5370342112491286,15.125,8.522881865501404,1.1948595,-0.43295008,5.511325,0.6,0.17011497616767882,0.6
0.22410111481334663,0.29928834697284873,0.4212368343089485,64.08,0.0,-0.72,0.0,1.0,0.384441663869147,15.13,8.522881865501404,1.1948595,-0.43295008,5.511325,0.6,0.17011497616767882,0.6
0.21620900714330638,0.31774744794527987,0.4244244125456764,63.72,-8.337747738793347,-0.72,0.0,1.0,0.6285897396771176,15.135,8.522881865501404,1.1948595,-0.43295008,5.511325,0.6,0.17011497616767882,0.6
0.21132324410020284,0.31771059225234854,0.4272752634353878,63.0,-58074.97846153837,-0.72,0.0,1.0,0.44547868282113967,15.14,20.0,1.0147883,-1.1429714,5.4267397,0.6,0.0,0.6
0.21001823660532895,0.3251729436870845,0.4298659517232417,62.099999999999994,-117964.80000000075,-0.72,0.0,1.0,0.6743675038911121,15.145,20.0,1.0147883,-1.1429714,5.4267397,0.6,0.0,0.6
0.20878988416160935,0.32667533472772337,0.43279248236981654,60.839999999999996,-176160.76799999972,-0.72,0.0,1.0,0.3997009186071452,15.15,20.0,1.0147883,-1.1429714,5.4267397,0.6,0.0,0.6
0.2088815332998644,0.3248159340196947,0.4350182950593937,59.58,-165150.71999999974,-0.72,0.0,1.0,0.5370342112491286,15.155000000000001,20.0,1.0147883,-1.1429714,5.4267397,0.6,0.0,0.6
0.2104553501344167,0.3123239588864308,0.43813459813461547,57.96,-199846.24941176438,-0.72,0.0,1.0,0.5217749565111305,15.16,8.522881865501404,1.1512655,-1.631508,2.5851083,0.6,0.0,0.6
0.21174398901206903,0.31465975090119624,0.4416617689931995,56.339999999999996,-226492.41600000064,-0.8999999999999999,-25165.82399999999,1.0,0.7964415417950974,15.165000000000001,8.522881865501404,1.1512655,-1.631508,2.5851083,0.6,0.0,0.6
0.21242950614601877,0.30927738899069845,0.44435625790260186,54.36,-286369.7213793099,-0.8999999999999999,0.0,1.0,0.29288613544115805,15.17,8.522881865501404,1.1512655,-1.631508,2.5851083,0.6,0.0,0.6
0.21766237266123714,0.3062224078696501,0.44778973670540806,52.559999999999995,-260336.1103448282,-0.8999999999999999,0.0,1.0,0.5370342112491286,15.175,8.522881865501404,1.1512655,-1.631508,2.5851083,0.6,0.0,0.6
0.23042288985556783,0.29228173312281236,0.4513762958750476,50.58,-48.165373823374104,-0.8999999999999999,0.0,1.0,0.3081453901791562,15.18,0.0,0.096455865,0.78496933,-0.21683198,0.32893675938248634,0.5354907989501952,0.23495040535926817
0.2445114892747914,0.2748975762922419,0.45429072420013517,48.42,-139379.94830769207,-0.8999999999999999,0.0,1.0,0.8422193060090919,15.185,0.0,0.096455865,0.78496933,-0.21683198,0.32893675938248634,0.5354907989501952,0.23495040535926817
0.25816572219472106,0.26509840943172747,0.45742529454814823,46.26,-258848.47542857187,-0.8999999999999999,0.0,1.0,0.44547868282113967,15.19,0.0,0.096455865,0.78496933,-0.21683198,0.32893675938248634,0.5354907989501952,0.23495040535926817
0.27405030569623395,0.25753009539433763,0.46031388225586345,44.1,-274536.2618181814,-0.8999999999999999,0.0,1.0,0.5370342112491286,15.195,0.0,0.096455865,0.78496933,-0.21683198,0.32893675938248634,0.5354907989501952,0.23495040535926817
0.2901641649831026,0.2501719790351704,0.4616926653971401,41.94,-301989.8880000005,-0.8999999999999999,0.0,1.0,0.33866389965515253,15.200000000000001,0.0,-0.8813887,2.0752828,1.0560056,0.035583382844924925,0.6,0.6
0.3040790431979077,0.24150907440787847,0.46278590337894954,39.6,-306708.4799999995,-0.8999999999999999,0.0,1.0,0.5980712302011213,15.205,0.0,-0.8813887,2.0752828,1.0560056,0.035583382844924925,0.6,0.6
0.3196741347672657,0.2137233355938808,0.4633961899149051,37.44,-301989.8880000005,-0.8999999999999999,0.0,1.0,0.384441663869147,15.21,0.0,-0.8813887,2.0752828,1.0560056,0.035583382844924925,0.6,0.6
0.3344212429174299,0.19686834803650308,0.46369279492671056,35.46,-267894.25548387057,-0.8999999999999999,0.0,1.0,0.7201452681051066,15.215,0.0,-0.8813887,2.0752828,1.0560056,0.035583382844924925,0.6,0.6
0.3468415640572275,0.18295250974134317,0.4638492408182638,33.48,-44.969389034790936,-1.08,-4.0881262758900805,1.0,0.567552720725125,15.22,0.0,-0.78314614,1.5341364,-0.47105885,0.06505615711212158,0.6,0.15868234634399414
0.36019126801576906,0.16811658894754747,0.4635706268700985,31.68,-139810.1333333331,-1.08,0.0,1.0,0.7048860133671084,15.225,0.0,-0.78314614,1.5341364,-0.47105885,0.06505615711212158,0.6,0.15868234634399414
0.3732379931614015,0.16540083187958776,0.4634071846602682,30.24,-172565.65028571445,-1.08,0.0,1.0,0.5065157017731323,15.23,0.0,-0.78314614,1.5341364,-0.47105885,0.06505615711212158,0.6,0.15868234634399414
0.3815799593554592,0.15606330452820225,0.462386086432626,28.98,-170478.1625806449,-1.08,0.0,1.0,0.6285897396771176,15.235,0.0,-0.78314614,1.5341364,-0.47105885,0.06505615711212158,0.6,0.15868234634399414
0.3857171491774351,0.16600083697248297,0.4605892311606025,27.9,-150994.94400000025,-1.08,0.0,1.0,0.475997192297136,15.24,0.0,-1.5748377,2.73476,3.9883413,0.0,0.6,0.6
0.38925857949957327,0.17477418056318622,0.4598685462198135,27.36,-73062.06967741923,-1.08,0.0,1.0,0.6285897396771176,15.245000000000001,0.0,-1.5748377,2.73476,3.9883413,0.0,0.6,0.6
0.39018417517659143,0.18249950074754254,0.4599786422178222,27.0,-45756.04363636357,-1.08,0.0,1.0,0.475997192297136,15.25,0.0,-1.5748377,2.73476,3.9883413,0.0,0.6,0.6
0.38917457534751543,0.17506734478731578,0.4596527885194979,27.0,0.0,-1.08,0.0,1.0,0.8727378154850882,15.255,0.0,-1.5748377,2.73476,3.9883413,0.0,0.6,0.6
0.3884786509740045,0.18604838188261308,0.4595645783308921,27.18,26033.611034482718,-1.08,0.0,1.0,0.659108249153114,15.26,0.0,-1.518053,1.9777223,4.0166845,0.0,0.6,0.6
0.38806037794101206,0.2077863427499727,0.4587011466036873,27.72,13.117827869801902,-1.08,0.0,1.0,0.6438489944151158,15.265,0.0,-1.518053,1.9777223,4.0166845,0.0,0.6,0.6
0.3854422677484636,0.2254374284951215,0.45662837955506635,28.439999999999998,59213.70352941167,-1.08,0.0,1.0,0.5217749565111305,15.27,0.0,-1.518053,1.9777223,4.0166845,0.0,0.6,0.6
0.3818469529569685,0.2510004613492949,0.45529383226218506,29.34,121770.11612903254,-1.08,0.0,1.0,0.6896267586291103,15.275,0.0,-1.518053,1.9777223,4.0166845,0.0,0.6,0.6
0.37705209206555007,0.2686704734118604,0.454968008175741,30.24,125829.1199999998,-1.08,0.0,1.0,0.384441663869147,15.280000000000001,0.0,0.29465955,-0.573668,1.2665696,0.388397866487503,0.12789959907531737,0.6
0.36878882559316867,0.2919559411083137,0.45178654480399394,31.32,150994.94400000025,-0.8999999999999999,25165.824000000022,1.0,0.5522934659871268,15.285,0.0,0.29465955,-0.573668,1.2665696,0.388397866487503,0.12789959907531737,0.6
0.3516165014384693,0.29611668958441817,0.44665507206882576,32.58,182235.27724137902,-0.8999999999999999,0.0,1.0,0.475997192297136,15.290000000000001,0.0,0.29465955,-0.573668,1.2665696,0.388397866487503,0.12789959907531737,0.6
0.3360825507317284,0.2989530866914757,0.44217281734148717,33.66,146124.13935483847,-0.8999999999999999,0.0,1.0,0.5217749565111305,15.295,0.0,0.29465955,-0.573668,1.2665696,0.388397866487503,0.12789959907531737,0.6
0.3215646744071223,0.3133902581711309,0.44003845684758075,34.74,150994.94400000075,-0.8999999999999999,0.0,1.0,0.46073793755913783,15.3,0.0,2.0655324,-0.77862275,0.71386504,0.6,0.0664131760597229,0.5141595125198364
0.3057572682931672,0.3322541204873802,0.43897455620948417,35.64,20.318943271916904,-0.8999999999999999,0.0,1.0,0.7964415417950974,15.305,0.0,2.0655324,-0.77862275,0.71386504,0.6,0.0664131760597229,0.5141595125198364
0.28517112052420673,0.3394626125407037,0.4378131843167016,36.54,56341.397014925285,-0.8999999999999999,0.0,1.0,0.41496017334514335,15.31,0.0,2.0655324,-0.77862275,0.71386504,0.6,0.0664131760597229,0.5141595125198364
0.2641785137241703,0.34899238646564656,0.43745800597422124,37.44,102023.61081081066,-0.8999999999999999,0.0,1.0,0.6743675038911121,15.315,0.0,2.0655324,-0.77862275,0.71386504,0.6,0.0664131760597229,0.5141595125198364
0.24099126422113537,0.3669860713842309,0.4379819653344179,37.98,73062.06967741923,-0.8999999999999999,0.0,1.0,0.41496017334514335,15.32,8.522881865501404,2.3233235,-0.17664349,2.1418824,0.6,0.24700695276260376,0.6
0.218421529055539,0.373322340558864,0.43754737329523813,38.519999999999996,78100.83310344815,-0.8999999999999999,0.0,1.0,0.5370342112491286,15.325000000000001,8.522881865501404,2.3233235,-0.17664349,2.1418824,0.6,0.24700695276260376,0.6
0.1993834424741642,0.379687890440372,0.43723834999828987,38.699999999999996,22878.021818181784,-0.8999999999999999,0.0,1.0,0.49125644703513416,15.33,8.522881865501404,2.3233235,-0.17664349,2.1418824,0.6,0.24700695276260376,0.6
0.19053253524253774,0.3826682643909169,0.4378899693474987,38.699999999999996,0.0,-0.8999999999999999,0.0,1.0,0.6133304849391195,15.335,8.522881865501404,2.3233235,-0.17664349,2.1418824,0.6,0.24700695276260376,0.6
0.1872061035202411,0.3901794958490185,0.43753413383941603,38.699999999999996,0.0,-0.8999999999999999,0.0,1.0,0.32340464491715437,15.34,20.0,1.306443,-0.84165734,1.8336157,0.6,0.047502797842025754,0.6
0.18419458660729546,0.3825821938853378,0.43753900569617754,38.519999999999996,-24354.023225806413,-0.8999999999999999,0.0,1.0,0.5828119754631231,15.345,20.0,1.306443,-0.84165734,1.8336157,0.6,0.047502797842025754,0.6
0.1847656415263107,0.38200057444746727,0.43863269106678515,37.98,-12.90694810264357,-0.8999999999999999,0.0,1.0,0.4302194280831415,15.35,20.0,1.306443,-0.84165734,1.8336157,0.6,0.047502797842025754,0.6
0.18986768642252375,0.382914302783475,0.43816205720540685,37.62,-27962.02666666662,-0.8999999999999999,0.0,1.0,0.5370342112491286,15.355,20.0,1.306443,-0.84165734,1.8336157,0.6,0.047502797842025754,0.6
0.1971411163545556,0.38554966614095504,0.43794010601483746,36.9,-97416.09290322565,-0.8999999999999999,0.0,1.0,0.5980712302011213,15.36,8.522881865501404,0.80148345,-1.7605735,-0.055761196,0.5404450356960296,0.0,0.2832716412842274
0.20664887059871628,0.3857166818615104,0.4386510120586987,36.18,-94371.83999999985,-0.8999999999999999,0.0,1.0,0.44547868282113967,15.365,8.522881865501404,0.80148345,-1.7605735,-0.055761196,0.5404450356960296,0.0,0.2832716412842274
0.2233232724067454,0.3882454255061568,0.43840472697329924,35.28,-114390.10909090891,-0.8999999999999999,0.0,1.0,0.36918240913114886,15.370000000000001,8.522881865501404,0.80148345,-1.7605735,-0.055761196,0.5404450356960296,0.0,0.2832716412842274
0.24101523747973216,0.37486834760615095,0.43820029436996355,34.56,-91512.08727272713,-0.8999999999999999,0.0,1.0,0.7201452681051066,15.375,8.522881865501404,0.80148345,-1.7605735,-0.055761196,0.5404450356960296,0.0,0.2832716412842274
0.2575674868378073,0.3730920775813436,0.4388566809243599,33.66,-121770.11612903302,-0.8999999999999999,0.0,1.0,0.5370342112491286,15.38,0.0,1.2277726,-1.8312696,-0.5960594,0.6,0.0,0.12118218541145324
0.2751668014648491,0.36701016168937184,0.4392690257098269,32.76,-125829.1199999998,-0.8999999999999999,0.0,1.0,0.6438489944151158,15.385,0.0,1.2277726,-1.8312696,-0.5960594,0.6,0.0,0.12118218541145324
0.2925478227548815,0.3493839585994747,0.43938782018210576,32.04,-16.73092710168531,-0.8999999999999999,0.0,1.0,0.49125644703513416,15.39,0.0,1.2277726,-1.8312696,-0.5960594,0.6,0.0,0.12118218541145324
0.3067113953200614,0.3295409228213478,0.4406538990127286,31.14,-69905.06666666655,-0.8999999999999999,0.0,1.0,0.5217749565111305,15.395,0.0,1.2277726,-1.8312696,-0.5960594,0.6,0.0,0.12118218541145324
0.32144765434398237,0.31422308457308434,0.44316393990514646,30.599999999999998,-66615.41647058856,-0.8999999999999999,0.0,1.0,0.3539231543931507,15.4,0.0,1.4115283,-1.5979398,1.1074058,0.6,0.0,0.6
0.3362919373890413,0.3009743790743636,0.44570708137808446,30.24,-48708.04645161283,-1.08,-24354.02322580647,1.0,0.5065157017731323,15.405000000000001,0.0,1.4115283,-1.5979398,1.1074058,0.6,0.0,0.6
0.34812240659837185,0.27646450433824515,0.4463472190491245,29.88,-52067.222068965435,-1.08,0.0,1.0,0.4302194280831415,15.41,0.0,1.4115283,-1.5979398,1.1074058,0.6,0.0,0.6
0.35958960984877336,0.2640309617492278,0.4456050694373547,29.88,0.0,-1.08,0.0,1.0,0.5828119754631231,15.415000000000001,0.0,1.4115283,-1.5979398,1.1074058,0.6,0.0,0.6
0.3712094321187538,0.2574467408576428,0.4459951968380312,29.88,0.0,-1.08,0.0,1.0,0.33866389965515253,15.42,0.0,0.6503487,-1.6668719,0.885134,0.49510461688041685,0.0,0.5655401945114136
0.37935528247185485,0.24297437039209785,0.4454198592574356,30.24,48708.04645161283,-1.08,0.0,1.0,0.5065157017731323,15.425,0.0,0.6503487,-1.6668719,0.885134,0.49510461688041685,0.0,0.5655401945114136
0.38682664038424563,0.231350121082849,0.44338080262852897,30.959999999999997,104134.44413793087,-1.08,0.0,1.0,0.475997192297136,15.43,0.0,0.6503487,-1.6668719,0.885134,0.49510461688041685,0.0,0.5655401945114136
0.3959459474564385,0.21016120813783365,0.4426573663299167,31.68,17.180675530371616,-1.08,0.0,1.0,0.7964415417950974,15.435,0.0,0.6503487,-1.6668719,0.885134,0.49510461688041685,0.0,0.5655401945114136
0.40303804302809454,0.18039887329604073,0.44223176528874,32.58,72593.72307692296,-1.08,0.0,1.0,0.3081453901791562,15.44,0.0,0.04653378,-1.4690547,0.90309453,0.3139601334929466,0.0,0.5709283590316773
0.40961458176776383,0.16477503711367344,0.4380671643709098,33.839999999999996,170478.1625806449,-1.08,0.0,1.0,0.7964415417950974,15.445,0.0,0.04653378,-1.4690547,0.90309453,0.3139601334929466,0.0,0.5709283590316773
0.41670384991159204,0.14187788264825424,0.4303309766422091,35.28,208268.88827586276,-0.8999999999999999,26033.611034482783,1.0,0.3539231543931507,15.450000000000001,0.0,0.04653378,-1.4690547,0.90309453,0.3139601334929466,0.0,0.5709283590316773
0.4223013424544779,0.1299851068849274,0.4238735967396926,36.72,208268.88827586174,-0.8999999999999999,0.0,1.0,0.46073793755913783,15.455,0.0,0.04653378,-1.4690547,0.90309453,0.3139601334929466,0.0,0.5709283590316773
0.4267899747643877,0.11171946713720335,0.421357425156064,38.519999999999996,251658.2399999996,-0.8999999999999999,0.0,1.0,0.24710837122716356,15.46,0.0,-0.11420172,-0.38440445,2.3594856,0.26573948487639426,0.18467866480350495,0.6
0.43209794658077594,0.09271234492892375,0.42064378454664464,40.32,251658.2400000006,-0.8999999999999999,0.0,1.0,0.5065157017731323,15.465,0.0,-0.11420172,-0.38440445,2.3594856,0.26573948487639426,0.18467866480350495,0.6
0.4367662057522782,0.08078172310122522,0.41882070685924194,42.48,323560.5942857138,-0.8999999999999999,0.0,1.0,0.44547868282113967,15.47,0.0,-0.11420172,-0.38440445,2.3594856,0.26573948487639426,0.18467866480350495,0.6
0.44012596521321434,0.06487241768911865,0.41894185694593067,44.46,45.70039742242238,-0.8999999999999999,0.0,1.0,0.659108249153114,15.475,0.0,-0.11420172,-0.38440445,2.3594856,0.26573948487639426,0.18467866480350495,0.6
0.4432798981121089,0.07238161943899422,0.4197468698507009,46.8,188743.6799999997,-0.8999999999999999,0.0,1.0,0.5980712302011213,15.48,0.0,0.23640314,-0.15216044,3.904882,0.37092094123363495,0.254351869225502,0.6
0.4456255245471296,0.07585677613848617,0.4190463956321948,49.14,297414.2836363641,-0.8999999999999999,0.0,1.0,0.4302194280831415,15.485000000000001,0.0,0.23640314,-0.15216044,3.904882,0.37092094123363495,0.254351869225502,0.6
0.4461099510861206,0.06855939821779826,0.4196676621339047,51.3,312403.3324137926,-0.8999999999999999,0.0,1.0,0.5065157017731323,15.49,0.0,0.23640314,-0.15216044,3.904882,0.37092094123363495,0.254351869225502,0.6
0.4430235796901427,0.05053867941435646,0.4209320364504927,53.64,316602.30193548434,-0.8999999999999999,0.0,1.0,0.6133304849391195,15.495000000000001,0.0,0.23640314,-0.15216044,3.904882,0.37092094123363495,0.254351869225502,0.6
0.441325170563328,0.03551024609770595,0.4198112596013991,55.98,327155.7119999995,-0.8999999999999999,0.0,1.0,0.41496017334514335,15.5,0.0,0.75147164,-1.2411274,1.2919021,0.5254414916038513,0.0,0.6
0.4377359858724919,0.009173197942011319,0.42039131126737517,58.32,316602.30193548434,-0.8999999999999999,0.0,1.0,0.6285897396771176,15.505,0.0,0.75147164,-1.2411274,1.2919021,0.5254414916038513,0.0,0.6
0.4334877743166472,0.007032560662147404,0.4221301477322629,60.48,292248.27870967693,-0.8999999999999999,0.0,1.0,0.5065157017731323,15.51,0.0,0.75147164,-1.2411274,1.2919021,0.5254414916038513,0.0,0.6
0.43141818491535144,0.01051769954760094,0.42219190808826756,62.64,312403.33241379366,-0.8999999999999999,0.0,1.0,0.6896267586291103,15.515,0.0,0.75147164,-1.2411274,1.2919021,0.5254414916038513,0.0,0.6
0.42964522116634085,0.008951417430064047,0.42231790758620913,64.62,45.02692987925556,-0.8999999999999999,0.0,1.0,0.15555284279917458,15.52,0.0,0.693573,-1.0597862,4.3539257,0.5080718994140625,0.0,0.6
0.42721500963427467,0.029624657458594064,0.4256529416784502,66.6,176696.21106382887,-0.8999999999999999,0.0,1.0,0.6133304849391195,15.525,0.0,0.693573,-1.0597862,4.3539257,0.5080718994140625,0.0,0.6
0.42589038100140514,0.04657663380907489,0.43117404426274836,68.39999999999999,235929.59999999963,-0.8999999999999999,0.0,1.0,0.659108249153114,15.530000000000001,0.0,0.693573,-1.0597862,4.3539257,0.5080718994140625,0.0,0.6
0.4250709562510175,0.05682177127681404,0.43576321025989573,70.02,226492.41600000064,-0.8999999999999999,0.0,1.0,0.6285897396771176,15.535,0.0,0.693573,-1.0597862,4.3539257,0.5080718994140625,0.0,0.6
0.42343186707245045,0.07018464769622072,0.4412645949513209,71.46,208268.88827586174,-0.8999999999999999,0.0,1.0,0.2623676259651617,15.540000000000001,0.0,1.2717363,-1.4363858,1.6271333,0.6,0.0,0.6
0.4228983956635779,0.09454189084745745,0.4476492407500173,72.72,142833.0551351357,-0.8999999999999999,0.0,1.0,0.6285897396771176,15.545,0.0,1.2717363,-1.4363858,1.6271333,0.6,0.0,0.6
0.42252447777843666,0.10569403583155378,0.45218733982012516,73.8,150994.94399999976,-0.8999999999999999,0.0,1.0,0.49125644703513416,15.55,0.0,1.2717363,-1.4363858,1.6271333,0.6,0.0,0.6
0.42206401504782276,0.11275755352964609,0.45629560039823813,74.7,134816.91428571515,-0.8999999999999999,0.0,1.0,0.567552720725125,15.555,0.0,1.2717363,-1.4363858,1.6271333,0.6,0.0,0.6
0.42265074017783777,0.11895083193301718,0.46053273249478727,75.42,104134.44413793087,-0.8999999999999999,0.0,1.0,0.46073793755913783,15.56,0.0,0.8462839,-0.89808667,3.4251204,0.5538851737976074,0.030573999881744383,0.6
0.4222929763159252,0.11499651825635203,0.46389871394084975,75.96,13.154855901587734,-0.8999999999999999,0.0,1.0,0.6743675038911121,15.565,0.0,0.8462839,-0.89808667,3.4251204,0.5538851737976074,0.030573999881744383,0.6
0.42269635014358453,0.11841284481747458,0.4664556647117878,76.14,16412.4939130441,-0.8999999999999999,0.0,1.0,0.5522934659871268,15.57,0.0,0.8462839,-0.89808667,3.4251204,0.5538851737976074,0.030573999881744383,0.6
0.42295297153480255,0.11927372581638168,0.46998287750070883,75.96,-23592.960000000894,-0.8999999999999999,0.0,1.0,0.7811822870570992,15.575000000000001,0.0,0.8462839,-0.89808667,3.4251204,0.5538851737976074,0.030573999881744383,0.6
0.4224453452954091,0.1092974518180532,0.47282303694121647,75.78,-22878.021818180878,-0.8999999999999999,0.0,1.0,0.5828119754631231,15.58,0.0,0.76847994,-1.637237,1.0449573,0.5305439829826355,0.0,0.6
0.4223265100385207,0.09474057924136758,0.475329715724918,75.6,-26033.611034483743,-0.8999999999999999,0.0,1.0,0.7811822870570992,15.585,0.0,0.76847994,-1.637237,1.0449573,0.5305439829826355,0.0,0.6
0.4228684556189054,0.08264091041399939,0.4783125281457893,75.06,-66615.41647058725,-0.8999999999999999,0.0,1.0,0.5065157017731323,15.59,0.0,0.76847994,-1.637237,1.0449573,0.5305439829826355,0.0,0.6
0.4228608986432061,0.07240267359583144,0.4810607474560716,74.52,-80890.14857142951,-0.8999999999999999,0.0,1.0,0.8727378154850882,15.595,0.0,0.76847994,-1.637237,1.0449573,0.5305439829826355,0.0,0.6
0.42289408243198967,0.06570102776849941,0.48309452174742146,73.8,-107853.53142857125,-0.8999999999999999,0.0,1.0,0.5522934659871268,15.6,0.0,0.60369444,-1.8628836,1.6434045,0.4811083316802978,0.0,0.6
0.4242113714540376,0.070465223621266,0.48501405150098537,73.08,-16.153338183063006,-0.8999999999999999,0.0,1.0,0.33866389965515253,15.605,0.0,0.60369444,-1.8628836,1.6434045,0.4811083316802978,0.0,0.6
0.42489135069247913,0.06865082429780595,0.48666698848606393,72.36,-64253.16765957437,-0.8999999999999999,0.0,1.0,0.5522934659871268,15.610000000000001,0.0,0.60369444,-1.8628836,1.6434045,0.4811083316802978,0.0,0.6
0.42483200933250115,0.06431643799329653,0.48832056351970676,71.64,-94371.83999999985,-0.8999999999999999,0.0,1.0,0.5828119754631231,15.615,0.0,0.60369444,-1.8628836,1.6434045,0.4811083316802978,0.0,0.6
0.425855404168867,0.05134690018290269,0.49018433922284654,70.74,-121770.11612903302,-0.8999999999999999,0.0,1.0,0.41496017334514335,15.620000000000001,0.0,0.25734702,-1.2315015,3.143827,0.377204105257988,0.0,0.6
0.4280538040171717,0.03073689803135273,0.4921079437383673,69.66,-156201.6662068963,-0.8999999999999999,0.0,1.0,0.7506637775811029,15.625,0.0,0.25734702,-1.2315015,3.143827,0.377204105257988,0.0,0.6
0.43083394114152185,0.025771177318875255,0.49330586320220376,68.75999999999999,-114390.10909090981,-0.8999999999999999,0.0,1.0,0.659108249153114,15.63,0.0,0.25734702,-1.2315015,3.143827,0.377204105257988,0.0,0.6
0.43379674737247537,0.026959603222583978,0.4946680339094235,67.86,-121770.1161290311,-0.8999999999999999,0.0,1.0,0.8117007965330956,15.635,0.0,0.25734702,-1.2315015,3.143827,0.377204105257988,0.0,0.6
0.438719886831604,0.03624259710668993,0.49590564116195646,66.78,-146124.13935483847,-0.8999999999999999,0.0,1.0,0.4302194280831415,15.64,0.0,0.3951229,-1.1986582,1.4566543,0.4185368657112121,0.0,0.6
0.4427334503674178,0.040150916572188534,0.497225916901251,65.88,-125829.1200000008,-0.8999999999999999,0.0,1.0,0.6896267586291103,15.645,0.0,0.3951229,-1.1986582,1.4566543,0.4185368657112121,0.0,0.6
0.4463314080247209,0.019203307075721317,0.4981163186304606,64.98,-22.04588969093819,-0.8999999999999999,0.0,1.0,0.659108249153114,15.65,0.0,0.3951229,-1.1986582,1.4566543,0.4185368657112121,0.0,0.6
0.45114670672600665,0.03441982917796685,0.4981394185261114,63.9,-92445.88408163312,-0.8999999999999999,0.0,1.0,0.7201452681051066,15.655000000000001,0.0,0.3951229,-1.1986582,1.4566543,0.4185368657112121,0.0,0.6
0.45395513579241237,0.03179549551694776,0.4990561487825787,63.0,-125829.1199999998,-0.8999999999999999,0.0,1.0,0.5522934659871268,15.66,0.0,0.43896085,-0.2753219,1.5786761,0.43168825507164,0.2174034297466278,0.6
0.45623655859092366,0.02860719035972298,0.49914853469066356,62.28,-97416.09290322565,-0.8999999999999999,0.0,1.0,0.6896267586291103,15.665000000000001,0.0,0.43896085,-0.2753219,1.5786761,0.43168825507164,0.2174034297466278,0.6
0.456289978337361,0.00841951385632644,0.5001827119626769,61.379999999999995,-130168.05517241462,-0.8999999999999999,0.0,1.0,0.49125644703513416,15.67,0.0,0.43896085,-0.2753219,1.5786761,0.43168825507164,0.2174034297466278,0.6
0.457879577524011,0.0024591828362683726,0.5000804259038675,60.66,-94371.83999999985,-1.08,-23592.96000000002,1.0,0.7506637775811029,15.675,0.0,0.43896085,-0.2753219,1.5786761,0.43168825507164,0.2174034297466278,0.6
0.4578661309557624,-0.001670208817432164,0.500766280099,60.12,-78100.83310344815,-1.08,0.0,1.0,0.3539231543931507,15.68,0.0,-0.6089827,1.3800672,0.056387372,0.11730519533157348,0.6,0.316916211694479
0.4578785482634231,0.003753953790151407,0.501294283387717,59.4,-104134.44413793087,-1.08,0.0,1.0,0.7354045228431048,15.685,0.0,-0.6089827,1.3800672,0.056387372,0.11730519533157348,0.6,0.316916211694479
0.45824117094304145,0.002645345305050782,0.501981442479189,59.04,-8.18019481434127,-1.08,0.0,1.0,0.475997192297136,15.69,0.0,-0.6089827,1.3800672,0.056387372,0.11730519533157348,0.6,0.316916211694479
0.4585583188674929,-0.00423096413511271,0.5023262118099245,58.68,-30815.294693877502,-1.08,0.0,1.0,0.6438489944151158,15.695,0.0,-0.6089827,1.3800672,0.056387372,0.11730519533157348,0.6,0.316916211694479
0.45851014963738496,-0.00974876217572188,0.5028440483218813,58.5,-23592.959999999963,-1.08,0.0,1.0,0.3997009186071452,15.700000000000001,0.0,-1.1578038,1.7498735,0.82204926,0.0,0.6,0.5466147780418396
0.45895601875927255,-0.008575743253676306,0.5034133262294562,58.32,-23592.959999999963,-1.08,0.0,1.0,0.7201452681051066,15.705,0.0,-1.1578038,1.7498735,0.82204926,0.0,0.6,0.5466147780418396
0.4584906599218382,-0.0019108164281075597,0.5040981897340747,58.32,0.0,-1.08,0.0,1.0,0.384441663869147,15.71,0.0,-1.1578038,1.7498735,0.82204926,0.0,0.6,0.5466147780418396
0.45821012125769905,0.012511810261402816,0.5045767585777573,58.32,0.0,-1.08,0.0,1.0,0.6743675038911121,15.715,0.0,-1.1578038,1.7498735,0.82204926,0.0,0.6,0.5466147780418396
0.4585228207290657,0.00892373248180878,0.5049032556738464,58.32,0.0,-1.08,0.0,1.0,0.20133060701316907,15.72,0.0,-1.2361522,2.4986775,2.414946,0.0,0.6,0.6
0.45735077240485944,0.004168394614955152,0.5057003787576481,58.5,26033.611034482718,-0.8999999999999999,26033.611034482783,1.0,0.29288613544115805,15.725,0.0,-1.2361522,2.4986775,2.414946,0.0,0.6,0.6
0.4559378050109018,0.01243782917205628,0.5048236042407259,58.68,26963.382857142813,-0.8999999999999999,0.0,1.0,0.2776268807031599,15.73,0.0,-1.2361522,2.4986775,2.414946,0.0,0.6,0.6
0.4545249263251209,0.0471174531624625,0.5034638193353568,59.04,8.804831973689568,-0.8999999999999999,0.0,1.0,0.7354045228431048,15.735000000000001,0.0,-1.2361522,2.4986775,2.414946,0.0,0.6,0.6
0.45378695353178583,0.07539867073900296,0.5036130559163111,59.22,16777.215999999975,-0.8999999999999999,0.0,1.0,0.6133304849391195,15.74,0.0,-1.408039,2.9994242,4.1073656,0.0,0.6,0.6
0.45169206599456707,0.0875830342955262,0.5023836381116774,59.4,23592.959999999963,-0.8999999999999999,0.0,1.0,0.567552720725125,15.745000000000001,0.0,-1.408039,2.9994242,4.1073656,0.0,0.6,0.6
0.4405532880680534,0.08480147675462574,0.501392661033706,59.58,25165.82399999996,-0.8999999999999999,0.0,1.0,0.475997192297136,15.75,0.0,-1.408039,2.9994242,4.1073656,0.0,0.6,0.6
0.4245953303437435,0.10892828330325106,0.5017039473873947,59.76,25165.82399999996,-0.8999999999999999,0.0,1.0,0.6285897396771176,15.755,0.0,-1.408039,2.9994242,4.1073656,0.0,0.6,0.6
0.40991572694092,0.13916877029656388,0.5009557060388441,59.76,0.0,-0.8999999999999999,0.0,1.0,0.49125644703513416,15.76,0.0,-1.2224522,2.3205564,4.7609453,0.0,0.6,0.6
0.3931980966607634,0.159153233571539,0.5004725457875552,59.76,0.0,-0.8999999999999999,0.0,1.0,0.659108249153114,15.765,0.0,-1.2224522,2.3205564,4.7609453,0.0,0.6,0.6
0.3717545046520407,0.17982141582631794,0.5005721736878296,59.76,0.0,-0.8999999999999999,0.0,1.0,0.46073793755913783,15.77,0.0,-1.2224522,2.3205564,4.7609453,0.0,0.6,0.6
0.3478515121448147,0.18751106618511412,0.5003221266581817,59.4,-8.152810600088538,-0.8999999999999999,0.0,1.0,0.5217749565111305,15.775,0.0,-1.2224522,2.3205564,4.7609453,0.0,0.6,0.6
0.3207011298357871,0.19054258676892882,0.5003888147463593,59.22,-15728.639999999976,-0.8999999999999999,0.0,1.0,0.5065157017731323,15.780000000000001,0.0,0.17897643,-1.1290177,0.7270667,0.3536929294466972,0.0,0.5181200087070464
0.2938014662283914,0.2109878498754491,0.5001489246190345,58.86,-45756.04363636357,-0.8999999999999999,0.0,1.0,0.5980712302011213,15.785,0.0,0.17897643,-1.1290177,0.7270667,0.3536929294466972,0.0,0.5181200087070464
0.26702035947141556,0.22471861720335345,0.4996149617991755,58.32,-66615.41647058813,-0.8999999999999999,0.0,1.0,0.46073793755913783,15.790000000000001,0.0,0.17897643,-1.1290177,0.7270667,0.3536929294466972,0.0,0.5181200087070464
0.24095611365368025,0.24790329935782943,0.4997972045907015,57.78,-75497.47199999988,-0.8999999999999999,0.0,1.0,0.5217749565111305,15.795,0.0,0.17897643,-1.1290177,0.7270667,0.3536929294466972,0.0,0.5181200087070464
0.2167779390481725,0.2558226912035019,0.49943437126124623,56.879999999999995,-130168.05517241462,-0.8999999999999999,0.0,1.0,0.5065157017731323,15.8,0.0,1.7078114,-2.0295305,-1.3261219,0.6,0.0,0.0
0.1942283400135525,0.28111389982337537,0.4986821651753382,55.98,-117964.79999999981,-0.8999999999999999,0.0,1.0,0.6438489944151158,15.805,0.0,1.7078114,-2.0295305,-1.3261219,0.6,0.0,0.0
0.17308541031741215,0.2934803377251075,0.4987706925347229,55.08,-130168.05517241359,-0.8999999999999999,0.0,1.0,0.5828119754631231,15.81,0.0,1.7078114,-2.0295305,-1.3261219,0.6,0.0,0.0
0.15369248863024437,0.30472497211803434,0.4987466959592463,53.82,-176160.76799999972,-0.8999999999999999,0.0,1.0,0.8269600512710937,15.815,0.0,1.7078114,-2.0295305,-1.3261219,0.6,0.0,0.0
0.13586325465219834,0.3137124205777198,0.4986340872431528,52.379999999999995,-35.23062693949941,-0.8999999999999999,0.0,1.0,0.475997192297136,15.82,8.522881865501404,1.8661327,-0.22451982,1.7627081,0.6,0.2326440542936325,0.6
0.122897930884158,0.32829330280419544,0.4988538733264518,50.94,-120795.95519999981,-0.8999999999999999,0.0,1.0,0.5370342112491286,15.825000000000001,8.522881865501404,1.8661327,-0.22451982,1.7627081,0.6,0.2326440542936325,0.6
0.11876675455615524,0.3348428748198234,0.49873368304040033,49.32,-219186.20903225773,-0.8999999999999999,0.0,1.0,0.5522934659871268,15.83,8.522881865501404,1.8661327,-0.22451982,1.7627081,0.6,0.2326440542936325,0.6
0.1169910276125466,0.33633094608951997,0.4981348759458969,47.519999999999996,-251658.2400000006,-0.8999999999999999,0.0,1.0,0.3081453901791562,15.835,8.522881865501404,1.8661327,-0.22451982,1.7627081,0.6,0.2326440542936325,0.6
0.1164377825739695,0.325859991308273,0.4979526058124207,45.72,-243540.23225806412,-0.8999999999999999,0.0,1.0,0.46073793755913783,15.84,20.0,-0.04975342,-0.8752103,1.7692013,0.28507397398352624,0.037436914443969724,0.6
0.12182189283386723,0.32070609738124256,0.4979260106306276,43.739999999999995,-267894.2554838715,-0.8999999999999999,0.0,1.0,0.5980712302011213,15.845,20.0,-0.04975342,-0.8752103,1.7692013,0.28507397398352624,0.037436914443969724,0.6
0.13531880877007785,0.31047192019059755,0.49742069646828174,41.76,-267894.25548387057,-0.8999999999999999,0.0,1.0,0.3997009186071452,15.85,20.0,-0.04975342,-0.8752103,1.7692013,0.28507397398352624,0.037436914443969724,0.6
0.14925999918824456,0.3080417394974421,0.4968926716432669,39.6,-301989.8879999995,-0.8999999999999999,0.0,1.0,0.7048860133671084,15.855,20.0,-0.04975342,-0.8752103,1.7692013,0.28507397398352624,0.037436914443969724,0.6
0.16348869557113804,0.2962115388466677,0.49478809970664867,37.62,-44.6432821571411,-0.8999999999999999,0.0,1.0,0.7354045228431048,15.860000000000001,8.522881865501404,-0.1458405,-2.028868,-2.6343462,0.25624785125255584,0.0,0.0
0.18300297451682807,0.28444854550954096,0.4927636630554121,35.28,-175261.9885714283,-0.8999999999999999,0.0,1.0,0.6285897396771176,15.865,8.522881865501404,-0.1458405,-2.028868,-2.6343462,0.25624785125255584,0.0,0.0
0.2008387315617588,0.2721579174019597,0.4919816892310202,33.12,-251658.24000000043,-0.8999999999999999,0.0,1.0,0.6285897396771176,15.870000000000001,8.522881865501404,-0.1458405,-2.028868,-2.6343462,0.25624785125255584,0.0,0.0
0.21679974343427896,0.2460761911882646,0.49175104368342476,30.779999999999998,-297414.28363636363,-0.8999999999999999,0.0,1.0,0.6438489944151158,15.875,8.522881865501404,-0.1458405,-2.028868,-2.6343462,0.25624785125255584,0.0,0.0
0.23473291196203877,0.20956372229455328,0.49108939583119676,28.619999999999997,-292248.27870967746,-0.8999999999999999,0.0,1.0,0.475997192297136,15.88,0.0,0.36890215,-1.9729851,0.49058178,0.4106706440448761,0.0,0.447174534201622
0.25254230481042944,0.18909683218391823,0.49108299838077196,26.279999999999998,-338436.94344827585,-1.08,-26033.611034482783,1.0,0.5217749565111305,15.885,0.0,0.36890215,-1.9729851,0.49058178,0.4106706440448761,0.0,0.447174534201622
0.2667648729767942,0.18352890240765551,0.4913457900120278,24.3,-276824.06399999955,-1.08,0.0,1.0,0.475997192297136,15.89,0.0,0.36890215,-1.9729851,0.49058178,0.4106706440448761,0.0,0.447174534201622
0.2782919316300104,0.16422992196478822,0.491072747665544,22.32,-276824.0640000001,-1.08,0.0,1.0,0.5370342112491286,15.895,0.0,0.36890215,-1.9729851,0.49058178,0.4106706440448761,0.0,0.447174534201622
0.28521377170445106,0.14252293919156186,0.49081255117895173,20.34,-286369.7213793104,-1.08,0.0,1.0,0.6896267586291103,15.9,0.0,0.24829909,-1.4863254,-2.5071745,0.3744897276163101,0.0,0.0
0.2894305909671803,0.13010192508291288,0.488919663241286,18.9,-33.36904839779009,-1.08,0.0,1.0,0.33866389965515253,15.905000000000001,0.0,0.24829909,-1.4863254,-2.5071745,0.3744897276163101,0.0,0.0
0.2923852622655755,0.1340297485767684,0.48364633398537293,17.46,-125829.1199999998,-1.08,0.0,1.0,0.49125644703513416,15.91,0.0,0.24829909,-1.4863254,-2.5071745,0.3744897276163101,0.0,0.0
0.294798168122579,0.13453807723047348,0.4775047055568357,16.38,-141557.76000000024,-1.08,0.0,1.0,0.6438489944151158,15.915000000000001,0.0,0.24829909,-1.4863254,-2.5071745,0.3744897276163101,0.0,0.0
0.29603024432955377,0.12364281875658391,0.4690475237951389,15.479999999999999,-125829.12000000005,-1.08,0.0,1.0,0.41496017334514335,15.92,0.0,0.14638263,-0.26535517,-0.2049585,0.34391478896141053,0.22039344906806946,0.23851245045661926
0.2973979193452633,0.12380573972212588,0.4494373693044591,15.12,-50331.64799999992,-1.08,0.0,1.0,0.567552720725125,15.925,0.0,0.14638263,-0.26535517,-0.2049585,0.34391478896141053,0.22039344906806946,0.23851245045661926
0.2979308618614839,0.10675711657338767,0.4259554528243883,14.94,-24354.023225806413,-1.08,0.0,1.0,0.3997009186071452,15.93,0.0,0.14638263,-0.26535517,-0.2049585,0.34391478896141053,0.22039344906806946,0.23851245045661926
0.29850934353565456,0.10062413679871537,0.40541822935359334,14.94,0.0,-1.08,0.0,1.0,0.6285897396771176,15.935,0.0,0.14638263,-0.26535517,-0.2049585,0.34391478896141053,0.22039344906806946,0.23851245045661926
0.2994584661994253,0.08083108096315215,0.3926201762503319,15.299999999999999,50331.64799999992,-0.8999999999999999,25165.824000000022,1.0,0.5370342112491286,15.94,0.0,-0.9415108,1.7162632,0.14057916,0.01754676103591919,0.6,0.3421737492084503
0.2993404986199448,0.07615270974600136,0.3852287152094875,15.66,52067.22206896569,-0.8999999999999999,0.0,1.0,0.567552720725125,15.945,0.0,-0.9415108,1.7162632,0.14057916,0.01754676103591919,0.6,0.3421737492084503
0.2983299901560411,0.06503569897175764,0.380301447886941,16.56,21.264138168012,-0.8999999999999999,0.0,1.0,0.6438489944151158,15.950000000000001,0.0,-0.9415108,1.7162632,0.14057916,0.01754676103591919,0.6,0.3421737492084503
0.30081589946278925,0.04880034595993209,0.3701212611228904,17.46,77038.23673469406,-0.8999999999999999,0.0,1.0,0.6743675038911121,15.955,0.0,-0.9415108,1.7162632,0.14057916,0.01754676103591919,0.6,0.3421737492084503
0.3051389364996622,0.04099113406291212,0.35775844205585156,18.54,150994.94399999976,-0.8999999999999999,0.0,1.0,0.5217749565111305,15.96,0.0,-1.5959836,1.9439763,1.4961098,0.0,0.6,0.6
0.3078311398797154,0.02122753557497764,0.3465067142254319,19.8,176160.76800000021,-0.8999999999999999,0.0,1.0,0.44547868282113967,15.965,0.0,-1.5959836,1.9439763,1.4961098,0.0,0.6,0.6
0.3107541341474474,0.022987759835561127,0.33491929100503703,21.419999999999998,226492.41599999965,-0.8999999999999999,0.0,1.0,0.5828119754631231,15.97,0.0,-1.5959836,1.9439763,1.4961098,0.0,0.6,0.6
0.31474559447246375,0.022800594400396137,0.3246581783695092,23.04,234302.49931034498,-0.72,26033.61103448275,1.0,0.44547868282113967,15.975,0.0,-1.5959836,1.9439763,1.4961098,0.0,0.6,0.6
0.3176397574317098,0.025556572625845635,0.31660573937479475,24.66,234302.49931034498,-0.72,0.0,1.0,0.4302194280831415,15.98,0.0,-1.047537,1.700677,2.6967223,0.0,0.6,0.6
0.3179297331824036,0.017754583009485264,0.3098738396882176,26.459999999999997,260336.11034482718,-0.72,0.0,1.0,0.5065157017731323,15.985000000000001,0.0,-1.047537,1.700677,2.6967223,0.0,0.6,0.6
0.31608661268620064,0.031084970572065978,0.3047588546763249,28.259999999999998,41.84911199308221,-0.72,0.0,1.0,0.6743675038911121,15.99,0.0,-1.047537,1.700677,2.6967223,0.0,0.6,0.6
0.31487690398183904,0.057039543706675716,0.30129181385715414,29.88,135895.44960000008,-0.72,0.0,1.0,0.3997009186071452,15.995000000000001,0.0,-1.047537,1.700677,2.6967223,0.0,0.6,0.6
0.31231961913136036,0.07915268607479015,0.30019750214519275,31.68,235929.6000000001,-0.72,0.0,1.0,0.6438489944151158,16.0,0.0,-1.0546448,2.3976247,3.9808433,0.0,0.6,0.6
0.3088621498659027,0.08967487632963418,0.30023118209503064,33.48,209715.19999999966,-0.72,0.0,1.0,0.44547868282113967,16.005,0.0,-1.0546448,2.3976247,3.9808433,0.0,0.6,0.6
0.30703528775349404,0.11810873283970345,0.2998857670249964,35.28,251658.2400000006,-0.72,0.0,1.0,0.5370342112491286,16.01,0.0,-1.0546448,2.3976247,3.9808433,0.0,0.6,0.6
0.3052019692201674,0.13026010504841887,0.30051520310002516,36.9,226492.41599999965,-0.72,0.0,1.0,0.8879970702230864,16.015,0.0,-1.0546448,2.3976247,3.9808433,0.0,0.6,0.6
0.30240956768826643,0.14599746330924862,0.3026008280556876,38.519999999999996,226492.41599999965,-0.72,0.0,1.0,0.5065157017731323,16.02,0.0,-0.81250846,2.1631515,5.5526686,0.056247460842132564,0.6,0.6
0.2969094831302718,0.16192747985171885,0.3037066843581817,39.96,208268.88827586276,-0.72,0.0,1.0,0.36918240913114886,16.025,0.0,-0.81250846,2.1631515,5.5526686,0.056247460842132564,0.6,0.6
0.28471117818497266,0.17798248312773762,0.30430953266850785,41.4,208268.88827586174,-0.72,0.0,1.0,0.44547868282113967,16.03,0.0,-0.81250846,2.1631515,5.5526686,0.056247460842132564,0.6,0.6
0.2673173665691814,0.19974783878699778,0.3103784552819548,42.66,29.901003937898835,-0.72,0.0,1.0,0.6285897396771176,16.035,0.0,-0.81250846,2.1631515,5.5526686,0.056247460842132564,0.6,0.6
0.24662025035594898,0.22584800365084476,0.3222809500200115,43.92,103623.981176471,-0.72,0.0,1.0,0.659108249153114,16.04,0.0,-0.423248,1.6974576,5.03174,0.17302560210227966,0.6,0.6
0.22422415124754075,0.24230893172010026,0.3336448753421471,45.0,150994.94399999976,-0.72,0.0,1.0,0.567552720725125,16.045,0.0,-0.423248,1.6974576,5.03174,0.17302560210227966,0.6,0.6
0.20148000787597106,0.24479328196850397,0.3452220599932,46.08,150994.94399999976,-0.72,0.0,1.0,0.6285897396771176,16.05,0.0,-0.423248,1.6974576,5.03174,0.17302560210227966,0.6,0.6
0.18050181685590083,0.25963667971663534,0.35723838818591386,46.98,121770.11612903206,-0.72,0.0,1.0,0.7354045228431048,16.055,0.0,-0.423248,1.6974576,5.03174,0.17302560210227966,0.6,0.6
0.16059368735030177,0.2819228054021894,0.36793237397644,47.879999999999995,117964.79999999981,-0.72,0.0,1.0,0.49125644703513416,16.06,0.0,0.9199836,-0.0042285845,2.1152174,0.5759950876235962,0.2987314246594906,0.6
0.14208675270709858,0.29467248619826814,0.37751838587660785,48.42,75497.47200000087,-0.72,0.0,1.0,0.5370342112491286,16.065,0.0,0.9199836,-0.0042285845,2.1152174,0.5759950876235962,0.2987314246594906,0.6
0.1237974803173705,0.30595981089042884,0.38745280309569397,48.96,78100.83310344815,-0.72,0.0,1.0,0.6438489944151158,16.07,0.0,0.9199836,-0.0042285845,2.1152174,0.5759950876235962,0.2987314246594906,0.6
0.11246896819844293,0.31381596939127876,0.395244760682123,49.32,8.325932232361929,-0.72,0.0,1.0,0.567552720725125,16.075,0.0,0.9199836,-0.0042285845,2.1152174,0.5759950876235962,0.2987314246594906,0.6
0.09492225003506922,0.32519110007299445,0.40167629729349247,49.5,16412.493913043454,-0.72,0.0,1.0,0.567552720725125,16.080000000000002,8.522881865501404,1.2851739,1.7042065,4.711997,0.6,0.6,0.6
0.08897705494797381,0.34290783313743867,0.4081016005908302,49.32,-25165.82399999996,-0.72,0.0,1.0,0.5065157017731323,16.085,8.522881865501404,1.2851739,1.7042065,4.711997,0.6,0.6,0.6
0.09550687405198821,0.3519408665345943,0.4132924261876905,49.14,-24354.023225806413,-0.72,0.0,1.0,0.567552720725125,16.09,8.522881865501404,1.2851739,1.7042065,4.711997,0.6,0.6,0.6
0.10209607936185469,0.3625509360249389,0.4175902505106195,48.78,-50331.64799999992,-0.72,0.0,1.0,0.567552720725125,16.095,8.522881865501404,1.2851739,1.7042065,4.711997,0.6,0.6,0.6
0.09609064720417913,0.366664601151322,0.42178295194176846,48.059999999999995,-91512.08727272804,-0.72,0.0,1.0,0.6133304849391195,16.1,20.0,-0.26902437,1.9847823,5.4754963,0.21929268836975097,0.6,0.6
0.08346941030275302,0.3706534070466954,0.42580613436616316,47.16,-117964.79999999981,-0.72,0.0,1.0,0.5217749565111305,16.105,20.0,-0.26902437,1.9847823,5.4754963,0.21929268836975097,0.6,0.6
0.0933771883883878,0.3756741116649346,0.4282991331285813,46.08,-150994.94399999976,-0.72,0.0,1.0,0.5522934659871268,16.11,20.0,-0.26902437,1.9847823,5.4754963,0.21929268836975097,0.6,0.6
0.08854984287840817,0.38050486544871337,0.43117473970009307,44.82,-176160.76799999972,-0.72,0.0,1.0,0.5065157017731323,16.115000000000002,20.0,-0.26902437,1.9847823,5.4754963,0.21929268836975097,0.6,0.6
0.09669598811810336,0.38994317546211227,0.4341450526845656,43.379999999999995,-34.40127676298219,-0.72,0.0,1.0,0.6285897396771176,16.12,8.522881865501404,-1.3504977,0.97037256,4.803428,0.0,0.5911117672920226,0.6
0.11648686507827334,0.38383299987034,0.4359737265247715,41.76,-138668.82612244875,-0.8999999999999999,-15407.647346938771,1.0,0.20133060701316907,16.125,8.522881865501404,-1.3504977,0.97037256,4.803428,0.0,0.5911117672920226,0.6
0.13390275168720359,0.3846378894887434,0.4382322489025387,39.96,-235929.59999999963,-0.8999999999999999,0.0,1.0,0.5980712302011213,16.13,8.522881865501404,-1.3504977,0.97037256,4.803428,0.0,0.5911117672920226,0.6
0.15106078345265161,0.38645056232621255,0.4407196337432385,38.16,-243540.23225806508,-0.8999999999999999,0.0,1.0,0.6285897396771176,16.135,8.522881865501404,-1.3504977,0.97037256,4.803428,0.0,0.5911117672920226,0.6
0.16638959903807712,0.38954374696250765,0.4427064369013709,36.18,-276824.06399999955,-0.8999999999999999,0.0,1.0,0.567552720725125,16.14,0.0,0.16801378,-1.6330119,2.2146146,0.3504041343927383,0.0,0.6
0.17951556964957183,0.4005285784522196,0.44458320411937796,34.199999999999996,-276824.06400000054,-0.8999999999999999,0.0,1.0,0.475997192297136,16.145,0.0,0.16801378,-1.6330119,2.2146146,0.3504041343927383,0.0,0.6
0.19470084428498438,0.401180803401308,0.44642458314707467,32.04,-301989.8879999995,-0.8999999999999999,0.0,1.0,0.5980712302011213,16.15,0.0,0.16801378,-1.6330119,2.2146146,0.3504041343927383,0.0,0.6
0.20852449505055348,0.40611193931267936,0.4474223981793618,30.06,-286369.7213793104,-0.8999999999999999,0.0,1.0,0.5522934659871268,16.155,0.0,0.16801378,-1.6330119,2.2146146,0.3504041343927383,0.0,0.6
0.2181610224507293,0.40282730862999755,0.44815684243103787,27.72,-54.23189461586066,-0.8999999999999999,0.0,1.0,0.5217749565111305,16.16,0.0,2.3414052,-2.595042,-4.6781383,0.6,0.0,0.0
0.22470154424111133,0.40814545619664316,0.4481436609570216,25.56,-188743.68000000002,-0.8999999999999999,0.0,1.0,0.6133304849391195,16.165,0.0,2.3414052,-2.595042,-4.6781383,0.6,0.0,0.0
0.22812222731353762,0.40665042643041033,0.44836670875262774,23.4,-274536.26181818184,-0.8999999999999999,0.0,1.0,0.5370342112491286,16.17,0.0,2.3414052,-2.595042,-4.6781383,0.6,0.0,0.0
0.2301665815426116,0.40325445222616946,0.44839850398617,21.24,-301989.88800000004,-0.8999999999999999,0.0,1.0,0.5980712302011213,16.175,0.0,2.3414052,-2.595042,-4.6781383,0.6,0.0,0.0
0.23112684303338465,0.40754681044122665,0.4484888644953768,19.08,-301989.88800000004,-0.8999999999999999,0.0,1.0,0.5065157017731323,16.18,8.522881865501404,1.915459,-0.5736414,2.9610934,0.6,0.12790757417678833,0.6
0.23159403645583615,0.41344680468351724,0.4485316986903909,16.919999999999998,-312403.33241379313,-0.8999999999999999,0.0,1.0,0.4302194280831415,16.185,8.522881865501404,1.915459,-0.5736414,2.9610934,0.6,0.12790757417678833,0.6
0.23261466489400603,0.4168403880141081,0.4486868763416465,14.94,-259522.55999999982,-0.8999999999999999,0.0,1.0,0.5065157017731323,16.19,8.522881865501404,1.915459,-0.5736414,2.9610934,0.6,0.12790757417678833,0.6
0.23496735866934304,0.4200294833949241,0.4492321991696202,13.139999999999999,-251658.2400000001,-0.8999999999999999,0.0,1.0,0.5828119754631231,16.195,8.522881865501404,1.915459,-0.5736414,2.9610934,0.6,0.12790757417678833,0.6
0.2362499577001916,0.4181268247962049,0.4502999968179282,11.52,-234302.49931034472,-1.08,-26033.611034482783,1.0,0.5065157017731323,16.2,20.0,1.3306301,-1.7280045,-1.4441212,0.6,0.0,0.0
0.23798392334959032,0.41242464109911625,0.4500955014246167,10.08,-34.841636919526955,-1.08,0.0,1.0,0.5828119754631231,16.205000000000002,20.0,1.3306301,-1.7280045,-1.4441212,0.6,0.0,0.0
0.24054927135806412,0.4175269157754203,0.4482950704523174,9.0,-55924.05333333334,-1.08,0.0,1.0,0.567552720725125,16.21,20.0,1.3306301,-1.7280045,-1.4441212,0.6,0.0,0.0
0.24453108938003068,0.4203922124001556,0.44726790003090194,8.1,-85792.58181818185,-1.08,0.0,1.0,0.567552720725125,16.215,20.0,1.3306301,-1.7280045,-1.4441212,0.6,0.0,0.0
0.24920643493371156,0.3871407494243599,0.44661104725033623,7.38,-83886.07999999997,-1.08,0.0,1.0,0.5522934659871268,16.22,20.0,0.64979196,-1.6721495,2.2346692,0.4949375867843628,0.0,0.6
0.2553153463302477,0.3656659284044237,0.44428206084930927,7.199999999999999,-23592.96000000008,-1.08,0.0,1.0,0.5828119754631231,16.225,20.0,0.64979196,-1.6721495,2.2346692,0.4949375867843628,0.0,0.6
0.2695034409523903,0.32735152236517306,0.44208589723112096,7.38,23592.96000000008,-1.08,0.0,1.0,0.49125644703513416,16.23,20.0,0.64979196,-1.6721495,2.2346692,0.4949375867843628,0.0,0.6
0.2859995671330199,0.31098896250995556,0.44073289694842077,7.739999999999999,48708.04645161283,-1.08,0.0,1.0,0.44547868282113967,16.235,20.0,0.64979196,-1.6721495,2.2346692,0.4949375867843628,0.0,0.6
0.29849873896042,0.2895219249795993,0.43982609156196967,8.64,111025.69411764722,-1.08,0.0,1.0,0.567552720725125,16.240000000000002,0.0,0.41884583,-1.728365,0.31999022,0.42565374970436093,0.0,0.39599706530570983
0.3134348766570773,0.25836272538330013,0.43979700126225185,9.9,28.574951823775585,-1.08,0.0,1.0,0.20133060701316907,16.245,0.0,0.41884583,-1.728365,0.31999022,0.42565374970436093,0.0,0.39599706530570983
0.32809433944562894,0.24251207311781678,0.439271844666869,11.52,106168.31999999995,-1.08,0.0,1.0,0.5065157017731323,16.25,0.0,0.41884583,-1.728365,0.31999022,0.42565374970436093,0.0,0.39599706530570983
0.33891859400008867,0.23305440363876204,0.436956308839361,13.5,251658.24000000005,-1.08,0.0,1.0,0.475997192297136,16.255,0.0,0.41884583,-1.728365,0.31999022,0.42565374970436093,0.0,0.39599706530570983
0.3492984286902566,0.2235435244106586,0.4294313403130699,15.84,306708.48,-1.08,0.0,1.0,0.659108249153114,16.26,0.0,-0.008979186,-1.4002388,1.605873,0.2973062440752983,0.0,0.6
0.36115361446875094,0.20816148644368812,0.4194810839759322,18.54,377487.3599999999,-1.08,0.0,1.0,0.567552720725125,16.265,0.0,-0.008979186,-1.4002388,1.605873,0.2973062440752983,0.0,0.6
0.37015372828953996,0.19617285666847992,0.4133968608621406,21.419999999999998,402653.18399999983,-1.08,0.0,1.0,0.5217749565111305,16.27,0.0,-0.008979186,-1.4002388,1.605873,0.2973062440752983,0.0,0.6
0.3782035962890916,0.17463722990406114,0.4119756523863551,24.66,452984.8320000003,-1.08,0.0,1.0,0.567552720725125,16.275,0.0,-0.008979186,-1.4002388,1.605873,0.2973062440752983,0.0,0.6
0.3853495750759654,0.1557638489764754,0.4100141606667574,27.9,424673.2799999998,-0.8999999999999999,23592.96000000002,1.0,0.49125644703513416,16.28,0.0,0.3180871,-0.16207728,5.307932,0.3954261302947998,0.25137681663036343,0.6
0.3901849249370203,0.14266476206648435,0.4086584333834703,31.32,462726.4412903228,-0.8999999999999999,0.0,1.0,0.4302194280831415,16.285,0.0,0.3180871,-0.16207728,5.307932,0.3954261302947998,0.25137681663036343,0.6
0.39467536064381975,0.130150543267919,0.40887677788547666,34.92,87.52416791291347,-0.8999999999999999,0.0,1.0,0.567552720725125,16.29,0.0,0.3180871,-0.16207728,5.307932,0.3954261302947998,0.25137681663036343,0.6
0.3982211301890057,0.11813268501054289,0.40800444924195056,38.699999999999996,226492.41599999965,-0.8999999999999999,0.0,1.0,0.384441663869147,16.295,0.0,0.3180871,-0.16207728,5.307932,0.3954261302947998,0.25137681663036343,0.6
0.3999808282504219,0.1118195113301445,0.4077615562205805,42.3,397355.1157894738,-0.8999999999999999,0.0,1.0,0.6438489944151158,16.3,0.0,1.1486062,-0.58313376,2.1568747,0.6,0.12505987286567688,0.6
0.3991423053150358,0.09567719183751819,0.4081368961518685,46.08,495452.16000000015,-0.8999999999999999,0.0,1.0,0.44547868282113967,16.305,0.0,1.1486062,-0.58313376,2.1568747,0.6,0.12505987286567688,0.6
0.396386704924834,0.09625444016057605,0.407862552204481,49.68,444102.7764705884,-0.8999999999999999,0.0,1.0,0.5217749565111305,16.31,0.0,1.1486062,-0.58313376,2.1568747,0.6,0.12505987286567688,0.6
0.39425608507367277,0.06830123766183978,0.4076262376986377,53.28,444102.7764705884,-0.8999999999999999,0.0,1.0,0.20133060701316907,16.315,0.0,1.1486062,-0.58313376,2.1568747,0.6,0.12505987286567688,0.6
0.39172508342380274,0.06728088142629277,0.4086820071771012,56.879999999999995,487080.46451612824,-0.8999999999999999,0.0,1.0,0.6133304849391195,16.32,0.0,0.845227,-0.527331,4.511258,0.5535681009292602,0.14180070161819458,0.6
0.38920279186038886,0.061614657017568825,0.40913083439261505,60.3,478150.65600000025,-0.8999999999999999,0.0,1.0,0.4302194280831415,16.325,0.0,0.845227,-0.527331,4.511258,0.5535681009292602,0.14180070161819458,0.6
0.38778972994434524,0.06646265410902563,0.40882473517395634,63.54,452984.8320000003,-0.8999999999999999,0.0,1.0,0.5980712302011213,16.330000000000002,0.0,0.845227,-0.527331,4.511258,0.5535681009292602,0.14180070161819458,0.6
0.3862768190960626,0.05931758323978652,0.4104379523740445,66.78,73.13126915791291,-0.8999999999999999,0.0,1.0,0.384441663869147,16.335,0.0,0.845227,-0.527331,4.511258,0.5535681009292602,0.14180070161819458,0.6
0.3850747648829477,0.05632132352803668,0.4117463624042071,69.84,229188.75428571444,-0.8999999999999999,0.0,1.0,0.46073793755913783,16.34,0.0,1.7581718,-1.8182888,0.31537825,0.6,0.0,0.39461347460746765
0.38475358735327564,0.06783277672174497,0.41161347058528663,72.72,355282.22117647005,-0.8999999999999999,0.0,1.0,0.5522934659871268,16.345,0.0,1.7581718,-1.8182888,0.31537825,0.6,0.0,0.39461347460746765
0.38412618002274407,0.07648665608654773,0.4134273841640552,75.42,390504.1655172418,-0.8999999999999999,0.0,1.0,0.7964415417950974,16.35,0.0,1.7581718,-1.8182888,0.31537825,0.6,0.0,0.39461347460746765
0.3857940220715994,0.08105244110355724,0.4183712877123511,77.94,340956.3251612898,-0.72,24354.023225806442,1.0,0.6133304849391195,16.355,0.0,1.7581718,-1.8182888,0.31537825,0.6,0.0,0.39461347460746765
0.3892783312861493,0.0952188282700033,0.42421671274788814,80.1,301989.8879999995,-0.72,0.0,1.0,0.9185155796990827,16.36,0.0,1.8524412,-1.5909209,-1.1779746,0.6,0.0,0.0
0.39384677227543663,0.09962791692599837,0.4291110632533636,81.72,219186.2090322587,-0.72,0.0,1.0,0.3997009186071452,16.365000000000002,0.0,1.8524412,-1.5909209,-1.1779746,0.6,0.0,0.0
0.399239582804033,0.10951677401674827,0.43529826641011576,83.16,194832.1858064513,-0.72,0.0,1.0,0.49125644703513416,16.37,0.0,1.8524412,-1.5909209,-1.1779746,0.6,0.0,0.0
0.4059679621911443,0.1135882064085137,0.44150352952013716,84.06,20.848859211638327,-0.72,0.0,1.0,0.5828119754631231,16.375,0.0,1.8524412,-1.5909209,-1.1779746,0.6,0.0,0.0
0.41226804767557435,0.12480645141364431,0.4460421900896729,84.42,26963.382857142813,-0.72,0.0,1.0,0.8269600512710937,16.38,0.0,1.3790957,-1.0662133,3.0646353,0.6,0.0,0.6
0.4177377487385902,0.1290038810331926,0.45081011478778066,84.42,0.0,-0.72,0.0,1.0,0.475997192297136,16.385,0.0,1.3790957,-1.0662133,3.0646353,0.6,0.0,0.6
0.42356994135561954,0.12468303848609384,0.45519057760867715,84.06,-47185.919999999925,-0.72,0.0,1.0,0.567552720725125,16.39,0.0,1.3790957,-1.0662133,3.0646353,0.6,0.0,0.6
0.4293299561396305,0.11264984753542835,0.4576700870500431,83.16,-121770.11612903302,-0.72,0.0,1.0,0.384441663869147,16.395,0.0,1.3790957,-1.0662133,3.0646353,0.6,0.0,0.6
0.4348086226464973,0.11361692178947264,0.45765775608421055,82.08,-146124.13935483847,-0.8999999999999999,-24354.023225806442,1.0,0.7201452681051066,16.4,0.0,1.1995528,-0.91487217,-0.4127165,0.6,0.025538349151611326,0.17618504762649537
0.4399739940305745,0.10230142583953387,0.4581615590948377,80.64,-208268.88827586174,-0.8999999999999999,0.0,1.0,0.5828119754631231,16.405,0.0,1.1995528,-0.91487217,-0.4127165,0.6,0.025538349151611326,0.17618504762649537
0.44487955622939174,0.11431714685163734,0.4580413695990809,79.2,-188743.6799999997,-0.8999999999999999,0.0,1.0,0.5370342112491286,16.41,0.0,1.1995528,-0.91487217,-0.4127165,0.6,0.025538349151611326,0.17618504762649537
0.4487547642511275,0.10568155797600087,0.45638828503917256,77.58,-226492.41600000064,-0.8999999999999999,0.0,1.0,0.659108249153114,16.415,0.0,1.1995528,-0.91487217,-0.4127165,0.6,0.025538349151611326,0.17618504762649537
0.45342866009199356,0.11033008599037977,0.45476328661113113,75.78,-43.73850565722919,-0.8999999999999999,0.0,1.0,0.46073793755913783,16.42,0.0,0.5924765,-1.7890803,-0.18828607,0.4777429461479187,0.0,0.24351418018341064
0.45854472503042193,0.11097556675668033,0.45421456544170535,73.98,-130168.05517241359,-0.8999999999999999,0.0,1.0,0.5065157017731323,16.425,0.0,0.5924765,-1.7890803,-0.18828607,0.4777429461479187,0.0,0.24351418018341064
0.46229862137653344,0.10224864607454218,0.4537500423348182,72.0,-251658.24000000051,-0.8999999999999999,0.0,1.0,0.7048860133671084,16.43,0.0,0.5924765,-1.7890803,-0.18828607,0.4777429461479187,0.0,0.24351418018341064
0.4660886841118971,0.08525659007765653,0.4532818452095512,70.2,-251658.2399999996,-0.8999999999999999,0.0,1.0,0.8117007965330956,16.435,0.0,0.5924765,-1.7890803,-0.18828607,0.4777429461479187,0.0,0.24351418018341064
0.47013463824673596,0.07051492303813783,0.45302563614971697,68.22,-267894.2554838715,-0.8999999999999999,0.0,1.0,0.5980712302011213,16.44,0.0,0.4641404,-1.8150586,1.8076465,0.4392421156167984,0.0,0.6
0.47340334962837516,0.07267217087921556,0.4515971674774361,66.42,-251658.2399999996,-0.8999999999999999,0.0,1.0,0.5065157017731323,16.445,0.0,0.4641404,-1.8150586,1.8076465,0.4392421156167984,0.0,0.6
0.47713773918863844,0.07286673690630606,0.44990288439655923,64.62,-235929.59999999963,-0.8999999999999999,0.0,1.0,0.659108249153114,16.45,0.0,0.4641404,-1.8150586,1.8076465,0.4392421156167984,0.0,0.6
0.48051650004344393,0.05994885160935366,0.4499351353926632,63.0,-234302.49931034548,-0.8999999999999999,0.0,1.0,0.475997192297136,16.455000000000002,0.0,0.4641404,-1.8150586,1.8076465,0.4392421156167984,0.0,0.6
0.48346733150187,0.03294272921761268,0.4486758031732419,61.379999999999995,-36.682696092986696,-0.8999999999999999,0.0,1.0,0.46073793755913783,16.46,0.0,0.026760124,-1.38036,-0.062029846,0.3080280371010303,0.0,0.2813910461962223
0.48613651820627446,0.04583636757229609,0.4419352578826764,59.94,-75497.47199999988,-0.8999999999999999,0.0,1.0,0.49125644703513416,16.465,0.0,0.026760124,-1.38036,-0.062029846,0.3080280371010303,0.0,0.2813910461962223
0.4882381963594916,0.03883928722824798,0.4319664098314203,58.68,-135508.28307692287,-0.8999999999999999,0.0,1.0,0.7354045228431048,16.47,0.0,0.026760124,-1.38036,-0.062029846,0.3080280371010303,0.0,0.2813910461962223
0.4898723557312546,0.0225026090277346,0.4213323828486036,57.419999999999995,-160146.15272727338,-0.8999999999999999,0.0,1.0,0.5217749565111305,16.475,0.0,0.026760124,-1.38036,-0.062029846,0.3080280371010303,0.0,0.2813910461962223
0.49157938102696214,0.02833991575890542,0.4074440169989509,56.519999999999996,-121770.11612903206,-0.8999999999999999,0.0,1.0,0.7354045228431048,16.48,0.0,-0.39189178,-0.37673765,1.8304814,0.18243246674537658,0.18697870373725892,0.6
0.49283108702531353,0.02742157658547169,0.3927747708464059,55.8,-88820.55529411751,-0.8999999999999999,0.0,1.0,0.475997192297136,16.485,0.0,-0.39189178,-0.37673765,1.8304814,0.18243246674537658,0.18697870373725892,0.6
0.4934162677236694,0.008240882157594998,0.3826424229584725,55.26,-73062.06967741923,-0.8999999999999999,0.0,1.0,0.5980712302011213,16.490000000000002,0.0,-0.39189178,-0.37673765,1.8304814,0.18243246674537658,0.18697870373725892,0.6
0.49295271961026876,-0.0032892575383421455,0.3791197125251371,54.9,-47185.919999999925,-0.8999999999999999,0.0,1.0,0.5828119754631231,16.495,0.0,-0.39189178,-0.37673765,1.8304814,0.18243246674537658,0.18697870373725892,0.6
0.493331767876559,-0.0037856013457926285,0.37776507248565755,54.9,0.0,-0.8999999999999999,0.0,1.0,0.6285897396771176,16.5,0.0,-1.1673266,1.5633113,1.8666114,0.0,0.6,0.6
0.49378457017503097,-0.002787705620204236,0.3751593725719449,54.9,0.0,-0.8999999999999999,0.0,1.0,0.567552720725125,16.505,0.0,-1.1673266,1.5633113,1.8666114,0.0,0.6,0.6
0.4918415294369715,-0.00992740040166316,0.37466805254180197,55.08,9804.866493506477,-0.8999999999999999,0.0,1.0,0.5980712302011213,16.51,0.0,-1.1673266,1.5633113,1.8666114,0.0,0.6,0.6
0.4904104206845215,-0.010529369525448104,0.3747062083762323,55.62,62914.5599999999,-0.8999999999999999,0.0,1.0,0.32340464491715437,16.515,0.0,-1.1673266,1.5633113,1.8666114,0.0,0.6,0.6
0.4892624324485267,-0.013895899914515172,0.3744445346324472,55.98,45756.04363636357,-0.8999999999999999,0.0,1.0,0.5980712302011213,16.52,0.0,-1.3456411,2.0263176,2.1433768,0.0,0.6,0.6
0.48836644490264275,0.0007241880647881495,0.37470169223335403,56.699999999999996,97416.09290322565,-0.8999999999999999,0.0,1.0,0.2776268807031599,16.525,0.0,-1.3456411,2.0263176,2.1433768,0.0,0.6,0.6
0.48488106580372786,-0.006160039142166941,0.37604547213120804,57.419999999999995,91512.08727272713,-0.8999999999999999,0.0,1.0,0.7964415417950974,16.53,0.0,-1.3456411,2.0263176,2.1433768,0.0,0.6,0.6
0.4812893063614401,-0.001969881696779589,0.37614581136550646,58.14,94371.84000000078,-0.8999999999999999,0.0,1.0,0.49125644703513416,16.535,0.0,-1.3456411,2.0263176,2.1433768,0.0,0.6,0.6
0.47774568043139404,0.0005726373306959629,0.37700329747308237,59.04,117964.79999999981,-0.8999999999999999,0.0,1.0,0.7201452681051066,16.54,0.0,-1.214514,2.4507005,2.9519906,0.0,0.6,0.6
0.46831841746997216,0.008408549914317274,0.3787198428861645,59.76,16.381866944408255,-0.8999999999999999,0.0,1.0,0.3997009186071452,16.545,0.0,-1.214514,2.4507005,2.9519906,0.0,0.6,0.6
0.449528644785532,0.026645817658711705,0.37922329380495823,60.48,52980.68210526308,-0.72,13245.170526315786,1.0,0.567552720725125,16.55,0.0,-1.214514,2.4507005,2.9519906,0.0,0.6,0.6
0.4320890552744056,0.049284097490771644,0.3799068432087325,61.199999999999996,86282.82514285701,-0.72,0.0,1.0,0.5065157017731323,16.555,0.0,-1.214514,2.4507005,2.9519906,0.0,0.6,0.6
0.4150137189758126,0.067579117644407,0.3855580002968997,61.919999999999995,104134.44413793087,-0.72,0.0,1.0,0.659108249153114,16.56,0.0,-1.1769297,2.39297,3.4425387,0.0,0.6,0.6
0.3945372415763118,0.07569009264072014,0.3947899492992258,62.46,75497.47200000087,-0.72,0.0,1.0,0.6743675038911121,16.565,0.0,-1.1769297,2.39297,3.4425387,0.0,0.6,0.6
0.36990926280314684,0.09773047155490662,0.4026880520443561,62.82,48708.04645161283,-0.72,0.0,1.0,0.6133304849391195,16.57,0.0,-1.1769297,2.39297,3.4425387,0.0,0.6,0.6
0.34375735582014577,0.11342276832137473,0.41054560976579274,63.18,47185.919999999925,-0.8999999999999999,-23592.959999999992,1.0,0.5828119754631231,16.575,0.0,-1.1769297,2.39297,3.4425387,0.0,0.6,0.6
0.31589949755180335,0.12690095066506926,0.41978088626310395,63.36,22878.021818181784,-0.8999999999999999,0.0,1.0,0.6438489944151158,16.580000000000002,0.0,-1.7461817,2.2937567,5.710409,0.0,0.6,0.6
0.2884078714723637,0.1525660288812429,0.42654465896039107,63.36,0.0,-0.8999999999999999,0.0,1.0,0.384441663869147,16.585,0.0,-1.7461817,2.2937567,5.710409,0.0,0.6,0.6
0.261728294861618,0.15991690838499067,0.4322520516593892,63.36,0.0,-0.8999999999999999,0.0,1.0,0.8422193060090919,16.59,0.0,-1.7461817,2.2937567,5.710409,0.0,0.6,0.6
0.23611517257513853,0.18077400692938744,0.4375735352404946,63.18,-13245.17052631577,-0.8999999999999999,0.0,1.0,0.4302194280831415,16.595,0.0,-1.7461817,2.2937567,5.710409,0.0,0.6,0.6
0.21175676716926575,0.2162810700218594,0.441550531358905,63.0,-23592.959999999963,-0.8999999999999999,0.0,1.0,0.5980712302011213,16.6,0.0,-0.5663699,-0.2283611,4.2091255,0.13008903264999389,0.23149167001247406,0.6
0.18904005988213338,0.22311499234663493,0.4443650703994837,62.46,-75497.47199999988,-0.8999999999999999,0.0,1.0,0.5065157017731323,16.605,0.0,-0.5663699,-0.2283611,4.2091255,0.13008903264999389,0.23149167001247406,0.6
0.16827237102688064,0.23190920779682786,0.44753386675552853,61.919999999999995,-73062.06967742021,-0.8999999999999999,0.0,1.0,0.6743675038911121,16.61,0.0,-0.5663699,-0.2283611,4.2091255,0.13008903264999389,0.23149167001247406,0.6
0.14953859282605073,0.24891312965252327,0.4500053793527368,61.199999999999996,-91512.08727272713,-0.8999999999999999,0.0,1.0,0.41496017334514335,16.615000000000002,0.0,-0.5663699,-0.2283611,4.2091255,0.13008903264999389,0.23149167001247406,0.6
0.13230502809815559,0.2583234965299162,0.4514235401125566,60.3,-121770.11612903206,-0.8999999999999999,0.0,1.0,0.46073793755913783,16.62,0.0,1.78289,-1.8223906,0.9570544,0.6,0.0,0.5871163129806518
0.11800438320254299,0.26530912128100803,0.4525994550630284,59.4,-121770.11612903206,-0.8999999999999999,0.0,1.0,0.5370342112491286,16.625,0.0,1.78289,-1.8223906,0.9570544,0.6,0.0,0.5871163129806518
0.10428362130224349,0.2767479228213588,0.4532552395824529,58.14,-29.220195729340556,-0.8999999999999999,0.0,1.0,0.6438489944151158,16.63,0.0,1.78289,-1.8223906,0.9570544,0.6,0.0,0.5871163129806518
0.08863418011809668,0.2903962750780748,0.4537791738168981,56.699999999999996,-78438.93194805221,-0.8999999999999999,0.0,1.0,0.33866389965515253,16.635,0.0,1.78289,-1.8223906,0.9570544,0.6,0.0,0.5871163129806518
0.08228238239651704,0.30822802241768915,0.45411246299517016,55.08,-178809.80210526288,-0.8999999999999999,0.0,1.0,0.567552720725125,16.64,8.522881865501404,2.0815814,-0.40438673,4.389957,0.6,0.17868398129940033,0.6
0.07565154257624716,0.3198639783764099,0.45429290671208067,53.28,-235929.59999999963,-0.8999999999999999,0.0,1.0,0.5522934659871268,16.645,8.522881865501404,2.0815814,-0.40438673,4.389957,0.6,0.17868398129940033,0.6
0.061756646083206204,0.3337541794195755,0.45458210333502835,51.3,-286369.72137931094,-0.8999999999999999,0.0,1.0,0.475997192297136,16.65,8.522881865501404,2.0815814,-0.40438673,4.389957,0.6,0.17868398129940033,0.6
0.06386290932382722,0.3452948475332157,0.4549697783031625,49.32,-259522.5599999996,-0.8999999999999999,0.0,1.0,0.49125644703513416,16.655,8.522881865501404,2.0815814,-0.40438673,4.389957,0.6,0.17868398129940033,0.6
0.05512952406096312,0.34059009145338875,0.45573758165394485,46.98,-306708.48000000045,-0.8999999999999999,0.0,1.0,0.7354045228431048,16.66,20.0,1.2337475,-1.0353781,3.6136003,0.6,0.0,0.6
0.06642483704826797,0.33900549103773436,0.4557194569868461,44.64,-338436.9434482753,-0.8999999999999999,0.0,1.0,0.475997192297136,16.665,20.0,1.2337475,-1.0353781,3.6136003,0.6,0.0,0.6
0.060771875465321125,0.3521862887260017,0.45600080448045244,42.3,-306708.48000000045,-0.8999999999999999,0.0,1.0,0.659108249153114,16.67,20.0,1.2337475,-1.0353781,3.6136003,0.6,0.0,0.6
0.06127913238901441,0.33598429877816727,0.45692050573867243,39.78,-60.17755580986206,-0.8999999999999999,0.0,1.0,0.5522934659871268,16.675,20.0,1.2337475,-1.0353781,3.6136003,0.6,0.0,0.6
0.08226513520056093,0.3310228759099622,0.4578447181698572,37.26,-188743.68000000023,-0.8999999999999999,0.0,1.0,0.6285897396771176,16.68,8.522881865501404,0.8683524,-2.034835,-2.888772,0.560505723953247,0.0,0.0
0.09092268629244689,0.3391417038098496,0.4590786808014662,34.56,-343170.32727272675,-0.8999999999999999,0.0,1.0,0.2776268807031599,16.685,8.522881865501404,0.8683524,-2.034835,-2.888772,0.560505723953247,0.0,0.0
0.10188382464441582,0.3371552155277357,0.4615968334211353,31.86,-365310.3483870972,-0.8999999999999999,0.0,1.0,0.7201452681051066,16.69,8.522881865501404,0.8683524,-2.034835,-2.888772,0.560505723953247,0.0,0.0
0.12390183441636858,0.3227645072228322,0.4635750132085651,29.16,-365310.34838709666,-0.8999999999999999,0.0,1.0,0.44547868282113967,16.695,8.522881865501404,0.8683524,-2.034835,-2.888772,0.560505723953247,0.0,0.0
0.13769512192753547,0.31678734178834267,0.465070615686798,26.459999999999997,-365310.3483870972,-0.8999999999999999,0.0,1.0,0.659108249153114,16.7,0.0,0.42607796,-0.55220103,0.46402973,0.42782338857650754,0.13433969020843506,0.4392089188098907
0.15252559945943286,0.3018450538636218,0.46676925892290894,23.58,-335544.3199999999,-0.8999999999999999,0.0,1.0,0.5980712302011213,16.705000000000002,0.0,0.42607796,-0.55220103,0.46402973,0.42782338857650754,0.13433969020843506,0.4392089188098907
0.17239382259325045,0.2853226627259517,0.4678693190275398,20.7,-402653.18399999983,-0.8999999999999999,0.0,1.0,0.6133304849391195,16.71,0.0,0.42607796,-0.55220103,0.46402973,0.42782338857650754,0.13433969020843506,0.4392089188098907
0.1904905035708884,0.27935350997946773,0.46855283315311164,17.82,-65.38134360995039,-0.8999999999999999,0.0,1.0,0.2776268807031599,16.715,0.0,0.42607796,-0.55220103,0.46402973,0.42782338857650754,0.13433969020843506,0.4392089188098907
0.20532983155739779,0.2691470396206394,0.4690335197196158,15.12,-150994.94400000005,-0.8999999999999999,0.0,1.0,0.4302194280831415,16.72,0.0,0.5938972,-1.0453831,-3.8621387,0.47816916704177853,0.0,0.0
0.22552778639630586,0.26736900019807586,0.469172811699026,12.6,-278148.58105263155,-1.08,-19867.7557894737,1.0,0.475997192297136,16.725,0.0,0.5938972,-1.0453831,-3.8621387,0.47816916704177853,0.0,0.0
0.24334163456034516,0.24083622413140524,0.4684792466127823,10.26,-288666.8047058823,-1.08,0.0,1.0,0.6438489944151158,16.73,0.0,0.5938972,-1.0453831,-3.8621387,0.47816916704177853,0.0,0.0
0.2568246714622435,0.2156642150968844,0.46672598102240537,8.28,-296597.2114285715,-1.08,0.0,1.0,0.6743675038911121,16.735,0.0,0.5938972,-1.0453831,-3.8621387,0.47816916704177853,0.0,0.0
0.27352649636978577,0.19998114898408917,0.46543147634519366,6.66,-219186.20903225796,-1.08,0.0,1.0,0.8727378154850882,16.740000000000002,0.0,0.83698803,-1.1778959,-2.3974066,0.5510964095592499,0.0,0.0
0.28991080810846237,0.1740190865199947,0.46520846737719646,5.3999999999999995,-165150.7200000001,-1.08,0.0,1.0,10.47080904568621,16.745,0.0,0.83698803,-1.1778959,-2.3974066,0.5510964095592499,0.0,0.0
0.3011202158034377,0.1576333129090339,0.46326902805842574,5.22,-24354.023225806413,-0.54,73062.06967741936,1.0,0.7811822870570992,16.75,0.0,0.83698803,-1.1778959,-2.3974066,0.5510964095592499,0.0,0.0
0.31237443916504215,0.13701424961051326,0.46286797492199855,5.9399999999999995,100663.29599999996,-1.08,-75497.47200000001,1.0,2.6122928556169356,16.755,0.0,0.83698803,-1.1778959,-2.3974066,0.5510964095592499,0.0,0.0
0.3215586880026531,0.12740524387408242,0.4624982107985648,7.02,24.55268879915445,-1.08,0.0,1.0,0.6743675038911121,16.76,0.0,1.0462737,-1.7064763,-4.620573,0.6,0.0,0.0
0.32652914156625645,0.12566903451001818,0.4596572774546789,8.64,121335.22285714293,-1.08,0.0,1.0,0.6438489944151158,16.765,0.0,1.0462737,-1.7064763,-4.620573,0.6,0.0,0.0
0.3338529733906348,0.12819028772515997,0.453506903064546,10.44,243540.23225806438,-1.08,0.0,1.0,0.7964415417950974,16.77,0.0,1.0462737,-1.7064763,-4.620573,0.6,0.0,0.0
0.34194648557235646,0.12344059014016093,0.4481049438746865,12.78,297414.28363636363,-1.08,0.0,1.0,0.2776268807031599,16.775,0.0,1.0462737,-1.7064763,-4.620573,0.6,0.0,0.0
0.3466727166925137,0.10369388899602512,0.43875161747815505,15.479999999999999,365310.34838709666,-1.08,0.0,1.0,0.659108249153114,16.78,0.0,0.91979647,-1.3497585,-2.7748866,0.5759389400482178,0.0,0.0
0.3523587129228911,0.10934661912247334,0.4211189485252666,18.36,389664.3716129033,-1.08,0.0,1.0,0.36918240913114886,16.785,0.0,0.91979647,-1.3497585,-2.7748866,0.5759389400482178,0.0,0.0
0.36009865283476944,0.10477232284955892,0.3960962493569895,21.419999999999998,377487.35999999987,-0.8999999999999999,22205.138823529433,1.0,0.7811822870570992,16.79,0.0,0.91979647,-1.3497585,-2.7748866,0.5759389400482178,0.0,0.0
0.365750295240361,0.08855563108502945,0.36898213782539724,24.66,452984.8320000003,-0.8999999999999999,0.0,1.0,0.4302194280831415,16.795,0.0,0.91979647,-1.3497585,-2.7748866,0.5759389400482178,0.0,0.0
0.37175883243220204,0.09060622459421087,0.34125019748379737,28.08,462726.44129032234,-0.8999999999999999,0.0,1.0,0.7354045228431048,16.8,0.0,0.55773,-0.8948432,2.7367768,0.4673190057277679,0.03154703378677368,0.6
0.3792639838824138,0.06319237634795208,0.31412638532730197,31.68,87.49678047423687,-0.72,4.37483902371184,1.0,0.3081453901791562,16.805,0.0,0.55773,-0.8948432,2.7367768,0.4673190057277679,0.03154703378677368,0.6
0.38573604241696274,0.05820034257240557,0.28813284052470334,35.28,218833.25217391312,-0.72,0.0,1.0,0.6285897396771176,16.81,0.0,0.55773,-0.8948432,2.7367768,0.4673190057277679,0.03154703378677368,0.6
0.39172320572310926,0.053957834287471945,0.2630299440850222,39.059999999999995,480438.45818181743,-0.72,0.0,1.0,0.3539231543931507,16.815,0.0,0.55773,-0.8948432,2.7367768,0.4673190057277679,0.03154703378677368,0.6
0.3987079050580257,0.0358134959078362,0.23997718456035505,42.839999999999996,528482.3040000001,-0.72,0.0,1.0,0.567552720725125,16.82,0.0,0.1543741,-1.6081461,0.85980505,0.34631222784519194,0.0,0.5579415142536163
0.40554666141589707,0.03131498327418203,0.21817165777177588,46.62,528482.3040000001,-0.72,0.0,1.0,0.475997192297136,16.825,0.0,0.1543741,-1.6081461,0.85980505,0.34631222784519194,0.0,0.5579415142536163
0.411130263496061,0.03688451030443821,0.1982993027610276,50.4,495452.16000000015,-0.72,0.0,1.0,0.567552720725125,16.830000000000002,0.0,0.1543741,-1.6081461,0.85980505,0.34631222784519194,0.0,0.5579415142536163
0.41717869573241534,0.025121519239568593,0.1793749927366221,54.18,511434.48774193565,-0.72,0.0,1.0,0.4302194280831415,16.835,0.0,0.1543741,-1.6081461,0.85980505,0.34631222784519194,0.0,0.5579415142536163
0.4226070362964596,0.012583703991417831,0.16375491577563278,57.78,487080.4645161292,-0.72,0.0,1.0,0.7659230323191011,16.84,0.0,0.4678348,-1.6702756,3.765442,0.4403504401445389,0.0,0.6
0.4276807907847522,0.0049898078627051605,0.15465175940639214,61.559999999999995,87.7799813969968,-0.54,4.17999911414271,1.0,0.32340464491715437,16.845,0.0,0.4678348,-1.6702756,3.765442,0.4403504401445389,0.0,0.6
0.43270194008731494,0.018355134989677422,0.1512093607329046,64.98,172825.53831325346,-0.36,9096.080963855424,1.0,0.5980712302011213,16.85,0.0,0.4678348,-1.6702756,3.765442,0.4403504401445389,0.0,0.6
0.4374221109374351,0.019782029550126964,0.14822310333384306,68.39999999999999,387689.7210810797,-0.18,20404.72216216216,1.0,0.475997192297136,16.855,0.0,0.4678348,-1.6702756,3.765442,0.4403504401445389,0.0,0.6
0.44023185414938026,0.0035185126542627934,0.1479352189502798,71.64,411804.39272727387,0.36,68634.06545454546,1.0,0.949034089175079,16.86,0.0,0.3710355,-1.6836797,3.380537,0.4113106459379196,0.0,0.6
0.4418884799526757,0.010153011462292744,0.15096695039641508,74.7,442571.38758620725,0.8999999999999999,78100.83310344827,1.0,0.5065157017731323,16.865000000000002,0.0,0.3710355,-1.6836797,3.380537,0.4113106459379196,0.0,0.6
0.44237533460959433,0.012218626856628468,0.1548981041822074,77.58,389664.3716129026,1.7999999999999998,121770.11612903225,1.0,0.7506637775811029,16.87,0.0,0.3710355,-1.6836797,3.380537,0.4113106459379196,0.0,0.6
0.44300308353736095,0.0262693413483145,0.1619312149776825,80.28,343170.3272727276,2.88,137268.13090909092,1.0,0.475997192297136,16.875,0.0,0.3710355,-1.6836797,3.380537,0.4113106459379196,0.0,0.6
0.44188294602121914,0.018497178968945368,0.1771601136525123,82.44,301989.8879999995,4.32,201326.59200000006,1.0,0.5370342112491286,16.88,0.0,0.6297554,-1.4964329,4.1621284,0.48892661333084103,0.0,0.6
0.4414129006440874,0.004153236103198686,0.1950567307705371,84.42,267894.2554838715,6.12,243540.2322580645,1.0,0.2776268807031599,16.885,0.0,0.6297554,-1.4964329,4.1621284,0.48892661333084103,0.0,0.6
0.4413861316898522,-0.0006934819264810216,0.2105101551723667,85.86,34.14070375164627,8.459999999999999,55.47864359642526,1.0,0.5065157017731323,16.89,0.0,0.6297554,-1.4964329,4.1621284,0.48892661333084103,0.0,0.6
0.44092508806643227,0.017556882318305878,0.22811817340431395,86.75999999999999,59918.628571428,10.98,167772.1600000001,1.0,0.475997192297136,16.895,0.0,0.6297554,-1.4964329,4.1621284,0.48892661333084103,0.0,0.6
0.44045782322317173,0.009521945156497413,0.2460218303474896,87.3,70778.88000000082,13.5,330301.43999999994,1.0,0.659108249153114,16.9,0.0,-0.072923206,-0.9566963,3.6181066,0.2781230382621288,0.012991118431091308,0.6
0.43979915096372896,0.005752119682273063,0.26136370381884516,87.47999999999999,24354.023225805453,16.02,340956.32516129024,1.0,0.3081453901791562,16.905,0.0,-0.072923206,-0.9566963,3.6181066,0.2781230382621288,0.012991118431091308,0.6
0.4387320376562649,0.008532071562147666,0.2773558378455649,87.47999999999999,0.0,17.64,212336.64000000013,1.0,0.7659230323191011,16.91,0.0,-0.072923206,-0.9566963,3.6181066,0.2781230382621288,0.012991118431091308,0.6
0.4392964222987466,0.008004953197665868,0.29308227535344933,87.47999999999999,0.0,18.54,125829.1199999998,1.0,0.3539231543931507,16.915,0.0,-0.072923206,-0.9566963,3.6181066,0.2781230382621288,0.012991118431091308,0.6
0.4393307546970801,-0.0004105408944922378,0.30567640056849593,87.47999999999999,0.0,18.18,-47185.919999999925,1.0,0.5828119754631231,16.92,0.0,-0.70329654,1.095138,3.860439,0.08901103734970092,0.6,0.6
0.438683135395829,-0.000673792328678463,0.317955748317057,87.3,-26033.61103448169,17.099999999999998,-156201.66620689683,1.0,0.44547868282113967,16.925,0.0,-0.70329654,1.095138,3.860439,0.08901103734970092,0.6,0.6
0.4386763910299907,-0.007394679744957766,0.3311071930281825,87.11999999999999,-4.1767847085836,15.299999999999999,-41.76784708583439,1.0,0.7811822870570992,16.93,0.0,-0.70329654,1.095138,3.860439,0.08901103734970092,0.6,0.6
0.4386300824286146,-0.0010436876500954555,0.34103379164208397,86.94,-10485.75999999957,12.78,-146800.63999999998,1.0,0.7201452681051066,16.935,0.0,-0.70329654,1.095138,3.860439,0.08901103734970092,0.6,0.6
0.4376620122376178,0.0010977066079414385,0.3501074402910611,86.58,-39735.511578947306,9.9,-317884.09263157885,1.0,0.6743675038911121,16.94,0.0,-1.2433045,1.4615585,1.9879148,0.0,0.6,0.6
0.43728535693869,-0.006967859339582053,0.35979584690979327,86.22,-47185.919999999925,6.4799999999999995,-448266.2400000001,1.0,0.5522934659871268,16.945,0.0,-1.2433045,1.4615585,1.9879148,0.0,0.6,0.6
0.4371145212692779,-0.005417668446402525,0.36832389317641745,85.86,-50331.64799999992,2.6999999999999997,-528482.304,1.0,0.6896267586291103,16.95,0.0,-1.2433045,1.4615585,1.9879148,0.0,0.6,0.6
0.4366871552115843,-0.022330161913928732,0.37531837421380243,85.32,-70778.88000000082,-0.8999999999999999,-471859.19999999995,1.0,0.49125644703513416,16.955000000000002,0.0,-1.2433045,1.4615585,1.9879148,0.0,0.6,0.6
0.43538741755332716,-0.023852911370874592,0.38487444180278374,82.61999999999999,-365310.3483870972,0.0,121770.11612903225,1.0,0.7811822870570992,16.96,0.0,-1.3596892,1.5735468,2.7254672,0.0,0.6,0.6
0.43508574939215067,-0.01593430724371318,0.3943884000211952,80.46,-292248.27870967693,1.08,146124.13935483873,1.0,-0.012298959318805203,16.965,0.0,-1.3596892,1.5735468,2.7254672,0.0,0.6,0.6
0.4353451322374309,-0.008987656906234202,0.40298766565954985,78.48,-244256.52705882228,1.08,0.0,1.0,0.7964415417950974,16.97,0.0,-1.3596892,1.5735468,2.7254672,0.0,0.6,0.6
0.43397154345129646,-0.009387264429482872,0.41162045640263517,76.5,-47.03625917535125,0.18,-21.3801178069778,1.0,0.5522934659871268,16.975,0.0,-1.3596892,1.5735468,2.7254672,0.0,0.6,0.6
0.4323488842049924,-0.0038748949865033805,0.41851394429121247,74.7,-119837.25714285695,-1.08,-83886.08,1.0,0.5065157017731323,16.98,0.0,-1.5445244,1.8910366,3.410145,0.0,0.6,0.6
0.43126945332331396,0.010439092509884982,0.42365123995698006,72.36,-297414.2836363641,-0.54,68634.06545454546,1.0,0.7506637775811029,16.985,0.0,-1.5445244,1.8910366,3.410145,0.0,0.6,0.6
0.42556090246233463,0.0179870543508658,0.4296538288764169,70.02,-327155.71200000047,-0.8999999999999999,-50331.64799999998,1.0,0.7964415417950974,16.990000000000002,0.0,-1.5445244,1.8910366,3.410145,0.0,0.6,0.6
0.4097238930840401,0.03467749175806762,0.43527649213243463,67.5,-340956.3251612898,-0.72,24354.023225806442,1.0,0.1097750785851801,16.995,0.0,-1.5445244,1.8910366,3.410145,0.0,0.6,0.6
0.3860675105880397,0.051530911684014025,0.4391526169715181,65.16,-297414.2836363641,-0.72,0.0,1.0,0.6438489944151158,17.0,0.0,-1.1746652,2.188324,4.733369,0.0,0.6,0.6
0.3588950963556969,0.06587912458010484,0.44257348275528846,62.64,-330301.4399999995,-0.8999999999999999,-23592.959999999992,1.0,0.475997192297136,17.005,0.0,-1.1746652,2.188324,4.733369,0.0,0.6,0.6
0.33023402839150123,0.08979401848943822,0.44589070405202563,60.12,-330301.4400000004,-0.8999999999999999,0.0,1.0,0.5065157017731323,17.01,0.0,-1.1746652,2.188324,4.733369,0.0,0.6,0.6
0.30134277244848845,0.11568276486292621,0.44780607900173186,57.419999999999995,-62.3963238656713,-0.8999999999999999,0.0,1.0,0.3539231543931507,17.015,0.0,-1.1746652,2.188324,4.733369,0.0,0.6,0.6
0.27292373438122924,0.13736076731168662,0.44948032356519585,54.72,-141557.75999999978,-0.8999999999999999,0.0,1.0,0.44547868282113967,17.02,0.0,0.77083385,-0.882401,-1.5630343,0.5312501549720764,0.035279703140258786,0.0
0.2455555843445947,0.15345726580110564,0.4511631169132776,51.839999999999996,-345131.3005714289,-0.8999999999999999,0.0,1.0,0.41496017334514335,17.025,0.0,0.77083385,-0.882401,-1.5630343,0.5312501549720764,0.035279703140258786,0.0
0.21971195508368768,0.16149836530929954,0.4524698797090632,49.14,-365310.3483870962,-0.8999999999999999,0.0,1.0,0.5828119754631231,17.03,0.0,0.77083385,-0.882401,-1.5630343,0.5312501549720764,0.035279703140258786,0.0
0.19572175140579962,0.18672748924502325,0.4531943833900139,46.08,-427819.0080000003,-0.8999999999999999,0.0,1.0,0.49125644703513416,17.035,0.0,0.77083385,-0.882401,-1.5630343,0.5312501549720764,0.035279703140258786,0.0
0.1736364692639862,0.19190982650159413,0.45418955831158203,43.199999999999996,-355282.2211764709,-0.8999999999999999,0.0,1.0,0.5828119754631231,17.04,0.0,1.1237051,-0.45843214,2.3287816,0.6,0.1624703586101532,0.6
0.15341239162182668,0.20162706784833834,0.4544594022822179,40.14,-401080.31999999937,-0.8999999999999999,0.0,1.0,0.44547868282113967,17.045,0.0,1.1237051,-0.45843214,2.3287816,0.6,0.1624703586101532,0.6
0.13665476574542945,0.23072845882793075,0.45475122634992493,37.08,-427819.0080000003,-0.8999999999999999,0.0,1.0,0.659108249153114,17.05,0.0,1.1237051,-0.45843214,2.3287816,0.6,0.1624703586101532,0.6
0.11602401338553993,0.24026355850568681,0.4549416430197845,33.839999999999996,-452984.8320000003,-0.8999999999999999,0.0,1.0,0.475997192297136,17.055,0.0,1.1237051,-0.45843214,2.3287816,0.6,0.1624703586101532,0.6
0.10360300496936518,0.2553240673869597,0.4550360441941442,30.599999999999998,-79.30545562772454,-0.8999999999999999,0.0,1.0,0.6285897396771176,17.06,0.0,2.1942327,-2.521478,-6.5496397,0.6,0.0,0.0
0.09891462344418711,0.264308646345448,0.45441496900338973,27.18,-217341.20727272716,-0.8999999999999999,0.0,1.0,0.21658986175116723,17.065,0.0,2.1942327,-2.521478,-6.5496397,0.6,0.0,0.0
0.09459928095498477,0.26519444752116517,0.4525784932309602,23.939999999999998,-411804.392727273,-0.8999999999999999,0.0,1.0,0.6438489944151158,17.07,0.0,2.1942327,-2.521478,-6.5496397,0.6,0.0,0.0
0.07696983365928542,0.2677410225837793,0.451927878005045,20.34,-487080.46451612876,-0.8999999999999999,0.0,1.0,0.5370342112491286,17.075,0.0,2.1942327,-2.521478,-6.5496397,0.6,0.0,0.0
0.08439938933614631,0.2662113601542473,0.45121572905821056,16.919999999999998,-478150.65600000025,-0.8999999999999999,0.0,1.0,0.6438489944151158,17.080000000000002,20.0,1.3528247,0.25504094,1.5093564,0.6,0.3765122830867767,0.6
0.09315786114291863,0.2596659019246649,0.44845567091979166,13.32,-419430.39999999973,-0.8999999999999999,0.0,1.0,0.44547868282113967,17.085,20.0,1.3528247,0.25504094,1.5093564,0.6,0.3765122830867767,0.6
0.1085127759502848,0.26035528269337266,0.44478944661524766,9.9,-462726.4412903226,-0.8999999999999999,0.0,1.0,0.7048860133671084,17.09,20.0,1.3528247,0.25504094,1.5093564,0.6,0.3765122830867767,0.6
0.1317719120342309,0.2656161836905006,0.4418250256847842,6.4799999999999995,-478150.65600000013,-0.8999999999999999,0.0,1.0,0.3997009186071452,17.095,20.0,1.3528247,0.25504094,1.5093564,0.6,0.3765122830867767,0.6
0.14849964239867944,0.27745186500054014,0.44043170152299566,3.42,-69.49889935182728,1.6199999999999999,57.234387701504815,1.0,20.58769493697927,17.1,8.522881865501404,0.3427089,-1.3491706,-4.6245236,0.40281266570091245,0.0,0.0
0.16690647401883468,0.27648585028096945,0.441545180720561,1.44,-129761.28,5.9399999999999995,283115.51999999996,1.0,-4.92577898495438,17.105,8.522881865501404,0.3427089,-1.3491706,-4.6245236,0.40281266570091245,0.0,0.0
0.18686182731516737,0.27502512397967066,0.44257848397761873,1.08,-40809.44432432431,6.84,102023.61081081085,1.0,4.03140354625082,17.11,8.522881865501404,0.3427089,-1.3491706,-4.6245236,0.40281266570091245,0.0,0.0
0.2000248790447143,0.26855440532325353,0.4393721317561033,2.16,137268.13090909092,4.68,-274536.26181818184,1.0,-0.2869655446028272,17.115000000000002,8.522881865501404,0.3427089,-1.3491706,-4.6245236,0.40281266570091245,0.0,0.0
0.21310177763701355,0.28047356468158746,0.425943467821071,4.32,292248.27870967746,0.8999999999999999,-511434.4877419355,1.0,13.446363719595908,17.12,0.0,-0.09113253,-1.655208,-1.0037458,0.2726602412760258,0.0,0.0
0.23094996010117902,0.26477544318331714,0.4123504044729099,6.84,340956.32516129024,-1.26,-292248.27870967746,1.0,2.0171819208350072,17.125,0.0,-0.09113253,-1.655208,-1.0037458,0.2726602412760258,0.0,0.0
0.2448929458892402,0.2550389605581439,0.40535475861321796,8.459999999999999,212336.6399999999,-0.54,94371.84,1.0,1.4373302407910202,17.13,0.0,-0.09113253,-1.655208,-1.0037458,0.2726602412760258,0.0,0.0
0.2575343215796231,0.23357776652892337,0.402865102729172,10.98,340956.32516129053,-0.54,0.0,1.0,0.49125644703513416,17.135,0.0,-0.09113253,-1.655208,-1.0037458,0.2726602412760258,0.0,0.0
0.27289070811347266,0.2282020125786485,0.3997301614602238,13.68,390504.1655172413,-0.8999999999999999,-52067.2220689655,1.0,-0.30222479934082536,17.14,0.0,0.5561139,-2.0328534,1.5595535,0.4668341696262359,0.0,0.6
0.28661900679473257,0.22862003034933684,0.3975848931959868,16.38,60.697418196435734,-0.8999999999999999,0.0,1.0,0.5828119754631231,17.145,0.0,0.5561139,-2.0328534,1.5595535,0.4668341696262359,0.0,0.6
0.2971820211181139,0.22427408329024168,0.39339388525693325,19.439999999999998,144208.65438202242,-0.8999999999999999,0.0,1.0,0.475997192297136,17.150000000000002,0.0,0.5561139,-2.0328534,1.5595535,0.4668341696262359,0.0,0.6
0.3081694792088594,0.21606031472169596,0.3859203905267783,22.5,305585.00571428594,-0.8999999999999999,0.0,1.0,0.4302194280831415,17.155,0.0,0.5561139,-2.0328534,1.5595535,0.4668341696262359,0.0,0.6
0.3159601550693996,0.21963218943905602,0.3771159903913843,25.56,356515.83999999985,-0.8999999999999999,0.0,1.0,0.49125644703513416,17.16,0.0,0.62609375,-1.8606616,0.35289696,0.4878281235694885,0.0,0.4058690875768661
0.3195120780578139,0.21604993441243914,0.36374392347340784,28.619999999999997,337751.8484210525,-0.72,19867.75578947368,1.0,0.3081453901791562,17.165,0.0,0.62609375,-1.8606616,0.35289696,0.4878281235694885,0.0,0.4058690875768661
0.3202607356036033,0.20804775786751753,0.34550265681832887,31.86,377487.3600000002,-0.72,0.0,1.0,0.6438489944151158,17.17,0.0,0.62609375,-1.8606616,0.35289696,0.4878281235694885,0.0,0.4058690875768661
0.3204696940002213,0.20662540001644092,0.32343664334368327,34.92,377487.3600000003,-0.72,0.0,1.0,0.3081453901791562,17.175,0.0,0.62609375,-1.8606616,0.35289696,0.4878281235694885,0.0,0.4058690875768661
0.31935052301941336,0.18328537001788966,0.2997848303720924,38.16,438372.41806451546,-0.72,0.0,1.0,0.7048860133671084,17.18,0.0,0.40689433,-0.7508174,3.3403525,0.4220682978630066,0.07475477457046509,0.6
0.3174674104128089,0.16792108586915022,0.27540015269894785,41.22,427819.0080000003,-0.54,25165.82399999999,1.0,0.29288613544115805,17.185,0.0,0.40689433,-0.7508174,3.3403525,0.4220682978630066,0.07475477457046509,0.6
0.316041584401992,0.14810693228266406,0.25344922558033073,44.1,70.5139019777244,-0.54,0.0,1.0,0.49125644703513416,17.19,0.0,0.40689433,-0.7508174,3.3403525,0.4220682978630066,0.07475477457046509,0.6
0.31459377816556694,0.13660782796072637,0.2408081424051045,46.98,194832.1858064513,-0.36,12177.011612903229,1.0,0.3081453901791562,17.195,0.0,0.40689433,-0.7508174,3.3403525,0.4220682978630066,0.07475477457046509,0.6
0.31623065815974766,0.1164660196797994,0.23766290610638838,49.68,343170.3272727276,0.0,45756.04363636363,1.0,0.659108249153114,17.2,0.0,-1.0659742,1.6276376,1.9490975,0.0,0.6,0.6
0.32111543897766864,0.09511061618558511,0.23487563462955685,52.199999999999996,352321.53599999944,0.18,25165.824,1.0,0.5065157017731323,17.205000000000002,0.0,-1.0659742,1.6276376,1.9490975,0.0,0.6,0.6
0.3264823279487762,0.08511201370619775,0.23349295887648255,54.72,352321.53600000043,0.54,50331.64800000001,1.0,0.8269600512710937,17.21,0.0,-1.0659742,1.6276376,1.9490975,0.0,0.6,0.6
0.3335802828087741,0.07869305505107284,0.23720599194379352,57.239999999999995,330301.4399999995,0.72,23592.959999999992,1.0,0.46073793755913783,17.215,0.0,-1.0659742,1.6276376,1.9490975,0.0,0.6,0.6
0.34265160651329807,0.07136809785395673,0.24277015524810877,59.58,327155.71200000047,1.08,50331.648000000016,1.0,0.7811822870570992,17.22,0.0,-0.7780324,1.7721119,3.0683014,0.06659027338027954,0.6,0.6
0.35049871977629726,0.06383680835447617,0.25038875753900125,61.919999999999995,316602.30193548335,1.26,24354.023225806442,1.0,0.3081453901791562,17.225,0.0,-0.7780324,1.7721119,3.0683014,0.06659027338027954,0.6,0.6
0.35842203040854537,0.04175122068116832,0.2625008323499382,64.08,48.725074031247566,1.26,0.0,1.0,0.8879970702230864,17.23,0.0,-0.7780324,1.7721119,3.0683014,0.06659027338027954,0.6,0.6
0.3653731345934205,0.044394424553875975,0.278135916247115,66.24,107853.53142857125,1.08,-8987.794285714283,1.0,0.20133060701316907,17.235,0.0,-0.7780324,1.7721119,3.0683014,0.06659027338027954,0.6,0.6
0.37097797668864824,0.04957628609131529,0.29133390241441076,68.39999999999999,226492.41599999965,0.72,-37748.73600000001,1.0,0.5828119754631231,17.240000000000002,0.0,-1.250835,1.7183508,3.1991618,0.0,0.6,0.6
0.3732289309518738,0.04584416971558122,0.3059221151937642,70.56,283115.5200000014,0.18,-70778.88,1.0,0.5065157017731323,17.245,0.0,-1.250835,1.7183508,3.1991618,0.0,0.6,0.6
0.3734491252559427,0.04318406964467332,0.32001338955722813,72.72,312403.3324137926,-0.54,-104134.44413793103,1.0,0.9185155796990827,17.25,0.0,-1.250835,1.7183508,3.1991618,0.0,0.6,0.6
0.37391351392111044,0.054606721259457945,0.33205312485419036,74.34,205902.19636363693,-0.72,-22878.02181818181,1.0,0.6438489944151158,17.255,0.0,-1.250835,1.7183508,3.1991618,0.0,0.6,0.6
0.37318919719838584,0.06711491640014361,0.34402101180642136,75.78,177641.11058823502,-0.54,22205.138823529403,1.0,0.567552720725125,17.26,0.0,-1.3022933,1.9953014,4.112453,0.0,0.6,0.6
0.37132613056800334,0.09061992486164293,0.35664549109652965,76.86,146124.13935483847,-0.36,24354.023225806457,1.0,0.3539231543931507,17.265,0.0,-1.3022933,1.9953014,4.112453,0.0,0.6,0.6
0.369737181179748,0.11641079444543746,0.3669648526829951,77.94,137268.1309090907,-0.36,0.0,1.0,0.8879970702230864,17.27,0.0,-1.3022933,1.9953014,4.112453,0.0,0.6,0.6
0.36663973943597566,0.13131816325467804,0.3760696586880165,78.48,13.17444456077913,-0.54,-4.39148152025966,1.0,0.49125644703513416,17.275000000000002,0.0,-1.3022933,1.9953014,4.112453,0.0,0.6,0.6
0.35613806114889407,0.151661276139747,0.38509547949717376,78.84,20404.72216216213,-0.54,0.0,1.0,0.8727378154850882,17.28,0.0,-1.2383559,1.7512937,5.5806866,0.0,0.6,0.6
0.3425228904376099,0.16536655555825147,0.3922744795158565,78.84,0.0,-0.54,0.0,1.0,0.46073793755913783,17.285,0.0,-1.2383559,1.7512937,5.5806866,0.0,0.6,0.6
0.3285568781661971,0.18628571813502284,0.3984043074840885,78.48,-45756.04363636357,-0.72,-22878.02181818181,1.0,0.5217749565111305,17.29,0.0,-1.2383559,1.7512937,5.5806866,0.0,0.6,0.6
0.3139946215624109,0.19148197542462464,0.4047564842951017,77.58,-125829.1200000008,-0.72,0.0,1.0,0.4302194280831415,17.295,0.0,-1.2383559,1.7512937,5.5806866,0.0,0.6,0.6
0.2951734769114865,0.21388251881164894,0.4098466256945347,76.5,-133230.83294117625,-0.72,0.0,1.0,0.6285897396771176,17.3,0.0,-0.48989505,0.7464508,3.3453999,0.15303148627281188,0.5239352345466614,0.6
0.2744632865462636,0.22243422972087096,0.4136852602278691,75.06,-188743.6799999997,-0.72,0.0,1.0,0.2776268807031599,17.305,0.0,-0.48989505,0.7464508,3.3453999,0.15303148627281188,0.5239352345466614,0.6
0.25095910716343467,0.24107749848274815,0.4178733831789549,73.44,-219186.2090322587,-0.72,0.0,1.0,0.7964415417950974,17.31,0.0,-0.48989505,0.7464508,3.3453999,0.15303148627281188,0.5239352345466614,0.6
0.22792491934787695,0.24967420967971268,0.4212290109869836,71.46,-44.795229161834676,-0.72,0.0,1.0,0.567552720725125,17.315,0.0,-0.48989505,0.7464508,3.3453999,0.15303148627281188,0.5239352345466614,0.6
0.20450177838368558,0.2703400878330436,0.4234585636667277,69.12,-125829.11999999941,-0.72,0.0,1.0,0.8117007965330956,17.32,0.0,0.74069905,-1.3697113,-2.1384652,0.5222097158432006,0.0,0.0
0.182500041778142,0.27019097873553827,0.4259277793833492,66.6,-293601.2800000012,-0.72,0.0,1.0,0.33866389965515253,17.325,0.0,0.74069905,-1.3697113,-2.1384652,0.5222097158432006,0.0,0.0
0.16157442563624885,0.27904393368499614,0.42800235234473816,63.9,-333077.08235294063,-0.72,0.0,1.0,0.7506637775811029,17.330000000000002,0.0,0.74069905,-1.3697113,-2.1384652,0.5222097158432006,0.0,0.0
0.14425620364561645,0.2907801968060846,0.4293039477914996,61.019999999999996,-389664.37161290355,-0.72,0.0,1.0,0.384441663869147,17.335,0.0,0.74069905,-1.3697113,-2.1384652,0.5222097158432006,0.0,0.0
0.12637835002432835,0.301305137884665,0.43096902259900727,57.96,-401080.31999999937,-0.72,0.0,1.0,0.6285897396771176,17.34,8.522881865501404,0.7896586,1.6980816,4.330847,0.5368975818157196,0.6,0.6
0.1060316304513535,0.31645117965884656,0.432524928474627,54.72,-399692.49882352963,-0.72,0.0,1.0,0.7506637775811029,17.345,8.522881865501404,0.7896586,1.6980816,4.330847,0.5368975818157196,0.6,0.6
0.088644417706316,0.3269837250323174,0.4338000178443535,51.3,-448266.2400000002,-0.72,0.0,1.0,0.7354045228431048,17.35,8.522881865501404,0.7896586,1.6980816,4.330847,0.5368975818157196,0.6,0.6
0.07544634790615642,0.33454894867705043,0.43488991167384883,47.699999999999996,-457560.4363636365,-0.8999999999999999,-22878.02181818181,1.0,0.32340464491715437,17.355,8.522881865501404,0.7896586,1.6980816,4.330847,0.5368975818157196,0.6,0.6
0.08124360470968683,0.33838984589111526,0.43611019059183265,44.1,-88.23715200673182,-0.8999999999999999,0.0,1.0,0.659108249153114,17.36,20.0,-0.33739847,2.1055677,2.956624,0.1987804591655731,0.6,0.6
0.08497481662538428,0.34286939709844405,0.4365142608875921,40.5,-274536.2618181819,-0.8999999999999999,0.0,1.0,0.24710837122716356,17.365000000000002,20.0,-0.33739847,2.1055677,2.956624,0.1987804591655731,0.6,0.6
0.08238634419888184,0.3495173258381786,0.4351961821436991,36.72,-480438.4581818183,-0.8999999999999999,0.0,1.0,0.5217749565111305,17.37,20.0,-0.33739847,2.1055677,2.956624,0.1987804591655731,0.6,0.6
0.08120836388598246,0.3509651504731003,0.43357991395598244,32.76,-519045.1200000001,-0.8999999999999999,0.0,1.0,0.21658986175116723,17.375,20.0,-0.33739847,2.1055677,2.956624,0.1987804591655731,0.6,0.6
0.09010105994634249,0.34925031646985216,0.43378520193613507,28.98,-528482.3039999997,-0.8999999999999999,0.0,1.0,0.7506637775811029,17.38,20.0,-1.0095502,2.260606,4.8825283,0.0,0.6,0.6
0.10041652880171459,0.3528886793686208,0.43255652772439324,25.02,-488513.0541176472,-0.8999999999999999,0.0,1.0,0.5522934659871268,17.385,20.0,-1.0095502,2.260606,4.8825283,0.0,0.6,0.6
0.11066261433059611,0.36701536175722865,0.4315774044160955,21.06,-503316.4800000001,-0.8999999999999999,0.0,1.0,0.8727378154850882,17.39,20.0,-1.0095502,2.260606,4.8825283,0.0,0.6,0.6
0.12399625687575082,0.36179934569500527,0.4316045299885081,16.919999999999998,-542638.0800000001,-0.8999999999999999,0.0,1.0,0.3997009186071452,17.395,20.0,-1.0095502,2.260606,4.8825283,0.0,0.6,0.6
0.14515001911249714,0.35701758860797905,0.4315506691366148,12.959999999999999,-89.43464128023432,-0.8999999999999999,0.0,1.0,0.6133304849391195,17.400000000000002,0.0,0.72640884,-1.7664319,-3.9612494,0.5179226517677307,0.0,0.0
0.16319327938243633,0.3624346267128853,0.43110750814184157,9.0,-188743.67999999996,-0.8999999999999999,0.0,1.0,0.33866389965515253,17.405,0.0,0.72640884,-1.7664319,-3.9612494,0.5179226517677307,0.0,0.0
0.18350767709922294,0.3770276281081049,0.4308128713565431,5.3999999999999995,-351151.0325581396,-1.08,-17557.551627906993,1.0,0.7506637775811029,17.41,0.0,0.72640884,-1.7664319,-3.9612494,0.5179226517677307,0.0,0.0
0.19890791797595875,0.3709955642942896,0.43074307918365506,2.34,-377487.3599999999,3.96,621743.8870588235,1.0,4.397625659962776,17.415,0.0,0.72640884,-1.7664319,-3.9612494,0.5179226517677307,0.0,0.0
0.207936954274863,0.37601788844866313,0.4334944050649566,0.72,-49237.48173913043,7.92,120358.28869565217,1.0,-4.239112521744462,17.42,0.0,2.0012906,-1.1327864,-2.3292446,0.6,0.0,0.0
0.21359485883712184,0.38366699715458613,0.4352446328844294,0.8999999999999999,18874.367999999995,7.92,0.0,1.0,-13.73036896877954,17.425,0.0,2.0012906,-1.1327864,-2.3292446,0.6,0.0,0.0
0.21664097770796187,0.39631092584258165,0.43551396661004127,2.16,150994.94400000002,4.68,-388272.7131428572,1.0,-2.408001953184627,17.43,0.0,2.0012906,-1.1327864,-2.3292446,0.6,0.0,0.0
0.21628556349307584,0.39556789518515445,0.4347361017370567,4.5,306708.48,0.18,-589824.0,1.0,15.033326212347774,17.435,0.0,2.0012906,-1.1327864,-2.3292446,0.6,0.0,0.0
0.21367388215386493,0.40346764668973073,0.43244264001462,6.66,283115.52,-1.26,-188743.68,1.0,-0.4853358561968033,17.44,8.522881865501404,2.0003662,-0.08723468,-2.2429776,0.6,0.2738295949995518,0.0
0.21116773448845963,0.4095021164312989,0.42987372949536645,8.64,48.15894968801467,-0.54,17.51234534109624,1.0,1.040589617603068,17.445,8.522881865501404,2.0003662,-0.08723468,-2.2429776,0.6,0.2738295949995518,0.0
0.20899141263394905,0.4132205627563597,0.4273996447249764,10.98,163577.856,-0.8999999999999999,-25165.82399999999,1.0,0.29288613544115805,17.45,8.522881865501404,2.0003662,-0.08723468,-2.2429776,0.6,0.2738295949995518,0.0
0.20813796479936847,0.41184396672604534,0.4256937358370527,12.959999999999999,244256.52705882335,-0.72,22205.138823529403,1.0,-0.454817346720807,17.455000000000002,8.522881865501404,2.0003662,-0.08723468,-2.2429776,0.6,0.2738295949995518,0.0
0.20863984447468806,0.4171553230770761,0.42462635250821135,15.299999999999999,306708.48,-0.8999999999999999,-23592.959999999992,1.0,-0.5158543656727996,17.46,20.0,0.019405104,-0.67555535,-1.2861376,0.30582153126597406,0.09733339548110961,0.0
0.20904831677835486,0.42538578388311976,0.4227879744769116,17.46,301989.88800000027,-0.72,25165.82399999999,1.0,0.4302194280831415,17.465,20.0,0.019405104,-0.67555535,-1.2861376,0.30582153126597406,0.09733339548110961,0.0
0.21512184079418403,0.41239236069290375,0.41468902995569845,19.62,274536.26181818184,-0.8999999999999999,-22878.02181818181,1.0,0.659108249153114,17.47,20.0,0.019405104,-0.67555535,-1.2861376,0.30582153126597406,0.09733339548110961,0.0
0.23176989602386133,0.4068939739372833,0.3976936726388522,21.779999999999998,283115.51999999955,-0.72,23592.959999999992,1.0,-0.454817346720807,17.475,20.0,0.019405104,-0.67555535,-1.2861376,0.30582153126597406,0.09733339548110961,0.0
0.24733883964134215,0.40631155158956606,0.3750927088717537,23.939999999999998,292248.27870967746,-0.72,0.0,1.0,0.5217749565111305,17.48,8.522881865501404,0.12141676,-1.3154669,2.7070346,0.3364250287413597,0.0,0.6
0.26127425841221696,0.3886224177419718,0.35003319206251193,26.099999999999998,50.0364330450343,-0.72,0.0,1.0,0.384441663869147,17.485,8.522881865501404,0.12141676,-1.3154669,2.7070346,0.3364250287413597,0.0,0.6
0.2775146075795276,0.38213641125652814,0.32310390690238305,28.08,88348.10553191492,-0.72,0.0,1.0,0.7354045228431048,17.490000000000002,8.522881865501404,0.12141676,-1.3154669,2.7070346,0.3364250287413597,0.0,0.6
0.2923613806979968,0.3533658172693598,0.2973453881102661,30.24,226492.41600000003,-0.72,0.0,1.0,0.475997192297136,17.495,8.522881865501404,0.12141676,-1.3154669,2.7070346,0.3364250287413597,0.0,0.6
0.30388924376087206,0.33608754775610544,0.2713237501298912,32.22,244256.5270588236,-0.54,22205.138823529403,1.0,0.567552720725125,17.5,0.0,0.6816867,-1.7907001,0.9430119,0.5045060098171233,0.0,0.5829035639762878
0.31761388891937087,0.3349994688757966,0.24778321709664214,34.199999999999996,276824.06399999955,-0.72,-25165.82399999999,1.0,0.475997192297136,17.505,0.0,0.6816867,-1.7907001,0.9430119,0.5045060098171233,0.0,0.5829035639762878
0.3303174267725618,0.32770202060145165,0.22475345395452448,36.36,283115.5200000005,-0.54,23592.959999999992,1.0,0.7506637775811029,17.51,0.0,0.6816867,-1.7907001,0.9430119,0.5045060098171233,0.0,0.5829035639762878
0.3384131241967118,0.31959106127419706,0.20368683589977934,38.339999999999996,244256.52705882315,-0.54,0.0,1.0,0.567552720725125,17.515,0.0,0.6816867,-1.7907001,0.9430119,0.5045060098171233,0.0,0.5829035639762878
0.34161117548199493,0.3065190881699451,0.18386756902822982,40.14,243540.23225806508,-0.54,0.0,1.0,0.5828119754631231,17.52,0.0,0.60075283,-1.5949441,2.4448829,0.4802258491516113,0.0,0.6
0.3427031199621744,0.2926139612564324,0.16775948586065717,41.94,228780.21818181782,-0.18,45756.04363636364,1.0,0.33866389965515253,17.525000000000002,0.0,0.60075283,-1.5949441,2.4448829,0.4802258491516113,0.0,0.6
0.34278253084801524,0.2802903035653669,0.16015306843689067,43.559999999999995,39.371497905331346,0.18,8.749221756740313,1.0,0.6133304849391195,17.53,0.0,0.60075283,-1.5949441,2.4448829,0.4802258491516113,0.0,0.6
0.3418727683839669,0.27051646178628674,0.15880626691760139,45.0,83886.08000000028,0.54,20971.520000000004,1.0,0.29288613544115805,17.535,0.0,0.60075283,-1.5949441,2.4448829,0.4802258491516113,0.0,0.6
0.3410086789915736,0.25546699611804213,0.15671854894549705,46.44,158942.04631578922,1.08,59603.26736842105,1.0,0.4302194280831415,17.54,0.0,0.26132357,-1.3475056,0.78259945,0.3783970713615417,0.0,0.5347798347473144
0.3401264695194366,0.2335191025611809,0.1599216346606344,47.879999999999995,177641.11058823502,1.7999999999999998,88820.55529411761,1.0,0.36918240913114886,17.545,0.0,0.26132357,-1.3475056,0.78259945,0.3783970713615417,0.0,0.5347798347473144
0.34198476885438694,0.2164099560945336,0.1728704552386605,49.14,170478.16258064585,2.52,97416.09290322583,1.0,0.384441663869147,17.55,0.0,0.26132357,-1.3475056,0.78259945,0.3783970713615417,0.0,0.5347798347473144
0.34699510819519075,0.20571774704616266,0.1884903019243872,50.22,125829.1199999998,3.2399999999999998,83886.07999999997,1.0,0.36918240913114886,17.555,0.0,0.26132357,-1.3475056,0.78259945,0.3783970713615417,0.0,0.5347798347473144
0.3513294531389747,0.17580912100518523,0.20386790879258457,51.3,125829.1199999998,3.96,83886.08000000002,1.0,0.7048860133671084,17.56,0.0,-0.44356692,-0.28895146,2.3565128,0.16692992448806762,0.21331456303596497,0.6
0.35615255092521175,0.16314239783824216,0.22225884163200585,52.379999999999995,150994.94399999976,4.5,75497.47200000001,1.0,0.659108249153114,17.565,0.0,-0.44356692,-0.28895146,2.3565128,0.16692992448806762,0.21331456303596497,0.6
0.36288059656513894,0.13235702214377984,0.23937731502100412,53.46,146124.13935483943,4.859999999999999,48708.04645161283,1.0,0.49125644703513416,17.57,0.0,-0.44356692,-0.28895146,2.3565128,0.16692992448806762,0.21331456303596497,0.6
0.36917133628901616,0.12278925780975172,0.2537748987682378,54.54,24.48990268586995,5.04,4.0816504476450115,1.0,0.5217749565111305,17.575,0.0,-0.44356692,-0.28895146,2.3565128,0.16692992448806762,0.21331456303596497,0.6
0.37427900078322157,0.11652606055586347,0.269186137510813,55.62,79471.02315789461,4.68,-26490.341052631604,1.0,0.7506637775811029,17.580000000000002,0.0,-1.7560545,1.3387976,2.7541676,0.0,0.6,0.6
0.3801156561028108,0.10589372132318803,0.2843524290711431,56.699999999999996,119206.53473684192,4.32,-39735.511578947306,1.0,0.46073793755913783,17.585,0.0,-1.7560545,1.3387976,2.7541676,0.0,0.6,0.6
0.38498562135477765,0.09797986811059314,0.2961262012803125,57.96,170478.16258064585,3.42,-121770.1161290323,1.0,0.7201452681051066,17.59,0.0,-1.7560545,1.3387976,2.7541676,0.0,0.6,0.6
0.38750532610854815,0.09130160818048318,0.30856169482967566,59.04,141557.75999999978,2.34,-141557.76,1.0,0.4302194280831415,17.595,0.0,-1.7560545,1.3387976,2.7541676,0.0,0.6,0.6
0.3895496778555676,0.07575173832810782,0.3203818069631717,60.12,133230.83294117625,0.8999999999999999,-177641.1105882353,1.0,0.7354045228431048,17.6,0.0,-1.3442717,1.4156958,2.7616932,0.0,0.6,0.6
0.3898522342459579,0.06068222200119311,0.3306064652820648,61.379999999999995,165150.71999999974,-0.8999999999999999,-235929.59999999998,1.0,0.4302194280831415,17.605,0.0,-1.3442717,1.4156958,2.7616932,0.0,0.6,0.6
0.38946046854534083,0.05213743745979796,0.3405142132927319,61.559999999999995,24354.023225806413,-0.54,48708.046451612885,1.0,0.7964415417950974,17.61,0.0,-1.3442717,1.4156958,2.7616932,0.0,0.6,0.6
0.38793447631890454,0.05164623756056877,0.35208634952022927,62.099999999999994,12.116883208593894,-0.18,8.07792213906261,1.0,0.3539231543931507,17.615000000000002,0.0,-1.3442717,1.4156958,2.7616932,0.0,0.6,0.6
0.3876917354036814,0.04887461448216905,0.36127343244006277,62.46,20684.238904109963,-0.36,-10342.119452054794,1.0,0.5217749565111305,17.62,0.0,-1.4122772,2.195449,4.438555,0.0,0.6,0.6
0.387216776804095,0.04988652091178343,0.369974780973701,62.82,36828.035121951165,-0.72,-36828.035121951216,1.0,0.6285897396771176,17.625,0.0,-1.4122772,2.195449,4.438555,0.0,0.6,0.6
0.3854351214120909,0.07046482555991493,0.3795963640890257,63.0,22205.138823529378,-0.72,0.0,1.0,0.5370342112491286,17.63,0.0,-1.4122772,2.195449,4.438555,0.0,0.6,0.6
0.3846654816137672,0.07741652448628171,0.3875704127272085,63.0,0.0,-0.72,0.0,1.0,0.475997192297136,17.635,0.0,-1.4122772,2.195449,4.438555,0.0,0.6,0.6
0.3838733220722758,0.08686196023997063,0.3948049738554313,63.0,0.0,-0.72,0.0,1.0,0.44547868282113967,17.64,0.0,-1.595863,2.999944,5.214595,0.0,0.6,0.6
0.3806908491000904,0.09285568256371103,0.4027698020951786,63.0,0.0,-0.72,0.0,1.0,0.3997009186071452,17.645,0.0,-1.595863,2.999944,5.214595,0.0,0.6,0.6
0.36918606070158017,0.12036512120081776,0.40862411932952897,62.64,-45756.04363636357,-0.72,0.0,1.0,0.44547868282113967,17.650000000000002,0.0,-1.595863,2.999944,5.214595,0.0,0.6,0.6
0.3506871979498921,0.14523869627956096,0.41301197630407266,62.46,-24354.023225806413,-0.72,0.0,1.0,0.475997192297136,17.655,0.0,-1.595863,2.999944,5.214595,0.0,0.6,0.6
0.3263402907350593,0.1557617774987758,0.4178467964670942,61.919999999999995,-13.20994400895872,-0.72,0.0,1.0,0.6285897396771176,17.66,0.0,-1.117275,1.4044883,3.4026442,0.0,0.6,0.6
0.30069964392756277,0.1769591571846195,0.4215684900275922,61.559999999999995,-23229.991384615347,-0.72,0.0,1.0,0.659108249153114,17.665,0.0,-1.117275,1.4044883,3.4026442,0.0,0.6,0.6
0.27300714902441126,0.19549468210977727,0.42462713766967897,60.839999999999996,-79471.02315789461,-0.72,0.0,1.0,0.6133304849391195,17.67,0.0,-1.117275,1.4044883,3.4026442,0.0,0.6,0.6
0.24673136501975837,0.2069872499346779,0.42742079917139225,60.12,-97416.09290322565,-0.72,0.0,1.0,0.475997192297136,17.675,0.0,-1.117275,1.4044883,3.4026442,0.0,0.6,0.6
0.22082952591136984,0.21479774479130762,0.429843270692919,59.22,-121770.11612903206,-0.72,0.0,1.0,0.5217749565111305,17.68,0.0,0.16552804,-0.70570207,-0.49465942,0.3496584132313728,0.08828938007354736,0.1516021728515625
0.19714193604523905,0.24028379112170933,0.4312461645542731,58.32,-114390.10909090891,-0.72,0.0,1.0,0.44547868282113967,17.685,0.0,0.16552804,-0.70570207,-0.49465942,0.3496584132313728,0.08828938007354736,0.1516021728515625
0.17477779939462504,0.24753953409150015,0.43276163933947737,57.239999999999995,-141557.7600000007,-0.72,0.0,1.0,0.5522934659871268,17.69,0.0,0.16552804,-0.70570207,-0.49465942,0.3496584132313728,0.08828938007354736,0.1516021728515625
0.15404430784830545,0.26460816077723326,0.4345049578902975,55.98,-170478.1625806449,-0.72,0.0,1.0,0.41496017334514335,17.695,0.0,0.16552804,-0.70570207,-0.49465942,0.3496584132313728,0.08828938007354736,0.1516021728515625
0.13569660617468426,0.2800597252606811,0.43547259525745274,54.54,-32.742774988886545,-0.72,0.0,1.0,0.4302194280831415,17.7,8.522881865501404,-0.21096802,2.6439626,4.7288322,0.2367095947265625,0.6,0.6
0.12171136399153372,0.29311225895664866,0.43647728639947736,52.919999999999995,-119206.53473684244,-0.72,0.0,1.0,0.4302194280831415,17.705000000000002,8.522881865501404,-0.21096802,2.6439626,4.7288322,0.2367095947265625,0.6,0.6
0.11585614429690119,0.2993341741004029,0.4376621920299624,51.3,-194136.35657142827,-0.72,0.0,1.0,0.7201452681051066,17.71,8.522881865501404,-0.21096802,2.6439626,4.7288322,0.2367095947265625,0.6,0.6
0.08977637361862412,0.3167068702332776,0.43835985426000756,49.5,-251658.2399999996,-0.72,0.0,1.0,0.5065157017731323,17.715,8.522881865501404,-0.21096802,2.6439626,4.7288322,0.2367095947265625,0.6,0.6
0.08449602047688518,0.31307463970333704,0.43921513709146537,47.519999999999996,-259522.56000000052,-0.72,0.0,1.0,0.6285897396771176,17.72,8.522881865501404,-0.37179014,3.1198077,5.3140364,0.18846295773983002,0.6,0.6
0.07415453312755063,0.3220099961850747,0.44015442931453697,45.54,-267894.25548387057,-0.72,0.0,1.0,0.567552720725125,17.725,8.522881865501404,-0.37179014,3.1198077,5.3140364,0.18846295773983002,0.6,0.6
0.06628162881563746,0.3252421836544355,0.4409097479643233,43.379999999999995,-274536.2618181823,-0.8999999999999999,-22878.02181818181,1.0,0.6743675038911121,17.73,8.522881865501404,-0.37179014,3.1198077,5.3140364,0.18846295773983002,0.6,0.6
0.06101155023626093,0.33103770984449193,0.4401007807938284,41.04,-316602.30193548335,-0.8999999999999999,0.0,1.0,0.5065157017731323,17.735,8.522881865501404,-0.37179014,3.1198077,5.3140364,0.18846295773983002,0.6,0.6
0.07453557462897581,0.33002889490624066,0.4381460703921446,38.699999999999996,-297414.2836363641,-0.8999999999999999,0.0,1.0,0.41496017334514335,17.740000000000002,8.522881865501404,0.9586648,-1.240137,-3.1125495,0.5875994324684143,0.0,0.0
0.07758214119684771,0.33529947071667976,0.4379019732218278,36.36,-57.30659535459451,-0.8999999999999999,0.0,1.0,0.7048860133671084,17.745,8.522881865501404,0.9586648,-1.240137,-3.1125495,0.5875994324684143,0.0,0.0
0.09471428953893819,0.33614368329158145,0.4380317269359079,33.839999999999996,-140928.61440000017,-0.8999999999999999,0.0,1.0,0.6133304849391195,17.75,8.522881865501404,0.9586648,-1.240137,-3.1125495,0.5875994324684143,0.0,0.0
0.10308330463489536,0.3386406770494553,0.4376059578961314,31.32,-224886.08680851027,-0.8999999999999999,0.0,1.0,0.29288613544115805,17.755,8.522881865501404,0.9586648,-1.240137,-3.1125495,0.5875994324684143,0.0,0.0
0.12725403912071015,0.3273220919803674,0.4374249181668344,28.619999999999997,-269633.82857142884,-0.8999999999999999,0.0,1.0,0.41496017334514335,17.76,0.0,2.3480232,-1.5428344,-3.240388,0.6,0.0,0.0
0.13517385420213132,0.32552994089288895,0.43717032779417464,26.099999999999998,-330301.43999999994,-0.8999999999999999,0.0,1.0,0.5980712302011213,17.765,0.0,2.3480232,-1.5428344,-3.240388,0.6,0.0,0.0
0.1400689452040725,0.32163627991884786,0.4372564796031013,23.4,-314572.79999999993,-0.8999999999999999,0.0,1.0,0.6285897396771176,17.77,0.0,2.3480232,-1.5428344,-3.240388,0.6,0.0,0.0
0.15309004153259578,0.32565015108346,0.43695199309745325,20.52,-366048.34909090895,-0.8999999999999999,0.0,1.0,0.4302194280831415,17.775000000000002,0.0,2.3480232,-1.5428344,-3.240388,0.6,0.0,0.0
0.1606048132514938,0.33339887405898605,0.4367090243090805,17.82,-377487.3599999999,-0.8999999999999999,0.0,1.0,0.659108249153114,17.78,8.522881865501404,2.5366051,-1.0608371,-4.177827,0.6,0.0,0.0
0.16580314253388018,0.33982273057819307,0.4369561043757378,15.12,-61.000828454001436,-0.8999999999999999,0.0,1.0,0.384441663869147,17.785,8.522881865501404,2.5366051,-1.0608371,-4.177827,0.6,0.0,0.0
0.1763276807977692,0.34242349550087386,0.4367378642218207,12.42,-153035.41621621617,-0.8999999999999999,0.0,1.0,0.7506637775811029,17.79,8.522881865501404,2.5366051,-1.0608371,-4.177827,0.6,0.0,0.0
0.19451441919066378,0.35353261361758104,0.435835878585369,9.9,-293601.27999999997,-0.8999999999999999,0.0,1.0,0.7811822870570992,17.795,8.522881865501404,2.5366051,-1.0608371,-4.177827,0.6,0.0,0.0
0.21017460150099676,0.3558918828633685,0.43414758406636167,7.56,-297414.28363636375,-0.8999999999999999,0.0,1.0,0.7659230323191011,17.8,20.0,1.2490083,0.0519611,-1.641596,0.6,0.3155883304774761,0.0
0.22541491054805393,0.35233944820344226,0.43179001283898866,5.3999999999999995,-301989.88800000004,-1.08,-25165.824000000022,1.0,0.6133304849391195,17.805,20.0,1.2490083,0.0519611,-1.641596,0.6,0.3155883304774761,0.0
0.24472151559803446,0.3446945810528624,0.4284251909375889,4.14,-150994.944,1.08,258848.47542857146,1.0,-0.10385448774679418,17.81,20.0,1.2490083,0.0519611,-1.641596,0.6,0.3155883304774761,0.0
0.2593101506545077,0.3386745183915891,0.4174827024472816,4.14,0.0,1.7999999999999998,91512.08727272724,1.0,1.5441450239570074,17.815,20.0,1.2490083,0.0519611,-1.641596,0.6,0.3155883304774761,0.0
0.27026451960902653,0.31343603076368215,0.39639387061194437,5.22,156201.66620689657,0.54,-182235.27724137928,1.0,1.7119968260749872,17.82,8.522881865501404,0.19030532,-1.4881952,-4.968233,0.3570915967226028,0.0,0.0
0.2854420335080712,0.2895616848031747,0.37011900190805147,6.84,219186.20903225808,-1.26,-243540.23225806453,1.0,-0.180150761436785,17.825,8.522881865501404,0.19030532,-1.4881952,-4.968233,0.3570915967226028,0.0,0.0
0.29913434224435104,0.2771013670459191,0.3426832928932117,7.92,26.40864413597701,-0.36,22.007203446647505,1.0,-0.10385448774679418,17.830000000000002,8.522881865501404,0.19030532,-1.4881952,-4.968233,0.3570915967226028,0.0,0.0
0.309873689325096,0.24828353194977573,0.3158634666753543,9.54,95701.02084507038,0.0,21266.89352112676,1.0,-0.16489150669878683,17.835,8.522881865501404,0.19030532,-1.4881952,-4.968233,0.3570915967226028,0.0,0.0
0.32241521292353204,0.21624128805218,0.2893239418631378,11.7,251658.24000000002,-0.54,-62914.560000000005,1.0,0.567552720725125,17.84,0.0,-0.34516066,-1.6689316,-0.6228986,0.19645180106163024,0.0,0.11313042640686034
0.33447597514721167,0.1992467728009082,0.26411528380116733,14.04,327155.712,-1.08,-75497.47200000001,1.0,0.5217749565111305,17.845,0.0,-0.34516066,-1.6689316,-0.6228986,0.19645180106163024,0.0,0.11313042640686034
0.34343163840781193,0.17842275284245987,0.23975371700618595,16.74,353894.3999999999,-0.72,47185.92000000001,1.0,0.5065157017731323,17.85,0.0,-0.34516066,-1.6689316,-0.6228986,0.19645180106163024,0.0,0.11313042640686034
0.35336464934144335,0.17658142048088663,0.21803419153586592,19.8,388926.3709090912,-0.8999999999999999,-22878.02181818181,1.0,0.475997192297136,17.855,0.0,-0.34516066,-1.6689316,-0.6228986,0.19645180106163024,0.0,0.11313042640686034
0.36360450696037994,0.17862188490425598,0.19697721415773065,22.86,388926.37090909074,-0.8999999999999999,0.0,1.0,0.7201452681051066,17.86,0.0,0.33170366,-1.6219473,3.0690517,0.39951109886169434,0.0,0.6
0.37099078702956456,0.17301642288541452,0.17818221128529138,26.279999999999998,377487.3599999998,-0.8999999999999999,0.0,1.0,0.36918240913114886,17.865000000000002,0.0,0.33170366,-1.6219473,3.0690517,0.39951109886169434,0.0,0.6
0.3771306365392249,0.1793311362254103,0.1601214336354459,29.88,81.27314828271088,-0.8999999999999999,0.0,1.0,0.8574785607470901,17.87,0.0,0.33170366,-1.6219473,3.0690517,0.39951109886169434,0.0,0.6
0.3813031769066967,0.17709056791127578,0.14450187107205645,33.48,225365.58805970135,-0.8999999999999999,0.0,1.0,0.7201452681051066,17.875,0.0,0.33170366,-1.6219473,3.0690517,0.39951109886169434,0.0,0.6
0.38302430122168324,0.1627027279096275,0.12968216460259643,37.08,444102.7764705884,-0.8999999999999999,0.0,1.0,0.6285897396771176,17.88,0.0,0.28268793,-1.755613,2.733918,0.3848063796758652,0.0,0.6
0.38052655643371414,0.16872859441616758,0.11650575121108207,40.68,471859.2000000002,-0.72,23592.959999999992,1.0,0.6438489944151158,17.885,0.0,0.28268793,-1.755613,2.733918,0.3848063796758652,0.0,0.6
0.3777354638890365,0.16810603727947263,0.1041091978056046,44.46,528482.3040000001,-0.72,0.0,1.0,0.9185155796990827,17.89,0.0,0.28268793,-1.755613,2.733918,0.3848063796758652,0.0,0.6
0.3746484130860893,0.16014675888372612,0.0971032992624954,48.059999999999995,487080.46451612824,-0.72,0.0,1.0,0.49125644703513416,17.895,0.0,0.28268793,-1.755613,2.733918,0.3848063796758652,0.0,0.6
0.37079452373331384,0.14831950108823172,0.09348283036764324,51.48,448266.2400000002,-0.72,0.0,1.0,0.5980712302011213,17.900000000000002,0.0,-0.049192093,-0.9741974,2.2902145,0.2852423720061779,0.007740783691406249,0.6
0.36746520280306383,0.1289401441867864,0.09210820641192895,54.9,462726.4412903228,-0.54,24354.023225806442,1.0,0.7201452681051066,17.905,0.0,-0.049192093,-0.9741974,2.2902145,0.2852423720061779,0.007740783691406249,0.6
0.3656913899189256,0.11640333580219772,0.09149181172852454,58.32,434682.4145454548,-0.18,45756.04363636364,1.0,0.5522934659871268,17.91,0.0,-0.049192093,-0.9741974,2.2902145,0.2852423720061779,0.007740783691406249,0.6
0.36440788530040363,0.10484483370974255,0.0948380902881423,61.559999999999995,79.4412907449842,0.18,8.826810082776037,1.0,0.6133304849391195,17.915,0.0,-0.049192093,-0.9741974,2.2902145,0.2852423720061779,0.007740783691406249,0.6
0.36345857275196547,0.07997612602206582,0.10109716902351173,64.44,232299.91384615406,0.72,43556.233846153846,1.0,0.7354045228431048,17.92,0.0,-0.4522525,0.97422266,4.7550683,0.16432424783706664,0.5922667980194092,0.6
0.36303856770655535,0.09028534794728953,0.10953635622795599,67.5,388926.3709090912,1.26,68634.06545454546,1.0,0.5522934659871268,17.925,0.0,-0.4522525,0.97422266,4.7550683,0.16432424783706664,0.5922667980194092,0.6
0.36266889154852594,0.0781645210562317,0.12588417378710476,70.2,365310.3483870972,2.16,121770.11612903228,1.0,0.7506637775811029,17.93,0.0,-0.4522525,0.97422266,4.7550683,0.16432424783706664,0.5922667980194092,0.6
0.36223187607951945,0.06407574318727195,0.144730058402003,72.72,364470.55448275805,3.06,130168.05517241378,1.0,0.384441663869147,17.935,0.0,-0.4522525,0.97422266,4.7550683,0.16432424783706664,0.5922667980194092,0.6
0.36188742720378747,0.0677783974480413,0.16033642962956837,75.06,316602.30193548434,4.32,170478.1625806452,1.0,0.5370342112491286,17.94,0.0,-0.9528189,1.9824482,2.949996,0.014154338836669922,0.6,0.6
0.3616017144856214,0.04843339557918888,0.1777137685129386,77.22,283115.51999999955,5.76,188743.67999999993,1.0,0.5980712302011213,17.945,0.0,-0.9528189,1.9824482,2.949996,0.014154338836669922,0.6,0.6
0.36133510594501167,0.035189872246537045,0.19598261011826967,79.02,235929.59999999963,7.38,212336.64,1.0,0.46073793755913783,17.95,0.0,-0.9528189,1.9824482,2.949996,0.014154338836669922,0.6,0.6
0.36089457589248936,0.02618133170594975,0.21164934798915883,80.82,40.94578271433524,9.0,36.851204442901775,1.0,0.3997009186071452,17.955000000000002,0.0,-0.9528189,1.9824482,2.949996,0.014154338836669922,0.6,0.6
0.3601257487636121,0.016998842620815722,0.22676790774046382,82.08,89573.27186440714,10.799999999999999,127961.81694915246,1.0,0.4302194280831415,17.96,0.0,-0.7808313,1.7586571,4.1690364,0.06575061678886414,0.6,0.6
0.359418769403539,0.03553021173618316,0.24405372963365235,83.16,122428.33297297278,12.6,204047.2216216217,1.0,0.5828119754631231,17.965,0.0,-0.7808313,1.7586571,4.1690364,0.06575061678886414,0.6,0.6
0.35913579565469383,0.04555960291865631,0.25820984122587776,83.88,100663.29599999984,14.399999999999999,251658.23999999985,1.0,0.6743675038911121,17.97,0.0,-0.7808313,1.7586571,4.1690364,0.06575061678886414,0.6,0.6
0.35856006574755644,0.037231376688508,0.2719975900329468,84.42,75497.47200000087,15.84,201326.59200000018,1.0,0.49125644703513416,17.975,0.0,-0.7808313,1.7586571,4.1690364,0.06575061678886414,0.6,0.6
0.357115587781214,0.03854844263822314,0.2876418454178174,84.6,26033.61103448169,16.74,130168.05517241359,1.0,0.567552720725125,17.98,0.0,-1.4423565,2.1609702,5.1166124,0.0,0.6,0.6
0.35650217624182007,0.05669702851950107,0.3011816123498102,84.6,0.0,17.28,73062.06967741971,1.0,0.46073793755913783,17.985,0.0,-1.4423565,2.1609702,5.1166124,0.0,0.6,0.6
0.35637056911211407,0.08018672231560796,0.3125297962727162,84.42,-23592.95999999903,17.099999999999998,-23592.96000000043,1.0,0.659108249153114,17.990000000000002,0.0,-1.4423565,2.1609702,5.1166124,0.0,0.6,0.6
0.35415041737881675,0.0908935754463307,0.3260995886140038,84.06,-47185.919999999925,16.2,-117964.79999999981,1.0,0.2776268807031599,17.995,0.0,-1.4423565,2.1609702,5.1166124,0.0,0.6,0.6
0.34712492308982695,0.11311741701769801,0.3367789609035232,83.52,-12.244156989945001,14.94,-28.569699643204665,1.0,0.5065157017731323,18.0,0.0,-1.3632116,1.4876994,6.092182,0.0,0.6,0.6
0.33804625463532406,0.13106921627048043,0.34495531444074934,82.61999999999999,-72593.72307692353,13.5,-116149.95692307688,1.0,0.3997009186071452,18.005,0.0,-1.3632116,1.4876994,6.092182,0.0,0.6,0.6
0.32733007537527403,0.14795690597797242,0.35398613670679274,81.53999999999999,-146124.13935483847,11.52,-267894.25548387103,1.0,0.5828119754631231,18.01,0.0,-1.3632116,1.4876994,6.092182,0.0,0.6,0.6
0.3133574271565557,0.16756545005511767,0.3623627134373453,80.28,-170478.16258064393,9.36,-292248.27870967746,1.0,0.6133304849391195,18.015,0.0,-1.3632116,1.4876994,6.092182,0.0,0.6,0.6
0.2995998346600723,0.18718707388634978,0.3683029967660808,78.66,-234302.49931034548,7.199999999999999,-312403.33241379313,1.0,0.5980712302011213,18.02,0.0,0.07448603,-1.3705055,3.6450841,0.3223458096385002,0.0,0.6
0.2865291512214795,0.19617441703105526,0.3746091594248704,76.86,-228780.21818181782,4.68,-320292.3054545454,1.0,0.44547868282113967,18.025000000000002,0.0,0.07448603,-1.3705055,3.6450841,0.3223458096385002,0.0,0.6
0.2719384413497069,0.21158170272150595,0.38086815107688404,74.7,-283115.51999999955,1.98,-353894.39999999997,1.0,0.46073793755913783,18.03,0.0,0.07448603,-1.3705055,3.6450841,0.3223458096385002,0.0,0.6
0.25801544710932417,0.22811343707585685,0.38533599791022977,72.36,-316602.30193548434,-0.54,-340956.3251612903,1.0,0.46073793755913783,18.035,0.0,0.07448603,-1.3705055,3.6450841,0.3223458096385002,0.0,0.6
0.2460759882308598,0.23269598296269178,0.39045525411098914,68.75999999999999,-520672.2206896564,-0.72,-26033.61103448275,1.0,0.7811822870570992,18.04,0.0,1.0426618,-1.868877,-0.22702071,0.6,0.0,0.23189378678798675
0.2336375724505405,0.24892456301003632,0.3964310595855872,65.34,-83.16386746673594,0.18,21.88522828072006,1.0,0.12503433332317826,18.045,0.0,1.0426618,-1.868877,-0.22702071,0.6,0.0,0.23189378678798675
0.21852775524680712,0.26235716513855195,0.40132569321480704,61.739999999999995,-228780.21818181872,0.18,0.0,1.0,0.7354045228431048,18.05,0.0,1.0426618,-1.868877,-0.22702071,0.6,0.0,0.23189378678798675
0.20232273205145665,0.27403675833304103,0.4054492165425868,57.96,-440401.9199999993,-0.54,-83886.08,1.0,0.384441663869147,18.055,0.0,1.0426618,-1.868877,-0.22702071,0.6,0.0,0.23189378678798675
0.18379724506234021,0.28004577995183605,0.4097766861012756,54.18,-511434.48774193565,-0.8999999999999999,-48708.046451612885,1.0,0.567552720725125,18.06,0.0,2.157704,-1.4787161,0.25727814,0.6,0.0,0.37718344330787656
0.1657460647574155,0.2982102097301369,0.41317732519496747,50.22,-553648.1280000001,-0.72,25165.82399999999,1.0,0.5065157017731323,18.065,0.0,2.157704,-1.4787161,0.25727814,0.6,0.0,0.37718344330787656
0.1490197154894739,0.3052352975812816,0.4156102342919598,46.08,-526194.501818182,-0.8999999999999999,-22878.02181818181,1.0,0.659108249153114,18.07,0.0,2.157704,-1.4787161,0.25727814,0.6,0.0,0.37718344330787656
0.1396082960908922,0.3055112853205059,0.41816284821693755,41.94,-542638.0800000001,-0.8999999999999999,0.0,1.0,0.2623676259651617,18.075,0.0,2.157704,-1.4787161,0.25727814,0.6,0.0,0.37718344330787656
0.13753965214986674,0.3083951028033518,0.4199367921122677,37.8,-560142.5341935485,-0.8999999999999999,0.0,1.0,0.46073793755913783,18.080000000000002,20.0,1.7654617,-1.4590685,-3.0775743,0.6,0.0,0.0
0.13511714292275898,0.30947172837435,0.42032903600754046,33.48,-97.76193890213767,-0.8999999999999999,0.0,1.0,0.659108249153114,18.085,20.0,1.7654617,-1.4590685,-3.0775743,0.6,0.0,0.0
0.135584074509274,0.3014509966096853,0.4202267681671516,29.16,-274536.2618181816,-0.8999999999999999,0.0,1.0,0.7354045228431048,18.09,20.0,1.7654617,-1.4590685,-3.0775743,0.6,0.0,0.0
0.14248755791875373,0.29509105010960823,0.42017282477631884,24.84,-566231.04,-0.8999999999999999,0.0,1.0,0.5828119754631231,18.095,20.0,1.7654617,-1.4590685,-3.0775743,0.6,0.0,0.0
0.1551417608141759,0.27892286578602205,0.4187152286177604,20.34,-589824.0,-0.8999999999999999,0.0,1.0,0.6438489944151158,18.1,8.522881865501404,0.9096908,-1.2483517,-1.4465917,0.5729072391986847,0.0,0.0
0.16627104350201155,0.2522715305371385,0.4171908908883575,16.02,-624806.6648275863,-0.8999999999999999,0.0,1.0,0.567552720725125,18.105,8.522881865501404,0.9096908,-1.2483517,-1.4465917,0.5729072391986847,0.0,0.0
0.18389021465933209,0.23206345770327738,0.4172421084428708,11.7,-584496.5574193549,-0.8999999999999999,0.0,1.0,0.49125644703513416,18.11,8.522881865501404,0.9096908,-1.2483517,-1.4465917,0.5729072391986847,0.0,0.0
0.20446092132734797,0.21167600365851122,0.41614391169765474,7.739999999999999,-488513.05411764706,-1.08,-22205.138823529433,1.0,0.5828119754631231,18.115000000000002,8.522881865501404,0.9096908,-1.2483517,-1.4465917,0.5729072391986847,0.0,0.0
0.22078857440971303,0.18745574457344577,0.4146119327559439,3.96,-511434.4877419354,0.18,170478.16258064515,1.0,39.905911435285496,18.12,0.0,0.9262747,-1.5686362,-5.096118,0.5778824150562286,0.0,0.0
0.23731709539322104,0.17141292140586173,0.41617003309947714,1.7999999999999998,-283115.52,6.66,849346.56,1.0,-19.91036713766902,18.125,0.0,0.9262747,-1.5686362,-5.096118,0.5778824150562286,0.0,0.0
0.2565023826301472,0.146716297027264,0.4181596671284882,0.8999999999999999,-22.02569419727514,9.0,57.26680491291536,1.0,5.313180944242665,18.13,0.0,0.9262747,-1.5686362,-5.096118,0.5778824150562286,0.0,0.0
0.2689576555198493,0.13126181823761074,0.4160800399053861,1.98,83886.08,7.56,-111848.1066666667,1.0,-0.10385448774679418,18.135,0.0,0.9262747,-1.5686362,-5.096118,0.5778824150562286,0.0,0.0
0.2804209537022424,0.10875979762786561,0.4088344026538648,4.32,306708.48000000004,3.42,-542638.08,1.0,-1.6145207068086673,18.14,0.0,0.86635196,-1.4383353,-3.4285145,0.5599055886268616,0.0,0.0
0.2944911442530074,0.10022463108481669,0.3988327703941491,7.56,438372.41806451604,-1.6199999999999999,-681912.6503225806,1.0,0.5370342112491286,18.145,0.0,0.86635196,-1.4383353,-3.4285145,0.5599055886268616,0.0,0.0
0.3062937982804109,0.09804541258963775,0.38765557183409755,8.1,75497.47200000001,0.18,251658.23999999996,1.0,2.566515091402941,18.150000000000002,0.0,0.86635196,-1.4383353,-3.4285145,0.5599055886268616,0.0,0.0
0.31774078578219667,0.07186584713975551,0.37063200587816303,9.9,235929.6000000001,1.7999999999999998,212336.63999999998,1.0,0.17081209753717275,18.155,0.0,0.86635196,-1.4383353,-3.4285145,0.5599055886268616,0.0,0.0
0.3311702100558024,0.06371103607682181,0.34985290565442984,12.6,365310.34838709666,2.16,48708.04645161294,1.0,3.680440687276807,18.16,0.0,0.67289984,-1.272628,1.228316,0.5018699526786804,0.0,0.6
0.3417406137609125,0.05309737181770111,0.3251486573512872,15.66,414018.39483870973,1.6199999999999999,-73062.0696774194,1.0,2.932737205114897,18.165,0.0,0.67289984,-1.272628,1.228316,0.5018699526786804,0.0,0.6
0.349926545898309,0.04366619963567656,0.29960432406905246,19.439999999999998,85.48588731984272,-0.36,-44.778321929441454,1.0,1.1016266365550607,18.17,0.0,0.67289984,-1.272628,1.228316,0.5018699526786804,0.0,0.6
0.3586884072392611,0.04350581283061624,0.27472250241978813,22.68,247082.6356363638,-0.8999999999999999,-41180.439272727264,1.0,0.29288613544115805,18.175,0.0,0.67289984,-1.272628,1.228316,0.5018699526786804,0.0,0.6
0.3681267652270527,0.05210536320557548,0.2499615588855144,26.099999999999998,448266.23999999976,-0.36,70778.87999999999,1.0,0.46073793755913783,18.18,0.0,1.1379745,-1.535658,0.07063233,0.6,0.0,0.3211896993219852
0.3755727033544691,0.04991038849105503,0.22642584486822023,29.7,503316.4800000002,-0.18,25165.824,1.0,1.0863673818170625,18.185,0.0,1.1379745,-1.535658,0.07063233,0.6,0.0,0.3211896993219852
0.3829501997057733,0.022288839931266922,0.20491285976937237,33.3,487080.46451612876,-0.18,0.0,1.0,0.44547868282113967,18.19,0.0,1.1379745,-1.535658,0.07063233,0.6,0.0,0.3211896993219852
0.3900804838747152,0.018682088380420868,0.18441461569318082,37.44,560142.5341935485,-0.72,-73062.06967741936,1.0,0.5980712302011213,18.195,0.0,1.1379745,-1.535658,0.07063233,0.6,0.0,0.3211896993219852
0.3956578777537723,0.014381852870638666,0.16520714903854414,41.22,528482.3040000001,-0.72,0.0,1.0,0.6896267586291103,18.2,0.0,1.0137811,-1.4193404,0.3747229,0.6,0.0,0.41241686940193173
0.4016103195145882,-0.003561777179418796,0.1479571309671887,45.18,519045.1200000001,-0.54,23592.959999999992,1.0,0.6285897396771176,18.205000000000002,0.0,1.0137811,-1.4193404,0.3747229,0.6,0.0,0.41241686940193173
0.4073367273428063,-0.00588747120466688,0.1348882848652365,49.14,535788.5109677421,-0.36,24354.023225806457,1.0,0.5980712302011213,18.21,0.0,1.0137811,-1.4193404,0.3747229,0.6,0.0,0.41241686940193173
0.4119183473678883,0.004960249353765976,0.13009878047048912,52.919999999999995,92.56408545022492,-0.36,0.0,1.0,0.46073793755913783,18.215,0.0,1.0137811,-1.4193404,0.3747229,0.6,0.0,0.41241686940193173
0.41699349670398084,-0.004521793485532851,0.12863211471332694,56.699999999999996,247726.08000000007,-0.18,11796.48,1.0,0.5522934659871268,18.22,0.0,0.65108204,-1.0270146,4.037144,0.49532461166381836,0.0,0.6
0.42155334922418275,0.0022370043989267483,0.12742792808390183,60.48,466307.91529411776,-0.18,0.0,1.0,0.8269600512710937,18.225,0.0,0.65108204,-1.0270146,4.037144,0.49532461166381836,0.0,0.6
0.425592595962037,0.002716442735518162,0.1340046971395136,64.25999999999999,511434.48774193466,0.0,24354.02322580645,1.0,0.659108249153114,18.23,0.0,0.65108204,-1.0270146,4.037144,0.49532461166381836,0.0,0.6
0.42858534208453586,-0.020659772547976456,0.14988707286987013,67.67999999999999,462726.4412903228,0.36,48708.0464516129,1.0,0.46073793755913783,18.235,0.0,0.65108204,-1.0270146,4.037144,0.49532461166381836,0.0,0.6
0.43307436321001463,-0.017816323583873986,0.16562669611896558,71.1,434682.4145454548,0.8999999999999999,68634.06545454545,1.0,0.29288613544115805,18.240000000000002,0.0,0.98696816,-1.2909158,3.3387074,0.5960904479026794,0.0,0.6
0.4371658526823195,-0.012789074634163627,0.18029542231809856,74.34,424673.2800000012,1.44,70778.88,1.0,0.5522934659871268,18.245,0.0,0.98696816,-1.2909158,3.3387074,0.5960904479026794,0.0,0.6
0.4396870831955625,-0.008409101405236683,0.19766861662580726,77.39999999999999,414018.39483870805,2.16,97416.09290322583,1.0,0.32340464491715437,18.25,0.0,0.98696816,-1.2909158,3.3387074,0.5960904479026794,0.0,0.6
0.4417427510926143,-0.008804315707644738,0.21150835145670333,80.28,65.20452949146343,2.88,16.301132372865798,1.0,0.49125644703513416,18.255,0.0,0.98696816,-1.2909158,3.3387074,0.5960904479026794,0.0,0.6
0.4429777242895527,-0.011986240749650027,0.22367689060401713,82.8,148868.25464788708,3.96,63800.68056338029,1.0,0.44547868282113967,18.26,0.0,0.9264023,-1.1985053,4.8334227,0.5779206812381744,0.0,0.6
0.44329628366022167,-0.012333599365936686,0.23828931695118097,85.14,258280.82526315827,5.22,139074.29052631577,1.0,0.6285897396771176,18.265,0.0,0.9264023,-1.1985053,4.8334227,0.5779206812381744,0.0,0.6
0.44426253929318604,-0.01139115416195134,0.2513796978332468,86.94,243540.23225806412,6.66,194832.18580645166,1.0,0.475997192297136,18.27,0.0,0.9264023,-1.1985053,4.8334227,0.5779206812381744,0.0,0.6
0.4442624066917312,-0.015697203482323018,0.2626648996534941,88.2,176160.7680000007,8.64,276824.0640000001,1.0,0.46073793755913783,18.275000000000002,0.0,0.9264023,-1.1985053,4.8334227,0.5779206812381744,0.0,0.6
0.4447895638727173,-0.021139992412143316,0.2755033230986653,89.1,114390.10909090801,10.62,251658.23999999982,1.0,0.5828119754631231,18.28,0.0,0.65103114,-1.350804,3.3361294,0.4953093409538269,0.0,0.6
0.4453193871999126,-0.01494381619104294,0.28935841016647085,89.46,44410.277647058756,12.6,244256.5270588236,1.0,0.5370342112491286,18.285,0.0,0.65103114,-1.350804,3.3361294,0.4953093409538269,0.0,0.6
0.445961013138234,-0.007816441929384396,0.3006558600799068,89.64,24354.023225807374,14.399999999999999,243540.23225806438,1.0,0.6285897396771176,18.29,0.0,0.65103114,-1.350804,3.3361294,0.4953093409538269,0.0,0.6
0.4464811249744829,-0.008518143713367288,0.3134025260642887,89.46,-24354.023225807374,15.299999999999999,121770.1161290323,1.0,0.4302194280831415,18.295,0.0,0.65103114,-1.350804,3.3361294,0.4953093409538269,0.0,0.6
0.4462920362115464,-0.013153477652832441,0.32729819429284646,89.28,-4.4062186374696894,15.299999999999999,0.0,1.0,0.41496017334514335,18.3,0.0,0.42365843,-0.78593785,4.906887,0.42709752917289734,0.06421864628791808,0.6
0.447511128586217,-0.009129497171813557,0.33743005422465155,89.1,-8882.0555294121,14.399999999999999,-44410.27764705884,1.0,0.5980712302011213,18.305,0.0,0.42365843,-0.78593785,4.906887,0.42709752917289734,0.06421864628791808,0.6
0.4477450747346595,-0.006394170266230552,0.3471151668839754,88.74,-35951.17714285709,12.78,-161780.29714285707,1.0,0.49125644703513416,18.31,0.0,0.42365843,-0.78593785,4.906887,0.42709752917289734,0.06421864628791808,0.6
0.44814159568966727,-0.011524649638593657,0.35776874544051557,88.38,-43141.412571428504,10.799999999999999,-237277.7691428572,1.0,0.3997009186071452,18.315,0.0,0.42365843,-0.78593785,4.906887,0.42709752917289734,0.06421864628791808,0.6
0.4489577711018612,-0.009486997289743022,0.36589509219480687,87.84,-66615.41647058725,8.1,-333077.0823529411,1.0,0.41496017334514335,18.32,0.0,0.2528937,-0.13977304,3.9645362,0.37586810588836667,0.2580680876970291,0.6
0.44962324520736896,-0.002480628340390344,0.3730882718468881,87.3,-62914.560000000725,5.22,-335544.32,1.0,0.36918240913114886,18.325,0.0,0.2528937,-0.13977304,3.9645362,0.37586810588836667,0.2580680876970291,0.6
0.44988438393987595,0.0024252336846103304,0.38108703901778884,86.58,-91512.08727272713,1.7999999999999998,-434682.41454545455,1.0,0.41496017334514335,18.330000000000002,0.0,0.2528937,-0.13977304,3.9645362,0.37586810588836667,0.2580680876970291,0.6
0.4507634525204433,0.0022674115605484033,0.38777869703165513,85.86,-94371.83999999985,-1.08,-377487.36,1.0,0.567552720725125,18.335,0.0,0.2528937,-0.13977304,3.9645362,0.37586810588836667,0.2580680876970291,0.6
0.4515256647730621,0.0033293653581714907,0.3944253489810647,82.98,-65.46673993984218,0.0,24.55002747744086,1.0,0.6285897396771176,18.34,0.0,0.10555728,-0.07605359,0.91040844,0.3316671833395958,0.277183923125267,0.5731225311756134
0.4525042744776574,-0.006728649437177358,0.40322756281587674,80.82,-158942.04631579027,0.8999999999999999,66225.85263157893,1.0,0.29288613544115805,18.345,0.0,0.10555728,-0.07605359,0.91040844,0.3316671833395958,0.277183923125267,0.5731225311756134
0.4527987273986887,-0.017783315337235834,0.4113250767743372,78.84,-244256.52705882228,0.54,-44410.27764705881,1.0,0.5370342112491286,18.35,0.0,0.10555728,-0.07605359,0.91040844,0.3316671833395958,0.277183923125267,0.5731225311756134
0.4532686749866726,-0.022602981525451326,0.4176436364177253,76.86,-276824.06400000054,-0.54,-150994.94400000002,1.0,0.7048860133671084,18.355,0.0,0.10555728,-0.07605359,0.91040844,0.3316671833395958,0.277183923125267,0.5731225311756134
0.454037582614521,-0.016647593479998217,0.4232121991052483,74.52,-338436.9434482764,-0.72,-26033.61103448275,1.0,0.567552720725125,18.36,0.0,0.70000404,-1.157144,-0.008291267,0.5100012123584747,0.0,0.29751261994242667
0.45375760428976636,-0.010462320591164717,0.42976763561482423,72.36,-301989.8879999995,-0.72,0.0,1.0,0.44547868282113967,18.365000000000002,0.0,0.70000404,-1.157144,-0.008291267,0.5100012123584747,0.0,0.29751261994242667
0.45450654195122286,-0.006353172412461552,0.4342985379238133,69.84,-340956.3251612898,-0.8999999999999999,-24354.023225806442,1.0,0.6743675038911121,18.37,0.0,0.70000404,-1.157144,-0.008291267,0.5100012123584747,0.0,0.29751261994242667
0.45520772636310103,-0.0033858308424725802,0.4387665774822966,67.5,-316602.30193548434,-0.72,24354.023225806442,1.0,0.7659230323191011,18.375,0.0,0.70000404,-1.157144,-0.008291267,0.5100012123584747,0.0,0.29751261994242667
0.4559812203288556,0.008967396888288808,0.4430387467956042,65.34,-301989.8879999995,-0.8999999999999999,-25165.82399999999,1.0,0.7354045228431048,18.38,0.0,0.6891261,-1.4412663,-3.6186686,0.5067378222942353,0.0,0.0
0.4567167153203224,0.028330089903400697,0.44690772273599616,63.0,-52.910990975449415,-0.8999999999999999,0.0,1.0,0.5217749565111305,18.385,0.0,0.6891261,-1.4412663,-3.6186686,0.5067378222942353,0.0,0.0
0.45734734256632986,0.05239156189359921,0.45057865501715955,60.839999999999996,-119206.53473684231,-0.8999999999999999,0.0,1.0,0.5522934659871268,18.39,0.0,0.6891261,-1.4412663,-3.6186686,0.5067378222942353,0.0,0.0
0.4578564964527434,0.06627168231959175,0.4537827215572212,58.86,-224451.94378378344,-0.8999999999999999,0.0,1.0,0.44547868282113967,18.395,0.0,0.6891261,-1.4412663,-3.6186686,0.5067378222942353,0.0,0.0
0.46001442539564186,0.08556060566909134,0.4552924617365302,56.879999999999995,-224451.94378378423,-0.8999999999999999,0.0,1.0,0.36918240913114886,18.400000000000002,0.0,0.73810554,-1.2233864,-1.4744035,0.5214316606521606,0.0,0.0
0.4617846659842436,0.09919854975906246,0.4566156294796974,55.08,-235929.59999999963,-0.8999999999999999,0.0,1.0,0.7354045228431048,18.405,0.0,0.73810554,-1.2233864,-1.4744035,0.5214316606521606,0.0,0.0
0.46345745803015287,0.09885244489043075,0.45771099828508566,53.46,-219186.20903225773,-0.8999999999999999,0.0,1.0,0.49125644703513416,18.41,0.0,0.73810554,-1.2233864,-1.4744035,0.5214316606521606,0.0,0.0
0.46546159742271304,0.09596122690413664,0.4582094002549504,52.019999999999996,-177641.1105882359,-0.8999999999999999,0.0,1.0,0.567552720725125,18.415,0.0,0.73810554,-1.2233864,-1.4744035,0.5214316606521606,0.0,0.0
0.46730574284500465,0.09588972190334154,0.4567315345147781,50.94,-156201.6662068963,-0.8999999999999999,0.0,1.0,0.5370342112491286,18.42,0.0,0.49280423,-0.99366665,-4.422045,0.4478412687778473,0.0019000053405761718,0.0
0.46878662928521014,0.10058438968967667,0.45575432079002626,50.04,-117964.79999999981,-0.8999999999999999,0.0,1.0,0.6438489944151158,18.425,0.0,0.49280423,-0.99366665,-4.422045,0.4478412687778473,0.0019000053405761718,0.0
0.4697014233888143,0.09239634020718636,0.45601348767660077,49.32,-17.68525562491945,-0.8999999999999999,0.0,1.0,0.36918240913114886,18.43,0.0,0.49280423,-0.99366665,-4.422045,0.4478412687778473,0.0019000053405761718,0.0
0.47027938131082025,0.09942715007100512,0.4543108543183189,48.96,-27962.02666666662,-0.8999999999999999,0.0,1.0,0.8422193060090919,18.435,0.0,0.49280423,-0.99366665,-4.422045,0.4478412687778473,0.0019000053405761718,0.0
0.47133866865662716,0.09929788749293901,0.4510102012933323,48.78,-22205.138823529378,-0.8999999999999999,0.0,1.0,0.4302194280831415,18.44,0.0,-0.10952818,-1.1644605,-1.3459142,0.26714154705405235,0.0,0.0
0.4718082863246767,0.10105672265983504,0.44329775070740723,48.96,25165.82399999996,-0.8999999999999999,0.0,1.0,0.6743675038911121,18.445,0.0,-0.10952818,-1.1644605,-1.3459142,0.26714154705405235,0.0,0.0
0.47206820828144846,0.09158136935277335,0.4243536426986972,49.14,24354.023225806413,-0.8999999999999999,0.0,1.0,0.6743675038911121,18.45,0.0,-0.10952818,-1.1644605,-1.3459142,0.26714154705405235,0.0,0.0
0.47209527735367673,0.07676264054845022,0.39896525957606427,49.86,91512.08727272713,-0.8999999999999999,0.0,1.0,0.5522934659871268,18.455000000000002,0.0,-0.10952818,-1.1644605,-1.3459142,0.26714154705405235,0.0,0.0
0.47157756817271246,0.07300370560897024,0.3711840479932771,50.4,70778.87999999989,-0.72,23592.959999999992,1.0,0.5370342112491286,18.46,0.0,-0.028314896,-1.5592185,1.5864466,0.2915055312216282,0.0,0.6
0.47063134589045086,0.06703891327809114,0.34322236072343404,51.3,121770.11612903206,-0.72,0.0,1.0,0.567552720725125,18.465,0.0,-0.028314896,-1.5592185,1.5864466,0.2915055312216282,0.0,0.6
0.4690180768074529,0.05560962324933844,0.3154742397147308,52.199999999999996,20.310853084393717,-0.72,0.0,1.0,0.49125644703513416,18.47,0.0,-0.028314896,-1.5592185,1.5864466,0.2915055312216282,0.0,0.6
0.4672763091656403,0.03713503069898944,0.2881923051171747,53.28,52672.654883721196,-0.72,0.0,1.0,0.6285897396771176,18.475,0.0,-0.028314896,-1.5592185,1.5864466,0.2915055312216282,0.0,0.6
0.46506146219418953,0.02469954104065316,0.2630300220833522,54.36,100663.29599999984,-0.72,0.0,1.0,0.5522934659871268,18.48,0.0,0.28011554,-1.4716705,2.1459708,0.384034663438797,0.0,0.6
0.4628070245976005,0.012238022928149855,0.23874933517400243,55.44,122428.33297297278,-0.72,0.0,1.0,0.7506637775811029,18.485,0.0,0.28011554,-1.4716705,2.1459708,0.384034663438797,0.0,0.6
0.45980376051068433,0.006680131519968733,0.2161718653208906,56.699999999999996,150994.94399999976,-0.72,0.0,1.0,0.3539231543931507,18.490000000000002,0.0,0.28011554,-1.4716705,2.1459708,0.384034663438797,0.0,0.6
0.4573194908810005,0.00794304957944892,0.19494821612269822,57.96,142833.0551351357,-0.72,0.0,1.0,0.7506637775811029,18.495,0.0,0.28011554,-1.4716705,2.1459708,0.384034663438797,0.0,0.6
0.4555179152361503,-0.002288966519977031,0.17565321282251703,59.22,142833.0551351349,-0.54,20404.722162162154,1.0,0.5217749565111305,18.5,0.0,0.46040708,-1.50555,1.6708033,0.43812212347984314,0.0,0.6
0.45163057840355597,-0.002128790633069018,0.15760749602074423,60.48,160146.15272727248,-0.54,0.0,1.0,0.7964415417950974,18.505,0.0,0.46040708,-1.50555,1.6708033,0.43812212347984314,0.0,0.6
0.4443738301398891,0.0014245321275052434,0.14147470310705143,61.559999999999995,141557.75999999978,-0.54,0.0,1.0,0.6133304849391195,18.51,0.0,0.46040708,-1.50555,1.6708033,0.43812212347984314,0.0,0.6
0.43725600911183476,0.00011168522100370531,0.1323967869606785,62.82,30.642339680404604,-0.54,0.0,1.0,0.567552720725125,18.515,0.0,0.46040708,-1.50555,1.6708033,0.43812212347984314,0.0,0.6
0.42771273017009787,-0.010763585815468834,0.13103697709967074,63.72,49669.38947368413,-0.36,9933.877894736845,1.0,0.5828119754631231,18.52,0.0,0.20221618,-0.56735426,3.1295521,0.36066485345363614,0.1297937214374542,0.6
0.4158059382238156,-0.011639461393754954,0.13030726587166122,64.8,119206.53473684192,0.0,39735.511578947364,1.0,0.7354045228431048,18.525000000000002,0.0,0.20221618,-0.56735426,3.1295521,0.36066485345363614,0.1297937214374542,0.6
0.4043459064561046,-0.001687835636220557,0.13366232644094572,65.52,91512.08727272713,0.36,45756.04363636363,1.0,0.46073793755913783,18.53,0.0,0.20221618,-0.56735426,3.1295521,0.36066485345363614,0.1297937214374542,0.6
0.3963168342715259,-0.0019072603587251239,0.14768380010010432,66.24,100663.29599999984,0.8999999999999999,75497.472,1.0,0.475997192297136,18.535,0.0,0.20221618,-0.56735426,3.1295521,0.36066485345363614,0.1297937214374542,0.6
0.38954043675882755,0.010107113612752185,0.16581905085718657,66.96,94371.83999999985,1.44,70778.88,1.0,0.567552720725125,18.54,0.0,0.105622396,0.039434522,2.2773466,0.3316867187619209,0.3118303567171097,0.6
0.38461117152573815,-0.003146122234873548,0.18231349971799093,67.5,62914.560000000725,1.98,62914.560000000005,1.0,0.6133304849391195,18.545,0.0,0.105622396,0.039434522,2.2773466,0.3316867187619209,0.3118303567171097,0.6
0.3811736067062165,-0.008987975969515774,0.20086465284466776,67.86,48708.04645161283,2.6999999999999997,97416.09290322577,1.0,0.5522934659871268,18.55,0.0,0.105622396,0.039434522,2.2773466,0.3316867187619209,0.3118303567171097,0.6
0.37990215622381945,-0.010618226172190149,0.21991895987665053,68.22,8.178112471768307,3.2399999999999998,12.267168707652479,1.0,0.7811822870570992,18.555,0.0,0.105622396,0.039434522,2.2773466,0.3316867187619209,0.3118303567171097,0.6
0.37921450649124544,-0.01074725571321677,0.23556573925955074,68.58,22536.558805970115,3.78,33804.838208955225,1.0,0.384441663869147,18.56,0.0,-0.55386126,1.9958884,2.8920732,0.13384162187576293,0.6,0.6
0.37971860513098393,-0.0031251927886023602,0.2504420005545463,68.75999999999999,22205.1388235285,4.14,44410.27764705881,1.0,0.44547868282113967,18.565,0.0,-0.55386126,1.9958884,2.8920732,0.13384162187576293,0.6,0.6
0.3788842785462423,-0.011203505917709003,0.26749936599830765,69.12,45756.04363636537,4.14,0.0,1.0,0.567552720725125,18.57,0.0,-0.55386126,1.9958884,2.8920732,0.13384162187576293,0.6,0.6
0.3793832847251684,-0.0067786115099247955,0.2810336344489528,69.3,23592.95999999903,3.96,-23592.959999999963,1.0,0.4302194280831415,18.575,0.0,-0.55386126,1.9958884,2.8920732,0.13384162187576293,0.6,0.6
0.3794693771011154,-0.0008710513354290864,0.2941503167745722,69.48,24354.023225807374,3.5999999999999996,-48708.04645161294,1.0,0.384441663869147,18.580000000000002,0.0,-0.74383473,2.1353304,3.372023,0.07684957981109619,0.6,0.6
0.37958163152554597,-0.0038116642971857823,0.30788356985792115,69.66,22878.021818180878,3.06,-68634.0654545454,1.0,0.8117007965330956,18.585,0.0,-0.74383473,2.1353304,3.372023,0.07684957981109619,0.6,0.6
0.3796150123466738,0.02330446695427581,0.31992279151410835,69.84,23592.960000000894,1.98,-141557.76,1.0,0.46073793755913783,18.59,0.0,-0.74383473,2.1353304,3.372023,0.07684957981109619,0.6,0.6
0.3792320636996407,0.03974340682965188,0.3306239470529472,70.02,24354.023225805453,0.72,-170478.16258064515,1.0,0.7354045228431048,18.595,0.0,-0.74383473,2.1353304,3.372023,0.07684957981109619,0.6,0.6
0.3775325957970069,0.05565065998474464,0.3426812852719908,70.2,4.413585646889801,-0.72,-35.30868517511706,1.0,0.475997192297136,18.6,0.0,-1.3986169,2.2655556,4.8611107,0.0,0.6,0.6
0.3745952472274266,0.07598349570332896,0.35327602139102854,69.66,-40445.074285714756,-0.54,13481.691428571425,1.0,0.7506637775811029,18.605,0.0,-1.3986169,2.2655556,4.8611107,0.0,0.6,0.6
0.3724471427042431,0.09354863416789137,0.36249701388791256,69.12,-64712.118857141904,-0.36,21570.706285714292,1.0,0.12503433332317826,18.61,0.0,-1.3986169,2.2655556,4.8611107,0.0,0.6,0.6
0.3678505932874937,0.09493082705089625,0.3723210293535868,68.75999999999999,-45756.04363636537,-0.54,-22878.021818181824,1.0,0.46073793755913783,18.615000000000002,0.0,-1.3986169,2.2655556,4.8611107,0.0,0.6,0.6
0.3582168182726369,0.10614579264525749,0.3809271912369709,68.03999999999999,-107853.53142857125,-0.72,-26963.38285714285,1.0,0.3539231543931507,18.62,0.0,-1.7346548,1.6456684,5.2552366,0.0,0.6,0.6
0.34577308760636083,0.11698271773400515,0.38772736479169145,67.14,-107853.53142857041,-0.72,0.0,1.0,0.567552720725125,18.625,0.0,-1.7346548,1.6456684,5.2552366,0.0,0.6,0.6
0.33383710427429375,0.1401202608478977,0.39471794271101296,66.42,-91512.08727272713,-0.72,0.0,1.0,0.6285897396771176,18.63,0.0,-1.7346548,1.6456684,5.2552366,0.0,0.6,0.6
0.3194993231846014,0.15600439469702862,0.4010820337743785,65.34,-146124.13935483847,-0.72,0.0,1.0,0.659108249153114,18.635,0.0,-1.7346548,1.6456684,5.2552366,0.0,0.6,0.6
0.304784366428546,0.17174064998787364,0.4056850516633968,64.25999999999999,-24.380369754412307,-0.72,0.0,1.0,0.5217749565111305,18.64,0.0,-0.7003138,-1.6805516,1.8623656,0.08990585803985596,0.0,0.6
0.29169952790871595,0.17795005918425133,0.40998735769393646,63.0,-68634.06545454497,-0.72,0.0,1.0,0.5217749565111305,18.645,0.0,-0.7003138,-1.6805516,1.8623656,0.08990585803985596,0.0,0.6
0.2782460672265471,0.2043261383733655,0.41422036308041743,61.739999999999995,-146800.6400000006,-0.72,0.0,1.0,0.5065157017731323,18.650000000000002,0.0,-0.7003138,-1.6805516,1.8623656,0.08990585803985596,0.0,0.6
0.2639205403635608,0.22887358266333566,0.4172947868311172,60.3,-177641.11058823502,-0.72,0.0,1.0,0.475997192297136,18.655,0.0,-0.7003138,-1.6805516,1.8623656,0.08990585803985596,0.0,0.6
0.25140585757085904,0.2333581969933515,0.42028677272601783,58.68,-226492.41599999965,-0.72,0.0,1.0,0.3539231543931507,18.66,0.0,0.9955164,-1.846862,0.24879861,0.5986549258232117,0.0,0.3746395826339722
0.23959384657962338,0.24563119102023098,0.4228369969116203,57.059999999999995,-188743.68000000052,-0.72,0.0,1.0,0.7506637775811029,18.665,0.0,0.9955164,-1.846862,0.24879861,0.5986549258232117,0.0,0.3746395826339722
0.22617643551090102,0.259297935864744,0.42461476819189825,55.44,-212336.63999999966,-0.72,0.0,1.0,0.6438489944151158,18.67,0.0,0.9955164,-1.846862,0.24879861,0.5986549258232117,0.0,0.3746395826339722
0.20985531579656752,0.2747444448720003,0.42628754065207375,53.46,-251658.2399999996,-0.72,0.0,1.0,0.8727378154850882,18.675,0.0,0.9955164,-1.846862,0.24879861,0.5986549258232117,0.0,0.3746395826339722
0.19302694012487082,0.27848789347275,0.42828459657784557,51.48,-276824.06400000054,-0.72,0.0,1.0,0.46073793755913783,18.68,8.522881865501404,2.0751932,-1.0237676,-0.823005,0.6,0.0,0.053098493814468385
0.17460433594800662,0.30255991445580616,0.4297993273431615,49.5,-48.39694351849686,-0.72,0.0,1.0,0.49125644703513416,18.685,8.522881865501404,2.0751932,-1.0237676,-0.823005,0.6,0.0,0.053098493814468385
0.1573382728928544,0.30869243693550286,0.4309023387028237,47.339999999999996,-164721.75709090938,-0.72,0.0,1.0,0.24710837122716356,18.69,8.522881865501404,2.0751932,-1.0237676,-0.823005,0.6,0.0,0.053098493814468385
0.14000177342788037,0.31760111830861654,0.43238505332313965,45.0,-297414.28363636316,-0.72,0.0,1.0,0.7048860133671084,18.695,8.522881865501404,2.0751932,-1.0237676,-0.823005,0.6,0.0,0.053098493814468385
0.12591358034063405,0.3190004670796305,0.4335292321033935,42.66,-297414.2836363641,-0.72,0.0,1.0,0.5370342112491286,18.7,20.0,1.0801823,-0.85967934,1.4208543,0.6,0.04209619760513306,0.6
0.11144785069989191,0.32146998655965814,0.4342482776777398,40.32,-316602.30193548335,-0.72,0.0,1.0,0.5828119754631231,18.705000000000002,20.0,1.0801823,-0.85967934,1.4208543,0.6,0.04209619760513306,0.6
0.1089771206499186,0.3205014895845971,0.43499777229155623,37.8,-340956.32516129076,-0.72,0.0,1.0,0.2776268807031599,18.71,20.0,1.0801823,-0.85967934,1.4208543,0.6,0.04209619760513306,0.6
0.10215602221446014,0.30574782059298766,0.43593497163432626,35.28,-320292.30545454496,-0.72,0.0,1.0,0.7506637775811029,18.715,20.0,1.0801823,-0.85967934,1.4208543,0.6,0.04209619760513306,0.6
0.10293045812457256,0.2943785479775037,0.4358188801985343,32.58,-377487.3600000004,-0.72,0.0,1.0,0.5370342112491286,18.72,20.0,1.0357476,-1.6760231,-4.0210314,0.6,0.0,0.0
0.10022872054336719,0.2694953645299692,0.4345363328152052,29.88,-61.091323392961165,-0.72,0.0,1.0,0.6743675038911121,18.725,20.0,1.0357476,-1.6760231,-4.0210314,0.6,0.0,0.0
0.10164222570160297,0.24832318869274722,0.43428307715776365,27.18,-157286.39999999997,-0.72,0.0,1.0,0.49125644703513416,18.73,20.0,1.0357476,-1.6760231,-4.0210314,0.6,0.0,0.0
0.12809286356516306,0.22261445471055957,0.433640451533662,24.3,-355282.22117647046,-0.72,0.0,1.0,0.5522934659871268,18.735,20.0,1.0357476,-1.6760231,-4.0210314,0.6,0.0,0.0
0.14672026878875202,0.1980874566321576,0.4314888631354416,21.419999999999998,-355282.2211764709,-0.8999999999999999,-22205.138823529403,1.0,0.3539231543931507,18.740000000000002,0.0,0.84462917,-1.4811928,-2.4998322,0.5533887505531311,0.0,0.0
0.16440990466505448,0.17506951091017495,0.43022638891461584,18.54,-389664.3716129031,-0.8999999999999999,0.0,1.0,0.7048860133671084,18.745,0.0,0.84462917,-1.4811928,-2.4998322,0.5533887505531311,0.0,0.0
0.18546103043348255,0.16072164877961487,0.42995486449004816,15.84,-390504.1655172413,-0.8999999999999999,0.0,1.0,0.46073793755913783,18.75,0.0,0.84462917,-1.4811928,-2.4998322,0.5533887505531311,0.0,0.0
0.20452404470847133,0.14267755588401418,0.4294018679193004,13.139999999999999,-333077.08235294133,-0.8999999999999999,0.0,1.0,0.567552720725125,18.755,0.0,0.84462917,-1.4811928,-2.4998322,0.5533887505531311,0.0,0.0
0.21972958054874156,0.13589196885697405,0.42937243810842957,10.799999999999999,-316602.3019354839,-0.8999999999999999,0.0,1.0,0.7048860133671084,18.76,0.0,0.6181728,-1.2688271,-5.6281652,0.4854518473148346,0.0,0.0
0.23850666924458216,0.12252570743543348,0.4293240975456195,8.64,-266461.66588235274,-0.8999999999999999,0.0,1.0,0.7048860133671084,18.765,0.0,0.6181728,-1.2688271,-5.6281652,0.4854518473148346,0.0,0.0
0.2558114923064735,0.11988188342527398,0.4272164268242045,6.84,-44.13224450666684,-1.08,-4.413224450666686,1.0,0.3997009186071452,18.77,0.0,0.6181728,-1.2688271,-5.6281652,0.4854518473148346,0.0,0.0
0.267906945179363,0.1156656680018301,0.42382812692324695,5.3999999999999995,-105961.36421052634,-1.08,0.0,1.0,13.202215643787937,18.775000000000002,0.0,0.6181728,-1.2688271,-5.6281652,0.4854518473148346,0.0,0.0
0.28311431717142277,0.11179805558695323,0.41930801869083467,5.04,-44410.277647058756,0.18,155435.97176470587,1.0,1.7272560808129853,18.78,0.0,0.009568654,-1.353913,-2.2301695,0.3028705962002277,0.0,0.0
0.2986233046355514,0.10483177073431421,0.41208550664836135,5.9399999999999995,114390.10909090903,-0.8999999999999999,-137268.1309090909,1.0,-1.5382244331186765,18.785,0.0,0.009568654,-1.353913,-2.2301695,0.3028705962002277,0.0,0.0
0.3084413319217263,0.09843984103713373,0.39461174130023663,6.66,88820.55529411773,-0.8999999999999999,0.0,1.0,0.41496017334514335,18.79,0.0,0.009568654,-1.353913,-2.2301695,0.3028705962002277,0.0,0.0
0.32035738751509263,0.07672188546093743,0.37261207017955217,8.28,194136.35657142848,-0.8999999999999999,0.0,1.0,0.5522934659871268,18.795,0.0,0.009568654,-1.353913,-2.2301695,0.3028705962002277,0.0,0.0
0.33365742259316816,0.07263995386762226,0.3466529756664647,10.08,228780.21818181826,-0.8999999999999999,0.0,1.0,0.20133060701316907,18.8,0.0,-0.002758816,-1.5661281,1.7698482,0.29917235523462293,0.0,0.6
0.3431996600653247,0.06004607118732043,0.3206732294811089,12.24,292248.27870967746,-0.8999999999999999,0.0,1.0,0.32340464491715437,18.805,0.0,-0.002758816,-1.5661281,1.7698482,0.29917235523462293,0.0,0.6
0.3521149231574681,0.043641816297560324,0.29453618385871516,14.76,330301.43999999994,-0.8999999999999999,0.0,1.0,0.567552720725125,18.81,0.0,-0.002758816,-1.5661281,1.7698482,0.29917235523462293,0.0,0.6
0.3609025023723907,0.042368013883188546,0.2693209468651696,17.64,65.0304195356199,-0.8999999999999999,0.0,1.0,0.41496017334514335,18.815,0.0,-0.002758816,-1.5661281,1.7698482,0.29917235523462293,0.0,0.6
0.3670843814177062,0.04094434447967482,0.24450325827013775,20.88,161780.29714285707,-0.8999999999999999,0.0,1.0,0.2623676259651617,18.82,0.0,0.07795572,-1.2559563,2.4297888,0.32338671684265136,0.0,0.6
0.3719259443407375,0.04598976473031022,0.2217577764474751,24.119999999999997,316035.9293023254,-0.72,17557.55162790697,1.0,0.9185155796990827,18.825,0.0,0.07795572,-1.2559563,2.4297888,0.32338671684265136,0.0,0.6
0.3754831969353484,0.03221778062336842,0.20057661606384236,27.72,444102.7764705884,-0.72,0.0,1.0,0.24710837122716356,18.830000000000002,0.0,0.07795572,-1.2559563,2.4297888,0.32338671684265136,0.0,0.6
0.3772144397145414,0.02694407486627876,0.18106865532096955,31.32,503316.4800000002,-0.72,0.0,1.0,0.5522934659871268,18.835,0.0,0.07795572,-1.2559563,2.4297888,0.32338671684265136,0.0,0.6
0.3750620729890489,0.01833344302683006,0.1630063303354127,35.1,480438.4581818183,-0.72,0.0,1.0,0.659108249153114,18.84,0.0,0.5084143,-1.4427389,1.9208902,0.4525242984294891,0.0,0.6
0.3712534277872963,0.021597144336193003,0.1473836155530889,38.879999999999995,466307.9152941169,-0.72,0.0,1.0,0.5980712302011213,18.845,0.0,0.5084143,-1.4427389,1.9208902,0.4525242984294891,0.0,0.6
0.3676434826112921,0.020455769779709143,0.13898933127734192,42.66,480438.4581818183,-0.72,0.0,1.0,0.567552720725125,18.85,0.0,0.5084143,-1.4427389,1.9208902,0.4525242984294891,0.0,0.6
0.3638124930767143,0.030346452217213184,0.13733703919107507,46.44,85.79629594354736,-0.54,4.085537902073681,1.0,0.7201452681051066,18.855,0.0,0.5084143,-1.4427389,1.9208902,0.4525242984294891,0.0,0.6
0.3603889257735248,0.009502068937062964,0.13589582576758905,50.04,225365.58805970158,-0.54,0.0,1.0,0.5828119754631231,18.86,0.0,0.37929997,-0.8115703,3.6837845,0.41378999054431914,0.05652891397476196,0.6
0.35791092776300987,0.008716011654754512,0.13923823606991556,53.64,444102.7764705884,-0.36,22205.138823529418,1.0,0.6896267586291103,18.865000000000002,0.0,0.37929997,-0.8115703,3.6837845,0.41378999054431914,0.05652891397476196,0.6
0.3556402482014688,-0.004225171450016833,0.15216428858047926,57.059999999999995,448266.2399999993,-0.18,23592.96,1.0,0.5828119754631231,18.87,0.0,0.37929997,-0.8115703,3.6837845,0.41378999054431914,0.05652891397476196,0.6
0.35415482953668703,-0.005483933071294777,0.17027889966613644,60.3,438372.4180645164,0.18,48708.0464516129,1.0,0.7048860133671084,18.875,0.0,0.37929997,-0.8115703,3.6837845,0.41378999054431914,0.05652891397476196,0.6
0.3530266319437119,-0.006453638331733816,0.18631950705674,63.54,438372.4180645164,0.72,73062.06967741936,1.0,0.5065157017731323,18.88,0.0,0.3079925,0.08599166,2.860432,0.3923977464437485,0.3257974974811077,0.6
0.3523056786077069,-0.015553353760714489,0.20496556158911783,66.6,388926.37090909027,1.08,45756.04363636365,1.0,0.7201452681051066,18.885,0.0,0.3079925,0.08599166,2.860432,0.3923977464437485,0.3257974974811077,0.6
0.35275899513039377,-0.006448415866070693,0.22272731614432806,69.66,401080.3200000003,1.6199999999999999,70778.87999999998,1.0,0.5828119754631231,18.89,0.0,0.3079925,0.08599166,2.860432,0.3923977464437485,0.3257974974811077,0.6
0.35184472722815574,-0.028411749484304406,0.23812863019513764,72.53999999999999,377487.3599999994,2.16,70778.88000000003,1.0,0.9337748344370809,18.895,0.0,0.3079925,0.08599166,2.860432,0.3923977464437485,0.3257974974811077,0.6
0.35259964098351726,-0.013980828759957306,0.25304772476610465,75.42,70.57075141672046,2.34,4.410671963545007,1.0,0.33866389965515253,18.900000000000002,0.0,-0.53969777,1.5728074,4.5570893,0.13809067010879517,0.6,0.6
0.3538620509871752,-0.009204563516237822,0.269847661648097,78.11999999999999,179755.88571428496,2.52,11983.725714285725,1.0,0.6133304849391195,18.905,0.0,-0.53969777,1.5728074,4.5570893,0.13809067010879517,0.6,0.6
0.356804017700894,-0.010503995016987006,0.28360481810733373,80.64,330301.44000000134,2.6999999999999997,23592.959999999963,1.0,0.5065157017731323,18.91,0.0,-0.53969777,1.5728074,4.5570893,0.13809067010879517,0.6,0.6
0.3603359635753834,-0.0005895135851333643,0.296311355859593,82.98,306708.48000000045,2.88,23592.96000000002,1.0,0.8117007965330956,18.915,0.0,-0.53969777,1.5728074,4.5570893,0.13809067010879517,0.6,0.6
0.36355408799627864,-0.0011541755943450442,0.31049140015115845,84.96,276824.06399999856,3.2399999999999998,50331.64799999998,1.0,0.659108249153114,18.92,0.0,-0.7254738,2.2523518,3.292182,0.08235785365104675,0.6,0.6
0.3669832493955312,-0.015463980011904525,0.32256387791990604,86.58,212336.6400000006,3.5999999999999996,47185.919999999984,1.0,0.49125644703513416,18.925,0.0,-0.7254738,2.2523518,3.292182,0.08235785365104675,0.6,0.6
0.37057631936404706,-0.001956039217314384,0.3334977282049301,87.84,155435.9717647065,4.14,66615.41647058824,1.0,0.5217749565111305,18.93,0.0,-0.7254738,2.2523518,3.292182,0.08235785365104675,0.6,0.6
0.3739433158141043,0.002935849782309881,0.3454635532939574,88.56,97416.09290322565,4.859999999999999,97416.09290322577,1.0,0.8727378154850882,18.935,0.0,-0.7254738,2.2523518,3.292182,0.08235785365104675,0.6,0.6
0.37677679980114115,0.027135947721702018,0.3562039275656884,88.74,4.078827851493112,5.76,20.394139257466403,1.0,0.24710837122716356,18.94,0.0,-0.868718,2.1897018,4.9464617,0.03938459157943725,0.6,0.6
0.37874919224235065,0.04947940217510741,0.36550027536813945,88.56,-12582.911999999484,6.4799999999999995,50331.64799999998,1.0,0.7811822870570992,18.945,0.0,-0.868718,2.1897018,4.9464617,0.03938459157943725,0.6,0.6
0.37955041693302066,0.06095503226728583,0.3758309101031245,88.2,-44410.277647058756,6.66,22205.138823529487,1.0,0.567552720725125,18.95,0.0,-0.868718,2.1897018,4.9464617,0.03938459157943725,0.6,0.6
0.37954535283488977,0.08097928879952393,0.38420853768112184,87.47999999999999,-100663.29600000182,6.12,-75497.47200000001,1.0,0.659108249153114,18.955000000000002,0.0,-0.868718,2.1897018,4.9464617,0.03938459157943725,0.6,0.6
0.3795634065737936,0.09969118174657259,0.39067894758268906,86.58,-130168.05517241255,5.3999999999999995,-104134.44413793113,1.0,0.475997192297136,18.96,0.0,-0.932364,1.9620084,5.4795656,0.02029080390930176,0.6,0.6
0.37861344134404223,0.10990317297945153,0.3973682128903388,85.5,-137268.1309090907,4.14,-160146.1527272727,1.0,0.8269600512710937,18.965,0.0,-0.932364,1.9620084,5.4795656,0.02029080390930176,0.6,0.6
0.37719407174098546,0.12004798067819009,0.40287663291489717,84.06,-183024.17454545427,2.6999999999999997,-183024.17454545453,1.0,0.2318491164891654,18.97,0.0,-0.932364,1.9620084,5.4795656,0.02029080390930176,0.6,0.6
0.37694676211272415,0.13070627431165932,0.40609599119099377,82.44,-188743.68000000052,0.8999999999999999,-209715.19999999998,1.0,0.7048860133671084,18.975,0.0,-0.932364,1.9620084,5.4795656,0.02029080390930176,0.6,0.6
0.3763309942191423,0.15648857919671214,0.40979835805163317,80.82,-226492.41600000064,-0.8999999999999999,-251658.23999999996,1.0,0.6133304849391195,18.98,0.0,0.43390995,-1.6580088,-0.76464283,0.43017298579216,0.0,0.07060714960098266
0.3724218649750758,0.15929915199750783,0.413674413625144,77.75999999999999,-74.43523737719374,-0.36,13.13563012538712,1.0,0.8269600512710937,18.985,0.0,0.43390995,-1.6580088,-0.76464283,0.43017298579216,0.0,0.07060714960098266
0.3644796075911413,0.17838998832880637,0.4171887876583459,75.06,-150994.94399999938,-0.18,10066.3296,1.0,0.32340464491715437,18.990000000000002,0.0,0.43390995,-1.6580088,-0.76464283,0.43017298579216,0.0,0.07060714960098266
0.3559033266170818,0.19123454032693288,0.42047858128059173,72.36,-314572.80000000034,-0.72,-62914.560000000005,1.0,0.567552720725125,18.995,0.0,0.43390995,-1.6580088,-0.76464283,0.43017298579216,0.0,0.07060714960098266
0.34378056488946596,0.20444178211848069,0.4242377995264797,68.94,-398458.8800000002,-0.72,0.0,1.0,0.659108249153114,19.0,0.0,1.6233313,-1.8743994,-0.066589065,0.6,0.0,0.280023280531168
0.32906854682911824,0.2167714171592634,0.4265324467900151,65.88,-377487.3600000003,-0.72,0.0,1.0,0.475997192297136,19.005,0.0,1.6233313,-1.8743994,-0.066589065,0.6,0.0,0.280023280531168
0.3146129026086175,0.23593284487126512,0.4287685587175059,62.46,-387689.7210810805,-0.72,0.0,1.0,0.44547868282113967,19.01,0.0,1.6233313,-1.8743994,-0.066589065,0.6,0.0,0.280023280531168
0.30024200970025533,0.2544661681450162,0.4307733372616064,58.86,-457560.4363636365,-0.72,0.0,1.0,0.8727378154850882,19.015,0.0,1.6233313,-1.8743994,-0.066589065,0.6,0.0,0.280023280531168
0.2848463324978509,0.27145405141407686,0.4320488127317646,55.26,-503316.4800000002,-0.72,0.0,1.0,0.32340464491715437,19.02,8.522881865501404,1.8165615,-1.2064267,-2.8680012,0.6,0.0,0.0
0.27118334437682395,0.2799443699510636,0.43113706757988657,51.66,-81.64051235192026,-0.72,0.0,1.0,0.5370342112491286,19.025000000000002,8.522881865501404,1.8165615,-1.2064267,-2.8680012,0.6,0.0,0.0
0.26258069923524974,0.28201285369803236,0.43025173388054905,48.059999999999995,-212668.9352112677,-0.72,0.0,1.0,0.44547868282113967,19.03,8.522881865501404,1.8165615,-1.2064267,-2.8680012,0.6,0.0,0.0
0.260106164859604,0.29524219298195165,0.4303120650042459,44.28,-466307.9152941169,-0.72,0.0,1.0,0.7659230323191011,19.035,8.522881865501404,1.8165615,-1.2064267,-2.8680012,0.6,0.0,0.0
0.25819467187103423,0.290635946044762,0.4287543154978848,40.5,-480438.4581818183,-0.72,0.0,1.0,0.384441663869147,19.04,8.522881865501404,1.2818471,0.4490543,2.954051,0.6,0.4347162902355194,0.6
0.2581502419216099,0.28181116915891985,0.42670299633453546,36.72,-511434.48774193565,-0.72,0.0,1.0,0.5522934659871268,19.045,8.522881865501404,1.2818471,0.4490543,2.954051,0.6,0.4347162902355194,0.6
0.2602015776651977,0.28247742475124393,0.42666989367341945,32.76,-519045.1200000001,-0.8999999999999999,-23592.959999999992,1.0,0.4302194280831415,19.05,8.522881865501404,1.2818471,0.4490543,2.954051,0.6,0.4347162902355194,0.6
0.2626334136801198,0.27381781076500167,0.42454260052238924,29.16,-457560.4363636361,-0.8999999999999999,0.0,1.0,0.7201452681051066,19.055,8.522881865501404,1.2818471,0.4490543,2.954051,0.6,0.4347162902355194,0.6
0.2651145818633288,0.2569956113122755,0.4192094722494843,25.56,-503316.4800000002,-0.8999999999999999,0.0,1.0,0.6133304849391195,19.06,20.0,0.40103564,-1.6564784,-3.9714546,0.42031069099903107,0.0,0.0
0.273268321770903,0.24184284801504202,0.41309069145994903,21.96,-503316.4799999997,-0.8999999999999999,0.0,1.0,0.5980712302011213,19.065,20.0,0.40103564,-1.6564784,-3.9714546,0.42031069099903107,0.0,0.0
0.28715310330223626,0.22212549393263603,0.4072483155854021,18.72,-79.14288103710352,-0.8999999999999999,0.0,1.0,0.49125644703513416,19.07,20.0,0.40103564,-1.6564784,-3.9714546,0.42031069099903107,0.0,0.0
0.30098744004926214,0.21254822662699518,0.39332442078087954,16.02,-176947.19999999995,-0.8999999999999999,0.0,1.0,0.949034089175079,19.075,20.0,0.40103564,-1.6564784,-3.9714546,0.42031069099903107,0.0,0.0
0.3133395527526209,0.19203385688060265,0.3776089250469644,13.5,-310871.9435294117,-0.8999999999999999,0.0,1.0,0.659108249153114,19.080000000000002,0.0,0.43089947,-1.8370342,-0.3747956,0.4292698413133621,0.0,0.18756132423877717
0.33084704772691725,0.17341439389081326,0.36492464305384176,11.52,-267894.25548387103,-0.8999999999999999,0.0,1.0,0.5065157017731323,19.085,0.0,0.43089947,-1.8370342,-0.3747956,0.4292698413133621,0.0,0.18756132423877717
0.3444300296654061,0.16869511144913574,0.35969745125001895,10.08,-194832.18580645154,-1.08,-24354.02322580647,1.0,0.475997192297136,19.09,0.0,0.43089947,-1.8370342,-0.3747956,0.4292698413133621,0.0,0.18756132423877717
0.35557748493638597,0.14753248849375955,0.35770873182907287,9.36,-94371.84000000008,-1.08,0.0,1.0,0.7201452681051066,19.095,0.0,0.43089947,-1.8370342,-0.3747956,0.4292698413133621,0.0,0.18756132423877717
0.3681992566914028,0.13361004970961612,0.3550841512019798,9.18,-23592.959999999963,-1.08,0.0,1.0,0.567552720725125,19.1,0.0,0.2219699,-1.0948268,-1.1625551,0.3665909707546234,0.0,0.0
0.37969863362943845,0.1306656696388767,0.3547822705436629,9.54,50331.64799999992,-1.08,0.0,1.0,0.659108249153114,19.105,0.0,0.2219699,-1.0948268,-1.1625551,0.3665909707546234,0.0,0.0
0.3873628768215861,0.1291465287192062,0.35503266075857853,10.62,24.48196121668072,-1.08,0.0,1.0,0.3997009186071452,19.11,0.0,0.2219699,-1.0948268,-1.1625551,0.3665909707546234,0.0,0.0
0.39342185207794955,0.1287919859331071,0.3539794661287463,12.24,111389.71278688531,-1.08,0.0,1.0,0.7506637775811029,19.115000000000002,0.0,0.2219699,-1.0948268,-1.1625551,0.3665909707546234,0.0,0.0
0.3963372167066796,0.11768191096355705,0.3533070456541529,14.219999999999999,244256.52705882335,-0.8999999999999999,22205.138823529433,1.0,0.49125644703513416,19.12,0.0,0.06402776,0.30516917,1.2074493,0.3192083269357681,0.391550749540329,0.6
0.39754617870334485,0.1198382095528062,0.34937139056621314,16.74,352321.53599999996,-0.8999999999999999,0.0,1.0,0.6285897396771176,19.125,0.0,0.06402776,0.30516917,1.2074493,0.3192083269357681,0.391550749540329,0.6
0.3984574493401954,0.12746388945420686,0.3397332085456962,19.62,402653.18400000036,-0.8999999999999999,0.0,1.0,0.5065157017731323,19.13,0.0,0.06402776,0.30516917,1.2074493,0.3192083269357681,0.391550749540329,0.6
0.398877567084617,0.1232388092541384,0.3271307024551437,22.86,424673.2799999998,-0.8999999999999999,0.0,1.0,0.8269600512710937,19.135,0.0,0.06402776,0.30516917,1.2074493,0.3192083269357681,0.391550749540329,0.6
0.39915565812855297,0.13133678505632787,0.3125938476693485,26.279999999999998,462726.44129032234,-0.8999999999999999,0.0,1.0,0.44547868282113967,19.14,0.0,-0.58712554,1.9357954,0.50221616,0.12386233806610107,0.6,0.45066484808921814
0.3996225430564422,0.12975689690232917,0.3011798592809941,29.88,471859.2000000002,-0.8999999999999999,0.0,1.0,0.7201452681051066,19.145,0.0,-0.58712554,1.9357954,0.50221616,0.12386233806610107,0.6,0.45066484808921814
0.4003487092632966,0.12342555739766156,0.29127575045215115,33.66,466307.91529411735,-0.72,22205.138823529403,1.0,0.475997192297136,19.150000000000002,0.0,-0.58712554,1.9357954,0.50221616,0.12386233806610107,0.6,0.45066484808921814
0.4004466886077641,0.10898009578003005,0.2797355766570363,37.44,92.72541200002343,-0.72,0.0,1.0,0.5522934659871268,19.155,0.0,-0.58712554,1.9357954,0.50221616,0.12386233806610107,0.6,0.45066484808921814
0.39806573938311735,0.09349075195964025,0.26786190136885324,41.4,286369.7213793104,-0.72,0.0,1.0,0.3539231543931507,19.16,0.0,-1.1122267,1.5765128,2.6263638,0.0,0.6,0.6
0.395558730794295,0.07398972048409497,0.2590788314988326,45.36,503316.4800000001,-0.72,0.0,1.0,0.5217749565111305,19.165,0.0,-1.1122267,1.5765128,2.6263638,0.0,0.6,0.6
0.39325886825401407,0.07495677937633043,0.2568705249333559,49.14,528482.3040000001,-0.72,0.0,1.0,0.2623676259651617,19.17,0.0,-1.1122267,1.5765128,2.6263638,0.0,0.6,0.6
0.3901056985174552,0.07567208965737798,0.25658095511857026,53.1,535788.5109677421,-0.72,0.0,1.0,0.7201452681051066,19.175,0.0,-1.1122267,1.5765128,2.6263638,0.0,0.6,0.6
0.38747665556923383,0.08403902796018047,0.25507844370723703,56.879999999999995,495452.1599999992,-0.54,23592.959999999992,1.0,0.46073793755913783,19.18,0.0,-1.0755941,1.0425795,1.4428626,0.0,0.6,0.6
0.38543170216689554,0.07134911276764189,0.2571667308252907,60.66,466307.91529411776,-0.54,0.0,1.0,0.659108249153114,19.185,0.0,-1.0755941,1.0425795,1.4428626,0.0,0.6,0.6
0.38321300328010416,0.07495097017667371,0.26604609733859197,64.25999999999999,419430.3999999993,-0.54,0.0,1.0,0.6133304849391195,19.19,0.0,-1.0755941,1.0425795,1.4428626,0.0,0.6,0.6
0.3812844864539679,0.09992373155934758,0.27676933215101424,67.67999999999999,77.00639198612822,-0.54,0.0,1.0,0.7811822870570992,19.195,0.0,-1.0755941,1.0425795,1.4428626,0.0,0.6,0.6
0.38044501615351023,0.12943624543076623,0.2881813023998437,70.92,186158.15013698683,-0.54,0.0,1.0,0.5370342112491286,19.2,0.0,-0.5489,1.4457277,3.6710563,0.13532999753952027,0.6,0.6
0.37903019367479257,0.14939134912351223,0.3012571923454866,73.98,377487.3600000003,-0.54,0.0,1.0,0.7506637775811029,19.205000000000002,0.0,-0.5489,1.4457277,3.6710563,0.13532999753952027,0.6,0.6
0.3774023557841196,0.16554147612768247,0.3126762230445713,76.5,330301.4399999995,-0.36,23592.960000000006,1.0,0.2776268807031599,19.21,0.0,-0.5489,1.4457277,3.6710563,0.13532999753952027,0.6,0.6
0.3771438362020702,0.18566126031621322,0.32238011173064707,78.66,283115.51999999955,0.36,94371.84,1.0,0.7506637775811029,19.215,0.0,-0.5489,1.4457277,3.6710563,0.13532999753952027,0.6,0.6
0.3761901369521536,0.20781146620179528,0.3334321785395494,80.1,194832.1858064513,1.6199999999999999,170478.16258064512,1.0,0.24710837122716356,19.22,0.0,-0.9361608,2.1210868,3.482834,0.019151759147644044,0.6,0.6
0.36875643439186373,0.2154166515934807,0.34539218062246635,80.82,94371.83999999985,3.06,188743.68000000002,1.0,0.6133304849391195,19.225,0.0,-0.9361608,2.1210868,3.482834,0.019151759147644044,0.6,0.6
0.35292785511935,0.23690764809313228,0.3547272556012041,81.0,24354.023225807374,4.859999999999999,243540.23225806444,1.0,0.3539231543931507,19.23,0.0,-0.9361608,2.1210868,3.482834,0.019151759147644044,0.6,0.6
0.33195170610902885,0.2532795661920043,0.3652730150376979,80.82,-24354.023225807374,6.3,194832.18580645166,1.0,0.29288613544115805,19.235,0.0,-0.9361608,2.1210868,3.482834,0.019151759147644044,0.6,0.6
0.30670552795695305,0.26156773836332775,0.3755157007153472,80.28,-12.503997880045748,6.84,12.503997880045933,1.0,0.3997009186071452,19.240000000000002,0.0,0.19671325,0.94111395,2.982674,0.35901397615671155,0.5823341846466065,0.6
0.28053835687461687,0.26300275791442096,0.3835372844112518,79.38,-47185.9200000003,6.66,-9437.183999999985,1.0,0.7201452681051066,19.245,0.0,0.19671325,0.94111395,2.982674,0.35901397615671155,0.5823341846466065,0.6
0.2537091420971006,0.26971937139603525,0.39076481594092305,78.3,-105345.3097674417,5.9399999999999995,-70230.20651162797,1.0,0.5370342112491286,19.25,0.0,0.19671325,0.94111395,2.982674,0.35901397615671155,0.5823341846466065,0.6
0.2284937214032843,0.2877190554512111,0.39767220948140214,76.67999999999999,-199846.24941176525,4.859999999999999,-133230.8329411765,1.0,0.6896267586291103,19.255,0.0,0.19671325,0.94111395,2.982674,0.35901397615671155,0.5823341846466065,0.6
0.20439523568491327,0.30882552253255685,0.40212543061179395,74.7,-267894.2554838696,3.78,-146124.13935483867,1.0,0.3081453901791562,19.26,0.0,1.528903,-0.7184577,-1.4006802,0.6,0.08446269035339356,0.0
0.1837649035124553,0.314173193661787,0.40615741572673736,72.36,-306708.48000000045,2.52,-165150.71999999997,1.0,0.7048860133671084,19.265,0.0,1.528903,-0.7184577,-1.4006802,0.6,0.08446269035339356,0.0
0.1662764455291119,0.3238704790048004,0.41017184747397595,69.66,-314572.80000000034,1.26,-146800.64,1.0,0.36918240913114886,19.27,0.0,1.528903,-0.7184577,-1.4006802,0.6,0.08446269035339356,0.0
0.1526423714507689,0.32609810917470605,0.4131539873470226,66.78,-389664.3716129026,-0.18,-194832.1858064516,1.0,0.6896267586291103,19.275000000000002,0.0,1.528903,-0.7184577,-1.4006802,0.6,0.08446269035339356,0.0
0.1441923873961591,0.33905470860522813,0.4158764494061281,63.18,-487080.4645161292,-0.72,-73062.06967741936,1.0,0.5065157017731323,19.28,8.522881865501404,1.8270288,0.987936,1.0767945,0.6,0.5963808059692383,0.6
0.1405143357972105,0.3536617546010893,0.4193022014072122,59.22,-94.49532821300565,-0.36,8.590484383000511,1.0,0.44547868282113967,19.285,8.522881865501404,1.8270288,0.987936,1.0767945,0.6,0.5963808059692383,0.6
0.13958949458350686,0.36450818723678013,0.4225641129836542,55.26,-227526.62794520552,-0.72,-20684.23890410959,1.0,0.6285897396771176,19.29,8.522881865501404,1.8270288,0.987936,1.0767945,0.6,0.5963808059692383,0.6
0.1391657429552691,0.36882969920922115,0.4251164507352535,50.76,-483958.1538461539,-0.72,0.0,1.0,0.6896267586291103,19.295,8.522881865501404,1.8270288,0.987936,1.0767945,0.6,0.5963808059692383,0.6
0.13988902416045845,0.37273742101207613,0.42802010535892876,46.26,-571950.5454545454,-0.72,0.0,1.0,0.4302194280831415,19.3,20.0,-0.22735235,3.0161788,4.704276,0.23179429471492766,0.6,0.6
0.14338951836126512,0.37371660176412247,0.4305517167578013,41.76,-589824.0,-0.72,0.0,1.0,0.5065157017731323,19.305,20.0,-0.22735235,3.0161788,4.704276,0.23179429471492766,0.6,0.6
0.152806990589169,0.38945759843223526,0.43093813450856566,36.9,-599538.748235294,-0.72,0.0,1.0,0.44547868282113967,19.31,20.0,-0.22735235,3.0161788,4.704276,0.23179429471492766,0.6,0.6
0.16132473083707816,0.3857551859465859,0.42953484650590745,32.22,-594828.5672727273,-0.72,0.0,1.0,0.5828119754631231,19.315,20.0,-0.22735235,3.0161788,4.704276,0.23179429471492766,0.6,0.6
0.1737662887540164,0.3918479913374776,0.4292347026610745,27.36,-637009.9199999999,-0.72,0.0,1.0,0.3997009186071452,19.32,8.522881865501404,-1.6509765,0.44457912,1.3665589,0.0,0.43337373733520507,0.6
0.1908301045203299,0.3819586069889304,0.429527576316182,22.5,-112.98446066612347,-0.8999999999999999,-4.184609654300869,1.0,0.659108249153114,19.325,8.522881865501404,-1.6509765,0.44457912,1.3665589,0.0,0.43337373733520507,0.6
0.2082129044086879,0.38531053799043424,0.4283975137853793,17.82,-276469.61577464786,-0.8999999999999999,0.0,1.0,0.44547868282113967,19.330000000000002,8.522881865501404,-1.6509765,0.44457912,1.3665589,0.0,0.43337373733520507,0.6
0.225002350211038,0.3812345560475903,0.42818091974654443,13.32,-539267.6571428571,-0.8999999999999999,0.0,1.0,0.949034089175079,19.335,8.522881865501404,-1.6509765,0.44457912,1.3665589,0.0,0.43337373733520507,0.6
0.24595154553392093,0.3865697824502929,0.42795638398340885,9.0,-532923.331764706,-1.08,-22205.138823529433,1.0,0.29288613544115805,19.34,0.0,-0.70317274,-1.2640342,1.4681553,0.08904817700386047,0.0,0.6
0.2626117754534813,0.38275211562010314,0.4277068608508384,5.22,-480438.4581818182,-1.08,0.0,1.0,28.446211127048542,19.345,0.0,-0.70317274,-1.2640342,1.4681553,0.08904817700386047,0.0,0.6
0.27336011489701134,0.3828008955104114,0.42791049500266476,2.34,-389664.3716129032,5.22,852390.8129032258,1.0,0.567552720725125,19.35,0.0,-0.70317274,-1.2640342,1.4681553,0.08904817700386047,0.0,0.6
0.28096198852758836,0.3875325621840283,0.4305311860291403,1.44,-111025.69411764704,7.92,333077.0823529412,1.0,0.20133060701316907,19.355,0.0,-0.70317274,-1.2640342,1.4681553,0.08904817700386047,0.0,0.6
0.28515528450860683,0.3932846026135283,0.43204967765973445,2.16,100663.29600000003,7.02,-125829.12000000005,1.0,-3.8881496627704486,19.36,0.0,1.3724128,-2.1011972,-4.1556296,0.6,0.0,0.0
0.2854715301886913,0.395050240998117,0.43275802113477596,4.32,274536.26181818184,2.88,-526194.5018181818,1.0,-0.05807672353279969,19.365000000000002,0.0,1.3724128,-2.1011972,-4.1556296,0.6,0.0,0.0
0.28312153878528185,0.4024828013737678,0.43043771089959926,7.02,63.97476400571695,-1.7999999999999998,-110.88959094324274,1.0,-1.3703726310006967,19.37,0.0,1.3724128,-2.1011972,-4.1556296,0.6,0.0,0.0
0.28074116339636523,0.4097972963646104,0.4287532655204819,7.38,17557.551627906993,0.36,105345.30976744184,1.0,0.6438489944151158,19.375,0.0,1.3724128,-2.1011972,-4.1556296,0.6,0.0,0.0
0.27758592878471106,0.4222128305646722,0.4286180872620571,8.82,154866.60923076927,1.44,116149.95692307693,1.0,0.12503433332317826,19.38,0.0,1.6964264,-1.0476774,1.3175194,0.6,0.0,0.6
0.2737235046171835,0.415044579858022,0.42827098245736084,11.16,272629.76,0.18,-146800.64,1.0,0.24710837122716356,19.385,0.0,1.6964264,-1.0476774,1.3175194,0.6,0.0,0.6
0.27043825282369377,0.42164322593338505,0.4276626673200071,13.5,297414.28363636363,-1.08,-160146.15272727274,1.0,-0.9125949888607519,19.39,0.0,1.6964264,-1.0476774,1.3175194,0.6,0.0,0.6
0.2654516916096829,0.4210650098913597,0.4300035579219304,15.479999999999999,244256.52705882335,-0.54,66615.41647058824,1.0,1.4831080050050147,19.395,0.0,1.6964264,-1.0476774,1.3175194,0.6,0.0,0.6
0.2565110857365227,0.4173036505140163,0.43331552721206845,17.64,244856.66594594615,-0.54,0.0,1.0,0.46073793755913783,19.400000000000002,20.0,1.127137,-0.5666915,5.26325,0.6,0.1299925446510315,0.6
0.24670878753683886,0.4137414542571114,0.4343384022716271,19.62,267894.25548387103,-0.72,-24354.023225806442,1.0,0.2318491164891654,19.405,20.0,1.127137,-0.5666915,5.26325,0.6,0.1299925446510315,0.6
0.2400032214780652,0.4070839616572386,0.4332007160593782,21.779999999999998,50.167766629011815,-0.72,0.0,1.0,0.3997009186071452,19.41,20.0,1.127137,-0.5666915,5.26325,0.6,0.1299925446510315,0.6
0.23720178953657176,0.3993113263234812,0.43320661698636853,23.939999999999998,148519.61704918035,-0.72,0.0,1.0,0.7354045228431048,19.415,20.0,1.127137,-0.5666915,5.26325,0.6,0.1299925446510315,0.6
0.23603458788958276,0.38029854816617364,0.4330190486887627,25.74,209715.20000000007,-0.72,0.0,1.0,0.6133304849391195,19.42,8.522881865501404,1.1854769,0.23760074,1.9291528,0.6,0.3712802231311798,0.6
0.23437694220191876,0.34741458426824545,0.4305301908041468,27.72,267894.25548387103,-0.72,0.0,1.0,0.5980712302011213,19.425,8.522881865501404,1.1854769,0.23760074,1.9291528,0.6,0.3712802231311798,0.6
0.23504064959461576,0.3168014216989018,0.4258013292849608,29.52,251658.2400000001,-0.72,0.0,1.0,0.384441663869147,19.43,8.522881865501404,1.1854769,0.23760074,1.9291528,0.6,0.3712802231311798,0.6
0.2429643174450019,0.29028276562722327,0.4178797364329403,31.32,235929.6000000001,-0.72,0.0,1.0,0.7506637775811029,19.435,8.522881865501404,1.1854769,0.23760074,1.9291528,0.6,0.3712802231311798,0.6
0.25341899188854594,0.26453204483804155,0.4148188720203414,32.94,205902.19636363603,-0.72,0.0,1.0,0.3997009186071452,19.44,0.0,-0.86761034,1.6858593,0.78552604,0.039716899394989014,0.6,0.5356578111648559
0.2639913891417464,0.2360626661529666,0.4149322414834853,34.56,219186.2090322587,-0.72,0.0,1.0,0.8117007965330956,19.445,0.0,-0.86761034,1.6858593,0.78552604,0.039716899394989014,0.6,0.5356578111648559
0.27819099425305976,0.21272836816978394,0.4132722760850094,36.18,219186.20903225773,-0.72,0.0,1.0,0.3539231543931507,19.45,0.0,-0.86761034,1.6858593,0.78552604,0.039716899394989014,0.6,0.5356578111648559
0.29431035758349444,0.19578133022580355,0.41335874927488825,37.62,34.18766350061693,-0.72,0.0,1.0,0.7354045228431048,19.455000000000002,0.0,-0.86761034,1.6858593,0.78552604,0.039716899394989014,0.6,0.5356578111648559
0.30733302322038125,0.16591449413390094,0.4145496535058633,39.059999999999995,105961.36421052615,-0.72,0.0,1.0,0.5522934659871268,19.46,0.0,-1.3130745,2.060825,3.4920743,0.0,0.6,0.6
0.32170849438987176,0.15330365879362817,0.4134715188804272,40.5,167772.16000000056,-0.72,0.0,1.0,0.46073793755913783,19.465,0.0,-1.3130745,2.060825,3.4920743,0.0,0.6,0.6
0.33573243273545056,0.15134974693202152,0.4138740395464464,41.94,201326.59199999968,-0.72,0.0,1.0,0.6285897396771176,19.47,0.0,-1.3130745,2.060825,3.4920743,0.0,0.6,0.6
0.34749702744213895,0.15403147606930745,0.4151094732344502,43.379999999999995,188743.6799999997,-0.72,0.0,1.0,0.659108249153114,19.475,0.0,-1.3130745,2.060825,3.4920743,0.0,0.6,0.6
0.3585856347433116,0.15669401052121304,0.4143814334306726,44.82,183024.17454545517,-0.72,0.0,1.0,0.3997009186071452,19.48,0.0,-1.6135265,2.8232377,4.35017,0.0,0.6,0.6
0.37051987559849836,0.16226918451846714,0.41456122359666114,46.08,155435.97176470564,-0.72,0.0,1.0,0.659108249153114,19.485,0.0,-1.6135265,2.8232377,4.35017,0.0,0.6,0.6
0.378934329424069,0.15114530249091063,0.41572683871119775,47.519999999999996,150994.94399999976,-0.72,0.0,1.0,0.6133304849391195,19.490000000000002,0.0,-1.6135265,2.8232377,4.35017,0.0,0.6,0.6
0.38049419551057756,0.1679249913189092,0.4154577167008934,48.78,29.224073701323956,-0.72,0.0,1.0,0.9032563249610845,19.495,0.0,-1.6135265,2.8232377,4.35017,0.0,0.6,0.6
0.3806185554720667,0.18817097888228768,0.41590016702240235,50.04,72394.83616438345,-0.72,0.0,1.0,0.567552720725125,19.5,0.0,-1.1958643,2.4469187,5.4562836,0.0,0.6,0.6
0.380599581790884,0.20526375829703847,0.41802047443599616,51.12,125829.1199999998,-0.72,0.0,1.0,0.8574785607470901,19.505,0.0,-1.1958643,2.4469187,5.4562836,0.0,0.6,0.6
0.3781262324180738,0.22177699446695223,0.42065153083352746,52.199999999999996,141557.75999999978,-0.72,0.0,1.0,0.49125644703513416,19.51,0.0,-1.1958643,2.4469187,5.4562836,0.0,0.6,0.6
0.37565156086964413,0.2494581276913743,0.4226259737343485,53.1,117964.80000000075,-0.72,0.0,1.0,0.6133304849391195,19.515,0.0,-1.1958643,2.4469187,5.4562836,0.0,0.6,0.6
0.36969933622729517,0.2639992203170157,0.42553341576239423,53.82,88820.55529411751,-0.72,0.0,1.0,0.6133304849391195,19.52,0.0,0.6834856,-0.43065026,1.6607364,0.5050456881523132,0.17080492079257964,0.6
0.35473121496590626,0.2703860112569615,0.42877362211712267,54.36,68634.06545454534,-0.72,0.0,1.0,0.567552720725125,19.525000000000002,0.0,0.6834856,-0.43065026,1.6607364,0.5050456881523132,0.17080492079257964,0.6
0.3340364441922672,0.2841065150467441,0.4312870612711915,54.72,47185.919999999925,-0.54,23592.959999999992,1.0,0.384441663869147,19.53,0.0,0.6834856,-0.43065026,1.6607364,0.5050456881523132,0.17080492079257964,0.6
0.3086473774926629,0.30856316183184657,0.43383140979870344,54.72,0.0,-0.54,0.0,1.0,0.5370342112491286,19.535,0.0,0.6834856,-0.43065026,1.6607364,0.5050456881523132,0.17080492079257964,0.6
0.2827982530326608,0.3257009530374969,0.4366897206256329,54.72,0.0,-0.54,0.0,1.0,0.49125644703513416,19.54,0.0,1.1225986,-0.72697675,2.0487728,0.6,0.08190697431564331,0.6
0.2556921377873011,0.33633365511822283,0.4391341371838672,54.18,-39050.416551724076,-0.72,-13016.805517241375,1.0,0.384441663869147,19.545,0.0,1.1225986,-0.72697675,2.0487728,0.6,0.08190697431564331,0.6
0.23006224727725402,0.3455034837205895,0.4409002632735694,53.64,-66615.41647058813,-0.54,22205.138823529403,1.0,0.4302194280831415,19.55,0.0,1.1225986,-0.72697675,2.0487728,0.6,0.08190697431564331,0.6
0.20523178335479703,0.3627028791720887,0.44301064543346214,52.739999999999995,-114390.10909090981,-0.54,0.0,1.0,0.5370342112491286,19.555,0.0,1.1225986,-0.72697675,2.0487728,0.6,0.08190697431564331,0.6
0.18223216750951438,0.36424449815208226,0.4447579875872995,51.48,-176160.76799999972,-0.54,0.0,1.0,0.5980712302011213,19.56,0.0,2.6107156,-1.941445,-2.4853516,0.6,0.0,0.0
0.1617886247305147,0.3729483731528929,0.44610447642173345,50.04,-188743.6799999997,-0.54,0.0,1.0,0.7964415417950974,19.565,0.0,2.6107156,-1.941445,-2.4853516,0.6,0.0,0.0
0.14530592438782997,0.37915215432012744,0.44767406182113473,48.42,-205902.19636363603,-0.72,-22878.02181818181,1.0,0.384441663869147,19.57,0.0,2.6107156,-1.941445,-2.4853516,0.6,0.0,0.0
0.13864984381009607,0.37571387166943543,0.44874302855039994,46.62,-243540.23225806508,-0.72,0.0,1.0,0.9185155796990827,19.575,0.0,2.6107156,-1.941445,-2.4853516,0.6,0.0,0.0
0.1360397842578124,0.3710399251081173,0.45001569295393395,44.64,-46.02177820140529,-0.72,0.0,1.0,0.5980712302011213,19.580000000000002,20.0,1.9126396,-0.6563368,-1.5066608,0.6,0.1030989646911621,0.0
0.13422254553382879,0.361404540995855,0.4514679110832886,42.48,-164721.75709090938,-0.72,0.0,1.0,0.567552720725125,19.585,20.0,1.9126396,-0.6563368,-1.5066608,0.6,0.1030989646911621,0.0
0.13911768853060613,0.3629415422013017,0.45307172336758983,40.14,-316602.30193548335,-0.72,0.0,1.0,0.5828119754631231,19.59,20.0,1.9126396,-0.6563368,-1.5066608,0.6,0.1030989646911621,0.0
0.1548696491746464,0.35995494439693754,0.45441777349845347,37.8,-338436.9434482764,-0.72,0.0,1.0,0.7201452681051066,19.595,20.0,1.9126396,-0.6563368,-1.5066608,0.6,0.1030989646911621,0.0
0.17153410541146996,0.36714797186489523,0.456713157314137,35.46,-327155.7119999995,-0.72,0.0,1.0,0.5217749565111305,19.6,8.522881865501404,0.06307317,-1.3272337,-1.0257324,0.3189219519495964,0.0,0.0
0.18711846503574003,0.3600570475917341,0.45921217326831476,32.94,-293601.2800000004,-0.72,0.0,1.0,0.567552720725125,19.605,8.522881865501404,0.06307317,-1.3272337,-1.0257324,0.3189219519495964,0.0,0.0
0.2056632263747633,0.3546679516441867,0.4605773760540428,30.419999999999998,-320292.3054545454,-0.72,0.0,1.0,0.5370342112491286,19.61,8.522881865501404,0.06307317,-1.3272337,-1.0257324,0.3189219519495964,0.0,0.0
0.2235777205751771,0.34583730692580456,0.4598542481593626,28.08,-306708.48,-0.72,0.0,1.0,0.6438489944151158,19.615000000000002,8.522881865501404,0.06307317,-1.3272337,-1.0257324,0.3189219519495964,0.0,0.0
0.23914405190357896,0.3325008025992609,0.45887826387223557,25.56,-352321.53599999996,-0.72,0.0,1.0,0.29288613544115805,19.62,0.0,0.025633462,-1.7760867,-2.3897471,0.30769003853201865,0.0,0.0
0.2567038162325014,0.32918356654975084,0.4589373861370689,23.22,-52.78634855753716,-0.72,0.0,1.0,0.5522934659871268,19.625,0.0,0.025633462,-1.7760867,-2.3897471,0.30769003853201865,0.0,0.0
0.2743025926622242,0.30000644852178626,0.4572046224484674,21.06,-102951.09818181819,-0.8999999999999999,-8579.258181818179,1.0,0.5370342112491286,19.63,0.0,0.025633462,-1.7760867,-2.3897471,0.30769003853201865,0.0,0.0
0.28785840525579315,0.28003404648815144,0.4525606803130258,19.08,-207618.04800000004,-0.8999999999999999,0.0,1.0,0.7506637775811029,19.635,0.0,0.025633462,-1.7760867,-2.3897471,0.30769003853201865,0.0,0.0
0.3028528426001354,0.2537839271614188,0.43988570585710535,17.46,-194136.35657142827,-0.8999999999999999,0.0,1.0,0.7201452681051066,19.64,0.0,0.15871486,-1.6528591,1.3624641,0.3476144582033157,0.0,0.6
0.31854429842244325,0.24224916621775508,0.41657168394013294,16.02,-183024.1745454547,-0.8999999999999999,0.0,1.0,0.5065157017731323,19.645,0.0,0.15871486,-1.6528591,1.3624641,0.3476144582033157,0.0,0.6
0.32962151955271396,0.23698160168188026,0.3896416001941983,15.12,-107853.53142857147,-0.72,21570.706285714277,1.0,0.7201452681051066,19.650000000000002,0.0,0.15871486,-1.6528591,1.3624641,0.3476144582033157,0.0,0.6
0.3365029448829832,0.22710474388173266,0.3615368442883386,14.58,-62914.5599999999,-0.72,0.0,1.0,0.9185155796990827,19.655,0.0,0.15871486,-1.6528591,1.3624641,0.3476144582033157,0.0,0.6
0.3402060439959764,0.204561708026242,0.33375702139104174,14.219999999999999,-50331.64800000017,-0.72,0.0,1.0,0.567552720725125,19.66,0.0,0.05452224,-1.5545045,-0.06274059,0.31635667160153386,0.0,0.2811778239905834
0.3419660313620687,0.1764292534494199,0.30648715650653763,14.399999999999999,22205.138823529378,-0.72,0.0,1.0,0.5065157017731323,19.665,0.0,0.05452224,-1.5545045,-0.06274059,0.31635667160153386,0.0,0.2811778239905834
0.3424100365078724,0.16357977342414393,0.2801025158226077,14.94,13.227379314372504,-0.72,0.0,1.0,0.5522934659871268,19.67,0.0,0.05452224,-1.5545045,-0.06274059,0.31635667160153386,0.0,0.2811778239905834
0.3417067510887784,0.14854991893212685,0.2557332728383025,15.66,52067.222068965566,-0.72,0.0,1.0,0.567552720725125,19.675,0.0,0.05452224,-1.5545045,-0.06274059,0.31635667160153386,0.0,0.2811778239905834
0.3402374396384068,0.1455244373606921,0.2329322423962738,16.74,141557.75999999978,-0.72,0.0,1.0,0.46073793755913783,19.68,0.0,-0.2338717,-0.58668244,1.9583722,0.22983849048614502,0.12399526834487914,0.6
0.3382035725248927,0.13525239415069457,0.21145147685411142,18.18,201326.59200000018,-0.72,0.0,1.0,0.659108249153114,19.685,0.0,-0.2338717,-0.58668244,1.9583722,0.22983849048614502,0.12399526834487914,0.6
0.3361014270000463,0.11795284858051407,0.19346795117929722,19.8,234302.49931034498,-0.72,0.0,1.0,0.46073793755913783,19.69,0.0,-0.2338717,-0.58668244,1.9583722,0.22983849048614502,0.12399526834487914,0.6
0.3334437388346775,0.10625708936286721,0.18540929338196607,21.419999999999998,219186.20903225773,-0.72,0.0,1.0,0.6285897396771176,19.695,0.0,-0.2338717,-0.58668244,1.9583722,0.22983849048614502,0.12399526834487914,0.6
0.33059727112091014,0.07748933137252159,0.18404663408858368,23.22,243540.2322580646,-0.54,24354.023225806442,1.0,0.567552720725125,19.7,0.0,-0.8490932,1.745329,4.015637,0.04527204036712646,0.6,0.6
0.3283545642856138,0.08062799421584359,0.181298117126547,25.2,259522.56000000006,-0.54,0.0,1.0,0.5065157017731323,19.705000000000002,0.0,-0.8490932,1.745329,4.015637,0.04527204036712646,0.6,0.6
0.3252936461150685,0.06796320074727602,0.18342599376019736,27.18,44.934108429823624,-0.54,0.0,1.0,0.5370342112491286,19.71,0.0,-0.8490932,1.745329,4.015637,0.04527204036712646,0.6,0.6
0.3222745792813211,0.060879822853486434,0.19059273327500909,29.16,125829.12000000002,-0.54,0.0,1.0,0.6285897396771176,19.715,0.0,-0.8490932,1.745329,4.015637,0.04527204036712646,0.6,0.6
0.31980384733273665,0.04605102039539412,0.19824610403289317,31.14,237277.7691428572,-0.54,0.0,1.0,0.44547868282113967,19.72,0.0,-0.5375568,1.8383493,2.4676652,0.13873295187950133,0.6,0.6
0.3175626299747207,0.0495089061610573,0.2078838821632601,33.12,259522.5599999996,-0.54,0.0,1.0,0.7201452681051066,19.725,0.0,-0.5375568,1.8383493,2.4676652,0.13873295187950133,0.6,0.6
0.31556494750713876,0.03768843661936197,0.22353969830040724,35.1,276824.06400000054,-0.54,0.0,1.0,0.3997009186071452,19.73,0.0,-0.5375568,1.8383493,2.4676652,0.13873295187950133,0.6,0.6
0.31295833015782104,0.03022400458474198,0.24019062079158096,37.08,259522.5599999996,-0.54,0.0,1.0,0.7354045228431048,19.735,0.0,-0.5375568,1.8383493,2.4676652,0.13873295187950133,0.6,0.6
0.3119604463262453,0.04285663867104692,0.2550021172047147,38.879999999999995,235929.59999999963,-0.54,0.0,1.0,0.5522934659871268,19.740000000000002,0.0,-0.8822806,2.0152614,2.6694546,0.03531582355499267,0.6,0.6
0.3109436789699536,0.0453312390274376,0.2712591153925334,40.68,222051.38823529464,-0.54,0.0,1.0,0.4302194280831415,19.745,0.0,-0.8822806,2.0152614,2.6694546,0.03531582355499267,0.6,0.6
0.3089040145068548,0.06462787260361404,0.28733330969702164,42.3,219186.20903225773,-0.54,0.0,1.0,0.659108249153114,19.75,0.0,-0.8822806,2.0152614,2.6694546,0.03531582355499267,0.6,0.6
0.3074935970768591,0.07465884647912018,0.30080080986940494,43.92,38.63432047943425,-0.54,0.0,1.0,0.6133304849391195,19.755,0.0,-0.8822806,2.0152614,2.6694546,0.03531582355499267,0.6,0.6
0.3065417985386835,0.07933058356181678,0.3145101808219151,45.36,109814.50472727255,-0.54,0.0,1.0,0.3997009186071452,19.76,0.0,-1.4871953,2.246477,5.3702183,0.0,0.6,0.6
0.3049948402968928,0.08730950613390907,0.3281458162340661,46.8,183024.17454545427,-0.54,0.0,1.0,0.5828119754631231,19.765,0.0,-1.4871953,2.246477,5.3702183,0.0,0.6,0.6
0.30417164838683947,0.113914974080839,0.33889658338145806,48.239999999999995,201326.59199999968,-0.54,0.0,1.0,0.3081453901791562,19.77,0.0,-1.4871953,2.246477,5.3702183,0.0,0.6,0.6
0.30366798847515314,0.12119153754769553,0.34958037319711577,49.5,176160.7680000007,-0.54,0.0,1.0,0.567552720725125,19.775000000000002,0.0,-1.4871953,2.246477,5.3702183,0.0,0.6,0.6
0.3012943005565035,0.14458385032536564,0.360034284120848,50.58,141557.75999999978,-0.54,0.0,1.0,0.49125644703513416,19.78,0.0,-1.4674058,1.7206737,5.9907484,0.0,0.6,0.6
0.29609291869586246,0.15793441557518878,0.3684489259179916,51.66,141557.75999999978,-0.54,0.0,1.0,0.6438489944151158,19.785,0.0,-1.4674058,1.7206737,5.9907484,0.0,0.6,0.6
0.29058661179058515,0.16806907949361943,0.3759619067841296,52.559999999999995,121770.11612903206,-0.54,0.0,1.0,0.7201452681051066,19.79,0.0,-1.4674058,1.7206737,5.9907484,0.0,0.6,0.6
0.2841259027918036,0.19393929158761528,0.3838813655422587,53.46,20.867184079602122,-0.54,0.0,1.0,0.6743675038911121,19.795,0.0,-1.4674058,1.7206737,5.9907484,0.0,0.6,0.6
0.2733063714772011,0.20804266828188023,0.3903292880712911,54.18,41368.47780821911,-0.54,0.0,1.0,0.6285897396771176,19.8,0.0,-0.21480498,0.17173868,5.8820624,0.2355585068464279,0.35152160525321957,0.6
0.26173907723967677,0.22853390930064318,0.3956268460557931,54.72,61214.16648648639,-0.72,-20404.722162162154,1.0,0.36918240913114886,19.805,0.0,-0.21480498,0.17173868,5.8820624,0.2355585068464279,0.35152160525321957,0.6
0.2507211457727863,0.24038238598800415,0.40118680974952575,55.08,44410.277647058756,-0.72,0.0,1.0,0.567552720725125,19.81,0.0,-0.21480498,0.17173868,5.8820624,0.2355585068464279,0.35152160525321957,0.6
0.2373881982140781,0.24338121005307434,0.4058245042207886,55.44,47185.919999999925,-0.72,0.0,1.0,0.7506637775811029,19.815,0.0,-0.21480498,0.17173868,5.8820624,0.2355585068464279,0.35152160525321957,0.6
0.22179468781622194,0.25918347848814866,0.40933383157851266,55.62,22205.138823529378,-0.72,0.0,1.0,0.41496017334514335,19.82,0.0,1.882218,-1.5475835,2.9040194,0.6,0.0,0.6
0.20367250240639131,0.2611636612062717,0.4130191238416582,55.62,0.0,-0.72,0.0,1.0,0.6438489944151158,19.825,0.0,1.882218,-1.5475835,2.9040194,0.6,0.0,0.6
0.18458508946564972,0.27723205731457223,0.41634678638818695,55.44,-22205.138823529378,-0.72,0.0,1.0,0.4302194280831415,19.830000000000002,0.0,1.882218,-1.5475835,2.9040194,0.6,0.0,0.6
0.16569804998823068,0.29979126448190196,0.4185563490394759,55.08,-45756.04363636357,-0.72,0.0,1.0,0.567552720725125,19.835,0.0,1.882218,-1.5475835,2.9040194,0.6,0.0,0.6
0.14744298912201032,0.30745189426594777,0.42135505620232966,54.36,-17.1528637153665,-0.72,0.0,1.0,0.5217749565111305,19.84,8.522881865501404,2.0638955,-0.38691363,5.32036,0.6,0.18392591178417206,0.6
0.12995638409250082,0.32252060983003555,0.423432944039285,53.64,-55924.05333333324,-0.72,0.0,1.0,0.29288613544115805,19.845,8.522881865501404,2.0638955,-0.38691363,5.32036,0.6,0.18392591178417206,0.6
0.11808062789606004,0.3279367727817739,0.4251171016111849,52.739999999999995,-114390.10909090981,-0.72,0.0,1.0,0.6438489944151158,19.85,8.522881865501404,2.0638955,-0.38691363,5.32036,0.6,0.18392591178417206,0.6
0.1120147754206125,0.3322111866353758,0.42691996935407095,51.48,-165150.71999999974,-0.72,0.0,1.0,0.5370342112491286,19.855,8.522881865501404,2.0638955,-0.38691363,5.32036,0.6,0.18392591178417206,0.6
0.1020963737587785,0.3362470691793792,0.42906724073269487,50.04,-201326.59199999968,-0.72,0.0,1.0,0.4302194280831415,19.86,20.0,1.3546886,-1.1459545,3.9435632,0.6,0.0,0.6
0.08640721024517005,0.34194326107373785,0.43065922625378644,48.6,-183024.17454545427,-0.72,0.0,1.0,0.6285897396771176,19.865000000000002,20.0,1.3546886,-1.1459545,3.9435632,0.6,0.0,0.6
0.08633507969174863,0.3462356858539175,0.4322114737434851,46.8,-228780.21818181872,-0.72,0.0,1.0,0.46073793755913783,19.87,20.0,1.3546886,-1.1459545,3.9435632,0.6,0.0,0.6
0.09549206082508895,0.34987109951028283,0.43401444910845094,45.0,-235929.59999999963,-0.72,0.0,1.0,0.46073793755913783,19.875,20.0,1.3546886,-1.1459545,3.9435632,0.6,0.0,0.6
0.11073303987114524,0.34827402739985897,0.43568087336451394,43.019999999999996,-46.08000000000009,-0.72,0.0,1.0,0.8422193060090919,19.88,20.0,1.2275043,-2.0516942,0.26388142,0.6,0.0,0.3791644245386124
0.12451084654266997,0.3423499334393122,0.4379690971185234,41.04,-159706.1907692305,-0.72,0.0,1.0,0.5370342112491286,19.885,20.0,1.2275043,-2.0516942,0.26388142,0.6,0.0,0.3791644245386124
0.12914334112359413,0.3389310259878939,0.4412592455514803,38.879999999999995,-283115.5200000005,-0.72,0.0,1.0,0.6133304849391195,19.89,20.0,1.2275043,-2.0516942,0.26388142,0.6,0.0,0.3791644245386124
0.1440114796167739,0.3407155622814638,0.44372144973094474,36.72,-292248.27870967693,-0.72,0.0,1.0,0.9185155796990827,19.895,20.0,1.2275043,-2.0516942,0.26388142,0.6,0.0,0.3791644245386124
0.16315147957916334,0.341142854332701,0.44560039940278984,34.56,-312403.3324137926,-0.72,0.0,1.0,0.5828119754631231,19.900000000000002,0.0,0.770035,-0.72587156,1.0607344,0.5310105085372925,0.08223853111267089,0.6
0.17912074612961007,0.3390927726019303,0.4473896658597724,32.22,-297414.2836363641,-0.72,0.0,1.0,0.5522934659871268,19.905,0.0,0.770035,-0.72587156,1.0607344,0.5310105085372925,0.08223853111267089,0.6
0.19464019556024056,0.3205675503561852,0.4488285083114971,29.88,-306708.48,-0.72,0.0,1.0,0.567552720725125,19.91,0.0,0.770035,-0.72587156,1.0607344,0.5310105085372925,0.08223853111267089,0.6
0.21355597132069762,0.3177138796618395,0.44955512859022406,27.54,-306708.48,-0.72,0.0,1.0,0.5980712302011213,19.915,0.0,0.770035,-0.72587156,1.0607344,0.5310105085372925,0.08223853111267089,0.6
0.22877230286896993,0.2982844692074158,0.4501747573273304,25.2,-288666.8047058823,-0.72,0.0,1.0,0.6743675038911121,19.92,0.0,0.97388077,-1.2423176,-4.074993,0.5921642303466796,0.0,0.0
0.24375896771407263,0.2789346030065516,0.45036842595133136,22.86,-55.87343295817464,-0.8999999999999999,-4.297956381398048,1.0,0.5980712302011213,19.925,0.0,0.97388077,-1.2423176,-4.074993,0.5921642303466796,0.0,0.0
0.2613827628756961,0.26839349924403333,0.44976389666864036,20.7,-177641.11058823531,-0.8999999999999999,0.0,1.0,0.3997009186071452,19.93,0.0,0.97388077,-1.2423176,-4.074993,0.5921642303466796,0.0,0.0
0.2765211906638673,0.24808172212400342,0.44915502686936365,18.72,-259522.56000000006,-0.8999999999999999,0.0,1.0,0.7811822870570992,19.935,0.0,0.97388077,-1.2423176,-4.074993,0.5921642303466796,0.0,0.0
0.28971428033917146,0.23067429047122076,0.448752315465494,16.919999999999998,-251658.2400000001,-0.8999999999999999,0.0,1.0,0.5370342112491286,19.94,0.0,0.8373356,-1.2062325,-2.0692005,0.5512006759643554,0.0,0.0
0.30577007665697625,0.20970079242703835,0.44830881983994103,15.479999999999999,-208268.888275862,-0.8999999999999999,0.0,1.0,0.46073793755913783,19.945,0.0,0.8373356,-1.2062325,-2.0692005,0.5512006759643554,0.0,0.0
0.3189331028151245,0.18609629164688754,0.44827030355293757,14.399999999999999,-119206.5347368421,-0.8999999999999999,0.0,1.0,0.5980712302011213,19.95,0.0,0.8373356,-1.2062325,-2.0692005,0.5512006759643554,0.0,0.0
0.329181023479313,0.1682527818864869,0.4479408826207516,13.68,-94371.83999999985,-0.8999999999999999,0.0,1.0,0.567552720725125,19.955000000000002,0.0,0.8373356,-1.2062325,-2.0692005,0.5512006759643554,0.0,0.0
0.3415728803032543,0.13676162599465805,0.4470693501588053,13.32,-47185.919999999925,-0.8999999999999999,0.0,1.0,0.29288613544115805,19.96,0.0,0.9650043,-1.7442472,-3.9946513,0.5895012974739074,0.0,0.0
0.35204875634778393,0.1324949840177008,0.44641465196722213,13.5,4.09582222993793,-0.8999999999999999,0.0,1.0,0.567552720725125,19.965,0.0,0.9650043,-1.7442472,-3.9946513,0.5895012974739074,0.0,0.0
0.35935884078615243,0.10570272157386891,0.4464235844556223,14.04,37748.73599999994,-0.8999999999999999,0.0,1.0,0.5370342112491286,19.97,0.0,0.9650043,-1.7442472,-3.9946513,0.5895012974739074,0.0,0.0
0.3682331791808885,0.0808738025555161,0.4459264388828964,14.94,114390.10909090913,-0.8999999999999999,0.0,1.0,0.6438489944151158,19.975,0.0,0.9650043,-1.7442472,-3.9946513,0.5895012974739074,0.0,0.0
0.37744853069659084,0.07573064569975511,0.44409334876833306,16.2,170478.16258064512,-0.8999999999999999,0.0,1.0,0.41496017334514335,19.98,0.0,0.8091728,-1.3693783,-2.1545577,0.5427518427371979,0.0,0.0
0.38414666661856073,0.07158231088543451,0.44170855838728645,18.0,260336.1103448277,-0.8999999999999999,0.0,1.0,0.44547868282113967,19.985,0.0,0.8091728,-1.3693783,-2.1545577,0.5427518427371979,0.0,0.0
0.3909541652539938,0.0683360604747634,0.4374177323618878,20.16,301989.88800000004,-0.8999999999999999,0.0,1.0,0.5370342112491286,19.990000000000002,0.0,0.8091728,-1.3693783,-2.1545577,0.5427518427371979,0.0,0.0
0.3973928107398573,0.06243607711661216,0.4216595422427429,22.5,297414.28363636363,-0.8999999999999999,0.0,1.0,0.5828119754631231,19.995,0.0,0.8091728,-1.3693783,-2.1545577,0.5427518427371979,0.0,0.0
0.4015533757843281,0.04555819817130863,0.398824578894077,25.2,365310.34838709666,-0.72,24354.023225806442,1.0,0.5980712302011213,20.0,0.0,0.3373082,-0.83074784,2.4641151,0.40119245946407317,0.05077564716339111,0.6
0.40602383920375124,0.022721844083306776,0.37180306416045583,28.259999999999998,427819.0079999998,-0.72,0.0,1.0,0.33866389965515253,20.005,0.0,0.3373082,-0.83074784,2.4641151,0.40119245946407317,0.05077564716339111,0.6
0.4106872420227637,0.0180773516941355,0.3448127828689101,31.32,74.73865483386331,-0.72,0.0,1.0,0.4302194280831415,20.01,0.0,0.3373082,-0.83074784,2.4641151,0.40119245946407317,0.05077564716339111,0.6
0.41457625000956516,0.01710530177718671,0.3169768183575017,34.56,222779.42557377063,-0.72,0.0,1.0,0.7201452681051066,20.015,0.0,0.3373082,-0.83074784,2.4641151,0.40119245946407317,0.05077564716339111,0.6
0.41838431925075875,0.019752788082032194,0.29026345816249394,37.98,387689.7210810805,-0.72,0.0,1.0,0.33866389965515253,20.02,0.0,-0.09273725,-1.559364,1.1685661,0.2721788249909878,0.0,0.6
0.42273840429241094,0.01285864583535264,0.26477627692707995,41.4,462726.4412903228,-0.54,24354.023225806442,1.0,0.475997192297136,20.025000000000002,0.0,-0.09273725,-1.559364,1.1685661,0.2721788249909878,0.0,0.6
0.4263033114593632,0.015890860319922217,0.24104600977725926,45.0,487080.4645161292,-0.54,0.0,1.0,0.5370342112491286,20.03,0.0,-0.09273725,-1.559364,1.1685661,0.2721788249909878,0.0,0.6
0.4296175883933443,0.011194821232110234,0.21881467838539753,48.6,397355.1157894738,-0.54,0.0,1.0,0.5065157017731323,20.035,0.0,-0.09273725,-1.559364,1.1685661,0.2721788249909878,0.0,0.6
0.43306501024220195,0.0074386338987698485,0.2003062232765805,52.199999999999996,471859.19999999925,-0.54,0.0,1.0,0.4302194280831415,20.04,0.0,0.36229196,-1.5480319,3.7653227,0.40868758857250215,0.0,0.6
0.4364410398614787,0.009059573013955987,0.1884382415494267,55.8,471859.2000000002,-0.54,0.0,1.0,0.6438489944151158,20.045,0.0,0.36229196,-1.5480319,3.7653227,0.40868758857250215,0.0,0.6
0.43837442097214485,0.012130147970326237,0.18206107204728408,59.4,487080.4645161292,-0.54,0.0,1.0,0.6133304849391195,20.05,0.0,0.36229196,-1.5480319,3.7653227,0.40868758857250215,0.0,0.6
0.4388584594975462,0.01510429064712841,0.17870736064664727,62.82,78.85807094990192,-0.54,0.0,1.0,0.6743675038911121,20.055,0.0,0.36229196,-1.5480319,3.7653227,0.40868758857250215,0.0,0.6
0.43847105710958745,0.017981976424061685,0.1782823095927128,66.06,202829.02925373148,-0.36,11268.279402985077,1.0,0.5980712302011213,20.06,0.0,0.26354852,-1.9667383,3.1243982,0.3790645569562912,0.0,0.6
0.4370267079670304,0.015915708540116428,0.17976980045854776,69.3,377487.3599999994,0.0,41943.04,1.0,0.659108249153114,20.065,0.0,0.26354852,-1.9667383,3.1243982,0.3790645569562912,0.0,0.6
0.43505658594324875,0.0051498126234841325,0.18123514500302693,72.36,401080.3200000003,0.54,70778.88,1.0,0.5522934659871268,20.07,0.0,0.26354852,-1.9667383,3.1243982,0.3790645569562912,0.0,0.6
0.4344519883275771,0.005577674918481981,0.18638742381064977,75.24,389664.3716129026,1.08,73062.06967741936,1.0,0.7201452681051066,20.075,0.0,0.26354852,-1.9667383,3.1243982,0.3790645569562912,0.0,0.6
0.4335623681652359,-0.007412652077026064,0.20173585771455865,77.94,390504.1655172418,1.98,130168.05517241378,1.0,0.5217749565111305,20.080000000000002,0.0,0.419885,-1.8747281,2.427102,0.4259655028581619,0.0,0.6
0.4316591426008829,-0.00883118007264223,0.21888197166291706,80.46,340956.3251612898,2.88,121770.11612903225,1.0,0.36918240913114886,20.085,0.0,0.419885,-1.8747281,2.427102,0.4259655028581619,0.0,0.6
0.4307526208507766,-0.005425867125940793,0.23495013040130555,82.61999999999999,274536.2618181814,3.96,137268.13090909092,1.0,0.6743675038911121,20.09,0.0,0.419885,-1.8747281,2.427102,0.4259655028581619,0.0,0.6
0.43029525096983856,-0.007866875920543321,0.2518984205554171,84.42,40.90740096555562,5.22,28.635180675888744,1.0,0.7659230323191011,20.095,0.0,0.419885,-1.8747281,2.427102,0.4259655028581619,0.0,0.6
0.42918754320295766,-0.0027337883072173492,0.2691971028186262,86.03999999999999,119206.5347368414,6.66,105961.36421052634,1.0,0.6133304849391195,20.1,0.0,0.21356058,-0.86837906,4.2724476,0.3640681743621826,0.03948628306388855,0.6
0.4289952558772321,-0.0078039591724370925,0.28308645532314597,86.94,107853.53142857211,8.1,172565.65028571422,1.0,0.5217749565111305,20.105,0.0,0.21356058,-0.86837906,4.2724476,0.3640681743621826,0.03948628306388855,0.6
0.4285292447127732,-0.01577770215038654,0.2979744219986678,87.66,97416.09290322565,9.54,194832.18580645154,1.0,0.5217749565111305,20.11,0.0,0.21356058,-0.86837906,4.2724476,0.3640681743621826,0.03948628306388855,0.6
0.42819583664937805,-0.015178609325142083,0.3125933801289671,88.02,50331.64799999992,10.799999999999999,176160.76799999998,1.0,0.5065157017731323,20.115000000000002,0.0,0.21356058,-0.86837906,4.2724476,0.3640681743621826,0.03948628306388855,0.6
0.4277619527255823,-0.02043781755447708,0.3249717071387412,88.02,0.0,11.52,97416.09290322589,1.0,0.659108249153114,20.12,0.0,-0.81302494,1.2913828,2.8793879,0.056092518568038936,0.6,0.6
0.42641246802024396,-0.023927022145166798,0.3380115711049396,88.02,0.0,11.52,0.0,1.0,0.5370342112491286,20.125,0.0,-0.81302494,1.2913828,2.8793879,0.056092518568038936,0.6,0.6
0.4263064094659817,-0.013779839751337343,0.35078148220945077,87.84,-22878.021818180878,10.98,-68634.06545454534,1.0,0.5370342112491286,20.13,0.0,-0.81302494,1.2913828,2.8793879,0.056092518568038936,0.6,0.6
0.4262883758333589,-0.009771001454280089,0.3606382770349491,87.47999999999999,-47185.92000000179,9.719999999999999,-165150.7200000002,1.0,0.7811822870570992,20.135,0.0,-0.81302494,1.2913828,2.8793879,0.056092518568038936,0.6,0.6
0.42583203713013235,-0.01547889577267345,0.3692282720204483,87.11999999999999,-8.575993457036228,7.739999999999999,-47.16796401369932,1.0,0.8422193060090919,20.14,0.0,-1.00112,1.5944189,2.6097484,0.0,0.6,0.6
0.42509431446504453,-0.017320266912173764,0.3786749181966683,86.75999999999999,-21570.706285714252,5.3999999999999995,-140209.59085714284,1.0,0.475997192297136,20.145,0.0,-1.00112,1.5944189,2.6097484,0.0,0.6,0.6
0.42529550269392763,-0.02028113005306263,0.3854485027282469,86.22,-61214.166486485585,2.52,-326475.5545945945,1.0,0.5522934659871268,20.150000000000002,0.0,-1.00112,1.5944189,2.6097484,0.0,0.6,0.6
0.42490554046713025,-0.018302775751856227,0.39184981980597783,85.67999999999999,-68634.06545454625,-0.72,-411804.39272727276,1.0,0.7048860133671084,20.155,0.0,-1.00112,1.5944189,2.6097484,0.0,0.6,0.6
0.42434585793239554,-0.024950226449233448,0.3991569331487776,83.34,-327155.7119999985,-0.36,50331.648,1.0,0.8727378154850882,20.16,0.0,-1.1321361,2.1782186,3.0487103,0.0,0.6,0.6
0.421633544764853,-0.016005803565505832,0.4072360587837975,81.53999999999999,-222051.3882352955,0.54,111025.69411764706,1.0,0.2776268807031599,20.165,0.0,-1.1321361,2.1782186,3.0487103,0.0,0.6,0.6
0.4165549428446275,-0.026424848370778794,0.4146165408474755,79.92,-212336.63999999873,0.18,-47185.920000000006,1.0,0.8117007965330956,20.17,0.0,-1.1321361,2.1782186,3.0487103,0.0,0.6,0.6
0.41201852540788053,-0.01564072433383433,0.42203034255882693,78.11999999999999,-243540.23225806604,-0.72,-121770.11612903225,1.0,0.6438489944151158,20.175,0.0,-1.1321361,2.1782186,3.0487103,0.0,0.6,0.6
0.4018755069095251,0.010259647977643256,0.42803013896187525,75.78,-54.191470203355706,-0.54,4.168574631027379,1.0,0.7354045228431048,20.18,0.0,-1.324142,2.3787081,3.3652864,0.0,0.6,0.6
0.38633371596159866,0.028222700795953806,0.4332601165511236,73.8,-156692.86641509464,-0.72,-14244.806037735843,1.0,0.384441663869147,20.185,0.0,-1.324142,2.3787081,3.3652864,0.0,0.6,0.6
0.37129498183556114,0.03687055440549705,0.4386174141454885,71.46,-316602.30193548434,-0.72,0.0,1.0,0.5217749565111305,20.19,0.0,-1.324142,2.3787081,3.3652864,0.0,0.6,0.6
0.3549273272436795,0.06608400125169965,0.4434092354083877,69.12,-316602.3019354824,-0.72,0.0,1.0,0.6285897396771176,20.195,0.0,-1.324142,2.3787081,3.3652864,0.0,0.6,0.6
0.3358936639633421,0.07475452597760976,0.44623528570250154,66.78,-327155.71200000047,-0.72,0.0,1.0,0.6133304849391195,20.2,0.0,-0.95536685,2.0062985,4.245947,0.013389945030212402,0.6,0.6
0.3136905108629995,0.08618399363868368,0.4484612211459525,64.44,-306708.48000000045,-0.72,0.0,1.0,0.5370342112491286,20.205000000000002,0.0,-0.95536685,2.0062985,4.245947,0.013389945030212402,0.6,0.6
0.2893305850700184,0.10206556003266223,0.4509459337525276,61.919999999999995,-340956.32516129076,-0.72,0.0,1.0,0.46073793755913783,20.21,0.0,-0.95536685,2.0062985,4.245947,0.013389945030212402,0.6,0.6
0.26410982058080895,0.12449135505474968,0.45226773694266414,59.4,-310871.9435294113,-0.72,0.0,1.0,0.6743675038911121,20.215,0.0,-0.95536685,2.0062985,4.245947,0.013389945030212402,0.6,0.6
0.2393027287989038,0.14371474733328737,0.45331938257621984,56.699999999999996,-377487.3600000004,-0.72,0.0,1.0,0.6285897396771176,20.22,0.0,-0.14473182,0.32227474,-0.2749493,0.25658045411109925,0.3966824233531952,0.2175152063369751
0.21519502380501127,0.16293955523285236,0.45407975065396877,54.0,-64.44843269821747,-0.72,0.0,1.0,0.5217749565111305,20.225,0.0,-0.14473182,0.32227474,-0.2749493,0.25658045411109925,0.3966824233531952,0.2175152063369751
0.1923327950614995,0.17698345597780907,0.4544438783438616,51.12,-185839.93107692324,-0.72,0.0,1.0,0.5217749565111305,20.23,0.0,-0.14473182,0.32227474,-0.2749493,0.25658045411109925,0.3966824233531952,0.2175152063369751
0.17095154196817605,0.18941420013967297,0.45466936529295576,48.239999999999995,-345131.3005714289,-0.72,0.0,1.0,0.5065157017731323,20.235,0.0,-0.14473182,0.32227474,-0.2749493,0.25658045411109925,0.3966824233531952,0.2175152063369751
0.15257540864412675,0.20669875992075132,0.45485945985724585,45.36,-366048.34909090854,-0.72,0.0,1.0,0.49125644703513416,20.240000000000002,0.0,2.0497808,-1.2579666,-4.0032535,0.6,0.0,0.0
0.13360466466866694,0.21688885478625508,0.45544291534578574,42.3,-366702.00685714313,-0.72,0.0,1.0,0.475997192297136,20.245,0.0,2.0497808,-1.2579666,-4.0032535,0.6,0.0,0.0
0.1233429457725782,0.2424427649739757,0.45525150595823116,39.24,-401080.31999999937,-0.72,0.0,1.0,0.41496017334514335,20.25,0.0,2.0497808,-1.2579666,-4.0032535,0.6,0.0,0.0
0.10530338390166216,0.2583866704141815,0.4554885286956264,36.18,-388926.3709090912,-0.72,0.0,1.0,0.5217749565111305,20.255,0.0,2.0497808,-1.2579666,-4.0032535,0.6,0.0,0.0
0.08578639619466995,0.2710733474940248,0.4554905552704778,32.94,-424673.28000000026,-0.72,0.0,1.0,0.36918240913114886,20.26,8.522881865501404,2.1064103,-0.6929763,-5.159775,0.6,0.09210711121559143,0.0
0.08509346010678293,0.28721891499720925,0.45454633658574783,29.7,-75.09985996363693,-0.72,0.0,1.0,0.46073793755913783,20.265,8.522881865501404,2.1064103,-0.6929763,-5.159775,0.6,0.09210711121559143,0.0
0.07294659105037907,0.2943846853945426,0.4537901788275219,26.459999999999997,-137268.130909091,-0.72,0.0,1.0,0.7354045228431048,20.27,8.522881865501404,2.1064103,-0.6929763,-5.159775,0.6,0.09210711121559143,0.0
0.07155062747411015,0.30200499923379787,0.45349290387754004,23.04,-318767.1039999998,-0.72,0.0,1.0,0.5828119754631231,20.275000000000002,8.522881865501404,2.1064103,-0.6929763,-5.159775,0.6,0.09210711121559143,0.0
0.07720065658660169,0.3091247224727384,0.45238609520159073,19.62,-409843.4194285712,-0.72,0.0,1.0,0.5828119754631231,20.28,20.0,0.24293849,-0.010049555,-1.0577818,0.37288154661655426,0.29698513336479665,0.0
0.0841984981108499,0.31807200178346234,0.45009002346282945,16.2,-448266.2400000002,-0.72,0.0,1.0,0.6438489944151158,20.285,20.0,0.24293849,-0.010049555,-1.0577818,0.37288154661655426,0.29698513336479665,0.0
0.08489773934003333,0.3182244677305592,0.4495208298805894,12.6,-431414.12571428565,-0.72,0.0,1.0,0.6743675038911121,20.29,20.0,0.24293849,-0.010049555,-1.0577818,0.37288154661655426,0.29698513336479665,0.0
0.1002540430583698,0.31615656482408483,0.44846333252410703,9.0,-457560.43636363634,-0.72,0.0,1.0,0.475997192297136,20.295,20.0,0.24293849,-0.010049555,-1.0577818,0.37288154661655426,0.29698513336479665,0.0
0.11400681140841035,0.31368479301482477,0.44315455453506625,5.76,-388272.7131428572,-0.72,0.0,1.0,0.7354045228431048,20.3,8.522881865501404,0.16105117,-1.5339491,-3.8214664,0.3483153507113457,0.0,0.0
0.12273865194373154,0.3175857852019753,0.4280690387242391,2.6999999999999997,-377487.36,3.2399999999999998,488513.05411764706,1.0,0.1860713522751709,20.305,8.522881865501404,0.16105117,-1.5339491,-3.8214664,0.3483153507113457,0.0,0.0
0.14181628694393097,0.30775853620619414,0.4077800788726931,0.54,-51.36639550047058,8.64,128.41598875117649,1.0,-1.492446668904682,20.31,8.522881865501404,0.16105117,-1.5339491,-3.8214664,0.3483153507113457,0.0,0.0
0.16201221068534072,0.30464677450485883,0.3825071600492102,-0.18,-41368.47780821918,10.98,134447.55287671232,1.0,-3.7813348796044615,20.315,8.522881865501404,0.16105117,-1.5339491,-3.8214664,0.3483153507113457,0.0,0.0
0.17522148950020935,0.305498906577957,0.3538716215796897,-0.0,19358.326153846152,11.34,38716.652307692246,1.0,0.5370342112491286,20.32,0.0,-0.03264994,-1.2860988,0.57254255,0.29020501747727395,0.0,0.47176276445388793
0.19117968875256333,0.2977903324196525,0.32325797373686654,1.08,129424.23771428573,10.08,-150994.944,1.0,-0.5921506393627904,20.325,0.0,-0.03264994,-1.2860988,0.57254255,0.29020501747727395,0.0,0.47176276445388793
0.2092778755846326,0.2834223468326633,0.29421251510909285,2.88,228780.21818181817,7.38,-343170.32727272727,1.0,0.49125644703513416,20.330000000000002,0.0,-0.03264994,-1.2860988,0.57254255,0.29020501747727395,0.0,0.47176276445388793
0.2223748869462973,0.2825281727448901,0.2664857290367887,5.22,258280.82526315787,3.78,-397355.1157894737,1.0,0.9795525986510754,20.335,0.0,-0.03264994,-1.2860988,0.57254255,0.29020501747727395,0.0,0.47176276445388793
0.2340961918703873,0.27592995337527315,0.24240604673111452,7.92,353894.4,-0.54,-566231.04,1.0,1.0863673818170625,20.34,0.0,0.45885772,-1.7010803,1.5659074,0.4376573145389557,0.0,0.6
0.24714909568713445,0.2764713772530098,0.21951519542185616,8.82,117964.80000000005,-0.36,23592.960000000006,1.0,-2.408001953184627,20.345,0.0,0.45885772,-1.7010803,1.5659074,0.4376573145389557,0.0,0.6
0.25685610135836073,0.2739782152720167,0.19912729063109244,10.44,37.60958055195774,1.6199999999999999,45.967265119059476,1.0,-0.10385448774679418,20.35,0.0,0.45885772,-1.7010803,1.5659074,0.4376573145389557,0.0,0.6
0.2655554729023536,0.2790933911020488,0.17968702219828017,12.24,134816.91428571433,2.6999999999999997,80890.14857142857,1.0,2.383404034546963,20.355,0.0,0.45885772,-1.7010803,1.5659074,0.4376573145389557,0.0,0.6
0.2741536597057231,0.25977878169572277,0.16236174669760858,14.04,228780.21818181805,3.96,160146.15272727277,1.0,1.1016266365550607,20.36,0.0,0.113181524,-0.53481835,1.8658086,0.33395445719361305,0.1395544946193695,0.6
0.2791233137890192,0.2484146584048746,0.14584502621501505,16.38,306708.48,4.32,47185.92000000004,1.0,0.09451582384718193,20.365000000000002,0.0,0.113181524,-0.53481835,1.8658086,0.33395445719361305,0.1395544946193695,0.6
0.28206058157600206,0.22351848954975584,0.13132569323098903,18.72,350523.9771428571,4.5,26963.382857142813,1.0,1.2847376934110386,20.37,0.0,0.113181524,-0.53481835,1.8658086,0.33395445719361305,0.1395544946193695,0.6
0.2843259835927302,0.21829246153585646,0.1201245026906351,21.24,330301.43999999994,4.5,0.0,1.0,0.7659230323191011,20.375,0.0,0.113181524,-0.53481835,1.8658086,0.33395445719361305,0.1395544946193695,0.6
0.2853330959423539,0.19007314708604667,0.11646004312557813,23.939999999999998,323560.5942857142,4.32,-21570.706285714252,1.0,0.6896267586291103,20.38,0.0,-0.13760385,0.24688151,2.1930592,0.25871884524822236,0.37406445443630215,0.6
0.2871280886098898,0.17251930090861506,0.11638805956238753,26.459999999999997,340956.32516129024,3.96,-48708.04645161294,1.0,0.33866389965515253,20.385,0.0,-0.13760385,0.24688151,2.1930592,0.25871884524822236,0.37406445443630215,0.6
0.2933722342348185,0.15318485849976912,0.116866642278207,28.98,330301.4400000004,3.78,-23592.96000000002,1.0,0.659108249153114,20.39,0.0,-0.13760385,0.24688151,2.1930592,0.25871884524822236,0.37406445443630215,0.6
0.299807796311266,0.13281161580368017,0.12546234752292837,31.68,64.3312776931991,3.2399999999999998,-12.866255538639825,1.0,0.6438489944151158,20.395,0.0,-0.13760385,0.24688151,2.1930592,0.25871884524822236,0.37406445443630215,0.6
0.30517902346664905,0.12746532426216892,0.14323206143316963,34.199999999999996,179146.54372881327,2.88,-25592.363389830498,1.0,0.7506637775811029,20.400000000000002,0.0,-0.9478437,1.5316008,3.950766,0.015646898746490476,0.6,0.6
0.3130106558903788,0.12209940257989307,0.16003636636700078,36.9,314572.80000000034,2.52,-41943.039999999986,1.0,0.33866389965515253,20.405,0.0,-0.9478437,1.5316008,3.950766,0.015646898746490476,0.6,0.6
0.32116982249518083,0.10359641493297472,0.17647992883307106,39.42,278148.5810526319,2.16,-39735.51157894736,1.0,0.659108249153114,20.41,0.0,-0.9478437,1.5316008,3.950766,0.015646898746490476,0.6,0.6
0.3273555065783828,0.09378969187020346,0.1945291820367738,41.76,327155.7119999995,1.6199999999999999,-75497.47200000004,1.0,0.5217749565111305,20.415,0.0,-0.9478437,1.5316008,3.950766,0.015646898746490476,0.6,0.6
0.3319642765115809,0.08415340847864876,0.2107892638196421,44.1,297414.2836363641,1.26,-45756.04363636362,1.0,0.659108249153114,20.42,0.0,-1.0783153,2.081626,3.1085596,0.0,0.6,0.6
0.33509004803851966,0.07481997449678598,0.22467111104333198,46.44,288666.8047058819,1.08,-22205.138823529403,1.0,0.36918240913114886,20.425,0.0,-1.0783153,2.081626,3.1085596,0.0,0.6,0.6
0.3369349425566002,0.08997880202183517,0.24024372258807247,48.6,292248.2787096779,0.72,-48708.046451612914,1.0,0.567552720725125,20.43,0.0,-1.0783153,2.081626,3.1085596,0.0,0.6,0.6
0.33689729110637223,0.09479077444685369,0.25465448146348546,50.76,50.02400039755496,0.18,-12.50600009938876,1.0,0.29288613544115805,20.435,0.0,-1.0783153,2.081626,3.1085596,0.0,0.6,0.6
0.3369910721264119,0.11693292925129303,0.26692721790491625,52.919999999999995,119206.53473684192,-0.18,-19867.755789473682,1.0,0.7048860133671084,20.44,0.0,-1.2766085,2.2152095,5.2726126,0.0,0.6,0.6
0.33655943374375447,0.11939642782286931,0.2800564468366461,54.9,237277.7691428576,-0.72,-64712.118857142865,1.0,0.32340464491715437,20.445,0.0,-1.2766085,2.2152095,5.2726126,0.0,0.6,0.6
0.3353627650742281,0.12679227466738444,0.29339605491389753,56.519999999999996,194136.35657142827,-0.54,21570.706285714277,1.0,0.6285897396771176,20.45,0.0,-1.2766085,2.2152095,5.2726126,0.0,0.6,0.6
0.334084875079343,0.15591830397908943,0.30425555538147947,58.14,205902.19636363693,-0.54,0.0,1.0,0.5522934659871268,20.455000000000002,0.0,-1.2766085,2.2152095,5.2726126,0.0,0.6,0.6
0.3337140923025451,0.1621988813290031,0.31555260353565706,59.76,226492.41599999965,-0.54,0.0,1.0,0.5217749565111305,20.46,0.0,-1.0013006,1.3901373,5.2651834,0.0,0.6,0.6
0.3323293539260945,0.16991265860238047,0.3267282606247023,61.019999999999996,165150.71999999974,-0.54,0.0,1.0,0.659108249153114,20.465,0.0,-1.0013006,1.3901373,5.2651834,0.0,0.6,0.6
0.3290531681498913,0.1910390580789101,0.3360081027034414,62.28,155435.9717647065,-0.54,0.0,1.0,0.7506637775811029,20.47,0.0,-1.0013006,1.3901373,5.2651834,0.0,0.6,0.6
0.3207660366857385,0.20345780418171175,0.34457683178908627,63.36,146124.13935483847,-0.54,0.0,1.0,0.3539231543931507,20.475,0.0,-1.0013006,1.3901373,5.2651834,0.0,0.6,0.6
0.3036874416230641,0.21545732808902807,0.35356485678886107,64.08,16.28258718485127,-0.54,0.0,1.0,0.5980712302011213,20.48,0.0,0.21560742,-0.17038709,4.9401526,0.364682225883007,0.24888387322425842,0.6
0.28318358523016973,0.23306368794009302,0.36083607701501325,64.8,44410.277647058756,-0.54,0.0,1.0,0.3997009186071452,20.485,0.0,0.21560742,-0.17038709,4.9401526,0.364682225883007,0.24888387322425842,0.6
0.25916856477471417,0.2596302843551508,0.3671251125884418,64.98,21570.706285715103,-0.54,0.0,1.0,0.6743675038911121,20.490000000000002,0.0,0.21560742,-0.17038709,4.9401526,0.364682225883007,0.24888387322425842,0.6
0.2351264397864154,0.2702984702112778,0.37463226290981416,64.98,0.0,-0.54,0.0,1.0,0.384441663869147,20.495,0.0,0.21560742,-0.17038709,4.9401526,0.364682225883007,0.24888387322425842,0.6
0.21050924813409178,0.2868049755272257,0.3806246803521124,64.8,-24354.023225807374,-0.54,0.0,1.0,0.7048860133671084,20.5,0.0,2.2712939,-1.6229783,0.37455583,0.6,0.0,0.41236674785614014
0.18792328602042432,0.2889215824750382,0.3857769166939043,64.25999999999999,-70778.88000000082,-0.54,0.0,1.0,0.24710837122716356,20.505,0.0,2.2712939,-1.6229783,0.37455583,0.6,0.0,0.41236674785614014
0.16596378861421002,0.2974614351072024,0.391090821295351,63.36,-114390.10909090801,-0.54,0.0,1.0,0.567552720725125,20.51,0.0,2.2712939,-1.6229783,0.37455583,0.6,0.0,0.41236674785614014
0.14730435090713279,0.3042139886406043,0.3956850392363746,62.28,-141557.75999999978,-0.54,0.0,1.0,0.5217749565111305,20.515,0.0,2.2712939,-1.6229783,0.37455583,0.6,0.0,0.41236674785614014
0.1298752116202001,0.321108106552305,0.39929537723355546,61.019999999999996,-165150.72000000067,-0.54,0.0,1.0,0.6896267586291103,20.52,8.522881865501404,1.9659545,0.16065153,3.566259,0.6,0.34819546043872834,0.6
0.11554995457999982,0.3285695590940903,0.40357228569675824,59.4,-39.427927628906595,-0.54,0.0,1.0,0.46073793755913783,20.525000000000002,8.522881865501404,1.9659545,0.16065153,3.566259,0.6,0.34819546043872834,0.6
0.10235651024945004,0.3361712568363677,0.4074966838866241,57.419999999999995,-113763.31397260296,-0.54,0.0,1.0,0.5370342112491286,20.53,8.522881865501404,1.9659545,0.16065153,3.566259,0.6,0.34819546043872834,0.6
0.10053349120519908,0.3396261077906868,0.41043462160468525,55.44,-230686.71999999962,-0.72,-20971.519999999993,1.0,0.5217749565111305,20.535,8.522881865501404,1.9659545,0.16065153,3.566259,0.6,0.34819546043872834,0.6
0.10581990389334835,0.3365453964109298,0.41341325453113875,53.1,-280419.1817142853,-0.72,0.0,1.0,0.44547868282113967,20.54,20.0,0.48112744,-0.8146914,2.5610092,0.44433823227882385,0.055592572689056395,0.6
0.10321871625424367,0.33569144552898494,0.4167671978226683,50.76,-327155.71200000047,-0.72,0.0,1.0,0.567552720725125,20.545,20.0,0.48112744,-0.8146914,2.5610092,0.44433823227882385,0.055592572689056395,0.6
0.12209548930959958,0.3258556788450067,0.4196016458845938,48.239999999999995,-320292.3054545458,-0.72,0.0,1.0,0.7048860133671084,20.55,20.0,0.48112744,-0.8146914,2.5610092,0.44433823227882385,0.055592572689056395,0.6
0.14034250654202812,0.33289842227929095,0.42147166104029454,45.72,-330301.4399999995,-0.72,0.0,1.0,0.46073793755913783,20.555,20.0,0.48112744,-0.8146914,2.5610092,0.44433823227882385,0.055592572689056395,0.6
0.14826996645789264,0.3293127225147998,0.4227155618778286,43.019999999999996,-390504.1655172418,-0.72,0.0,1.0,0.46073793755913783,20.56,8.522881865501404,0.5064856,-1.968064,-2.5764909,0.45194567441940303,0.0,0.0
0.16445027175273164,0.32916703265445657,0.42374038325662544,40.32,-61.37540132456064,-0.72,0.0,1.0,0.5522934659871268,20.565,8.522881865501404,0.5064856,-1.968064,-2.5764909,0.45194567441940303,0.0,0.0
0.18205987442471244,0.32315467211588383,0.42507026299563333,37.62,-195252.0827586209,-0.72,0.0,1.0,0.659108249153114,20.57,8.522881865501404,0.5064856,-1.968064,-2.5764909,0.45194567441940303,0.0,0.0
0.19654340385160596,0.33186415959043203,0.42687204809264456,34.74,-389664.3716129026,-0.72,0.0,1.0,0.5370342112491286,20.575,8.522881865501404,0.5064856,-1.968064,-2.5764909,0.45194567441940303,0.0,0.0
0.21193305310962707,0.32867036601569544,0.428052570984479,31.86,-416537.7765517245,-0.72,0.0,1.0,0.6743675038911121,20.580000000000002,0.0,0.5167346,-2.082473,0.1316508,0.45502038002014156,0.0,0.3394952416419983
0.2287851031771468,0.32003541884005854,0.4292647485868514,28.98,-431414.1257142856,-0.72,0.0,1.0,0.3997009186071452,20.585,0.0,0.5167346,-2.082473,0.1316508,0.45502038002014156,0.0,0.3394952416419983
0.24307877248293802,0.3135863483860857,0.4307542188581825,26.099999999999998,-389664.37161290355,-0.72,0.0,1.0,0.4302194280831415,20.59,0.0,0.5167346,-2.082473,0.1316508,0.45502038002014156,0.0,0.3394952416419983
0.25798447448155676,0.30483128786170427,0.4318797954561647,23.22,-366048.34909090895,-0.8999999999999999,-22878.02181818181,1.0,0.2318491164891654,20.595,0.0,0.5167346,-2.082473,0.1316508,0.45502038002014156,0.0,0.3394952416419983
0.2741623799802803,0.29860944988438437,0.43272089215144643,20.52,-390504.1655172413,-0.8999999999999999,0.0,1.0,0.6133304849391195,20.6,0.0,0.35745624,-1.8627611,-3.10014,0.4072368711233139,0.0,0.0
0.28621753281977375,0.28993156539314235,0.4337208542047314,18.18,-297414.28363636363,-0.8999999999999999,0.0,1.0,0.5370342112491286,20.605,0.0,0.35745624,-1.8627611,-3.10014,0.4072368711233139,0.0,0.0
0.29684479986920487,0.28557294947158635,0.43473706034550486,16.02,-52.96395664526992,-0.8999999999999999,0.0,1.0,0.7659230323191011,20.61,0.0,0.35745624,-1.8627611,-3.10014,0.4072368711233139,0.0,0.0
0.30932002459665164,0.26624105597330366,0.43443375371797505,14.04,-159706.1907692308,-0.8999999999999999,0.0,1.0,0.5217749565111305,20.615000000000002,0.0,0.35745624,-1.8627611,-3.10014,0.4072368711233139,0.0,0.0
0.31841509147453306,0.25346631154726706,0.4320897153770966,12.6,-194832.18580645154,-0.8999999999999999,0.0,1.0,0.7048860133671084,20.62,0.0,-0.07066058,-0.23993385,0.8218262,0.2788018248975277,0.22801984548568724,0.5465478658676147
0.3254391913956818,0.24603064719033838,0.43061185725681406,11.52,-105345.30976744187,-0.8999999999999999,0.0,1.0,0.5980712302011213,20.625,0.0,-0.07066058,-0.23993385,0.8218262,0.2788018248975277,0.22801984548568724,0.5465478658676147
0.334182055411394,0.22032592399281928,0.4296618423123623,10.799999999999999,-100663.29600000009,-0.8999999999999999,0.0,1.0,0.7048860133671084,20.63,0.0,-0.07066058,-0.23993385,0.8218262,0.2788018248975277,0.22801984548568724,0.5465478658676147
0.34031816353261435,0.1994015452573967,0.42799027043539767,10.62,-24354.023225806413,-0.8999999999999999,0.0,1.0,0.49125644703513416,20.635,0.0,-0.07066058,-0.23993385,0.8218262,0.2788018248975277,0.22801984548568724,0.5465478658676147
0.34512277685228326,0.1823012465452244,0.4260898148876675,10.98,48708.04645161307,-0.8999999999999999,0.0,1.0,0.6896267586291103,20.64,0.0,-0.6317016,1.5950028,0.77737993,0.11048952341079711,0.6,0.5332139790058136
0.3520570155129959,0.16466272234859056,0.4236389953960644,11.7,86282.82514285701,-0.8999999999999999,0.0,1.0,0.567552720725125,20.645,0.0,-0.6317016,1.5950028,0.77737993,0.11048952341079711,0.6,0.5332139790058136
0.3570143258219196,0.14385448466027298,0.4134001295771882,12.959999999999999,28.52190102002266,-0.8999999999999999,0.0,1.0,0.5065157017731323,20.650000000000002,0.0,-0.6317016,1.5950028,0.77737993,0.11048952341079711,0.6,0.5332139790058136
0.36009916328028185,0.12552146903835293,0.39724493993216803,14.399999999999999,85067.57408450701,-0.8999999999999999,0.0,1.0,0.7811822870570992,20.655,0.0,-0.6317016,1.5950028,0.77737993,0.11048952341079711,0.6,0.5332139790058136
0.3641406392266524,0.11411617861556626,0.3824025291699193,16.38,237277.7691428572,-0.8999999999999999,0.0,1.0,0.8727378154850882,20.66,0.0,-0.7129469,1.6230181,1.1392473,0.0861159324645996,0.6,0.6
0.36640451200195173,0.10987961238547606,0.3676428270745953,18.54,283115.52,-0.72,23592.959999999992,1.0,0.33866389965515253,20.665,0.0,-0.7129469,1.6230181,1.1392473,0.0861159324645996,0.6,0.6
0.36639729702044826,0.10804333456549316,0.35270188610298947,20.88,288666.8047058823,-0.72,0.0,1.0,0.5828119754631231,20.67,0.0,-0.7129469,1.6230181,1.1392473,0.0861159324645996,0.6,0.6
0.3631222245484831,0.10377445416729786,0.34101067379273586,23.4,320292.3054545454,-0.72,0.0,1.0,0.6133304849391195,20.675,0.0,-0.7129469,1.6230181,1.1392473,0.0861159324645996,0.6,0.6
0.3599202188469148,0.09649787563455194,0.33513355581300946,26.099999999999998,353894.3999999999,-0.72,0.0,1.0,0.7201452681051066,20.68,0.0,-0.56754774,1.3922936,1.296296,0.12973567843437195,0.6,0.6
0.35560408272993915,0.10646529241699859,0.3336945067189889,28.799999999999997,353894.3999999999,-0.72,0.0,1.0,0.3539231543931507,20.685,0.0,-0.56754774,1.3922936,1.296296,0.12973567843437195,0.6,0.6
0.3505817414990278,0.10890282008564546,0.33162919817962805,31.68,377487.36000000034,-0.72,0.0,1.0,0.5828119754631231,20.69,0.0,-0.56754774,1.3922936,1.296296,0.12973567843437195,0.6,0.6
0.34640467385860196,0.1282209721383147,0.33098757247268945,34.56,70.07620183550111,-0.72,0.0,1.0,0.36918240913114886,20.695,0.0,-0.56754774,1.3922936,1.296296,0.12973567843437195,0.6,0.6
0.3426048180048926,0.1384730198713407,0.33282518500781816,37.26,134816.91428571407,-0.72,0.0,1.0,0.6743675038911121,20.7,0.0,-1.0458568,1.8265358,4.6010075,0.0,0.6,0.6
0.338181450375048,0.14669349322855102,0.3327470936005555,40.14,274536.2618181821,-0.72,0.0,1.0,0.475997192297136,20.705000000000002,0.0,-1.0458568,1.8265358,4.6010075,0.0,0.6,0.6
0.3347597903743249,0.1750269341695957,0.33345965934365035,42.839999999999996,343170.32727272675,-0.72,0.0,1.0,0.6133304849391195,20.71,0.0,-1.0458568,1.8265358,4.6010075,0.0,0.6,0.6
0.3328883165682069,0.17989584615137735,0.3397785240380011,45.36,340956.32516129076,-0.72,0.0,1.0,0.5217749565111305,20.715,0.0,-1.0458568,1.8265358,4.6010075,0.0,0.6,0.6
0.3304546234755749,0.19804301666983248,0.34974781313638664,47.879999999999995,320292.30545454496,-0.72,0.0,1.0,0.659108249153114,20.72,0.0,-1.6178095,1.8494048,4.9851255,0.0,0.6,0.6
0.3269874317983793,0.22103173966394166,0.35880669770879786,50.22,288666.8047058828,-0.72,0.0,1.0,0.3997009186071452,20.725,0.0,-1.6178095,1.8494048,4.9851255,0.0,0.6,0.6
0.32281491048866884,0.23003493052589463,0.3683698444928598,52.559999999999995,306708.4799999995,-0.72,0.0,1.0,0.567552720725125,20.73,0.0,-1.6178095,1.8494048,4.9851255,0.0,0.6,0.6
0.3166115111329623,0.2436842457252223,0.3792497691535341,54.72,48.97239205172012,-0.72,0.0,1.0,0.5065157017731323,20.735,0.0,-1.6178095,1.8494048,4.9851255,0.0,0.6,0.6
0.30710109806885344,0.270886502466911,0.38751115884807397,56.699999999999996,106470.79384615368,-0.72,0.0,1.0,0.46073793755913783,20.740000000000002,0.0,-0.6718255,0.35482675,5.3663692,0.09845234155654907,0.40644802451133727,0.6
0.29581097939916556,0.2691427266966623,0.39532881861490904,58.32,183642.49945945997,-0.72,0.0,1.0,0.567552720725125,20.745,0.0,-0.6718255,0.35482675,5.3663692,0.09845234155654907,0.40644802451133727,0.6
0.28665497625236114,0.2963252839903135,0.402662947799404,59.76,194832.1858064513,-0.54,24354.023225806442,1.0,0.5522934659871268,20.75,0.0,-0.6718255,0.35482675,5.3663692,0.09845234155654907,0.40644802451133727,0.6
0.27449801688025827,0.30774882422515665,0.4085797956345585,60.839999999999996,150994.94399999976,-0.54,0.0,1.0,0.41496017334514335,20.755,0.0,-0.6718255,0.35482675,5.3663692,0.09845234155654907,0.40644802451133727,0.6
0.2585057297669138,0.3264640330851779,0.41347241971309895,61.559999999999995,91512.08727272713,-0.54,0.0,1.0,0.5828119754631231,20.76,0.0,0.6313078,-1.6590966,0.5433663,0.48939233422279355,0.0,0.46300989389419556
0.23940562249952446,0.333934028811198,0.4181215341244752,61.919999999999995,47185.919999999925,-0.54,0.0,1.0,0.49125644703513416,20.765,0.0,0.6313078,-1.6590966,0.5433663,0.48939233422279355,0.0,0.46300989389419556
0.21910036675974695,0.3489389462114675,0.4218451749589125,61.919999999999995,0.0,-0.54,0.0,1.0,0.9032563249610845,20.77,0.0,0.6313078,-1.6590966,0.5433663,0.48939233422279355,0.0,0.46300989389419556
0.19717743947067004,0.34929678205823955,0.4251343953417734,61.559999999999995,-48708.04645161283,-0.54,0.0,1.0,0.49125644703513416,20.775000000000002,0.0,0.6313078,-1.6590966,0.5433663,0.48939233422279355,0.0,0.46300989389419556
0.17645521618817372,0.36551130787977704,0.4282319740914778,60.66,-22.00181615774224,-0.54,0.0,1.0,0.7048860133671084,20.78,8.522881865501404,0.8241123,0.12440298,5.5991735,0.5472336888313293,0.33732089325785636,0.6
0.15689842381261898,0.36324134403050085,0.4310956766978758,59.4,-88080.38399999986,-0.54,0.0,1.0,0.3539231543931507,20.785,8.522881865501404,0.8241123,0.12440298,5.5991735,0.5472336888313293,0.33732089325785636,0.6
0.13755541939238178,0.3691010286104527,0.43355381127447673,57.78,-194136.35657142827,-0.72,-21570.706285714277,1.0,0.6896267586291103,20.79,8.522881865501404,0.8241123,0.12440298,5.5991735,0.5472336888313293,0.33732089325785636,0.6
0.12052168175283498,0.3750246220133253,0.4361935983418632,55.98,-243540.23225806508,-0.72,0.0,1.0,0.5828119754631231,20.795,8.522881865501404,0.8241123,0.12440298,5.5991735,0.5472336888313293,0.33732089325785636,0.6
0.10926070700005101,0.3743373132996042,0.43826854025434386,53.82,-292248.27870967693,-0.72,0.0,1.0,0.8727378154850882,20.8,20.0,1.3576351,-1.7315534,2.7386923,0.6,0.0,0.6
0.1031165318685558,0.38035476831107495,0.43968624226203123,51.48,-297414.2836363641,-0.72,0.0,1.0,0.3997009186071452,20.805,20.0,1.3576351,-1.7315534,2.7386923,0.6,0.0,0.6
0.10033362834103458,0.3867738307753715,0.4415742295351143,48.78,-343170.32727272675,-0.72,0.0,1.0,0.6743675038911121,20.81,20.0,1.3576351,-1.7315534,2.7386923,0.6,0.0,0.6
0.10008228483205137,0.38550508878002776,0.4431816267273868,45.9,-377487.36000000034,-0.72,0.0,1.0,0.475997192297136,20.815,20.0,1.3576351,-1.7315534,2.7386923,0.6,0.0,0.6
0.1035159546383694,0.38126303233930897,0.44462478333426525,43.019999999999996,-65.22424565742091,-0.72,0.0,1.0,0.6133304849391195,20.82,8.522881865501404,1.5223227,-1.6695029,-2.3730059,0.6,0.0,0.0
0.1042499302833606,0.3767353621791188,0.4460640679643601,39.96,-178257.91999999972,-0.72,0.0,1.0,0.475997192297136,20.825,8.522881865501404,1.5223227,-1.6695029,-2.3730059,0.6,0.0,0.0
0.10851177118317572,0.3803558594872529,0.4474199693956534,36.72,-377487.3600000002,-0.72,0.0,1.0,0.6743675038911121,20.830000000000002,8.522881865501404,1.5223227,-1.6695029,-2.3730059,0.6,0.0,0.0
0.12126328549464391,0.3784873432335134,0.4483795133032556,33.48,-411804.392727273,-0.72,0.0,1.0,0.475997192297136,20.835,8.522881865501404,1.5223227,-1.6695029,-2.3730059,0.6,0.0,0.0
0.14169481932801026,0.37327028423787056,0.450373180488347,30.24,-438372.4180645159,-0.72,0.0,1.0,0.7048860133671084,20.84,0.0,-0.064897664,2.059281,0.58017385,0.28053070083260534,0.6,0.47405215501785275
0.15867271129289673,0.3661851455691682,0.45313312847403986,26.82,-478150.6559999997,-0.72,0.0,1.0,0.32340464491715437,20.845,0.0,-0.064897664,2.059281,0.58017385,0.28053070083260534,0.6,0.47405215501785275
0.17624635703083663,0.36343485751567417,0.4550656860926045,23.4,-434682.4145454548,-0.72,0.0,1.0,0.5217749565111305,20.85,0.0,-0.064897664,2.059281,0.58017385,0.28053070083260534,0.6,0.47405215501785275
0.1962893665497594,0.35715461567295875,0.456180507618964,20.16,-438372.4180645159,-0.8999999999999999,-24354.023225806442,1.0,0.5217749565111305,20.855,0.0,-0.064897664,2.059281,0.58017385,0.28053070083260534,0.6,0.47405215501785275
0.2140001598774484,0.3676601090557239,0.4568494800603807,16.919999999999998,-452984.8320000003,-0.8999999999999999,0.0,1.0,0.6438489944151158,20.86,0.0,-0.7850169,1.0476737,-2.824973,0.06449493169784545,0.6,0.0
0.22904501460379442,0.3548623266955117,0.4574717233448026,13.86,-69.26261442070552,-0.8999999999999999,0.0,1.0,0.5065157017731323,20.865000000000002,0.0,-0.7850169,1.0476737,-2.824973,0.06449493169784545,0.6,0.0
0.2484126188389269,0.3309176066897064,0.4568109343679595,10.98,-183024.17454545447,-0.8999999999999999,0.0,1.0,0.46073793755913783,20.87,0.0,-0.7850169,1.0476737,-2.824973,0.06449493169784545,0.6,0.0
0.26443964459242697,0.29499018442927233,0.45499875268413226,8.28,-306070.83243243257,-0.8999999999999999,0.0,1.0,0.3997009186071452,20.875,0.0,-0.7850169,1.0476737,-2.824973,0.06449493169784545,0.6,0.0
0.2771637224265654,0.2719450463862211,0.4542242279229675,6.12,-53607.67242603548,-0.8999999999999999,0.0,1.0,0.7354045228431048,20.88,0.0,-1.4547915,1.8124954,2.1468568,0.0,0.6,0.6
0.29259405056406435,0.25349775699780663,0.45294563867711485,4.68,-167772.16000000003,0.54,167772.16,1.0,6.3508102664265955,20.885,0.0,-1.4547915,1.8124954,2.1468568,0.0,0.6,0.6
0.3072310017147179,0.22382243542236221,0.45122495113279604,4.68,0.0,0.8999999999999999,43141.412571428555,1.0,-3.7813348796044615,20.89,0.0,-1.4547915,1.8124954,2.1468568,0.0,0.6,0.6
0.31399656174853047,0.21654619159365238,0.4510440932380279,5.9399999999999995,160146.1527272727,-1.08,-251658.24,1.0,4.733329264198735,20.895,0.0,-1.4547915,1.8124954,2.1468568,0.0,0.6,0.6
0.31632821460055344,0.21539419100648238,0.450257378113056,6.4799999999999995,73062.06967741936,-0.72,48708.046451612914,1.0,2.261329996642978,20.900000000000002,0.0,-1.5067174,2.4326732,3.5294323,0.0,0.6,0.6
0.31707547435375427,0.21439286323045562,0.4488164161659971,8.28,235929.59999999998,-0.8999999999999999,-23592.959999999992,1.0,0.46073793755913783,20.905,0.0,-1.5067174,2.4326732,3.5294323,0.0,0.6,0.6
0.3146551023170135,0.21704925071120096,0.4483507631947019,9.9,39.70880682581892,-0.72,4.412089647313209,1.0,0.384441663869147,20.91,0.0,-1.5067174,2.4326732,3.5294323,0.0,0.6,0.6
0.3110532688841874,0.21753236683928523,0.4479441955662313,11.879999999999999,143184.86068965506,-0.8999999999999999,-13016.805517241375,1.0,1.1474044007690551,20.915,0.0,-1.5067174,2.4326732,3.5294323,0.0,0.6,0.6
0.30709039287111317,0.2263854275061177,0.4433351389344014,14.219999999999999,297414.28363636363,-0.72,22878.02181818181,1.0,-0.012298959318805203,20.92,0.0,-0.995646,2.236468,4.939576,0.0013062000274658202,0.6,0.6
0.3038203537563754,0.25231541054302686,0.4280660647794196,16.56,327155.712,-0.72,0.0,1.0,0.384441663869147,20.925,0.0,-0.995646,2.236468,4.939576,0.0013062000274658202,0.6,0.6
0.29890399713297505,0.2740535740111527,0.40970591838724757,18.9,338436.94344827585,-0.72,0.0,1.0,0.24710837122716356,20.93,0.0,-0.995646,2.236468,4.939576,0.0013062000274658202,0.6,0.6
0.29473409454504357,0.28470324736085223,0.39799661578645074,21.419999999999998,320292.3054545454,-0.72,0.0,1.0,0.7659230323191011,20.935,0.0,-0.995646,2.236468,4.939576,0.0013062000274658202,0.6,0.6
0.29123885106455005,0.3007116824897358,0.39434579189714275,23.939999999999998,330301.43999999994,-0.72,0.0,1.0,0.5522934659871268,20.94,0.0,0.47796488,0.8133825,5.205138,0.4433894634246826,0.5440147519111633,0.6
0.286773829290232,0.3131272715303922,0.3906472040077269,26.459999999999997,352321.53599999996,-0.72,0.0,1.0,0.44547868282113967,20.945,0.0,0.47796488,0.8133825,5.205138,0.4433894634246826,0.5440147519111633,0.6
0.27820138957853396,0.32879827788383154,0.3885806997434316,28.799999999999997,53.01817403940168,-0.72,0.0,1.0,0.6285897396771176,20.95,0.0,0.47796488,0.8133825,5.205138,0.4433894634246826,0.5440147519111633,0.6
0.263721404821483,0.3329172943171943,0.38946689133479556,31.14,148707.14181818205,-0.72,0.0,1.0,0.36918240913114886,20.955000000000002,0.0,0.47796488,0.8133825,5.205138,0.4433894634246826,0.5440147519111633,0.6
0.24510409310881795,0.34644446931020856,0.3885780185074794,33.3,251658.2399999996,-0.72,0.0,1.0,0.6438489944151158,20.96,0.0,2.3147264,-0.82127297,-0.7310252,0.6,0.053618109226226805,0.08069243431091308
0.2243645562700361,0.3586266215179104,0.38792451171127346,35.46,274536.2618181823,-0.54,22878.02181818181,1.0,0.46073793755913783,20.965,0.0,2.3147264,-0.82127297,-0.7310252,0.6,0.053618109226226805,0.08069243431091308
0.20265504491411046,0.3594336786969273,0.3900423152228283,37.44,286369.7213793099,-0.54,0.0,1.0,0.8574785607470901,20.97,0.0,2.3147264,-0.82127297,-0.7310252,0.6,0.053618109226226805,0.08069243431091308
0.18173138944374437,0.37790603549181007,0.3899189923069189,39.059999999999995,212336.63999999966,-0.54,0.0,1.0,0.20133060701316907,20.975,0.0,2.3147264,-0.82127297,-0.7310252,0.6,0.053618109226226805,0.08069243431091308
0.16213099060510405,0.3877183147950167,0.3895857881984171,40.68,212336.6400000006,-0.54,0.0,1.0,0.7506637775811029,20.98,8.522881865501404,1.9821466,1.9116453,3.4347763,0.6,0.6,0.6
0.14297694921493515,0.3936052392399163,0.39218173447692106,41.76,141557.75999999978,-0.54,0.0,1.0,0.5980712302011213,20.985,8.522881865501404,1.9821466,1.9116453,3.4347763,0.6,0.6,0.6
0.13075472826614348,0.404431566425709,0.3963318371527748,42.66,114390.10909090891,-0.54,0.0,1.0,0.3539231543931507,20.990000000000002,8.522881865501404,1.9821466,1.9116453,3.4347763,0.6,0.6,0.6
0.1266291441094944,0.4165986642917929,0.40017301326981575,43.379999999999995,17.4994574986527,-0.54,0.0,1.0,0.3539231543931507,20.995,8.522881865501404,1.9821466,1.9116453,3.4347763,0.6,0.6,0.6
0.12442655555534506,0.41905154180160253,0.4054785913144554,43.559999999999995,13245.17052631577,-0.54,0.0,1.0,0.6743675038911121,21.0,20.0,1.0037742,2.2341015,4.998805,0.6,0.6,0.6
0.12390100549924792,0.41221285229780386,0.4123575215544674,43.559999999999995,0.0,-0.54,0.0,1.0,0.6896267586291103,21.005,20.0,1.0037742,2.2341015,4.998805,0.6,0.6,0.6
0.13225197902845853,0.4168200303785263,0.41750113928472826,43.199999999999996,-52067.222068965435,-0.54,0.0,1.0,0.5980712302011213,21.01,20.0,1.0037742,2.2341015,4.998805,0.6,0.6,0.6
0.14985879466901122,0.42745152336015274,0.41869596270861986,42.66,-80890.14857142845,-0.54,0.0,1.0,0.3997009186071452,21.015,20.0,1.0037742,2.2341015,4.998805,0.6,0.6,0.6
0.16568403831701736,0.42719647954949075,0.4184243309928345,41.76,-114390.10909090891,-0.54,0.0,1.0,0.8574785607470901,21.02,8.522881865501404,-1.0957081,2.189471,4.563192,0.0,0.6,0.6
0.18184975794359626,0.42105199082421824,0.41956225895184746,40.68,-146124.13935483847,-0.54,0.0,1.0,0.41496017334514335,21.025000000000002,8.522881865501404,-1.0957081,2.189471,4.563192,0.0,0.6,0.6
0.19989774642891925,0.41491906463377054,0.4200392219568011,39.42,-170478.1625806449,-0.54,0.0,1.0,0.8422193060090919,21.03,8.522881865501404,-1.0957081,2.189471,4.563192,0.0,0.6,0.6
0.21616041250354076,0.41712331589922264,0.4200401133914482,37.98,-32.59575463857448,-0.72,-4.074469329821795,1.0,0.44547868282113967,21.035,8.522881865501404,-1.0957081,2.189471,4.563192,0.0,0.6,0.6
0.22993029883336785,0.41028609002564514,0.42035617598490455,36.54,-85067.57408450691,-0.72,0.0,1.0,0.5522934659871268,21.04,0.0,-1.3298907,1.7160223,5.2238264,0.0,0.6,0.6
0.24709916621585637,0.41950887814619287,0.42030741470731237,34.92,-188743.6799999997,-0.72,0.0,1.0,0.46073793755913783,21.045,0.0,-1.3298907,1.7160223,5.2238264,0.0,0.6,0.6
0.26299605269169996,0.4165775236597376,0.4204601259178392,33.3,-205902.19636363693,-0.72,0.0,1.0,0.7048860133671084,21.05,0.0,-1.3298907,1.7160223,5.2238264,0.0,0.6,0.6
0.2761744577152794,0.4237181517648637,0.421107338691791,31.5,-260336.11034482718,-0.72,0.0,1.0,0.3081453901791562,21.055,0.0,-1.3298907,1.7160223,5.2238264,0.0,0.6,0.6
0.29049809890004546,0.41724458325911534,0.4219495855226598,29.88,-219186.2090322582,-0.72,0.0,1.0,0.7048860133671084,21.06,0.0,0.39074963,-0.14657125,4.3717985,0.4172248899936676,0.25602862536907195,0.6
0.3054558826721811,0.41457221484394585,0.42423092071041324,28.259999999999998,-212336.64000000013,-0.72,0.0,1.0,0.5370342112491286,21.065,0.0,0.39074963,-0.14657125,4.3717985,0.4172248899936676,0.25602862536907195,0.6
0.31419289439561465,0.4076572966442239,0.42738727267083815,26.82,-183024.17454545427,-0.72,0.0,1.0,0.5217749565111305,21.07,0.0,0.39074963,-0.14657125,4.3717985,0.4172248899936676,0.25602862536907195,0.6
0.31728089898036665,0.3989918492949167,0.42988833919557257,25.38,-188743.68000000017,-0.72,0.0,1.0,0.49125644703513416,21.075,0.0,0.39074963,-0.14657125,4.3717985,0.4172248899936676,0.25602862536907195,0.6
0.3206410882485789,0.4011779930739196,0.43202623709041676,24.119999999999997,-30.73125412138238,-0.72,0.0,1.0,0.5522934659871268,21.080000000000002,0.0,2.3242056,-2.857437,-4.1433287,0.6,0.0,0.0
0.32193320716276236,0.4049817732657209,0.43425347717691143,23.22,-61883.1737704917,-0.72,0.0,1.0,0.49125644703513416,21.085,0.0,2.3242056,-2.857437,-4.1433287,0.6,0.0,0.0
0.32196438101797165,0.41121755904163937,0.43603428396354305,22.32,-102023.61081081066,-0.8999999999999999,-20404.722162162154,1.0,0.6743675038911121,21.09,0.0,2.3242056,-2.857437,-4.1433287,0.6,0.0,0.0
0.3192344673857554,0.4167830513449584,0.4386477996335093,21.779999999999998,-73062.06967741971,-0.8999999999999999,0.0,1.0,0.33866389965515253,21.095,0.0,2.3242056,-2.857437,-4.1433287,0.6,0.0,0.0
0.31222964871998116,0.4282806985362475,0.4422221780403943,21.24,-78100.83310344815,-0.8999999999999999,0.0,1.0,0.6438489944151158,21.1,8.522881865501404,1.8909824,-1.5741245,2.9188545,0.6,0.0,0.6
0.2977790754243387,0.4366532071126725,0.44516932661653846,20.7,-56623.10399999991,-0.72,18874.367999999995,1.0,0.5217749565111305,21.105,8.522881865501404,1.8909824,-1.5741245,2.9188545,0.6,0.0,0.6
0.2826698509697519,0.4300278470187784,0.4477619009193213,20.34,-45756.04363636357,-0.72,0.0,1.0,0.7659230323191011,21.11,8.522881865501404,1.8909824,-1.5741245,2.9188545,0.6,0.0,0.6
0.2717283739903426,0.4359060187027479,0.4507718307700259,20.16,-23592.959999999963,-0.72,0.0,1.0,0.3081453901791562,21.115000000000002,8.522881865501404,1.8909824,-1.5741245,2.9188545,0.6,0.0,0.6
0.2672721747214723,0.4341631305637899,0.45278370433363085,19.98,-4.07424944955316,-0.72,0.0,1.0,0.5217749565111305,21.12,20.0,1.3427181,-1.2070917,2.1413596,0.6,0.0,0.6
0.26523536088348526,0.42878402595400816,0.45302433845712453,19.98,0.0,-0.72,0.0,1.0,0.3539231543931507,21.125,20.0,1.3427181,-1.2070917,2.1413596,0.6,0.0,0.6
0.26334400166951927,0.42987088797277984,0.4517624295241141,19.8,-20971.519999999968,-0.72,0.0,1.0,0.5522934659871268,21.13,20.0,1.3427181,-1.2070917,2.1413596,0.6,0.0,0.6
0.26384369339940655,0.4271067332761511,0.4518261497823007,19.98,23592.959999999963,-0.72,0.0,1.0,0.3997009186071452,21.135,20.0,1.3427181,-1.2070917,2.1413596,0.6,0.0,0.6
0.2650086033186627,0.4168412646828983,0.45073683040257834,20.16,25165.82399999996,-0.72,0.0,1.0,0.41496017334514335,21.14,8.522881865501404,0.5872894,-1.3143711,0.61555785,0.47618681788444517,0.0,0.4846673548221588
0.26507057068085466,0.4070054008515519,0.4476911193361138,20.34,22205.138823529378,-0.72,0.0,1.0,0.29288613544115805,21.145,8.522881865501404,0.5872894,-1.3143711,0.61555785,0.47618681788444517,0.0,0.4846673548221588
0.26757370053180324,0.39476080474714836,0.4402062366192684,20.52,22878.021818181784,-0.72,0.0,1.0,0.7201452681051066,21.150000000000002,8.522881865501404,0.5872894,-1.3143711,0.61555785,0.47618681788444517,0.0,0.4846673548221588
0.27866424659231276,0.3690224553810258,0.43158754797904,21.06,73062.06967741923,-0.72,0.0,1.0,0.1860713522751709,21.155,8.522881865501404,0.5872894,-1.3143711,0.61555785,0.47618681788444517,0.0,0.4846673548221588
0.2945407925792306,0.3398336530239914,0.4286449002878414,21.599999999999998,75497.47199999988,-0.72,0.0,1.0,0.567552720725125,21.16,0.0,0.688661,-1.5653113,0.043985806,0.5065982937812805,0.0,0.3131957419216633
0.30771574032274757,0.3172586820873787,0.42751884674553947,22.32,17.66167335337402,-0.72,0.0,1.0,0.475997192297136,21.165,0.0,0.688661,-1.5653113,0.043985806,0.5065982937812805,0.0,0.3131957419216633
0.3220367807665235,0.29042648009217603,0.4248495409313847,23.22,75497.47199999988,-0.72,0.0,1.0,0.6743675038911121,21.17,0.0,0.688661,-1.5653113,0.043985806,0.5065982937812805,0.0,0.3131957419216633
0.33690519045313794,0.2631668457554324,0.4252449923718069,24.3,137268.13090909115,-0.72,0.0,1.0,0.5522934659871268,21.175,0.0,0.688661,-1.5653113,0.043985806,0.5065982937812805,0.0,0.3131957419216633
0.34832253644078,0.23179488846123705,0.4257732754351513,25.56,176160.76799999972,-0.8999999999999999,-25165.82399999999,1.0,0.5522934659871268,21.18,0.0,1.0809302,-2.0655315,-0.99100125,0.6,0.0,0.002699625492095947
0.3591960799080701,0.19488899355594114,0.42461313658184313,27.18,234302.49931034498,-0.8999999999999999,0.0,1.0,0.5370342112491286,21.185,0.0,1.0809302,-2.0655315,-0.99100125,0.6,0.0,0.002699625492095947
0.37079946712853895,0.1809195540220174,0.42532618336128747,28.799999999999997,199846.24941176438,-0.8999999999999999,0.0,1.0,0.5522934659871268,21.19,0.0,1.0809302,-2.0655315,-0.99100125,0.6,0.0,0.002699625492095947
0.3794536942031556,0.1649023934696593,0.4258330331434733,30.599999999999998,235929.6000000001,-0.72,23592.959999999992,1.0,0.2776268807031599,21.195,0.0,1.0809302,-2.0655315,-0.99100125,0.6,0.0,0.002699625492095947
0.38681843480637007,0.14302378905972882,0.4247450330675902,32.58,267894.25548387103,-0.72,0.0,1.0,0.7048860133671084,21.2,0.0,1.020166,-1.4476489,2.4552765,0.6,0.0,0.6
0.39347593139369824,0.13260731500759848,0.4245388885364684,34.74,49.00258889453822,-0.72,0.0,1.0,0.659108249153114,21.205000000000002,0.0,1.020166,-1.4476489,2.4552765,0.6,0.0,0.6
0.39767207672689475,0.11997606123875747,0.4246950531180963,36.9,120795.95519999981,-0.72,0.0,1.0,0.7048860133671084,21.21,0.0,1.020166,-1.4476489,2.4552765,0.6,0.0,0.6
0.40127976977583146,0.09227658851660014,0.42410759435810086,39.24,280419.1817142861,-0.72,0.0,1.0,0.5828119754631231,21.215,0.0,1.020166,-1.4476489,2.4552765,0.6,0.0,0.6
0.4056750862102212,0.06913970841129888,0.4235259826377923,41.58,306708.4799999995,-0.72,0.0,1.0,0.567552720725125,21.22,0.0,0.87023616,-1.2404574,-0.13794377,0.5610708475112914,0.0,0.2586168676614761
0.40927543358046553,0.07129329172512551,0.42276889351489033,44.1,364470.5544827591,-0.72,0.0,1.0,0.33866389965515253,21.225,0.0,0.87023616,-1.2404574,-0.13794377,0.5610708475112914,0.0,0.2586168676614761
0.4127393753545366,0.07353632409274026,0.42262296914355857,46.62,352321.53599999944,-0.72,0.0,1.0,0.8727378154850882,21.23,0.0,0.87023616,-1.2404574,-0.13794377,0.5610708475112914,0.0,0.2586168676614761
0.41799749250672447,0.08153152137306074,0.42110695134444964,49.14,320292.3054545458,-0.72,0.0,1.0,0.475997192297136,21.235,0.0,0.87023616,-1.2404574,-0.13794377,0.5610708475112914,0.0,0.2586168676614761
0.4228946353950969,0.06600977650188133,0.41471718723708967,51.66,330301.4399999995,-0.72,0.0,1.0,0.8269600512710937,21.240000000000002,0.0,0.7039802,-1.2094074,3.8414538,0.5111940622329711,0.0,0.6
0.42704534234103175,0.0692731241421481,0.39866585131177745,54.18,330301.4400000004,-0.72,0.0,1.0,0.44547868282113967,21.245,0.0,0.7039802,-1.2094074,3.8414538,0.5111940622329711,0.0,0.6
0.4318006124175904,0.061650762067830406,0.3830297730672915,56.519999999999996,56.92733682507082,-0.72,0.0,1.0,0.5370342112491286,21.25,0.0,0.7039802,-1.2094074,3.8414538,0.5111940622329711,0.0,0.6
0.43671563976892336,0.05145355216694615,0.3760918949594992,58.86,125829.12000000018,-0.72,0.0,1.0,0.1860713522751709,21.255,0.0,0.7039802,-1.2094074,3.8414538,0.5111940622329711,0.0,0.6
0.44048242582086794,0.038347862265710665,0.37460282653557586,61.199999999999996,251658.2399999996,-0.72,0.0,1.0,0.5522934659871268,21.26,0.0,0.86862224,-1.7916325,2.4567294,0.5605866730213165,0.0,0.6
0.445204232309997,0.029893530440538343,0.3705717444039488,63.54,280419.1817142861,-0.54,21570.706285714277,1.0,0.5828119754631231,21.265,0.0,0.86862224,-1.7916325,2.4567294,0.5605866730213165,0.0,0.6
0.44977933616837784,0.018137405682255765,0.36862025087046807,65.7,266461.6658823534,-0.54,0.0,1.0,0.8574785607470901,21.27,0.0,0.86862224,-1.7916325,2.4567294,0.5605866730213165,0.0,0.6
0.45316370961376634,0.011989871153192373,0.3685700528013973,67.86,274536.2618181814,-0.54,0.0,1.0,0.3539231543931507,21.275000000000002,0.0,0.86862224,-1.7916325,2.4567294,0.5605866730213165,0.0,0.6
0.4567664773401029,0.020168505923587224,0.36779514476441144,69.84,244256.52705882402,-0.54,0.0,1.0,0.44547868282113967,21.28,0.0,0.91886073,-1.4887172,4.0767016,0.575658220052719,0.0,0.6
0.45989681916506653,0.012504638826422654,0.36829427499714634,71.82,259522.55999999866,-0.54,0.0,1.0,0.46073793755913783,21.285,0.0,0.91886073,-1.4887172,4.0767016,0.575658220052719,0.0,0.6
0.46322680627031104,0.010266073644404107,0.368537063142183,73.61999999999999,243540.23225806412,-0.54,0.0,1.0,0.6438489944151158,21.29,0.0,0.91886073,-1.4887172,4.0767016,0.575658220052719,0.0,0.6
0.46513681149869984,-0.00973785013745978,0.3685070644319791,75.24,36.54577103670845,-0.54,0.0,1.0,0.33866389965515253,21.295,0.0,0.91886073,-1.4887172,4.0767016,0.575658220052719,0.0,0.6
0.467588026901307,-0.004789071220566905,0.3691685300034635,76.67999999999999,92919.96553846139,-0.54,0.0,1.0,0.6133304849391195,21.3,0.0,0.9151499,-1.5174793,2.809957,0.5745449781417846,0.0,0.6
0.4693036394567793,-0.013739934936281062,0.37098729349671755,78.11999999999999,150994.94399999976,-0.54,0.0,1.0,0.36918240913114886,21.305,0.0,0.9151499,-1.5174793,2.809957,0.5745449781417846,0.0,0.6
0.4703013117118097,-0.013170849571619275,0.3716292168206013,79.38,165150.72000000067,-0.54,0.0,1.0,0.6743675038911121,21.31,0.0,0.9151499,-1.5174793,2.809957,0.5745449781417846,0.0,0.6
0.47222346959189226,-0.012481816488860549,0.37186447587783694,80.28,121770.11612903302,-0.54,0.0,1.0,0.5370342112491286,21.315,0.0,0.9151499,-1.5174793,2.809957,0.5745449781417846,0.0,0.6
0.473699675430742,-0.005938289747277036,0.37426658409833957,81.17999999999999,111025.69411764601,-0.54,0.0,1.0,0.49125644703513416,21.32,0.0,0.28429666,-0.0237673,2.462247,0.3852889984846115,0.29286981001496315,0.6
0.4748290920809001,-0.013683568112997797,0.3768044330645966,81.72,73062.06967742021,-0.54,0.0,1.0,0.49125644703513416,21.325,0.0,0.28429666,-0.0237673,2.462247,0.3852889984846115,0.29286981001496315,0.6
0.47673653676590055,-0.005172372649158874,0.3792772414860938,81.89999999999999,24354.023225805453,-0.54,0.0,1.0,0.7659230323191011,21.330000000000002,0.0,0.28429666,-0.0237673,2.462247,0.3852889984846115,0.29286981001496315,0.6
0.478041626710165,-0.001531556555284146,0.38527804323738285,82.08,4.141613473037625,-0.54,0.0,1.0,0.567552720725125,21.335,0.0,0.28429666,-0.0237673,2.462247,0.3852889984846115,0.29286981001496315,0.6
0.4792669828551423,-0.00253804882849862,0.3946044334389158,81.89999999999999,-12796.181694915738,-0.54,0.0,1.0,0.5217749565111305,21.34,0.0,-0.48418832,2.1064248,3.5734043,0.15474350452423094,0.6,0.6
0.48027165549967527,-0.004830078221959207,0.40265637781278063,81.72,-20971.51999999914,-0.54,0.0,1.0,0.24710837122716356,21.345,0.0,-0.48418832,2.1064248,3.5734043,0.15474350452423094,0.6,0.6
0.4805726975509401,-0.01112065952156719,0.4113466542133089,81.17999999999999,-73062.06967742021,-0.72,-24354.023225806442,1.0,0.6133304849391195,21.35,0.0,-0.48418832,2.1064248,3.5734043,0.15474350452423094,0.6,0.6
0.4814663653559677,-0.016778431127025664,0.4198308176650148,80.64,-73062.06967741827,-0.72,0.0,1.0,0.3539231543931507,21.355,0.0,-0.48418832,2.1064248,3.5734043,0.15474350452423094,0.6,0.6
0.48159347672500014,-0.016083942144657727,0.4272272421085427,79.92,-91512.08727272713,-0.72,0.0,1.0,0.5370342112491286,21.36,0.0,-0.547501,2.3742743,3.0123553,0.13574969172477722,0.6,0.6
0.4823598979791184,-0.012805053180659347,0.4328363908917913,79.2,-94371.83999999985,-0.72,0.0,1.0,0.5828119754631231,21.365000000000002,0.0,-0.547501,2.3742743,3.0123553,0.13574969172477722,0.6,0.6
0.4821129114505147,-0.020994376599130254,0.4397975155497072,78.48,-91512.08727272713,-0.72,0.0,1.0,0.5828119754631231,21.37,0.0,-0.547501,2.3742743,3.0123553,0.13574969172477722,0.6,0.6
0.48193961010930114,-0.011430238199274181,0.4447541027538155,77.58,-121770.11612903302,-0.72,0.0,1.0,0.41496017334514335,21.375,0.0,-0.547501,2.3742743,3.0123553,0.13574969172477722,0.6,0.6
0.4821262380924879,0.007054825362224116,0.44900042994100275,76.67999999999999,-21.857349816160642,-0.72,0.0,1.0,0.8574785607470901,21.38,0.0,-0.730812,2.3235838,2.98125,0.08075639605522156,0.6,0.6
0.48194755794328187,0.020103772897630382,0.45373744053225484,75.78,-74017.129411764,-0.72,0.0,1.0,0.384441663869147,21.385,0.0,-0.730812,2.3235838,2.98125,0.08075639605522156,0.6,0.6
0.48087834705418514,0.040877948329619114,0.45742399731201666,74.7,-141557.75999999978,-0.72,0.0,1.0,0.659108249153114,21.39,0.0,-0.730812,2.3235838,2.98125,0.08075639605522156,0.6,0.6
0.480031478446804,0.06120547118472671,0.4596272341133837,73.8,-117964.80000000075,-0.72,0.0,1.0,0.5217749565111305,21.395,0.0,-0.730812,2.3235838,2.98125,0.08075639605522156,0.6,0.6
0.4796328667357335,0.07474423337453154,0.4615114008468371,72.72,-137268.1309090907,-0.72,0.0,1.0,0.6743675038911121,21.400000000000002,0.0,-1.6485645,2.3671923,4.156913,0.0,0.6,0.6
0.47851679804148345,0.08070997183888287,0.46269849797993595,71.64,-137268.1309090907,-0.72,0.0,1.0,0.5370342112491286,21.405,0.0,-1.6485645,2.3671923,4.156913,0.0,0.6,0.6
0.4740312523423694,0.10677991347885095,0.46328323264494387,70.56,-125829.1199999998,-0.72,0.0,1.0,0.7048860133671084,21.41,0.0,-1.6485645,2.3671923,4.156913,0.0,0.6,0.6
0.46639665988795814,0.12119880759195291,0.4636395793917831,69.48,-146124.13935483847,-0.72,0.0,1.0,0.32340464491715437,21.415,0.0,-1.6485645,2.3671923,4.156913,0.0,0.6,0.6
0.4570953676615949,0.13474238833846722,0.46387821904803667,68.22,-28.63843932891155,-0.72,0.0,1.0,0.7048860133671084,21.42,0.0,-1.8797973,1.762559,4.2367725,0.0,0.6,0.6
0.4393708376169858,0.15844529322812667,0.4641320488118681,66.96,-91117.63862069002,-0.72,0.0,1.0,0.44547868282113967,21.425,0.0,-1.8797973,1.762559,4.2367725,0.0,0.6,0.6
0.4206854799136706,0.1804159287662565,0.46418043276437215,65.7,-165150.7199999988,-0.72,0.0,1.0,0.8879970702230864,21.43,0.0,-1.8797973,1.762559,4.2367725,0.0,0.6,0.6
0.40350403143541974,0.1930192812992669,0.46414728084499657,64.25999999999999,-188743.68000000156,-0.72,0.0,1.0,0.5065157017731323,21.435,0.0,-1.8797973,1.762559,4.2367725,0.0,0.6,0.6
0.38538530281927663,0.2085029973315769,0.4641734979915932,62.64,-212336.63999999873,-0.72,0.0,1.0,0.6896267586291103,21.44,0.0,-0.9826772,-0.08015259,2.6129677,0.005196833610534668,0.2759542219340801,0.6
0.3668835060188395,0.23025415882388608,0.46412090360428715,61.019999999999996,-199846.24941176525,-0.72,0.0,1.0,0.5980712302011213,21.445,0.0,-0.9826772,-0.08015259,2.6129677,0.005196833610534668,0.2759542219340801,0.6
0.3509436502675509,0.2401518986241771,0.4642393657150397,59.22,-222051.38823529377,-0.72,0.0,1.0,0.4302194280831415,21.45,0.0,-0.9826772,-0.08015259,2.6129677,0.005196833610534668,0.2759542219340801,0.6
0.33429545110004616,0.25387596912342747,0.46415961396228556,57.239999999999995,-244256.52705882402,-0.72,0.0,1.0,0.5065157017731323,21.455000000000002,0.0,-0.9826772,-0.08015259,2.6129677,0.005196833610534668,0.2759542219340801,0.6
0.31635527392461343,0.2767472780925648,0.4638317724255791,55.26,-276824.06399999955,-0.72,0.0,1.0,0.8879970702230864,21.46,0.0,1.5841,-1.897525,-4.261647,0.6,0.0,0.0
0.29570437186204246,0.2931915111512457,0.4634348869886576,53.1,-52.113045609069964,-0.72,0.0,1.0,0.5980712302011213,21.465,0.0,1.5841,-1.897525,-4.261647,0.6,0.0,0.0
0.2731414335086815,0.30512830135921143,0.4633836861786674,50.94,-105345.30976744204,-0.72,0.0,1.0,0.659108249153114,21.47,0.0,1.5841,-1.897525,-4.261647,0.6,0.0,0.0
0.24881264465687922,0.3048383140205331,0.463326107264923,48.6,-233682.65142857106,-0.72,0.0,1.0,0.384441663869147,21.475,0.0,1.5841,-1.897525,-4.261647,0.6,0.0,0.0
0.22599707840915917,0.3166309897335361,0.46299339384732047,46.08,-293601.2800000004,-0.72,0.0,1.0,0.6896267586291103,21.48,8.522881865501404,1.8308518,0.07502825,2.4908981,0.6,0.3225084744393825,0.6
0.2027953185042529,0.32874282399356586,0.4628957396794907,43.559999999999995,-310871.94352941215,-0.72,0.0,1.0,0.5980712302011213,21.485,8.522881865501404,1.8308518,0.07502825,2.4908981,0.6,0.3225084744393825,0.6
0.18152749438464694,0.3339601055493665,0.46273090096835123,40.86,-333077.08235294063,-0.72,0.0,1.0,0.5828119754631231,21.490000000000002,8.522881865501404,1.8308518,0.07502825,2.4908981,0.6,0.3225084744393825,0.6
0.161274664696377,0.3470471640222717,0.46242351332375164,38.16,-323560.5942857146,-0.72,0.0,1.0,0.384441663869147,21.495,8.522881865501404,1.8308518,0.07502825,2.4908981,0.6,0.3225084744393825,0.6
0.14352274695829098,0.35373465751039196,0.46220737464078965,35.28,-377487.3599999994,-0.72,0.0,1.0,0.6285897396771176,21.5,20.0,1.735668,-1.7839566,-3.9883928,0.6,0.0,0.0
0.12830254816064524,0.35474299110035934,0.4615821822869436,32.4,-66.1554898846622,-0.72,0.0,1.0,0.5217749565111305,21.505,20.0,1.735668,-1.7839566,-3.9883928,0.6,0.0,0.0
0.12020598995312211,0.3524852975065227,0.4597073383000467,29.52,-158942.04631578943,-0.72,0.0,1.0,0.5828119754631231,21.51,20.0,1.735668,-1.7839566,-3.9883928,0.6,0.0,0.0
0.10451012669417711,0.35640346812701934,0.458775743103711,26.459999999999997,-285212.6720000002,-0.72,0.0,1.0,0.33866389965515253,21.515,20.0,1.735668,-1.7839566,-3.9883928,0.6,0.0,0.0
0.1014280522765727,0.35995301601200297,0.4584490592566967,23.4,-313038.29853658524,-0.72,0.0,1.0,0.5217749565111305,21.52,8.522881865501404,0.76098025,-1.1041687,0.3570076,0.5282940745353698,0.0,0.40710227787494657
0.1046070431392253,0.358571888869155,0.456021517203618,20.34,-377487.35999999987,-0.72,0.0,1.0,0.5217749565111305,21.525000000000002,8.522881865501404,0.76098025,-1.1041687,0.3570076,0.5282940745353698,0.0,0.40710227787494657
0.0969663460219676,0.35480460068087,0.4527196958354755,17.099999999999998,-388272.71314285736,-0.72,0.0,1.0,0.5217749565111305,21.53,8.522881865501404,0.76098025,-1.1041687,0.3570076,0.5282940745353698,0.0,0.40710227787494657
0.10463307752090578,0.34802362748047394,0.4497933774622087,13.86,-411804.3927272725,-0.72,0.0,1.0,0.7201452681051066,21.535,8.522881865501404,0.76098025,-1.1041687,0.3570076,0.5282940745353698,0.0,0.40710227787494657
0.13115910179663343,0.34323934246876114,0.4482173734883613,10.799999999999999,-401080.32000000007,-0.72,0.0,1.0,0.7659230323191011,21.54,0.0,0.25717807,-1.0068964,-3.9530907,0.3771534204483032,0.0,0.0
0.15002303143399975,0.34239814784660144,0.44773924539740384,7.739999999999999,-388926.37090909085,-0.72,0.0,1.0,0.6438489944151158,21.545,0.0,0.25717807,-1.0068964,-3.9530907,0.3771534204483032,0.0,0.0
0.16681707381443317,0.3296102422908108,0.4463246269579486,4.859999999999999,-68.79040728929385,-0.8999999999999999,-4.299400455580864,1.0,20.3282876064333,21.55,0.0,0.25717807,-1.0068964,-3.9530907,0.3771534204483032,0.0,0.0
0.1883263490129705,0.3207453709802805,0.4440402855079377,2.88,-153791.14666666664,3.2399999999999998,321563.30666666664,1.0,-1.9807428205206232,21.555,0.0,0.25717807,-1.0068964,-3.9530907,0.3771534204483032,0.0,0.0
0.20589745965233305,0.3090182530438292,0.43733738009668377,2.34,-64712.118857142865,4.859999999999999,194136.35657142854,1.0,-1.110965300454728,21.56,0.0,-0.49272364,-1.2062128,-0.8189341,0.1521829068660736,0.0,0.054319775104522704
0.21843677794006555,0.2993375934493602,0.4263393350922581,3.06,97416.09290322583,3.5999999999999996,-170478.16258064512,1.0,11.722067934202116,21.565,0.0,-0.49272364,-1.2062128,-0.8189341,0.1521829068660736,0.0,0.054319775104522704
0.23479636841645585,0.27168428453934124,0.41372096164548744,5.04,212941.5876923077,0.0,-387166.52307692304,1.0,6.991698965422518,21.57,0.0,-0.49272364,-1.2062128,-0.8189341,0.1521829068660736,0.0,0.054319775104522704
0.25062832329410983,0.24760900923403378,0.40253974482155375,6.66,205902.19636363638,-0.8999999999999999,-114390.10909090909,1.0,1.6204412976469982,21.575,0.0,-0.49272364,-1.2062128,-0.8189341,0.1521829068660736,0.0,0.054319775104522704
0.2623518587965048,0.21851442686074296,0.39590662282681166,8.64,244256.5270588236,-0.54,44410.27764705881,1.0,0.4302194280831415,21.580000000000002,0.0,-0.016963862,-1.7633785,0.68576944,0.294910841435194,0.0,0.5057308316230774
0.27622079195789095,0.2006831805080826,0.3904422667601552,11.16,320292.3054545454,-0.8999999999999999,-45756.04363636362,1.0,-0.3327433088168217,21.585,0.0,-0.016963862,-1.7633785,0.68576944,0.294910841435194,0.0,0.5057308316230774
0.2912671074168471,0.18389589374059326,0.3794529516760344,13.5,53.82030796227242,-0.72,4.14002368940557,1.0,0.9948118533890735,21.59,0.0,-0.016963862,-1.7633785,0.68576944,0.294910841435194,0.0,0.5057308316230774
0.30216009429641694,0.15462430925395754,0.365985295005664,16.2,205902.19636363632,-0.72,0.0,1.0,0.32340464491715437,21.595,0.0,-0.016963862,-1.7633785,0.68576944,0.294910841435194,0.0,0.5057308316230774
0.31201396226066214,0.1436807833034657,0.3538472029918809,19.259999999999998,366702.0068571427,-0.72,0.0,1.0,0.33866389965515253,21.6,0.0,0.6153369,-1.9925213,0.42523912,0.4846010684967041,0.0,0.4275717347860336
0.3192136459382551,0.12491988663499062,0.34010842113387985,22.14,389664.37161290355,-0.72,0.0,1.0,0.46073793755913783,21.605,0.0,0.6153369,-1.9925213,0.42523912,0.4846010684967041,0.0,0.4275717347860336
0.32204828818761433,0.10382362684807842,0.32588649434841943,25.38,485340.8914285712,-0.54,26963.38285714285,1.0,0.46073793755913783,21.61,0.0,0.6153369,-1.9925213,0.42523912,0.4846010684967041,0.0,0.4275717347860336
0.32080828433798125,0.09599767106393435,0.31286291815662726,28.439999999999998,401080.31999999983,-0.54,0.0,1.0,0.6896267586291103,21.615000000000002,0.0,0.6153369,-1.9925213,0.42523912,0.4846010684967041,0.0,0.4275717347860336
0.31864405368170645,0.07442243829342449,0.3001095921957386,31.68,424673.28000000026,-0.54,0.0,1.0,0.6438489944151158,21.62,0.0,0.946392,-1.7218179,-0.03391636,0.5839175999164581,0.0,0.2898250915110111
0.31607719441449095,0.07255165082241899,0.28632288004716777,34.92,452984.8320000003,-0.54,0.0,1.0,0.5370342112491286,21.625,0.0,0.946392,-1.7218179,-0.03391636,0.5839175999164581,0.0,0.2898250915110111
0.31298747772253727,0.06497911314877053,0.2746943739794738,37.98,401080.31999999937,-0.54,0.0,1.0,0.5065157017731323,21.63,0.0,0.946392,-1.7218179,-0.03391636,0.5839175999164581,0.0,0.2898250915110111
0.311032528425847,0.06233873044270967,0.26896652056825365,41.04,74.25780349228764,-0.54,0.0,1.0,0.21658986175116723,21.635,0.0,0.946392,-1.7218179,-0.03391636,0.5839175999164581,0.0,0.2898250915110111
0.30899408260351613,0.059740499099826136,0.2684364273846039,44.1,221285.69379310362,-0.54,0.0,1.0,0.7354045228431048,21.64,0.0,0.7096964,-0.52022475,3.145316,0.512908923625946,0.1439325749874115,0.6
0.30805829525791933,0.04564169078219014,0.2668514797707928,46.98,345131.30057142803,-0.54,0.0,1.0,0.475997192297136,21.645,0.0,0.7096964,-0.52022475,3.145316,0.512908923625946,0.1439325749874115,0.6
0.30750486690698975,0.022965614155263665,0.2667250234292945,49.68,377487.3600000004,-0.54,0.0,1.0,0.8269600512710937,21.650000000000002,0.0,0.7096964,-0.52022475,3.145316,0.512908923625946,0.1439325749874115,0.6
0.30680901190199344,0.013556169747666321,0.2695960285143732,52.379999999999995,404450.74285714224,-0.54,0.0,1.0,0.49125644703513416,21.655,0.0,0.7096964,-0.52022475,3.145316,0.512908923625946,0.1439325749874115,0.6
0.3079061710777066,0.01826937303960606,0.27300481519936143,55.08,365310.3483870972,-0.54,0.0,1.0,0.6133304849391195,21.66,0.0,-0.4158789,1.6518341,0.5549871,0.1752363324165344,0.6,0.4664961218833923
0.3133006557262999,0.01064810372683208,0.277210596984409,57.599999999999994,320292.30545454496,-0.54,0.0,1.0,0.36918240913114886,21.665,0.0,-0.4158789,1.6518341,0.5549871,0.1752363324165344,0.6,0.4664961218833923
0.3225767688654926,0.0009933853079425795,0.28326681909355067,60.12,364470.5544827591,-0.54,0.0,1.0,0.6896267586291103,21.67,0.0,-0.4158789,1.6518341,0.5549871,0.1752363324165344,0.6,0.4664961218833923
0.33012133264131754,-0.006991181420545443,0.28955106340289455,62.46,52.998133582448276,-0.54,0.0,1.0,0.3997009186071452,21.675,0.0,-0.4158789,1.6518341,0.5549871,0.1752363324165344,0.6,0.4664961218833923
0.34013429506590515,-0.006250679533326968,0.29427881206453677,64.62,170937.67245283048,-0.54,0.0,1.0,0.8574785607470901,21.68,0.0,-0.84668106,1.5988376,2.9650025,0.04599568247795105,0.6,0.6
0.3509693589376266,-0.016090189884530245,0.29884313213541447,66.78,258848.47542857102,-0.54,0.0,1.0,0.49125644703513416,21.685,0.0,-0.84668106,1.5988376,2.9650025,0.04599568247795105,0.6,0.6
0.3619605127904521,-0.006132367549724781,0.302478423393295,68.94,292248.27870967693,-0.54,0.0,1.0,0.567552720725125,21.69,0.0,-0.84668106,1.5988376,2.9650025,0.04599568247795105,0.6,0.6
0.3714496332070948,-0.010387469325142886,0.3056426189229484,70.92,276824.06400000054,-0.54,0.0,1.0,0.2318491164891654,21.695,0.0,-0.84668106,1.5988376,2.9650025,0.04599568247795105,0.6,0.6
0.381039229014847,-0.011177594356945106,0.31195187621804404,72.72,251658.2399999996,-0.54,0.0,1.0,0.5828119754631231,21.7,0.0,-0.86529064,1.4525136,2.2370343,0.04041280746459961,0.6,0.6
0.38821592409103034,-0.002826567469962947,0.32227526503294046,74.34,205902.19636363693,-0.54,0.0,1.0,0.5828119754631231,21.705000000000002,0.0,-0.86529064,1.4525136,2.2370343,0.04041280746459961,0.6,0.6
0.3901107718237271,0.021939130808531025,0.33373008923233277,75.96,212336.63999999873,-0.54,0.0,1.0,0.8727378154850882,21.71,0.0,-0.86529064,1.4525136,2.2370343,0.04041280746459961,0.6,0.6
0.3913110495113659,0.044440742606416776,0.3436975526616824,77.39999999999999,201326.59199999968,-0.54,0.0,1.0,0.41496017334514335,21.715,0.0,-0.86529064,1.4525136,2.2370343,0.04041280746459961,0.6,0.6
0.39238033876149925,0.04323657659136302,0.35400967451202453,78.48,25.104318419871607,-0.54,0.0,1.0,0.6133304849391195,21.72,0.0,-0.68200517,1.2284449,3.7112489,0.09539844989776611,0.6,0.6
0.39129477889435543,0.07362601003062089,0.36180369211237745,79.2,52067.222068965435,-0.54,0.0,1.0,0.6743675038911121,21.725,0.0,-0.68200517,1.2284449,3.7112489,0.09539844989776611,0.6,0.6
0.39000827423225537,0.09524734586315223,0.3683732573304614,79.74,70778.87999999896,-0.36,23592.960000000006,1.0,0.5522934659871268,21.73,0.0,-0.68200517,1.2284449,3.7112489,0.09539844989776611,0.6,0.6
0.38984837491662255,0.12101851341327845,0.37589536406857843,79.92,24354.023225807374,-0.36,0.0,1.0,0.567552720725125,21.735,0.0,-0.68200517,1.2284449,3.7112489,0.09539844989776611,0.6,0.6
0.38842964797693696,0.13733442644416105,0.3834896968681902,79.74,-25165.824000000954,-0.36,0.0,1.0,0.7201452681051066,21.740000000000002,0.0,-0.9384512,1.582508,4.4771705,0.018464648723602293,0.6,0.6
0.3839556410503998,0.15011652409340714,0.38928677472075135,79.38,-45756.04363636357,-0.54,-22878.021818181824,1.0,0.6285897396771176,21.745,0.0,-0.9384512,1.582508,4.4771705,0.018464648723602293,0.6,0.6
0.37819596570562863,0.16219107206709651,0.39531351834676143,78.66,-100663.29599999984,-0.54,0.0,1.0,0.6285897396771176,21.75,0.0,-0.9384512,1.582508,4.4771705,0.018464648723602293,0.6,0.6
0.37000854245170733,0.18451300809503254,0.40129785674585994,77.39999999999999,-170478.16258064585,-0.54,0.0,1.0,0.3997009186071452,21.755,0.0,-0.9384512,1.582508,4.4771705,0.018464648723602293,0.6,0.6
0.3568905773784618,0.20183424043636045,0.40542607523246915,76.14,-170478.16258064393,-0.54,0.0,1.0,0.44547868282113967,21.76,0.0,0.19809794,-0.09091646,2.1005812,0.35942938327789303,0.272725061327219,0.6
0.34136972566379054,0.218469992126706,0.41016833237267575,74.34,-42.73167683582556,-0.54,0.0,1.0,0.6743675038911121,21.765,0.0,0.19809794,-0.09091646,2.1005812,0.35942938327789303,0.272725061327219,0.6
0.32675976498518033,0.22564749218552185,0.41470931321636656,72.36,-166094.43840000033,-0.54,0.0,1.0,0.5370342112491286,21.77,0.0,0.19809794,-0.09091646,2.1005812,0.35942938327789303,0.272725061327219,0.6
0.3112135934356637,0.24297358325070412,0.41753852271392616,70.2,-301989.8879999995,-0.54,0.0,1.0,0.567552720725125,21.775000000000002,0.0,0.19809794,-0.09091646,2.1005812,0.35942938327789303,0.272725061327219,0.6
0.29569214244675024,0.2532041531860988,0.42011250653284726,67.86,-288666.8047058828,-0.54,0.0,1.0,0.5217749565111305,21.78,0.0,1.3334699,-0.63193816,-1.1007891,0.6,0.11041855216026306,0.0
0.2819973808980844,0.2712699247088138,0.4230147426803563,65.16,-365310.3483870972,-0.54,0.0,1.0,0.3997009186071452,21.785,0.0,1.3334699,-0.63193816,-1.1007891,0.6,0.11041855216026306,0.0
0.2685913017866081,0.2764141362903567,0.4249390656332969,62.28,-345131.30057142803,-0.72,-21570.706285714277,1.0,0.7506637775811029,21.79,0.0,1.3334699,-0.63193816,-1.1007891,0.6,0.11041855216026306,0.0
0.25447810642749175,0.2801244780767017,0.4266935305772836,59.4,-389664.37161290355,-0.72,0.0,1.0,0.7659230323191011,21.795,0.0,1.3334699,-0.63193816,-1.1007891,0.6,0.11041855216026306,0.0
0.242714557071694,0.28833249350416623,0.42851578667501766,56.16,-452984.8320000003,-0.72,0.0,1.0,0.5370342112491286,21.8,8.522881865501404,1.4083784,1.0326229,1.0790174,0.6,0.6,0.6
0.23246524009497682,0.3100586842140958,0.42988521944308455,52.919999999999995,-74.97349060455267,-0.72,0.0,1.0,0.6743675038911121,21.805,8.522881865501404,1.4083784,1.0326229,1.0790174,0.6,0.6,0.6
0.22517539927272004,0.3126644336177648,0.4307565774389754,49.5,-281265.09176470543,-0.72,0.0,1.0,0.659108249153114,21.81,8.522881865501404,1.4083784,1.0326229,1.0790174,0.6,0.6,0.6
0.2204566750734808,0.3209441392969042,0.4321048903749217,45.9,-471859.2000000002,-0.72,0.0,1.0,0.659108249153114,21.815,8.522881865501404,1.4083784,1.0326229,1.0790174,0.6,0.6,0.6
0.2186599492463657,0.3212469476400533,0.4330954448525014,42.48,-448266.2400000002,-0.72,0.0,1.0,0.5065157017731323,21.82,20.0,-0.63616824,2.4209707,5.1608014,0.10914952754974365,0.6,0.6
0.21921692108147683,0.3246229025098144,0.4324107126014177,38.879999999999995,-520672.2206896554,-0.72,0.0,1.0,0.3539231543931507,21.825,20.0,-0.63616824,2.4209707,5.1608014,0.10914952754974365,0.6,0.6
0.21917848583737576,0.3227471632769209,0.4308960270723592,35.1,-495452.1599999992,-0.72,0.0,1.0,0.6133304849391195,21.830000000000002,20.0,-0.63616824,2.4209707,5.1608014,0.10914952754974365,0.6,0.6
0.22035179304830782,0.3256854754036845,0.4307174770688664,31.32,-528482.3040000001,-0.72,0.0,1.0,0.384441663869147,21.835,20.0,-0.63616824,2.4209707,5.1608014,0.10914952754974365,0.6,0.6
0.22306322788444413,0.32115940830507955,0.4300122136920688,27.72,-520672.2206896554,-0.72,0.0,1.0,0.6896267586291103,21.84,8.522881865501404,-1.446213,0.43777233,2.0719438,0.0,0.4313317000865936,0.6
0.2274035353477285,0.3224917595203359,0.4274452126245703,24.119999999999997,-471859.2000000002,-0.72,0.0,1.0,0.41496017334514335,21.845,8.522881865501404,-1.446213,0.43777233,2.0719438,0.0,0.4313317000865936,0.6
0.23301686313122846,0.3246936237997662,0.4216727642624927,20.52,-87.6466063374681,-0.72,0.0,1.0,0.44547868282113967,21.85,8.522881865501404,-1.446213,0.43777233,2.0719438,0.0,0.4313317000865936,0.6
0.2462049419730808,0.32098010135329774,0.41441068846724427,17.099999999999998,-298844.16000000015,-0.8999999999999999,-15728.639999999994,1.0,0.4302194280831415,21.855,8.522881865501404,-1.446213,0.43777233,2.0719438,0.0,0.4313317000865936,0.6
0.26531651460421524,0.3239314378263613,0.4117958985313842,14.04,-401080.31999999983,-0.8999999999999999,0.0,1.0,0.7201452681051066,21.86,0.0,-0.06870527,-1.2188799,1.593343,0.27938841953873633,0.0,0.6
0.28045248382324,0.32146888974635024,0.411502503881236,11.16,-389664.3716129031,-0.8999999999999999,0.0,1.0,0.44547868282113967,21.865000000000002,0.0,-0.06870527,-1.2188799,1.593343,0.27938841953873633,0.0,0.6
0.28791332779902484,0.3255460726472385,0.40957800601538147,8.82,-316602.3019354839,-0.8999999999999999,0.0,1.0,0.49125644703513416,21.87,0.0,-0.06870527,-1.2188799,1.593343,0.27938841953873633,0.0,0.6
0.29533939075961657,0.33755176277152343,0.40964385390694497,6.84,-237277.7691428572,-0.8999999999999999,0.0,1.0,0.36918240913114886,21.875,0.0,-0.06870527,-1.2188799,1.593343,0.27938841953873633,0.0,0.6
0.30001120742186804,0.3440393814371966,0.41019254431441715,5.3999999999999995,-201326.59200000006,-0.8999999999999999,0.0,1.0,12.195104831080059,21.88,0.0,2.153422,-2.3027327,-5.466471,0.6,0.0,0.0
0.3020832302091721,0.36251650694716353,0.4087592595597272,5.04,-48708.04645161283,0.18,146124.1393548387,1.0,0.44547868282113967,21.885,0.0,2.153422,-2.3027327,-5.466471,0.6,0.0,0.0
0.3028456454666528,0.37221697765919937,0.4098451033020609,5.9399999999999995,20.33262377730856,-0.8999999999999999,-24.39914853277028,1.0,2.932737205114897,21.89,0.0,2.153422,-2.3027327,-5.466471,0.6,0.0,0.0
0.3023209836742235,0.38563302017646445,0.4108395761206441,6.4799999999999995,45298.4832,-0.72,15099.494399999994,1.0,0.5217749565111305,21.895,0.0,2.153422,-2.3027327,-5.466471,0.6,0.0,0.0
0.300724144210051,0.39675848635109856,0.4095513720643056,7.92,188743.68000000005,-0.8999999999999999,-23592.959999999992,1.0,0.5065157017731323,21.900000000000002,8.522881865501404,1.9278775,-0.245633,2.3479254,0.6,0.22631009817123413,0.6
0.2931326410077661,0.3949460725560812,0.4101805477059383,9.36,194832.18580645154,-0.72,24354.023225806442,1.0,0.7659230323191011,21.905,8.522881865501404,1.9278775,-0.245633,2.3479254,0.6,0.22631009817123413,0.6
0.2804691639946696,0.3951091270355157,0.4110650110045093,10.98,226492.41600000014,-0.8999999999999999,-25165.82399999999,1.0,0.5522934659871268,21.91,8.522881865501404,1.9278775,-0.245633,2.3479254,0.6,0.22631009817123413,0.6
0.2683410916385147,0.39620524351216313,0.41050935559040025,12.959999999999999,251658.23999999982,-0.72,22878.02181818181,1.0,0.5522934659871268,21.915,8.522881865501404,1.9278775,-0.245633,2.3479254,0.6,0.22631009817123413,0.6
0.259949681868456,0.4002473439097609,0.41092853352943054,14.76,228780.21818181826,-0.72,0.0,1.0,0.5065157017731323,21.92,20.0,0.97532976,-1.3599101,2.1602297,0.5925989270210266,0.0,0.6
0.2541786748439898,0.3968338707958476,0.41365943581927606,16.74,259522.55999999982,-0.72,0.0,1.0,0.5217749565111305,21.925,20.0,0.97532976,-1.3599101,2.1602297,0.5925989270210266,0.0,0.6
0.2503383217528183,0.38710989537780655,0.4175571453242176,18.9,292248.27870967746,-0.72,0.0,1.0,0.5370342112491286,21.93,20.0,0.97532976,-1.3599101,2.1602297,0.5925989270210266,0.0,0.6
0.24916921101939632,0.3817873834607932,0.4192921292072941,20.88,48.147781359430454,-0.72,0.0,1.0,0.5828119754631231,21.935,20.0,0.97532976,-1.3599101,2.1602297,0.5925989270210266,0.0,0.6
0.24837402716459145,0.37931661702939784,0.4180892325300081,22.86,159706.1907692308,-0.72,0.0,1.0,0.49125644703513416,21.94,8.522881865501404,0.691782,-0.9171208,4.2617188,0.5075345993041992,0.02486375570297241,0.6
0.24701291741803785,0.3664928633637057,0.4171679260446697,24.84,267894.25548387103,-0.72,0.0,1.0,0.475997192297136,21.945,8.522881865501404,0.691782,-0.9171208,4.2617188,0.5075345993041992,0.02486375570297241,0.6
0.2493591133238199,0.3491275805040169,0.4173149450696855,26.82,259522.56000000006,-0.72,0.0,1.0,0.44547868282113967,21.95,8.522881865501404,0.691782,-0.9171208,4.2617188,0.5075345993041992,0.02486375570297241,0.6
0.2587901543973701,0.32776310280166643,0.4178933871066178,28.619999999999997,243540.23225806412,-0.72,0.0,1.0,0.5370342112491286,21.955000000000002,8.522881865501404,0.691782,-0.9171208,4.2617188,0.5075345993041992,0.02486375570297241,0.6
0.26939370088248743,0.31657587462889974,0.41783277156046655,30.419999999999998,235929.6000000001,-0.72,0.0,1.0,0.6896267586291103,21.96,0.0,0.81793755,-1.3787436,2.2064977,0.5453812658786773,0.0,0.6
0.2808800287205467,0.3034045034475108,0.4175927541619455,32.22,243540.2322580646,-0.72,0.0,1.0,0.5980712302011213,21.965,0.0,0.81793755,-1.3787436,2.2064977,0.5453812658786773,0.0,0.6
0.2965578112470584,0.2922520625526503,0.41823633467783106,34.019999999999996,251658.2399999996,-0.72,0.0,1.0,0.5217749565111305,21.97,0.0,0.81793755,-1.3787436,2.2064977,0.5453812658786773,0.0,0.6
0.31106351655539566,0.27309027066238845,0.418471594935106,35.82,40.49880752498414,-0.72,0.0,1.0,0.659108249153114,21.975,0.0,0.81793755,-1.3787436,2.2064977,0.5453812658786773,0.0,0.6
0.32399517978923,0.27413140121918866,0.41781905360633836,37.62,160632.9191489359,-0.72,0.0,1.0,0.7811822870570992,21.98,0.0,0.36046052,-0.25141776,5.158539,0.4081381559371948,0.22457467317581176,0.6
0.3377668966386363,0.2585320292577178,0.418318862044484,39.42,243540.23225806508,-0.72,0.0,1.0,0.475997192297136,21.985,0.0,0.36046052,-0.25141776,5.158539,0.4081381559371948,0.22457467317581176,0.6
0.3502285560974576,0.24494866147029096,0.41938968746225236,41.22,222051.38823529377,-0.72,0.0,1.0,0.36918240913114886,21.990000000000002,0.0,0.36046052,-0.25141776,5.158539,0.4081381559371948,0.22457467317581176,0.6
0.35991280282810845,0.2270887389111465,0.4201497198883103,42.839999999999996,226492.41599999965,-0.72,0.0,1.0,0.5828119754631231,21.995,0.0,0.36046052,-0.25141776,5.158539,0.4081381559371948,0.22457467317581176,0.6
0.3700815466577814,0.20528832402565933,0.421431881136797,44.64,251658.2400000006,-0.72,0.0,1.0,0.33866389965515253,22.0,0.0,0.9597535,-0.311098,2.7792854,0.5879260540008545,0.2066705971956253,0.6
0.3781712363691285,0.2024699214089578,0.4251079227934713,46.26,212336.63999999966,-0.72,0.0,1.0,0.7048860133671084,22.005,0.0,0.9597535,-0.311098,2.7792854,0.5879260540008545,0.2066705971956253,0.6
0.3848084645474197,0.19331227942364493,0.4282813391119875,48.059999999999995,235929.59999999963,-0.72,0.0,1.0,0.3539231543931507,22.01,0.0,0.9597535,-0.311098,2.7792854,0.5879260540008545,0.2066705971956253,0.6
0.39140982961230086,0.17021612561178429,0.4312686035247543,49.68,219186.2090322587,-0.72,0.0,1.0,0.5828119754631231,22.015,0.0,0.9597535,-0.311098,2.7792854,0.5879260540008545,0.2066705971956253,0.6
0.3980224689614333,0.1623332910718,0.43458724245682995,51.3,39.35758668226729,-0.72,0.0,1.0,0.44547868282113967,22.02,0.0,0.95710284,-0.022848986,3.97824,0.5871308505535126,0.2931453041732311,0.6
0.4028920296477799,0.1535717588692617,0.43810877388222896,52.919999999999995,98474.96347826072,-0.72,0.0,1.0,0.6743675038911121,22.025000000000002,0.0,0.95710284,-0.022848986,3.97824,0.5871308505535126,0.2931453041732311,0.6
0.407314570249427,0.14614829218561273,0.4408123881294098,54.36,150994.9440000005,-0.72,0.0,1.0,0.46073793755913783,22.03,0.0,0.95710284,-0.022848986,3.97824,0.5871308505535126,0.2931453041732311,0.6
0.4106331356175605,0.14149797075598153,0.44367829017454036,55.8,172565.65028571401,-0.72,0.0,1.0,0.46073793755913783,22.035,0.0,0.95710284,-0.022848986,3.97824,0.5871308505535126,0.2931453041732311,0.6
0.4129608997356608,0.15140643755738822,0.44662390395366497,57.239999999999995,188743.6799999997,-0.72,0.0,1.0,0.41496017334514335,22.04,0.0,1.5560197,-1.1775111,0.2502915,0.6,0.0,0.3750874489545822
0.4152050102380278,0.15266182545834714,0.4490167187071493,58.5,165150.72000000067,-0.72,0.0,1.0,0.475997192297136,22.045,0.0,1.5560197,-1.1775111,0.2502915,0.6,0.0,0.3750874489545822
0.41788598926165066,0.15194105396726312,0.4515500329145251,59.76,165150.71999999974,-0.72,0.0,1.0,0.5370342112491286,22.05,0.0,1.5560197,-1.1775111,0.2502915,0.6,0.0,0.3750874489545822
0.4200193140319072,0.1543248857474365,0.45402684792278847,60.839999999999996,150994.94399999976,-0.72,0.0,1.0,0.659108249153114,22.055,0.0,1.5560197,-1.1775111,0.2502915,0.6,0.0,0.3750874489545822
0.42258163946360916,0.15943863658831195,0.45624317891959676,61.739999999999995,20.880920008186667,-0.72,0.0,1.0,0.3539231543931507,22.06,0.0,1.4057131,-1.5595422,1.7606702,0.6,0.0,0.6
0.42655180299825307,0.15534320969716886,0.45820350014276134,62.64,69905.0666666671,-0.72,0.0,1.0,0.6743675038911121,22.065,0.0,1.4057131,-1.5595422,1.7606702,0.6,0.0,0.6
0.43039532391592006,0.1507764071606604,0.46052769806874705,63.36,91512.08727272713,-0.72,0.0,1.0,0.567552720725125,22.07,0.0,1.4057131,-1.5595422,1.7606702,0.6,0.0,0.6
0.43417599408300506,0.1605375045804335,0.4621756538796802,63.9,70778.87999999989,-0.72,0.0,1.0,0.6133304849391195,22.075,0.0,1.4057131,-1.5595422,1.7606702,0.6,0.0,0.6
0.439107909461977,0.17852910378760753,0.4636418047159448,64.44,73062.06967741923,-0.72,0.0,1.0,0.29288613544115805,22.080000000000002,0.0,1.6136622,-1.5758804,-0.75455457,0.6,0.0,0.07363362908363343
0.44319075464207686,0.1817729818197425,0.4652770198804455,64.62,25165.824000000954,-0.72,0.0,1.0,0.6438489944151158,22.085,0.0,1.6136622,-1.5758804,-0.75455457,0.6,0.0,0.07363362908363343
0.4465161065326303,0.17758827777380654,0.4661774280948337,64.8,21570.7062857134,-0.72,0.0,1.0,0.7048860133671084,22.09,0.0,1.6136622,-1.5758804,-0.75455457,0.6,0.0,0.07363362908363343
0.44958288885842523,0.17990321794513922,0.4661888984954846,64.8,0.0,-0.72,0.0,1.0,0.46073793755913783,22.095,0.0,1.6136622,-1.5758804,-0.75455457,0.6,0.0,0.07363362908363343
0.45260083911485904,0.18867545963941537,0.4656060387900339,64.62,-24354.023225805453,-0.72,0.0,1.0,0.5522934659871268,22.1,0.0,0.89984566,-0.97036064,0.24437076,0.5699536979198455,0.008891808986663818,0.3733112275600433
0.4548840331688549,0.18193885028681084,0.4657470385447335,64.44,-4.046190933013354,-0.72,0.0,1.0,0.33866389965515253,22.105,0.0,0.89984566,-0.97036064,0.24437076,0.5699536979198455,0.008891808986663818,0.3733112275600433
0.45767458772436154,0.16918274920151008,0.4655772952315163,64.25999999999999,-11983.725714286169,-0.72,0.0,1.0,0.6133304849391195,22.11,0.0,0.89984566,-0.97036064,0.24437076,0.5699536979198455,0.008891808986663818,0.3733112275600433
0.46027775735632426,0.17464133049656,0.4653574431527526,64.08,-20971.51999999914,-0.8999999999999999,-20971.519999999993,1.0,0.5370342112491286,22.115000000000002,0.0,0.89984566,-0.97036064,0.24437076,0.5699536979198455,0.008891808986663818,0.3733112275600433
0.462978911751114,0.1690525637097717,0.4650316358827596,63.9,-23592.959999999963,-0.8999999999999999,0.0,1.0,0.7354045228431048,22.12,0.0,0.099623434,-1.5164657,0.5033829,0.3298870302736759,0.0,0.4510148763656616
0.46548443537694706,0.16199763241126933,0.46426361745179245,63.72,-25165.82399999996,-0.8999999999999999,0.0,1.0,0.659108249153114,22.125,0.0,0.099623434,-1.5164657,0.5033829,0.3298870302736759,0.0,0.4510148763656616
0.46820547831415593,0.14535455419984233,0.4622535052800773,63.72,0.0,-0.8999999999999999,0.0,1.0,0.6438489944151158,22.13,0.0,0.099623434,-1.5164657,0.5033829,0.3298870302736759,0.0,0.4510148763656616
0.4703383729281793,0.13368764077324863,0.4608744592007182,63.72,0.0,-0.8999999999999999,0.0,1.0,0.475997192297136,22.135,0.0,0.099623434,-1.5164657,0.5033829,0.3298870302736759,0.0,0.4510148763656616
0.47216886761813487,0.11656705753994595,0.4605915360942388,63.72,0.0,-0.8999999999999999,0.0,1.0,0.5370342112491286,22.14,0.0,0.006128818,-2.0481384,1.7972416,0.3018386453390121,0.0,0.6
0.4744974225245945,0.10143608127879249,0.457954223035094,63.72,0.0,-0.8999999999999999,0.0,1.0,0.6896267586291103,22.145,0.0,0.006128818,-2.0481384,1.7972416,0.3018386453390121,0.0,0.6
0.4763800268053496,0.0878128904807145,0.45359938423125334,63.9,4.394753594504912,-0.72,4.394753594504917,1.0,0.44547868282113967,22.150000000000002,0.0,0.006128818,-2.0481384,1.7972416,0.3018386453390121,0.0,0.6
0.47742443903442505,0.08479643027883224,0.4489792962655585,64.08,11102.569411764689,-0.72,0.0,1.0,0.6285897396771176,22.155,0.0,0.006128818,-2.0481384,1.7972416,0.3018386453390121,0.0,0.6
0.4788326256140987,0.06083014440832533,0.4420080647354703,64.25999999999999,20404.722162161324,-0.72,0.0,1.0,0.46073793755913783,22.16,0.0,0.13141793,-1.8811022,2.6569781,0.339425379037857,0.0,0.6
0.4803840384349696,0.05396145367704633,0.4327454255985119,64.25999999999999,0.0,-0.72,0.0,1.0,0.7811822870570992,22.165,0.0,0.13141793,-1.8811022,2.6569781,0.339425379037857,0.0,0.6
0.48029975681389897,0.057572261741444114,0.42607645473289246,64.44,24354.023225807374,-0.72,0.0,1.0,0.4302194280831415,22.17,0.0,0.13141793,-1.8811022,2.6569781,0.339425379037857,0.0,0.6
0.4794057527799874,0.04538951628869154,0.42223683849731375,64.44,0.0,-0.72,0.0,1.0,0.6285897396771176,22.175,0.0,0.13141793,-1.8811022,2.6569781,0.339425379037857,0.0,0.6
0.4796899353788672,0.04140888879647001,0.42006562830753874,64.44,0.0,-0.72,0.0,1.0,0.5828119754631231,22.18,0.0,0.022748746,-1.636992,2.5823777,0.30682462379336356,0.0,0.6
0.477849265845673,0.02318961749636599,0.41904492693994844,64.44,0.0,-0.72,0.0,1.0,0.7201452681051066,22.185,0.0,0.022748746,-1.636992,2.5823777,0.30682462379336356,0.0,0.6
0.47656902955771024,0.009149368632871652,0.41830694427392406,64.44,0.0,-0.72,0.0,1.0,0.6285897396771176,22.19,0.0,0.022748746,-1.636992,2.5823777,0.30682462379336356,0.0,0.6
0.4759374730618354,0.023022344181140398,0.4193221807632387,64.25999999999999,-14518.744615385165,-0.72,0.0,1.0,0.5217749565111305,22.195,0.0,0.022748746,-1.636992,2.5823777,0.30682462379336356,0.0,0.6
0.4745098721198228,0.013351084472078447,0.41950690290292963,64.25999999999999,0.0,-0.72,0.0,1.0,0.5828119754631231,22.2,0.0,-0.5553384,-0.20467865,3.0607605,0.1333984851837158,0.2385964035987854,0.6
0.4723103998044593,0.0057898605710498445,0.41983287834085536,64.25999999999999,0.0,-0.72,0.0,1.0,0.5980712302011213,22.205000000000002,0.0,-0.5553384,-0.20467865,3.0607605,0.1333984851837158,0.2385964035987854,0.6
0.4715941317947385,0.011984204281829022,0.42140696625672136,64.25999999999999,0.0,-0.72,0.0,1.0,0.567552720725125,22.21,0.0,-0.5553384,-0.20467865,3.0607605,0.1333984851837158,0.2385964035987854,0.6
0.4710759412962685,0.018337735760100792,0.42139844091549683,64.25999999999999,0.0,-0.72,0.0,1.0,0.5370342112491286,22.215,0.0,-0.5553384,-0.20467865,3.0607605,0.1333984851837158,0.2385964035987854,0.6
0.4671277662013273,0.009214645429309044,0.4206490946739608,64.25999999999999,0.0,-0.72,0.0,1.0,0.659108249153114,22.22,0.0,-1.0026778,1.7775058,3.129239,0.0,0.6,0.6
0.4595597364855665,0.003901302086916831,0.42182283456254543,64.25999999999999,0.0,-0.72,0.0,1.0,0.7354045228431048,22.225,0.0,-1.0026778,1.7775058,3.129239,0.0,0.6,0.6
0.4526358619313078,0.010101129513762908,0.4225098186311625,64.25999999999999,0.0,-0.72,0.0,1.0,0.7048860133671084,22.23,0.0,-1.0026778,1.7775058,3.129239,0.0,0.6,0.6
0.4421696617576811,0.012496515667500464,0.4224297485977592,64.25999999999999,0.0,-0.72,0.0,1.0,0.5217749565111305,22.235,0.0,-1.0026778,1.7775058,3.129239,0.0,0.6,0.6
0.42858352487077134,0.001515517547183842,0.42437028886956596,64.08,-11614.995692307215,-0.72,0.0,1.0,0.5828119754631231,22.240000000000002,0.0,-1.1036252,2.1663744,2.492425,0.0,0.6,0.6
0.41762730029560413,0.005361300358243288,0.4273855507185489,64.08,0.0,-0.72,0.0,1.0,0.44547868282113967,22.245,0.0,-1.1036252,2.1663744,2.492425,0.0,0.6,0.6
0.40708400821621393,0.008201454592787918,0.4300328697494328,63.9,-22878.021818181784,-0.72,0.0,1.0,0.6743675038911121,22.25,0.0,-1.1036252,2.1663744,2.492425,0.0,0.6,0.6
0.3908509775228688,0.006710696146104466,0.43329349337956197,63.72,-23592.959999999963,-0.72,0.0,1.0,0.5065157017731323,22.255,0.0,-1.1036252,2.1663744,2.492425,0.0,0.6,0.6
0.3755674021985726,0.0028472735637058992,0.4383559649566635,63.36,-44410.277647058756,-0.72,0.0,1.0,0.5980712302011213,22.26,0.0,-1.0175176,2.2728221,3.0343719,0.0,0.6,0.6
0.3602817987270489,0.008093119584608108,0.4434777869367497,63.0,-48708.04645161283,-0.72,0.0,1.0,0.6743675038911121,22.265,0.0,-1.0175176,2.2728221,3.0343719,0.0,0.6,0.6
0.344071609795132,0.0418011483021102,0.4476889151202172,62.64,-41943.039999999935,-0.72,0.0,1.0,0.475997192297136,22.27,0.0,-1.0175176,2.2728221,3.0343719,0.0,0.6,0.6
0.3277895857505228,0.05956031871138462,0.4521552875406081,62.28,-8.331215184286016,-0.72,0.0,1.0,0.49125644703513416,22.275000000000002,0.0,-1.0175176,2.2728221,3.0343719,0.0,0.6,0.6
0.313684471162271,0.08731041279791804,0.4562556595650435,61.739999999999995,-41180.43927272775,-0.72,0.0,1.0,0.3997009186071452,22.28,0.0,-1.6761512,2.8453877,4.773217,0.0,0.6,0.6
0.2987747595544713,0.10981521571621594,0.4583000998570972,61.019999999999996,-88820.55529411751,-0.72,0.0,1.0,0.6438489944151158,22.285,0.0,-1.6761512,2.8453877,4.773217,0.0,0.6,0.6
0.2816359976982116,0.11547948192465497,0.4598954909049535,60.48,-68634.06545454534,-0.72,0.0,1.0,0.49125644703513416,22.29,0.0,-1.6761512,2.8453877,4.773217,0.0,0.6,0.6
0.2615518114804996,0.12145822855687495,0.4612205911772357,59.58,-130168.05517241359,-0.72,0.0,1.0,0.5065157017731323,22.295,0.0,-1.6761512,2.8453877,4.773217,0.0,0.6,0.6
0.2404067386676359,0.14119642300157026,0.4621558619176637,58.86,-88820.55529411751,-0.72,0.0,1.0,0.7354045228431048,22.3,0.0,-1.7134492,2.2621896,5.558942,0.0,0.6,0.6
0.21823102663414817,0.16770613854899347,0.4630250463469816,57.96,-121770.11612903206,-0.72,0.0,1.0,0.659108249153114,22.305,0.0,-1.7134492,2.2621896,5.558942,0.0,0.6,0.6
0.19696987005523336,0.17619691834568535,0.4636424186890562,57.059999999999995,-121770.11612903302,-0.72,0.0,1.0,0.46073793755913783,22.31,0.0,-1.7134492,2.2621896,5.558942,0.0,0.6,0.6
0.17626513624035245,0.19874323877965616,0.4640087340902128,55.98,-146124.13935483847,-0.72,0.0,1.0,0.4302194280831415,22.315,0.0,-1.7134492,2.2621896,5.558942,0.0,0.6,0.6
0.15701272621488394,0.21640871215431262,0.4643585558615109,54.9,-25.73382674248833,-0.72,0.0,1.0,0.5217749565111305,22.32,0.0,0.16625765,-1.1666726,1.0519285,0.34987729489803315,0.0,0.6
0.13870277541645476,0.23200650041131265,0.4643692634809808,53.64,-80073.07636363624,-0.72,0.0,1.0,0.475997192297136,22.325,0.0,0.16625765,-1.1666726,1.0519285,0.34987729489803315,0.0,0.6
0.12201222609651444,0.2541894327776792,0.4642947808397364,52.379999999999995,-155435.9717647065,-0.72,0.0,1.0,0.5217749565111305,22.330000000000002,0.0,0.16625765,-1.1666726,1.0519285,0.34987729489803315,0.0,0.6
0.10423117805834455,0.2643111969261128,0.4643334078493204,50.94,-194832.1858064513,-0.72,0.0,1.0,0.44547868282113967,22.335,0.0,0.16625765,-1.1666726,1.0519285,0.34987729489803315,0.0,0.6
0.09000682782445427,0.2807437402586421,0.4640372601400487,49.5,-201326.59199999968,-0.72,0.0,1.0,0.5217749565111305,22.34,0.0,2.299072,-1.4441464,-1.7773184,0.6,0.0,0.0
0.08349545551766979,0.291489015995653,0.46376908745499357,47.879999999999995,-212336.6400000006,-0.72,0.0,1.0,0.8269600512710937,22.345,0.0,2.299072,-1.4441464,-1.7773184,0.6,0.0,0.0
0.06510417249057221,0.3049238273871315,0.4637092761444051,46.26,-205902.19636363603,-0.72,0.0,1.0,0.7354045228431048,22.35,0.0,2.299072,-1.4441464,-1.7773184,0.6,0.0,0.0
0.06970452366176223,0.3122150434373613,0.46322569085199106,44.46,-251658.2399999996,-0.72,0.0,1.0,0.5522934659871268,22.355,0.0,2.299072,-1.4441464,-1.7773184,0.6,0.0,0.0
0.056314448723071085,0.31778028574068307,0.4632666507648182,42.66,-41.589987219602584,-0.72,0.0,1.0,0.5828119754631231,22.36,8.522881865501404,2.661867,-0.9744171,-2.17879,0.6,0.007674872875213623,0.0
0.05598293716505862,0.32591733043109017,0.4629633659474385,40.68,-133947.12774193528,-0.72,0.0,1.0,0.5828119754631231,22.365000000000002,8.522881865501404,2.661867,-0.9744171,-2.17879,0.6,0.007674872875213623,0.0
0.042601631893479194,0.3440673154036201,0.462581289244658,38.699999999999996,-237277.7691428576,-0.72,0.0,1.0,0.46073793755913783,22.37,8.522881865501404,2.661867,-0.9744171,-2.17879,0.6,0.007674872875213623,0.0
0.04507688340980397,0.3417341178894811,0.4626453920347399,36.54,-266461.6658823525,-0.72,0.0,1.0,0.6133304849391195,22.375,8.522881865501404,2.661867,-0.9744171,-2.17879,0.6,0.007674872875213623,0.0
0.03801623447686683,0.34118782749485654,0.4625785526333862,34.379999999999995,-283115.5200000005,-0.72,0.0,1.0,0.6438489944151158,22.38,20.0,1.1945744,-0.7473143,-0.29364818,0.6,0.07580571770668029,0.2119055449962616
0.06206046275853948,0.3414083741854752,0.46211833891550164,32.04,-297414.28363636316,-0.72,0.0,1.0,0.5522934659871268,22.385,20.0,1.1945744,-0.7473143,-0.29364818,0.6,0.07580571770668029,0.2119055449962616
0.0804151249071664,0.34524869650893963,0.46209148538540634,29.88,-283115.52,-0.72,0.0,1.0,0.5065157017731323,22.39,20.0,1.1945744,-0.7473143,-0.29364818,0.6,0.07580571770668029,0.2119055449962616
0.09010835760968286,0.3401107179356926,0.4617902019956579,27.36,-340956.32516129024,-0.72,0.0,1.0,0.5065157017731323,22.395,20.0,1.1945744,-0.7473143,-0.29364818,0.6,0.07580571770668029,0.2119055449962616
0.11395524838133737,0.3333976271914324,0.46047713297726445,25.02,-327155.712,-0.72,0.0,1.0,0.384441663869147,22.400000000000002,8.522881865501404,1.1237469,-1.7706869,-5.7134132,0.6,0.0,0.0
0.1366817281589793,0.3165681383016991,0.4585198801435263,22.5,-59.91183584627592,-0.72,0.0,1.0,0.659108249153114,22.405,8.522881865501404,1.1237469,-1.7706869,-5.7134132,0.6,0.0,0.0
0.1490123281404077,0.2889924375888465,0.45552946297245195,19.98,-188743.67999999996,-0.72,0.0,1.0,0.475997192297136,22.41,8.522881865501404,1.1237469,-1.7706869,-5.7134132,0.6,0.0,0.0
0.1651752587436385,0.27014516633835006,0.44454871577856664,17.46,-301989.888,-0.72,0.0,1.0,0.5828119754631231,22.415,8.522881865501404,1.1237469,-1.7706869,-5.7134132,0.6,0.0,0.0
0.18213178207628858,0.24724261665569608,0.42330423109707543,15.12,-316602.3019354841,-0.72,0.0,1.0,0.5522934659871268,22.42,0.0,0.7794883,-1.4361893,-3.339553,0.5338464975357056,0.0,0.0
0.19560542772832198,0.21772494496586575,0.3967701271121531,12.78,-327155.712,-0.72,0.0,1.0,0.6438489944151158,22.425,0.0,0.7794883,-1.4361893,-3.339553,0.5338464975357056,0.0,0.0
0.21311518722236694,0.19046585108505756,0.3685276670647146,10.62,-292248.27870967746,-0.72,0.0,1.0,0.384441663869147,22.43,0.0,0.7794883,-1.4361893,-3.339553,0.5338464975357056,0.0,0.0
0.23139038130278897,0.17170549103986435,0.34043837182016345,8.82,-243540.23225806438,-0.72,0.0,1.0,0.6285897396771176,22.435,0.0,0.7794883,-1.4361893,-3.339553,0.5338464975357056,0.0,0.0
0.24473038912239264,0.15775275241453635,0.31375413417425724,7.02,-251658.2400000001,-0.72,0.0,1.0,0.36918240913114886,22.44,0.0,0.9039164,-1.5624261,-4.7156167,0.5711749255657196,0.0,0.0
0.2590441975659631,0.14392713484638195,0.29099022574809874,5.9399999999999995,-25.04338965059708,-0.72,0.0,1.0,0.659108249153114,22.445,0.0,0.9039164,-1.5624261,-4.7156167,0.5711749255657196,0.0,0.0
0.2761077737622764,0.11745839348555574,0.27020371688217304,5.22,-60397.97759999998,0.36,90596.9664,1.0,3.604144413586816,22.45,0.0,0.9039164,-1.5624261,-4.7156167,0.5711749255657196,0.0,0.0
0.2880385202023263,0.10873655248601301,0.2530878083187275,5.3999999999999995,22205.138823529378,1.08,88820.55529411766,1.0,1.8493301187170275,22.455000000000002,0.0,0.9039164,-1.5624261,-4.7156167,0.5711749255657196,0.0,0.0
0.2998969287081789,0.09470835142472378,0.24004526167429074,6.4799999999999995,133230.8329411765,0.36,-88820.55529411766,1.0,0.20133060701316907,22.46,0.0,0.6380247,-1.484391,-1.9987851,0.4914074063301086,0.0,0.0
0.31344905156906616,0.08308982356819576,0.2279769457408315,8.1,205902.19636363638,-0.8999999999999999,-160146.1527272727,1.0,1.0711081270790643,22.465,0.0,0.6380247,-1.484391,-1.9987851,0.4914074063301086,0.0,0.0
0.32446712577032294,0.08140212761036385,0.21416007139584736,9.54,188743.67999999993,-0.54,47185.919999999984,1.0,1.1168858912930588,22.47,0.0,0.6380247,-1.484391,-1.9987851,0.4914074063301086,0.0,0.0
0.33359224645162816,0.05420431792088799,0.20013818797147984,11.52,251658.24000000005,-0.54,0.0,1.0,-0.19541001617478315,22.475,0.0,0.6380247,-1.484391,-1.9987851,0.4914074063301086,0.0,0.0
0.34486717567039515,0.047839684900934085,0.18470046816391036,14.04,364470.55448275857,-0.8999999999999999,-52067.2220689655,1.0,0.24710837122716356,22.48,0.0,0.4208324,-1.3627926,2.2122774,0.42624971866607664,0.0,0.6
0.3529598660514642,0.05617073295955927,0.16940735171393786,16.74,390504.1655172413,-0.8999999999999999,0.0,1.0,1.6204412976469982,22.485,0.0,0.4208324,-1.3627926,2.2122774,0.42624971866607664,0.0,0.6
0.35932520967259923,0.04325594364153089,0.1547583427646756,19.8,72.79052097866409,-0.8999999999999999,0.0,1.0,0.6743675038911121,22.490000000000002,0.0,0.4208324,-1.3627926,2.2122774,0.42624971866607664,0.0,0.6
0.36731402837406635,0.040805404696975675,0.14070440108618076,23.04,256406.50867924516,-0.72,14244.806037735843,1.0,0.36918240913114886,22.495,0.0,0.4208324,-1.3627926,2.2122774,0.42624971866607664,0.0,0.6
0.37472564278263737,0.031251085165175885,0.1268781300874267,26.279999999999998,424673.2799999998,-0.72,0.0,1.0,0.6896267586291103,22.5,0.0,0.5727331,-1.5041964,1.9774424,0.471819931268692,0.0,0.6
0.38062588868623254,0.021675453538592022,0.1137651546509135,29.88,457560.4363636365,-0.72,0.0,1.0,0.7354045228431048,22.505,0.0,0.5727331,-1.5041964,1.9774424,0.471819931268692,0.0,0.6
0.3870655822585405,0.00798831845135735,0.1019344131817506,33.66,546705.8317241375,-0.72,0.0,1.0,0.475997192297136,22.51,0.0,0.5727331,-1.5041964,1.9774424,0.471819931268692,0.0,0.6
0.3920593927630938,0.012486675548370628,0.0922003631695848,37.44,495452.16000000015,-0.72,0.0,1.0,0.7506637775811029,22.515,0.0,0.5727331,-1.5041964,1.9774424,0.471819931268692,0.0,0.6
0.39559481242818684,0.0055094735886413474,0.08701389730045109,41.22,528482.3040000001,-0.72,0.0,1.0,0.6896267586291103,22.52,0.0,0.5379885,-1.1046606,4.851961,0.46139654517173767,0.0,0.6
0.3995093520819582,-0.004642315283427038,0.08003761384382409,45.18,553648.1280000001,-0.72,0.0,1.0,0.7201452681051066,22.525000000000002,0.0,0.5379885,-1.1046606,4.851961,0.46139654517173767,0.0,0.6
0.40371787457336517,-0.007467625300189473,0.07912225786875904,48.96,495452.16000000015,-0.72,0.0,1.0,0.5522934659871268,22.53,0.0,0.5379885,-1.1046606,4.851961,0.46139654517173767,0.0,0.6
0.40778468443213994,0.014736843270150016,0.07255285820908469,52.919999999999995,90.85830793299986,-0.54,4.129923087863635,1.0,0.8727378154850882,22.535,0.0,0.5379885,-1.1046606,4.851961,0.46139654517173767,0.0,0.6
0.410695577086542,-0.007630798993629014,0.07009556067904582,56.699999999999996,299140.9267924529,-0.54,0.0,1.0,0.5065157017731323,22.54,0.0,0.7836596,-1.4371134,3.7845783,0.535097873210907,0.0,0.6
0.41315052662008533,-0.028225608440800385,0.09218520247811797,60.3,487080.4645161292,-0.54,0.0,1.0,0.8117007965330956,22.545,0.0,0.7836596,-1.4371134,3.7845783,0.535097873210907,0.0,0.6
0.4155324772642725,-0.028773755608410855,0.1109549000489454,64.08,511434.48774193565,-0.36,24354.023225806457,1.0,0.3539231543931507,22.55,0.0,0.7836596,-1.4371134,3.7845783,0.535097873210907,0.0,0.6
0.4176481622974425,-0.030479474701400226,0.1277054457031798,67.5,494638.6096551727,0.0,52067.222068965515,1.0,0.7048860133671084,22.555,0.0,0.7836596,-1.4371134,3.7845783,0.535097873210907,0.0,0.6
0.42102114238269717,-0.03226970198105883,0.14332283576910854,70.92,448266.2400000002,0.36,47185.92,1.0,0.3997009186071452,22.56,0.0,0.82429767,-1.5285941,3.452715,0.5472892999649047,0.0,0.6
0.4234926936288422,-0.0024474514294576376,0.16211736569651147,73.98,427819.0080000003,0.8999999999999999,75497.472,1.0,0.6285897396771176,22.565,0.0,0.82429767,-1.5285941,3.452715,0.5472892999649047,0.0,0.6
0.42421038128469346,-0.012151482178643688,0.1780740988559358,77.03999999999999,427819.00799999834,1.7999999999999998,125829.11999999998,1.0,0.49125644703513416,22.57,0.0,0.82429767,-1.5285941,3.452715,0.5472892999649047,0.0,0.6
0.42594002440760276,-0.029318942484670634,0.19213912299917538,79.74,61.34348518498463,2.6999999999999997,20.44782839499485,1.0,0.6743675038911121,22.575,0.0,0.82429767,-1.5285941,3.452715,0.5472892999649047,0.0,0.6
0.42778086117687913,-0.00934464453900209,0.2084122125965292,82.25999999999999,203262.42461538428,3.96,101631.21230769233,1.0,0.6285897396771176,22.580000000000002,0.0,0.6918055,-0.99586666,5.617841,0.5075416445732116,0.0012400031089782714,0.6
0.42832835448506607,-0.007576277944691974,0.22337799511533404,84.42,266461.66588235425,5.3999999999999995,177641.11058823523,1.0,0.8727378154850882,22.585,0.0,0.6918055,-0.99586666,5.617841,0.5075416445732116,0.0012400031089782714,0.6
0.4288212237213346,-0.0073573841543263,0.23712746264602685,86.03999999999999,226492.41599999866,7.38,276824.0640000001,1.0,0.475997192297136,22.59,0.0,0.6918055,-0.99586666,5.617841,0.5075416445732116,0.0012400031089782714,0.6
0.4294995883174497,-0.007912210342547831,0.25243724924945127,87.3,165150.72000000067,9.36,259522.55999999994,1.0,0.5980712302011213,22.595,0.0,0.6918055,-0.99586666,5.617841,0.5075416445732116,0.0012400031089782714,0.6
0.4309578182625764,0.0010118023188635144,0.26603467333878933,88.2,117964.80000000075,11.52,283115.52,1.0,0.5522934659871268,22.6,0.0,1.0318973,-1.3712548,4.364667,0.6,0.0,0.6
0.43207501581661434,-0.019743974837198298,0.2776631486969079,88.74,75497.47199999889,13.68,301989.88800000004,1.0,0.7964415417950974,22.605,0.0,1.0318973,-1.3712548,4.364667,0.6,0.0,0.6
0.4341124145032005,-0.017056964606552122,0.2906756041715804,88.74,0.0,15.299999999999999,212336.6399999999,1.0,0.5065157017731323,22.61,0.0,1.0318973,-1.3712548,4.364667,0.6,0.0,0.6
0.4356396349798184,0.004459359685380249,0.3038014086886479,88.74,0.0,16.38,150994.94400000002,1.0,0.49125644703513416,22.615000000000002,0.0,1.0318973,-1.3712548,4.364667,0.6,0.0,0.6
0.4353373287410163,-0.014917789662788125,0.31546850303009777,88.74,0.0,16.56,4.395495601446188,1.0,0.5370342112491286,22.62,0.0,1.027902,-1.33489,4.8123436,0.6,0.0,0.6
0.436512775891857,-0.005691976720003159,0.32684070070618193,88.38,-31457.27999999995,15.66,-78643.19999999988,1.0,0.8879970702230864,22.625,0.0,1.027902,-1.33489,4.8123436,0.6,0.0,0.6
0.4365041922585269,-0.027498035908363336,0.33864432227090985,88.2,-24354.023225805453,14.219999999999999,-194832.18580645177,1.0,0.5370342112491286,22.63,0.0,1.027902,-1.33489,4.8123436,0.6,0.0,0.6
0.4381511859971595,-0.01571004975827483,0.3461593605701126,87.84,-50331.64799999992,12.24,-276824.06399999984,1.0,0.8727378154850882,22.635,0.0,1.027902,-1.33489,4.8123436,0.6,0.0,0.6
0.4384526585064953,-0.028276882645391754,0.35467456149018045,87.3,-75497.47200000087,9.719999999999999,-352321.5360000002,1.0,0.5217749565111305,22.64,0.0,1.314351,-1.4560747,3.3138065,0.6,0.0,0.6
0.4398574336376416,-0.015973343863313724,0.36286179776025784,86.75999999999999,-73062.06967742021,6.84,-389664.3716129031,1.0,0.659108249153114,22.645,0.0,1.314351,-1.4560747,3.3138065,0.6,0.0,0.6
0.4401707889096175,-0.008329853426661893,0.37025754023537244,86.22,-78100.83310344712,3.5999999999999996,-468604.9986206897,1.0,0.49125644703513416,22.650000000000002,0.0,1.314351,-1.4560747,3.3138065,0.6,0.0,0.6
0.4418920177793679,-0.018001220022494817,0.376208275977318,85.5,-104134.44413793087,0.18,-494638.60965517233,1.0,0.6438489944151158,22.655,0.0,1.314351,-1.4560747,3.3138065,0.6,0.0,0.6
0.4432314238745075,-0.012151627953427363,0.3835067758782758,83.34,-48.76178928388808,-0.8999999999999999,-24.380894641944074,1.0,0.5065157017731323,22.66,0.0,1.2692517,-1.1381044,0.95351243,0.6,0.0,0.586053729057312
0.44509329904748746,-0.011380608811643354,0.39076124918263466,81.17999999999999,-177641.1105882362,0.72,133230.83294117646,1.0,0.7201452681051066,22.665,0.0,1.2692517,-1.1381044,0.95351243,0.6,0.0,0.586053729057312
0.44634155725205754,-0.0068385190554440855,0.39867484592267305,79.02,-301989.8879999995,1.08,50331.648000000016,1.0,0.7048860133671084,22.67,0.0,1.2692517,-1.1381044,0.95351243,0.6,0.0,0.586053729057312
0.44810177426945696,-0.004513877236071321,0.40645220441593255,77.03999999999999,-267894.2554838715,0.36,-97416.09290322581,1.0,0.44547868282113967,22.675,0.0,1.2692517,-1.1381044,0.95351243,0.6,0.0,0.586053729057312
0.44893053979698705,-0.014296197657039376,0.41276871075882365,75.24,-251658.2399999996,-0.8999999999999999,-176160.76799999998,1.0,0.2776268807031599,22.68,0.0,1.4668751,-1.5070955,0.8439263,0.6,0.0,0.5531778931617737
0.4502588248381065,-0.018062905511944095,0.4177510791514495,72.89999999999999,-327155.71200000047,-0.54,50331.64799999998,1.0,0.7659230323191011,22.685,0.0,1.4668751,-1.5070955,0.8439263,0.6,0.0,0.5531778931617737
0.4521102611040082,-0.0017782401543330432,0.42346095135462347,70.56,-306708.4799999986,-0.72,-23592.959999999992,1.0,0.3081453901791562,22.69,0.0,1.4668751,-1.5070955,0.8439263,0.6,0.0,0.5531778931617737
0.4531386882868317,-0.01880838800477506,0.4288628237384681,68.22,-327155.71200000047,-0.72,0.0,1.0,0.5980712302011213,22.695,0.0,1.4668751,-1.5070955,0.8439263,0.6,0.0,0.5531778931617737
0.4550731715052149,-0.00823485143999552,0.4326864486190347,66.06,-312403.3324137926,-0.72,0.0,1.0,0.5217749565111305,22.7,0.0,1.4334637,-1.5540601,-3.6272078,0.6,0.0,0.0
0.45769415037382,-0.0044187192109150135,0.43678321851506946,63.72,-56.89598590161282,-0.8999999999999999,-4.376614300124055,1.0,0.46073793755913783,22.705000000000002,0.0,1.4334637,-1.5540601,-3.6272078,0.6,0.0,0.0
0.45977242911761174,-0.009683572204079088,0.44098908734527015,61.559999999999995,-174224.93538461567,-0.8999999999999999,0.0,1.0,0.3081453901791562,22.71,0.0,1.4334637,-1.5540601,-3.6272078,0.6,0.0,0.0
0.4620060698126072,-0.01483939086372345,0.4443821280279954,59.58,-276824.06399999955,-0.8999999999999999,0.0,1.0,0.6438489944151158,22.715,0.0,1.4334637,-1.5540601,-3.6272078,0.6,0.0,0.0
0.46491093869595035,-0.007873977486241355,0.44744471581065465,57.78,-243540.23225806412,-0.8999999999999999,0.0,1.0,0.3081453901791562,22.72,0.0,1.2662978,-1.3061765,-1.3598884,0.6,0.0,0.0
0.4676760500858932,0.002931853031524701,0.45055009752319125,55.98,-243540.23225806508,-0.8999999999999999,0.0,1.0,0.5980712302011213,22.725,0.0,1.2662978,-1.3061765,-1.3598884,0.6,0.0,0.0
0.4700640576867666,-0.005685462736246832,0.4528468860482295,54.36,-178809.80210526288,-0.8999999999999999,0.0,1.0,0.5980712302011213,22.73,0.0,1.2662978,-1.3061765,-1.3598884,0.6,0.0,0.0
0.4720802125080257,-0.011016064370724787,0.4556228179281715,53.1,-170478.1625806449,-0.8999999999999999,0.0,1.0,0.6133304849391195,22.735,0.0,1.2662978,-1.3061765,-1.3598884,0.6,0.0,0.0
0.4740333351498817,-0.0034228960382633403,0.4580162116241855,52.019999999999996,-156201.66620689732,-0.8999999999999999,0.0,1.0,0.4302194280831415,22.740000000000002,0.0,1.1545476,-1.4206291,-3.544745,0.6,0.0,0.0
0.4756429762849404,-0.0009835555675986936,0.45951702214551204,51.12,-20.83597043676965,-0.8999999999999999,0.0,1.0,0.6743675038911121,22.745,0.0,1.1545476,-1.4206291,-3.544745,0.6,0.0,0.0
0.47666234042133315,-0.009992132383747639,0.45873062306065404,50.58,-45298.48319999993,-0.8999999999999999,0.0,1.0,0.5980712302011213,22.75,0.0,1.1545476,-1.4206291,-3.544745,0.6,0.0,0.0
0.47724812961427165,-0.01890671402788368,0.4574185213977002,50.22,-50331.64799999992,-0.8999999999999999,0.0,1.0,0.5370342112491286,22.755,0.0,1.1545476,-1.4206291,-3.544745,0.6,0.0,0.0
0.4779450439633991,-0.020171979327731328,0.45713534055589744,50.04,-25165.82399999996,-0.8999999999999999,0.0,1.0,0.3997009186071452,22.76,0.0,0.9670318,-1.314809,-1.527892,0.5901095330715179,0.0,0.0
0.4786363876048752,-0.017835676622321113,0.45506485275344283,50.22,25165.82399999996,-0.8999999999999999,0.0,1.0,0.475997192297136,22.765,0.0,0.9670318,-1.314809,-1.527892,0.5901095330715179,0.0,0.0
0.4787816876563028,-0.01987378345479002,0.44932104462466205,50.58,48708.04645161283,-0.8999999999999999,0.0,1.0,0.44547868282113967,22.77,0.0,0.9670318,-1.314809,-1.527892,0.5901095330715179,0.0,0.0
0.4786867819742492,-0.013456086838643721,0.4348856167682587,51.3,94371.83999999985,-0.8999999999999999,0.0,1.0,0.5980712302011213,22.775000000000002,0.0,0.9670318,-1.314809,-1.527892,0.5901095330715179,0.0,0.0
0.47870622407346586,-0.003398565435756402,0.41157355158461684,52.019999999999996,97416.09290322565,-0.72,24354.023225806442,1.0,0.3539231543931507,22.78,0.0,0.803349,-1.3458548,-0.06498007,0.5410047054290771,0.0,0.28050597980618475
0.4786585839820754,-0.004758154623023282,0.3843980337135805,52.919999999999995,130168.05517241359,-0.72,0.0,1.0,0.6438489944151158,22.785,0.0,0.803349,-1.3458548,-0.06498007,0.5410047054290771,0.0,0.28050597980618475
0.47812244797947473,-0.01849655768352238,0.3559244981441831,53.82,21.391506579171192,-0.72,0.0,1.0,0.3539231543931507,22.79,0.0,0.803349,-1.3458548,-0.06498007,0.5410047054290771,0.0,0.28050597980618475
0.4774951957603862,-0.009765315756681379,0.3283546421351482,54.9,94371.83999999985,-0.72,0.0,1.0,0.6896267586291103,22.795,0.0,0.803349,-1.3458548,-0.06498007,0.5410047054290771,0.0,0.28050597980618475
0.47774251491080905,-0.011183367948704514,0.3005375929603214,56.16,176160.76799999972,-0.72,0.0,1.0,0.6743675038911121,22.8,0.0,0.71339494,-1.3855134,0.536092,0.5140184819698334,0.0,0.46082759499549864
0.4782072546126237,-0.005281135658558311,0.2740759688111326,57.419999999999995,176160.76799999972,-0.72,0.0,1.0,0.6438489944151158,22.805,0.0,0.71339494,-1.3855134,0.536092,0.5140184819698334,0.0,0.46082759499549864
0.47847082561421583,0.0018147099499652285,0.24907652864109017,58.68,176160.7680000007,-0.54,25165.82399999999,1.0,0.6133304849391195,22.81,0.0,0.71339494,-1.3855134,0.536092,0.5140184819698334,0.0,0.46082759499549864
0.4781285666691371,-0.0008666866443844383,0.2263920995254551,60.12,201326.59199999968,-0.54,0.0,1.0,0.8117007965330956,22.815,0.0,0.71339494,-1.3855134,0.536092,0.5140184819698334,0.0,0.46082759499549864
0.4779166453283082,-0.008712775152640961,0.20441113319504897,61.379999999999995,176160.76799999972,-0.54,0.0,1.0,0.3997009186071452,22.82,0.0,0.5836501,-1.2958275,2.890021,0.4750950336456299,0.0,0.6
0.4781831565056439,-0.0069709141928881255,0.18613163663844623,62.82,201326.59200000067,-0.54,0.0,1.0,0.5217749565111305,22.825,0.0,0.5836501,-1.2958275,2.890021,0.4750950336456299,0.0,0.6
0.47800274372416673,-0.013813627249203809,0.17629997267608719,64.25999999999999,33.4753928779269,-0.54,0.0,1.0,0.6285897396771176,22.830000000000002,0.0,0.5836501,-1.2958275,2.890021,0.4750950336456299,0.0,0.6
0.4784459813660857,-0.024860814842825003,0.17204016573534123,65.52,112443.04340425578,-0.54,0.0,1.0,0.6285897396771176,22.835,0.0,0.5836501,-1.2958275,2.890021,0.4750950336456299,0.0,0.6
0.4794625169524305,-0.013825059580985132,0.1683906047376224,66.96,34912.12578034677,-0.54,0.0,1.0,0.3081453901791562,22.84,0.0,0.62067735,-1.3709732,2.4759939,0.4862032055854797,0.0,0.6
0.4800329086892889,-0.0077488164741220025,0.16780165871857328,68.22,155435.9717647065,-0.54,0.0,1.0,0.659108249153114,22.845,0.0,0.62067735,-1.3709732,2.4759939,0.4862032055854797,0.0,0.6
0.481397020401601,0.005967550183707162,0.16862401131115703,69.48,176160.7680000007,-0.54,0.0,1.0,0.5522934659871268,22.85,0.0,0.62067735,-1.3709732,2.4759939,0.4862032055854797,0.0,0.6
0.48196930753644335,0.009084910563197423,0.16945052151105727,70.74,176160.76799999873,-0.36,25165.824000000008,1.0,0.6133304849391195,22.855,0.0,0.62067735,-1.3709732,2.4759939,0.4862032055854797,0.0,0.6
0.4814895145052809,-0.004326754683373588,0.1743647127260644,71.82,137268.1309090907,-0.18,22878.021818181816,1.0,0.6438489944151158,22.86,0.0,0.5910637,-1.4457207,2.4988456,0.47731910347938533,0.0,0.6
0.48249872448348824,-0.012028901085134706,0.18764995246447802,72.72,130168.05517241462,0.18,52067.222068965515,1.0,0.567552720725125,22.865000000000002,0.0,0.5910637,-1.4457207,2.4988456,0.47731910347938533,0.0,0.6
0.48198566289359096,-0.01597493644783799,0.2052124895093958,73.61999999999999,125829.1199999988,0.54,50331.64800000001,1.0,0.5828119754631231,22.87,0.0,0.5910637,-1.4457207,2.4988456,0.47731910347938533,0.0,0.6
0.4823397213607011,-0.013556382076167746,0.22051886499101286,74.34,17.0866746633476,0.8999999999999999,8.543337331673643,1.0,0.8117007965330956,22.875,0.0,0.5910637,-1.4457207,2.4988456,0.47731910347938533,0.0,0.6
0.4823699119683159,-0.007744137078310678,0.23751404901006484,75.06,59213.70352941167,1.26,29606.85176470589,1.0,0.3539231543931507,22.88,0.0,0.5234446,-1.2636228,4.297136,0.45703337788581844,0.0,0.6
0.48173094198518335,-0.011183048293679044,0.25512934341264276,75.78,91512.08727272713,1.6199999999999999,45756.04363636362,1.0,0.7811822870570992,22.885,0.0,0.5234446,-1.2636228,4.297136,0.45703337788581844,0.0,0.6
0.4820287540961049,-0.018269719145826077,0.2688795985677988,76.14,50331.64799999992,1.7999999999999998,25165.82399999999,1.0,0.29288613544115805,22.89,0.0,0.5234446,-1.2636228,4.297136,0.45703337788581844,0.0,0.6
0.4819671782176107,-0.01517184427878693,0.2837362963751641,76.67999999999999,26963.38285714246,1.7999999999999998,0.0,1.0,0.8879970702230864,22.895,0.0,0.5234446,-1.2636228,4.297136,0.45703337788581844,0.0,0.6
0.48158560129051625,-0.009827314790109062,0.2984902460097409,77.03999999999999,50331.64799999992,1.7999999999999998,0.0,1.0,0.24710837122716356,22.900000000000002,0.0,0.6457079,-1.384356,3.737557,0.4937123715877533,0.0,0.6
0.4811014274593863,-0.014717516440164023,0.31109467533913043,77.39999999999999,52067.222068965435,1.44,-52067.2220689655,1.0,0.6438489944151158,22.905,0.0,0.6457079,-1.384356,3.737557,0.4937123715877533,0.0,0.6
0.4806050559902784,-0.017605725197514285,0.3229631728432614,77.58,26033.611034483743,0.8999999999999999,-78100.83310344828,1.0,0.567552720725125,22.91,0.0,0.6457079,-1.384356,3.737557,0.4937123715877533,0.0,0.6
0.48084662796898886,-0.016126065174825222,0.33552514426670027,77.75999999999999,4.176045401494405,0.18,-16.704181605978306,1.0,0.8269600512710937,22.915,0.0,0.6457079,-1.384356,3.737557,0.4937123715877533,0.0,0.6
0.4806467371081899,-0.024262707102733854,0.3457281482731828,77.94,14803.425882353502,-0.72,-74017.1294117647,1.0,0.29288613544115805,22.92,0.0,0.67406565,-1.3456508,4.189791,0.5022196948528289,0.0,0.6
0.48094149157223004,-0.02500445610966517,0.35517533061344164,77.39999999999999,-68634.06545454625,-0.54,22878.02181818181,1.0,0.7506637775811029,22.925,0.0,0.67406565,-1.3456508,4.189791,0.5022196948528289,0.0,0.6
0.4809022358285322,-0.017084596779391656,0.36617600944770046,77.22,-25165.823999998967,-0.72,-25165.82399999999,1.0,0.5065157017731323,22.93,0.0,0.67406565,-1.3456508,4.189791,0.5022196948528289,0.0,0.6
0.4803722821212579,-0.013569651773339046,0.3760823116301683,76.67999999999999,-75497.47200000087,-0.72,0.0,1.0,0.7659230323191011,22.935,0.0,0.67406565,-1.3456508,4.189791,0.5022196948528289,0.0,0.6
0.4809140946219102,0.0005339460579344628,0.38425864492389045,76.32,-52067.222068965435,-0.72,0.0,1.0,0.3081453901791562,22.94,0.0,0.82377815,-1.4330863,3.747382,0.5471334457397461,0.0,0.6
0.48151320212862847,-0.0007770376100791978,0.39292186741933627,75.78,-73062.06967741827,-0.72,0.0,1.0,0.567552720725125,22.945,0.0,0.82377815,-1.4330863,3.747382,0.5471334457397461,0.0,0.6
0.4808522912431381,-0.006298461757004163,0.40122505520025964,75.24,-29801.633684210872,-0.72,0.0,1.0,0.1860713522751709,22.95,0.0,0.82377815,-1.4330863,3.747382,0.5471334457397461,0.0,0.6
0.48101220774468256,0.00017238088923716372,0.4078507423685022,74.7,-73062.06967741827,-0.72,0.0,1.0,0.7354045228431048,22.955000000000002,0.0,0.82377815,-1.4330863,3.747382,0.5471334457397461,0.0,0.6
0.4815084351428504,0.00022934763423129088,0.41481589715403255,74.16,-12.242502418853686,-0.72,0.0,1.0,0.17081209753717275,22.96,0.0,1.0062933,-1.5288028,2.7699094,0.6,0.0,0.6
0.482376054192646,-0.0059377991611734016,0.4208055886176108,73.61999999999999,-46222.94204081686,-0.72,0.0,1.0,0.567552720725125,22.965,0.0,1.0062933,-1.5288028,2.7699094,0.6,0.0,0.6
0.48241353860234815,-0.010035751189039724,0.4260225060765866,73.08,-68634.06545454444,-0.72,0.0,1.0,0.17081209753717275,22.97,0.0,1.0062933,-1.5288028,2.7699094,0.6,0.0,0.6
0.4823914781548982,-0.00774311840417671,0.43134714215016734,72.36,-94371.83999999985,-0.72,0.0,1.0,0.6743675038911121,22.975,0.0,1.0062933,-1.5288028,2.7699094,0.6,0.0,0.6
0.48289968035647507,-0.010342727699669341,0.43627220251831794,71.82,-75497.47200000087,-0.72,0.0,1.0,0.1860713522751709,22.98,0.0,1.0823487,-1.4795858,2.8034601,0.6,0.0,0.6
0.4830610422118846,-0.013081058598998075,0.44027718400124577,71.46,-47185.919999999925,-0.72,0.0,1.0,0.5065157017731323,22.985,0.0,1.0823487,-1.4795858,2.8034601,0.6,0.0,0.6
0.4834428531408399,-0.010226887647632483,0.4445020612548848,70.92,-75497.47199999889,-0.72,0.0,1.0,0.33866389965515253,22.990000000000002,0.0,1.0823487,-1.4795858,2.8034601,0.6,0.0,0.6
0.48342682410338533,-0.015407593185948754,0.4487508702750345,70.56,-53926.765714285626,-0.72,0.0,1.0,0.9185155796990827,22.995,0.0,1.0823487,-1.4795858,2.8034601,0.6,0.0,0.6
0.48359727793782353,-0.009355828476578624,0.4519881424086337,70.2,-50331.64799999992,-0.8999999999999999,-25165.82399999999,1.0,0.24710837122716356,23.0,0.0,1.3202715,-1.5849448,1.2624441,0.6,0.0,0.6
0.4839370600553712,-0.003626683638716957,0.45501889782512006,69.84,-8.790684124424352,-0.8999999999999999,0.0,1.0,0.567552720725125,23.005,0.0,1.3202715,-1.5849448,1.2624441,0.6,0.0,0.6
0.48426161993161454,-0.008550340042175746,0.4586282954295888,69.48,-29606.851764705836,-0.8999999999999999,0.0,1.0,0.5065157017731323,23.01,0.0,1.3202715,-1.5849448,1.2624441,0.6,0.0,0.6
0.48466009475758187,-0.005389201198819588,0.4610564713182774,69.3,-10066.329600000381,-0.8999999999999999,0.0,1.0,0.7659230323191011,23.015,0.0,1.3202715,-1.5849448,1.2624441,0.6,0.0,0.6
0.48467218998666367,-0.010162639681707246,0.4635023595470635,69.12,-23592.95999999903,-0.8999999999999999,0.0,1.0,0.44547868282113967,23.02,0.0,1.3717701,-1.4824094,1.3586767,0.6,0.0,0.6
0.4850780632914528,0.00032852874413659834,0.46604730654633864,68.94,-22878.021818182686,-0.8999999999999999,0.0,1.0,0.6285897396771176,23.025000000000002,0.0,1.3717701,-1.4824094,1.3586767,0.6,0.0,0.6
0.48523130662998887,0.0011049233711828712,0.46816915857576696,68.94,0.0,-0.8999999999999999,0.0,1.0,0.384441663869147,23.03,0.0,1.3717701,-1.4824094,1.3586767,0.6,0.0,0.6
0.48568154595273877,0.003267143381539548,0.4697226395508318,68.94,0.0,-0.8999999999999999,0.0,1.0,0.8727378154850882,23.035,0.0,1.3717701,-1.4824094,1.3586767,0.6,0.0,0.6
0.4855075010044758,0.0052479952890601474,0.47185482849035376,68.94,0.0,-0.8999999999999999,0.0,1.0,0.5065157017731323,23.04,0.0,1.5074801,-1.4939028,0.6129463,0.6,0.0,0.48388388156890866
0.48523959278523865,0.0027414859396898486,0.47379247583988576,69.12,4.059156634927275,-0.8999999999999999,0.0,1.0,0.6438489944151158,23.045,0.0,1.5074801,-1.4939028,0.6129463,0.6,0.0,0.48388388156890866
0.48498303450482005,-0.011760351618829068,0.4751370850824375,69.12,0.0,-0.8999999999999999,0.0,1.0,0.384441663869147,23.05,0.0,1.5074801,-1.4939028,0.6129463,0.6,0.0,0.48388388156890866
0.48481064872311663,-0.010156375780141473,0.4765585033489044,69.12,0.0,-0.8999999999999999,0.0,1.0,0.7201452681051066,23.055,0.0,1.5074801,-1.4939028,0.6129463,0.6,0.0,0.48388388156890866
0.484451698526481,-0.01712470628998077,0.47802106807344635,69.3,24354.023225805453,-0.8999999999999999,0.0,1.0,0.24710837122716356,23.06,0.0,1.5659305,-1.4875643,0.3099632,0.6,0.0,0.39298895895481106
0.4848483673186103,-0.013296937222364956,0.47885731671093934,69.3,0.0,-0.8999999999999999,0.0,1.0,0.6285897396771176,23.065,0.0,1.5659305,-1.4875643,0.3099632,0.6,0.0,0.39298895895481106
0.48450462453381443,-0.0073702543297540874,0.48015888547029334,69.3,0.0,-0.8999999999999999,0.0,1.0,0.5828119754631231,23.07,0.0,1.5659305,-1.4875643,0.3099632,0.6,0.0,0.39298895895481106
0.4846931354815648,-0.009274174962253965,0.48111607913629906,69.3,0.0,-0.8999999999999999,0.0,1.0,0.8269600512710937,23.075,0.0,1.5659305,-1.4875643,0.3099632,0.6,0.0,0.39298895895481106
0.48447384687572487,-0.0062829519870481396,0.48198317083839703,69.3,0.0,-0.8999999999999999,0.0,1.0,0.44547868282113967,23.080000000000002,0.0,1.5840945,-1.5006279,0.020999022,0.6,0.0,0.30629970654845234
0.48446734492523696,-0.011605390432055721,0.48287568230482747,69.12,-25165.823999998967,-0.8999999999999999,0.0,1.0,0.7048860133671084,23.085,0.0,1.5840945,-1.5006279,0.020999022,0.6,0.0,0.30629970654845234
0.48445471549480157,-0.00744272699256235,0.4836142816490606,69.12,0.0,-0.8999999999999999,0.0,1.0,0.475997192297136,23.09,0.0,1.5840945,-1.5006279,0.020999022,0.6,0.0,0.30629970654845234
0.4849062677693839,-0.008121109943688804,0.4837341149510376,69.12,0.0,-0.8999999999999999,0.0,1.0,0.6896267586291103,23.095,0.0,1.5840945,-1.5006279,0.020999022,0.6,0.0,0.30629970654845234
0.4849789086257786,-0.00802916914213472,0.48416280936702294,69.12,0.0,-0.8999999999999999,0.0,1.0,0.5522934659871268,23.1,0.0,1.540312,-1.5175093,-0.18908855,0.6,0.0,0.2432734340429306
0.485128217315763,-0.013704912283400393,0.4843240670562387,69.12,0.0,-0.8999999999999999,0.0,1.0,0.6743675038911121,23.105,0.0,1.540312,-1.5175093,-0.18908855,0.6,0.0,0.2432734340429306
0.484708363865747,-0.016315245189000915,0.4847979182858459,69.12,0.0,-0.8999999999999999,0.0,1.0,0.6133304849391195,23.11,0.0,1.540312,-1.5175093,-0.18908855,0.6,0.0,0.2432734340429306
0.4850000591532725,-0.0062371826647809915,0.4837723262629784,69.12,0.0,-0.8999999999999999,0.0,1.0,0.8422193060090919,23.115000000000002,0.0,1.540312,-1.5175093,-0.18908855,0.6,0.0,0.2432734340429306
0.48517662906528436,-0.005227125816428219,0.48280851113553264,69.12,0.0,-0.8999999999999999,0.0,1.0,0.5065157017731323,23.12,0.0,1.4182221,-1.5257878,-0.12794998,0.6,0.0,0.2616150051355362
0.48493475700185334,-0.007586262398247308,0.4829689992877092,69.12,0.0,-0.8999999999999999,0.0,1.0,0.659108249153114,23.125,0.0,1.4182221,-1.5257878,-0.12794998,0.6,0.0,0.2616150051355362
0.48542269204689337,-0.010526297544523092,0.4809797423763984,69.12,0.0,-0.8999999999999999,0.0,1.0,0.3997009186071452,23.13,0.0,1.4182221,-1.5257878,-0.12794998,0.6,0.0,0.2616150051355362
0.4854163191137113,-0.006726640034556804,0.47909587802853576,69.12,0.0,-0.8999999999999999,0.0,1.0,0.7659230323191011,23.135,0.0,1.4182221,-1.5257878,-0.12794998,0.6,0.0,0.2616150051355362
0.4850257506379686,-0.017267786631554212,0.47919274801887063,69.12,0.0,-0.8999999999999999,0.0,1.0,0.5522934659871268,23.14,0.0,1.2313874,-1.5276698,0.17720246,0.6,0.0,0.3531607389450073
0.4853869548167032,-0.019627033882709838,0.4776714742471596,69.12,0.0,-0.8999999999999999,0.0,1.0,0.7354045228431048,23.145,0.0,1.2313874,-1.5276698,0.17720246,0.6,0.0,0.3531607389450073
0.4859785001230907,-0.009749377183383555,0.47445356381462456,69.12,0.0,-0.8999999999999999,0.0,1.0,0.6285897396771176,23.150000000000002,0.0,1.2313874,-1.5276698,0.17720246,0.6,0.0,0.3531607389450073
0.48657583326719833,-0.010910978384403233,0.4714588285261589,69.12,0.0,-0.8999999999999999,0.0,1.0,0.567552720725125,23.155,0.0,1.2313874,-1.5276698,0.17720246,0.6,0.0,0.3531607389450073
0.48590679892190797,-0.013570733337195967,0.46809314833673027,69.12,0.0,-0.8999999999999999,0.0,1.0,0.46073793755913783,23.16,0.0,1.0082358,-1.5236579,0.6382139,0.6,0.0,0.49146416187286374
0.48592738233042676,-0.013536827944296977,0.4566432154157582,69.3,9804.866493506092,-0.8999999999999999,0.0,1.0,0.7354045228431048,23.165,0.0,1.0082358,-1.5236579,0.6382139,0.6,0.0,0.49146416187286374
0.486540391908551,-0.012294099088905707,0.4392905203301791,69.3,0.0,-0.72,24354.023225806442,1.0,0.3081453901791562,23.17,0.0,1.0082358,-1.5236579,0.6382139,0.6,0.0,0.49146416187286374
0.486197538380213,-0.012564944118296421,0.4255169765133773,69.3,0.0,-0.72,0.0,1.0,0.6896267586291103,23.175,0.0,1.0082358,-1.5236579,0.6382139,0.6,0.0,0.49146416187286374
0.48662490033217176,-0.007076226606708293,0.40988208104773627,69.3,0.0,-0.72,0.0,1.0,0.41496017334514335,23.18,0.0,0.7879153,-1.5150179,1.192775,0.5363745868206024,0.0,0.6
0.48690427819428755,-0.013265404075820983,0.3950946068554076,69.3,0.0,-0.72,0.0,1.0,0.6438489944151158,23.185,0.0,0.7879153,-1.5150179,1.192775,0.5363745868206024,0.0,0.6
0.4872106776676648,-0.006567069821181526,0.38367705982274725,69.3,0.0,-0.72,0.0,1.0,0.29288613544115805,23.19,0.0,0.7879153,-1.5150179,1.192775,0.5363745868206024,0.0,0.6
0.4870834107988305,-0.014041162040673044,0.3749660101773878,69.3,0.0,-0.72,0.0,1.0,0.9795525986510754,23.195,0.0,0.7879153,-1.5150179,1.192775,0.5363745868206024,0.0,0.6
0.4876451807522911,-0.007530672517987611,0.3681118141346428,69.3,0.0,-0.72,0.0,1.0,0.36918240913114886,23.2,0.0,0.62692845,-1.4998451,1.6747653,0.4880785346031189,0.0,0.6
0.4875301970540962,-0.0004528773177863897,0.36396455697259866,69.3,0.0,-0.72,0.0,1.0,0.7354045228431048,23.205000000000002,0.0,0.62692845,-1.4998451,1.6747653,0.4880785346031189,0.0,0.6
0.4865382731076386,-0.013995775571570512,0.36259869845155945,69.3,0.0,-0.72,0.0,1.0,0.5217749565111305,23.21,0.0,0.62692845,-1.4998451,1.6747653,0.4880785346031189,0.0,0.6
0.48672678668486974,-0.008707677919978953,0.3622952138229402,69.3,0.0,-0.72,0.0,1.0,0.7354045228431048,23.215,0.0,0.62692845,-1.4998451,1.6747653,0.4880785346031189,0.0,0.6
0.48656449981482297,-0.013551010044090293,0.3618498374264156,69.3,0.0,-0.72,0.0,1.0,0.5828119754631231,23.22,0.0,0.5307079,-1.4790944,2.1863546,0.4592123687267303,0.0,0.6
0.486497641499012,-0.019215842873051323,0.36201021819258844,69.3,0.0,-0.72,0.0,1.0,0.659108249153114,23.225,0.0,0.5307079,-1.4790944,2.1863546,0.4592123687267303,0.0,0.6
0.4871745355124425,-0.025565485171820092,0.36322356061086836,69.3,0.0,-0.72,0.0,1.0,0.3997009186071452,23.23,0.0,0.5307079,-1.4790944,2.1863546,0.4592123687267303,0.0,0.6
0.48749620111859127,-0.02016089363178057,0.3635210187218114,69.3,0.0,-0.72,0.0,1.0,0.6438489944151158,23.235,0.0,0.5307079,-1.4790944,2.1863546,0.4592123687267303,0.0,0.6
0.48697038244703544,-0.02396990030652814,0.3640799596926177,69.3,0.0,-0.72,0.0,1.0,0.2623676259651617,23.240000000000002,0.0,0.5009299,-1.4567167,2.6306431,0.45027896761894226,0.0,0.6
0.4869688863473737,-0.030513866570555902,0.3669003290382261,69.3,0.0,-0.72,0.0,1.0,0.567552720725125,23.245,0.0,0.5009299,-1.4567167,2.6306431,0.45027896761894226,0.0,0.6
0.4876013771944846,-0.019759663193016443,0.3719000454710946,69.3,0.0,-0.72,0.0,1.0,0.36918240913114886,23.25,0.0,0.5009299,-1.4567167,2.6306431,0.45027896761894226,0.0,0.6
0.4876862034966183,-0.0188452232966695,0.37746751556377994,69.3,0.0,-0.72,0.0,1.0,0.7506637775811029,23.255,0.0,0.5009299,-1.4567167,2.6306431,0.45027896761894226,0.0,0.6
0.487740871882112,-0.009764743886871681,0.38438313105937855,69.3,0.0,-0.72,0.0,1.0,0.5217749565111305,23.26,0.0,0.53290254,-1.4387699,2.9638524,0.4598707616329193,0.0,0.6
0.4877507058903799,-0.013050940052586574,0.39449156271268426,69.3,0.0,-0.72,0.0,1.0,0.5065157017731323,23.265,0.0,0.53290254,-1.4387699,2.9638524,0.4598707616329193,0.0,0.6
0.4878815440553943,-0.006347695891282605,0.4029425952286507,69.3,0.0,-0.72,0.0,1.0,0.46073793755913783,23.27,0.0,0.53290254,-1.4387699,2.9638524,0.4598707616329193,0.0,0.6
0.48756177213442564,-0.0027899328981969857,0.41118303615968804,69.3,0.0,-0.72,0.0,1.0,0.5370342112491286,23.275000000000002,0.0,0.53290254,-1.4387699,2.9638524,0.4598707616329193,0.0,0.6
0.4875574618692538,-0.0052999480770502105,0.4196459875629663,69.3,0.0,-0.72,0.0,1.0,0.41496017334514335,23.28,0.0,0.6188724,-1.428223,3.1642573,0.4856617212295532,0.0,0.6
0.48693856488339515,-0.002674490883002679,0.4270968517434359,69.3,0.0,-0.72,0.0,1.0,0.6133304849391195,23.285,0.0,0.6188724,-1.428223,3.1642573,0.4856617212295532,0.0,0.6
0.486585345746739,-0.013181805899268475,0.43303619346234484,69.3,0.0,-0.72,0.0,1.0,0.1860713522751709,23.29,0.0,0.6188724,-1.428223,3.1642573,0.4856617212295532,0.0,0.6
0.48695671432541915,-0.017140954934427844,0.4392844344676859,69.3,0.0,-0.72,0.0,1.0,0.6438489944151158,23.295,0.0,0.6188724,-1.428223,3.1642573,0.4856617212295532,0.0,0.6
0.48595129902402306,-0.011094225295478379,0.4450068099484552,69.3,0.0,-0.72,0.0,1.0,0.3997009186071452,23.3,0.0,0.7488577,-1.4249223,3.2172647,0.5246573030948639,0.0,0.6
0.4852869342895689,-0.016368448068084462,0.44929792061287827,69.3,0.0,-0.72,0.0,1.0,0.7201452681051066,23.305,0.0,0.7488577,-1.4249223,3.2172647,0.5246573030948639,0.0,0.6
0.48528311434611954,-0.02260243506726977,0.45378397282994476,69.3,0.0,-0.72,0.0,1.0,0.49125644703513416,23.31,0.0,0.7488577,-1.4249223,3.2172647,0.5246573030948639,0.0,0.6
0.48462466421325107,-0.012896146957795123,0.458017608541477,69.3,0.0,-0.8999999999999999,-11983.72571428571,1.0,0.6743675038911121,23.315,0.0,0.7488577,-1.4249223,3.2172647,0.5246573030948639,0.0,0.6
0.4842647875412769,-0.011132092464650214,0.4610291083412003,69.12,-25165.823999998967,-0.8999999999999999,0.0,1.0,0.49125644703513416,23.32,0.0,0.9109117,-1.4280623,3.109355,0.573273503780365,0.0,0.6
0.48446496898370656,-0.005161418928183305,0.46408528413855654,69.12,0.0,-0.8999999999999999,0.0,1.0,0.7354045228431048,23.325,0.0,0.9109117,-1.4280623,3.109355,0.573273503780365,0.0,0.6
0.48465109535537393,-0.006884583563846027,0.4666437188358653,69.12,0.0,-0.8999999999999999,0.0,1.0,0.5370342112491286,23.330000000000002,0.0,0.9109117,-1.4280623,3.109355,0.573273503780365,0.0,0.6
0.4848495406533088,-0.005806520233432438,0.46870799213922937,69.12,0.0,-0.8999999999999999,0.0,1.0,0.6743675038911121,23.335,0.0,0.9109117,-1.4280623,3.109355,0.573273503780365,0.0,0.6
0.4846026042807282,-0.020123866927402513,0.47095566797731997,69.12,0.0,-0.8999999999999999,0.0,1.0,0.3997009186071452,23.34,0.0,1.0950283,-1.4399618,2.7851605,0.6,0.0,0.6
0.4839942179591416,-0.02017439982227072,0.47350657129075463,69.12,0.0,-0.8999999999999999,0.0,1.0,0.7811822870570992,23.345,0.0,1.0950283,-1.4399618,2.7851605,0.6,0.0,0.6
0.4847301179511759,-0.010402314036376372,0.4746991796071711,69.12,0.0,-0.8999999999999999,0.0,1.0,0.475997192297136,23.35,0.0,1.0950283,-1.4399618,2.7851605,0.6,0.0,0.6
0.4849206548986588,-0.002769920452389306,0.4761183149986246,69.12,0.0,-0.8999999999999999,0.0,1.0,0.3539231543931507,23.355,0.0,1.0950283,-1.4399618,2.7851605,0.6,0.0,0.6
0.4842940143908967,-0.008306307752169157,0.4781268628646464,69.12,0.0,-0.8999999999999999,0.0,1.0,0.29288613544115805,23.36,0.0,1.2742414,-1.4495283,2.3591049,0.6,0.0,0.6
0.4849353804711301,-0.002463541855319004,0.4790642338714331,69.12,0.0,-0.8999999999999999,0.0,1.0,0.659108249153114,23.365000000000002,0.0,1.2742414,-1.4495283,2.3591049,0.6,0.0,0.6
0.48462296330299903,-0.008760393644014949,0.4803890890116464,69.12,0.0,-0.8999999999999999,0.0,1.0,0.6133304849391195,23.37,0.0,1.2742414,-1.4495283,2.3591049,0.6,0.0,0.6
0.4846531596776335,-0.013826121427833198,0.4814254487147846,69.12,0.0,-0.8999999999999999,0.0,1.0,0.7506637775811029,23.375,0.0,1.2742414,-1.4495283,2.3591049,0.6,0.0,0.6
0.4843348228493115,-0.01367881068277329,0.4824983092045129,69.12,0.0,-0.8999999999999999,0.0,1.0,0.3081453901791562,23.38,0.0,1.4422569,-1.4618536,1.7842871,0.6,0.0,0.6
0.4845584650061876,-0.012049676047485547,0.4831189414952054,69.12,0.0,-0.8999999999999999,0.0,1.0,0.7506637775811029,23.385,0.0,1.4422569,-1.4618536,1.7842871,0.6,0.0,0.6
0.48515784195456624,-0.00755818227877035,0.48337191879386976,69.12,0.0,-0.8999999999999999,0.0,1.0,0.41496017334514335,23.39,0.0,1.4422569,-1.4618536,1.7842871,0.6,0.0,0.6
0.4847481850232095,-0.01313956972074258,0.4842107582657852,69.12,0.0,-0.8999999999999999,0.0,1.0,0.9032563249610845,23.395,0.0,1.4422569,-1.4618536,1.7842871,0.6,0.0,0.6
0.48541037694504496,-0.010070293588398598,0.4842260581870457,69.12,0.0,-0.8999999999999999,0.0,1.0,0.5828119754631231,23.400000000000002,0.0,1.575398,-1.4799265,1.1241455,0.6,0.0,0.6
0.4850640323677438,-0.013397024668978833,0.48483279993452655,69.12,0.0,-0.8999999999999999,0.0,1.0,0.7201452681051066,23.405,0.0,1.575398,-1.4799265,1.1241455,0.6,0.0,0.6
0.484936604535453,-0.015729248914284642,0.48526657613551466,69.12,0.0,-0.8999999999999999,0.0,1.0,0.475997192297136,23.41,0.0,1.575398,-1.4799265,1.1241455,0.6,0.0,0.6
0.4850855501712998,-0.025385211192952423,0.48543295865621616,69.12,0.0,-0.8999999999999999,0.0,1.0,0.6438489944151158,23.415,0.0,1.575398,-1.4799265,1.1241455,0.6,0.0,0.6
0.48548652256484165,-0.023243845334620778,0.48541268342450156,69.12,0.0,-0.8999999999999999,0.0,1.0,0.5522934659871268,23.42,0.0,1.6531439,-1.5030843,0.47461617,0.6,0.0,0.44238485097885133
0.4855436417326602,-0.027168012908601793,0.4855189764308477,69.12,0.0,-0.8999999999999999,0.0,1.0,0.49125644703513416,23.425,0.0,1.6531439,-1.5030843,0.47461617,0.6,0.0,0.44238485097885133
0.48580944879833815,-0.021195420608924487,0.485636915038484,69.12,0.0,-0.8999999999999999,0.0,1.0,0.2776268807031599,23.43,0.0,1.6531439,-1.5030843,0.47461617,0.6,0.0,0.44238485097885133
0.4861085276222919,-0.010842340841539507,0.48580711356970513,69.12,0.0,-0.8999999999999999,0.0,1.0,0.7964415417950974,23.435,0.0,1.6531439,-1.5030843,0.47461617,0.6,0.0,0.44238485097885133
0.48554306854136303,-0.017246575208918737,0.4863275114056215,69.12,0.0,-0.8999999999999999,0.0,1.0,0.5217749565111305,23.44,0.0,1.6547314,-1.5288124,0.0170931,0.6,0.0,0.30512792989611626
0.4855207844274465,-0.021695237073986497,0.48648516200512626,69.12,0.0,-0.8999999999999999,0.0,1.0,0.7354045228431048,23.445,0.0,1.6547314,-1.5288124,0.0170931,0.6,0.0,0.30512792989611626
0.48585422688202695,-0.024789365035805148,0.4862798614330773,69.12,0.0,-0.8999999999999999,0.0,1.0,0.5980712302011213,23.45,0.0,1.6547314,-1.5288124,0.0170931,0.6,0.0,0.30512792989611626
0.48537157253319485,-0.028969517336542197,0.48670804220216685,69.12,0.0,-0.8999999999999999,0.0,1.0,0.7506637775811029,23.455000000000002,0.0,1.6547314,-1.5288124,0.0170931,0.6,0.0,0.30512792989611626
0.48540107694023227,-0.021476913057031814,0.48677319974974487,69.12,0.0,-0.8999999999999999,0.0,1.0,0.46073793755913783,23.46,0.0,1.5770507,-1.5471116,-0.16217905,0.6,0.0,0.25134628415107724
0.48577724483939694,-0.012034316939220123,0.48665411672114256,69.12,0.0,-0.8999999999999999,0.0,1.0,0.6133304849391195,23.465,0.0,1.5770507,-1.5471116,-0.16217905,0.6,0.0,0.25134628415107724
0.4854374644775536,-0.013244677776541085,0.4867810458510656,69.12,0.0,-0.8999999999999999,0.0,1.0,0.41496017334514335,23.47,0.0,1.5770507,-1.5471116,-0.16217905,0.6,0.0,0.25134628415107724
0.4857551356255234,-0.005981419637137917,0.48665218676004857,69.12,0.0,-0.8999999999999999,0.0,1.0,0.5065157017731323,23.475,0.0,1.5770507,-1.5471116,-0.16217905,0.6,0.0,0.25134628415107724
0.48581610283253684,-0.017825041313956437,0.4859261402442699,69.12,0.0,-0.8999999999999999,0.0,1.0,0.5522934659871268,23.48,0.0,1.4225138,-1.5530726,-0.04812678,0.6,0.0,0.28556196615099905
0.4856667697912976,-0.020971782106582335,0.485490221535596,69.12,0.0,-0.8999999999999999,0.0,1.0,0.659108249153114,23.485,0.0,1.4225138,-1.5530726,-0.04812678,0.6,0.0,0.28556196615099905
0.4861975428811236,-0.016206939713653015,0.48515759158626665,69.12,0.0,-0.8999999999999999,0.0,1.0,0.4302194280831415,23.490000000000002,0.0,1.4225138,-1.5530726,-0.04812678,0.6,0.0,0.28556196615099905
0.48585985202400356,-0.025241207818575095,0.48415449566279994,69.12,0.0,-0.8999999999999999,0.0,1.0,0.7354045228431048,23.495,0.0,1.4225138,-1.5530726,-0.04812678,0.6,0.0,0.28556196615099905
0.4855024027447596,-0.02427698960632853,0.48250491643458493,69.12,0.0,-0.8999999999999999,0.0,1.0,0.5522934659871268,23.5,0.0,1.2080684,-1.5500253,0.30749497,0.6,0.0,0.3922484904527664
0.48542712462777227,-0.02510951443806465,0.48234905076850315,69.12,0.0,-0.8999999999999999,0.0,1.0,0.6743675038911121,23.505,0.0,1.2080684,-1.5500253,0.30749497,0.6,0.0,0.3922484904527664
0.4867708088189507,-0.015861717207999507,0.48085540532588916,69.12,0.0,-0.8999999999999999,0.0,1.0,0.44547868282113967,23.51,0.0,1.2080684,-1.5500253,0.30749497,0.6,0.0,0.3922484904527664
0.4866548770553297,-0.010563202743924268,0.4784619507207679,69.12,0.0,-0.8999999999999999,0.0,1.0,0.7201452681051066,23.515,0.0,1.2080684,-1.5500253,0.30749497,0.6,0.0,0.3922484904527664
0.48637075688324055,-0.013174333244743508,0.4772610966035953,69.12,0.0,-0.8999999999999999,0.0,1.0,0.5065157017731323,23.52,0.0,0.9688595,-1.5394543,0.7947327,0.5906578481197357,0.0,0.5384198069572449
0.4864235333493285,-0.012243117619523977,0.4760410999925103,69.12,0.0,-0.8999999999999999,0.0,1.0,0.44547868282113967,23.525000000000002,0.0,0.9688595,-1.5394543,0.7947327,0.5906578481197357,0.0,0.5384198069572449
0.4866435916391904,0.0017075142799723823,0.4676885086920591,69.12,0.0,-0.8999999999999999,0.0,1.0,0.33866389965515253,23.53,0.0,0.9688595,-1.5394543,0.7947327,0.5906578481197357,0.0,0.5384198069572449
0.4864882727729224,0.00441138780181268,0.45418605943885637,69.3,24354.023225805453,-0.8999999999999999,0.0,1.0,0.5980712302011213,23.535,0.0,0.9688595,-1.5394543,0.7947327,0.5906578481197357,0.0,0.5384198069572449
0.48656842352169394,-0.006745853358171706,0.4418853880838097,69.3,0.0,-0.8999999999999999,0.0,1.0,0.475997192297136,23.54,0.0,0.75085133,-1.5230268,1.3068488,0.525255399942398,0.0,0.6
0.48685495199979517,-0.01088524018668725,0.429880638778724,69.3,0.0,-0.72,22878.02181818181,1.0,0.49125644703513416,23.545,0.0,0.75085133,-1.5230268,1.3068488,0.525255399942398,0.0,0.6
0.4868633681151332,-0.014070180258561469,0.41784426156088034,69.3,0.0,-0.72,0.0,1.0,0.5828119754631231,23.55,0.0,0.75085133,-1.5230268,1.3068488,0.525255399942398,0.0,0.6
0.4867866992083054,-0.013107766438073272,0.40945368712069036,69.3,0.0,-0.72,0.0,1.0,0.8117007965330956,23.555,0.0,0.75085133,-1.5230268,1.3068488,0.525255399942398,0.0,0.6
0.4869417665039305,-0.012195638491978324,0.4030831886094132,69.3,0.0,-0.72,0.0,1.0,0.49125644703513416,23.56,0.0,0.597212,-1.5015507,1.8789319,0.4791636049747467,0.0,0.6
0.48690243448936793,-0.00936655859900799,0.39838016842980173,69.3,0.0,-0.72,0.0,1.0,0.5217749565111305,23.565,0.0,0.597212,-1.5015507,1.8789319,0.4791636049747467,0.0,0.6
0.4866183348201999,-0.014554902202967339,0.39530024763737537,69.3,0.0,-0.72,0.0,1.0,0.5370342112491286,23.57,0.0,0.597212,-1.5015507,1.8789319,0.4791636049747467,0.0,0.6
0.4867696066231365,-0.008576559252338287,0.39349150525016063,69.3,0.0,-0.72,0.0,1.0,0.7811822870570992,23.575,0.0,0.597212,-1.5015507,1.8789319,0.4791636049747467,0.0,0.6
0.48698702721283904,-0.011004335469220474,0.3934828797329212,69.3,0.0,-0.72,0.0,1.0,0.3997009186071452,23.580000000000002,0.0,0.51963973,-1.4765221,2.3557968,0.4558919191360473,0.0,0.6
0.4867482536278622,-0.008614814350667667,0.39352442178557673,69.3,0.0,-0.72,0.0,1.0,0.6438489944151158,23.585,0.0,0.51963973,-1.4765221,2.3557968,0.4558919191360473,0.0,0.6
0.4871688816620778,-0.010861082563963984,0.392979242335867,69.3,0.0,-0.72,0.0,1.0,0.6285897396771176,23.59,0.0,0.51963973,-1.4765221,2.3557968,0.4558919191360473,0.0,0.6
0.48695992013439826,-0.013560834244684386,0.3946002504728504,69.3,0.0,-0.72,0.0,1.0,0.6285897396771176,23.595,0.0,0.51963973,-1.4765221,2.3557968,0.4558919191360473,0.0,0.6
0.48748245088016445,-0.01086786806267517,0.39493786270679176,69.3,0.0,-0.72,0.0,1.0,0.567552720725125,23.6,0.0,0.51025796,-1.4540774,2.7587373,0.4530773878097534,0.0,0.6
0.4881059800706083,-0.010384948896749365,0.3945477528183574,69.3,0.0,-0.72,0.0,1.0,0.46073793755913783,23.605,0.0,0.51025796,-1.4540774,2.7587373,0.4530773878097534,0.0,0.6
0.48812881502830396,-0.012683570896600849,0.3960597923807371,69.3,0.0,-0.72,0.0,1.0,0.29288613544115805,23.61,0.0,0.51025796,-1.4540774,2.7587373,0.4530773878097534,0.0,0.6
0.48743852828062795,-0.02685576350058817,0.3980415034696698,69.3,0.0,-0.72,0.0,1.0,0.659108249153114,23.615000000000002,0.0,0.51025796,-1.4540774,2.7587373,0.4530773878097534,0.0,0.6
0.4874143638046392,-0.02357364688928837,0.3989523560681524,69.3,0.0,-0.72,0.0,1.0,0.49125644703513416,23.62,0.0,0.5608743,-1.4373254,3.046496,0.46826228499412537,0.0,0.6
0.48729122624435894,-0.01874221618285191,0.4021927827071557,69.3,0.0,-0.72,0.0,1.0,0.567552720725125,23.625,0.0,0.5608743,-1.4373254,3.046496,0.46826228499412537,0.0,0.6
0.48708249527558006,-0.011190928249712377,0.4090156089637727,69.3,0.0,-0.72,0.0,1.0,0.5828119754631231,23.63,0.0,0.5608743,-1.4373254,3.046496,0.46826228499412537,0.0,0.6
0.4870593607480127,0.0013546661807021492,0.4158801522368626,69.3,0.0,-0.72,0.0,1.0,0.6285897396771176,23.635,0.0,0.5608743,-1.4373254,3.046496,0.46826228499412537,0.0,0.6
0.4868780405053212,-0.004747579657328559,0.42169641874594577,69.3,0.0,-0.72,0.0,1.0,0.5522934659871268,23.64,0.0,0.6625606,-1.4283849,3.1972075,0.4987681746482849,0.0,0.6
0.48703166563797184,-0.010187127139639934,0.42902774009856115,69.3,0.0,-0.8999999999999999,-4.390715332542395,1.0,0.46073793755913783,23.645,0.0,0.6625606,-1.4283849,3.1972075,0.4987681746482849,0.0,0.6
0.4861547003700113,-0.01332136589625069,0.43580290262300325,69.3,0.0,-0.8999999999999999,0.0,1.0,0.384441663869147,23.650000000000002,0.0,0.6625606,-1.4283849,3.1972075,0.4987681746482849,0.0,0.6
0.48597263036796473,-0.006014379067856081,0.44091116668795777,69.3,0.0,-0.8999999999999999,0.0,1.0,0.5370342112491286,23.655,0.0,0.6625606,-1.4283849,3.1972075,0.4987681746482849,0.0,0.6
0.4861878660605313,0.0014039789389150815,0.4464784565131805,69.3,0.0,-0.8999999999999999,0.0,1.0,0.5217749565111305,23.66,0.0,0.8046208,-1.4267014,3.1957226,0.5413862407207489,0.0,0.6
0.48580992579353427,-0.007315361049131408,0.45164453168099594,69.3,0.0,-0.8999999999999999,0.0,1.0,0.5828119754631231,23.665,0.0,0.8046208,-1.4267014,3.1957226,0.5413862407207489,0.0,0.6
0.485352076137032,-0.011432915239007406,0.45527204560624723,69.3,0.0,-0.8999999999999999,0.0,1.0,0.5370342112491286,23.67,0.0,0.8046208,-1.4267014,3.1957226,0.5413862407207489,0.0,0.6
0.4852546543902725,-0.019300356587086134,0.45911998223554645,69.3,0.0,-0.8999999999999999,0.0,1.0,0.6743675038911121,23.675,0.0,0.8046208,-1.4267014,3.1957226,0.5413862407207489,0.0,0.6
0.48507932256163755,-0.016908897624892175,0.4629023236809153,69.3,0.0,-0.8999999999999999,0.0,1.0,0.5980712302011213,23.68,0.0,0.97381115,-1.4284693,3.0270715,0.5921433448791503,0.0,0.6
0.48532601594415425,-0.015537491973202013,0.46552618482456837,69.12,-4.165331803235103,-0.8999999999999999,0.0,1.0,0.5980712302011213,23.685,0.0,0.97381115,-1.4284693,3.0270715,0.5921433448791503,0.0,0.6
0.4851706467643488,-0.016422972488370487,0.4683869854027102,69.12,0.0,-0.8999999999999999,0.0,1.0,0.6743675038911121,23.69,0.0,0.97381115,-1.4284693,3.0270715,0.5921433448791503,0.0,0.6
0.48489729250821306,-0.018447886143832692,0.47115606238652596,69.12,0.0,-0.8999999999999999,0.0,1.0,0.5980712302011213,23.695,0.0,0.97381115,-1.4284693,3.0270715,0.5921433448791503,0.0,0.6
0.4848864662718522,-0.01904309521579686,0.47325507583576565,69.12,0.0,-0.8999999999999999,0.0,1.0,0.475997192297136,23.7,0.0,1.1548736,-1.4405537,2.6889968,0.6,0.0,0.6
0.4854308349243549,-0.016090551614481283,0.47469526312422466,69.12,0.0,-0.8999999999999999,0.0,1.0,0.5828119754631231,23.705000000000002,0.0,1.1548736,-1.4405537,2.6889968,0.6,0.0,0.6
0.48489118874362763,-0.021632592592084634,0.4770244727669146,69.12,0.0,-0.8999999999999999,0.0,1.0,0.46073793755913783,23.71,0.0,1.1548736,-1.4405537,2.6889968,0.6,0.0,0.6
0.48535337049827,-0.00572955006541252,0.4783146133866739,69.12,0.0,-0.8999999999999999,0.0,1.0,0.7048860133671084,23.715,0.0,1.1548736,-1.4405537,2.6889968,0.6,0.0,0.6
0.48547267462586047,-0.004404416294073774,0.4796552837719451,69.12,0.0,-0.8999999999999999,0.0,1.0,0.44547868282113967,23.72,0.0,1.3409437,-1.4573461,2.1421404,0.6,0.0,0.6
0.48515927291537597,-0.013799570274878234,0.48103502332757,69.12,0.0,-0.8999999999999999,0.0,1.0,0.5980712302011213,23.725,0.0,1.3409437,-1.4573461,2.1421404,0.6,0.0,0.6
0.48566310207597735,-0.010703044599157633,0.48162032131685945,69.12,0.0,-0.8999999999999999,0.0,1.0,0.46073793755913783,23.73,0.0,1.3409437,-1.4573461,2.1421404,0.6,0.0,0.6
0.48563852496356397,-0.01488389750569534,0.4825236696057447,69.12,0.0,-0.8999999999999999,0.0,1.0,0.9032563249610845,23.735,0.0,1.3409437,-1.4573461,2.1421404,0.6,0.0,0.6
0.4855166940858826,-0.015023717028530795,0.48343165208512573,69.12,0.0,-0.8999999999999999,0.0,1.0,0.5065157017731323,23.740000000000002,0.0,1.4960938,-1.4694089,1.5407971,0.6,0.0,0.6
0.48556469496501226,-0.02116408493033111,0.48382779460456415,69.12,0.0,-0.8999999999999999,0.0,1.0,0.44547868282113967,23.745,0.0,1.4960938,-1.4694089,1.5407971,0.6,0.0,0.6
0.4856061581483905,-0.01806620399450425,0.48442759081838493,69.12,0.0,-0.8999999999999999,0.0,1.0,0.33866389965515253,23.75,0.0,1.4960938,-1.4694089,1.5407971,0.6,0.0,0.6
0.48556933692467075,-0.01855625831201985,0.48506284758658547,69.12,0.0,-0.8999999999999999,0.0,1.0,0.7964415417950974,23.755,0.0,1.4960938,-1.4694089,1.5407971,0.6,0.0,0.6
0.48588640551173995,-0.011955557394139463,0.4851351984305326,69.12,0.0,-0.8999999999999999,0.0,1.0,0.1860713522751709,23.76,0.0,1.6103436,-1.4884524,0.87871873,0.6,0.0,0.563615620136261
0.48609510645387394,-0.013315313299539153,0.48536398841783635,69.12,0.0,-0.8999999999999999,0.0,1.0,0.5217749565111305,23.765,0.0,1.6103436,-1.4884524,0.87871873,0.6,0.0,0.563615620136261
0.48653073126211643,-0.005160641795998207,0.4854225721364066,69.12,0.0,-0.8999999999999999,0.0,1.0,0.49125644703513416,23.77,0.0,1.6103436,-1.4884524,0.87871873,0.6,0.0,0.563615620136261
0.48610853359348516,-0.01129434303499734,0.48598287479173047,69.12,0.0,-0.8999999999999999,0.0,1.0,0.6743675038911121,23.775000000000002,0.0,1.6103436,-1.4884524,0.87871873,0.6,0.0,0.563615620136261
0.4863781988716999,-0.010870023441453554,0.4859115267591767,69.12,0.0,-0.8999999999999999,0.0,1.0,0.36918240913114886,23.78,0.0,1.6630135,-1.5129036,0.27589414,0.6,0.0,0.38276824057102204
0.4862267779842493,-0.013939742699394958,0.48632400780621576,69.12,0.0,-0.8999999999999999,0.0,1.0,0.49125644703513416,23.785,0.0,1.6630135,-1.5129036,0.27589414,0.6,0.0,0.38276824057102204
0.48571359001961134,-0.023926310024334232,0.4867712046793469,69.12,0.0,-0.8999999999999999,0.0,1.0,0.7048860133671084,23.79,0.0,1.6630135,-1.5129036,0.27589414,0.6,0.0,0.38276824057102204
0.48629789629175335,-0.017484441071841234,0.48662939209603695,69.12,0.0,-0.8999999999999999,0.0,1.0,0.475997192297136,23.795,0.0,1.6630135,-1.5129036,0.27589414,0.6,0.0,0.38276824057102204
0.4866149981032572,-0.014937057138831682,0.4865619882159153,69.12,0.0,-0.8999999999999999,0.0,1.0,0.6133304849391195,23.8,0.0,1.6357745,-1.5366025,-0.08275352,0.6,0.0,0.27517394497990605
0.48674676242763026,-0.0181780899868251,0.4864210989138794,69.12,0.0,-0.8999999999999999,0.0,1.0,0.5065157017731323,23.805,0.0,1.6357745,-1.5366025,-0.08275352,0.6,0.0,0.27517394497990605
0.4870920481827944,-0.01783859605198979,0.4862581961839082,69.12,0.0,-0.8999999999999999,0.0,1.0,0.475997192297136,23.81,0.0,1.6357745,-1.5366025,-0.08275352,0.6,0.0,0.27517394497990605
0.4872680931692036,-0.016738315204279444,0.4862292230568966,69.12,0.0,-0.8999999999999999,0.0,1.0,0.7201452681051066,23.815,0.0,1.6357745,-1.5366025,-0.08275352,0.6,0.0,0.27517394497990605
0.48706169790962783,-0.007708004879286904,0.48648964469956296,69.12,0.0,-0.8999999999999999,0.0,1.0,0.384441663869147,23.82,0.0,1.5302633,-1.5505193,-0.15572307,0.6,0.0,0.25328308045864106
0.4870796006350892,-0.005248715521254363,0.4864923369052919,69.12,0.0,-0.8999999999999999,0.0,1.0,0.5522934659871268,23.825,0.0,1.5302633,-1.5505193,-0.15572307,0.6,0.0,0.25328308045864106
0.4865779974190542,-0.02020704108585606,0.48619027508619406,69.12,0.0,-0.8999999999999999,0.0,1.0,0.5065157017731323,23.830000000000002,0.0,1.5302633,-1.5505193,-0.15572307,0.6,0.0,0.25328308045864106
0.4867179198142061,-0.01089401719168744,0.48534665058493415,69.12,0.0,-0.8999999999999999,0.0,1.0,0.659108249153114,23.835,0.0,1.5302633,-1.5505193,-0.15572307,0.6,0.0,0.25328308045864106
0.48752301718266017,-0.0005739377778515106,0.48465162537448103,69.12,0.0,-0.8999999999999999,0.0,1.0,0.5522934659871268,23.84,0.0,1.3516665,-1.5526867,0.054138683,0.6,0.0,0.31624160483479496
0.4869624332273101,-0.005609104490976831,0.4839330363996444,69.12,0.0,-0.8999999999999999,0.0,1.0,0.6285897396771176,23.845,0.0,1.3516665,-1.5526867,0.054138683,0.6,0.0,0.31624160483479496
0.48731540323448147,-0.0038225480566760443,0.481639693845974,69.12,0.0,-0.8999999999999999,0.0,1.0,0.3997009186071452,23.85,0.0,1.3516665,-1.5526867,0.054138683,0.6,0.0,0.31624160483479496
0.48751584790378816,-0.003962370423410641,0.4812038380997269,69.12,0.0,-0.8999999999999999,0.0,1.0,0.41496017334514335,23.855,0.0,1.3516665,-1.5526867,0.054138683,0.6,0.0,0.31624160483479496
0.48709215473347184,-0.007926990012134604,0.48085486909689595,69.12,0.0,-0.8999999999999999,0.0,1.0,0.49125644703513416,23.86,0.0,1.1236908,-1.5469495,0.47058955,0.6,0.0,0.44117686450481414
0.4871455372930151,-0.0011818838808356177,0.47808687746802286,69.12,0.0,-0.8999999999999999,0.0,1.0,0.567552720725125,23.865000000000002,0.0,1.1236908,-1.5469495,0.47058955,0.6,0.0,0.44117686450481414
0.4871113375504431,-0.00965960796561909,0.4753026181947305,69.12,0.0,-0.8999999999999999,0.0,1.0,0.46073793755913783,23.87,0.0,1.1236908,-1.5469495,0.47058955,0.6,0.0,0.44117686450481414
0.48712241449814914,-0.015149019480176202,0.47239793346551306,69.12,0.0,-0.8999999999999999,0.0,1.0,0.5370342112491286,23.875,0.0,1.1236908,-1.5469495,0.47058955,0.6,0.0,0.44117686450481414
0.487599504200393,-0.013240680292749699,0.4625920657695885,69.3,23592.95999999903,-0.8999999999999999,0.0,1.0,0.475997192297136,23.88,0.0,0.886395,-1.5340472,0.9768841,0.565918493270874,0.0,0.5930652379989624
0.4882656411995835,-0.002189791759753894,0.4462776206646897,69.3,0.0,-0.8999999999999999,0.0,1.0,0.36918240913114886,23.885,0.0,0.886395,-1.5340472,0.9768841,0.565918493270874,0.0,0.5930652379989624
0.48777039930692856,-0.006792837803687441,0.43225707281529985,69.3,0.0,-0.8999999999999999,0.0,1.0,0.5217749565111305,23.89,0.0,0.886395,-1.5340472,0.9768841,0.565918493270874,0.0,0.5930652379989624
0.4875721623530833,-0.008714958579482845,0.4190639578384164,69.3,0.0,-0.72,24354.023225806442,1.0,0.6285897396771176,23.895,0.0,0.886395,-1.5340472,0.9768841,0.565918493270874,0.0,0.5930652379989624
0.48726863426945793,-0.010268200219123492,0.4058277943966827,69.3,0.0,-0.72,0.0,1.0,0.659108249153114,23.900000000000002,0.0,0.688862,-1.5169636,1.523259,0.5066586077213288,0.0,0.6
0.4873392948676867,-0.017493866413139273,0.39619129748172877,69.3,0.0,-0.72,0.0,1.0,0.41496017334514335,23.905,0.0,0.688862,-1.5169636,1.523259,0.5066586077213288,0.0,0.6
0.4877224382024327,-0.019483911200084837,0.3907097501121339,69.3,0.0,-0.72,0.0,1.0,0.46073793755913783,23.91,0.0,0.688862,-1.5169636,1.523259,0.5066586077213288,0.0,0.6
0.48774972653207926,-0.017963363922816895,0.3886084503360843,69.3,0.0,-0.72,0.0,1.0,0.475997192297136,23.915,0.0,0.688862,-1.5169636,1.523259,0.5066586077213288,0.0,0.6
0.4878284395844894,-0.013167032568015045,0.3868824537824952,69.3,0.0,-0.72,0.0,1.0,0.7659230323191011,23.92,0.0,0.5646068,-1.4939572,2.032337,0.4693820357322693,0.0,0.6
0.4880721348037801,-0.005609037362854244,0.38609548465320653,69.3,0.0,-0.72,0.0,1.0,0.567552720725125,23.925,0.0,0.5646068,-1.4939572,2.032337,0.4693820357322693,0.0,0.6
0.4877750159911579,-0.009568531093443477,0.387497133728691,69.3,0.0,-0.72,0.0,1.0,0.44547868282113967,23.93,0.0,0.5646068,-1.4939572,2.032337,0.4693820357322693,0.0,0.6
0.4876283439171893,-0.010606048391018792,0.3877896163313263,69.3,0.0,-0.72,0.0,1.0,0.5828119754631231,23.935000000000002,0.0,0.5646068,-1.4939572,2.032337,0.4693820357322693,0.0,0.6
0.4877482725889613,-0.010368350172758006,0.387757543658847,69.3,0.0,-0.72,0.0,1.0,0.41496017334514335,23.94,0.0,0.5114055,-1.4698423,2.5007217,0.4534216582775116,0.0,0.6
0.48795259172709604,-0.007811905445512345,0.38933638103009655,69.3,0.0,-0.72,0.0,1.0,0.659108249153114,23.945,0.0,0.5114055,-1.4698423,2.5007217,0.4534216582775116,0.0,0.6
0.4876933693808609,-0.0007947840970591722,0.39023713698545515,69.3,0.0,-0.72,0.0,1.0,0.5980712302011213,23.95,0.0,0.5114055,-1.4698423,2.5007217,0.4534216582775116,0.0,0.6
0.48752980204741,-0.003742848470054336,0.39023608955707106,69.3,0.0,-0.72,0.0,1.0,0.6285897396771176,23.955000000000002,0.0,0.5114055,-1.4698423,2.5007217,0.4534216582775116,0.0,0.6
0.4877839038391438,-0.004040385673742871,0.3921584507357572,69.3,0.0,-0.72,0.0,1.0,0.5980712302011213,23.96,0.0,0.5229088,-1.4480942,2.8712454,0.4568726420402527,0.0,0.6
0.48778906636018377,-0.004174575533149714,0.39667397840878393,69.3,0.0,-0.72,0.0,1.0,0.384441663869147,23.965,0.0,0.5229088,-1.4480942,2.8712454,0.4568726420402527,0.0,0.6
0.48754676045733764,-0.002482654820611163,0.4014165654551813,69.3,0.0,-0.72,0.0,1.0,0.49125644703513416,23.97,0.0,0.5229088,-1.4480942,2.8712454,0.4568726420402527,0.0,0.6
0.4879838564210104,0.0007147518117966951,0.40651075785984037,69.3,0.0,-0.72,0.0,1.0,0.5065157017731323,23.975,0.0,0.5229088,-1.4480942,2.8712454,0.4568726420402527,0.0,0.6
0.48820361070944296,0.000507078593636756,0.41406474873407606,69.3,0.0,-0.72,0.0,1.0,0.6133304849391195,23.98,0.0,0.59202474,-1.4336537,3.1144097,0.47760742306709286,0.0,0.6
0.48788380296724043,0.001867105203147542,0.4214750530277003,69.3,0.0,-0.72,0.0,1.0,0.49125644703513416,23.985,0.0,0.59202474,-1.4336537,3.1144097,0.47760742306709286,0.0,0.6
0.4879962368931688,0.0034951545083998538,0.4269676403457826,69.3,0.0,-0.72,0.0,1.0,0.6133304849391195,23.990000000000002,0.0,0.59202474,-1.4336537,3.1144097,0.47760742306709286,0.0,0.6
0.48748148767798377,0.0020981934414161995,0.4344160746593508,69.3,0.0,-0.72,0.0,1.0,0.475997192297136,23.995,0.0,0.59202474,-1.4336537,3.1144097,0.47760742306709286,0.0,0.6
0.48693303971598134,-0.004011834058986667,0.44065835486856103,69.3,0.0,-0.72,0.0,1.0,0.49125644703513416,24.0,0.0,0.70896673,-1.427173,3.2138019,0.5126900196075439,0.0,0.6
0.4867222920898302,-0.010445824552935015,0.44537926292858526,69.3,0.0,-0.8999999999999999,-22878.02181818181,1.0,0.46073793755913783,24.005,0.0,0.70896673,-1.427173,3.2138019,0.5126900196075439,0.0,0.6
0.48703029347741356,0.0004404507453357456,0.4501323855762159,69.3,0.0,-0.8999999999999999,0.0,1.0,0.44547868282113967,24.01,0.0,0.70896673,-1.427173,3.2138019,0.5126900196075439,0.0,0.6
0.48640844806231354,-0.004704402858057943,0.45500664325950096,69.3,0.0,-0.8999999999999999,0.0,1.0,0.384441663869147,24.015,0.0,0.70896673,-1.427173,3.2138019,0.5126900196075439,0.0,0.6
0.486094299547434,-0.00589477935050601,0.45841410940356586,69.3,0.0,-0.8999999999999999,0.0,1.0,0.659108249153114,24.02,0.0,0.861724,-1.4250146,3.1526515,0.5585172057151794,0.0,0.6
0.48616627884051805,-0.0030467455584025625,0.4619688970298747,69.3,0.0,-0.8999999999999999,0.0,1.0,0.8574785607470901,24.025000000000002,0.0,0.861724,-1.4250146,3.1526515,0.5585172057151794,0.0,0.6
0.4854335697896506,-0.012035098893365955,0.4656957049004475,69.3,0.0,-0.8999999999999999,0.0,1.0,0.6133304849391195,24.03,0.0,0.861724,-1.4250146,3.1526515,0.5585172057151794,0.0,0.6
0.4852157962992752,-0.011998494259798896,0.46804235585890264,69.3,0.0,-0.8999999999999999,0.0,1.0,0.44547868282113967,24.035,0.0,0.861724,-1.4250146,3.1526515,0.5585172057151794,0.0,0.6
0.4852278317596461,-0.014749987442136354,0.4705770547169829,69.12,-22205.1388235285,-0.8999999999999999,0.0,1.0,0.5980712302011213,24.04,0.0,1.0364574,-1.4330887,2.9291937,0.6,0.0,0.6
0.4850551334393236,-0.016621461089376472,0.47314804575701613,69.12,0.0,-0.8999999999999999,0.0,1.0,0.5065157017731323,24.045,0.0,1.0364574,-1.4330887,2.9291937,0.6,0.0,0.6
0.4855047834447113,-0.0023561390730859146,0.474645187418024,69.12,0.0,-0.8999999999999999,0.0,1.0,0.46073793755913783,24.05,0.0,1.0364574,-1.4330887,2.9291937,0.6,0.0,0.6
0.48541291027117406,-0.00632722484765214,0.4763802882489722,69.12,0.0,-0.8999999999999999,0.0,1.0,0.7659230323191011,24.055,0.0,1.0364574,-1.4330887,2.9291937,0.6,0.0,0.6
0.4853130051537187,-0.010017109302972739,0.47817905140554146,69.12,0.0,-0.8999999999999999,0.0,1.0,0.5828119754631231,24.060000000000002,0.0,1.22399,-1.4498582,2.4850872,0.6,0.0,0.6
0.48535221235181625,-0.015354641609456482,0.47941485338078244,69.12,0.0,-0.8999999999999999,0.0,1.0,0.475997192297136,24.065,0.0,1.22399,-1.4498582,2.4850872,0.6,0.0,0.6
0.4854622561104009,-0.009342780650332944,0.4806295791898842,69.12,0.0,-0.8999999999999999,0.0,1.0,0.659108249153114,24.07,0.0,1.22399,-1.4498582,2.4850872,0.6,0.0,0.6
0.4856756137906289,-0.006480036646743042,0.4814593324958726,69.12,0.0,-0.8999999999999999,0.0,1.0,0.6285897396771176,24.075,0.0,1.22399,-1.4498582,2.4850872,0.6,0.0,0.6
0.48575901994280585,-0.006212168881528741,0.48237198632620926,69.12,0.0,-0.8999999999999999,0.0,1.0,0.5217749565111305,24.080000000000002,0.0,1.3962398,-1.4589106,1.9559681,0.6,0.0,0.6
0.4862145831952898,0.0016151814235445968,0.48285408679220704,69.12,0.0,-0.8999999999999999,0.0,1.0,0.5217749565111305,24.085,0.0,1.3962398,-1.4589106,1.9559681,0.6,0.0,0.6
0.48618173550376115,-0.005122448380856546,0.4834368045339912,69.12,0.0,-0.8999999999999999,0.0,1.0,0.46073793755913783,24.09,0.0,1.3962398,-1.4589106,1.9559681,0.6,0.0,0.6
0.48620247568812774,-0.007184055594248714,0.48396311573860484,69.12,0.0,-0.8999999999999999,0.0,1.0,0.5217749565111305,24.095,0.0,1.3962398,-1.4589106,1.9559681,0.6,0.0,0.6
0.48636973217292484,0.00219444612650499,0.4844902612665982,69.12,0.0,-0.8999999999999999,0.0,1.0,0.5522934659871268,24.1,0.0,1.5416104,-1.4750417,1.3152324,0.6,0.0,0.6
0.48692943862916804,0.002313820664937056,0.4845794598655934,69.12,0.0,-0.8999999999999999,0.0,1.0,0.5217749565111305,24.105,0.0,1.5416104,-1.4750417,1.3152324,0.6,0.0,0.6
0.4864756674083737,-0.004358884999213799,0.4850726356750535,69.12,0.0,-0.8999999999999999,0.0,1.0,0.6285897396771176,24.11,0.0,1.5416104,-1.4750417,1.3152324,0.6,0.0,0.6
0.486571975235983,-0.0006259400625747987,0.48535598949074055,69.12,0.0,-0.8999999999999999,0.0,1.0,0.5980712302011213,24.115000000000002,0.0,1.5416104,-1.4750417,1.3152324,0.6,0.0,0.6
0.48641350773113357,-0.012448609806365012,0.48565276736552543,69.12,0.0,-0.8999999999999999,0.0,1.0,0.33866389965515253,24.12,0.0,1.63717,-1.4965577,0.6535185,0.6,0.0,0.49605554938316343
0.4859600470200876,-0.008045041895890172,0.48617700309606904,69.12,0.0,-0.8999999999999999,0.0,1.0,0.659108249153114,24.125,0.0,1.63717,-1.4965577,0.6535185,0.6,0.0,0.49605554938316343
0.48669507926325284,-0.012118073095754167,0.4858791209288757,69.12,0.0,-0.8999999999999999,0.0,1.0,0.6285897396771176,24.13,0.0,1.63717,-1.4965577,0.6535185,0.6,0.0,0.49605554938316343
0.4866578133995698,-0.015264126099045157,0.4861805789909758,69.12,0.0,-0.8999999999999999,0.0,1.0,0.49125644703513416,24.135,0.0,1.63717,-1.4965577,0.6535185,0.6,0.0,0.49605554938316343
0.48646906124764866,-0.021273501432762184,0.4865004842977994,69.12,0.0,-0.8999999999999999,0.0,1.0,0.5217749565111305,24.14,0.0,1.6625607,-1.5221177,0.12188574,0.6,0.0,0.3365657217800617
0.48734218246069705,-0.010096544873696899,0.48608970867862605,69.12,0.0,-0.8999999999999999,0.0,1.0,0.5065157017731323,24.145,0.0,1.6625607,-1.5221177,0.12188574,0.6,0.0,0.3365657217800617
0.48722077405378333,-0.020086906264692214,0.48635702023218774,69.12,0.0,-0.8999999999999999,0.0,1.0,0.7048860133671084,24.150000000000002,0.0,1.6625607,-1.5221177,0.12188574,0.6,0.0,0.3365657217800617
0.48696719328710797,-0.018182228993242067,0.4864750017543728,69.12,0.0,-0.8999999999999999,0.0,1.0,0.7506637775811029,24.155,0.0,1.6625607,-1.5221177,0.12188574,0.6,0.0,0.3365657217800617
0.4869942378981845,-0.01872497286161256,0.4865961167666825,69.12,0.0,-0.8999999999999999,0.0,1.0,0.5980712302011213,24.16,0.0,1.6075516,-1.5428685,-0.1416795,0.6,0.0,0.25749615132808684
0.4870097596114526,-0.01494062126765741,0.48671287155689746,69.12,0.0,-0.8999999999999999,0.0,1.0,0.6285897396771176,24.165,0.0,1.6075516,-1.5428685,-0.1416795,0.6,0.0,0.25749615132808684
0.48730252361796494,-0.0143348318567703,0.4865263268649678,69.12,0.0,-0.8999999999999999,0.0,1.0,0.7048860133671084,24.17,0.0,1.6075516,-1.5428685,-0.1416795,0.6,0.0,0.25749615132808684
0.4872504695546677,-0.02220810547316928,0.48660930055853346,69.12,0.0,-0.8999999999999999,0.0,1.0,0.6896267586291103,24.175,0.0,1.6075516,-1.5428685,-0.1416795,0.6,0.0,0.25749615132808684
0.4878115524273291,-0.011687538601925998,0.48643287377645356,69.12,0.0,-0.8999999999999999,0.0,1.0,0.6438489944151158,24.18,0.0,1.4745058,-1.5521247,-0.11105684,0.6,0.0,0.26668294742703436
0.48774819096974775,-0.008564978828724104,0.486533988198409,69.12,0.0,-0.8999999999999999,0.0,1.0,0.475997192297136,24.185000000000002,0.0,1.4745058,-1.5521247,-0.11105684,0.6,0.0,0.26668294742703436
0.48749941004380615,-0.018923562440861325,0.48645813279729994,69.12,0.0,-0.8999999999999999,0.0,1.0,0.5217749565111305,24.19,0.0,1.4745058,-1.5521247,-0.11105684,0.6,0.0,0.26668294742703436
0.4873075322674321,-0.017487474123245035,0.486274305478991,69.12,0.0,-0.8999999999999999,0.0,1.0,0.5522934659871268,24.195,0.0,1.4745058,-1.5521247,-0.11105684,0.6,0.0,0.26668294742703436
0.4882585374365034,-0.0066905663174385765,0.48422103622497914,69.12,0.0,-0.8999999999999999,0.0,1.0,0.7354045228431048,24.2,0.0,1.2747581,-1.5512885,0.1837199,0.6,0.0,0.3551159709692001
0.488192316242575,-0.015016031041726954,0.4839110183291285,69.12,0.0,-0.8999999999999999,0.0,1.0,0.6438489944151158,24.205000000000002,0.0,1.2747581,-1.5512885,0.1837199,0.6,0.0,0.3551159709692001
0.48801314859053213,-0.019021147280397936,0.4836584110453763,69.12,0.0,-0.8999999999999999,0.0,1.0,0.659108249153114,24.21,0.0,1.2747581,-1.5512885,0.1837199,0.6,0.0,0.3551159709692001
0.488196382768409,-0.020778533837087606,0.4810463037816365,69.12,0.0,-0.8999999999999999,0.0,1.0,0.49125644703513416,24.215,0.0,1.2747581,-1.5512885,0.1837199,0.6,0.0,0.3551159709692001
0.4882298942957883,-0.016209248264059825,0.480010636598506,69.12,0.0,-0.8999999999999999,0.0,1.0,0.6285897396771176,24.22,0.0,1.0384073,-1.5429302,0.64507306,0.6,0.0,0.4935219168663025
0.48793345658906484,-0.02185898003408737,0.4802087094955025,69.12,0.0,-0.8999999999999999,0.0,1.0,0.5370342112491286,24.225,0.0,1.0384073,-1.5429302,0.64507306,0.6,0.0,0.4935219168663025
0.4880651561522904,-0.016712872519479848,0.4762776326635721,69.12,0.0,-0.8999999999999999,0.0,1.0,0.7506637775811029,24.23,0.0,1.0384073,-1.5429302,0.64507306,0.6,0.0,0.4935219168663025
0.4882587419338037,-0.010312882348368895,0.4673855223853369,69.3,15407.647346938144,-0.8999999999999999,0.0,1.0,0.5065157017731323,24.235,0.0,1.0384073,-1.5429302,0.64507306,0.6,0.0,0.4935219168663025
0.48797609128251057,-0.008388769395187514,0.45865220200421397,69.3,0.0,-0.8999999999999999,0.0,1.0,0.5370342112491286,24.240000000000002,0.0,0.8070028,-1.5269648,1.1984515,0.5421008348464965,0.0,0.6
0.4881711979329072,0.0012147986647889023,0.44789884728833995,69.3,0.0,-0.8999999999999999,0.0,1.0,0.5370342112491286,24.245,0.0,0.8070028,-1.5269648,1.1984515,0.5421008348464965,0.0,0.6
0.4882450035230193,-0.006586269150918993,0.43423407536291103,69.3,0.0,-0.8999999999999999,0.0,1.0,0.5370342112491286,24.25,0.0,0.8070028,-1.5269648,1.1984515,0.5421008348464965,0.0,0.6
0.48830129823400953,-0.011886514983551697,0.42330183522965104,69.3,0.0,-0.8999999999999999,0.0,1.0,0.567552720725125,24.255,0.0,0.8070028,-1.5269648,1.1984515,0.5421008348464965,0.0,0.6
0.488280254136209,-0.018543678026027147,0.4139350420678555,69.3,0.0,-0.72,20404.722162162154,1.0,0.4302194280831415,24.26,0.0,0.63644695,-1.5069603,1.695167,0.4909340858459472,0.0,0.6
0.4877519780190025,-0.01388134596974005,0.40528883623751216,69.3,0.0,-0.72,0.0,1.0,0.3997009186071452,24.265,0.0,0.63644695,-1.5069603,1.695167,0.4909340858459472,0.0,0.6
0.4880472508301933,-0.012604320091294297,0.3985418932579217,69.3,0.0,-0.72,0.0,1.0,0.5828119754631231,24.27,0.0,0.63644695,-1.5069603,1.695167,0.4909340858459472,0.0,0.6
0.4881646566449029,-0.016479784893801735,0.3946061650761925,69.3,0.0,-0.72,0.0,1.0,0.567552720725125,24.275000000000002,0.0,0.63644695,-1.5069603,1.695167,0.4909340858459472,0.0,0.6
0.4877669649576215,-0.022530233923693414,0.39372587470698744,69.3,0.0,-0.72,0.0,1.0,0.7048860133671084,24.28,0.0,0.5352993,-1.4847554,2.2164202,0.46058979034423825,0.0,0.6
0.4879910365313011,-0.012008009806895939,0.3927974581975761,69.3,0.0,-0.72,0.0,1.0,0.7201452681051066,24.285,0.0,0.5352993,-1.4847554,2.2164202,0.46058979034423825,0.0,0.6
0.48813143901170525,-0.004470407754637535,0.3922974438075393,69.3,0.0,-0.72,0.0,1.0,0.8574785607470901,24.29,0.0,0.5352993,-1.4847554,2.2164202,0.46058979034423825,0.0,0.6
0.4880347034070679,-0.014447935747419715,0.39352438794823374,69.3,0.0,-0.72,0.0,1.0,0.5522934659871268,24.295,0.0,0.5352993,-1.4847554,2.2164202,0.46058979034423825,0.0,0.6
0.48855778769463937,-0.0025293585734206523,0.393853921747936,69.3,0.0,-0.72,0.0,1.0,0.7354045228431048,24.3,0.0,0.50525653,-1.4605379,2.6477895,0.45157696008682247,0.0,0.6
0.48845281519896994,-0.001887952176051322,0.3938615914463346,69.3,0.0,-0.72,0.0,1.0,0.4302194280831415,24.305,0.0,0.50525653,-1.4605379,2.6477895,0.45157696008682247,0.0,0.6
0.4883245903281472,-0.005639071999916557,0.3954136948680014,69.3,0.0,-0.72,0.0,1.0,0.49125644703513416,24.310000000000002,0.0,0.50525653,-1.4605379,2.6477895,0.45157696008682247,0.0,0.6
0.4888392836196095,-0.003111692742452315,0.3961327820981766,69.3,0.0,-0.72,0.0,1.0,0.41496017334514335,24.315,0.0,0.50525653,-1.4605379,2.6477895,0.45157696008682247,0.0,0.6
0.48886735644672163,-0.003618439942745026,0.3958642351146964,69.3,0.0,-0.72,0.0,1.0,0.6743675038911121,24.32,0.0,0.53933847,-1.4415737,2.9736571,0.461801540851593,0.0,0.6
0.48787976052719506,-0.0026347976104892654,0.39861702284749906,69.3,0.0,-0.72,0.0,1.0,0.5522934659871268,24.325,0.0,0.53933847,-1.4415737,2.9736571,0.461801540851593,0.0,0.6
0.48855768238716635,-0.005861783202955111,0.4038809644570424,69.3,0.0,-0.72,0.0,1.0,0.7506637775811029,24.330000000000002,0.0,0.53933847,-1.4415737,2.9736571,0.461801540851593,0.0,0.6
0.4881732812913594,-0.00436784822898735,0.4103765850825606,69.3,0.0,-0.72,0.0,1.0,0.44547868282113967,24.335,0.0,0.53933847,-1.4415737,2.9736571,0.461801540851593,0.0,0.6
0.48819886060605483,-0.00052557691735518,0.4158799046782501,69.3,0.0,-0.72,0.0,1.0,0.567552720725125,24.34,0.0,0.6274724,-1.4302514,3.1670818,0.48824172019958495,0.0,0.6
0.4880575743597052,-0.00411055902571838,0.42341743715138225,69.3,0.0,-0.8999999999999999,-23592.959999999992,1.0,0.5522934659871268,24.345,0.0,0.6274724,-1.4302514,3.1670818,0.48824172019958495,0.0,0.6
0.48799716940764687,-0.01180748913902383,0.4299936714420652,69.3,0.0,-0.8999999999999999,0.0,1.0,0.7354045228431048,24.35,0.0,0.6274724,-1.4302514,3.1670818,0.48824172019958495,0.0,0.6
0.4869882244203286,-0.009638026354051225,0.4358398828319229,69.3,0.0,-0.8999999999999999,0.0,1.0,0.21658986175116723,24.355,0.0,0.6274724,-1.4302514,3.1670818,0.48824172019958495,0.0,0.6
0.48708032596502676,-0.007419106803893017,0.4415600036198188,69.3,0.0,-0.8999999999999999,0.0,1.0,0.6438489944151158,24.36,0.0,0.75873697,-1.4240018,3.2078397,0.5276210904121399,0.0,0.6
0.4865127147904508,-0.004232031228890738,0.44763213024180337,69.3,0.0,-0.8999999999999999,0.0,1.0,0.4302194280831415,24.365000000000002,0.0,0.75873697,-1.4240018,3.2078397,0.5276210904121399,0.0,0.6
0.4861940588704901,-0.004092183049025982,0.45165224844353374,69.3,0.0,-0.8999999999999999,0.0,1.0,0.6133304849391195,24.37,0.0,0.75873697,-1.4240018,3.2078397,0.5276210904121399,0.0,0.6
0.4860391639634923,-0.02098447210474414,0.45605590615015706,69.3,0.0,-0.8999999999999999,0.0,1.0,0.29288613544115805,24.375,0.0,0.75873697,-1.4240018,3.2078397,0.5276210904121399,0.0,0.6
0.48607543529127095,-0.010032481677171657,0.4601055513450954,69.3,0.0,-0.8999999999999999,0.0,1.0,0.8117007965330956,24.38,0.0,0.9207939,-1.4278511,3.0962296,0.5762381672859191,0.0,0.6
0.4854222460734206,-0.01653534502147461,0.46340221666799075,69.3,0.0,-0.8999999999999999,0.0,1.0,0.5217749565111305,24.385,0.0,0.9207939,-1.4278511,3.0962296,0.5762381672859191,0.0,0.6
0.4865406170672616,-0.009592076933398396,0.4657681911835955,69.3,0.0,-0.8999999999999999,0.0,1.0,0.7811822870570992,24.39,0.0,0.9207939,-1.4278511,3.0962296,0.5762381672859191,0.0,0.6
0.486098550267253,-0.0141776502680692,0.4690371664021621,69.3,0.0,-0.8999999999999999,0.0,1.0,0.384441663869147,24.395,0.0,0.9207939,-1.4278511,3.0962296,0.5762381672859191,0.0,0.6
0.4860805331334732,-0.01303565555526778,0.4712580730336077,69.3,0.0,-0.8999999999999999,0.0,1.0,0.659108249153114,24.400000000000002,0.0,1.0999894,-1.4361672,2.8094234,0.6,0.0,0.6
0.4864082742736646,-0.010241225710666692,0.47311619637657304,69.3,0.0,-0.8999999999999999,0.0,1.0,0.659108249153114,24.405,0.0,1.0999894,-1.4361672,2.8094234,0.6,0.0,0.6
0.4861334536486765,-0.011120345993445795,0.4753153375547122,69.3,0.0,-0.8999999999999999,0.0,1.0,0.6285897396771176,24.41,0.0,1.0999894,-1.4361672,2.8094234,0.6,0.0,0.6
0.48593298624395725,-0.006717849861552265,0.4770337477490392,69.3,0.0,-0.8999999999999999,0.0,1.0,0.5065157017731323,24.415,0.0,1.0999894,-1.4361672,2.8094234,0.6,0.0,0.6
0.4857895100091379,-0.00891912632036187,0.47872001692644595,69.3,0.0,-0.8999999999999999,0.0,1.0,0.5370342112491286,24.42,0.0,1.2838359,-1.4479698,2.3530917,0.6,0.0,0.6
0.48654826615880153,-0.0022908917092847583,0.47975243517991856,69.3,0.0,-0.8999999999999999,0.0,1.0,0.5980712302011213,24.425,0.0,1.2838359,-1.4479698,2.3530917,0.6,0.0,0.6
0.4867834946962266,0.00169651227258126,0.4807036325183924,69.3,0.0,-0.8999999999999999,0.0,1.0,0.5980712302011213,24.43,0.0,1.2838359,-1.4479698,2.3530917,0.6,0.0,0.6
0.48646650853777557,-0.018521286787997512,0.4816862140285927,69.3,0.0,-0.8999999999999999,0.0,1.0,0.6285897396771176,24.435000000000002,0.0,1.2838359,-1.4479698,2.3530917,0.6,0.0,0.6
0.4870125156823506,-0.010336429932542324,0.48228998726645644,69.3,0.0,-0.8999999999999999,0.0,1.0,0.5980712302011213,24.44,0.0,1.4524877,-1.4626554,1.7605363,0.6,0.0,0.6
0.4865343391968805,-0.013338964330746697,0.4832782630718296,69.3,0.0,-0.8999999999999999,0.0,1.0,0.46073793755913783,24.445,0.0,1.4524877,-1.4626554,1.7605363,0.6,0.0,0.6
0.4867004380533212,-0.005402356448157041,0.48391303858511964,69.3,0.0,-0.8999999999999999,0.0,1.0,0.6285897396771176,24.45,0.0,1.4524877,-1.4626554,1.7605363,0.6,0.0,0.6
0.48684341507227663,-0.009382675402735116,0.4843568351945643,69.3,0.0,-0.8999999999999999,0.0,1.0,0.2623676259651617,24.455000000000002,0.0,1.4524877,-1.4626554,1.7605363,0.6,0.0,0.6
0.48710444455690977,-0.016931924431435593,0.4845462242685994,69.3,0.0,-0.8999999999999999,0.0,1.0,0.5980712302011213,24.46,0.0,1.5834627,-1.4815443,1.0929323,0.6,0.0,0.6
0.4871419396399991,-0.013267195215573808,0.484915008739385,69.3,0.0,-0.8999999999999999,0.0,1.0,0.475997192297136,24.465,0.0,1.5834627,-1.4815443,1.0929323,0.6,0.0,0.6
0.4872150712002076,-0.013610884666032753,0.4852743308618182,69.3,0.0,-0.8999999999999999,0.0,1.0,0.7201452681051066,24.47,0.0,1.5834627,-1.4815443,1.0929323,0.6,0.0,0.6
0.48721804117822126,-0.017342162470868998,0.4856402104030186,69.3,0.0,-0.8999999999999999,0.0,1.0,0.6133304849391195,24.475,0.0,1.5834627,-1.4815443,1.0929323,0.6,0.0,0.6
0.4872634272335365,-0.02496598671057508,0.48572085485342154,69.3,0.0,-0.8999999999999999,0.0,1.0,0.49125644703513416,24.48,0.0,1.6574433,-1.5049902,0.44429308,0.6,0.0,0.4332879245281219
0.48727842955253897,-0.02156727284158462,0.48606634364001594,69.3,0.0,-0.8999999999999999,0.0,1.0,0.5370342112491286,24.485,0.0,1.6574433,-1.5049902,0.44429308,0.6,0.0,0.4332879245281219
0.4875002075199105,-0.014049142344261866,0.4858759590897283,69.3,0.0,-0.8999999999999999,0.0,1.0,0.49125644703513416,24.490000000000002,0.0,1.6574433,-1.5049902,0.44429308,0.6,0.0,0.4332879245281219
0.4878611687014925,-0.011185445844472747,0.48579886714319837,69.3,0.0,-0.8999999999999999,0.0,1.0,0.46073793755913783,24.495,0.0,1.6574433,-1.5049902,0.44429308,0.6,0.0,0.4332879245281219
0.48798575863658356,-0.01327239452707293,0.48606380839066565,69.12,-4.3846718355255625,-0.8999999999999999,0.0,1.0,0.6896267586291103,24.5,0.0,1.6539841,-1.5304763,0.0007923618,0.6,0.0,0.3002377085387707
0.4881320182591511,-0.00790401111412983,0.4861549530931568,69.12,0.0,-0.8999999999999999,0.0,1.0,0.3539231543931507,24.505,0.0,1.6539841,-1.5304763,0.0007923618,0.6,0.0,0.3002377085387707
0.48802164324345576,-0.0116117131547903,0.4863581299509436,69.12,0.0,-0.8999999999999999,0.0,1.0,0.5065157017731323,24.51,0.0,1.6539841,-1.5304763,0.0007923618,0.6,0.0,0.3002377085387707
0.4882884314613374,-0.00399083288396248,0.48636304678408543,69.12,0.0,-0.8999999999999999,0.0,1.0,0.5370342112491286,24.515,0.0,1.6539841,-1.5304763,0.0007923618,0.6,0.0,0.3002377085387707
0.48828400169151165,-0.00046061327214990517,0.48639905736692973,69.12,0.0,-0.8999999999999999,0.0,1.0,0.7964415417950974,24.52,0.0,1.5715334,-1.5480973,-0.16242796,0.6,0.0,0.25127161145210264
0.48856727877572187,0.0021057883562538376,0.486285746836608,69.12,0.0,-0.8999999999999999,0.0,1.0,0.5370342112491286,24.525000000000002,0.0,1.5715334,-1.5480973,-0.16242796,0.6,0.0,0.25127161145210264
0.4880814915806022,-0.009977601420612475,0.48611514459894906,69.12,0.0,-0.8999999999999999,0.0,1.0,0.7506637775811029,24.53,0.0,1.5715334,-1.5480973,-0.16242796,0.6,0.0,0.25127161145210264
0.4882235782763667,-0.007929918667081206,0.4854776507167464,69.12,0.0,-0.8999999999999999,0.0,1.0,0.5065157017731323,24.535,0.0,1.5715334,-1.5480973,-0.16242796,0.6,0.0,0.25127161145210264
0.48859578206762916,0.008317752481004017,0.48535533084932186,69.12,0.0,-0.8999999999999999,0.0,1.0,0.7048860133671084,24.54,0.0,1.4151652,-1.5541037,-0.08049957,0.6,0.0,0.27585012987256047
0.48856035975254064,0.006763667875954472,0.4845142280186209,69.12,0.0,-0.8999999999999999,0.0,1.0,0.12503433332317826,24.545,0.0,1.4151652,-1.5541037,-0.08049957,0.6,0.0,0.27585012987256047
0.48825901017205453,-0.003516992220114182,0.482597872376918,69.12,0.0,-0.8999999999999999,0.0,1.0,0.7659230323191011,24.55,0.0,1.4151652,-1.5541037,-0.08049957,0.6,0.0,0.27585012987256047
0.4886079622206745,-0.00016414207386458338,0.48212982154485245,69.12,0.0,-0.8999999999999999,0.0,1.0,0.5370342112491286,24.555,0.0,1.4151652,-1.5541037,-0.08049957,0.6,0.0,0.27585012987256047
0.4892125500274094,-0.0120125418715318,0.4813376069174217,69.12,0.0,-0.8999999999999999,0.0,1.0,0.7506637775811029,24.560000000000002,0.0,1.1936982,-1.5494136,0.32007182,0.6,0.0,0.3960215449333191
0.48918253489237656,-0.013337844933555124,0.47875297427742963,69.12,0.0,-0.8999999999999999,0.0,1.0,0.6133304849391195,24.565,0.0,1.1936982,-1.5494136,0.32007182,0.6,0.0,0.3960215449333191
0.4891358667379411,-0.01687888058058786,0.47779802916576514,69.12,0.0,-0.8999999999999999,0.0,1.0,0.6133304849391195,24.57,0.0,1.1936982,-1.5494136,0.32007182,0.6,0.0,0.3960215449333191
0.4893554111639911,-0.010608328871359133,0.4777460900973128,69.12,0.0,-0.8999999999999999,0.0,1.0,0.41496017334514335,24.575,0.0,1.1936982,-1.5494136,0.32007182,0.6,0.0,0.3960215449333191
0.48828170359756534,-0.02258438151739117,0.4736467341134303,69.3,26033.61103448169,-0.8999999999999999,0.0,1.0,0.7354045228431048,24.580000000000002,0.0,0.9506637,-1.5366932,0.86202276,0.5851991057395934,0.0,0.5586068272590637
0.48894576887649505,-0.017898323365175623,0.4604438786154635,69.3,0.0,-0.8999999999999999,0.0,1.0,0.6133304849391195,24.585,0.0,0.9506637,-1.5366932,0.86202276,0.5851991057395934,0.0,0.5586068272590637
0.4889465691952944,-0.023958106886324528,0.44796290514204534,69.3,0.0,-0.8999999999999999,0.0,1.0,0.6438489944151158,24.59,0.0,0.9506637,-1.5366932,0.86202276,0.5851991057395934,0.0,0.5586068272590637
0.48892109036100917,-0.02662385417994828,0.43512953432712825,69.3,0.0,-0.72,24354.023225806442,1.0,0.6285897396771176,24.595,0.0,0.9506637,-1.5366932,0.86202276,0.5851991057395934,0.0,0.5586068272590637
0.48936724947194354,-0.012613323472583177,0.4196812005858448,69.3,0.0,-0.72,0.0,1.0,0.6438489944151158,24.6,0.0,0.7384621,-1.519548,1.3468584,0.5215386271476745,0.0,0.6
0.4894312047578028,-0.013866353780047882,0.40706636137799207,69.3,0.0,-0.72,0.0,1.0,0.46073793755913783,24.605,0.0,0.7384621,-1.519548,1.3468584,0.5215386271476745,0.0,0.6
0.48965275141565145,-0.012976007225635609,0.39774842796496096,69.3,0.0,-0.72,0.0,1.0,0.567552720725125,24.61,0.0,0.7384621,-1.519548,1.3468584,0.5215386271476745,0.0,0.6
0.48959610645348633,-0.010038351299658518,0.39138873881428327,69.3,0.0,-0.72,0.0,1.0,0.41496017334514335,24.615000000000002,0.0,0.7384621,-1.519548,1.3468584,0.5215386271476745,0.0,0.6
0.4888346017410535,-0.007728721555624163,0.3876333426417923,69.3,0.0,-0.72,0.0,1.0,0.6438489944151158,24.62,0.0,0.5912121,-1.5007471,1.8797401,0.47736362814903255,0.0,0.6
0.4888624944596895,-0.016694455545981198,0.38524528590272267,69.3,0.0,-0.72,0.0,1.0,0.6133304849391195,24.625,0.0,0.5912121,-1.5007471,1.8797401,0.47736362814903255,0.0,0.6
