meas_pres_DF,meas_pres_F,meas_pres_G,angle_deg,velocity,flag,force_N,time,target_force,action_DF,action_F,cmd_DF,cmd_F,cmd_G
-0.014506959631204686,-0.020724350016213693,-0.008260804776812743,-0.18,9.36,1.0,0.10162663655506066,0.0,0.0,4.6325526,-7.045072,0.6,0.0,0.5
-0.013415780237943941,-0.011751553622842307,-0.010553902790888268,-0.18,9.36,1.0,0.22370067445904596,0.005,0.0,4.6325526,-7.045072,0.6,0.0,0.5
-0.00783337558855787,-0.00909891312623714,-0.007562678502486604,-0.18,9.36,1.0,0.07110812707906433,0.01,0.0,4.6325526,-7.045072,0.6,0.0,0.5
-0.0037309749874520075,-0.018837807674877544,-0.007865294400160499,-0.18,9.36,1.0,-0.035706656086922806,0.015,0.0,4.6325526,-7.045072,0.6,0.0,0.5
-0.003369346668120274,-0.009314850494289992,-0.00044018269233440574,-0.18,9.36,1.0,0.025330362865069844,0.02,0.0,3.7774894,-25.751467,0.6,0.0,0.5
-0.008914299774137078,-0.008350504372764881,-0.0007017168219096261,-0.18,9.36,1.0,0.05584887234106617,0.025,0.0,3.7774894,-25.751467,0.6,0.0,0.5
-0.00834987981183024,-0.021592773768737805,0.00073831230637307,-0.18,9.36,1.0,-0.23407696768089892,0.03,0.0,3.7774894,-25.751467,0.6,0.0,0.5
-0.010760836625549495,-0.033242906859712394,-0.005241846017969189,-0.18,9.36,1.0,0.2084414197210478,0.035,0.0,3.7774894,-25.751467,0.6,0.0,0.5
-0.0061088156850505814,-0.026272128333806627,-0.008954512927223105,-0.18,9.36,1.0,0.1626636555070533,0.04,0.0,4.9255824,-56.566303,0.6,0.0,0.5
-0.011489653831655365,-0.027756248588623748,-0.004011813087503278,-0.18,9.36,1.0,0.2084414197210478,0.045,0.0,4.9255824,-56.566303,0.6,0.0,0.5
-0.008793593274293411,-0.035764770977990176,0.0007839792365040018,-0.18,9.36,1.0,-0.08148442030091729,0.05,0.0,4.9255824,-56.566303,0.6,0.0,0.5
-0.009192940663526621,-0.02237298145872174,-0.0046561205772137374,-0.18,9.36,1.0,0.0863673818170625,0.055,0.0,4.9255824,-56.566303,0.6,0.0,0.5
-0.007716275336721164,-0.023515006547046552,-0.0031940989752814552,-0.18,9.36,1.0,-0.14252143925290994,0.06,0.0,6.420257,-81.33856,0.6,0.0,0.5
-0.01056752855435231,-0.006855306099690035,-0.005522619271606987,-0.18,9.36,1.0,0.2084414197210478,0.065,0.0,6.420257,-81.33856,0.6,0.0,0.5
-0.008945541268497652,-0.018587150821276734,-0.004156950300091518,-0.18,9.36,1.0,-0.18829920346690443,0.07,0.0,6.420257,-81.33856,0.6,0.0,0.5
-0.017844563601468928,-0.00574195533618053,-0.004536024877845584,-0.18,9.36,1.0,0.39155247657702574,0.075,0.0,6.420257,-81.33856,0.6,0.0,0.5
-0.013061262487927376,-0.009387920259838105,-0.01055829292202553,-0.18,9.36,1.0,0.26947843867304044,0.08,0.0,7.3947315,-81.88927,0.6,0.0,0.5
-0.019762197509562148,-0.004802768743329378,-0.013443421867125204,-0.18,9.36,1.0,0.11688589129305882,0.085,0.0,7.3947315,-81.88927,0.6,0.0,0.5
-0.01782126277056721,-0.01441532107766811,-0.014407269336374118,-0.18,9.36,1.0,0.2084414197210478,0.09,0.0,7.3947315,-81.88927,0.6,0.0,0.5
-0.008090578930488094,-0.004308656411580897,-0.013321003748611733,-0.18,9.36,1.0,0.4068117313150239,0.095,0.0,7.3947315,-81.88927,0.6,0.0,0.5
-0.017745643585037937,-0.00943633078681153,-0.0056999107904832655,-0.18,9.36,1.0,0.11688589129305882,0.1,0.0,7.577274,-94.23736,0.6,0.0,0.5
-0.016417145314300875,0.0018846141346814294,-0.0012680610264292481,-0.18,9.36,1.0,0.2542191839350423,0.105,0.0,7.577274,-94.23736,0.6,0.0,0.5
-0.010576331757479586,-0.006651615166438321,0.003105274968488303,-0.18,9.36,1.0,-0.005188146610926481,0.11,0.0,7.577274,-94.23736,0.6,0.0,0.5
-0.008912557764706827,-0.009818458035705498,-0.009050700041091693,-0.18,9.36,1.0,0.3305154576250331,0.115,0.0,7.577274,-94.23736,0.6,0.0,0.5
-0.012413899849704365,-0.005978567477098898,2.7828587711638527e-06,-0.18,9.36,1.0,-0.06622516556291913,0.12,0.0,6.9360127,-95.371735,0.6,0.0,0.5
-0.006702630671926915,-0.00989387473589569,0.001417325415258869,-0.18,9.36,1.0,0.0863673818170625,0.125,0.0,6.9360127,-95.371735,0.6,0.0,0.5
-0.00143426518578351,-0.015457630451940827,-0.00047044206225231095,-0.18,9.36,1.0,-0.05096591082492097,0.13,0.0,6.9360127,-95.371735,0.6,0.0,0.5
-0.0026532027817656074,-0.005735613026148234,-0.004562675286707056,-0.18,9.36,1.0,0.5594042786950055,0.135,0.0,6.9360127,-95.371735,0.6,0.0,0.5
-0.008874412953501618,-0.008538210499102703,-0.01228664988858525,-0.18,9.36,1.0,0.010071108127071682,0.14,0.0,6.790497,-85.98459,0.6,0.0,0.5
0.001344311098919933,-0.0024912546518294446,-0.005702928782996666,-0.18,9.36,1.0,0.19318216498304963,0.145,0.0,6.790497,-85.98459,0.6,0.0,0.5
-0.008914497018961975,-0.016281553756990495,-0.005191870618005577,-0.18,9.36,1.0,0.19318216498304963,0.15,0.0,6.790497,-85.98459,0.6,0.0,0.5
-0.005816817322387293,-0.001434573894860357,-0.0030378832902229137,-0.18,9.36,1.0,0.2084414197210478,0.155,0.0,6.790497,-85.98459,0.6,0.0,0.5
-0.00016173762381791948,-0.0032869386466317504,0.0009371322341868542,-0.18,9.36,1.0,0.07110812707906433,0.16,0.0,6.342114,-82.23705,0.6,0.0,0.5
-0.008216838947611368,0.004440665699566704,-0.0002476099134121414,-0.18,9.36,1.0,0.3610339671010294,0.165,0.0,6.342114,-82.23705,0.6,0.0,0.5
-0.00835832411051197,0.004616084289999126,0.0029911086104308466,-0.18,9.36,1.0,-0.005188146610926481,0.17,0.0,6.342114,-82.23705,0.6,0.0,0.5
-0.011066591965916967,-0.012114489865304645,0.0001321719771652465,-0.18,9.36,1.0,0.46784875026701656,0.17500000000000002,0.0,6.342114,-82.23705,0.6,0.0,0.5
-0.011789202459734874,-0.024138331688757363,-0.002105702434018858,-0.18,9.36,1.0,-0.21881771294290076,0.18,0.0,6.744712,-79.27115,0.6,0.0,0.5
-0.012370407365929951,-0.012588691365487514,-0.006647702163061987,-0.18,9.36,1.0,0.34577471236303126,0.185,0.0,6.744712,-79.27115,0.6,0.0,0.5
-0.003191849457434658,-0.02580790407643411,-0.010517522305193663,-0.18,9.36,1.0,0.19318216498304963,0.19,0.0,6.744712,-79.27115,0.6,0.0,0.5
-0.007286859971422851,-0.013867367766816978,-0.009528786600573077,-0.18,9.36,1.0,0.1626636555070533,0.195,0.0,6.744712,-79.27115,0.6,0.0,0.5
-0.0013025796712627193,-0.0019083627726808419,-0.006259622879633181,-0.18,9.36,1.0,0.05584887234106617,0.2,0.0,4.454881,-65.734146,0.6,0.0,0.5
-0.009426047305821117,-0.0018006702902918165,-0.0072166720496235565,-0.18,9.36,1.0,0.29999694814903677,0.20500000000000002,0.0,4.454881,-65.734146,0.6,0.0,0.5
-0.012575930138075505,0.001132189667554488,-0.008477412215311212,-0.18,9.36,1.0,-0.1577806939909081,0.21,0.0,4.454881,-65.734146,0.6,0.0,0.5
-0.005391618279630048,0.013941628054399746,-0.013857638183667654,-0.18,9.36,1.0,0.11688589129305882,0.215,0.0,4.454881,-65.734146,0.6,0.0,0.5
-0.01390834319730273,0.0024013434101532397,-0.010331632261048565,-0.18,9.36,1.0,0.04058961760306801,0.22,0.0,4.8982935,-71.664215,0.6,0.0,0.5
-0.017390501559682275,0.0009818210876386645,-0.004337417708880649,-0.18,9.36,1.0,0.1626636555070533,0.225,0.0,4.8982935,-71.664215,0.6,0.0,0.5
-0.013999214287370245,0.0066480065945579425,-0.005955564022365102,-0.18,9.36,1.0,0.010071108127071682,0.23,0.0,4.8982935,-71.664215,0.6,0.0,0.5
-0.011988049461096393,-0.0166922854184634,-0.004425318434790795,-0.18,9.36,1.0,0.14740440076905514,0.23500000000000001,0.0,4.8982935,-71.664215,0.6,0.0,0.5
-0.005860185443657035,-0.010653078085207587,-0.002143038607764859,-0.18,9.36,1.0,-0.020447401348924643,0.24,0.0,0.27282393,-74.556015,0.3818471789360046,0.0,0.5
-5.4569186569280206e-05,-0.0008907273532923695,-0.004709106233080305,-0.18,9.36,1.0,0.14740440076905514,0.245,0.0,0.27282393,-74.556015,0.3818471789360046,0.0,0.5
-0.0024885106689660477,-0.0073608136889646795,-0.008688086752932573,-0.18,9.36,1.0,0.14740440076905514,0.25,0.0,0.27282393,-74.556015,0.3818471789360046,0.0,0.5
-0.0027488610421265345,-0.01531445060394827,-0.01609337930654626,-0.18,9.36,1.0,0.34577471236303126,0.255,0.0,0.27282393,-74.556015,0.3818471789360046,0.0,0.5
-0.0049816497179579755,-0.007002742223877362,-0.012679580013655704,-0.18,9.36,1.0,-0.08148442030091729,0.26,0.0,-3.5554054,81.7054,0.0,0.6,0.5
-0.0015913516538867151,0.0019913655060256846,-0.005992015890455931,-0.18,9.36,1.0,0.26947843867304044,0.265,0.0,-3.5554054,81.7054,0.0,0.6,0.5
0.001318907084538098,0.002858418192457057,-0.011016336596307564,-0.18,9.36,1.0,0.025330362865069844,0.27,0.0,-3.5554054,81.7054,0.0,0.6,0.5
-0.008559882063448602,-0.004018520699643241,-0.015615463016627302,-0.18,9.36,1.0,0.10162663655506066,0.275,0.0,-3.5554054,81.7054,0.0,0.6,0.5
-0.011608458366628417,-0.005278362687053432,-0.010152302436976316,-0.18,9.36,1.0,0.04058961760306801,0.28,0.0,-4.272141,60.74612,0.0,0.6,0.5
0.0023442245075627455,-0.006052056825230367,-0.015270891066437395,-0.18,9.36,1.0,0.3305154576250331,0.28500000000000003,0.0,-4.272141,60.74612,0.0,0.6,0.5
-0.016559210132469644,-0.02029324193337828,-0.013834634357724009,-0.18,9.36,1.0,0.17792291024505147,0.29,0.0,-4.272141,60.74612,0.0,0.6,0.5
-0.012686380841245605,-0.002703798053435611,-0.017796257753138544,-0.18,9.36,1.0,0.10162663655506066,0.295,0.0,-4.272141,60.74612,0.0,0.6,0.5
-0.005194539356026156,-0.0015293797480356495,-0.014505589101516888,-0.18,9.36,1.0,-0.14252143925290994,0.3,0.0,-5.6761265,76.96616,0.0,0.6,0.5
-0.016938879301656697,-0.005896477487152683,-0.0014248101213236984,-0.18,9.36,1.0,0.29999694814903677,0.305,0.0,-5.6761265,76.96616,0.0,0.6,0.5
-0.012997277826231127,-0.013506239303410036,0.009712804699121566,-0.18,9.36,1.0,0.10162663655506066,0.31,0.0,-5.6761265,76.96616,0.0,0.6,0.5
-0.017149399184459676,-0.007553507275690429,0.0034623239195221483,-0.18,9.36,1.0,0.4068117313150239,0.315,0.0,-5.6761265,76.96616,0.0,0.6,0.5
-0.016368889875589814,-0.011260622008155377,8.647737138388567e-05,-0.18,9.36,1.0,0.26947843867304044,0.32,0.0,-6.877634,102.35919,0.0,0.6,0.5
-0.007769136271238372,-0.0012781450521555304,-0.004191338928111381,-0.18,9.36,1.0,0.2084414197210478,0.325,0.0,-6.877634,102.35919,0.0,0.6,0.5
0.0007133505518045261,-0.007199672437050127,-0.007179082567619322,-0.18,9.36,1.0,0.1626636555070533,0.33,0.0,-6.877634,102.35919,0.0,0.6,0.5
0.0021892302279264927,0.009354752568250057,0.001168497642743033,-0.18,9.36,1.0,0.2847376934110386,0.335,0.0,-6.877634,102.35919,0.0,0.6,0.5
-0.00534255603300068,-0.006806305414435285,-0.007302906600153614,-0.18,9.36,1.0,0.2084414197210478,0.34,0.0029572901007739764,-8.238499,90.21251,0.0,0.6,0.5
-0.007590474302075172,-0.0036719100618425172,-0.002611911608067447,-0.18,9.36,1.0,0.05584887234106617,0.34500000000000003,0.0029572901007739764,-8.238499,90.21251,0.0,0.6,0.5
-0.015876283639762873,0.013153510864845756,-0.006891567382704131,-0.18,9.36,1.0,-0.09674367503891546,0.35000000000000003,0.0029572901007739764,-8.238499,90.21251,0.0,0.6,0.5
-0.017455970310537302,0.0028687594663626605,-0.004303759132892243,-0.18,9.36,1.0,0.11688589129305882,0.355,0.0029572901007739764,-8.238499,90.21251,0.0,0.6,0.5
-0.014605656828497028,-0.014111786362482295,-0.005194859781927257,-0.18,9.36,1.0,-0.14252143925290994,0.36,0.03856718077573386,-7.7275434,80.615036,0.0,0.6,0.5
-0.007801257278655371,0.0023519744819753626,-0.005134399940959891,-0.18,9.36,1.0,0.22370067445904596,0.365,0.03856718077573386,-7.7275434,80.615036,0.0,0.6,0.5
-0.007212771646411792,-0.0008454882157515903,0.014284697395452448,-0.0,9.36,1.0,0.2542191839350423,0.37,0.03856718077573386,-7.7275434,80.615036,0.0,0.6,0.5
0.006512604944829053,-0.013949503122370773,0.024687899444913775,0.18,9.18,1.0,0.39155247657702574,0.375,0.03856718077573386,-7.7275434,80.615036,0.0,0.6,0.5
0.034713930272893725,-0.023014696980164312,0.030433840414817455,0.36,8.82,1.0,-0.020447401348924643,0.38,0.2652121334065874,-2.013304,-41.390068,0.0,0.0,0.5
0.06488154597252478,0.0016002706267846107,0.05604906402486096,0.72,8.28,1.0,0.34577471236303126,0.385,0.2652121334065874,-2.013304,-41.390068,0.0,0.0,0.5
0.08257843847567632,-0.008101714191913549,0.07209303135704184,1.26,7.56,1.0,-0.1577806939909081,0.39,0.2652121334065874,-2.013304,-41.390068,0.0,0.0,0.5
0.10853044868477425,-0.02210461454855095,0.08700383121605898,1.7999999999999998,6.84,1.0,0.2084414197210478,0.395,0.2652121334065874,-2.013304,-41.390068,0.0,0.0,0.5
0.13105359154166588,-0.014288697449620273,0.1075606068093738,2.6999999999999997,5.76,1.0,0.10162663655506066,0.4,0.961657484942747,6.735383,-97.60965,0.6,0.0,0.5
0.14588782301625672,-0.005794451170472703,0.12714880185180372,3.5999999999999996,4.5,1.0,0.11688589129305882,0.405,0.961657484942747,6.735383,-97.60965,0.6,0.0,0.5
0.16186337390306996,-0.014343865880600508,0.14159629240733929,4.68,2.88,1.0,-0.09674367503891546,0.41000000000000003,0.961657484942747,6.735383,-97.60965,0.6,0.0,0.5
0.18109701727948646,-0.012952653969689277,0.15965763952614467,5.9399999999999995,1.08,1.0,0.11688589129305882,0.41500000000000004,0.961657484942747,6.735383,-97.60965,0.6,0.0,0.5
0.1967481891808569,-0.00799646991054483,0.17798051162104586,7.199999999999999,-0.54,1.0,0.11688589129305882,0.42,1.8386496142099324,7.3331146,-99.58495,0.6,0.0,0.5
0.21487558008859176,-0.010749617050727495,0.1922798619851411,7.739999999999999,0.0,1.0,0.07110812707906433,0.425,1.8386496142099324,7.3331146,-99.58495,0.6,0.0,0.5
0.2267354117439851,-0.025807386414552227,0.20725483628345767,8.64,0.72,1.0,0.23895992919704412,0.43,1.8386496142099324,7.3331146,-99.58495,0.6,0.0,0.5
0.244137750093963,-0.021071858839379273,0.22403981432578748,9.719999999999999,1.26,1.0,0.025330362865069844,0.435,1.8386496142099324,7.3331146,-99.58495,0.6,0.0,0.5
0.2611715382713136,-0.019210844351065806,0.2372663475240261,10.799999999999999,1.44,1.0,-0.035706656086922806,0.44,1.8536556756716909,6.9721155,-91.355225,0.6,0.0,0.5
0.27398880144949617,-0.020708438773563844,0.2504189633515191,12.24,1.08,1.0,0.17792291024505147,0.445,1.8536556756716909,6.9721155,-91.355225,0.6,0.0,0.5
0.29135519497678775,-0.012673563265346268,0.26472982080649715,13.86,0.36,1.0,0.04058961760306801,0.45,1.8536556756716909,6.9721155,-91.355225,0.6,0.0,0.5
0.300917127125607,-0.013169138740546515,0.27716617838480884,15.66,-0.36,1.0,0.22370067445904596,0.455,1.8536556756716909,6.9721155,-91.355225,0.6,0.0,0.5
0.31100223836197477,-0.01923416863700197,0.2882718451231899,17.099999999999998,-0.18,1.0,-0.12726218451491178,0.46,0.9853957552989183,4.7324004,-74.458206,0.6,0.0,0.5
0.3188473177211459,-0.016854127025413574,0.3003191135971711,18.9,0.0,1.0,0.1626636555070533,0.465,0.9853957552989183,4.7324004,-74.458206,0.6,0.0,0.5
0.3376412351174312,-0.0021642884866157498,0.31092226106522985,20.7,0.0,1.0,-0.23407696768089892,0.47000000000000003,0.9853957552989183,4.7324004,-74.458206,0.6,0.0,0.5
0.35095333872239837,-0.00669754139970599,0.3203186372624368,22.68,-0.36,1.0,-0.05096591082492097,0.47500000000000003,0.9853957552989183,4.7324004,-74.458206,0.6,0.0,0.5
0.3524019197392312,-0.013462090582665143,0.32977989069859603,24.66,-0.18,1.0,-0.020447401348924643,0.48,0.276212825607987,1.5172065,-57.45506,0.6,0.0,0.5
0.37150981698755725,0.006930863899962392,0.33847467963773936,26.64,-0.18,1.0,0.11688589129305882,0.485,0.276212825607987,1.5172065,-57.45506,0.6,0.0,0.5
0.3704631195462308,-0.007439529937300617,0.34552532571649996,28.799999999999997,-0.36,1.0,0.0863673818170625,0.49,0.276212825607987,1.5172065,-57.45506,0.6,0.0,0.5
0.38452241120303343,-0.016499005890887663,0.3539290041372236,30.959999999999997,-0.18,1.0,-0.23407696768089892,0.495,0.276212825607987,1.5172065,-57.45506,0.6,0.0,0.5
0.39656236180365745,-0.008747167854533926,0.36114465687354647,32.94,-0.18,1.0,-0.12726218451491178,0.5,0.04082521924385372,-0.94844395,-26.06411,0.01546681523323059,0.0,0.5
0.3913435057162872,0.007301168996158801,0.3658504310148538,35.1,-0.18,1.0,0.04058961760306801,0.505,0.04082521924385372,-0.94844395,-26.06411,0.01546681523323059,0.0,0.5
0.3846450031087581,-0.005787140187337474,0.37269412970163257,37.08,-0.18,1.0,0.34577471236303126,0.51,0.04082521924385372,-0.94844395,-26.06411,0.01546681523323059,0.0,0.5
0.38801037138677397,0.004406897301402605,0.37883034117768466,39.24,-0.18,1.0,0.10162663655506066,0.515,0.04082521924385372,-0.94844395,-26.06411,0.01546681523323059,0.0,0.5
0.3815315250467596,0.003784298629114188,0.3842370907859925,41.22,-0.18,1.0,-0.11200292977691362,0.52,0.0031817403994613414,-0.16539307,27.24898,0.2503820791840553,0.6,0.5
0.37666526357976093,0.004019864782609596,0.38996266785614414,43.019999999999996,-0.18,1.0,0.17792291024505147,0.525,0.0031817403994613414,-0.16539307,27.24898,0.2503820791840553,0.6,0.5
0.37330631928625074,0.014059312151595062,0.39641383806910574,44.82,-0.18,1.0,-0.08148442030091729,0.53,0.0031817403994613414,-0.16539307,27.24898,0.2503820791840553,0.6,0.5
0.37179743696680834,0.021750808446787947,0.4006509835377,46.62,-0.18,1.0,0.22370067445904596,0.535,0.0031817403994613414,-0.16539307,27.24898,0.2503820791840553,0.6,0.5
0.37072478341094117,0.030867683694099743,0.40610804468987416,48.239999999999995,-0.18,1.0,-0.035706656086922806,0.54,0.0,-5.9015636,-64.9956,0.0,0.0,0.5
0.3695722311665626,0.027171940056415884,0.4116983097761621,49.68,-0.18,1.0,-0.035706656086922806,0.545,0.0,-5.9015636,-64.9956,0.0,0.0,0.5
0.3694295073583435,0.03692260420084772,0.41584825404431286,51.12,-0.18,1.0,0.14740440076905514,0.55,0.0,-5.9015636,-64.9956,0.0,0.0,0.5
0.36958398812089993,0.028909141329606692,0.42029581646571346,52.559999999999995,-0.18,1.0,-0.14252143925290994,0.555,0.0,-5.9015636,-64.9956,0.0,0.0,0.5
0.3695463690008525,0.020790196227530592,0.4253382469062406,53.82,-0.18,1.0,-0.005188146610926481,0.56,0.0,-7.1580315,-86.81218,0.0,0.0,0.5
0.37028747432715375,0.03833040264995019,0.42933639285095154,54.9,-0.18,1.0,-0.005188146610926481,0.5650000000000001,0.0,-7.1580315,-86.81218,0.0,0.0,0.5
0.3756849150454071,0.027768648886715923,0.4327658232221209,55.98,-0.18,1.0,-0.06622516556291913,0.5700000000000001,0.0,-7.1580315,-86.81218,0.0,0.0,0.5
0.38488576559624976,0.015342084837420517,0.43743955602904794,57.059999999999995,-0.18,1.0,0.11688589129305882,0.5750000000000001,0.0,-7.1580315,-86.81218,0.0,0.0,0.5
0.3927375088620961,0.012281566142398538,0.4411632611397177,57.96,-0.18,1.0,-0.24933622241889708,0.58,0.0,-8.402013,62.297394,0.0,0.6,0.5
0.3945124296206137,0.018790459734886293,0.444328325928664,58.68,-0.36,1.0,0.05584887234106617,0.585,0.0,-8.402013,62.297394,0.0,0.6,0.5
0.39565978768322624,0.017609326623298022,0.44747707017520577,59.4,-0.36,1.0,0.1626636555070533,0.59,0.0,-8.402013,62.297394,0.0,0.6,0.5
0.39625331946679515,0.01260892361459351,0.45043159144083694,60.12,-0.36,1.0,0.2847376934110386,0.595,0.0,-8.402013,62.297394,0.0,0.6,0.5
0.3944032271683614,0.001314616787648354,0.45312810419130606,60.66,-0.36,1.0,0.025330362865069844,0.6,0.0,-7.4094105,90.722404,0.0,0.6,0.5
0.39278884319577717,0.005865200758365879,0.4571679768801132,61.019999999999996,-0.36,1.0,0.1626636555070533,0.605,0.0,-7.4094105,90.722404,0.0,0.6,0.5
0.3922853954631156,0.015053820086776982,0.46044678401722244,61.379999999999995,-0.36,1.0,0.3610339671010294,0.61,0.0,-7.4094105,90.722404,0.0,0.6,0.5
0.3907707541573409,0.03283805314854528,0.46236906272178424,61.559999999999995,-0.36,1.0,-0.035706656086922806,0.615,0.0,-7.4094105,90.722404,0.0,0.6,0.5
0.38859160997854975,0.07134419224630664,0.4644667585591936,61.559999999999995,-0.36,1.0,0.22370067445904596,0.62,0.0,-7.9479046,94.00658,0.0,0.6,0.5
0.38530569859882974,0.084717823104028,0.4671670011189442,61.559999999999995,-0.36,1.0,0.19318216498304963,0.625,0.0,-7.9479046,94.00658,0.0,0.6,0.5
0.37932807436224153,0.08327609726734339,0.4688705382120304,61.559999999999995,-0.36,1.0,0.17792291024505147,0.63,0.0,-7.9479046,94.00658,0.0,0.6,0.5
0.3645249301744576,0.0950244300077707,0.47071437297444885,61.379999999999995,-0.36,1.0,-0.29511398663289157,0.635,0.0,-7.9479046,94.00658,0.0,0.6,0.5
0.3441028956314356,0.10171854144267645,0.47263941326367237,61.199999999999996,-0.36,1.0,-0.05096591082492097,0.64,0.0,-8.401218,95.5232,0.0,0.6,0.5
0.3183511022668039,0.10010322922776076,0.4743032452367628,60.839999999999996,-0.36,1.0,-0.12726218451491178,0.645,0.0,-8.401218,95.5232,0.0,0.6,0.5
0.2922676460702647,0.08923424650024395,0.47571122798581017,60.48,-0.36,1.0,0.19318216498304963,0.65,0.0,-8.401218,95.5232,0.0,0.6,0.5
0.264088990991625,0.08539272392606426,0.477904445249127,59.94,-0.36,1.0,0.010071108127071682,0.655,0.0,-8.401218,95.5232,0.0,0.6,0.5
0.23810756375193193,0.10073551608755606,0.47921070848540515,59.4,-0.36,1.0,0.05584887234106617,0.66,0.0030673231992255673,-8.090262,92.522545,0.0,0.6,0.5
0.212386877545288,0.10922927828758895,0.48051800992721244,58.86,-0.36,1.0,-0.09674367503891546,0.665,0.0030673231992255673,-8.090262,92.522545,0.0,0.6,0.5
0.1892391907056095,0.10249962610542217,0.48230436995872256,58.14,-0.36,1.0,0.07110812707906433,0.67,0.0030673231992255673,-8.090262,92.522545,0.0,0.6,0.5
0.16705597800430994,0.09799685646362707,0.48354012209938113,57.419999999999995,-0.36,1.0,0.10162663655506066,0.675,0.0030673231992255673,-8.090262,92.522545,0.0,0.6,0.5
0.14890925279491513,0.119865146209805,0.4845192766255244,56.519999999999996,-0.36,1.0,-0.06622516556291913,0.68,0.03967918961414849,-6.490501,58.160503,0.0,0.6,0.5
0.13198876510158336,0.14592894228845832,0.48587460837362206,55.8,-0.36,1.0,-0.06622516556291913,0.685,0.03967918961414849,-6.490501,58.160503,0.0,0.6,0.5
0.10965233642578488,0.15681272766653498,0.48751520112413904,54.72,-0.36,1.0,0.010071108127071682,0.6900000000000001,0.03967918961414849,-6.490501,58.160503,0.0,0.6,0.5
0.09963799784216848,0.18112212601069275,0.4883085694412097,53.64,-0.36,1.0,-0.12726218451491178,0.6950000000000001,0.03967918961414849,-6.490501,58.160503,0.0,0.6,0.5
0.08601080311528522,0.1984242113507481,0.48925171666181716,52.559999999999995,-0.36,1.0,0.19318216498304963,0.7000000000000001,0.27065595055861363,6.467752,-124.375404,0.6,0.0,0.5
0.07993069288867853,0.21498485493240174,0.4903493679557484,51.3,-0.36,1.0,-0.14252143925290994,0.705,0.27065595055861363,6.467752,-124.375404,0.6,0.0,0.5
0.06523380853627023,0.23844536729971236,0.49124767342381204,50.04,-0.36,1.0,0.07110812707906433,0.71,0.27065595055861363,6.467752,-124.375404,0.6,0.0,0.5
0.06515721842041726,0.25252597849862235,0.49167560748705824,48.78,-0.36,1.0,-0.035706656086922806,0.715,0.27065595055861363,6.467752,-124.375404,0.6,0.0,0.5
0.054365860943983206,0.2713577426003397,0.49236844231942917,47.339999999999996,-0.36,1.0,0.025330362865069844,0.72,0.9734729705298922,3.0706074,-129.2699,0.6,0.0,0.5
0.038992047920056915,0.28117789028100587,0.4924656139927634,45.72,-0.36,1.0,-0.17303994872890627,0.725,0.9734729705298922,3.0706074,-129.2699,0.6,0.0,0.5
0.030654636322174605,0.29399253978394013,0.49295301166303385,44.1,-0.36,1.0,0.07110812707906433,0.73,0.9734729705298922,3.0706074,-129.2699,0.6,0.0,0.5
0.02646990934376139,0.30735566719227436,0.49338289708606836,42.48,-0.36,1.0,0.23895992919704412,0.735,0.9734729705298922,3.0706074,-129.2699,0.6,0.0,0.5
0.014749983072911345,0.32268188770734685,0.4938001209699957,40.68,-0.36,1.0,0.3610339671010294,0.74,1.8462127528949166,6.2402687,-96.761444,0.6,0.0,0.5
0.014019022827151485,0.33647054681820193,0.49443188592035714,38.699999999999996,-0.36,1.0,-0.020447401348924643,0.745,1.8462127528949166,6.2402687,-96.761444,0.6,0.0,0.5
0.01720839332022672,0.34304718731891887,0.49432852074705635,36.72,-0.36,1.0,0.1626636555070533,0.75,1.8462127528949166,6.2402687,-96.761444,0.6,0.0,0.5
0.017384204616010205,0.3627075801898309,0.49456123140328234,34.56,-0.36,1.0,0.07110812707906433,0.755,1.8462127528949166,6.2402687,-96.761444,0.6,0.0,0.5
0.010780511874726229,0.3793702705159017,0.4946349991301279,32.4,-0.36,1.0,-0.08148442030091729,0.76,1.846252631521067,6.15979,-110.68872,0.6,0.0,0.5
0.004681130155323123,0.3927456640195087,0.4948098610703224,30.06,-0.36,1.0,0.010071108127071682,0.765,1.846252631521067,6.15979,-110.68872,0.6,0.0,0.5
-0.0037842927002267952,0.39704680386186736,0.4949732894054844,27.72,-0.36,1.0,0.14740440076905514,0.77,1.846252631521067,6.15979,-110.68872,0.6,0.0,0.5
0.002626373192047406,0.40302565296025017,0.49506727366311964,25.2,-0.36,1.0,-0.18829920346690443,0.775,1.846252631521067,6.15979,-110.68872,0.6,0.0,0.5
0.007287479464947722,0.41766192802188773,0.4951570007506018,22.68,-0.36,1.0,0.05584887234106617,0.78,0.9735360536222532,-6.6599965,-95.506744,0.0,0.0,0.5
-0.0007368563062867279,0.4212151080280396,0.495067886466518,19.98,-0.36,1.0,-0.12726218451491178,0.785,0.9735360536222532,-6.6599965,-95.506744,0.0,0.0,0.5
-0.0014984372993122987,0.4255681036736121,0.4950851260559134,17.28,-0.36,1.0,0.2847376934110386,0.79,0.9735360536222532,-6.6599965,-95.506744,0.0,0.0,0.5
0.013825816058942876,0.4193039716159313,0.495333539449727,14.58,-0.36,1.0,0.22370067445904596,0.795,0.9735360536222532,-6.6599965,-95.506744,0.0,0.0,0.5
0.021112456776215344,0.41546662697746917,0.49512436170600715,11.7,-0.36,1.0,0.010071108127071682,0.8,0.27068518297979416,-2.3796957,35.81952,0.0,0.6,0.5
0.038298822428564305,0.41610346534849557,0.4951416269872934,8.82,-0.36,1.0,0.05584887234106617,0.805,0.27068518297979416,-2.3796957,35.81952,0.0,0.6,0.5
0.05874067844010757,0.4153169422271126,0.495311227004898,5.9399999999999995,-0.54,1.0,20.930509353923163,0.81,0.27068518297979416,-2.3796957,35.81952,0.0,0.6,0.5
0.08239313229806974,0.39873747934917575,0.49575152579628523,3.2399999999999998,5.04,1.0,4.007995849482702,0.8150000000000001,0.27068518297979416,-2.3796957,35.81952,0.0,0.6,0.5
0.09996226690181427,0.37717361981033903,0.49794068970985694,1.6199999999999999,7.56,1.0,0.8798486281930238,0.8200000000000001,0.039685189561202275,-4.566006,101.85908,0.0,0.6,0.5
0.1252693062657894,0.3436729579519679,0.49986759943237313,1.26,7.38,1.0,-1.1648915066987868,0.8250000000000001,0.039685189561202275,-4.566006,101.85908,0.0,0.6,0.5
0.14514417574535915,0.31133710461389913,0.5008205674536372,1.44,6.84,1.0,2.9245887630848326,0.8300000000000001,0.039685189561202275,-4.566006,101.85908,0.0,0.6,0.5
0.15756636859137813,0.2825142208070839,0.5014458072849516,2.6999999999999997,5.58,1.0,1.3071077608569723,0.835,0.039685189561202275,-4.566006,101.85908,0.0,0.6,0.5
0.17203441081306484,0.25560282317518956,0.4998853693913548,4.68,2.34,1.0,0.07110812707906433,0.84,0.003067919544818415,-7.799527,90.64148,0.0,0.6,0.5
0.19187982637501344,0.22814949629491466,0.4968029887487376,7.199999999999999,-0.72,1.0,1.1087374492629962,0.845,0.003067919544818415,-7.799527,90.64148,0.0,0.6,0.5
0.20783594003608657,0.21145763095899603,0.4950265549456915,8.28,0.0,1.0,0.5594042786950055,0.85,0.003067919544818415,-7.799527,90.64148,0.0,0.6,0.5
0.22224081642649474,0.1886739411456221,0.4936988668171003,10.08,0.36,1.0,-0.4934842982268677,0.855,0.003067919544818415,-7.799527,90.64148,0.0,0.6,0.5
0.23801466014762737,0.1701422613190233,0.4931514559246926,12.24,-0.54,1.0,0.10162663655506066,0.86,0.0,-8.0806875,93.14463,0.0,0.6,0.5
0.24824362127032215,0.14966585753780978,0.492926239956309,13.86,-0.36,1.0,-0.12726218451491178,0.865,0.0,-8.0806875,93.14463,0.0,0.6,0.5
0.25150017228915805,0.13653358937012433,0.4927469281336045,15.66,-0.36,1.0,0.29999694814903677,0.87,0.0,-8.0806875,93.14463,0.0,0.6,0.5
0.25193869296232685,0.13470269875502255,0.4923936998798148,17.46,-0.36,1.0,-0.24933622241889708,0.875,0.0,-8.0806875,93.14463,0.0,0.6,0.5
0.2509471825977233,0.12246021792944696,0.4925886370975633,19.259999999999998,-0.36,1.0,0.04058961760306801,0.88,0.00570688896332448,-8.010932,85.46887,0.0,0.6,0.5
0.2485223474467827,0.13119925366583482,0.492706740204014,21.06,-0.36,1.0,-0.020447401348924643,0.885,0.00570688896332448,-8.010932,85.46887,0.0,0.6,0.5
0.2420374180653449,0.129248281895973,0.49305732549079484,22.68,-0.36,1.0,0.2847376934110386,0.89,0.00570688896332448,-8.010932,85.46887,0.0,0.6,0.5
0.22852881069395795,0.131774515767213,0.4934593902056608,24.3,-0.36,1.0,0.05584887234106617,0.895,0.00570688896332448,-8.010932,85.46887,0.0,0.6,0.5
0.21102481508346407,0.13803569097044618,0.49343345660309723,25.74,-0.36,1.0,-0.005188146610926481,0.9,0.06408770709036929,-8.359421,70.07677,0.0,0.6,0.5
0.1914298541032833,0.16318854172933242,0.49391643861136536,27.18,-0.36,1.0,-0.1577806939909081,0.905,0.06408770709036929,-8.359421,70.07677,0.0,0.6,0.5
0.17154979995244465,0.16774614592799236,0.49469604366649156,28.439999999999998,-0.36,1.0,0.2542191839350423,0.91,0.06408770709036929,-8.359421,70.07677,0.0,0.6,0.5
0.1509428681600148,0.1992988360130456,0.4951435069778294,29.7,-0.36,1.0,-0.08148442030091729,0.915,0.06408770709036929,-8.359421,70.07677,0.0,0.6,0.5
0.1335654483938237,0.21614702419866053,0.49563191169248744,30.779999999999998,-0.36,1.0,0.10162663655506066,0.92,0.3794910837413838,-7.2671223,-100.07701,0.0,0.0,0.5
0.11642073884305351,0.2255254167945455,0.4960734570137355,31.86,-0.36,1.0,-0.035706656086922806,0.925,0.3794910837413838,-7.2671223,-100.07701,0.0,0.0,0.5
0.1075694888270771,0.23874751247278617,0.4963400614494789,32.76,-0.36,1.0,0.22370067445904596,0.93,0.3794910837413838,-7.2671223,-100.07701,0.0,0.0,0.5
0.08845004104006861,0.25061350350287487,0.4968128242537527,33.66,-0.36,1.0,0.04058961760306801,0.935,0.3794910837413838,-7.2671223,-100.07701,0.0,0.0,0.5
0.06871265963410718,0.2808322501352697,0.49755614197266873,34.379999999999995,-0.36,1.0,0.31525620288703493,0.9400000000000001,1.1848952287937575,5.19094,-93.80307,0.6,0.0,0.5
0.05549075136686602,0.28870176635255884,0.49819062320938273,35.1,-0.36,1.0,-0.11200292977691362,0.9450000000000001,1.1848952287937575,5.19094,-93.80307,0.6,0.0,0.5
0.0497186848992278,0.3144644066605149,0.49835510468971617,35.64,-0.36,1.0,0.025330362865069844,0.9500000000000001,1.1848952287937575,5.19094,-93.80307,0.6,0.0,0.5
0.04980753882343313,0.32882482055882434,0.49845833458685895,36.0,-0.36,1.0,-0.12726218451491178,0.9550000000000001,1.1848952287937575,5.19094,-93.80307,0.6,0.0,0.5
0.05120501334898688,0.3336054176798841,0.49876128351489907,36.36,-0.36,1.0,0.3762932218390276,0.96,1.950787016762696,5.7960153,-109.68257,0.6,0.0,0.5
0.045196351610131205,0.3468434427879341,0.49917823680132406,36.54,-0.36,1.0,-0.08148442030091729,0.965,1.950787016762696,5.7960153,-109.68257,0.6,0.0,0.5
0.030517524363886932,0.3745206810161149,0.49938551413673754,36.54,-0.36,1.0,0.29999694814903677,0.97,1.950787016762696,5.7960153,-109.68257,0.6,0.0,0.5
0.02668063057264264,0.3807513054063647,0.4997407319874673,36.36,-0.36,1.0,0.010071108127071682,0.975,1.950787016762696,5.7960153,-109.68257,0.6,0.0,0.5
0.02971933204545118,0.38503695700062834,0.4995075290110946,36.0,-0.36,1.0,0.025330362865069844,0.98,1.6935237592083097,5.1163187,-90.9121,0.6,0.0,0.5
0.018479904458500427,0.4029570732062342,0.49963950103159804,35.46,-0.36,1.0,-0.34089175084688605,0.985,1.6935237592083097,5.1163187,-90.9121,0.6,0.0,0.5
0.01990070879377104,0.41688016141961165,0.49981495032405293,34.74,-0.36,1.0,0.19318216498304963,0.99,1.6935237592083097,5.1163187,-90.9121,0.6,0.0,0.5
0.0108943320924746,0.42568033590354964,0.4999072656319505,33.839999999999996,-0.36,1.0,0.05584887234106617,0.995,1.6935237592083097,5.1163187,-90.9121,0.6,0.0,0.5
0.008332671652936453,0.4357343813249019,0.49993438272104257,32.76,-0.36,1.0,0.39155247657702574,1.0,0.7752187403484145,2.261574,4.809176,0.6,0.6,0.5
0.0029177417880809488,0.4467042385218914,0.49987393935807845,31.5,-0.36,1.0,-0.3256324961088879,1.0050000000000001,0.7752187403484145,2.261574,4.809176,0.6,0.6,0.5
0.0034429856232325614,0.4378591206752405,0.5000351657872248,30.06,-0.36,1.0,-0.05096591082492097,1.01,0.7752187403484145,2.261574,4.809176,0.6,0.6,0.5
-0.006948294462643136,0.4416472559383899,0.5001280337153965,28.619999999999997,-0.36,1.0,-0.14252143925290994,1.0150000000000001,0.7752187403484145,2.261574,4.809176,0.6,0.6,0.5
-0.0011499233766460656,0.42971870160856696,0.5003339798831592,26.82,-0.36,1.0,0.2542191839350423,1.02,0.18711506874151423,5.0975146,-68.58989,0.6,0.0,0.5
0.0033801627048262663,0.4148274777468037,0.5005380729372477,25.2,-0.36,1.0,-0.18829920346690443,1.025,0.18711506874151423,5.0975146,-68.58989,0.6,0.0,0.5
0.008387782699474955,0.4010583823763679,0.5008685208566283,23.22,-0.36,1.0,0.0863673818170625,1.03,0.18711506874151423,5.0975146,-68.58989,0.6,0.0,0.5
0.03619056569060886,0.3846400560548757,0.5015719648683009,21.419999999999998,-0.36,1.0,0.11688589129305882,1.035,0.18711506874151423,5.0975146,-68.58989,0.6,0.0,0.5
0.060351230628406576,0.35691496385795995,0.501700117333783,19.439999999999998,-0.36,1.0,0.04058961760306801,1.04,0.023814682489921007,1.9800347,-42.472275,0.6,0.0,0.5
0.07634652541458939,0.32101607546363986,0.501976600349552,17.28,-0.36,1.0,-0.005188146610926481,1.045,0.023814682489921007,1.9800347,-42.472275,0.6,0.0,0.5
0.09976918797285254,0.2938929440112916,0.5020410372940739,15.12,-0.36,1.0,0.10162663655506066,1.05,0.023814682489921007,1.9800347,-42.472275,0.6,0.0,0.5
0.11309766469869512,0.2634295162673989,0.5022608968708342,12.959999999999999,-0.36,1.0,0.11688589129305882,1.055,0.023814682489921007,1.9800347,-42.472275,0.6,0.0,0.5
0.13056226859630918,0.23211489343409977,0.5025676337369339,10.799999999999999,-0.36,1.0,0.39155247657702574,1.06,0.0015982045375873988,3.2122076,-54.458637,0.6,0.0,0.5
0.14996301591830816,0.21108145300244097,0.5028026827063531,8.64,-0.36,1.0,-0.05096591082492097,1.065,0.0015982045375873988,3.2122076,-54.458637,0.6,0.0,0.5
0.17073130260081915,0.18591534907189672,0.5033291457685517,6.4799999999999995,-0.36,1.0,-0.05096591082492097,1.07,0.0015982045375873988,3.2122076,-54.458637,0.6,0.0,0.5
0.18635795525191964,0.16949421280959515,0.5034274471310589,4.68,2.16,1.0,4.52681051057464,1.075,0.0015982045375873988,3.2122076,-54.458637,0.6,0.0,0.5
0.2052202062988698,0.1399722405693148,0.5050846507917441,3.96,3.5999999999999996,1.0,1.5359965819269448,1.08,0.0,3.79799,-49.003433,0.6,0.0,0.5
0.22589164122818658,0.13065808947943952,0.5059163632544829,4.5,2.16,1.0,6.586809900204447,1.085,0.0,3.79799,-49.003433,0.6,0.0,0.5
0.24014956178725952,0.13155796811355194,0.5058228945198162,5.76,1.08,1.0,0.46784875026701656,1.09,0.0,3.79799,-49.003433,0.6,0.0,0.5
0.2540083030420142,0.13283929319637028,0.5051381839013551,7.56,-0.72,1.0,-0.05096591082492097,1.095,0.0,3.79799,-49.003433,0.6,0.0,0.5
0.27308480133796387,0.13743212678934608,0.5040495487754659,8.459999999999999,0.0,1.0,-0.06622516556291913,1.1,0.0,2.6439102,-44.4475,0.6,0.0,0.5
0.2877002243127566,0.1432045078427413,0.5038930956314241,10.26,-0.36,1.0,-0.005188146610926481,1.105,0.0,2.6439102,-44.4475,0.6,0.0,0.5
0.30114889647894605,0.1412981023205722,0.5035280554359267,11.7,-0.54,1.0,0.07110812707906433,1.11,0.0,2.6439102,-44.4475,0.6,0.0,0.5
0.31746512508416,0.14414000725930706,0.5034453384781954,13.86,-0.54,1.0,0.04058961760306801,1.115,0.0,2.6439102,-44.4475,0.6,0.0,0.5
0.33142701584589856,0.13927274726076622,0.5035969885787155,15.84,-0.54,1.0,0.39155247657702574,1.12,0.0,1.5691466,-30.062433,0.6,0.0,0.5
0.342196704610588,0.14460232662907296,0.503736062646712,18.18,-0.54,1.0,-0.06622516556291913,1.125,0.0,1.5691466,-30.062433,0.6,0.0,0.5
0.35587277267986445,0.1413116034577567,0.5040372112578559,20.7,-0.54,1.0,-0.06622516556291913,1.1300000000000001,0.0,1.5691466,-30.062433,0.6,0.0,0.5
0.36832127961840994,0.15448227624675226,0.5040050188005148,23.22,-0.54,1.0,-0.11200292977691362,1.135,0.0,1.5691466,-30.062433,0.6,0.0,0.5
0.3776313318037121,0.13653960733890982,0.5039126010166487,25.919999999999998,-0.54,1.0,0.17792291024505147,1.1400000000000001,0.0,5.6321354,-10.333443,0.6,0.0,0.5
0.3879729626759036,0.1345918139985776,0.503882247965611,28.799999999999997,-0.54,1.0,-0.035706656086922806,1.145,0.0,5.6321354,-10.333443,0.6,0.0,0.5
0.39793029879311836,0.12560055689159444,0.5040769495369113,31.68,-0.54,1.0,0.23895992919704412,1.1500000000000001,0.0,5.6321354,-10.333443,0.6,0.0,0.5
0.40577664794018964,0.10928086681151199,0.5038951370445726,34.74,-0.54,1.0,0.10162663655506066,1.155,0.0,5.6321354,-10.333443,0.6,0.0,0.5
0.41424434592670845,0.09888325796012262,0.5036483082347034,37.8,-0.54,1.0,0.010071108127071682,1.16,0.0,3.4420824,-5.1997647,0.6,0.0,0.5
0.4218985729317646,0.07001961077582516,0.503545012589296,40.86,-0.54,1.0,-0.11200292977691362,1.165,0.0,3.4420824,-5.1997647,0.6,0.0,0.5
0.4277263537224879,0.06113218882959217,0.5038335406919286,43.92,-0.36,1.0,0.0863673818170625,1.17,0.0,3.4420824,-5.1997647,0.6,0.0,0.5
0.43388609727019556,0.04638414594088962,0.5039186220468942,46.98,-0.36,1.0,0.0863673818170625,1.175,0.0,3.4420824,-5.1997647,0.6,0.0,0.5
0.4406477027489886,0.04039849120726795,0.5037961727503178,50.04,-0.36,1.0,-0.035706656086922806,1.18,0.0,4.384448,18.983913,0.6,0.6,0.5
0.44628345759242943,0.03654583748974044,0.5036651485270253,53.1,-0.36,1.0,-0.18829920346690443,1.185,0.0,4.384448,18.983913,0.6,0.6,0.5
0.4520340408409767,0.02913118170413748,0.5032868766855326,55.98,-0.36,1.0,0.05584887234106617,1.19,0.0,4.384448,18.983913,0.6,0.6,0.5
0.4575427356728832,0.030993810145323878,0.503144553610726,58.68,-0.36,1.0,0.19318216498304963,1.195,0.0,4.384448,18.983913,0.6,0.6,0.5
0.4624573137473612,0.024276610714912047,0.5031398880866166,61.559999999999995,-0.36,1.0,0.14740440076905514,1.2,0.0,1.9127398,-22.616758,0.6,0.0,0.5
0.46731702811523956,0.024853445343759696,0.5028000005078431,64.25999999999999,-0.36,1.0,0.2542191839350423,1.205,0.0,1.9127398,-22.616758,0.6,0.0,0.5
0.47159488008692385,0.012726159792014717,0.503278978778956,66.78,-0.36,1.0,0.025330362865069844,1.21,0.0,1.9127398,-22.616758,0.6,0.0,0.5
0.47618396090122395,0.03168127773436968,0.5032318697115812,69.12,-0.36,1.0,-0.05096591082492097,1.215,0.0,1.9127398,-22.616758,0.6,0.0,0.5
0.4803668499059022,0.02649922189848074,0.5031780329601705,71.46,-0.36,1.0,0.010071108127071682,1.22,0.0,2.8386614,-39.250423,0.6,0.0,0.5
0.4850585629685682,0.02444243375441662,0.5028768956877477,73.44,-0.36,1.0,0.0863673818170625,1.225,0.0,2.8386614,-39.250423,0.6,0.0,0.5
0.4884456258026002,0.02198265434404796,0.5032534657014176,75.42,-0.36,1.0,0.11688589129305882,1.23,0.0,2.8386614,-39.250423,0.6,0.0,0.5
0.4912538681182187,0.0001236879130538287,0.5035313503790045,77.03999999999999,-0.36,1.0,0.2084414197210478,1.235,0.0,2.8386614,-39.250423,0.6,0.0,0.5
0.4943463038759989,0.001226142725969882,0.503991027051728,78.3,-0.36,1.0,0.19318216498304963,1.24,0.0,4.9219213,-74.2219,0.6,0.0,0.5
0.49678914755052417,-0.013902464056115603,0.5047603008197337,79.38,-0.36,1.0,0.025330362865069844,1.245,0.0,4.9219213,-74.2219,0.6,0.0,0.5
0.4994210613816904,0.006340541961783443,0.5049746532025281,80.1,-0.36,1.0,0.05584887234106617,1.25,0.0,4.9219213,-74.2219,0.6,0.0,0.5
0.5024291399564604,-0.0049650379083748,0.5047873005451705,80.46,-0.36,1.0,0.2084414197210478,1.2550000000000001,0.0,4.9219213,-74.2219,0.6,0.0,0.5
0.5048566231403748,0.0017500853108495626,0.5051844513685183,80.46,-0.36,1.0,0.11688589129305882,1.26,0.0,6.5256586,-83.70665,0.6,0.0,0.5
0.5067865333163093,-0.006680857010199399,0.5053540520885416,80.28,-0.36,1.0,0.05584887234106617,1.2650000000000001,0.0,6.5256586,-83.70665,0.6,0.0,0.5
0.5094070252039785,-0.005061978599804668,0.5052909675549621,79.56,-0.36,1.0,-0.05096591082492097,1.27,0.0,6.5256586,-83.70665,0.6,0.0,0.5
0.5120237176752266,0.00834678350450318,0.5054869994922004,78.84,-0.36,1.0,0.19318216498304963,1.2750000000000001,0.0,6.5256586,-83.70665,0.6,0.0,0.5
0.5148945282123724,0.033145128926704,0.5049260278061467,77.94,-0.36,1.0,-0.005188146610926481,1.28,0.0,6.671976,-82.05901,0.6,0.0,0.5
0.516429962462674,0.03398215290947443,0.5051838013644276,76.67999999999999,-0.36,1.0,0.22370067445904596,1.285,0.0,6.671976,-82.05901,0.6,0.0,0.5
0.5180612120851077,0.043896778306135704,0.5049401844271767,75.6,-0.36,1.0,-0.17303994872890627,1.29,0.0,6.671976,-82.05901,0.6,0.0,0.5
0.5191614126933359,0.03661868008108002,0.5049948318401214,74.34,-0.36,1.0,0.1626636555070533,1.295,0.0,6.671976,-82.05901,0.6,0.0,0.5
0.5210858542320342,0.04600555839808612,0.5045456115929139,72.89999999999999,-0.36,1.0,0.14740440076905514,1.3,0.0,6.438715,-81.02632,0.6,0.0,0.5
0.5230682297099943,0.056074134123430486,0.5043795412627137,71.64,-0.36,1.0,0.07110812707906433,1.305,0.0,6.438715,-81.02632,0.6,0.0,0.5
0.5246047805716112,0.06378621263558235,0.5042294771421749,70.38,-0.36,1.0,-0.05096591082492097,1.31,0.0,6.438715,-81.02632,0.6,0.0,0.5
0.5261921737180131,0.05364187803125692,0.5042137020173161,69.12,-0.36,1.0,0.14740440076905514,1.315,0.0,6.438715,-81.02632,0.6,0.0,0.5
0.5277747320095598,0.06060235949797559,0.5043778656161408,67.86,-0.36,1.0,0.04058961760306801,1.32,0.0,6.37667,-84.789505,0.6,0.0,0.5
0.5294744730580223,0.05802514226957293,0.5044332012734187,66.78,-0.36,1.0,0.1626636555070533,1.325,0.0,6.37667,-84.789505,0.6,0.0,0.5
0.5314774062092095,0.060791042146085786,0.5040796784215952,65.7,-0.36,1.0,-0.26459547715689524,1.33,0.0,6.37667,-84.789505,0.6,0.0,0.5
0.5330576744360076,0.032852290541053174,0.5044648062257465,64.8,-0.36,1.0,0.29999694814903677,1.335,0.0,6.37667,-84.789505,0.6,0.0,0.5
0.5348457899308844,0.03343932144369837,0.5047685417942802,63.9,-0.36,1.0,-0.05096591082492097,1.34,0.0,7.1424475,-90.77597,0.6,0.0,0.5
0.5362376668535985,0.0324240917249171,0.505088741346189,63.36,-0.54,1.0,0.05584887234106617,1.345,0.0,7.1424475,-90.77597,0.6,0.0,0.5
0.5388078685841182,0.042105729215349295,0.5045739416548176,62.82,-0.54,1.0,-0.08148442030091729,1.35,0.0,7.1424475,-90.77597,0.6,0.0,0.5
0.5397474272493414,0.008880925875360109,0.5048457075774302,62.46,-0.54,1.0,0.31525620288703493,1.355,0.0,7.1424475,-90.77597,0.6,0.0,0.5
0.5406004564090566,0.007995016756165416,0.5051486232022765,62.28,-0.54,1.0,0.0863673818170625,1.36,0.0,6.915962,-80.76152,0.6,0.0,0.5
0.5420499996358473,0.008014914408366776,0.5048824266925742,62.28,-0.54,1.0,0.010071108127071682,1.365,0.0,6.915962,-80.76152,0.6,0.0,0.5
0.5436247649954425,0.01591111230354893,0.5040494811676369,62.28,-0.54,1.0,-0.18829920346690443,1.37,0.0,6.915962,-80.76152,0.6,0.0,0.5
0.5433084416433577,-0.00982069293630827,0.5045216645234228,62.64,-0.36,1.0,0.0863673818170625,1.375,0.0,6.915962,-80.76152,0.6,0.0,0.5
0.5441750090884139,-0.016342987233748402,0.5041470232742062,62.82,-0.36,1.0,0.10162663655506066,1.3800000000000001,0.0,-3.1626415,-55.81797,0.0,0.0,0.5
0.5450058924341016,-0.015834724988884358,0.5038685547428812,63.36,-0.36,1.0,0.07110812707906433,1.385,0.0,-3.1626415,-55.81797,0.0,0.0,0.5
0.5456831719448519,-0.015609234993800925,0.5036114905539321,63.72,-0.36,1.0,-0.020447401348924643,1.3900000000000001,0.0,-3.1626415,-55.81797,0.0,0.0,0.5
0.5464602693521414,-0.015291375179851598,0.503232920543748,64.44,-0.36,1.0,0.34577471236303126,1.395,0.0,-3.1626415,-55.81797,0.0,0.0,0.5
0.5473297290488853,-0.00955518059712791,0.5030348975530954,64.98,-0.36,1.0,0.11688589129305882,1.4000000000000001,0.0,-5.938549,-52.17604,0.0,0.0,0.5
0.5479514175027621,-0.018935337363954023,0.5029312982052468,65.7,-0.36,1.0,0.11688589129305882,1.405,0.0,-5.938549,-52.17604,0.0,0.0,0.5
0.5481511143749003,-0.01683529519658405,0.502891124375669,66.24,-0.36,1.0,-0.17303994872890627,1.41,0.0,-5.938549,-52.17604,0.0,0.0,0.5
0.5494156557448928,0.0021758096077000725,0.5026555205123397,66.96,-0.36,1.0,0.010071108127071682,1.415,0.0,-5.938549,-52.17604,0.0,0.0,0.5
0.550224655263704,-0.0008714614873401864,0.5024875130178634,67.67999999999999,-0.36,1.0,0.010071108127071682,1.42,0.0,-6.708453,-81.03357,0.0,0.0,0.5
0.5506565058031537,-0.006983160340749566,0.5025121969246307,68.39999999999999,-0.36,1.0,0.22370067445904596,1.425,0.0,-6.708453,-81.03357,0.0,0.0,0.5
0.5519154484048039,-0.005891078515507817,0.5023985337479195,69.12,-0.36,1.0,0.025330362865069844,1.43,0.0,-6.708453,-81.03357,0.0,0.0,0.5
0.552649128143049,0.0003971234538233492,0.5027137847098536,69.66,-0.36,1.0,0.3762932218390276,1.435,0.0,-6.708453,-81.03357,0.0,0.0,0.5
0.5523486204794595,-0.012049808199365042,0.5034379915427944,70.2,-0.36,1.0,0.010071108127071682,1.44,0.0,-7.8862715,-93.390274,0.0,0.0,0.5
0.5539264869816863,-0.006809993001509228,0.5032323983565348,70.74,-0.36,1.0,0.34577471236303126,1.445,0.0,-7.8862715,-93.390274,0.0,0.0,0.5
0.5544061985954019,-0.01792139962741172,0.5037594564512518,71.28,-0.36,1.0,-0.08148442030091729,1.45,0.0,-7.8862715,-93.390274,0.0,0.0,0.5
0.5551208449265161,-0.018851001964925288,0.5037788655757681,71.64,-0.36,1.0,0.19318216498304963,1.455,0.0,-7.8862715,-93.390274,0.0,0.0,0.5
0.5543175961053138,-0.016474069856863754,0.5037796297321324,72.0,-0.36,1.0,0.05584887234106617,1.46,0.0,-7.6332355,25.83784,0.0,0.6,0.5
0.5523836037117508,-0.019268170631884022,0.5040071577433939,72.17999999999999,-0.36,1.0,0.0863673818170625,1.465,0.0,-7.6332355,25.83784,0.0,0.6,0.5
0.5525128864406725,-0.005683345156959571,0.5039367979379378,72.17999999999999,-0.36,1.0,-0.14252143925290994,1.47,0.0,-7.6332355,25.83784,0.0,0.6,0.5
0.5507114494149112,-0.009215254953793394,0.5040365396678842,72.17999999999999,-0.36,1.0,0.11688589129305882,1.475,0.0,-7.6332355,25.83784,0.0,0.6,0.5
0.5473124242093604,-0.01632854988002576,0.5043212998358183,72.17999999999999,-0.36,1.0,0.010071108127071682,1.48,0.0,-7.8266125,92.5776,0.0,0.6,0.5
0.5386726767217072,-0.014223869787686165,0.5046943293029724,72.0,-0.36,1.0,0.2542191839350423,1.485,0.0,-7.8266125,92.5776,0.0,0.6,0.5
0.5161607280900233,-0.005499131227203878,0.5047945305012009,71.64,-0.36,1.0,-0.08148442030091729,1.49,0.0,-7.8266125,92.5776,0.0,0.6,0.5
0.4856804027535358,-0.0015274546049375488,0.5044024317885996,71.46,-0.36,1.0,0.11688589129305882,1.495,0.0,-7.8266125,92.5776,0.0,0.6,0.5
0.4506381303178734,-0.008495935820339444,0.5041773255660403,70.92,-0.36,1.0,-0.020447401348924643,1.5,0.0,-8.152129,95.529205,0.0,0.6,0.5
0.4156059167829248,-0.014606434398205822,0.5040814993668747,70.56,-0.36,1.0,0.025330362865069844,1.5050000000000001,0.0,-8.152129,95.529205,0.0,0.6,0.5
0.38166206960753984,-0.0038906244735236453,0.5030075285596809,70.02,-0.36,1.0,0.19318216498304963,1.51,0.0,-8.152129,95.529205,0.0,0.6,0.5
0.3486504240350633,-0.00020531858449879766,0.5030432316651865,69.3,-0.36,1.0,0.025330362865069844,1.5150000000000001,0.0,-8.152129,95.529205,0.0,0.6,0.5
0.31712225826619217,-0.006124302400423226,0.5026935934499477,68.75999999999999,-0.36,1.0,-0.06622516556291913,1.52,0.0,-8.192428,96.55715,0.0,0.6,0.5
0.28796491104363675,-0.0009050350396271744,0.5023317101522092,67.86,-0.36,1.0,0.1626636555070533,1.5250000000000001,0.0,-8.192428,96.55715,0.0,0.6,0.5
0.2594657385435383,-0.0056424089981805675,0.5022315451982391,67.14,-0.36,1.0,-0.06622516556291913,1.53,0.0,-8.192428,96.55715,0.0,0.6,0.5
0.2326399523805655,0.0024660229105728207,0.5023466854244105,66.06,-0.36,1.0,0.3305154576250331,1.5350000000000001,0.0,-8.192428,96.55715,0.0,0.6,0.5
0.20778166352191182,0.005074777625170635,0.5020528936689418,65.16,-0.36,1.0,0.04058961760306801,1.54,0.004242803553118972,-8.188373,94.48943,0.0,0.6,0.5
0.18520690429559894,0.016255478925405964,0.5018041424864462,64.08,-0.36,1.0,0.11688589129305882,1.545,0.004242803553118972,-8.188373,94.48943,0.0,0.6,0.5
0.164895588292245,0.0220946153659466,0.501556431875013,63.0,-0.36,1.0,-0.08148442030091729,1.55,0.004242803553118972,-8.188373,94.48943,0.0,0.6,0.5
0.1472553110007277,0.05525994123016616,0.501117569604243,61.739999999999995,-0.36,1.0,0.19318216498304963,1.555,0.004242803553118972,-8.188373,94.48943,0.0,0.6,0.5
0.1304245416523003,0.0798416958632962,0.5007975032474348,60.48,-0.36,1.0,-0.18829920346690443,1.56,0.05102050782407131,-8.231672,78.25287,0.0,0.6,0.5
0.1133215596788825,0.09891657956858246,0.5008493524745228,59.22,-0.36,1.0,0.05584887234106617,1.565,0.05102050782407131,-8.231672,78.25287,0.0,0.6,0.5
0.08982971301420103,0.11381269683806093,0.5007308264947424,57.78,-0.36,1.0,-0.24933622241889708,1.57,0.05102050782407131,-8.231672,78.25287,0.0,0.6,0.5
0.08205674443310455,0.12231413055253731,0.5003575779491671,56.339999999999996,-0.36,1.0,0.025330362865069844,1.575,0.05102050782407131,-8.231672,78.25287,0.0,0.6,0.5
0.06986858867440712,0.15005005449743924,0.5003615779638163,54.72,-0.36,1.0,-0.06622516556291913,1.58,0.32351033668715207,-7.952281,-105.65825,0.0,0.0,0.5
0.07062117732132123,0.17815582493789117,0.4999747823959207,53.1,-0.36,1.0,0.11688589129305882,1.585,0.32351033668715207,-7.952281,-105.65825,0.0,0.0,0.5
0.06791138930378837,0.19181439107715817,0.500096592532824,51.48,-0.36,1.0,0.04058961760306801,1.59,0.32351033668715207,-7.952281,-105.65825,0.0,0.0,0.5
0.056857413015500124,0.20606269849804926,0.4997967574514566,49.68,-0.36,1.0,0.26947843867304044,1.595,0.32351033668715207,-7.952281,-105.65825,0.0,0.0,0.5
0.05045580060128064,0.21848032214578447,0.4998021558764976,47.879999999999995,-0.36,1.0,-0.020447401348924643,1.6,1.081640842859819,4.029028,-105.40437,0.6,0.0,0.5
0.04515938203238765,0.2438717115605262,0.5000374444866924,45.9,-0.36,1.0,0.31525620288703493,1.605,1.081640842859819,4.029028,-105.40437,0.6,0.0,0.5
0.0386779637068823,0.25426254768937784,0.5002707532079417,43.92,-0.36,1.0,-0.18829920346690443,1.61,1.081640842859819,4.029028,-105.40437,0.6,0.0,0.5
0.040161718589197544,0.26476144931859474,0.5002916696427077,41.94,-0.36,1.0,0.2847376934110386,1.615,1.081640842859819,4.029028,-105.40437,0.6,0.0,0.5
0.023974226865547503,0.2840738482044748,0.501200230189396,39.78,-0.36,1.0,0.010071108127071682,1.62,1.906907056029259,5.6939735,-106.602066,0.6,0.0,0.5
0.026035501227330515,0.296472505616708,0.5020358334402077,37.62,-0.36,1.0,0.22370067445904596,1.625,1.906907056029259,5.6939735,-106.602066,0.6,0.0,0.5
0.02162904485073628,0.30744212938810495,0.5025238622868572,35.28,-0.36,1.0,0.07110812707906433,1.6300000000000001,1.906907056029259,5.6939735,-106.602066,0.6,0.0,0.5
0.018337538932932242,0.3270220995429461,0.5031762860066639,32.94,-0.36,1.0,0.34577471236303126,1.635,1.906907056029259,5.6939735,-106.602066,0.6,0.0,0.5
0.019958753576915945,0.3439420993320566,0.5038339202527105,30.419999999999998,-0.36,1.0,-0.1577806939909081,1.6400000000000001,1.7726684091291791,5.9743085,-103.25264,0.6,0.0,0.5
0.011813209605480423,0.35012145029989566,0.5042813564737373,28.08,-0.36,1.0,0.34577471236303126,1.645,1.7726684091291791,5.9743085,-103.25264,0.6,0.0,0.5
0.009181516692996541,0.3603085364711938,0.504737264342202,25.38,-0.36,1.0,-0.14252143925290994,1.6500000000000001,1.7726684091291791,5.9743085,-103.25264,0.6,0.0,0.5
-0.0047660749753099235,0.36603965882426154,0.5051802610316628,22.86,-0.36,1.0,0.025330362865069844,1.655,1.7726684091291791,5.9743085,-103.25264,0.6,0.0,0.5
0.008195571665639202,0.3856884972211415,0.5054794350319813,20.16,-0.36,1.0,0.10162663655506066,1.6600000000000001,0.8689144431933976,5.8931427,-88.870735,0.6,0.0,0.5
-0.001829743208150375,0.38564314171657377,0.5056322997685537,17.28,-0.36,1.0,0.17792291024505147,1.665,0.8689144431933976,5.8931427,-88.870735,0.6,0.0,0.5
-0.013749698965720338,0.38690917339866276,0.5053227296668036,14.399999999999999,-0.36,1.0,-0.31037324137088973,1.67,0.8689144431933976,5.8931427,-88.870735,0.6,0.0,0.5
-0.025440990114288804,0.37454897633040496,0.5053081694786841,11.52,-0.36,1.0,0.11688589129305882,1.675,0.8689144431933976,5.8931427,-88.870735,0.6,0.0,0.5
-0.016083459679753997,0.37128213670972254,0.5052195103384047,8.459999999999999,-0.36,1.0,0.05584887234106617,1.68,0.22458361014154893,6.1077604,-65.782776,0.6,0.0,0.5
-0.003267669989839296,0.3697323167141899,0.5045267331850093,5.58,-0.54,1.0,19.114658040101325,1.685,0.22458361014154893,6.1077604,-65.782776,0.6,0.0,0.5
0.01804543944326544,0.35289177820884565,0.5046572033771681,2.88,5.04,1.0,3.8554033021027205,1.69,0.22458361014154893,6.1077604,-65.782776,0.6,0.0,0.5
0.02431544744432171,0.3413212505531533,0.506936575572097,1.26,7.38,1.0,1.078218939787,1.695,0.22458361014154893,6.1077604,-65.782776,0.6,0.0,0.5
0.04035123384415153,0.31604737752710416,0.5079736480398878,0.72,6.84,1.0,11.408734397412033,1.7,0.03060769555590969,1.1433898,-78.00894,0.6,0.0,0.5
0.05475952921780956,0.2889527235611922,0.5091277401342198,1.08,7.199999999999999,1.0,0.46784875026701656,1.705,0.03060769555590969,1.1433898,-78.00894,0.6,0.0,0.5
0.0654041324680679,0.259551490222968,0.5102324636347816,2.52,4.859999999999999,1.0,3.0008850367748234,1.71,0.03060769555590969,1.1433898,-78.00894,0.6,0.0,0.5
0.09039065456694545,0.23351429466791293,0.507631379845269,4.32,2.52,1.0,1.6275521103549337,1.715,0.03060769555590969,1.1433898,-78.00894,0.6,0.0,0.5
0.1202270835175153,0.21204251092300255,0.5056381200731689,6.66,-0.54,1.0,0.8493301187170275,1.72,0.0021995545577101075,1.9347875,-45.695892,0.6,0.0,0.5
0.13949112833122418,0.1878521684836093,0.50405308840161,7.38,0.0,1.0,-0.31037324137088973,1.725,0.0021995545577101075,1.9347875,-45.695892,0.6,0.0,0.5
0.15472819686087336,0.17240727905382663,0.501957712830443,9.0,0.36,1.0,-0.06622516556291913,1.73,0.0021995545577101075,1.9347875,-45.695892,0.6,0.0,0.5
0.17225244315267632,0.1453671718188948,0.5009167904364243,10.62,-0.36,1.0,-0.06622516556291913,1.735,0.0021995545577101075,1.9347875,-45.695892,0.6,0.0,0.5
0.19071553203731664,0.13908800953099895,0.5007574227407842,11.7,-0.36,1.0,-0.05096591082492097,1.74,0.0,5.3601117,-70.352554,0.6,0.0,0.5
0.20440806293643404,0.12218979988507922,0.4999545070165,13.32,-0.36,1.0,0.4983672597430129,1.745,0.0,5.3601117,-70.352554,0.6,0.0,0.5
0.22206229537551922,0.10282177154231326,0.4993633525377387,14.76,-0.36,1.0,-0.3561510055848842,1.75,0.0,5.3601117,-70.352554,0.6,0.0,0.5
0.24078331062288424,0.09989916316352124,0.4996398135146025,16.2,-0.36,1.0,-0.005188146610926481,1.7550000000000001,0.0,5.3601117,-70.352554,0.6,0.0,0.5
0.2548956880250992,0.08438568576050798,0.4997085054589214,17.82,-0.36,1.0,0.26947843867304044,1.76,0.0,3.5268462,-38.282574,0.6,0.0,0.5
0.27026065034792734,0.08089896134100151,0.4994437373074423,19.439999999999998,-0.36,1.0,0.3305154576250331,1.7650000000000001,0.0,3.5268462,-38.282574,0.6,0.0,0.5
0.2886958104870293,0.059155361478445335,0.4991344668736539,21.06,-0.36,1.0,-0.18829920346690443,1.77,0.0,3.5268462,-38.282574,0.6,0.0,0.5
0.3022190969716391,0.04702004444625313,0.4992121495869681,22.86,-0.36,1.0,-0.020447401348924643,1.7750000000000001,0.0,3.5268462,-38.282574,0.6,0.0,0.5
0.3157910136637731,0.049007163402165085,0.4988924628791848,24.66,-0.36,1.0,-0.020447401348924643,1.78,0.0,4.3403063,-61.64155,0.6,0.0,0.5
0.33144216100699536,0.03536262290937907,0.49866823848561026,26.459999999999997,-0.36,1.0,0.29999694814903677,1.7850000000000001,0.0,4.3403063,-61.64155,0.6,0.0,0.5
0.34455325578858387,0.009985239785028998,0.49825853131302034,28.439999999999998,-0.36,1.0,0.05584887234106617,1.79,0.0,4.3403063,-61.64155,0.6,0.0,0.5
0.35582612613700865,0.00983677485011639,0.49785335218786325,30.599999999999998,-0.36,1.0,-0.020447401348924643,1.795,0.0,4.3403063,-61.64155,0.6,0.0,0.5
0.36904298149413484,0.011415064393379396,0.49792447349650837,32.76,-0.36,1.0,-0.05096591082492097,1.8,0.0,5.0535107,-69.63508,0.6,0.0,0.5
0.3813688065705853,0.014885130181898815,0.4969521224037827,34.92,-0.36,1.0,0.0863673818170625,1.805,0.0,5.0535107,-69.63508,0.6,0.0,0.5
0.3902818786985577,0.02154792325861975,0.4972687170394072,37.08,-0.36,1.0,-0.2035584582049026,1.81,0.0,5.0535107,-69.63508,0.6,0.0,0.5
0.4006734133546767,0.014847420426882418,0.496914171566239,39.42,-0.36,1.0,0.05584887234106617,1.815,0.0,5.0535107,-69.63508,0.6,0.0,0.5
0.4097857397867376,0.0020825417640806254,0.49673438005288,41.76,-0.36,1.0,-0.05096591082492097,1.82,0.0,6.990035,-85.1231,0.6,0.0,0.5
0.41737469758213264,-0.0021583774661435733,0.4961693897721789,44.28,-0.36,1.0,0.11688589129305882,1.825,0.0,6.990035,-85.1231,0.6,0.0,0.5
0.42519818771746526,-0.0026204609563651635,0.49622347122793437,46.62,-0.36,1.0,0.04058961760306801,1.83,0.0,6.990035,-85.1231,0.6,0.0,0.5
0.4316797826261734,0.0031843415256692766,0.4964604199778503,49.14,-0.36,1.0,0.07110812707906433,1.835,0.0,6.990035,-85.1231,0.6,0.0,0.5
0.43765290864950285,0.0029766491537657792,0.4962965935129637,51.66,-0.36,1.0,-0.06622516556291913,1.84,0.0,7.8874,-86.54219,0.6,0.0,0.5
0.4442685529421081,-0.0023559676156671254,0.4959379328050232,54.0,-0.36,1.0,0.07110812707906433,1.845,0.0,7.8874,-86.54219,0.6,0.0,0.5
0.449369870164198,-0.009978279492307354,0.4966064971383026,56.519999999999996,-0.36,1.0,-0.14252143925290994,1.85,0.0,7.8874,-86.54219,0.6,0.0,0.5
0.45474960355809024,-0.001851059440676235,0.496564924042973,58.86,-0.36,1.0,0.17792291024505147,1.855,0.0,7.8874,-86.54219,0.6,0.0,0.5
0.45967674163341726,-0.008983523055646076,0.4971370742061492,61.019999999999996,-0.36,1.0,-0.24933622241889708,1.86,0.0,6.799152,-82.849045,0.6,0.0,0.5
0.4651785545533283,-0.012917882607438964,0.49731584695128506,63.18,-0.36,1.0,-0.1577806939909081,1.865,0.0,6.799152,-82.849045,0.6,0.0,0.5
0.46925338210853634,-0.011741471690172983,0.49791857987780624,65.34,-0.36,1.0,-0.005188146610926481,1.87,0.0,6.799152,-82.849045,0.6,0.0,0.5
0.47311725202932214,-0.016660542322087097,0.498855460878855,67.32,-0.36,1.0,0.025330362865069844,1.875,0.0,6.799152,-82.849045,0.6,0.0,0.5
0.4778661836922233,-0.01365267572842334,0.4995591405706573,69.3,-0.36,1.0,-0.06622516556291913,1.8800000000000001,0.0,7.4652853,-90.99495,0.6,0.0,0.5
0.4821685423726167,-0.008888758068805678,0.4998648996243903,71.1,-0.36,1.0,-0.06622516556291913,1.885,0.0,7.4652853,-90.99495,0.6,0.0,0.5
0.4855593259719403,-0.011386479260121167,0.5006343423653936,72.72,-0.36,1.0,0.10162663655506066,1.8900000000000001,0.0,7.4652853,-90.99495,0.6,0.0,0.5
0.4895747696348471,-0.02178185792919613,0.50126912977088,74.16,-0.36,1.0,0.04058961760306801,1.895,0.0,7.4652853,-90.99495,0.6,0.0,0.5
0.4931929550456958,-0.024677045966366103,0.5016858688253817,75.42,-0.36,1.0,0.1626636555070533,1.9000000000000001,0.0,7.490179,-86.880936,0.6,0.0,0.5
0.4964869687170928,-0.019934329032596534,0.5021566148919955,76.5,-0.36,1.0,-0.035706656086922806,1.905,0.0,7.490179,-86.880936,0.6,0.0,0.5
0.5002420021728934,-0.017359832873032464,0.5025749815619384,77.22,-0.36,1.0,0.26947843867304044,1.9100000000000001,0.0,7.490179,-86.880936,0.6,0.0,0.5
0.5035565423234742,-0.006733951348561787,0.5028874843367361,77.75999999999999,-0.36,1.0,0.025330362865069844,1.915,0.0,7.490179,-86.880936,0.6,0.0,0.5
0.5069369269967885,0.0033798965989351682,0.5027778377947972,78.11999999999999,-0.36,1.0,0.025330362865069844,1.92,0.0,7.3218822,-70.76529,0.6,0.0,0.5
0.5095499748189888,-0.006473184089449092,0.5035837124391752,78.11999999999999,-0.36,1.0,0.10162663655506066,1.925,0.0,7.3218822,-70.76529,0.6,0.0,0.5
0.5117783991503507,-0.01539789499948415,0.5044754384050851,77.94,-0.36,1.0,-0.05096591082492097,1.93,0.0,7.3218822,-70.76529,0.6,0.0,0.5
0.5137477062105336,-0.007906435148132135,0.5051630116155787,77.58,-0.36,1.0,0.22370067445904596,1.935,0.0,7.3218822,-70.76529,0.6,0.0,0.5
0.5169681950157211,-0.009836330960202684,0.5050043495249891,77.03999999999999,-0.36,1.0,0.0863673818170625,1.94,0.0,-7.3299456,-78.34349,0.0,0.0,0.5
0.5196992423823316,-0.004254093641034218,0.5049609693840624,76.5,-0.36,1.0,0.010071108127071682,1.945,0.0,-7.3299456,-78.34349,0.0,0.0,0.5
0.5215840427723172,-0.006917875101242363,0.505243527464447,75.78,-0.36,1.0,-0.035706656086922806,1.95,0.0,-7.3299456,-78.34349,0.0,0.0,0.5
0.523825553197991,-0.008711878342771921,0.5051801282905917,75.06,-0.36,1.0,-0.035706656086922806,1.955,0.0,-7.3299456,-78.34349,0.0,0.0,0.5
0.5261137656330626,-0.009422532375732914,0.5048359448329394,74.34,-0.36,1.0,0.04058961760306801,1.96,0.0,-6.519937,-65.505875,0.0,0.0,0.5
0.5279691788444415,-0.007459907648177181,0.5046978023978171,73.61999999999999,-0.36,1.0,-0.34089175084688605,1.965,0.0,-6.519937,-65.505875,0.0,0.0,0.5
0.5291020952472395,-0.014419219974810972,0.5047715653067583,72.89999999999999,-0.36,1.0,-0.17303994872890627,1.97,0.0,-6.519937,-65.505875,0.0,0.0,0.5
0.5315084676724767,-0.007720015802004508,0.5044000828083518,72.17999999999999,-0.36,1.0,0.2542191839350423,1.975,0.0,-6.519937,-65.505875,0.0,0.0,0.5
0.5337120247087831,-0.006048531475388033,0.5037995171171148,71.64,-0.36,1.0,0.0863673818170625,1.98,0.0,-7.6606855,-87.93147,0.0,0.0,0.5
0.5349646466286497,0.00025968587612527303,0.5038031824870465,70.92,-0.36,1.0,0.010071108127071682,1.985,0.0,-7.6606855,-87.93147,0.0,0.0,0.5
0.5365638474321741,-0.009759657217229269,0.503517429129239,70.38,-0.36,1.0,0.19318216498304963,1.99,0.0,-7.6606855,-87.93147,0.0,0.0,0.5
0.5380399498830056,-0.008481690659472602,0.5033257416580104,70.02,-0.36,1.0,0.14740440076905514,1.995,0.0,-7.6606855,-87.93147,0.0,0.0,0.5
0.5387863683822208,-0.011320880373800312,0.5034969220684964,69.48,-0.36,1.0,0.2084414197210478,2.0,0.0,-6.8243837,-50.296688,0.0,0.0,0.5
0.5404178502816065,-0.013263969636635566,0.5030851037410542,69.3,-0.36,1.0,-0.17303994872890627,2.005,0.0,-6.8243837,-50.296688,0.0,0.0,0.5
0.5420112565305872,-0.0015782196252619213,0.5027510915563903,69.12,-0.36,1.0,0.010071108127071682,2.0100000000000002,0.0,-6.8243837,-50.296688,0.0,0.0,0.5
0.5426855525470204,0.003718133781610457,0.5024045229531237,68.94,-0.36,1.0,0.010071108127071682,2.015,0.0,-6.8243837,-50.296688,0.0,0.0,0.5
0.5414245116933806,0.004843408401773493,0.5022043493831818,68.94,-0.36,1.0,0.07110812707906433,2.02,0.0,-8.346553,92.13159,0.0,0.6,0.5
0.540825569703214,-0.006788778018388707,0.50166119161778,68.94,-0.36,1.0,-0.21881771294290076,2.025,0.0,-8.346553,92.13159,0.0,0.6,0.5
0.5395856147026362,-0.01722897493422072,0.501775811978414,69.12,-0.36,1.0,0.07110812707906433,2.0300000000000002,0.0,-8.346553,92.13159,0.0,0.6,0.5
0.5369557492662517,-0.022278480415591558,0.5016332460396827,69.12,-0.36,1.0,-0.18829920346690443,2.035,0.0,-8.346553,92.13159,0.0,0.6,0.5
0.5319464227451408,-0.006907875545000994,0.5017215399237132,69.3,-0.36,1.0,0.19318216498304963,2.04,0.0,-5.479274,70.64151,0.0,0.6,0.5
0.5149149899272385,-0.016351077009961534,0.5017329412358084,69.3,-0.36,1.0,0.07110812707906433,2.045,0.0,-5.479274,70.64151,0.0,0.6,0.5
0.4866253634834058,-0.011691863290511206,0.502150857104385,69.3,-0.36,1.0,0.07110812707906433,2.05,0.0,-5.479274,70.64151,0.0,0.6,0.5
0.4530735433489067,-0.023445878868650884,0.5027880776632667,69.3,-0.36,1.0,0.04058961760306801,2.055,0.0,-5.479274,70.64151,0.0,0.6,0.5
0.41974482248263634,-0.017876111397133555,0.5023372953724302,69.12,-0.36,1.0,-0.035706656086922806,2.06,0.0,-7.7000766,82.613976,0.0,0.6,0.5
0.3852558841823605,-0.019246612237131297,0.502666427583347,68.94,-0.36,1.0,-0.05096591082492097,2.065,0.0,-7.7000766,82.613976,0.0,0.6,0.5
0.35250887170369405,-0.014305432944940424,0.5029754997545051,68.58,-0.36,1.0,0.0863673818170625,2.07,0.0,-7.7000766,82.613976,0.0,0.6,0.5
0.32147187696448815,-0.005990973072618444,0.502952196108499,68.22,-0.36,1.0,0.14740440076905514,2.075,0.0,-7.7000766,82.613976,0.0,0.6,0.5
0.29130091893913385,-0.0018896801416295383,0.5029641099976282,67.86,-0.36,1.0,0.0863673818170625,2.08,0.0009899937912472025,-8.098954,93.87244,0.0,0.6,0.5
0.2624423464141272,-0.004774114380674577,0.5034773441022575,67.32,-0.36,1.0,-0.005188146610926481,2.085,0.0009899937912472025,-8.098954,93.87244,0.0,0.6,0.5
0.23597437887265646,-0.015631109175594907,0.5030976405628521,66.78,-0.36,1.0,0.10162663655506066,2.09,0.0009899937912472025,-8.098954,93.87244,0.0,0.6,0.5
0.21057866544995063,-0.02268376491598551,0.5034667107700075,66.24,-0.36,1.0,-0.08148442030091729,2.095,0.0009899937912472025,-8.098954,93.87244,0.0,0.6,0.5
0.1869395211623043,-0.030456645097948824,0.5034875339024408,65.52,-0.36,1.0,0.2542191839350423,2.1,0.016300006816335092,-7.670511,83.96663,0.0,0.6,0.5
0.16679007470100857,-0.02337817329238292,0.5031085832253918,64.8,-0.36,1.0,-0.05096591082492097,2.105,0.016300006816335092,-7.670511,83.96663,0.0,0.6,0.5
0.14695169632387997,9.413556333252529e-05,0.5034177148303535,63.9,-0.36,1.0,0.29999694814903677,2.11,0.016300006816335092,-7.670511,83.96663,0.0,0.6,0.5
0.1297186068815176,0.014114537416510406,0.5030173000652349,63.0,-0.36,1.0,-0.020447401348924643,2.115,0.016300006816335092,-7.670511,83.96663,0.0,0.6,0.5
0.11180709346278488,0.022548431231241794,0.5031451158722821,62.099999999999994,-0.36,1.0,0.2084414197210478,2.12,0.1415124443745325,-6.8900137,14.058516,0.0,0.6,0.5
0.10489144495277337,0.04934767340646184,0.5032224369609714,61.019999999999996,-0.36,1.0,-0.14252143925290994,2.125,0.1415124443745325,-6.8900137,14.058516,0.0,0.6,0.5
0.08871772920930987,0.08286254087697183,0.5031746984960821,59.94,-0.36,1.0,0.2542191839350423,2.13,0.1415124443745325,-6.8900137,14.058516,0.0,0.6,0.5
0.08236185127564405,0.07724247693563564,0.5031850962503682,58.68,-0.36,1.0,-0.035706656086922806,2.1350000000000002,0.1415124443745325,-6.8900137,14.058516,0.0,0.6,0.5
0.06670637473752539,0.09808509864226025,0.5031610860218227,57.599999999999994,-0.36,1.0,0.2847376934110386,2.14,0.6478179999704305,6.1731544,-87.48638,0.6,0.0,0.5
0.05797196873431053,0.11296158275776813,0.5036291037235405,56.16,-0.36,1.0,-0.035706656086922806,2.145,0.6478179999704305,6.1731544,-87.48638,0.6,0.0,0.5
0.04030087802636441,0.14363560249584412,0.5035562813922818,54.9,-0.36,1.0,-0.05096591082492097,2.15,0.6478179999704305,6.1731544,-87.48638,0.6,0.0,0.5
0.03810135517494652,0.16086902876780307,0.5036639107411176,53.28,-0.36,1.0,-0.29511398663289157,2.1550000000000002,0.6478179999704305,6.1731544,-87.48638,0.6,0.0,0.5
0.0420282410150996,0.17126382543420446,0.5036298246390569,51.839999999999996,-0.36,1.0,0.05584887234106617,2.16,1.563734150241175,8.090352,-111.81616,0.6,0.0,0.5
0.033729517840039705,0.1926147559583679,0.503930425308287,50.22,-0.36,1.0,-0.18829920346690443,2.165,1.563734150241175,8.090352,-111.81616,0.6,0.0,0.5
0.027819735661870966,0.20556664999191215,0.5039039801912228,48.6,-0.36,1.0,-0.05096591082492097,2.17,1.563734150241175,8.090352,-111.81616,0.6,0.0,0.5
0.011176520606757437,0.23621017421961368,0.5039426852720267,46.8,-0.36,1.0,-0.23407696768089892,2.1750000000000003,1.563734150241175,8.090352,-111.81616,0.6,0.0,0.5
0.005356301331846347,0.25033779526070277,0.5037823040524458,45.0,-0.36,1.0,0.22370067445904596,2.18,1.9903266686081236,7.565407,-95.965866,0.6,0.0,0.5
0.010505342678627082,0.24868912398433402,0.5036793742818662,43.019999999999996,-0.36,1.0,0.010071108127071682,2.185,1.9903266686081236,7.565407,-95.965866,0.6,0.0,0.5
0.013424819391185653,0.2737463047547348,0.503779448426569,41.04,-0.36,1.0,-0.06622516556291913,2.19,1.9903266686081236,7.565407,-95.965866,0.6,0.0,0.5
0.015333264496066246,0.2909104252965582,0.5038614674755556,39.059999999999995,-0.36,1.0,-0.18829920346690443,2.195,1.9903266686081236,7.565407,-95.965866,0.6,0.0,0.5
0.006193705302781173,0.3095378434153953,0.5037894286135608,36.9,-0.36,1.0,0.04058961760306801,2.2,1.335787377240975,6.347951,-70.26436,0.6,0.0,0.5
-0.0028808596711146738,0.31582181733011494,0.5038073521309898,34.74,-0.36,1.0,-0.005188146610926481,2.205,1.335787377240975,6.347951,-70.26436,0.6,0.0,0.5
-0.008367549763809582,0.31831363710740407,0.5039775666674243,32.4,-0.36,1.0,0.2542191839350423,2.21,1.335787377240975,6.347951,-70.26436,0.6,0.0,0.5
-0.01858434849976707,0.33322877471029017,0.503856268122172,30.06,-0.36,1.0,0.025330362865069844,2.215,1.335787377240975,6.347951,-70.26436,0.6,0.0,0.5
-0.017432533632690646,0.3402321811886283,0.5038448662448604,27.72,-0.36,1.0,0.26947843867304044,2.22,0.472717673729457,5.065421,-61.696995,0.6,0.0,0.5
-0.0066785085826129124,0.34212409107810565,0.5040922100602299,25.2,-0.36,1.0,-0.23407696768089892,2.225,0.472717673729457,5.065421,-61.696995,0.6,0.0,0.5
0.016715916500531693,0.34016466943069146,0.5042317362005906,22.5,-0.36,1.0,0.5441450239570074,2.23,0.472717673729457,5.065421,-61.696995,0.6,0.0,0.5
0.03630632198973511,0.3490446748348433,0.5040622679399105,19.98,-0.36,1.0,-0.2035584582049026,2.235,0.472717673729457,5.065421,-61.696995,0.6,0.0,0.5
0.045186786086306524,0.3476251634890715,0.5042344023682308,17.28,-0.36,1.0,0.010071108127071682,2.24,0.08821001094292194,4.1607165,-60.77041,0.6,0.0,0.5
0.059405473997398386,0.3331580460504801,0.504096800749549,14.58,-0.36,1.0,-0.05096591082492097,2.245,0.08821001094292194,4.1607165,-60.77041,0.6,0.0,0.5
0.0711092088049103,0.3078105115348615,0.5039433560726053,11.7,-0.36,1.0,0.31525620288703493,2.25,0.08821001094292194,4.1607165,-60.77041,0.6,0.0,0.5
0.09269413166799516,0.2860540745050957,0.5036323407980303,8.82,-0.36,1.0,0.05584887234106617,2.255,0.08821001094292194,4.1607165,-60.77041,0.6,0.0,0.5
0.11635239021013602,0.2594320740404388,0.5034152891688133,6.12,-0.36,1.0,0.7882930997650348,2.2600000000000002,0.008679314862449217,3.134902,-32.76689,0.6,0.0,0.5
0.13707526218471228,0.25169756795331716,0.5033335570274073,3.78,3.5999999999999996,1.0,4.313180944242665,2.265,0.008679314862449217,3.134902,-32.76689,0.6,0.0,0.5
0.14316333836026063,0.21432790320282652,0.5059074934160586,2.34,5.76,1.0,0.8340708639790293,2.27,0.008679314862449217,3.134902,-32.76689,0.6,0.0,0.5
0.16218541054941965,0.19405067791936467,0.5065673815393772,2.52,4.68,1.0,8.051698355052327,2.275,0.008679314862449217,3.134902,-32.76689,0.6,0.0,0.5
0.18399310644518063,0.16668180424184434,0.5071950504438306,3.42,4.14,1.0,0.6204412976469982,2.2800000000000002,0.0,-1.7047515,-9.403347,0.0,0.0,0.5
0.19867569413382072,0.13804405966895297,0.5074891498630829,5.3999999999999995,1.26,1.0,0.025330362865069844,2.285,0.0,-1.7047515,-9.403347,0.0,0.0,0.5
0.212797264863523,0.12655190647072903,0.5043293796020262,7.199999999999999,-0.72,1.0,0.3610339671010294,2.29,0.0,-1.7047515,-9.403347,0.0,0.0,0.5
0.2331217864345566,0.12020279112518792,0.5036592896914718,8.459999999999999,0.18,1.0,-0.46296578875087135,2.295,0.0,-1.7047515,-9.403347,0.0,0.0,0.5
0.25021658303085265,0.1036887754018146,0.502836791685912,10.26,0.0,1.0,-0.1577806939909081,2.3000000000000003,0.0,0.30940574,-82.55675,0.3928217232227325,0.0,0.5
0.26379774591393096,0.09729792712087174,0.5011027773344126,12.059999999999999,-0.54,1.0,-0.38666951506088054,2.305,0.0,0.30940574,-82.55675,0.3928217232227325,0.0,0.5
0.28100486269955216,0.1019873707229613,0.5010683478623693,14.219999999999999,-0.54,1.0,0.4068117313150239,2.31,0.0,0.30940574,-82.55675,0.3928217232227325,0.0,0.5
0.29642058891841333,0.08614974909235647,0.5017489240031541,16.2,-0.36,1.0,0.2084414197210478,2.315,0.0,0.30940574,-82.55675,0.3928217232227325,0.0,0.5
0.30864180391757146,0.07893045356750458,0.5004538546002126,18.54,-0.36,1.0,-0.020447401348924643,2.32,0.0,-7.440177,-98.29463,0.0,0.0,0.5
0.32355749202933326,0.06798513406633779,0.5010995610579716,20.88,-0.36,1.0,-0.31037324137088973,2.325,0.0,-7.440177,-98.29463,0.0,0.0,0.5
0.33795624295691074,0.058886557638679005,0.5009354968109833,23.4,-0.36,1.0,-0.11200292977691362,2.33,0.0,-7.440177,-98.29463,0.0,0.0,0.5
0.34907371306912804,0.04378948094745391,0.4998874321067232,26.099999999999998,-0.54,1.0,-0.2035584582049026,2.335,0.0,-7.440177,-98.29463,0.0,0.0,0.5
0.3605345051672359,0.030728903716024075,0.5000993810222245,28.98,-0.36,1.0,0.22370067445904596,2.34,0.0,-7.6845765,81.34065,0.0,0.6,0.5
0.37305798518035965,0.017622235435386137,0.49992337121916497,31.86,-0.36,1.0,-0.06622516556291913,2.345,0.0,-7.6845765,81.34065,0.0,0.6,0.5
0.38233586163912037,0.005152853246804339,0.49966194155574095,34.74,-0.36,1.0,0.010071108127071682,2.35,0.0,-7.6845765,81.34065,0.0,0.6,0.5
0.39219349855987806,0.006154321598412693,0.4995667110103365,37.62,-0.36,1.0,0.10162663655506066,2.355,0.0,-7.6845765,81.34065,0.0,0.6,0.5
0.4017048402769182,0.012890569846867636,0.49914248079757984,40.68,-0.36,1.0,0.23895992919704412,2.36,0.0,-7.5777297,87.72429,0.0,0.6,0.5
0.407348176913492,0.015961935165859777,0.4988334731165836,43.739999999999995,-0.36,1.0,0.025330362865069844,2.365,0.0,-7.5777297,87.72429,0.0,0.6,0.5
0.4069424358716002,0.017982279582187347,0.4985700987875976,46.62,-0.36,1.0,-0.08148442030091729,2.37,0.0,-7.5777297,87.72429,0.0,0.6,0.5
0.4043017336292894,0.02948716047898826,0.49837385345510454,49.5,-0.36,1.0,-0.05096591082492097,2.375,0.0,-7.5777297,87.72429,0.0,0.6,0.5
0.4011187285025819,0.006849463268248223,0.49849911912912176,52.379999999999995,-0.36,1.0,0.22370067445904596,2.38,0.0,-8.060456,93.43944,0.0,0.6,0.5
0.39852113952918106,0.009933305930818632,0.49833450575729255,55.26,-0.36,1.0,0.05584887234106617,2.3850000000000002,0.0,-8.060456,93.43944,0.0,0.6,0.5
0.39620871320992973,-1.9754482311678363e-05,0.4982846862451735,57.96,-0.36,1.0,-0.035706656086922806,2.39,0.0,-8.060456,93.43944,0.0,0.6,0.5
0.39514423510349383,-0.012290917349666846,0.49759208814018246,60.48,-0.36,1.0,-0.09674367503891546,2.395,0.0,-8.060456,93.43944,0.0,0.6,0.5
0.3925987595943984,-0.02166818939083418,0.49778069195255115,63.0,-0.36,1.0,0.17792291024505147,2.4,0.0,-8.372182,95.90227,0.0,0.6,0.5
0.3905521165887556,-0.01942266578292947,0.4973937231135203,65.34,-0.36,1.0,0.0863673818170625,2.4050000000000002,0.0,-8.372182,95.90227,0.0,0.6,0.5
0.38864397431579656,-0.013228010908792845,0.497026992872866,67.67999999999999,-0.36,1.0,0.1626636555070533,2.41,0.0,-8.372182,95.90227,0.0,0.6,0.5
0.38365972325392944,-0.009105367349130361,0.4970952563227468,69.66,-0.36,1.0,0.010071108127071682,2.415,0.0,-8.372182,95.90227,0.0,0.6,0.5
0.370339202319184,-0.0002877162745545263,0.49743856059897196,71.64,-0.36,1.0,0.22370067445904596,2.42,0.005138875479942963,-8.068074,92.159355,0.0,0.6,0.5
0.34990623721385744,0.006591219961152828,0.497464799719256,73.44,-0.36,1.0,-0.020447401348924643,2.4250000000000003,0.005138875479942963,-8.068074,92.159355,0.0,0.6,0.5
0.32362657309746573,0.008730369507210714,0.49808405506368547,75.06,-0.36,1.0,0.1626636555070533,2.43,0.005138875479942963,-8.068074,92.159355,0.0,0.6,0.5
0.2965617560028408,0.03571118461372356,0.4986636935775067,76.32,-0.36,1.0,-0.11200292977691362,2.435,0.005138875479942963,-8.068074,92.159355,0.0,0.6,0.5
0.26892305436617575,0.05614062633410461,0.49881579891321154,77.39999999999999,-0.36,1.0,0.10162663655506066,2.44,0.05913393823709849,-2.2349012,3.5206351,0.0,0.6,0.5
0.2418747377413162,0.07067551834697658,0.4994604100507306,78.11999999999999,-0.18,1.0,0.07110812707906433,2.445,0.05913393823709849,-2.2349012,3.5206351,0.0,0.6,0.5
0.215816995171868,0.08205045824507023,0.4998595475647313,78.3,-0.18,1.0,0.025330362865069844,2.45,0.05913393823709849,-2.2349012,3.5206351,0.0,0.6,0.5
0.19202429768228965,0.08040125251764194,0.5002343048341675,78.3,-0.18,1.0,-0.08148442030091729,2.455,0.05913393823709849,-2.2349012,3.5206351,0.0,0.6,0.5
0.16929150021824557,0.10904381214871972,0.5007685877466436,77.94,-0.18,1.0,-0.11200292977691362,2.46,0.358803808248938,0.42608505,-123.60071,0.427825516462326,0.0,0.5
0.15024709630915822,0.12442326627673878,0.5013809063534598,77.22,-0.36,1.0,0.04058961760306801,2.465,0.358803808248938,0.42608505,-123.60071,0.427825516462326,0.0,0.5
0.13046303128592868,0.1419225578876438,0.5018461213294813,76.14,-0.36,1.0,0.025330362865069844,2.47,0.358803808248938,0.42608505,-123.60071,0.427825516462326,0.0,0.5
0.1121217304293273,0.16293183767211586,0.5025654579148553,74.7,-0.36,1.0,0.010071108127071682,2.475,0.358803808248938,0.42608505,-123.60071,0.427825516462326,0.0,0.5
0.10468324174077456,0.18311153456644066,0.502888293257205,72.89999999999999,-0.36,1.0,0.0863673818170625,2.48,1.1479654462147066,0.5075216,-129.44661,0.4522564888000488,0.0,0.5
0.0897090150237744,0.2032898098856102,0.50368123836449,70.92,-0.36,1.0,-0.020447401348924643,2.485,1.1479654462147066,0.5075216,-129.44661,0.4522564888000488,0.0,0.5
0.07246668323045315,0.22046147625464982,0.5043657873456839,68.75999999999999,-0.36,1.0,0.04058961760306801,2.49,1.1479654462147066,0.5075216,-129.44661,0.4522564888000488,0.0,0.5
0.07099500786766698,0.24504382390885945,0.504413175105243,66.24,-0.36,1.0,-0.08148442030091729,2.495,1.1479654462147066,0.5075216,-129.44661,0.4522564888000488,0.0,0.5
0.0712445443809039,0.2521167025211943,0.504521852620216,63.54,-0.36,1.0,0.22370067445904596,2.5,1.9366543678380101,1.5153769,-99.14943,0.6,0.0,0.5
0.0522620964498783,0.26767504853687873,0.5047277215196039,60.66,-0.36,1.0,0.0863673818170625,2.505,1.9366543678380101,1.5153769,-99.14943,0.6,0.0,0.5
0.04452520344603441,0.2816091756543233,0.5046194264992949,57.599999999999994,-0.36,1.0,-0.020447401348924643,2.5100000000000002,1.9366543678380101,1.5153769,-99.14943,0.6,0.0,0.5
0.04416203353904255,0.2895237026021064,0.5046410883696092,54.36,-0.36,1.0,0.19318216498304963,2.515,1.9366543678380101,1.5153769,-99.14943,0.6,0.0,0.5
0.04314907235503714,0.29323331834212013,0.5042567291532335,51.12,-0.36,1.0,-0.17303994872890627,2.52,1.7227686294708973,-5.500465,-79.90236,0.0,0.0,0.5
0.028858687473565382,0.3086828489229476,0.5043067007012056,47.699999999999996,-0.36,1.0,-0.05096591082492097,2.525,1.7227686294708973,-5.500465,-79.90236,0.0,0.0,0.5
0.01747167650451445,0.3363028612364445,0.5042375382446181,44.1,-0.36,1.0,-0.09674367503891546,2.5300000000000002,1.7227686294708973,-5.500465,-79.90236,0.0,0.0,0.5
0.002915135347807004,0.3580696198311693,0.5042578926949035,40.32,-0.36,1.0,0.1626636555070533,2.535,1.7227686294708973,-5.500465,-79.90236,0.0,0.0,0.5
0.009809466200235355,0.349186048613509,0.5042589510715744,36.54,-0.36,1.0,0.04058961760306801,2.54,0.8080780717533012,-5.4705544,-48.5506,0.0,0.0,0.5
0.012348817597635986,0.35074901012411974,0.5042710509919777,32.76,-0.36,1.0,0.17792291024505147,2.545,0.8080780717533012,-5.4705544,-48.5506,0.0,0.0,0.5
0.022940197140015106,0.34940909175921114,0.5041254995636644,28.98,-0.36,1.0,0.010071108127071682,2.5500000000000003,0.8080780717533012,-5.4705544,-48.5506,0.0,0.0,0.5
0.03762655204384602,0.34533426569980297,0.504073095031562,25.02,-0.36,1.0,0.1626636555070533,2.555,0.8080780717533012,-5.4705544,-48.5506,0.0,0.0,0.5
0.05040721165219023,0.34181724333728025,0.5039781274242966,20.88,-0.36,1.0,0.19318216498304963,2.56,0.1998624561366206,-6.875809,83.232506,0.0,0.6,0.5
0.07308930459313873,0.3312981056668405,0.5044291539479258,16.919999999999998,-0.36,1.0,-0.12726218451491178,2.565,0.1998624561366206,-6.875809,83.232506,0.0,0.6,0.5
0.09155396559573223,0.3222784902588357,0.504647140806779,12.78,-0.36,1.0,0.07110812707906433,2.57,0.1998624561366206,-6.875809,83.232506,0.0,0.6,0.5
0.10129171098684321,0.3106778607268259,0.5041772606666481,8.64,-0.36,1.0,-0.05096591082492097,2.575,0.1998624561366206,-6.875809,83.232506,0.0,0.6,0.5
0.12152769314848755,0.28507463412133477,0.5036429970410145,4.32,0.8999999999999999,1.0,25.935544907986674,2.58,0.026065175307445523,-5.935161,62.76586,0.0,0.6,0.5
0.14172260457488983,0.24731441110728752,0.5050714289811855,1.44,7.739999999999999,1.0,2.2684408093508566,2.585,0.026065175307445523,-5.935161,62.76586,0.0,0.6,0.5
0.15744239665420715,0.22929596218162354,0.508681589752593,-0.18,10.26,1.0,-0.5850398266548567,2.59,0.026065175307445523,-5.935161,62.76586,0.0,0.6,0.5
0.17733393375789153,0.20493576272602246,0.5107048129816246,-0.0,8.82,1.0,4.053773613696697,2.595,0.026065175307445523,-5.935161,62.76586,0.0,0.6,0.5
0.19816783792797932,0.17561091730219305,0.5118569815750316,1.26,7.56,1.0,4.069032868434695,2.6,0.0017924275554590812,-7.000682,79.09976,0.0,0.6,0.5
0.20873360327143273,0.1486778126958987,0.5115332887719116,3.78,4.32,1.0,1.0324411755730054,2.605,0.0017924275554590812,-7.000682,79.09976,0.0,0.6,0.5
0.2115266692404702,0.1441914030110556,0.507652870272088,7.02,-0.36,1.0,0.9561449018830146,2.61,0.0017924275554590812,-7.000682,79.09976,0.0,0.6,0.5
0.21212737579373334,0.1350153506456962,0.5052782193916243,7.739999999999999,0.36,1.0,-0.21881771294290076,2.615,0.0017924275554590812,-7.000682,79.09976,0.0,0.6,0.5
0.2100493299642235,0.11492247406951503,0.504259787390619,9.54,1.44,1.0,-0.24933622241889708,2.62,0.002017403881698361,-7.779567,90.33344,0.0,0.6,0.5
0.20679327362427957,0.10523484712759666,0.5022832212117356,11.16,1.44,1.0,-0.4019287697988787,2.625,0.002017403881698361,-7.779567,90.33344,0.0,0.6,0.5
0.19919722468599652,0.07790323891278522,0.5015780533489225,13.5,-0.36,1.0,0.3305154576250331,2.63,0.002017403881698361,-7.779567,90.33344,0.0,0.6,0.5
0.18529041280662856,0.06764479925043552,0.501235687526046,14.58,-0.18,1.0,-0.31037324137088973,2.6350000000000002,0.002017403881698361,-7.779567,90.33344,0.0,0.6,0.5
0.16860585919263843,0.07635932910398172,0.5001003922744455,16.38,0.0,1.0,0.513626514481011,2.64,0.028602204952048207,-7.019595,69.19411,0.0,0.6,0.5
0.1502967114941758,0.07093692405742384,0.4994780944559702,17.82,-0.36,1.0,0.010071108127071682,2.645,0.028602204952048207,-7.019595,69.19411,0.0,0.6,0.5
0.13356663273451364,0.08178832121162323,0.499555158033576,19.259999999999998,-0.36,1.0,-0.38666951506088054,2.65,0.028602204952048207,-7.019595,69.19411,0.0,0.6,0.5
0.11837317239868843,0.09565764443967106,0.4987976732545505,20.52,-0.36,1.0,0.05584887234106617,2.6550000000000002,0.028602204952048207,-7.019595,69.19411,0.0,0.6,0.5
0.09588157120350992,0.12059316236569101,0.49891370587084455,21.599999999999998,-0.36,1.0,0.025330362865069844,2.66,0.21382461959411547,-4.755819,-33.45293,0.0,0.0,0.5
0.09586187833632519,0.12228740531765797,0.4991462215736995,22.68,-0.36,1.0,0.23895992919704412,2.665,0.21382461959411547,-4.755819,-33.45293,0.0,0.0,0.5
0.07917240404417265,0.14962158162836703,0.4987799590239851,23.759999999999998,-0.36,1.0,-0.14252143925290994,2.67,0.21382461959411547,-4.755819,-33.45293,0.0,0.0,0.5
0.06699470160576533,0.17425509038535147,0.4986025392913437,24.66,-0.36,1.0,0.05584887234106617,2.6750000000000003,0.21382461959411547,-4.755819,-33.45293,0.0,0.0,0.5
0.056828681804083014,0.18530910077624987,0.49871513516753163,25.56,-0.36,1.0,0.17792291024505147,2.68,0.842883269227097,7.16601,-95.62448,0.6,0.0,0.5
0.04640576448842004,0.2043607173055022,0.4985716682945962,26.279999999999998,-0.36,1.0,0.43733024079102023,2.685,0.842883269227097,7.16601,-95.62448,0.6,0.0,0.5
0.04354223303051735,0.22354520894698557,0.4982779694175324,27.0,-0.36,1.0,0.10162663655506066,2.69,0.842883269227097,7.16601,-95.62448,0.6,0.0,0.5
0.033026285302921406,0.24696396358214165,0.49844078237169215,27.54,-0.36,1.0,0.025330362865069844,2.695,0.842883269227097,7.16601,-95.62448,0.6,0.0,0.5
0.03777799762961648,0.26003135330625515,0.4978872132447595,28.08,-0.36,1.0,-0.08148442030091729,2.7,1.7519781694857088,7.249884,-106.299965,0.6,0.0,0.5
0.02801658336503717,0.2798994145157364,0.4980144440023725,28.439999999999998,-0.36,1.0,0.025330362865069844,2.705,1.7519781694857088,7.249884,-106.299965,0.6,0.0,0.5
0.028568774999291138,0.28367586452908333,0.4977389758555751,28.799999999999997,-0.36,1.0,-0.1577806939909081,2.71,1.7519781694857088,7.249884,-106.299965,0.6,0.0,0.5
0.01889989555442191,0.30442894894987094,0.49761776796099405,28.98,-0.36,1.0,-0.005188146610926481,2.715,1.7519781694857088,7.249884,-106.299965,0.6,0.0,0.5
0.015606146696761044,0.3209752351571174,0.49753661767712387,29.16,-0.36,1.0,-0.005188146610926481,2.72,1.9201779526768648,7.083365,-88.84849,0.6,0.0,0.5
0.008992162887595792,0.3265225133287124,0.497473472798661,29.34,-0.36,1.0,0.1626636555070533,2.725,1.9201779526768648,7.083365,-88.84849,0.6,0.0,0.5
-0.006688040774926389,0.3491524210964663,0.4970676860589331,29.16,-0.36,1.0,-0.09674367503891546,2.73,1.9201779526768648,7.083365,-88.84849,0.6,0.0,0.5
0.008340707923575434,0.35676826669628836,0.49728262640860504,29.16,-0.36,1.0,0.2084414197210478,2.735,1.9201779526768648,7.083365,-88.84849,0.6,0.0,0.5
0.005796509770264569,0.37921454320180265,0.4970493098646417,28.98,-0.36,1.0,-0.18829920346690443,2.74,1.1097005440190573,6.230686,-103.20618,0.6,0.0,0.5
0.0004997283640369029,0.38856246359521235,0.49677613730760467,28.619999999999997,-0.36,1.0,0.3610339671010294,2.745,1.1097005440190573,6.230686,-103.20618,0.6,0.0,0.5
-0.0068027231774879515,0.3840659912316725,0.49696497431843173,28.08,-0.36,1.0,-0.11200292977691362,2.75,1.1097005440190573,6.230686,-103.20618,0.6,0.0,0.5
-0.004848601207841948,0.3795757325428035,0.49721895710940645,27.54,-0.36,1.0,0.22370067445904596,2.755,1.1097005440190573,6.230686,-103.20618,0.6,0.0,0.5
0.0014798907704284313,0.37778833346322693,0.4973742202653413,27.0,-0.36,1.0,-0.18829920346690443,2.7600000000000002,0.3381595451145568,4.400194,-85.50562,0.6,0.0,0.5
-0.00022281102662254353,0.378406218240483,0.4975330598752794,26.279999999999998,-0.36,1.0,0.31525620288703493,2.765,0.3381595451145568,4.400194,-85.50562,0.6,0.0,0.5
0.005177358446837463,0.3654191556972472,0.4979940998492194,25.56,-0.36,1.0,-0.05096591082492097,2.77,0.3381595451145568,4.400194,-85.50562,0.6,0.0,0.5
0.005878526315540372,0.36069353481961486,0.49870323011768575,24.84,-0.36,1.0,0.23895992919704412,2.775,0.3381595451145568,4.400194,-85.50562,0.6,0.0,0.5
0.030263113909425557,0.32461070892310584,0.498547687738587,23.939999999999998,-0.36,1.0,-0.08148442030091729,2.7800000000000002,0.054336171361013264,6.262545,-83.568474,0.6,0.0,0.5
0.03733012373606329,0.2935145625304684,0.49901050245851275,22.86,-0.36,1.0,0.025330362865069844,2.785,0.054336171361013264,6.262545,-83.568474,0.6,0.0,0.5
0.06579892378465346,0.26823125669044073,0.49943817924710704,21.96,-0.36,1.0,-0.29511398663289157,2.79,0.054336171361013264,6.262545,-83.568474,0.6,0.0,0.5
0.07389431384835343,0.24250576265339385,0.4997688493130763,20.88,-0.36,1.0,0.23895992919704412,2.795,0.054336171361013264,6.262545,-83.568474,0.6,0.0,0.5
0.09962093360221637,0.22048579196962798,0.500425261195544,19.62,-0.36,1.0,-0.11200292977691362,2.8000000000000003,0.004603709896765657,6.0074444,-82.42435,0.6,0.0,0.5
0.12640002034874157,0.1994303476888294,0.5009143131883342,18.36,-0.36,1.0,0.0863673818170625,2.805,0.004603709896765657,6.0074444,-82.42435,0.6,0.0,0.5
0.14367730872925114,0.17959333649293674,0.5012738025971247,17.099999999999998,-0.36,1.0,0.04058961760306801,2.81,0.004603709896765657,6.0074444,-82.42435,0.6,0.0,0.5
0.15690796143288444,0.1652481496056905,0.5017395688156054,15.84,-0.36,1.0,0.23895992919704412,2.815,0.004603709896765657,6.0074444,-82.42435,0.6,0.0,0.5
0.17490335678257068,0.14945852422847325,0.5025616510219408,14.399999999999999,-0.36,1.0,0.0863673818170625,2.82,0.0,5.408649,-69.44058,0.6,0.0,0.5
0.19200361241989447,0.13396041952451396,0.5026750533208574,13.139999999999999,-0.36,1.0,0.025330362865069844,2.825,0.0,5.408649,-69.44058,0.6,0.0,0.5
0.20583241621376325,0.10299909611782797,0.5032098680464625,11.7,-0.36,1.0,-0.06622516556291913,2.83,0.0,5.408649,-69.44058,0.6,0.0,0.5
0.2246534967866537,0.10479223637037917,0.5034403013672278,10.62,-0.36,1.0,0.05584887234106617,2.835,0.0,5.408649,-69.44058,0.6,0.0,0.5
0.24364527793469645,0.08741870287880886,0.5039508053463813,9.54,-0.36,1.0,-0.1577806939909081,2.84,0.0,-0.84937185,-87.12259,0.045188444852828975,0.0,0.5
0.2581816218968377,0.07943909522684106,0.50383526700162,8.82,-0.36,1.0,0.2542191839350423,2.845,0.0,-0.84937185,-87.12259,0.045188444852828975,0.0,0.5
0.2754436286049859,0.046869229247537995,0.50399311549003,8.28,-0.36,1.0,-0.12726218451491178,2.85,0.0,-0.84937185,-87.12259,0.045188444852828975,0.0,0.5
0.29359854874996827,0.054714762943874465,0.504046459403911,8.1,-0.36,1.0,0.29999694814903677,2.855,0.0,-0.84937185,-87.12259,0.045188444852828975,0.0,0.5
0.30649279999854123,0.040031033341094965,0.5042443903800832,8.1,-0.36,1.0,0.025330362865069844,2.86,0.0,0.7286461,-15.167421,0.518593829870224,0.0,0.5
0.32010196324194456,0.034134333077906705,0.5045790398591592,8.64,-0.36,1.0,0.29999694814903677,2.865,0.0,0.7286461,-15.167421,0.518593829870224,0.0,0.5
0.3367360093276243,0.02321928787523071,0.5045245832158554,9.36,-0.36,1.0,-0.020447401348924643,2.87,0.0,0.7286461,-15.167421,0.518593829870224,0.0,0.5
0.3481460367451161,0.007769493449671329,0.5050036129092366,10.62,-0.36,1.0,0.4831080050050147,2.875,0.0,0.7286461,-15.167421,0.518593829870224,0.0,0.5
0.35913805141872046,-0.0032854077771358376,0.5053408896552771,12.24,-0.36,1.0,-0.09674367503891546,2.88,0.0,-4.7331176,85.3448,0.0,0.6,0.5
0.3723506521864701,-0.0020696756450838236,0.5052917786005339,14.04,-0.36,1.0,0.0863673818170625,2.8850000000000002,0.0,-4.7331176,85.3448,0.0,0.6,0.5
0.38219769311155716,-0.007104036511098578,0.5057100437924066,16.38,-0.36,1.0,-0.035706656086922806,2.89,0.0,-4.7331176,85.3448,0.0,0.6,0.5
0.39215356766554654,0.0023259345477326127,0.5047987806302207,18.9,-0.36,1.0,0.1626636555070533,2.895,0.0,-4.7331176,85.3448,0.0,0.6,0.5
0.40210880291200113,0.0022826342579963903,0.504522925241956,21.599999999999998,-0.36,1.0,-0.12726218451491178,2.9,0.0,-6.0532722,66.60054,0.0,0.6,0.5
0.4104134607575123,0.015352553708284018,0.504000545663218,24.66,-0.36,1.0,0.14740440076905514,2.9050000000000002,0.0,-6.0532722,66.60054,0.0,0.6,0.5
0.41553464701541376,0.0006417992380876771,0.5042677594418656,27.9,-0.36,1.0,-0.12726218451491178,2.91,0.0,-6.0532722,66.60054,0.0,0.6,0.5
0.4224856720363929,-0.002253966944066661,0.504036117354739,31.32,-0.36,1.0,-0.020447401348924643,2.915,0.0,-6.0532722,66.60054,0.0,0.6,0.5
0.4291388209125455,0.0005430985328148532,0.5033489413299391,34.92,-0.36,1.0,0.05584887234106617,2.92,0.0,-7.7456703,90.708405,0.0,0.6,0.5
0.4304609757350805,-0.0020231850313938986,0.5028620289090232,38.519999999999996,-0.36,1.0,-0.06622516556291913,2.9250000000000003,0.0,-7.7456703,90.708405,0.0,0.6,0.5
0.4264312392948928,0.002897851138953956,0.5025634139376255,42.3,-0.36,1.0,-0.09674367503891546,2.93,0.0,-7.7456703,90.708405,0.0,0.6,0.5
0.422156706185812,0.00865753208974313,0.5026616361610757,45.9,-0.36,1.0,0.14740440076905514,2.935,0.0,-7.7456703,90.708405,0.0,0.6,0.5
0.4188435978529092,0.020222938023449648,0.5020372453447312,49.5,-0.36,1.0,-0.14252143925290994,2.94,0.002393998136052363,-7.9191055,91.80199,0.0,0.6,0.5
0.4148187409559319,-0.0030423006506092518,0.5016311712671071,53.1,-0.36,1.0,0.11688589129305882,2.945,0.002393998136052363,-7.9191055,91.80199,0.0,0.6,0.5
0.41148122564709577,-0.012310931966886719,0.5016020097892712,56.699999999999996,-0.36,1.0,-0.1577806939909081,2.95,0.002393998136052363,-7.9191055,91.80199,0.0,0.6,0.5
0.4086526175532222,-0.027991807803845303,0.5012008887419724,59.94,-0.36,1.0,0.3610339671010294,2.955,0.002393998136052363,-7.9191055,91.80199,0.0,0.6,0.5
0.4060783678054958,-0.03623108503462527,0.5007585458356375,63.36,-0.36,1.0,0.010071108127071682,2.96,0.03270555349748566,-7.6742005,82.78413,0.0,0.6,0.5
0.4045010364296683,-0.030336352153278512,0.5005339315990729,66.42,-0.36,1.0,0.3305154576250331,2.965,0.03270555349748566,-7.6742005,82.78413,0.0,0.6,0.5
0.4038920630263189,-0.0017939033450366036,0.5001130670757776,69.48,-0.36,1.0,-0.26459547715689524,2.97,0.03270555349748566,-7.6742005,82.78413,0.0,0.6,0.5
0.4012012346269265,-0.00799920301956739,0.5003735499288988,72.17999999999999,-0.36,1.0,0.26947843867304044,2.975,0.03270555349748566,-7.6742005,82.78413,0.0,0.6,0.5
0.39843776530598024,0.005828469689147825,0.5003270366637497,74.88,-0.36,1.0,0.010071108127071682,2.98,0.23559752859253671,-6.250823,50.09536,0.0,0.6,0.5
0.3878092061353239,0.03132452173033938,0.5009238439423237,77.22,-0.18,1.0,0.010071108127071682,2.985,0.23559752859253671,-6.250823,50.09536,0.0,0.6,0.5
0.37018372121565823,0.06363530700958803,0.5013089433366368,79.02,-0.18,1.0,-0.29511398663289157,2.99,0.23559752859253671,-6.250823,50.09536,0.0,0.6,0.5
0.34557362774468076,0.07870155360556093,0.5016255806145062,80.46,-0.18,1.0,0.1626636555070533,2.995,0.23559752859253671,-6.250823,50.09536,0.0,0.6,0.5
0.31970390955847117,0.0989647869011976,0.5017092450802135,81.36,-0.18,1.0,0.14740440076905514,3.0,0.8948937789948247,6.851658,-99.08944,0.6,0.0,0.5
0.2918370919455133,0.12255349378965058,0.5015426953227031,81.72,0.0,1.0,0.17792291024505147,3.005,0.8948937789948247,6.851658,-99.08944,0.6,0.0,0.5
0.2640369984858354,0.14405844449767832,0.5020138705209773,81.53999999999999,0.0,1.0,-0.26459547715689524,3.0100000000000002,0.8948937789948247,6.851658,-99.08944,0.6,0.0,0.5
0.2362464441358307,0.1607099127292587,0.5026538672788365,81.0,-0.18,1.0,0.11688589129305882,3.015,0.8948937789948247,6.851658,-99.08944,0.6,0.0,0.5
0.21106915292502887,0.18276289247333824,0.5026495872776269,79.74,0.0,1.0,-0.08148442030091729,3.02,1.792353957955802,7.302907,-127.4605,0.6,0.0,0.5
0.18731987682532172,0.1987552230615999,0.5025158982926494,78.11999999999999,-0.18,1.0,0.31525620288703493,3.025,1.792353957955802,7.302907,-127.4605,0.6,0.0,0.5
0.16554573952207297,0.2112597720288144,0.5024862955581797,76.14,-0.18,1.0,-0.17303994872890627,3.0300000000000002,1.792353957955802,7.302907,-127.4605,0.6,0.0,0.5
0.1465566639434081,0.2305849486991714,0.5023192861875114,73.61999999999999,-0.18,1.0,0.07110812707906433,3.035,1.792353957955802,7.302907,-127.4605,0.6,0.0,0.5
0.12924731204466383,0.2491617031926042,0.5021041949328102,70.92,-0.18,1.0,-0.005188146610926481,3.04,1.8928996938524518,6.8893733,-105.816574,0.6,0.0,0.5
0.11598439719513443,0.2695053539314276,0.5021171535007944,67.86,-0.18,1.0,0.42207098605302207,3.045,1.8928996938524518,6.8893733,-105.816574,0.6,0.0,0.5
0.11031831939362377,0.2806858105620519,0.5026486930059331,64.62,-0.18,1.0,-0.1577806939909081,3.0500000000000003,1.8928996938524518,6.8893733,-105.816574,0.6,0.0,0.5
0.09479624252781405,0.296585372613391,0.5026155075674495,61.019999999999996,-0.18,1.0,0.2542191839350423,3.055,1.8928996938524518,6.8893733,-105.816574,0.6,0.0,0.5
0.08030335451554634,0.30235922179121455,0.5027300491396165,57.239999999999995,-0.18,1.0,0.07110812707906433,3.06,1.0541027694226666,5.800461,-95.0787,0.6,0.0,0.5
0.05963020965547553,0.3139524319229506,0.5029371948178959,53.46,-0.18,1.0,0.025330362865069844,3.065,1.0541027694226666,5.800461,-95.0787,0.6,0.0,0.5
0.04118420169926643,0.33316091900688005,0.5032753216203342,49.32,-0.18,1.0,-0.05096591082492097,3.0700000000000003,1.0541027694226666,5.800461,-95.0787,0.6,0.0,0.5
0.05221225070706161,0.33999534879928883,0.5032360488904047,45.18,-0.36,1.0,0.10162663655506066,3.075,1.0541027694226666,5.800461,-95.0787,0.6,0.0,0.5
0.045284034140539595,0.34265859616516087,0.5036082214485939,41.04,-0.36,1.0,0.14740440076905514,3.08,0.309520800054077,5.9580097,-88.895294,0.6,0.0,0.5
0.048860008661057774,0.3435384614334216,0.5035675009885484,36.54,-0.36,1.0,0.10162663655506066,3.085,0.309520800054077,5.9580097,-88.895294,0.6,0.0,0.5
0.03298947275408241,0.33140587296519985,0.5042041580424067,32.22,-0.36,1.0,-0.1577806939909081,3.09,0.309520800054077,5.9580097,-88.895294,0.6,0.0,0.5
0.041023484071438035,0.3417001315388422,0.5042128165601487,27.72,-0.36,1.0,0.22370067445904596,3.095,0.309520800054077,5.9580097,-88.895294,0.6,0.0,0.5
0.05782804452961386,0.3401997125370518,0.5045657785363349,23.22,-0.36,1.0,0.14740440076905514,3.1,0.047923469920352096,4.528924,-76.76812,0.6,0.0,0.5
0.08127405363512982,0.32691804848977546,0.5049466873803232,18.54,-0.36,1.0,-0.06622516556291913,3.105,0.047923469920352096,4.528924,-76.76812,0.6,0.0,0.5
0.10192326761715542,0.3133558962700437,0.5047742470428286,13.86,-0.36,1.0,-0.09674367503891546,3.11,0.047923469920352096,4.528924,-76.76812,0.6,0.0,0.5
0.12581645936657584,0.290362626630986,0.5045940153563584,9.36,-0.36,1.0,-0.06622516556291913,3.115,0.047923469920352096,4.528924,-76.76812,0.6,0.0,0.5
0.14693561724847864,0.26457046374992754,0.5042647335101426,4.68,0.18,1.0,40.69124423963134,3.12,0.0039125347145062064,4.7186575,-80.129814,0.6,0.0,0.5
0.16580149721720688,0.24247397941368987,0.5062490206568521,1.26,8.459999999999999,1.0,4.145329142124686,3.125,0.0039125347145062064,4.7186575,-80.129814,0.6,0.0,0.5
0.18054320222021034,0.2309754802004282,0.5101412102124865,-0.72,11.7,1.0,-0.08148442030091729,3.13,0.0039125347145062064,4.7186575,-80.129814,0.6,0.0,0.5
0.19470141611013475,0.21382365980356619,0.5120660977116113,-0.72,10.62,1.0,-6.642963957640293,3.1350000000000002,0.0039125347145062064,4.7186575,-80.129814,0.6,0.0,0.5
0.21521304111848774,0.18722692851631278,0.513833491003335,0.54,8.459999999999999,1.0,0.9103671376690201,3.14,0.0,4.945659,-78.249146,0.6,0.0,0.5
0.22961974334899082,0.16167834646397752,0.5138386085240199,3.2399999999999998,5.58,1.0,1.642811365092932,3.145,0.0,4.945659,-78.249146,0.6,0.0,0.5
0.24144796960205447,0.14303114782893606,0.5099680517683879,6.84,0.36,1.0,1.1087374492629962,3.15,0.0,4.945659,-78.249146,0.6,0.0,0.5
0.25766161750616723,0.12178364429552867,0.5068717742759038,8.28,0.0,1.0,-0.11200292977691362,3.1550000000000002,0.0,4.945659,-78.249146,0.6,0.0,0.5
0.2754193923433548,0.10474450290970264,0.5054591864339644,10.799999999999999,1.44,1.0,-0.5087435529648658,3.16,0.0,2.10502,-66.88214,0.6,0.0,0.5
0.28910982725003337,0.09208536064543797,0.5032120123837864,13.32,1.26,1.0,-0.21881771294290076,3.165,0.0,2.10502,-66.88214,0.6,0.0,0.5
0.30481284033764894,0.08866481632846336,0.5023050605729763,16.56,-0.54,1.0,0.07110812707906433,3.17,0.0,2.10502,-66.88214,0.6,0.0,0.5
0.31969803188754187,0.07811986652218568,0.5020380072890279,18.9,-0.18,1.0,0.04058961760306801,3.1750000000000003,0.0,2.10502,-66.88214,0.6,0.0,0.5
0.3315619149497415,0.07096649372639101,0.5005152060443105,21.96,-0.18,1.0,0.2542191839350423,3.18,0.0,-7.3578386,-80.53952,0.0,0.0,0.5
0.3435362301054181,0.050842008039162355,0.5002511530157926,24.84,-0.36,1.0,-0.2035584582049026,3.185,0.0,-7.3578386,-80.53952,0.0,0.0,0.5
0.3570865937195749,0.04854008114307941,0.5002552889548181,28.08,-0.36,1.0,0.010071108127071682,3.19,0.0,-7.3578386,-80.53952,0.0,0.0,0.5
0.3673398271073193,0.05563693529136133,0.49939242462702554,31.14,-0.36,1.0,0.05584887234106617,3.1950000000000003,0.0,-7.3578386,-80.53952,0.0,0.0,0.5
0.3776076984790591,0.031539108716179716,0.4990633800240427,34.199999999999996,-0.36,1.0,0.22370067445904596,3.2,0.0,-7.8667183,97.07706,0.0,0.6,0.5
0.38895224758418034,0.036109187887102975,0.4987136562854426,37.44,-0.36,1.0,0.2084414197210478,3.205,0.0,-7.8667183,97.07706,0.0,0.6,0.5
0.39727303929727853,0.032089391875521345,0.4984374398245797,40.68,-0.36,1.0,-0.020447401348924643,3.21,0.0,-7.8667183,97.07706,0.0,0.6,0.5
0.4057251390511293,0.02265449569493782,0.497962078244311,43.92,-0.36,1.0,0.05584887234106617,3.215,0.0,-7.8667183,97.07706,0.0,0.6,0.5
0.41412354072144114,0.012220443949365858,0.4980869867090433,47.16,-0.36,1.0,0.04058961760306801,3.22,0.0,-7.9520874,95.47879,0.0,0.6,0.5
0.4212900343141669,0.010234336104465148,0.49757603673348155,50.22,-0.36,1.0,0.19318216498304963,3.225,0.0,-7.9520874,95.47879,0.0,0.6,0.5
0.42773569965975833,0.002835761224106914,0.4973830495983458,53.46,-0.36,1.0,0.04058961760306801,3.23,0.0,-7.9520874,95.47879,0.0,0.6,0.5
0.4349993844392815,-0.0009369380187988418,0.49740320316296094,56.339999999999996,-0.36,1.0,-0.14252143925290994,3.235,0.0,-7.9520874,95.47879,0.0,0.6,0.5
0.4400874289169166,-0.006282329574697706,0.49791420181937535,59.4,-0.36,1.0,0.22370067445904596,3.24,0.0,-8.336044,103.6602,0.0,0.6,0.5
0.44691348150892624,-0.004064143360343807,0.49684150371953867,62.28,-0.36,1.0,0.11688589129305882,3.245,0.0,-8.336044,103.6602,0.0,0.6,0.5
0.4522717562810015,-0.0070664035197923625,0.49737231928842296,64.98,-0.36,1.0,0.025330362865069844,3.25,0.0,-8.336044,103.6602,0.0,0.6,0.5
0.4571369412026673,-0.006104369716852855,0.4972244115029821,67.67999999999999,-0.36,1.0,-0.14252143925290994,3.255,0.0,-8.336044,103.6602,0.0,0.6,0.5
0.45894384900733876,-0.009161675280147092,0.4974419434259067,70.2,-0.36,1.0,0.2084414197210478,3.2600000000000002,0.0,-8.1683,97.029594,0.0,0.6,0.5
0.4580576635385924,-0.0037446997895600447,0.49758732857198273,72.53999999999999,-0.18,1.0,-0.09674367503891546,3.265,0.0,-8.1683,97.029594,0.0,0.6,0.5
0.4578983138696162,-0.016447154539197532,0.49725699384427685,74.7,-0.18,1.0,0.10162663655506066,3.27,0.0,-8.1683,97.029594,0.0,0.6,0.5
0.4564358709927228,-0.00836034192208439,0.4974162017415013,76.67999999999999,-0.18,1.0,0.025330362865069844,3.275,0.0,-8.1683,97.029594,0.0,0.6,0.5
0.45347639647491406,-0.000375026268733684,0.498034340346325,78.3,-0.18,1.0,0.025330362865069844,3.2800000000000002,0.01119401758967904,-8.213487,96.106094,0.0,0.6,0.5
0.4490345099207735,0.001663546542280423,0.49749929618147215,79.74,-0.18,1.0,-0.020447401348924643,3.285,0.01119401758967904,-8.213487,96.106094,0.0,0.6,0.5
0.43642453957744287,0.005202211998520211,0.4970911546687766,80.82,-0.18,1.0,0.31525620288703493,3.29,0.01119401758967904,-8.213487,96.106094,0.0,0.6,0.5
0.4127189037700243,0.018933911492026233,0.49742693651974934,81.36,-0.18,1.0,0.04058961760306801,3.295,0.01119401758967904,-8.213487,96.106094,0.0,0.6,0.5
0.38517880613903693,0.038215822904174745,0.49712167143486824,81.53999999999999,-0.18,1.0,-0.035706656086922806,3.3000000000000003,0.10688015483664497,-7.908346,21.980207,0.0,0.6,0.5
0.3539137256379311,0.04674556450164815,0.49699139332897746,81.53999999999999,-0.18,1.0,0.11688589129305882,3.305,0.10688015483664497,-7.908346,21.980207,0.0,0.6,0.5
0.3233570987402137,0.07034433422137946,0.49719745210415994,80.82,-0.18,1.0,0.31525620288703493,3.31,0.10688015483664497,-7.908346,21.980207,0.0,0.6,0.5
0.29214152611514055,0.07982805172388581,0.4971103170566317,79.92,-0.18,1.0,-0.1577806939909081,3.315,0.10688015483664497,-7.908346,21.980207,0.0,0.6,0.5
0.26354726172814064,0.10056796526753391,0.4969641459104816,78.66,-0.18,1.0,-0.06622516556291913,3.3200000000000003,0.5380959151126106,-7.7875214,-95.98073,0.0,0.0,0.5
0.23506459612745761,0.1268771146344597,0.49672160371964474,77.03999999999999,-0.18,1.0,0.025330362865069844,3.325,0.5380959151126106,-7.7875214,-95.98073,0.0,0.0,0.5
0.20966174798627887,0.13994797280396717,0.49620837780952765,75.24,-0.18,1.0,-0.035706656086922806,3.33,0.5380959151126106,-7.7875214,-95.98073,0.0,0.0,0.5
0.18525244784937123,0.15636863600671608,0.4958145823576376,73.25999999999999,-0.18,1.0,-0.1577806939909081,3.335,0.5380959151126106,-7.7875214,-95.98073,0.0,0.0,0.5
0.16352418500110347,0.1811746492628551,0.49586879360369746,70.92,-0.18,1.0,0.11688589129305882,3.34,1.4284789585583972,-7.271653,-37.964035,0.0,0.0,0.5
0.1428906471838938,0.19648655152996913,0.49555352781639134,68.39999999999999,-0.18,1.0,0.2542191839350423,3.345,1.4284789585583972,-7.271653,-37.964035,0.0,0.0,0.5
0.12741502682094238,0.2077812544394765,0.4955978011052199,65.7,-0.18,1.0,0.0863673818170625,3.35,1.4284789585583972,-7.271653,-37.964035,0.0,0.0,0.5
0.10817175405062271,0.23191300677166898,0.49539559539608796,63.0,-0.18,1.0,0.07110812707906433,3.355,1.4284789585583972,-7.271653,-37.964035,0.0,0.0,0.5
0.08514832301187543,0.24945374383114136,0.49536223272881746,59.94,-0.18,1.0,0.2542191839350423,3.36,1.9995834412689575,-7.929837,92.158676,0.0,0.6,0.5
0.07228817693337307,0.2608342831394901,0.49524903971660383,56.879999999999995,-0.18,1.0,-0.005188146610926481,3.365,1.9995834412689575,-7.929837,92.158676,0.0,0.6,0.5
0.06711166656665533,0.27087493735254825,0.4954821233155854,53.64,-0.18,1.0,0.19318216498304963,3.37,1.9995834412689575,-7.929837,92.158676,0.0,0.6,0.5
0.056817699156446196,0.2876964280239769,0.49589021951055173,50.22,-0.18,1.0,-0.38666951506088054,3.375,1.9995834412689575,-7.929837,92.158676,0.0,0.6,0.5
0.045277437247585046,0.3017173082096724,0.4962514986711462,46.8,-0.18,1.0,0.2084414197210478,3.38,1.4758993697352485,-8.140607,95.5182,0.0,0.6,0.5
0.04239757647167387,0.3237729283056554,0.49648540216696074,43.379999999999995,-0.18,1.0,-0.2035584582049026,3.3850000000000002,1.4758993697352485,-8.140607,95.5182,0.0,0.6,0.5
0.051510736559531575,0.3390345538270947,0.49702120272437217,39.78,-0.18,1.0,0.10162663655506066,3.39,1.4758993697352485,-8.140607,95.5182,0.0,0.6,0.5
0.04503658528362729,0.35466845291174953,0.497572236022289,36.0,-0.18,1.0,-0.11200292977691362,3.395,1.4758993697352485,-8.140607,95.5182,0.0,0.6,0.5
0.033611024608611643,0.35959452375427403,0.4979403835505928,32.22,-0.18,1.0,0.05584887234106617,3.4,0.5744146324994871,-8.114924,88.88656,0.0,0.6,0.5
0.035885603716359855,0.35561817726241485,0.498516893730026,28.439999999999998,-0.18,1.0,-0.09674367503891546,3.4050000000000002,0.5744146324994871,-8.114924,88.88656,0.0,0.6,0.5
0.014306838162399827,0.36117674437604874,0.49940197801264674,24.66,-0.18,1.0,0.010071108127071682,3.41,0.5744146324994871,-8.114924,88.88656,0.0,0.6,0.5
0.015462157617148734,0.36225480653889425,0.4999396692632669,20.7,-0.18,1.0,-0.21881771294290076,3.415,0.5744146324994871,-8.114924,88.88656,0.0,0.6,0.5
0.017390342914285466,0.35809670397497007,0.5004525142082622,16.74,-0.18,1.0,0.1626636555070533,3.42,0.11788153252232862,-8.274938,44.95598,0.0,0.6,0.5
0.015993682668238956,0.3480091050386001,0.5006904456464691,12.6,-0.18,1.0,-0.21881771294290076,3.4250000000000003,0.11788153252232862,-8.274938,44.95598,0.0,0.6,0.5
0.0067620273245706155,0.32352602835050015,0.5008472195914077,8.459999999999999,-0.18,1.0,0.14740440076905514,3.43,0.11788153252232862,-8.274938,44.95598,0.0,0.6,0.5
0.00017445367516889953,0.2882624305025991,0.5013737792132698,4.14,1.26,1.0,22.395397808771044,3.435,0.11788153252232862,-8.274938,44.95598,0.0,0.6,0.5
-5.336727782942012e-05,0.2667039486570009,0.5037230577263533,0.8999999999999999,8.28,1.0,2.6346629230628125,3.44,0.4340827726754571,-2.340554,-98.80888,0.0,0.0,0.5
-0.007280442941239523,0.24950301444410208,0.5083518158350899,-1.44,11.7,1.0,-0.3714102603228824,3.4450000000000003,0.4340827726754571,-2.340554,-98.80888,0.0,0.0,0.5
-0.010565483340830465,0.24416651958725058,0.5114258582727008,-2.16,10.98,1.0,10.798364207892106,3.45,0.4340827726754571,-2.340554,-98.80888,0.0,0.0,0.5
-0.02222921090595703,0.23009470789349937,0.5145571496313598,-1.98,11.52,1.0,2.2379222998748602,3.455,0.4340827726754571,-2.340554,-98.80888,0.0,0.0,0.5
-0.017098533971589756,0.23942344621741843,0.5156437896842101,-0.54,9.0,1.0,0.19318216498304963,3.46,1.2761416087176927,5.939242,-88.978226,0.6,0.0,0.5
-0.01567095002949535,0.2531730874462755,0.5128221733729488,1.44,6.3,1.0,3.0161442915128216,3.465,1.2761416087176927,5.939242,-88.978226,0.6,0.0,0.5
-0.02197805380972727,0.2600290031067952,0.5108828766604706,3.96,2.6999999999999997,1.0,0.14740440076905514,3.47,1.2761416087176927,5.939242,-88.978226,0.6,0.0,0.5
-0.021052700980067337,0.27207134288769685,0.5075599328788849,6.84,-0.54,1.0,0.9866634113590109,3.475,1.2761416087176927,5.939242,-88.978226,0.6,0.0,0.5
-0.025052588255444756,0.28048846971788577,0.5044338162686892,7.739999999999999,0.36,1.0,-0.2798547318948934,3.48,1.9782297069715729,6.522175,-98.29271,0.6,0.0,0.5
-0.017833328398209253,0.3006101249171993,0.5029449201064846,9.36,0.72,1.0,0.10162663655506066,3.485,1.9782297069715729,6.522175,-98.29271,0.6,0.0,0.5
-0.0067436842752564684,0.3164199930059954,0.5022769375268658,11.16,0.0,1.0,0.0863673818170625,3.49,1.9782297069715729,6.522175,-98.29271,0.6,0.0,0.5
-0.015606599521171343,0.33717631994093145,0.5008304160792293,12.42,-0.36,1.0,0.07110812707906433,3.495,1.9782297069715729,6.522175,-98.29271,0.6,0.0,0.5
-0.01904501473585682,0.3525748466054462,0.5006234687119228,13.86,-0.18,1.0,-0.08148442030091729,3.5,1.6169854095334097,5.0875187,-98.140854,0.6,0.0,0.5
-0.015999950247210293,0.3665617630098746,0.5002352911583287,15.12,-0.36,1.0,-0.2035584582049026,3.505,1.6169854095334097,5.0875187,-98.140854,0.6,0.0,0.5
-0.0016392606321567083,0.387294776485265,0.49969647278273743,16.2,-0.18,1.0,0.2847376934110386,3.5100000000000002,1.6169854095334097,5.0875187,-98.140854,0.6,0.0,0.5
8.29281734969911e-05,0.4076167739443897,0.4996806474527742,17.28,-0.36,1.0,-0.020447401348924643,3.515,1.6169854095334097,5.0875187,-98.140854,0.6,0.0,0.5
-0.004069735545438033,0.4125069015750825,0.4996396733704633,18.18,-0.36,1.0,0.22370067445904596,3.52,0.6969265579165232,6.9476957,-79.70109,0.6,0.0,0.5
-0.00821997802686571,0.419381459184327,0.49922699474415033,18.9,-0.36,1.0,0.025330362865069844,3.525,0.6969265579165232,6.9476957,-79.70109,0.6,0.0,0.5
-0.0031150843187818943,0.41978863463358235,0.4995805547947675,19.8,-0.36,1.0,0.22370067445904596,3.5300000000000002,0.6969265579165232,6.9476957,-79.70109,0.6,0.0,0.5
0.004679235395073114,0.4283386458988121,0.49949545887464747,20.34,-0.36,1.0,-0.12726218451491178,3.535,0.6969265579165232,6.9476957,-79.70109,0.6,0.0,0.5
7.899568478820226e-06,0.417630602038,0.499630275589201,20.88,-0.36,1.0,0.23895992919704412,3.54,0.1583869732422149,1.7809114,-73.366745,0.6,0.0,0.5
-0.00459087182290925,0.4087918021566459,0.5000150960723962,21.24,-0.36,1.0,-0.020447401348924643,3.545,0.1583869732422149,1.7809114,-73.366745,0.6,0.0,0.5
-0.017113871272929737,0.3958065814120378,0.5002192162893293,21.599999999999998,-0.36,1.0,0.31525620288703493,3.5500000000000003,0.1583869732422149,1.7809114,-73.366745,0.6,0.0,0.5
-0.014369108392829752,0.38483194357218226,0.5004989745075661,21.96,-0.36,1.0,-0.05096591082492097,3.555,0.1583869732422149,1.7809114,-73.366745,0.6,0.0,0.5
0.004585345941366634,0.3567449796390296,0.5004244574903599,22.14,-0.36,1.0,0.14740440076905514,3.56,0.01898031589026488,3.281871,-41.959377,0.6,0.0,0.5
0.030411897396977867,0.32644515947347535,0.5009341715653985,22.14,-0.36,1.0,0.010071108127071682,3.565,0.01898031589026488,3.281871,-41.959377,0.6,0.0,0.5
0.061022300318569866,0.2954985028950034,0.5012209599967363,22.14,-0.36,1.0,0.04058961760306801,3.5700000000000003,0.01898031589026488,3.281871,-41.959377,0.6,0.0,0.5
0.07379938956138443,0.27683866018861897,0.5016967245030625,22.14,-0.36,1.0,-0.11200292977691362,3.575,0.01898031589026488,3.281871,-41.959377,0.6,0.0,0.5
0.0828933005960281,0.24278444884248476,0.5023133874684094,21.96,-0.36,1.0,-0.18829920346690443,3.58,0.0011993306822168357,4.027141,-46.361584,0.6,0.0,0.5
0.10330884575378396,0.2120180403795911,0.5029233138062859,21.779999999999998,-0.36,1.0,-0.14252143925290994,3.585,0.0011993306822168357,4.027141,-46.361584,0.6,0.0,0.5
0.12228483540041256,0.18681059325824534,0.5031939691027236,21.599999999999998,-0.36,1.0,0.2847376934110386,3.59,0.0011993306822168357,4.027141,-46.361584,0.6,0.0,0.5
0.1387203776956177,0.164858778805212,0.5035585202436116,21.24,-0.36,1.0,0.29999694814903677,3.595,0.0011993306822168357,4.027141,-46.361584,0.6,0.0,0.5
0.16086650873481484,0.15533448329238653,0.5036144087606834,20.88,-0.36,1.0,0.11688589129305882,3.6,0.0,2.2927303,-35.683136,0.6,0.0,0.5
0.18235248066432722,0.1517013165636598,0.5039750677703418,20.52,-0.36,1.0,-0.12726218451491178,3.605,0.0,2.2927303,-35.683136,0.6,0.0,0.5
0.198476943447589,0.14181988133048412,0.5040462672028118,19.98,-0.36,1.0,0.07110812707906433,3.61,0.0,2.2927303,-35.683136,0.6,0.0,0.5
0.21755269426776122,0.1278089206770008,0.504173914174771,19.439999999999998,-0.36,1.0,0.05584887234106617,3.615,0.0,2.2927303,-35.683136,0.6,0.0,0.5
0.2373251803670622,0.11017164919152227,0.5043198197624931,19.08,-0.36,1.0,0.0863673818170625,3.62,0.0,1.0965068,-3.493722,0.6,0.0,0.5
0.25267011717436244,0.10395182479063744,0.5043474082444145,18.54,-0.36,1.0,-0.24933622241889708,3.625,0.0,1.0965068,-3.493722,0.6,0.0,0.5
0.26854696894205476,0.09493995213619709,0.5041357424864988,18.36,-0.36,1.0,0.1626636555070533,3.63,0.0,1.0965068,-3.493722,0.6,0.0,0.5
0.2875798329252507,0.08829554491113929,0.5040658853715874,18.18,-0.36,1.0,-0.09674367503891546,3.6350000000000002,0.0,1.0965068,-3.493722,0.6,0.0,0.5
0.30227029062261634,0.08045601936765029,0.5038426245792139,18.18,-0.36,1.0,0.17792291024505147,3.64,0.0,1.8919542,-27.228502,0.6,0.0,0.5
0.3164747320313344,0.06918458521607483,0.5036057916191105,18.36,-0.36,1.0,-0.08148442030091729,3.645,0.0,1.8919542,-27.228502,0.6,0.0,0.5
0.3326128993571131,0.05177900761943945,0.5036128503106008,18.72,-0.36,1.0,-0.005188146610926481,3.65,0.0,1.8919542,-27.228502,0.6,0.0,0.5
0.34576031644264815,0.03870634725842909,0.5034482922399245,19.259999999999998,-0.36,1.0,0.010071108127071682,3.6550000000000002,0.0,1.8919542,-27.228502,0.6,0.0,0.5
0.35668586205018893,0.027704703347743203,0.5031790887438917,20.16,-0.36,1.0,0.2847376934110386,3.66,0.0,2.3331456,-18.28529,0.6,0.0,0.5
0.37063493983964413,0.00400495584333314,0.502999753377556,21.24,-0.36,1.0,-0.06622516556291913,3.665,0.0,2.3331456,-18.28529,0.6,0.0,0.5
0.3826990112791601,0.01472578171270151,0.5024248201908771,22.5,-0.36,1.0,0.010071108127071682,3.67,0.0,2.3331456,-18.28529,0.6,0.0,0.5
0.3918803819175075,0.005602287633352142,0.5023150864920652,24.119999999999997,-0.36,1.0,-0.1577806939909081,3.6750000000000003,0.0,2.3331456,-18.28529,0.6,0.0,0.5
0.40204674251912215,0.004350353270615567,0.5023314416088015,25.74,-0.36,1.0,0.22370067445904596,3.68,0.0,2.4030545,-31.031008,0.6,0.0,0.5
0.41125353748598115,-0.001967533916827131,0.5017900073420066,27.9,-0.36,1.0,0.2084414197210478,3.685,0.0,2.4030545,-31.031008,0.6,0.0,0.5
0.41756850796345796,0.011558099113035451,0.5017989549910931,30.06,-0.36,1.0,0.23895992919704412,3.69,0.0,2.4030545,-31.031008,0.6,0.0,0.5
0.4246264740054324,0.004676862551353843,0.5017997164082605,32.4,-0.36,1.0,-0.11200292977691362,3.6950000000000003,0.0,2.4030545,-31.031008,0.6,0.0,0.5
0.4311487437203396,0.008472410015869087,0.5014629547988796,34.92,-0.36,1.0,0.11688589129305882,3.7,0.0,2.2761412,-25.086948,0.6,0.0,0.5
0.435440643204128,-0.018723071691671624,0.5012671339759981,37.8,-0.36,1.0,-0.06622516556291913,3.705,0.0,2.2761412,-25.086948,0.6,0.0,0.5
0.44109893235283915,-0.016306470751901326,0.5011246199832975,40.5,-0.36,1.0,0.3305154576250331,3.71,0.0,2.2761412,-25.086948,0.6,0.0,0.5
0.4465178131855303,-0.01330269452276823,0.5007138509406708,43.379999999999995,-0.36,1.0,0.0863673818170625,3.715,0.0,2.2761412,-25.086948,0.6,0.0,0.5
0.45083760995953653,-0.006765315538317598,0.5004114804130799,46.44,-0.36,1.0,0.22370067445904596,3.72,0.0,1.8935543,-18.603113,0.6,0.0,0.5
0.4551164204594305,-0.00940617025849697,0.5003322729145128,49.32,-0.36,1.0,-0.08148442030091729,3.725,0.0,1.8935543,-18.603113,0.6,0.0,0.5
0.45998658578452906,-0.0005191247315324178,0.5001025592365926,52.379999999999995,-0.36,1.0,0.2542191839350423,3.73,0.0,1.8935543,-18.603113,0.6,0.0,0.5
0.46467347234109374,-0.00116541480527757,0.499325512671037,55.26,-0.36,1.0,-0.020447401348924643,3.735,0.0,1.8935543,-18.603113,0.6,0.0,0.5
0.46826902050892,-0.011528961939984294,0.4996278053079107,58.32,-0.36,1.0,0.10162663655506066,3.74,0.0,3.5012293,-43.69991,0.6,0.0,0.5
0.4728436442868394,-0.014387083105764621,0.49946312697392625,61.199999999999996,-0.36,1.0,0.1626636555070533,3.745,0.0,3.5012293,-43.69991,0.6,0.0,0.5
0.4774238019395703,-0.006084080929448242,0.49896202013230373,64.08,-0.36,1.0,-0.09674367503891546,3.75,0.0,3.5012293,-43.69991,0.6,0.0,0.5
0.4808680583090516,-0.0020223053547805438,0.4995275514981557,66.78,-0.36,1.0,-0.05096591082492097,3.755,0.0,3.5012293,-43.69991,0.6,0.0,0.5
0.48493950870077,-0.002156523826759831,0.4997783017093969,69.3,-0.36,1.0,0.14740440076905514,3.7600000000000002,0.0,3.073701,-36.60683,0.6,0.0,0.5
0.48846775685765803,-0.008099636184469225,0.5000152775382519,71.82,-0.36,1.0,0.07110812707906433,3.765,0.0,3.073701,-36.60683,0.6,0.0,0.5
0.49216292996758826,-0.012000621766013877,0.5000388621558317,74.16,-0.36,1.0,0.07110812707906433,3.77,0.0,3.073701,-36.60683,0.6,0.0,0.5
0.49644984589135915,-0.009457862415023862,0.49998899732223423,76.14,-0.18,1.0,0.025330362865069844,3.775,0.0,3.073701,-36.60683,0.6,0.0,0.5
0.49958056157167996,-0.016944509879006926,0.5002803143786397,78.11999999999999,-0.18,1.0,0.2847376934110386,3.7800000000000002,0.0,1.4515773,9.931124,0.6,0.6,0.5
0.5021914130701393,-0.01105200495136107,0.500835056133137,79.56,-0.18,1.0,0.11688589129305882,3.785,0.0,1.4515773,9.931124,0.6,0.6,0.5
0.5052007726180784,-0.017017945155033857,0.5012625248806685,80.82,-0.18,1.0,-0.035706656086922806,3.79,0.0,1.4515773,9.931124,0.6,0.6,0.5
0.5074327461434738,-0.027100900753270245,0.5019761450091899,81.72,-0.18,1.0,-0.09674367503891546,3.795,0.0,1.4515773,9.931124,0.6,0.6,0.5
0.5109381916015991,-0.015033873158817103,0.5015657432423729,82.08,-0.18,1.0,0.14740440076905514,3.8000000000000003,0.0,0.88398874,-17.057495,0.5651966214179992,0.0,0.5
0.5126221941748872,-0.02847608196266689,0.502532613300357,82.25999999999999,-0.18,1.0,-0.05096591082492097,3.805,0.0,0.88398874,-17.057495,0.5651966214179992,0.0,0.5
0.5157255037035959,-0.02257084974079948,0.5024174965152793,81.89999999999999,-0.18,1.0,0.1626636555070533,3.81,0.0,0.88398874,-17.057495,0.5651966214179992,0.0,0.5
0.5181834919470507,-0.007636171024686139,0.5027886589043735,81.53999999999999,-0.18,1.0,0.11688589129305882,3.815,0.0,0.88398874,-17.057495,0.5651966214179992,0.0,0.5
0.5213435057260849,-0.011748162876787514,0.5026282327848709,80.64,-0.18,1.0,0.2542191839350423,3.8200000000000003,0.0,5.46716,-85.085205,0.6,0.0,0.5
0.5229575464630346,-0.01597557772351279,0.5033703386065033,79.74,-0.36,1.0,-0.020447401348924643,3.825,0.0,5.46716,-85.085205,0.6,0.0,0.5
0.5258328976008251,0.01074877836642894,0.5029903068118563,78.66,-0.36,1.0,-0.06622516556291913,3.83,0.0,5.46716,-85.085205,0.6,0.0,0.5
0.5275607626260312,-0.008517444584780497,0.5033580501879098,77.58,-0.36,1.0,0.23895992919704412,3.835,0.0,5.46716,-85.085205,0.6,0.0,0.5
0.5284187392410055,-0.02612786721704445,0.504363823962591,76.32,-0.36,1.0,-0.08148442030091729,3.84,0.0,5.742692,-87.95163,0.6,0.0,0.5
0.5305107986048458,-0.009835065733934339,0.5042575417336712,75.24,-0.36,1.0,0.17792291024505147,3.845,0.0,5.742692,-87.95163,0.6,0.0,0.5
0.532469749383456,0.014424443617153886,0.5041665504672002,73.98,-0.36,1.0,-0.08148442030091729,3.85,0.0,5.742692,-87.95163,0.6,0.0,0.5
0.5345357060556165,0.0027764265229193856,0.5040506372823161,72.89999999999999,-0.36,1.0,0.10162663655506066,3.855,0.0,5.742692,-87.95163,0.6,0.0,0.5
0.5357198559623019,-0.006962434480440881,0.5044039010474897,71.64,-0.36,1.0,0.11688589129305882,3.86,0.0,6.085622,-77.475464,0.6,0.0,0.5
0.5369838754363181,0.01346616096589368,0.5048767748009944,70.74,-0.36,1.0,0.05584887234106617,3.865,0.0,6.085622,-77.475464,0.6,0.0,0.5
0.5385240870603238,0.025738416051185386,0.5049482419297043,69.66,-0.36,1.0,0.17792291024505147,3.87,0.0,6.085622,-77.475464,0.6,0.0,0.5
0.5400914899902055,0.036104427002612696,0.5049617627852563,68.75999999999999,-0.36,1.0,0.05584887234106617,3.875,0.0,6.085622,-77.475464,0.6,0.0,0.5
0.5419536693205994,0.07239637095867862,0.5045644921908821,67.86,-0.36,1.0,-0.05096591082492097,3.88,0.0,6.9607134,-82.45509,0.6,0.0,0.5
0.5431919475152763,0.10060649753637846,0.5045152559412107,67.14,-0.36,1.0,-0.06622516556291913,3.8850000000000002,0.0,6.9607134,-82.45509,0.6,0.0,0.5
0.5437358783582318,0.10439338847432793,0.5048935511222552,66.6,-0.36,1.0,-0.11200292977691362,3.89,0.0,6.9607134,-82.45509,0.6,0.0,0.5
0.5445603844955196,0.11278978681234376,0.5049573379132191,66.06,-0.36,1.0,0.025330362865069844,3.895,0.0,6.9607134,-82.45509,0.6,0.0,0.5
0.5446011046641245,0.09973229250117603,0.5054566095645691,65.7,-0.36,1.0,0.2847376934110386,3.9,0.0,6.9018335,-83.40361,0.6,0.0,0.5
0.5450759559680969,0.09841454676905637,0.5053726211127313,65.52,-0.36,1.0,0.04058961760306801,3.9050000000000002,0.0,6.9018335,-83.40361,0.6,0.0,0.5
0.545204835670584,0.09983601222515444,0.5052208981057696,65.52,-0.36,1.0,-0.14252143925290994,3.91,0.0,6.9018335,-83.40361,0.6,0.0,0.5
0.5453615540148119,0.09878832618071018,0.5047802237803025,65.7,-0.36,1.0,-0.08148442030091729,3.915,0.0,6.9018335,-83.40361,0.6,0.0,0.5
0.5448945621734602,0.09153052508955677,0.5048646532364817,65.88,-0.36,1.0,-0.18829920346690443,3.92,0.0,6.4928517,-86.50255,0.6,0.0,0.5
0.5443944978793747,0.06300632048281067,0.5048708169249323,66.06,-0.36,1.0,0.14740440076905514,3.9250000000000003,0.0,6.4928517,-86.50255,0.6,0.0,0.5
0.5442527924466334,0.05629619837623674,0.5044682780490821,66.42,-0.36,1.0,-0.11200292977691362,3.93,0.0,6.4928517,-86.50255,0.6,0.0,0.5
0.5441002533149469,0.06388022350795992,0.504247272678151,66.6,-0.36,1.0,0.2084414197210478,3.935,0.0,6.4928517,-86.50255,0.6,0.0,0.5
0.5435586110687275,0.06263875529903086,0.5042403711800476,67.14,-0.36,1.0,0.14740440076905514,3.94,0.0,7.5558596,-96.54097,0.6,0.0,0.5
0.5434185109225399,0.05180372221099481,0.5039663551203409,67.5,-0.36,1.0,-0.08148442030091729,3.9450000000000003,0.0,7.5558596,-96.54097,0.6,0.0,0.5
0.543714594949051,0.032833114048063945,0.5036170097957757,68.03999999999999,-0.36,1.0,-0.18829920346690443,3.95,0.0,7.5558596,-96.54097,0.6,0.0,0.5
0.5431465526259774,0.01506770783792059,0.5038546585583521,68.39999999999999,-0.36,1.0,0.4983672597430129,3.955,0.0,7.5558596,-96.54097,0.6,0.0,0.5
0.5437983580813728,0.019877155243487914,0.5032589828016487,68.94,-0.36,1.0,0.010071108127071682,3.96,0.0,7.3289566,-87.53985,0.6,0.0,0.5
0.544485046328639,0.010433117215029174,0.5031722085011199,69.3,-0.36,1.0,0.07110812707906433,3.9650000000000003,0.0,7.3289566,-87.53985,0.6,0.0,0.5
0.5451416397455123,0.018910472316948243,0.5031678158194091,69.84,-0.36,1.0,-0.14252143925290994,3.97,0.0,7.3289566,-87.53985,0.6,0.0,0.5
0.5452530476889244,0.01874600754449019,0.5034196906575357,70.2,-0.36,1.0,0.1626636555070533,3.975,0.0,7.3289566,-87.53985,0.6,0.0,0.5
0.5465231711715519,0.008004746954081765,0.5030120990844258,70.56,-0.36,1.0,-0.005188146610926481,3.98,0.0,0.62378216,5.828919,0.4871346473693847,0.6,0.5
0.547729733207085,0.007645844629916751,0.5028284785046991,70.92,-0.36,1.0,0.19318216498304963,3.985,0.0,0.62378216,5.828919,0.4871346473693847,0.6,0.5
0.5491791241828756,0.004239711861469971,0.5023121709835041,71.28,-0.36,1.0,0.11688589129305882,3.99,0.0,0.62378216,5.828919,0.4871346473693847,0.6,0.5
0.5504467315529832,0.020424833257427315,0.5021260089793989,71.46,-0.36,1.0,0.26947843867304044,3.995,0.0,0.62378216,5.828919,0.4871346473693847,0.6,0.5
0.5513865775870804,-0.006804285657986026,0.5020726230571383,71.64,-0.36,1.0,0.025330362865069844,4.0,0.0,-5.8301096,-45.339855,0.0,0.0,0.5
0.5519524637425941,-0.01606306642553121,0.5023845590873218,71.82,-0.36,1.0,0.3762932218390276,4.005,0.0,-5.8301096,-45.339855,0.0,0.0,0.5
0.5532993667807106,-0.013685282812811127,0.5021688709270837,71.82,-0.36,1.0,-0.05096591082492097,4.01,0.0,-5.8301096,-45.339855,0.0,0.0,0.5
0.5540054458858372,-0.01883321364822835,0.5022663329809526,72.0,-0.36,1.0,0.11688589129305882,4.015,0.0,-5.8301096,-45.339855,0.0,0.0,0.5
0.5555930182045821,-0.009636461019546322,0.5016164009735807,71.82,-0.36,1.0,0.010071108127071682,4.0200000000000005,0.0,-7.2781096,-91.93308,0.0,0.0,0.5
0.5560106244630301,-0.015623082999180311,0.5019919368716398,71.82,-0.36,1.0,0.10162663655506066,4.025,0.0,-7.2781096,-91.93308,0.0,0.0,0.5
0.5572904453356986,-0.012512849203126772,0.5017171821963825,71.82,-0.36,1.0,0.10162663655506066,4.03,0.0,-7.2781096,-91.93308,0.0,0.0,0.5
0.5580334771665604,-0.011770445243218625,0.501602558049637,71.64,-0.36,1.0,0.17792291024505147,4.035,0.0,-7.2781096,-91.93308,0.0,0.0,0.5
0.5590403977010572,-0.009088625371432532,0.5015445350343626,71.64,-0.36,1.0,-0.035706656086922806,4.04,0.0,-8.352657,-104.618256,0.0,0.0,0.5
0.5597092356595428,-0.00542421309780811,0.5015502637159278,71.64,-0.36,1.0,0.04058961760306801,4.045,0.0,-8.352657,-104.618256,0.0,0.0,0.5
0.5603394861751873,-0.004168803832610592,0.5014046588966571,71.64,-0.36,1.0,-0.020447401348924643,4.05,0.0,-8.352657,-104.618256,0.0,0.0,0.5
0.5606099940396956,0.0009108714174718619,0.5013664238631502,71.64,-0.36,1.0,0.14740440076905514,4.055,0.0,-8.352657,-104.618256,0.0,0.0,0.5
0.5597531584927774,-0.009541665965726271,0.5016615601640774,71.82,-0.36,1.0,-0.14252143925290994,4.0600000000000005,0.0,-7.996475,-33.809605,0.0,0.0,0.5
0.5594748340773064,-0.015995304281717682,0.5018128944348388,71.82,-0.36,1.0,0.1626636555070533,4.065,0.0,-7.996475,-33.809605,0.0,0.0,0.5
0.5592970062675793,-0.0011644561684554984,0.5017345802506548,71.82,-0.36,1.0,0.0863673818170625,4.07,0.0,-7.996475,-33.809605,0.0,0.0,0.5
0.557452453313709,0.010423951761814248,0.50194404957301,71.82,-0.36,1.0,0.2542191839350423,4.075,0.0,-7.996475,-33.809605,0.0,0.0,0.5
0.5556725324742687,0.02881000115516351,0.5026710381640418,71.82,-0.36,1.0,0.010071108127071682,4.08,0.0,-8.023365,95.69029,0.0,0.6,0.5
0.5552711957289911,0.036876057851285775,0.5028994135463172,71.82,-0.36,1.0,-0.005188146610926481,4.085,0.0,-8.023365,95.69029,0.0,0.6,0.5
0.5529602243717494,0.04214857411138182,0.5033637943466777,71.64,-0.36,1.0,0.17792291024505147,4.09,0.0,-8.023365,95.69029,0.0,0.6,0.5
0.5468563842992294,0.049391282732816205,0.5038803815158899,71.64,-0.36,1.0,0.42207098605302207,4.095,0.0,-8.023365,95.69029,0.0,0.6,0.5
0.5264762694417281,0.03299193031738306,0.5046407854644411,71.46,-0.36,1.0,0.025330362865069844,4.1,0.0,-8.193963,97.028305,0.0,0.6,0.5
0.497765606227347,0.024335893671781537,0.5048942643018086,71.46,-0.36,1.0,0.05584887234106617,4.105,0.0,-8.193963,97.028305,0.0,0.6,0.5
0.4629196901703484,0.033883405101419684,0.5051523732846538,71.1,-0.36,1.0,-0.17303994872890627,4.11,0.0,-8.193963,97.028305,0.0,0.6,0.5
0.42853072878682796,0.03470841255890004,0.5050924866245408,70.74,-0.36,1.0,0.3305154576250331,4.115,0.0,-8.193963,97.028305,0.0,0.6,0.5
0.39343816856057595,0.0364950905459434,0.5048894981854626,70.38,-0.36,1.0,-0.21881771294290076,4.12,0.0,-8.394729,95.67071,0.0,0.6,0.5
0.36010240121745385,0.024112127271395247,0.5051215238748453,69.84,-0.36,1.0,0.2542191839350423,4.125,0.0,-8.394729,95.67071,0.0,0.6,0.5
0.3277775002302622,0.021940127919994962,0.505205696028713,69.3,-0.36,1.0,-0.020447401348924643,4.13,0.0,-8.394729,95.67071,0.0,0.6,0.5
0.29850017407294155,0.03623686882171705,0.5048020982670506,68.75999999999999,-0.36,1.0,0.4068117313150239,4.135,0.0,-8.394729,95.67071,0.0,0.6,0.5
0.27011854978546246,0.027532518207569946,0.5041494493845676,68.03999999999999,-0.36,1.0,0.07110812707906433,4.14,0.003928981284964987,-8.062773,90.64697,0.0,0.6,0.5
0.24334873202609786,0.00882456432249535,0.5045370517613621,67.14,-0.36,1.0,0.04058961760306801,4.1450000000000005,0.003928981284964987,-8.062773,90.64697,0.0,0.6,0.5
0.21849875822408596,0.01782757264034417,0.5037723794647013,66.42,-0.36,1.0,-0.18829920346690443,4.15,0.003928981284964987,-8.062773,90.64697,0.0,0.6,0.5
0.19530625430302267,0.007133029476981691,0.5036778444885436,65.52,-0.36,1.0,0.3610339671010294,4.155,0.003928981284964987,-8.062773,90.64697,0.0,0.6,0.5
0.17346453007653562,-6.0764166286199846e-05,0.50365327195825,64.44,-0.36,1.0,-0.18829920346690443,4.16,0.04807920606298787,-6.1803007,39.37642,0.0,0.6,0.5
0.15459102087913038,0.01298187221330067,0.5030556739568631,63.54,-0.36,1.0,0.26947843867304044,4.165,0.04807920606298787,-6.1803007,39.37642,0.0,0.6,0.5
0.13615275333497648,0.010094454062109412,0.5026005254470308,62.28,-0.36,1.0,-0.06622516556291913,4.17,0.04807920606298787,-6.1803007,39.37642,0.0,0.6,0.5
0.11772008778321512,0.03281695969505032,0.502465090252845,61.199999999999996,-0.36,1.0,0.05584887234106617,4.175,0.04807920606298787,-6.1803007,39.37642,0.0,0.6,0.5
0.11716151401985755,0.0584562606842046,0.5021407279529976,59.94,-0.36,1.0,-0.11200292977691362,4.18,0.31023168126270845,4.436153,-127.15028,0.6,0.0,0.5
0.11308971961076578,0.06611442029020624,0.5018723221850414,58.68,-0.36,1.0,0.2084414197210478,4.1850000000000005,0.31023168126270845,4.436153,-127.15028,0.6,0.0,0.5
0.08415039609605814,0.09332078213097773,0.5018332524795888,57.239999999999995,-0.36,1.0,-0.2035584582049026,4.19,0.31023168126270845,4.436153,-127.15028,0.6,0.0,0.5
0.0689164622636518,0.1177783904624761,0.5016654268150695,55.8,-0.36,1.0,0.34577471236303126,4.195,0.31023168126270845,4.436153,-127.15028,0.6,0.0,0.5
0.0541175280833834,0.13713871591181592,0.5016331110927139,54.18,-0.36,1.0,0.1626636555070533,4.2,1.0555201707652306,2.7115514,-139.75072,0.6,0.0,0.5
0.03932051818991002,0.15894718613042866,0.5020330641391432,52.559999999999995,-0.36,1.0,-0.11200292977691362,4.205,1.0555201707652306,2.7115514,-139.75072,0.6,0.0,0.5
0.04239860693922392,0.1770936225709276,0.5016771122926756,50.94,-0.36,1.0,-0.11200292977691362,4.21,1.0555201707652306,2.7115514,-139.75072,0.6,0.0,0.5
0.03647769227991605,0.19383509136506902,0.501690687998333,49.14,-0.36,1.0,0.22370067445904596,4.215,1.0555201707652306,2.7115514,-139.75072,0.6,0.0,0.5
0.0288043066944879,0.2134863310538936,0.5013834542175816,47.339999999999996,-0.36,1.0,-0.11200292977691362,4.22,1.8936445362115786,5.096735,-115.84303,0.6,0.0,0.5
0.03677310809204202,0.22182790940360897,0.5011798258971144,45.54,-0.36,1.0,0.19318216498304963,4.225,1.8936445362115786,5.096735,-115.84303,0.6,0.0,0.5
0.023596952594218044,0.24328308136494617,0.5008893653717085,43.559999999999995,-0.36,1.0,-0.14252143925290994,4.23,1.8936445362115786,5.096735,-115.84303,0.6,0.0,0.5
0.014389856260739985,0.2655071753067578,0.5010070935614712,41.58,-0.36,1.0,0.19318216498304963,4.235,1.8936445362115786,5.096735,-115.84303,0.6,0.0,0.5
0.007682641878789353,0.27826682721651846,0.5007972978518926,39.42,-0.36,1.0,0.04058961760306801,4.24,1.791356041762556,3.2788436,-98.30593,0.6,0.0,0.5
0.016054668974666883,0.2902298065901848,0.5009232622278333,37.26,-0.36,1.0,0.07110812707906433,4.245,1.791356041762556,3.2788436,-98.30593,0.6,0.0,0.5
0.01847000558881133,0.3119336208909723,0.5011861458467003,34.92,-0.36,1.0,-0.14252143925290994,4.25,1.791356041762556,3.2788436,-98.30593,0.6,0.0,0.5
0.009831784140009642,0.31810813835784957,0.5011781729246428,32.58,-0.36,1.0,0.4831080050050147,4.255,1.791356041762556,3.2788436,-98.30593,0.6,0.0,0.5
0.008556336460310968,0.3202893559293914,0.5012890286707674,30.24,-0.36,1.0,0.14740440076905514,4.26,0.8935459651973038,-6.9540453,-89.60423,0.0,0.0,0.5
0.017693053770338585,0.3316376743716315,0.5016199439794206,27.72,-0.36,1.0,0.17792291024505147,4.265,0.8935459651973038,-6.9540453,-89.60423,0.0,0.0,0.5
0.00852276763115944,0.3335838607300364,0.5019696996254042,25.2,-0.36,1.0,-0.08148442030091729,4.2700000000000005,0.8935459651973038,-6.9540453,-89.60423,0.0,0.0,0.5
0.01014661117955975,0.3306522154404699,0.5020995216150838,22.68,-0.36,1.0,-0.005188146610926481,4.275,0.8935459651973038,-6.9540453,-89.60423,0.0,0.0,0.5
0.02417899669763327,0.3159346393575727,0.5023997885577378,19.98,-0.36,1.0,-0.05096591082492097,4.28,0.23501923861910828,1.2731391,57.507736,0.6,0.6,0.5
0.05190220726302205,0.3040749494546371,0.5029657143584473,17.28,-0.36,1.0,0.19318216498304963,4.285,0.23501923861910828,1.2731391,57.507736,0.6,0.6,0.5
0.0707357087769717,0.3047172579356047,0.5034295968905206,14.399999999999999,-0.36,1.0,-0.035706656086922806,4.29,0.23501923861910828,1.2731391,57.507736,0.6,0.6,0.5
0.09596205374361771,0.2715820681340768,0.503567014749551,11.7,-0.36,1.0,0.34577471236303126,4.295,0.23501923861910828,1.2731391,57.507736,0.6,0.6,0.5
0.1126148118772381,0.24258301378463376,0.5037186312002493,8.82,-0.36,1.0,0.11688589129305882,4.3,0.032594285358584295,-0.28327423,100.810905,0.21501772999763488,0.6,0.5
0.13591974733225637,0.22633556918888081,0.5038093959608186,6.12,-0.36,1.0,2.3752555925168437,4.305,0.032594285358584295,-0.28327423,100.810905,0.21501772999763488,0.6,0.5
0.14869607088687023,0.20683890329700505,0.5038827088902968,3.78,3.5999999999999996,1.0,4.221625415814676,4.3100000000000005,0.032594285358584295,-0.28327423,100.810905,0.21501772999763488,0.6,0.5
0.1665605562803544,0.17621450791726959,0.5065526756711574,2.6999999999999997,5.3999999999999995,1.0,1.2918485061189742,4.315,0.032594285358584295,-0.28327423,100.810905,0.21501772999763488,0.6,0.5
0.18756648385824096,0.15924743151428283,0.5076727623871438,3.06,3.96,1.0,8.860438856166283,4.32,0.0023835871938260823,-7.8242073,94.029816,0.0,0.6,0.5
0.20312404001777648,0.13481043059667186,0.5083954145665105,4.32,3.06,1.0,0.5594042786950055,4.325,0.0023835871938260823,-7.8242073,94.029816,0.0,0.6,0.5
0.21729346079654238,0.1188912242402101,0.5077813286788099,6.4799999999999995,-0.18,1.0,0.025330362865069844,4.33,0.0023835871938260823,-7.8242073,94.029816,0.0,0.6,0.5
0.23670503430340403,0.11161797583378041,0.5056893949190769,7.56,-0.36,1.0,0.3610339671010294,4.335,0.0023835871938260823,-7.8242073,94.029816,0.0,0.6,0.5
0.25300876736083583,0.10067939903228142,0.5051819198709838,9.36,0.54,1.0,0.025330362865069844,4.34,0.0,-8.226229,98.90496,0.0,0.6,0.5
0.26417534511928564,0.09224731974208551,0.5042570831595177,11.52,-0.36,1.0,-0.08148442030091729,4.345,0.0,-8.226229,98.90496,0.0,0.6,0.5
0.27042540732170683,0.07577984759414026,0.5035263988585277,12.959999999999999,-0.36,1.0,-0.38666951506088054,4.3500000000000005,0.0,-8.226229,98.90496,0.0,0.6,0.5
0.27364334350647773,0.05847926245489498,0.5035375775470761,15.12,-0.36,1.0,0.46784875026701656,4.355,0.0,-8.226229,98.90496,0.0,0.6,0.5
0.27700463045574075,0.06966147301808621,0.50342800516678,17.28,-0.36,1.0,-0.18829920346690443,4.36,0.008148462925386084,-8.022998,88.130486,0.0,0.6,0.5
0.2886782487008372,0.05623318116503407,0.5031910847711151,19.439999999999998,-0.36,1.0,0.0863673818170625,4.365,0.008148462925386084,-8.022998,88.130486,0.0,0.6,0.5
0.30279589387927597,0.04942018691871706,0.5032462378333301,21.599999999999998,-0.36,1.0,-0.46296578875087135,4.37,0.008148462925386084,-8.022998,88.130486,0.0,0.6,0.5
0.3129023170932567,0.05192133124275763,0.5032256129289462,23.939999999999998,-0.36,1.0,0.04058961760306801,4.375,0.008148462925386084,-8.022998,88.130486,0.0,0.6,0.5
0.31960651634830034,0.06640868683304407,0.5029600870116298,26.279999999999998,-0.36,1.0,0.025330362865069844,4.38,0.08408854168257147,-8.18799,-16.991135,0.0,0.0,0.5
0.32338276149456435,0.0907115805397731,0.5029184543934077,28.619999999999997,-0.36,1.0,-0.035706656086922806,4.385,0.08408854168257147,-8.18799,-16.991135,0.0,0.0,0.5
0.324562360735496,0.10702667804036853,0.5026300061898187,30.959999999999997,-0.36,1.0,-0.035706656086922806,4.39,0.08408854168257147,-8.18799,-16.991135,0.0,0.0,0.5
0.3232319704696238,0.12918772922952507,0.5023430401927895,33.12,-0.36,1.0,0.07110812707906433,4.3950000000000005,0.08408854168257147,-8.18799,-16.991135,0.0,0.0,0.5
0.321888062872144,0.14198055893674316,0.5023091704084391,35.46,-0.36,1.0,0.1626636555070533,4.4,0.45756150432079956,-7.5974517,-97.54326,0.0,0.0,0.5
0.3201480039257214,0.15426999613266237,0.502314504817157,37.62,-0.36,1.0,0.10162663655506066,4.405,0.45756150432079956,-7.5974517,-97.54326,0.0,0.0,0.5
0.31734680821436195,0.17770652084922595,0.502422897049126,39.6,-0.36,1.0,0.04058961760306801,4.41,0.45756150432079956,-7.5974517,-97.54326,0.0,0.0,0.5
0.3150207743800816,0.20024176240430713,0.5025188010502112,41.58,-0.36,1.0,0.3762932218390276,4.415,0.45756150432079956,-7.5974517,-97.54326,0.0,0.0,0.5
0.31156921746959054,0.21418237507645502,0.5025472193306896,43.379999999999995,-0.36,1.0,-0.005188146610926481,4.42,1.3128456489211027,2.4958937,-107.56139,0.6,0.0,0.5
0.3023636357828397,0.22133334986236278,0.5029319464506268,45.18,-0.36,1.0,0.1626636555070533,4.425,1.3128456489211027,2.4958937,-107.56139,0.6,0.0,0.5
0.28547826216361377,0.2466607913252158,0.5028968585787199,46.8,-0.36,1.0,-0.14252143925290994,4.43,1.3128456489211027,2.4958937,-107.56139,0.6,0.0,0.5
0.2648531454076333,0.261230969400667,0.5031802297844702,48.42,-0.36,1.0,0.10162663655506066,4.4350000000000005,1.3128456489211027,2.4958937,-107.56139,0.6,0.0,0.5
0.24128394264855074,0.28747867337268923,0.5033622866433896,49.68,-0.36,1.0,0.05584887234106617,4.44,1.9862293302026353,5.903619,-103.94368,0.6,0.0,0.5
0.21773868926774748,0.2850948765082556,0.5035730297007565,50.94,-0.36,1.0,0.04058961760306801,4.445,1.9862293302026353,5.903619,-103.94368,0.6,0.0,0.5
0.1941653058048864,0.3065938435106429,0.5039268713748047,51.839999999999996,-0.36,1.0,-0.31037324137088973,4.45,1.9862293302026353,5.903619,-103.94368,0.6,0.0,0.5
0.17283158183764277,0.32055095228782804,0.5038396459956292,52.379999999999995,-0.18,1.0,0.1626636555070533,4.455,1.9862293302026353,5.903619,-103.94368,0.6,0.0,0.5
0.1517201232282571,0.33505714120088137,0.5040998853298517,52.919999999999995,-0.18,1.0,-0.005188146610926481,4.46,1.5845160545884256,5.677389,-86.784355,0.6,0.0,0.5
0.13553332953642716,0.3422754505136168,0.5041303721945187,52.919999999999995,-0.18,1.0,0.26947843867304044,4.465,1.5845160545884256,5.677389,-86.784355,0.6,0.0,0.5
0.1163980862410729,0.34509706684361185,0.5041494562643969,52.739999999999995,-0.18,1.0,-0.06622516556291913,4.47,1.5845160545884256,5.677389,-86.784355,0.6,0.0,0.5
0.10939150500757296,0.3467224196601724,0.504053502248589,52.379999999999995,-0.36,1.0,0.010071108127071682,4.4750000000000005,1.5845160545884256,5.677389,-86.784355,0.6,0.0,0.5
0.09245732768370313,0.34743075131931894,0.5040490816574275,51.839999999999996,-0.36,1.0,0.07110812707906433,4.48,0.6665234423736586,5.614899,-64.610725,0.6,0.0,0.5
0.09416734970551364,0.3485785788867833,0.5041349071163493,50.94,-0.36,1.0,-0.005188146610926481,4.485,0.6665234423736586,5.614899,-64.610725,0.6,0.0,0.5
0.08449058063480808,0.3364591421121968,0.5042168287527014,50.04,-0.36,1.0,-0.11200292977691362,4.49,0.6665234423736586,5.614899,-64.610725,0.6,0.0,0.5
0.06879246906152899,0.3155466245596487,0.5045239080645789,49.14,-0.36,1.0,0.2847376934110386,4.495,0.6665234423736586,5.614899,-64.610725,0.6,0.0,0.5
0.05993504744391044,0.27747572805441906,0.5044098489631195,47.879999999999995,-0.36,1.0,0.0863673818170625,4.5,0.1478378864147051,5.12432,-85.42946,0.6,0.0,0.5
0.050501475331694225,0.25173714705351924,0.5044092795696967,46.8,-0.36,1.0,0.05584887234106617,4.505,0.1478378864147051,5.12432,-85.42946,0.6,0.0,0.5
0.04847385746320733,0.2360074397675817,0.5042493239143878,45.54,-0.36,1.0,-0.05096591082492097,4.51,0.1478378864147051,5.12432,-85.42946,0.6,0.0,0.5
0.04630149919547263,0.2121440851271587,0.5042287654035159,44.28,-0.36,1.0,-0.14252143925290994,4.515,0.1478378864147051,5.12432,-85.42946,0.6,0.0,0.5
0.069648591990151,0.18613952671619782,0.5038684370819686,42.839999999999996,-0.36,1.0,0.025330362865069844,4.5200000000000005,0.017290501618853725,1.5802083,-88.56883,0.6,0.0,0.5
0.09812930746055751,0.15851425493709928,0.503899032087418,41.4,-0.36,1.0,0.17792291024505147,4.525,0.017290501618853725,1.5802083,-88.56883,0.6,0.0,0.5
0.10607813685534392,0.14508323998013145,0.5038924918209582,39.78,-0.36,1.0,-0.020447401348924643,4.53,0.017290501618853725,1.5802083,-88.56883,0.6,0.0,0.5
0.11825854802490639,0.12535607024598105,0.5037549778615799,38.16,-0.36,1.0,-0.005188146610926481,4.535,0.017290501618853725,1.5802083,-88.56883,0.6,0.0,0.5
0.13965833610312442,0.1134109078330599,0.5034149650240952,36.54,-0.36,1.0,0.23895992919704412,4.54,0.0010663038379531652,6.5319166,-66.44107,0.6,0.0,0.5
0.16382744103721092,0.08993994771465737,0.5034399042138479,34.92,-0.36,1.0,-0.12726218451491178,4.545,0.0010663038379531652,6.5319166,-66.44107,0.6,0.0,0.5
0.18241468204955408,0.09510257363819571,0.5029945624997288,33.12,-0.36,1.0,0.22370067445904596,4.55,0.0010663038379531652,6.5319166,-66.44107,0.6,0.0,0.5
0.20116660175749862,0.06773831343096784,0.5031571229300609,31.14,-0.36,1.0,0.010071108127071682,4.555,0.0010663038379531652,6.5319166,-66.44107,0.6,0.0,0.5
0.22179214812873896,0.05894499966119949,0.5029289814901624,29.16,-0.36,1.0,-0.08148442030091729,4.5600000000000005,0.0,4.3054123,-49.600487,0.6,0.0,0.5
0.23852791824057673,0.06303174436762715,0.5028766425750569,27.36,-0.36,1.0,0.010071108127071682,4.565,0.0,4.3054123,-49.600487,0.6,0.0,0.5
0.2545868635038002,0.0522635120215965,0.5033629257565759,25.38,-0.36,1.0,0.010071108127071682,4.57,0.0,4.3054123,-49.600487,0.6,0.0,0.5
0.274584247480507,0.04628311351747481,0.5028569400659513,23.58,-0.36,1.0,-0.005188146610926481,4.575,0.0,4.3054123,-49.600487,0.6,0.0,0.5
0.2907438432704414,0.03905352875980389,0.5027739905263596,21.779999999999998,-0.36,1.0,0.11688589129305882,4.58,0.0,5.70065,-81.14951,0.6,0.0,0.5
0.30631533825379814,0.023692305083573104,0.5027769574965933,20.34,-0.36,1.0,-0.06622516556291913,4.585,0.0,5.70065,-81.14951,0.6,0.0,0.5
0.32427993242436276,0.018704481823787936,0.5026560250547533,18.9,-0.36,1.0,0.14740440076905514,4.59,0.0,5.70065,-81.14951,0.6,0.0,0.5
0.3393198954118284,0.016926165943578497,0.5025053155991859,17.82,-0.36,1.0,0.07110812707906433,4.595,0.0,5.70065,-81.14951,0.6,0.0,0.5
0.3508449080691667,0.0031299648131397715,0.5027218134526227,17.099999999999998,-0.36,1.0,-0.11200292977691362,4.6000000000000005,0.0,6.2829957,-73.7019,0.6,0.0,0.5
0.3659276634813908,0.016484910896081797,0.5025289975799225,16.919999999999998,-0.54,1.0,-0.09674367503891546,4.605,0.0,6.2829957,-73.7019,0.6,0.0,0.5
0.37918491964296536,0.01708771693694087,0.5022247611694386,16.919999999999998,-0.54,1.0,0.11688589129305882,4.61,0.0,6.2829957,-73.7019,0.6,0.0,0.5
0.3897715245720868,0.02186365368490078,0.5015204216113203,17.28,-0.36,1.0,-0.035706656086922806,4.615,0.0,6.2829957,-73.7019,0.6,0.0,0.5
0.4006623097864612,0.008734119308441384,0.5015147169574394,18.18,-0.54,1.0,0.1626636555070533,4.62,0.0,5.6586614,-93.11284,0.6,0.0,0.5
0.41052791519667325,0.0016955340613678293,0.5015006272639903,19.439999999999998,-0.54,1.0,0.07110812707906433,4.625,0.0,5.6586614,-93.11284,0.6,0.0,0.5
0.41706214134018366,0.012474335270670578,0.501470783499135,20.88,-0.54,1.0,-0.035706656086922806,4.63,0.0,5.6586614,-93.11284,0.6,0.0,0.5
0.4247859399903603,-0.00566701012736086,0.5012803187130455,22.86,-0.54,1.0,-0.035706656086922806,4.635,0.0,5.6586614,-93.11284,0.6,0.0,0.5
0.43133074974153013,-0.005196626921864133,0.501212084689142,25.2,-0.54,1.0,0.29999694814903677,4.64,0.0,6.43371,-82.49457,0.6,0.0,0.5
0.4363647477642825,-0.018682279412951343,0.5005058991406319,27.72,-0.36,1.0,-0.005188146610926481,4.6450000000000005,0.0,6.43371,-82.49457,0.6,0.0,0.5
0.44118063853277767,-0.03475239125405228,0.5004670272055373,30.599999999999998,-0.36,1.0,0.31525620288703493,4.65,0.0,6.43371,-82.49457,0.6,0.0,0.5
0.4468673965784372,-0.026116323358158274,0.5001882378146086,33.48,-0.36,1.0,-0.020447401348924643,4.655,0.0,6.43371,-82.49457,0.6,0.0,0.5
0.4508313878239247,-0.009757991014110493,0.49996380834413906,36.72,-0.36,1.0,0.04058961760306801,4.66,0.0,6.9106054,-86.91452,0.6,0.0,0.5
0.4550260844651394,-0.01455071624393095,0.49976037522935396,40.14,-0.36,1.0,0.04058961760306801,4.665,0.0,6.9106054,-86.91452,0.6,0.0,0.5
0.4594358983935845,-0.004655650490849723,0.49967295593304717,43.559999999999995,-0.36,1.0,0.19318216498304963,4.67,0.0,6.9106054,-86.91452,0.6,0.0,0.5
0.46268183220775266,-0.004146729044974756,0.4998144827814682,47.16,-0.36,1.0,-0.06622516556291913,4.675,0.0,6.9106054,-86.91452,0.6,0.0,0.5
0.46578352687012425,-0.01088138020998104,0.5000722190519209,50.76,-0.36,1.0,0.14740440076905514,4.68,0.0,5.666897,-76.763016,0.6,0.0,0.5
0.4708102948193825,-0.0008733630311496311,0.4994312435994949,54.36,-0.36,1.0,-0.020447401348924643,4.6850000000000005,0.0,5.666897,-76.763016,0.6,0.0,0.5
0.474659995009016,-0.003228785273871444,0.4993301970112755,57.96,-0.36,1.0,0.04058961760306801,4.69,0.0,5.666897,-76.763016,0.6,0.0,0.5
0.4786043080232954,0.0009686179235773074,0.499476546735541,61.559999999999995,-0.36,1.0,0.04058961760306801,4.695,0.0,5.666897,-76.763016,0.6,0.0,0.5
0.48284326578254,-1.9064316818393605e-05,0.4998226254183971,64.98,-0.36,1.0,-0.020447401348924643,4.7,0.0,6.1260414,-82.28169,0.6,0.0,0.5
0.48695242859984067,-0.008308524889988456,0.5000384281497786,68.39999999999999,-0.36,1.0,-0.035706656086922806,4.705,0.0,6.1260414,-82.28169,0.6,0.0,0.5
0.4906264898340087,-0.008351969953142965,0.5004086322475135,71.64,-0.36,1.0,0.010071108127071682,4.71,0.0,6.1260414,-82.28169,0.6,0.0,0.5
0.49456357178029536,-0.016121728415416935,0.5008590099372515,74.7,-0.36,1.0,0.07110812707906433,4.715,0.0,6.1260414,-82.28169,0.6,0.0,0.5
0.49834880213270705,-0.018602250388306662,0.5013253021332357,77.58,-0.36,1.0,0.17792291024505147,4.72,0.0,6.557347,-77.87019,0.6,0.0,0.5
0.5014466583404759,-0.025916775437766725,0.5019328507210179,80.1,-0.18,1.0,-0.09674367503891546,4.7250000000000005,0.0,6.557347,-77.87019,0.6,0.0,0.5
0.5048899003743822,-0.009090412503264384,0.5027805604898891,82.25999999999999,-0.18,1.0,-0.005188146610926481,4.73,0.0,6.557347,-77.87019,0.6,0.0,0.5
0.5077920973721697,-0.02570069411449072,0.5034250560257004,84.06,-0.18,1.0,0.11688589129305882,4.735,0.0,6.557347,-77.87019,0.6,0.0,0.5
0.5113794003815162,-0.0014143178644611411,0.5035515858328754,85.32,-0.18,1.0,0.3610339671010294,4.74,0.0,6.2652097,-64.35036,0.6,0.0,0.5
0.5139669645520096,-0.009067969087540227,0.5039630386004212,86.03999999999999,-0.18,1.0,-0.020447401348924643,4.745,0.0,6.2652097,-64.35036,0.6,0.0,0.5
0.5168905601647733,-0.004245471684745581,0.5042170641196282,86.22,-0.18,1.0,0.07110812707906433,4.75,0.0,6.2652097,-64.35036,0.6,0.0,0.5
0.5193957838851557,-0.00799855619315578,0.5041733039206898,86.03999999999999,-0.18,1.0,-0.2035584582049026,4.755,0.0,6.2652097,-64.35036,0.6,0.0,0.5
0.5217743175067009,0.0036494050868449575,0.5042709944945873,85.32,-0.18,1.0,0.0863673818170625,4.76,0.0,-7.5841885,-85.96226,0.0,0.0,0.5
0.523834870408279,0.007421430404103472,0.5046281167350684,84.24,-0.18,1.0,-0.05096591082492097,4.765,0.0,-7.5841885,-85.96226,0.0,0.0,0.5
0.5253819386376999,-0.007189205888388643,0.5048676774309436,82.98,-0.36,1.0,0.23895992919704412,4.7700000000000005,0.0,-7.5841885,-85.96226,0.0,0.0,0.5
0.5265843078635007,-0.019977721783533096,0.5051836892930501,81.53999999999999,-0.36,1.0,0.025330362865069844,4.775,0.0,-7.5841885,-85.96226,0.0,0.0,0.5
0.5290827748932795,-0.024047809751168873,0.5048349941924081,79.92,-0.36,1.0,0.22370067445904596,4.78,0.0,-6.9623213,-73.47686,0.0,0.0,0.5
0.5313932161533612,-0.0170996209141515,0.5045193517142053,78.3,-0.36,1.0,0.04058961760306801,4.785,0.0,-6.9623213,-73.47686,0.0,0.0,0.5
0.5329654167217949,-0.016137627809012817,0.5043754848487276,76.67999999999999,-0.36,1.0,0.025330362865069844,4.79,0.0,-6.9623213,-73.47686,0.0,0.0,0.5
0.5347810416688548,-0.023113672116924982,0.5042613289786515,74.88,-0.36,1.0,-0.005188146610926481,4.795,0.0,-6.9623213,-73.47686,0.0,0.0,0.5
0.5360162745288443,-0.025584685393865825,0.5042154312873717,73.25999999999999,-0.36,1.0,0.0863673818170625,4.8,0.0,-6.4347677,-95.1456,0.0,0.0,0.5
0.5380916623889337,-0.010833873982261459,0.5033921699140653,71.64,-0.36,1.0,-0.005188146610926481,4.805,0.0,-6.4347677,-95.1456,0.0,0.0,0.5
0.5394016875710216,-0.003950379440204771,0.5035377556148637,70.2,-0.36,1.0,0.2542191839350423,4.8100000000000005,0.0,-6.4347677,-95.1456,0.0,0.0,0.5
0.5409356809080709,-0.008234272992946228,0.5034534406768931,68.75999999999999,-0.36,1.0,-0.020447401348924643,4.815,0.0,-6.4347677,-95.1456,0.0,0.0,0.5
0.5426432350553698,-0.01503076434375049,0.5031613342950432,67.32,-0.36,1.0,0.010071108127071682,4.82,0.0,-3.9747837,-44.842194,0.0,0.0,0.5
0.5451398927591079,-0.010745248313716864,0.5024055511778608,66.24,-0.36,1.0,-0.14252143925290994,4.825,0.0,-3.9747837,-44.842194,0.0,0.0,0.5
0.5462431222542984,-0.00829852295793371,0.5026425866247535,65.34,-0.36,1.0,0.2847376934110386,4.83,0.0,-3.9747837,-44.842194,0.0,0.0,0.5
0.5473234540081324,-0.0161956038457535,0.502760161492424,64.44,-0.36,1.0,-0.23407696768089892,4.835,0.0,-3.9747837,-44.842194,0.0,0.0,0.5
0.5490881095049411,-0.01138274097653864,0.5025340912821078,63.9,-0.36,1.0,0.34577471236303126,4.84,0.0,-4.9266233,83.553795,0.0,0.6,0.5
0.5505491759236059,-0.008785566523185413,0.5021797114527701,63.54,-0.36,1.0,-0.1577806939909081,4.845,0.0,-4.9266233,83.553795,0.0,0.6,0.5
0.5510317115235956,-0.006939239339549812,0.5022534869420012,63.36,-0.36,1.0,0.11688589129305882,4.8500000000000005,0.0,-4.9266233,83.553795,0.0,0.6,0.5
0.5500215460056181,0.008317803416358191,0.5025594579306649,63.36,-0.36,1.0,0.2084414197210478,4.855,0.0,-4.9266233,83.553795,0.0,0.6,0.5
0.5480220999401532,-0.0011775623090770327,0.502936482251953,63.54,-0.36,1.0,0.04058961760306801,4.86,0.0,-7.596511,82.14708,0.0,0.6,0.5
0.5477237241715414,-0.007249672167343696,0.5027849116913414,63.72,-0.36,1.0,0.04058961760306801,4.865,0.0,-7.596511,82.14708,0.0,0.6,0.5
0.5451663783916841,-0.011875063224256441,0.5032944883690571,64.08,-0.36,1.0,0.05584887234106617,4.87,0.0,-7.596511,82.14708,0.0,0.6,0.5
0.5409601785772807,-0.021233880810913573,0.5035639641552366,64.44,-0.36,1.0,-0.09674367503891546,4.875,0.0,-7.596511,82.14708,0.0,0.6,0.5
0.5286163954074111,-0.015084776844811847,0.5038173334102188,64.98,-0.36,1.0,0.14740440076905514,4.88,0.0,-8.119775,97.41684,0.0,0.6,0.5
0.5033358365180064,-0.006794316446676141,0.5039413762513916,65.34,-0.36,1.0,-0.23407696768089892,4.885,0.0,-8.119775,97.41684,0.0,0.6,0.5
0.4702000821461684,-0.007169421443058357,0.5043047228671644,65.88,-0.36,1.0,-0.11200292977691362,4.89,0.0,-8.119775,97.41684,0.0,0.6,0.5
0.4358401693526472,0.004704634734871786,0.5037162266112155,66.06,-0.36,1.0,-0.020447401348924643,4.8950000000000005,0.0,-8.119775,97.41684,0.0,0.6,0.5
0.40099807908509877,-0.006669582614628519,0.5037952376491848,66.24,-0.36,1.0,0.10162663655506066,4.9,0.0008935306127076685,-7.774931,89.43132,0.0,0.6,0.5
0.3670528728093253,-0.013443476948436417,0.5040942176244544,66.42,-0.36,1.0,-0.035706656086922806,4.905,0.0008935306127076685,-7.774931,89.43132,0.0,0.6,0.5
0.33604679620347616,-0.010838995333428428,0.5034273382858807,66.42,-0.36,1.0,0.11688589129305882,4.91,0.0008935306127076685,-7.774931,89.43132,0.0,0.6,0.5
0.30527929583848007,-0.010682634175231513,0.503318155354253,66.24,-0.36,1.0,-0.005188146610926481,4.915,0.0008935306127076685,-7.774931,89.43132,0.0,0.6,0.5
0.27607478072917246,-0.015392089044769403,0.5034373099816596,66.06,-0.36,1.0,0.1626636555070533,4.92,0.0150232387150785,-7.439664,82.35898,0.0,0.6,0.5
0.248416433391425,-0.022581466062981805,0.5034409355358884,65.88,-0.36,1.0,0.05584887234106617,4.925,0.0150232387150785,-7.439664,82.35898,0.0,0.6,0.5
0.22270526415468198,-0.012517124753161295,0.5034746035356193,65.52,-0.36,1.0,-0.005188146610926481,4.93,0.0150232387150785,-7.439664,82.35898,0.0,0.6,0.5
0.19833504366556862,0.006777278050130919,0.5034071706971696,65.16,-0.36,1.0,-0.09674367503891546,4.9350000000000005,0.0150232387150785,-7.439664,82.35898,0.0,0.6,0.5
0.17663868214850464,0.01596929925067085,0.5031698135981826,64.8,-0.36,1.0,0.4068117313150239,4.94,0.1331892678630342,-7.2955484,37.94169,0.0,0.6,0.5
0.15701383663284496,0.05700328805495039,0.5025628607431115,64.25999999999999,-0.36,1.0,-0.05096591082492097,4.945,0.1331892678630342,-7.2955484,37.94169,0.0,0.6,0.5
0.13832286300510266,0.08119858452172676,0.5027140134451868,63.54,-0.36,1.0,0.10162663655506066,4.95,0.1331892678630342,-7.2955484,37.94169,0.0,0.6,0.5
0.1225894457718302,0.0947761914240895,0.5026574143067102,62.82,-0.36,1.0,0.0863673818170625,4.955,0.1331892678630342,-7.2955484,37.94169,0.0,0.6,0.5
0.11833754374426667,0.10992005392344445,0.5022449165715278,62.099999999999994,-0.36,1.0,0.2542191839350423,4.96,0.622624816450954,-4.8864884,-76.4056,0.0,0.0,0.5
0.1031303294334948,0.13924253609656037,0.5020340757001067,61.199999999999996,-0.36,1.0,-0.06622516556291913,4.965,0.622624816450954,-4.8864884,-76.4056,0.0,0.0,0.5
0.0971969638117664,0.14555872885376048,0.5019081808150954,60.3,-0.36,1.0,0.14740440076905514,4.97,0.622624816450954,-4.8864884,-76.4056,0.0,0.0,0.5
0.0848145299913744,0.1643928316914177,0.5016063981377615,59.22,-0.36,1.0,-0.18829920346690443,4.9750000000000005,0.622624816450954,-4.8864884,-76.4056,0.0,0.0,0.5
0.07686505159670454,0.1837521651758824,0.5019013765296071,57.96,-0.36,1.0,0.19318216498304963,4.98,1.5347412053251952,6.3984165,-89.419655,0.6,0.0,0.5
0.06200755045155844,0.20394577461634872,0.5016920810412381,56.699999999999996,-0.36,1.0,-0.21881771294290076,4.985,1.5347412053251952,6.3984165,-89.419655,0.6,0.0,0.5
0.0523330376451928,0.22472898594104615,0.5015200956070959,55.44,-0.36,1.0,0.2542191839350423,4.99,1.5347412053251952,6.3984165,-89.419655,0.6,0.0,0.5
0.04612147139263993,0.24052192924189564,0.501422444008414,54.0,-0.36,1.0,-0.11200292977691362,4.995,1.5347412053251952,6.3984165,-89.419655,0.6,0.0,0.5
0.03140040834822793,0.2546046586331982,0.5018761712236447,52.379999999999995,-0.36,1.0,0.2084414197210478,5.0,1.9947818665314276,5.48789,-64.77499,0.6,0.0,0.5
0.028284733986106085,0.2719138713578383,0.501866605348444,50.76,-0.36,1.0,-0.005188146610926481,5.005,1.9947818665314276,5.48789,-64.77499,0.6,0.0,0.5
0.024445233335639232,0.2818100798313764,0.5019026649157722,48.96,-0.36,1.0,0.26947843867304044,5.01,1.9947818665314276,5.48789,-64.77499,0.6,0.0,0.5
0.012756583691793336,0.305573364967087,0.5023996222702277,47.16,-0.36,1.0,0.10162663655506066,5.015,1.9947818665314276,5.48789,-64.77499,0.6,0.0,0.5
0.010968264929906334,0.3092231883275124,0.5022666110707443,45.0,-0.36,1.0,0.22370067445904596,5.0200000000000005,1.3671217776072575,5.313486,-73.37401,0.6,0.0,0.5
0.010482498333764849,0.3265764002649351,0.502864732546328,42.839999999999996,-0.36,1.0,-0.08148442030091729,5.025,1.3671217776072575,5.313486,-73.37401,0.6,0.0,0.5
0.005335126841751815,0.3421177974205308,0.5033545227226364,40.68,-0.36,1.0,0.05584887234106617,5.03,1.3671217776072575,5.313486,-73.37401,0.6,0.0,0.5
-7.007913109002996e-05,0.35674933316634705,0.5037193309829285,38.339999999999996,-0.36,1.0,0.1626636555070533,5.035,1.3671217776072575,5.313486,-73.37401,0.6,0.0,0.5
-0.00406814629300173,0.35685168843850007,0.5040976513642803,36.0,-0.36,1.0,0.2847376934110386,5.04,0.49404956686019913,3.202534,-73.73313,0.6,0.0,0.5
0.00978008758143437,0.36299884731079246,0.5044403533012847,33.48,-0.36,1.0,0.07110812707906433,5.045,0.49404956686019913,3.202534,-73.73313,0.6,0.0,0.5
-0.001814706213742489,0.35571923004498224,0.5047585361633788,30.779999999999998,-0.36,1.0,0.010071108127071682,5.05,0.49404956686019913,3.202534,-73.73313,0.6,0.0,0.5
-0.00709662057658103,0.36034127739514915,0.504756032529139,28.259999999999998,-0.36,1.0,-0.09674367503891546,5.055,0.49404956686019913,3.202534,-73.73313,0.6,0.0,0.5
0.0072667038536050966,0.35908105536887364,0.5052062036835939,25.56,-0.36,1.0,0.19318216498304963,5.0600000000000005,0.09414242388093563,5.078717,-59.960533,0.6,0.0,0.5
0.011945313141656894,0.3395115299609862,0.505398622892559,22.68,-0.36,1.0,-0.08148442030091729,5.065,0.09414242388093563,5.078717,-59.960533,0.6,0.0,0.5
0.01668701129452118,0.3130571279099325,0.5058295057802205,19.8,-0.36,1.0,0.2084414197210478,5.07,0.09414242388093563,5.078717,-59.960533,0.6,0.0,0.5
0.022602572032173276,0.304762967057058,0.5056884988077968,16.919999999999998,-0.36,1.0,-0.035706656086922806,5.075,0.09414242388093563,5.078717,-59.960533,0.6,0.0,0.5
0.044139641634670906,0.2758946320508117,0.5054689162854856,14.04,-0.36,1.0,0.23895992919704412,5.08,0.009459142334084803,3.7099595,-58.984154,0.6,0.0,0.5
0.06317000113449117,0.24411841412919696,0.5055731442807339,10.98,-0.36,1.0,0.26947843867304044,5.085,0.009459142334084803,3.7099595,-58.984154,0.6,0.0,0.5
0.0867771468651967,0.21309298596033366,0.5051158050159842,8.1,-0.36,1.0,0.2542191839350423,5.09,0.009459142334084803,3.7099595,-58.984154,0.6,0.0,0.5
0.10136852417687836,0.1821823385151067,0.5046769147294936,4.859999999999999,0.18,1.0,22.51747184667503,5.095,0.009459142334084803,3.7099595,-58.984154,0.6,0.0,0.5
0.11803832508306414,0.16951995135256986,0.5056660095084444,2.88,5.22,1.0,3.0161442915128216,5.1000000000000005,0.0,3.1548676,-76.48364,0.6,0.0,0.5
0.13555050192569076,0.16385692880466998,0.5075842698076642,1.7999999999999998,6.3,1.0,-0.09674367503891546,5.105,0.0,3.1548676,-76.48364,0.6,0.0,0.5
0.14951506022244357,0.1364095617028521,0.5088881051921589,2.16,5.58,1.0,7.288735618152419,5.11,0.0,3.1548676,-76.48364,0.6,0.0,0.5
0.1721862737843431,0.12991541093601233,0.5101415422124866,3.5999999999999996,3.96,1.0,1.1545152134769907,5.115,0.0,3.1548676,-76.48364,0.6,0.0,0.5
0.192154648108287,0.1039239795109456,0.5091203847604867,5.9399999999999995,0.54,1.0,0.4983672597430129,5.12,0.0,-3.6894915,-48.65172,0.0,0.0,0.5
0.20589117584938013,0.1022712712443218,0.5060466222065158,7.199999999999999,-0.36,1.0,0.07110812707906433,5.125,0.0,-3.6894915,-48.65172,0.0,0.0,0.5
0.2258449215693031,0.08788386645448075,0.5055263523131307,9.18,0.18,1.0,-0.08148442030091729,5.13,0.0,-3.6894915,-48.65172,0.0,0.0,0.5
0.24490897417381152,0.070295896501565,0.5043462027209518,11.34,-0.54,1.0,-0.34089175084688605,5.135,0.0,-3.6894915,-48.65172,0.0,0.0,0.5
0.2592421701663028,0.06533092271057245,0.5023113124143471,13.139999999999999,-0.36,1.0,-0.5392620624408622,5.14,0.0,-3.3263035,107.52919,0.0,0.6,0.5
0.27415024835102925,0.05617165587080314,0.5032782761354089,15.299999999999999,-0.36,1.0,0.010071108127071682,5.1450000000000005,0.0,-3.3263035,107.52919,0.0,0.6,0.5
0.2922803092451462,0.0578089072032673,0.5029115086727622,17.64,-0.36,1.0,0.11688589129305882,5.15,0.0,-3.3263035,107.52919,0.0,0.6,0.5
0.30525343737139965,0.04506226646506923,0.5017561974837406,20.16,-0.36,1.0,0.10162663655506066,5.155,0.0,-3.3263035,107.52919,0.0,0.6,0.5
0.31933548052562194,0.03705720962839818,0.5017860113909904,22.68,-0.36,1.0,-0.05096591082492097,5.16,0.0,-5.985695,74.80162,0.0,0.6,0.5
0.3341017681208011,0.03916926736092301,0.5015211155184159,25.2,-0.36,1.0,0.17792291024505147,5.165,0.0,-5.985695,74.80162,0.0,0.6,0.5
0.3462443905130185,0.040394394174963745,0.5007464028341139,27.9,-0.36,1.0,0.2542191839350423,5.17,0.0,-5.985695,74.80162,0.0,0.6,0.5
0.3569745602434515,0.020064265426958106,0.5010745090121039,30.779999999999998,-0.36,1.0,0.17792291024505147,5.175,0.0,-5.985695,74.80162,0.0,0.6,0.5
0.36950052035575204,0.007784307206317335,0.5011280183521776,33.66,-0.36,1.0,0.19318216498304963,5.18,0.0,-7.2524185,88.3587,0.0,0.6,0.5
0.3802444735506128,0.01580745089903007,0.5003941246499503,36.54,-0.36,1.0,0.05584887234106617,5.1850000000000005,0.0,-7.2524185,88.3587,0.0,0.6,0.5
0.39020661154140435,-2.110651041003482e-05,0.4997881588829395,39.6,-0.36,1.0,-0.035706656086922806,5.19,0.0,-7.2524185,88.3587,0.0,0.6,0.5
0.4002979757787508,-0.004356815504264631,0.499422588929845,42.66,-0.36,1.0,0.0863673818170625,5.195,0.0,-7.2524185,88.3587,0.0,0.6,0.5
0.40755177692283157,-0.012188452138729199,0.49988335169072257,45.54,-0.36,1.0,0.11688589129305882,5.2,0.0016056080726027655,-7.884281,91.16431,0.0,0.6,0.5
0.41088581784906825,-0.02134378581624952,0.49958303530002807,48.6,-0.36,1.0,0.10162663655506066,5.205,0.0016056080726027655,-7.884281,91.16431,0.0,0.6,0.5
0.40942566898045124,-0.004732311908409065,0.49904889279502274,51.48,-0.36,1.0,-0.020447401348924643,5.21,0.0016056080726027655,-7.884281,91.16431,0.0,0.6,0.5
0.4059399305634762,-0.004832060018743953,0.49946836277690854,54.18,-0.36,1.0,0.0863673818170625,5.215,0.0016056080726027655,-7.884281,91.16431,0.0,0.6,0.5
0.40279480485951286,-0.012379330439417057,0.49924796728594595,57.059999999999995,-0.36,1.0,0.010071108127071682,5.22,0.023901587506559564,-7.7952795,88.33275,0.0,0.6,0.5
0.39469556600245326,-0.014614408704641634,0.4988373265170799,59.58,-0.36,1.0,0.0863673818170625,5.2250000000000005,0.023901587506559564,-7.7952795,88.33275,0.0,0.6,0.5
0.3783439143961576,0.004439494501283032,0.49877440366293696,62.28,-0.36,1.0,-0.08148442030091729,5.23,0.023901587506559564,-7.7952795,88.33275,0.0,0.6,0.5
0.35503465326249667,0.016167551130707374,0.49893298872583386,64.62,-0.36,1.0,0.2084414197210478,5.235,0.023901587506559564,-7.7952795,88.33275,0.0,0.6,0.5
0.32823153763767526,0.02298752504694985,0.49909746584308035,66.96,-0.36,1.0,-0.23407696768089892,5.24,0.1876141036155322,-6.190728,17.004826,0.0,0.6,0.5
0.2999067815361625,0.02765257450758946,0.4988072485396994,69.12,-0.36,1.0,0.10162663655506066,5.245,0.1876141036155322,-6.190728,17.004826,0.0,0.6,0.5
0.2716957536866817,0.06224780324047257,0.4990516714528799,71.1,-0.36,1.0,0.10162663655506066,5.25,0.1876141036155322,-6.190728,17.004826,0.0,0.6,0.5
0.24376610896186102,0.08064461413090108,0.4989172172066716,72.89999999999999,-0.36,1.0,0.07110812707906433,5.255,0.1876141036155322,-6.190728,17.004826,0.0,0.6,0.5
0.2175553045501175,0.09195374220218419,0.49870773206848473,74.16,-0.36,1.0,0.05584887234106617,5.26,0.7765255501264512,6.8142033,-86.86607,0.6,0.0,0.5
0.19259822658039305,0.11109583135131851,0.49892744576896625,75.24,-0.18,1.0,0.26947843867304044,5.265,0.7765255501264512,6.8142033,-86.86607,0.6,0.0,0.5
0.17027827921984082,0.13044512728526234,0.4989476200110937,75.96,-0.18,1.0,-0.17303994872890627,5.2700000000000005,0.7765255501264512,6.8142033,-86.86607,0.6,0.0,0.5
0.15005827686299622,0.14906994915262836,0.49883639509136846,76.32,-0.18,1.0,0.025330362865069844,5.275,0.7765255501264512,6.8142033,-86.86607,0.6,0.0,0.5
0.12924897097340576,0.17306672302479215,0.499018803615013,76.14,-0.18,1.0,-0.09674367503891546,5.28,1.6947184157287432,7.5496936,-102.17029,0.6,0.0,0.5
0.12168073872548964,0.18713184079293274,0.498774878232032,75.6,-0.18,1.0,-0.06622516556291913,5.285,1.6947184157287432,7.5496936,-102.17029,0.6,0.0,0.5
0.1010400852866586,0.19889646261812047,0.49851273686392605,74.7,-0.18,1.0,0.04058961760306801,5.29,1.6947184157287432,7.5496936,-102.17029,0.6,0.0,0.5
0.08598693639757787,0.2196450860850884,0.49825256917202904,73.25999999999999,-0.18,1.0,0.07110812707906433,5.295,1.6947184157287432,7.5496936,-102.17029,0.6,0.0,0.5
0.08624732891773079,0.2334089391080988,0.49789255904242113,71.64,-0.18,1.0,-0.17303994872890627,5.3,1.950252661050172,7.5668945,-88.73311,0.6,0.0,0.5
0.06630428872563718,0.24807028868441697,0.49781153737756356,69.48,-0.18,1.0,0.19318216498304963,5.305,1.950252661050172,7.5668945,-88.73311,0.6,0.0,0.5
0.05511689821482259,0.2756306788837342,0.4974931391526242,67.14,-0.18,1.0,-0.020447401348924643,5.3100000000000005,1.950252661050172,7.5668945,-88.73311,0.6,0.0,0.5
0.05743898795412668,0.28882874783358564,0.4974486903052059,64.44,-0.18,1.0,0.3610339671010294,5.315,1.950252661050172,7.5668945,-88.73311,0.6,0.0,0.5
0.05119682137268462,0.30107319101930474,0.4968787656145318,61.559999999999995,-0.18,1.0,-0.035706656086922806,5.32,1.1834113796580314,6.1355543,-64.47894,0.6,0.0,0.5
0.042407954651099235,0.3198482279442427,0.4968456244421894,58.32,-0.18,1.0,0.19318216498304963,5.325,1.1834113796580314,6.1355543,-64.47894,0.6,0.0,0.5
0.031860500898511966,0.33088166824709575,0.49676997333535705,54.9,-0.36,1.0,0.14740440076905514,5.33,1.1834113796580314,6.1355543,-64.47894,0.6,0.0,0.5
0.029988122767468775,0.34665879360797497,0.49657438960985034,51.3,-0.36,1.0,0.07110812707906433,5.335,1.1834113796580314,6.1355543,-64.47894,0.6,0.0,0.5
0.03316895732740094,0.34563789115110205,0.496501365118749,47.339999999999996,-0.36,1.0,-0.08148442030091729,5.34,0.37864492008104533,5.977159,-86.49312,0.6,0.0,0.5
0.016034985663650185,0.36581295161404137,0.4969273693109617,43.379999999999995,-0.36,1.0,0.05584887234106617,5.345,0.37864492008104533,5.977159,-86.49312,0.6,0.0,0.5
0.007803634873377308,0.38089715642353333,0.49705096480877864,39.24,-0.36,1.0,0.010071108127071682,5.3500000000000005,0.37864492008104533,5.977159,-86.49312,0.6,0.0,0.5
0.007413223109638381,0.38060637931344554,0.4976122863547765,35.1,-0.36,1.0,0.025330362865069844,5.355,0.37864492008104533,5.977159,-86.49312,0.6,0.0,0.5
0.015481858763810537,0.3786799823020642,0.4981799353037485,30.779999999999998,-0.36,1.0,0.04058961760306801,5.36,0.0638822287856939,4.0814366,-69.26196,0.6,0.0,0.5
0.035323648200919364,0.37143326127428106,0.4986150721612727,26.459999999999997,-0.36,1.0,-0.035706656086922806,5.365,0.0638822287856939,4.0814366,-69.26196,0.6,0.0,0.5
0.05744264340782543,0.367809766484031,0.49873596460902814,22.14,-0.36,1.0,-0.08148442030091729,5.37,0.0638822287856939,4.0814366,-69.26196,0.6,0.0,0.5
0.08266934793476345,0.3563603402334217,0.4994460440457052,17.64,-0.36,1.0,0.22370067445904596,5.375,0.0638822287856939,4.0814366,-69.26196,0.6,0.0,0.5
0.10971903917129741,0.33949379213581843,0.4999133421787861,13.139999999999999,-0.36,1.0,-0.005188146610926481,5.38,0.005683024345752386,5.8348646,-77.83239,0.6,0.0,0.5
0.1174020051909232,0.30705770694271867,0.5001196177925473,8.64,-0.36,1.0,0.010071108127071682,5.385,0.005683024345752386,5.8348646,-77.83239,0.6,0.0,0.5
0.13830176035495118,0.2960910567047389,0.5003952874119051,4.14,1.44,1.0,22.33436078981905,5.39,0.005683024345752386,5.8348646,-77.83239,0.6,0.0,0.5
0.15486098172453577,0.26787752103174034,0.5028505584861832,1.08,8.459999999999999,1.0,2.2684408093508566,5.3950000000000005,0.005683024345752386,5.8348646,-77.83239,0.6,0.0,0.5
0.1746810710200886,0.24439709433607767,0.5075451520747505,-0.54,11.16,1.0,-0.9512619403668126,5.4,0.0,4.821316,-61.695786,0.6,0.0,0.5
0.1963504601583456,0.2096022053854245,0.5098704693752468,-0.36,9.36,1.0,0.7425153355510403,5.405,0.0,4.821316,-61.695786,0.6,0.0,0.5
0.2097293393851663,0.1836599419707991,0.5113489309790139,1.08,7.92,1.0,4.1300698873866875,5.41,0.0,4.821316,-61.695786,0.6,0.0,0.5
0.22379091255418831,0.16524561016433684,0.5115972079417157,3.96,4.32,1.0,0.5899227881710019,5.415,0.0,4.821316,-61.695786,0.6,0.0,0.5
0.24170987539380287,0.15287542203422316,0.5076291969282706,7.56,-0.8999999999999999,1.0,0.7425153355510403,5.42,0.0,3.5735424,-42.858498,0.6,0.0,0.5
0.25572901478669396,0.14909285125359784,0.5050809547435107,8.459999999999999,0.54,1.0,-0.38666951506088054,5.425,0.0,3.5735424,-42.858498,0.6,0.0,0.5
0.27094201938907087,0.12701276777305404,0.5039564466216975,10.98,1.6199999999999999,1.0,-0.14252143925290994,5.43,0.0,3.5735424,-42.858498,0.6,0.0,0.5
0.2878111361919908,0.11957162072398425,0.5028903109696258,13.86,0.72,1.0,-0.43244727927487503,5.4350000000000005,0.0,3.5735424,-42.858498,0.6,0.0,0.5
0.30138753788691525,0.11369143723594519,0.5023389500830467,16.56,-0.54,1.0,0.3610339671010294,5.44,0.0,-4.1909113,-74.96329,0.0,0.0,0.5
0.3131905271278224,0.10446278310482322,0.5022511024486195,19.259999999999998,0.0,1.0,-0.08148442030091729,5.445,0.0,-4.1909113,-74.96329,0.0,0.0,0.5
0.32859142285761944,0.07318997642275296,0.5010184040784704,22.14,-0.36,1.0,0.39155247657702574,5.45,0.0,-4.1909113,-74.96329,0.0,0.0,0.5
0.3411010584021263,0.05352055416154404,0.5010873554558521,24.84,-0.36,1.0,0.3305154576250331,5.455,0.0,-4.1909113,-74.96329,0.0,0.0,0.5
0.35172285341036363,0.04528563702395091,0.5012478625710403,28.08,-0.36,1.0,-0.035706656086922806,5.46,0.0,-5.5997276,65.41541,0.0,0.6,0.5
0.36399809412161405,0.04355893329643055,0.5004496360228222,31.14,-0.36,1.0,0.04058961760306801,5.465,0.0,-5.5997276,65.41541,0.0,0.6,0.5
0.37509935906761277,0.030250867245986243,0.5009198719345633,34.379999999999995,-0.36,1.0,-0.12726218451491178,5.47,0.0,-5.5997276,65.41541,0.0,0.6,0.5
0.3845229705556717,0.03710786488970302,0.5007969426123386,37.44,-0.36,1.0,0.2847376934110386,5.4750000000000005,0.0,-5.5997276,65.41541,0.0,0.6,0.5
0.3945772807062892,0.023776984200154474,0.5004574498744595,40.68,-0.36,1.0,-0.1577806939909081,5.48,0.0,-6.2742257,74.908005,0.0,0.6,0.5
0.4035473804380517,0.019732641898106147,0.5006344746439682,43.92,-0.36,1.0,0.26947843867304044,5.485,0.0,-6.2742257,74.908005,0.0,0.6,0.5
0.4113484568125646,0.016484973385362107,0.5007605169715194,47.16,-0.36,1.0,-0.035706656086922806,5.49,0.0,-6.2742257,74.908005,0.0,0.6,0.5
0.4185694755447846,0.010894475537948011,0.5009407757926759,50.22,-0.36,1.0,0.2084414197210478,5.495,0.0,-6.2742257,74.908005,0.0,0.6,0.5
0.42588247645180666,0.002394550997003736,0.501368359284383,53.46,-0.36,1.0,0.2084414197210478,5.5,0.0,-7.870919,94.734436,0.0,0.6,0.5
0.43188280378492794,-0.006200519333785866,0.5015389176476381,56.519999999999996,-0.36,1.0,0.23895992919704412,5.505,0.0,-7.870919,94.734436,0.0,0.6,0.5
0.4392233681763277,0.005474726156794026,0.5010927763509209,59.58,-0.36,1.0,-0.005188146610926481,5.51,0.0,-7.870919,94.734436,0.0,0.6,0.5
0.4452428135075339,0.003839595978895716,0.5016097254713214,62.46,-0.36,1.0,0.23895992919704412,5.515,0.0,-7.870919,94.734436,0.0,0.6,0.5
0.45028211309674987,0.0011723215384437506,0.5016958421260596,65.16,-0.36,1.0,-0.31037324137088973,5.5200000000000005,0.0,-8.310342,92.56221,0.0,0.6,0.5
0.45087989350463065,0.0028125735162492,0.5022319275316689,67.86,-0.36,1.0,-0.035706656086922806,5.525,0.0,-8.310342,92.56221,0.0,0.6,0.5
0.4500764488966219,0.008508626135512337,0.5022695345595518,70.56,-0.36,1.0,-0.1577806939909081,5.53,0.0,-8.310342,92.56221,0.0,0.6,0.5
0.4494411590636281,0.0159275480080063,0.5027821682399866,72.89999999999999,-0.18,1.0,-0.035706656086922806,5.535,0.0,-8.310342,92.56221,0.0,0.6,0.5
0.44765893579446664,0.0035636657977342074,0.5027817741473092,75.06,-0.18,1.0,-0.06622516556291913,5.54,0.0028789029030263204,-7.6768384,88.434044,0.0,0.6,0.5
0.44453995404784363,0.004522090855339129,0.5032693256431436,77.03999999999999,-0.18,1.0,0.05584887234106617,5.545,0.0028789029030263204,-7.6768384,88.434044,0.0,0.6,0.5
0.4389826262171989,0.01176157248285131,0.5033380146279057,78.66,-0.18,1.0,-0.14252143925290994,5.55,0.0028789029030263204,-7.6768384,88.434044,0.0,0.6,0.5
0.42197549603998785,0.021814832825104925,0.5037456750703402,80.1,-0.18,1.0,0.22370067445904596,5.555,0.0028789029030263204,-7.6768384,88.434044,0.0,0.6,0.5
0.397808490578525,0.034603939108970666,0.5039529301763901,81.0,-0.18,1.0,0.07110812707906433,5.5600000000000005,0.03776884230679774,-7.267831,76.67594,0.0,0.6,0.5
0.3689693611365501,0.06697188080709295,0.5040023340952141,81.36,-0.18,1.0,0.3610339671010294,5.565,0.03776884230679774,-7.267831,76.67594,0.0,0.6,0.5
0.33847842219583135,0.07715686716796069,0.5043065974078064,81.36,-0.18,1.0,-0.08148442030091729,5.57,0.03776884230679774,-7.267831,76.67594,0.0,0.6,0.5
0.3079155365446644,0.0876160138027038,0.5042113808734457,81.0,-0.18,1.0,0.2084414197210478,5.575,0.03776884230679774,-7.267831,76.67594,0.0,0.6,0.5
0.27818932599032387,0.09795236352562271,0.5044105437419565,80.1,-0.18,1.0,-0.18829920346690443,5.58,0.26127139250781933,-6.897357,-2.686273,0.0,0.0,0.5
0.24963355459497755,0.13124668860215682,0.504225663217512,78.84,-0.18,1.0,0.17792291024505147,5.585,0.26127139250781933,-6.897357,-2.686273,0.0,0.0,0.5
0.2227113838504872,0.13973452488241572,0.5041705520783932,77.39999999999999,-0.18,1.0,-0.2035584582049026,5.59,0.26127139250781933,-6.897357,-2.686273,0.0,0.0,0.5
0.19737841145815085,0.15960354642175636,0.5042205468107327,75.42,-0.18,1.0,0.3305154576250331,5.595,0.26127139250781933,-6.897357,-2.686273,0.0,0.0,0.5
0.1745302794759083,0.1853524681604585,0.504128730421369,73.25999999999999,-0.18,1.0,-0.09674367503891546,5.6000000000000005,0.9530190425310214,6.0855217,-105.08656,0.6,0.0,0.5
0.15413736762210453,0.21098709285271686,0.5040080032479871,70.92,-0.18,1.0,0.10162663655506066,5.605,0.9530190425310214,6.0855217,-105.08656,0.6,0.0,0.5
0.13560108629250625,0.2187469384619578,0.5040477871746147,68.39999999999999,-0.18,1.0,0.11688589129305882,5.61,0.9530190425310214,6.0855217,-105.08656,0.6,0.0,0.5
0.12480260290144947,0.22829419069127216,0.5040303874346022,65.52,-0.18,1.0,0.26947843867304044,5.615,0.9530190425310214,6.0855217,-105.08656,0.6,0.0,0.5
0.1056536769172064,0.2412227187591316,0.5040143649008623,62.46,-0.18,1.0,0.05584887234106617,5.62,1.833001534742878,6.2546,-88.055786,0.6,0.0,0.5
0.08809652603496373,0.25177256341920257,0.5040033869849933,59.4,-0.18,1.0,0.010071108127071682,5.625,1.833001534742878,6.2546,-88.055786,0.6,0.0,0.5
0.0851504654930975,0.273750470304134,0.5039068330695472,55.98,-0.18,1.0,0.05584887234106617,5.63,1.833001534742878,6.2546,-88.055786,0.6,0.0,0.5
0.07958208937521441,0.28965028391926023,0.50384910939267,52.559999999999995,-0.18,1.0,0.2847376934110386,5.635,1.833001534742878,6.2546,-88.055786,0.6,0.0,0.5
0.0667293548175624,0.30272848327877666,0.5040006186392755,48.96,-0.18,1.0,-0.05096591082492097,5.64,1.8589838219419386,6.011647,-84.91696,0.6,0.0,0.5
0.05580694239839262,0.3122257469223648,0.5037906982822694,45.36,-0.18,1.0,0.2542191839350423,5.6450000000000005,1.8589838219419386,6.011647,-84.91696,0.6,0.0,0.5
0.03832929387509274,0.32643588885657016,0.504314854077887,41.58,-0.18,1.0,-0.1577806939909081,5.65,1.8589838219419386,6.011647,-84.91696,0.6,0.0,0.5
0.03376719000352567,0.3364547256701464,0.5044369326447318,37.8,-0.18,1.0,0.2542191839350423,5.655,1.8589838219419386,6.011647,-84.91696,0.6,0.0,0.5
0.02989538122260609,0.3413129488521357,0.5043158488600886,33.839999999999996,-0.18,1.0,0.025330362865069844,5.66,0.9941225463502527,1.9051458,-55.08738,0.6,0.0,0.5
0.02085078530247392,0.35483504877638933,0.5043350007507167,29.88,-0.18,1.0,0.11688589129305882,5.665,0.9941225463502527,1.9051458,-55.08738,0.6,0.0,0.5
0.00920512608868127,0.3611153295767755,0.5044922584184808,25.919999999999998,-0.18,1.0,-0.035706656086922806,5.67,0.9941225463502527,1.9051458,-55.08738,0.6,0.0,0.5
0.008185211636793765,0.35416878433622173,0.5045184116666317,21.779999999999998,-0.18,1.0,-0.005188146610926481,5.675,0.9941225463502527,1.9051458,-55.08738,0.6,0.0,0.5
0.004801691561364183,0.3535190688661198,0.5047662350366863,17.64,-0.36,1.0,-0.035706656086922806,5.68,0.2803210869081922,0.66334516,-36.9004,0.49900354743003844,0.0,0.5
0.0054987982971966476,0.3391925085908932,0.5048940185306339,13.32,-0.36,1.0,0.39155247657702574,5.6850000000000005,0.2803210869081922,0.66334516,-36.9004,0.49900354743003844,0.0,0.5
0.022784946846374925,0.315668477366372,0.5047253108338751,9.0,-0.36,1.0,0.19318216498304963,5.69,0.2803210869081922,0.66334516,-36.9004,0.49900354743003844,0.0,0.5
0.025203100899962586,0.2869042141681772,0.5046936545836561,4.859999999999999,-0.18,1.0,35.25894955290383,5.695,0.2803210869081922,0.66334516,-36.9004,0.49900354743003844,0.0,0.5
0.02591355383297451,0.2654941303848896,0.5059627117547607,1.08,7.92,1.0,5.152439954832619,5.7,0.04167956184876642,-0.55518836,38.25061,0.1334434926509857,0.6,0.5
0.05867541438024942,0.23873099846227144,0.5101800489109938,-1.08,11.52,1.0,0.23895992919704412,5.705,0.04167956184876642,-0.55518836,38.25061,0.1334434926509857,0.6,0.5
0.07943595686962714,0.22383078162568612,0.5123168293590491,-1.6199999999999999,10.799999999999999,1.0,-0.7376323740348383,5.71,0.04167956184876642,-0.55518836,38.25061,0.1334434926509857,0.6,0.5
0.0902579481484469,0.1922392367986259,0.5144552355268112,-1.08,10.26,1.0,3.0161442915128216,5.715,0.04167956184876642,-0.55518836,38.25061,0.1334434926509857,0.6,0.5
0.10539345726157154,0.16992295085274534,0.5160881988825149,1.08,7.56,1.0,0.46784875026701656,5.72,0.0032676990576148163,-1.5501692,48.346973,0.0,0.6,0.5
0.1354798993269434,0.14868031118385008,0.5127582718719581,3.96,2.6999999999999997,1.0,8.601031525620314,5.7250000000000005,0.0032676990576148163,-1.5501692,48.346973,0.0,0.6,0.5
0.15242674925587096,0.1249805839616636,0.50902398192868,7.38,-0.72,1.0,1.093478194524998,5.73,0.0032676990576148163,-1.5501692,48.346973,0.0,0.6,0.5
0.17265174179098203,0.12207303272700491,0.5074783604350547,8.64,0.36,1.0,-0.24933622241889708,5.735,0.0032676990576148163,-1.5501692,48.346973,0.0,0.6,0.5
0.19523012794097155,0.10787916451755898,0.504387043252215,10.98,0.72,1.0,-0.7681508835108346,5.74,0.0,-5.646357,-16.63304,0.0,0.0,0.5
0.21081467618542346,0.09688202021658014,0.5027834049624746,13.68,-0.36,1.0,-0.035706656086922806,5.745,0.0,-5.646357,-16.63304,0.0,0.0,0.5
0.22788754887225937,0.10103309781317468,0.5027004134438946,15.66,-0.36,1.0,0.010071108127071682,5.75,0.0,-5.646357,-16.63304,0.0,0.0,0.5
0.24716614525111327,0.07436199216312131,0.5020154447705215,18.18,-0.36,1.0,0.5594042786950055,5.755,0.0,-5.646357,-16.63304,0.0,0.0,0.5
0.2622614675790097,0.07691920057856805,0.5011944861790233,20.52,-0.36,1.0,0.04058961760306801,5.76,0.0,-4.060683,52.235504,0.0,0.6,0.5
0.2767604799906684,0.06138064018278786,0.5010930949082181,22.86,-0.36,1.0,0.2847376934110386,5.765,0.0,-4.060683,52.235504,0.0,0.6,0.5
0.2938803631382624,0.04809218397708116,0.5006497120014646,25.38,-0.36,1.0,-0.2798547318948934,5.7700000000000005,0.0,-4.060683,52.235504,0.0,0.6,0.5
0.30709563012885643,0.03276615365864151,0.4999994287217358,27.72,-0.36,1.0,0.1626636555070533,5.775,0.0,-4.060683,52.235504,0.0,0.6,0.5
0.31112605487429773,0.025920550214642554,0.5003248212858508,30.06,-0.36,1.0,0.17792291024505147,5.78,0.0,-6.7764134,111.45828,0.0,0.6,0.5
0.31245799689274695,0.03865139692644544,0.5000061519220158,32.4,-0.36,1.0,-0.06622516556291913,5.785,0.0,-6.7764134,111.45828,0.0,0.6,0.5
0.31289351416514144,0.04332587674735948,0.49945979959993714,34.74,-0.36,1.0,-0.05096591082492097,5.79,0.0,-6.7764134,111.45828,0.0,0.6,0.5
0.3109123042077262,0.04700797455996232,0.4995990374063534,36.9,-0.36,1.0,-0.29511398663289157,5.795,0.0,-6.7764134,111.45828,0.0,0.6,0.5
0.3095979327087088,0.0545290593575209,0.4992022152880095,38.879999999999995,-0.36,1.0,-0.005188146610926481,5.8,0.0,-7.985428,90.61181,0.0,0.6,0.5
0.3086238107335129,0.07984181013544595,0.49893070670266393,41.04,-0.36,1.0,0.05584887234106617,5.805,0.0,-7.985428,90.61181,0.0,0.6,0.5
0.3063902615027024,0.11350457850057194,0.49914438106506687,42.839999999999996,-0.36,1.0,0.04058961760306801,5.8100000000000005,0.0,-7.985428,90.61181,0.0,0.6,0.5
0.304659393739469,0.11954590629951749,0.4988196029877521,44.64,-0.36,1.0,-0.05096591082492097,5.815,0.0,-7.985428,90.61181,0.0,0.6,0.5
0.3036244662673995,0.14148308393082523,0.4987683411540587,46.44,-0.36,1.0,0.025330362865069844,5.82,0.0,-7.9982214,93.355255,0.0,0.6,0.5
0.30187327503777334,0.16657252496196373,0.4988752545428641,48.059999999999995,-0.36,1.0,-0.035706656086922806,5.825,0.0,-7.9982214,93.355255,0.0,0.6,0.5
0.29398825813628204,0.17868695421144365,0.49867004725747555,49.5,-0.36,1.0,0.07110812707906433,5.83,0.0,-7.9982214,93.355255,0.0,0.6,0.5
0.27938146162486793,0.1892632458803491,0.4981514730586084,50.94,-0.36,1.0,-0.06622516556291913,5.835,0.0,-7.9982214,93.355255,0.0,0.6,0.5
0.2585903072316541,0.18806763481186345,0.4985314040136545,52.199999999999996,-0.36,1.0,0.14740440076905514,5.84,0.0008633804978215368,-8.017344,90.28474,0.0,0.6,0.5
0.23666551596965638,0.1907728623768559,0.49824199398811597,53.46,-0.36,1.0,0.19318216498304963,5.845,0.0008633804978215368,-8.017344,90.28474,0.0,0.6,0.5
0.21272368713156933,0.19366270590024645,0.4983329101623403,54.54,-0.36,1.0,0.2084414197210478,5.8500000000000005,0.0008633804978215368,-8.017344,90.28474,0.0,0.6,0.5
0.19007514346871043,0.2183680103360383,0.4984986172579034,55.44,-0.36,1.0,-0.035706656086922806,5.855,0.0008633804978215368,-8.017344,90.28474,0.0,0.6,0.5
0.1683733866406418,0.21926295123182363,0.4980694895672739,56.16,-0.36,1.0,0.3610339671010294,5.86,0.01461804536714584,-7.9918118,91.87303,0.0,0.6,0.5
0.14920487778570607,0.23102008236176777,0.49773562275144767,56.879999999999995,-0.18,1.0,-0.08148442030091729,5.865,0.01461804536714584,-7.9918118,91.87303,0.0,0.6,0.5
0.12945620263043287,0.23727728048128707,0.4978599932845511,57.239999999999995,-0.18,1.0,-0.09674367503891546,5.87,0.01461804536714584,-7.9918118,91.87303,0.0,0.6,0.5
0.12351715385359671,0.2559604833949146,0.4976421145936265,57.419999999999995,-0.18,1.0,0.14740440076905514,5.875,0.01461804536714584,-7.9918118,91.87303,0.0,0.6,0.5
0.1033482050634367,0.2805461467194065,0.49757319938772154,57.239999999999995,-0.18,1.0,0.10162663655506066,5.88,0.13050522743050424,0.87116367,-101.661545,0.5613490998744964,0.0,0.5
0.0890690526611025,0.2977702782243174,0.49723827364607776,57.059999999999995,-0.18,1.0,0.04058961760306801,5.885,0.13050522743050424,0.87116367,-101.661545,0.5613490998744964,0.0,0.5
0.085743188046209,0.3048425563324743,0.49727304141673523,56.519999999999996,-0.18,1.0,-0.09674367503891546,5.89,0.13050522743050424,0.87116367,-101.661545,0.5613490998744964,0.0,0.5
0.06636697182378322,0.31573169647314336,0.4971069194707127,55.62,-0.18,1.0,0.010071108127071682,5.8950000000000005,0.13050522743050424,0.87116367,-101.661545,0.5613490998744964,0.0,0.5
0.055043064916216376,0.3279403068929754,0.49716253488467,54.54,-0.18,1.0,0.11688589129305882,5.9,0.6143530827663026,4.6680894,-111.45957,0.6,0.0,0.5
0.042726132950153345,0.3574040965768997,0.49748395901902537,53.1,-0.18,1.0,0.025330362865069844,5.905,0.6143530827663026,4.6680894,-111.45957,0.6,0.0,0.5
0.04765629087405112,0.3642225156746651,0.4975150185438952,51.48,-0.18,1.0,0.1626636555070533,5.91,0.6143530827663026,4.6680894,-111.45957,0.6,0.0,0.5
0.04588515554722817,0.3650323576540354,0.49755661017214253,49.5,-0.18,1.0,-0.11200292977691362,5.915,0.6143530827663026,4.6680894,-111.45957,0.6,0.0,0.5
0.029110566360315088,0.3835335401561438,0.49789506011229434,47.16,-0.18,1.0,0.14740440076905514,5.92,1.5249644077151736,6.1141896,-108.4559,0.6,0.0,0.5
0.025949809237417725,0.4077032678577502,0.49811928502504754,44.64,-0.18,1.0,0.04058961760306801,5.925,1.5249644077151736,6.1141896,-108.4559,0.6,0.0,0.5
0.003108351200973633,0.42143740817948433,0.49881505546389243,41.94,-0.18,1.0,0.1626636555070533,5.93,1.5249644077151736,6.1141896,-108.4559,0.6,0.0,0.5
0.015599189962517855,0.4194186947732016,0.4993791176012247,38.879999999999995,-0.18,1.0,0.0863673818170625,5.9350000000000005,1.5249644077151736,6.1141896,-108.4559,0.6,0.0,0.5
0.016799542172559342,0.4268483343615791,0.4998509735745401,35.82,-0.18,1.0,0.23895992919704412,5.94,1.99596492266002,6.860258,-92.74763,0.6,0.0,0.5
0.018282427934521613,0.421544130261774,0.5001590478809793,32.4,-0.18,1.0,-0.14252143925290994,5.945,1.99596492266002,6.860258,-92.74763,0.6,0.0,0.5
0.003024575291356533,0.4347764288156571,0.5004788529336285,28.98,-0.18,1.0,0.19318216498304963,5.95,1.99596492266002,6.860258,-92.74763,0.6,0.0,0.5
0.006452309858214328,0.4393527049257065,0.5009313898002947,25.38,-0.36,1.0,0.010071108127071682,5.955,1.99596492266002,6.860258,-92.74763,0.6,0.0,0.5
0.017191306149278704,0.4419854992339151,0.5014185384073058,21.779999999999998,-0.36,1.0,0.1626636555070533,5.96,1.3775191132284146,7.1205463,-104.36633,0.6,0.0,0.5
0.03353565843864639,0.4379184293662161,0.5015628470603628,18.0,-0.36,1.0,0.025330362865069844,5.965,1.3775191132284146,7.1205463,-104.36633,0.6,0.0,0.5
0.03246582150229536,0.44651754889465084,0.5020044153565049,14.04,-0.36,1.0,0.010071108127071682,5.97,1.3775191132284146,7.1205463,-104.36633,0.6,0.0,0.5
0.04995539846121465,0.4455831637589456,0.5023150212123265,10.26,-0.36,1.0,-0.1577806939909081,5.9750000000000005,1.3775191132284146,7.1205463,-104.36633,0.6,0.0,0.5
0.06491483115020183,0.441445822653673,0.5022946397022909,6.4799999999999995,-0.36,1.0,0.11688589129305882,5.98,0.5012956012605011,-1.1589621,-97.032616,0.0,0.0,0.5
0.0908223216849158,0.4406305283184163,0.5021685470360028,2.88,4.32,1.0,7.670216986602373,5.985,0.5012956012605011,-1.1589621,-97.032616,0.0,0.0,0.5
0.11104094726097789,0.4229144788655392,0.5063452228141877,0.36,9.18,1.0,1.3376262703329687,5.99,0.5012956012605011,-1.1589621,-97.032616,0.0,0.0,0.5
0.13278347518001454,0.3959281441871274,0.5092183343220553,-0.18,9.36,1.0,-0.8291879024628273,5.995,0.5012956012605011,-1.1589621,-97.032616,0.0,0.0,0.5
0.14314980235682812,0.35784663191068,0.5111812961314713,0.18,8.459999999999999,1.0,-0.4934842982268677,6.0,0.09619260493116862,-0.7814122,-82.34256,0.06557634472846985,0.0,0.5
0.16149738440957748,0.3271897336954927,0.5128412538648769,1.98,6.4799999999999995,1.0,1.0171819208350072,6.005,0.09619260493116862,-0.7814122,-82.34256,0.06557634472846985,0.0,0.5
0.18194830961239097,0.30335652722562584,0.5112551080376412,4.68,2.16,1.0,0.8645893734550256,6.01,0.09619260493116862,-0.7814122,-82.34256,0.06557634472846985,0.0,0.5
0.1964617074391541,0.2779831526113392,0.5070170612626186,7.199999999999999,-0.72,1.0,1.551255836664943,6.015000000000001,0.09619260493116862,-0.7814122,-82.34256,0.06557634472846985,0.0,0.5
0.21156852141468005,0.25070923398829564,0.5058049488697208,9.0,0.36,1.0,0.6357005523849963,6.0200000000000005,0.009732871941702512,-5.350102,104.15177,0.0,0.6,0.5
0.2320574977269243,0.22167922192132614,0.5036806374994522,11.52,0.18,1.0,-0.2035584582049026,6.025,0.009732871941702512,-5.350102,104.15177,0.0,0.6,0.5
0.24750503844613264,0.19340627566064628,0.5023585521429264,13.86,-0.54,1.0,-0.7681508835108346,6.03,0.009732871941702512,-5.350102,104.15177,0.0,0.6,0.5
0.26136350099894556,0.15634105142920185,0.5026071801224384,16.56,-0.36,1.0,0.10162663655506066,6.035,0.009732871941702512,-5.350102,104.15177,0.0,0.6,0.5
0.27884805259582474,0.13978307702354062,0.5017646212919482,18.9,-0.36,1.0,0.29999694814903677,6.04,0.0,-7.826395,88.67805,0.0,0.6,0.5
0.2940801679030326,0.1315518706586345,0.500995689230772,21.419999999999998,-0.36,1.0,-0.21881771294290076,6.045,0.0,-7.826395,88.67805,0.0,0.6,0.5
0.3063193617686282,0.13469676101064026,0.5012941145372355,24.119999999999997,-0.36,1.0,-0.1577806939909081,6.05,0.0,-7.826395,88.67805,0.0,0.6,0.5
0.32102630909363455,0.11853945887439712,0.5009838819146564,26.82,-0.36,1.0,0.05584887234106617,6.055,0.0,-7.826395,88.67805,0.0,0.6,0.5
0.33465738098349856,0.08977105477379763,0.5004566384219583,29.52,-0.36,1.0,-0.020447401348924643,6.0600000000000005,0.0,-8.140977,94.24147,0.0,0.6,0.5
0.34200632777191176,0.09074851270609013,0.5003394323618438,32.22,-0.36,1.0,-0.020447401348924643,6.065,0.0,-8.140977,94.24147,0.0,0.6,0.5
0.3427286643512664,0.08109458127196967,0.4996005579908631,34.74,-0.36,1.0,0.31525620288703493,6.07,0.0,-8.140977,94.24147,0.0,0.6,0.5
0.34133736949069915,0.07980355460031786,0.4993610060274699,37.44,-0.36,1.0,-0.18829920346690443,6.075,0.0,-8.140977,94.24147,0.0,0.6,0.5
0.33918979378878794,0.07036167892157784,0.4994973698470304,39.96,-0.36,1.0,0.26947843867304044,6.08,0.0025773827405135346,-8.153428,90.255295,0.0,0.6,0.5
0.336277916662568,0.07252251781539508,0.4990961184986271,42.3,-0.36,1.0,-0.005188146610926481,6.085,0.0025773827405135346,-8.153428,90.255295,0.0,0.6,0.5
0.3343439013574415,0.05625809558576845,0.49871551312877394,44.82,-0.36,1.0,0.17792291024505147,6.09,0.0025773827405135346,-8.153428,90.255295,0.0,0.6,0.5
0.3324032213706324,0.03647960825139879,0.49865555186695665,46.98,-0.36,1.0,-0.020447401348924643,6.095,0.0025773827405135346,-8.153428,90.255295,0.0,0.6,0.5
0.32502168618909794,0.02374508770399992,0.49843609812933204,49.14,-0.36,1.0,0.2847376934110386,6.1000000000000005,0.03464706584935167,-8.380235,78.17847,0.0,0.6,0.5
0.31313689914673565,0.0335316949974584,0.49830974785380666,51.3,-0.36,1.0,-0.035706656086922806,6.105,0.03464706584935167,-8.380235,78.17847,0.0,0.6,0.5
0.30135231336956897,0.03515123634094383,0.4982811512733858,53.28,-0.36,1.0,0.10162663655506066,6.11,0.03464706584935167,-8.380235,78.17847,0.0,0.6,0.5
0.2881762881191492,0.04867396529659014,0.4982514215639002,55.08,-0.36,1.0,-0.12726218451491178,6.115,0.03464706584935167,-8.380235,78.17847,0.0,0.6,0.5
0.27081666928141634,0.057251455053178996,0.49810142300328475,56.879999999999995,-0.36,1.0,0.0863673818170625,6.12,0.24558709310254223,-7.931525,-66.42017,0.0,0.0,0.5
0.2507692953973879,0.09014915385872432,0.4984311332292913,58.5,-0.36,1.0,-0.2798547318948934,6.125,0.24558709310254223,-7.931525,-66.42017,0.0,0.0,0.5
0.22896380941267083,0.118786332237843,0.49800197818326686,60.12,-0.36,1.0,0.2847376934110386,6.13,0.24558709310254223,-7.931525,-66.42017,0.0,0.0,0.5
0.20687880034439599,0.13231784271476796,0.49774288158478724,61.379999999999995,-0.36,1.0,0.025330362865069844,6.135,0.24558709310254223,-7.931525,-66.42017,0.0,0.0,0.5
0.1841087163112576,0.145661406113075,0.4980051590964928,62.64,-0.36,1.0,0.14740440076905514,6.140000000000001,0.9179016431828945,-6.704063,-91.28222,0.0,0.0,0.5
0.16366839143343875,0.16548650855425642,0.49804177212016026,63.72,-0.36,1.0,-0.05096591082492097,6.1450000000000005,0.9179016431828945,-6.704063,-91.28222,0.0,0.0,0.5
0.14503846329563058,0.18077840424723227,0.4978897635515067,64.44,-0.36,1.0,0.05584887234106617,6.15,0.9179016431828945,-6.704063,-91.28222,0.0,0.0,0.5
0.12800294696575246,0.20557886984734672,0.4979430068805424,64.8,-0.18,1.0,0.010071108127071682,6.155,0.9179016431828945,-6.704063,-91.28222,0.0,0.0,0.5
0.11277371710439775,0.22717403303859945,0.4983915178251428,64.98,-0.18,1.0,0.26947843867304044,6.16,1.8089988367821512,5.643817,-122.84647,0.6,0.0,0.5
0.10082128367755909,0.23697519864786515,0.4984782751574373,64.98,-0.18,1.0,-0.14252143925290994,6.165,1.8089988367821512,5.643817,-122.84647,0.6,0.0,0.5
0.09105221848890742,0.2542470237775664,0.49877898033918366,64.44,-0.18,1.0,0.22370067445904596,6.17,1.8089988367821512,5.643817,-122.84647,0.6,0.0,0.5
0.07943723401423798,0.2692599099423901,0.49891240253280966,63.72,-0.18,1.0,-0.020447401348924643,6.175,1.8089988367821512,5.643817,-122.84647,0.6,0.0,0.5
0.07191703079080415,0.2805155807854978,0.499295594639655,62.64,-0.18,1.0,0.2542191839350423,6.18,1.879887930062131,6.8452377,-98.7409,0.6,0.0,0.5
0.06272781305565439,0.30004133576404624,0.4997784546930219,61.199999999999996,-0.18,1.0,-0.26459547715689524,6.1850000000000005,1.879887930062131,6.8452377,-98.7409,0.6,0.0,0.5
0.05863305329555725,0.3199118387425915,0.5003951897980498,59.4,-0.18,1.0,0.1626636555070533,6.19,1.879887930062131,6.8452377,-98.7409,0.6,0.0,0.5
0.04692532339439239,0.3264852123308253,0.5009006389424331,57.419999999999995,-0.18,1.0,-0.08148442030091729,6.195,1.879887930062131,6.8452377,-98.7409,0.6,0.0,0.5
0.02804283974110865,0.337121524262482,0.5014455706161536,55.26,-0.36,1.0,0.17792291024505147,6.2,1.0300947243444538,5.241212,-101.518326,0.6,0.0,0.5
0.016961209422521897,0.3260449829045399,0.5020106477443762,52.739999999999995,-0.36,1.0,0.2084414197210478,6.205,1.0300947243444538,5.241212,-101.518326,0.6,0.0,0.5
0.0161396587662059,0.328367499883095,0.502029288245978,50.22,-0.36,1.0,0.19318216498304963,6.21,1.0300947243444538,5.241212,-101.518326,0.6,0.0,0.5
0.022025147416756097,0.31209311922881494,0.5022244019989965,47.519999999999996,-0.36,1.0,-0.11200292977691362,6.215,1.0300947243444538,5.241212,-101.518326,0.6,0.0,0.5
0.01502578547659261,0.3152775234794503,0.5028032458112739,44.64,-0.36,1.0,0.29999694814903677,6.22,0.29762807673550845,2.2719254,-136.01955,0.6,0.0,0.5
0.004990026015717699,0.3161155020542615,0.5033279668471944,41.76,-0.36,1.0,-0.12726218451491178,6.2250000000000005,0.29762807673550845,2.2719254,-136.01955,0.6,0.0,0.5
0.0025061702065811856,0.30581126533373265,0.5038470816578368,38.699999999999996,-0.36,1.0,-0.020447401348924643,6.23,0.29762807673550845,2.2719254,-136.01955,0.6,0.0,0.5
0.009614823811963958,0.29002527383009213,0.5041125282189909,35.64,-0.36,1.0,-0.18829920346690443,6.235,0.29762807673550845,2.2719254,-136.01955,0.6,0.0,0.5
0.012472028298779608,0.270392652243745,0.5041235008613375,32.58,-0.36,1.0,0.23895992919704412,6.24,0.0453442439001313,6.6019654,-150.61508,0.6,0.0,0.5
0.014127740333662663,0.23465957433513726,0.5043115431023796,29.34,-0.36,1.0,-0.1577806939909081,6.245,0.0453442439001313,6.6019654,-150.61508,0.6,0.0,0.5
0.02766413018981977,0.21211063027908164,0.5042375143979044,26.099999999999998,-0.36,1.0,0.025330362865069844,6.25,0.0453442439001313,6.6019654,-150.61508,0.6,0.0,0.5
0.040964005856197465,0.1810008214944977,0.5042074635619287,22.68,-0.36,1.0,-0.12726218451491178,6.255,0.0453442439001313,6.6019654,-150.61508,0.6,0.0,0.5
0.05093149481946044,0.1709567976161015,0.504055284046589,19.439999999999998,-0.36,1.0,0.11688589129305882,6.26,0.003642687896983607,3.8770084,-39.85729,0.6,0.0,0.5
0.07737474307884547,0.14631332070061578,0.5041139739353758,16.02,-0.36,1.0,-0.09674367503891546,6.265000000000001,0.003642687896983607,3.8770084,-39.85729,0.6,0.0,0.5
0.0879918245501645,0.11759399857015228,0.5039950766103398,12.42,-0.36,1.0,0.025330362865069844,6.2700000000000005,0.003642687896983607,3.8770084,-39.85729,0.6,0.0,0.5
0.11520310532386728,0.11122670848498453,0.5034944038267948,9.0,-0.36,1.0,-0.12726218451491178,6.275,0.003642687896983607,3.8770084,-39.85729,0.6,0.0,0.5
0.1319538370537851,0.10616676910336963,0.5031254629617428,5.58,-0.54,1.0,24.913174840540798,6.28,0.0,3.8485324,-85.07149,0.6,0.0,0.5
0.14631433223465676,0.08913170802302132,0.5039058347079003,2.6999999999999997,5.3999999999999995,1.0,5.366069521164594,6.285,0.0,3.8485324,-85.07149,0.6,0.0,0.5
0.16168848759121654,0.0744569119955421,0.5067537507426253,1.26,7.739999999999999,1.0,1.5207373271889466,6.29,0.0,3.8485324,-85.07149,0.6,0.0,0.5
0.18396621943972727,0.06542285561334583,0.5084274322769284,1.44,6.4799999999999995,1.0,4.175847651600682,6.295,0.0,3.8485324,-85.07149,0.6,0.0,0.5
0.2016365815958182,0.04556028991297699,0.5091807342520421,2.52,5.58,1.0,1.9174779503768988,6.3,0.0,5.743841,-95.579445,0.6,0.0,0.5
0.21474341373865433,0.04541308518695388,0.5091684041004076,4.859999999999999,2.34,1.0,0.4831080050050147,6.305,0.0,5.743841,-95.579445,0.6,0.0,0.5
0.23215878870966378,0.05852792166035582,0.5060501755168572,7.56,-1.08,1.0,0.6204412976469982,6.3100000000000005,0.0,5.743841,-95.579445,0.6,0.0,0.5
0.25125280791765386,0.05116683776961304,0.5041419938588969,8.459999999999999,0.54,1.0,-0.3714102603228824,6.315,0.0,5.743841,-95.579445,0.6,0.0,0.5
0.26503028280047697,0.03258651340479887,0.5037509070463027,10.44,1.08,1.0,-0.05096591082492097,6.32,0.0,4.73309,-96.96417,0.6,0.0,0.5
0.28211023993085127,0.019614094485708077,0.5021515692442315,13.139999999999999,-0.54,1.0,-0.24933622241889708,6.325,0.0,4.73309,-96.96417,0.6,0.0,0.5
0.29859477518002775,0.014223487750921755,0.5017085701984071,14.94,-0.18,1.0,0.22370067445904596,6.33,0.0,4.73309,-96.96417,0.6,0.0,0.5
0.3115298011249221,0.02053482332989481,0.5018088523401733,17.64,-0.36,1.0,0.17792291024505147,6.335,0.0,4.73309,-96.96417,0.6,0.0,0.5
0.3243943984242801,0.0044114642537417615,0.5012262819988902,20.16,-0.36,1.0,0.07110812707906433,6.34,0.0,5.9977474,-85.75192,0.6,0.0,0.5
0.3401409228242866,0.01656150707264922,0.5007201863157235,22.86,-0.36,1.0,-0.26459547715689524,6.345,0.0,5.9977474,-85.75192,0.6,0.0,0.5
0.3516203420228009,0.018668140158369883,0.5010867926341553,25.74,-0.36,1.0,0.22370067445904596,6.3500000000000005,0.0,5.9977474,-85.75192,0.6,0.0,0.5
0.36300660038154603,0.016500017384584776,0.5002033394287352,28.619999999999997,-0.36,1.0,0.1626636555070533,6.355,0.0,5.9977474,-85.75192,0.6,0.0,0.5
0.37468661372230766,0.014205203712946913,0.5005109783590046,31.5,-0.36,1.0,0.2084414197210478,6.36,0.0,6.805518,-84.423904,0.6,0.0,0.5
0.3844260166465689,0.003909464118551863,0.5010150641235533,34.56,-0.36,1.0,-0.05096591082492097,6.365,0.0,6.805518,-84.423904,0.6,0.0,0.5
0.3934020168422848,-0.015664845437571174,0.5004491982121501,37.8,-0.36,1.0,0.34577471236303126,6.37,0.0,6.805518,-84.423904,0.6,0.0,0.5
0.40375223307193375,-0.013983136965927035,0.4999663807386233,40.86,-0.36,1.0,0.025330362865069844,6.375,0.0,6.805518,-84.423904,0.6,0.0,0.5
0.4123432727483894,0.0010929405115548052,0.4997585417443071,43.92,-0.36,1.0,0.07110812707906433,6.38,0.0,6.0999327,-77.95203,0.6,0.0,0.5
0.41969654184683713,-0.004838078377791613,0.49905612801646054,47.16,-0.36,1.0,0.07110812707906433,6.385,0.0,6.0999327,-77.95203,0.6,0.0,0.5
0.4265270827349991,0.005815470069125438,0.49957828713077035,50.22,-0.36,1.0,0.1626636555070533,6.390000000000001,0.0,6.0999327,-77.95203,0.6,0.0,0.5
0.4334840876985273,-0.00294996553623251,0.4993421781015685,53.28,-0.36,1.0,-0.020447401348924643,6.3950000000000005,0.0,6.0999327,-77.95203,0.6,0.0,0.5
0.4397533840227731,0.005658766323638536,0.4990670376914988,56.339999999999996,-0.36,1.0,0.19318216498304963,6.4,0.0,5.838159,-78.74451,0.6,0.0,0.5
0.4451513192326907,-0.0046579315041098725,0.49971443895375856,59.4,-0.36,1.0,-0.035706656086922806,6.405,0.0,5.838159,-78.74451,0.6,0.0,0.5
0.4519273496203938,-0.012163934140981221,0.49908090212979805,62.099999999999994,-0.36,1.0,0.10162663655506066,6.41,0.0,5.838159,-78.74451,0.6,0.0,0.5
0.455639859326597,-0.03368912446233233,0.5000004410984291,64.98,-0.36,1.0,-0.020447401348924643,6.415,0.0,5.838159,-78.74451,0.6,0.0,0.5
0.46095222505111216,-0.022653229123721693,0.5005045070385087,67.67999999999999,-0.36,1.0,-0.035706656086922806,6.42,0.0,6.7199836,-77.31679,0.6,0.0,0.5
0.4659576425193311,-0.0115287565394142,0.5009234235736083,70.2,-0.36,1.0,-0.05096591082492097,6.425,0.0,6.7199836,-77.31679,0.6,0.0,0.5
0.47023786956174607,-0.019665550795496325,0.5013880852007021,72.53999999999999,-0.36,1.0,0.1626636555070533,6.43,0.0,6.7199836,-77.31679,0.6,0.0,0.5
0.47520134089882465,-0.0069108009570875316,0.5016462296867318,74.88,-0.36,1.0,0.04058961760306801,6.4350000000000005,0.0,6.7199836,-77.31679,0.6,0.0,0.5
0.47946692139689323,-0.014399667133770428,0.5021948977291062,76.86,-0.36,1.0,0.1626636555070533,6.44,0.0,6.700396,-63.557533,0.6,0.0,0.5
0.4835704043334346,0.011690485459114709,0.5024630150639267,78.48,-0.18,1.0,0.05584887234106617,6.445,0.0,6.700396,-63.557533,0.6,0.0,0.5
0.48800852475335743,-0.003052286025573077,0.5023297793775741,79.92,-0.18,1.0,0.1626636555070533,6.45,0.0,6.700396,-63.557533,0.6,0.0,0.5
0.4911961198602867,-0.0187905670535451,0.5030782016587407,81.0,-0.18,1.0,-0.005188146610926481,6.455,0.0,6.700396,-63.557533,0.6,0.0,0.5
0.49491962239386345,0.003997853269146214,0.5030825234686178,81.72,-0.18,1.0,0.19318216498304963,6.46,0.0,-7.4273524,-74.764755,0.0,0.0,0.5
0.49889753335181314,0.00019631838782376468,0.5025650171637788,82.08,-0.18,1.0,-0.05096591082492097,6.465,0.0,-7.4273524,-74.764755,0.0,0.0,0.5
0.5012811304645787,-0.011804632994268165,0.5033535631046113,82.08,-0.18,1.0,0.05584887234106617,6.47,0.0,-7.4273524,-74.764755,0.0,0.0,0.5
0.5035151413084302,-0.009494761411824332,0.5042738746624925,81.72,-0.18,1.0,-0.020447401348924643,6.4750000000000005,0.0,-7.4273524,-74.764755,0.0,0.0,0.5
0.5054995753596833,-0.014394076314952712,0.5048724861364758,81.0,-0.18,1.0,0.010071108127071682,6.48,0.0,-6.787696,-68.940865,0.0,0.0,0.5
0.5079521966727313,-0.019349160390741693,0.5054541150766653,80.28,-0.36,1.0,-0.06622516556291913,6.485,0.0,-6.787696,-68.940865,0.0,0.0,0.5
0.5105745531284335,-0.014523363690868901,0.5059080122131278,79.38,-0.36,1.0,0.0863673818170625,6.49,0.0,-6.787696,-68.940865,0.0,0.0,0.5
0.5135787117013884,-0.009218287191780843,0.5056218269567062,78.3,-0.36,1.0,0.04058961760306801,6.495,0.0,-6.787696,-68.940865,0.0,0.0,0.5
0.5182185855072219,0.008374867597407111,0.5042855807334586,77.03999999999999,-0.36,1.0,0.10162663655506066,6.5,0.0,-7.400916,-87.70837,0.0,0.0,0.5
0.5214962336462807,0.014571638447929882,0.5036317270165935,75.96,-0.36,1.0,0.22370067445904596,6.505,0.0,-7.400916,-87.70837,0.0,0.0,0.5
0.5237301437185826,-0.00555229561163673,0.5033466652239049,74.7,-0.36,1.0,0.17792291024505147,6.51,0.0,-7.400916,-87.70837,0.0,0.0,0.5
0.5246965588853796,-0.027125131555994973,0.5040798146558734,73.61999999999999,-0.36,1.0,0.025330362865069844,6.515000000000001,0.0,-7.400916,-87.70837,0.0,0.0,0.5
0.5268411873775266,-0.035551757974828666,0.5040095413537906,72.36,-0.36,1.0,0.11688589129305882,6.5200000000000005,0.0,-6.1048245,-67.358284,0.0,0.0,0.5
0.5282349723884759,-0.04568804004282847,0.504060702918264,71.28,-0.36,1.0,0.07110812707906433,6.525,0.0,-6.1048245,-67.358284,0.0,0.0,0.5
0.5299660850601552,-0.05112252820438684,0.5042680900431582,70.2,-0.36,1.0,-0.11200292977691362,6.53,0.0,-6.1048245,-67.358284,0.0,0.0,0.5
0.5322342430272986,-0.04862279556594057,0.5039962364278152,69.3,-0.36,1.0,-0.035706656086922806,6.535,0.0,-6.1048245,-67.358284,0.0,0.0,0.5
0.5342261449134423,-0.04260485399341247,0.5036672970067617,68.39999999999999,-0.36,1.0,0.04058961760306801,6.54,0.0,-6.8214235,60.829563,0.0,0.6,0.5
0.5333779915765178,-0.028644219543020676,0.5043053226843908,67.5,-0.36,1.0,-0.11200292977691362,6.545,0.0,-6.8214235,60.829563,0.0,0.6,0.5
0.5325194504334017,-0.029244700700750734,0.5043624844503551,66.96,-0.36,1.0,0.0863673818170625,6.55,0.0,-6.8214235,60.829563,0.0,0.6,0.5
0.5325212462341716,-0.033688702630119846,0.5044727363603545,66.42,-0.36,1.0,-0.11200292977691362,6.555,0.0,-6.8214235,60.829563,0.0,0.6,0.5
0.5312502554875465,-0.03219042243233196,0.5045049774426492,65.88,-0.36,1.0,-0.020447401348924643,6.5600000000000005,0.0,-7.6193876,91.49414,0.0,0.6,0.5
0.5280918141120707,-0.011583040676166001,0.5044235714350204,65.52,-0.36,1.0,0.3305154576250331,6.565,0.0,-7.6193876,91.49414,0.0,0.6,0.5
0.5145466986287364,-0.031370644984135825,0.5044307000667023,65.34,-0.36,1.0,0.025330362865069844,6.57,0.0,-7.6193876,91.49414,0.0,0.6,0.5
0.48842150012089147,-0.01987063843250867,0.5041173666502146,64.98,-0.36,1.0,0.2542191839350423,6.575,0.0,-7.6193876,91.49414,0.0,0.6,0.5
0.4550864848416524,-0.03132739709794273,0.5046734800111472,64.62,-0.36,1.0,0.05584887234106617,6.58,0.0,-7.965412,92.2864,0.0,0.6,0.5
0.4216666675170662,-0.008560747827998831,0.5039873508902394,64.25999999999999,-0.36,1.0,0.14740440076905514,6.585,0.0,-7.965412,92.2864,0.0,0.6,0.5
0.3871172266488854,-0.021961475924528392,0.5042278091810093,63.9,-0.36,1.0,0.0863673818170625,6.59,0.0,-7.965412,92.2864,0.0,0.6,0.5
0.3549380327337725,-0.0038013624799101784,0.5038159009464285,63.54,-0.36,1.0,0.11688589129305882,6.595,0.0,-7.965412,92.2864,0.0,0.6,0.5
0.3240439694870067,-0.004606962209341219,0.5031786121549349,63.0,-0.36,1.0,-0.09674367503891546,6.6000000000000005,0.0,-7.9283524,93.0349,0.0,0.6,0.5
0.29226998012675104,-0.010944529441908242,0.5036590410351891,62.28,-0.36,1.0,0.2542191839350423,6.605,0.0,-7.9283524,93.0349,0.0,0.6,0.5
0.26406553860636733,-0.0013126906575434052,0.5035071815248527,61.739999999999995,-0.36,1.0,-0.005188146610926481,6.61,0.0,-7.9283524,93.0349,0.0,0.6,0.5
0.23635800488206052,-0.016238815740095766,0.5033141567813655,60.839999999999996,-0.36,1.0,0.3305154576250331,6.615,0.0,-7.9283524,93.0349,0.0,0.6,0.5
0.21168387711930006,-0.0029329748718160548,0.5028090584868412,60.12,-0.36,1.0,0.2084414197210478,6.62,0.008185518115275459,-7.630232,86.14132,0.0,0.6,0.5
0.18710529718222452,-0.011184595280146708,0.5034097165359703,59.22,-0.36,1.0,-0.020447401348924643,6.625,0.008185518115275459,-7.630232,86.14132,0.0,0.6,0.5
0.16703687884999932,-0.0015472150105817126,0.5026684481506452,58.32,-0.36,1.0,0.0863673818170625,6.63,0.008185518115275459,-7.630232,86.14132,0.0,0.6,0.5
0.1471610940795472,0.01235606891293968,0.5028143443273924,57.419999999999995,-0.36,1.0,0.1626636555070533,6.635,0.008185518115275459,-7.630232,86.14132,0.0,0.6,0.5
0.1302758039226913,0.016575971019117064,0.5024924308076334,56.339999999999996,-0.36,1.0,-0.11200292977691362,6.640000000000001,0.08437854609227656,-7.313678,71.87956,0.0,0.6,0.5
0.11938433504045055,0.029286418667530775,0.5023227129095381,55.26,-0.36,1.0,0.0863673818170625,6.6450000000000005,0.08437854609227656,-7.313678,71.87956,0.0,0.6,0.5
0.10480588734970045,0.05032116436481922,0.5020950913293449,54.0,-0.36,1.0,0.17792291024505147,6.65,0.08437854609227656,-7.313678,71.87956,0.0,0.6,0.5
0.08893691944257912,0.07966856823261945,0.5019162854978337,52.739999999999995,-0.36,1.0,0.2084414197210478,6.655,0.08437854609227656,-7.313678,71.87956,0.0,0.6,0.5
0.08398857468765945,0.0934302701773751,0.501876006711924,51.3,-0.36,1.0,-0.005188146610926481,6.66,0.45863736472467803,-4.2557335,-69.57049,0.0,0.0,0.5
0.07512993800419761,0.11186331626780086,0.5017615306370226,50.04,-0.36,1.0,0.22370067445904596,6.665,0.45863736472467803,-4.2557335,-69.57049,0.0,0.0,0.5
0.060544990733872366,0.13256649704080267,0.5015872996985566,48.42,-0.36,1.0,0.0863673818170625,6.67,0.45863736472467803,-4.2557335,-69.57049,0.0,0.0,0.5
0.056089008218356384,0.15329114974445052,0.5013576281611212,46.98,-0.36,1.0,0.26947843867304044,6.675,0.45863736472467803,-4.2557335,-69.57049,0.0,0.0,0.5
0.049746108039565556,0.17360105976469875,0.501130441679149,45.18,-0.36,1.0,-0.18829920346690443,6.68,1.3144932503664082,6.7020583,-91.32852,0.6,0.0,0.5
0.0436031647270726,0.189508334987525,0.5010924060901157,43.559999999999995,-0.36,1.0,-0.06622516556291913,6.6850000000000005,1.3144932503664082,6.7020583,-91.32852,0.6,0.0,0.5
0.03032609127113842,0.2039766607411884,0.5010144378641871,41.76,-0.36,1.0,0.025330362865069844,6.69,1.3144932503664082,6.7020583,-91.32852,0.6,0.0,0.5
0.02645600794543399,0.22686555712050768,0.5008427086881443,39.96,-0.36,1.0,0.34577471236303126,6.695,1.3144932503664082,6.7020583,-91.32852,0.6,0.0,0.5
0.02138229615013246,0.2462113112679498,0.5009762365758919,37.98,-0.36,1.0,-0.14252143925290994,6.7,1.9865468835726479,5.8916135,-65.337875,0.6,0.0,0.5
0.015638786730653286,0.26282695916271775,0.5011206868092601,36.0,-0.36,1.0,0.17792291024505147,6.705,1.9865468835726479,5.8916135,-65.337875,0.6,0.0,0.5
0.014672488016452843,0.2735944726492431,0.5011421713131357,34.019999999999996,-0.36,1.0,0.2084414197210478,6.71,1.9865468835726479,5.8916135,-65.337875,0.6,0.0,0.5
0.002227073770134165,0.2965175113427372,0.5012872157104639,31.86,-0.36,1.0,0.14740440076905514,6.715,1.9865468835726479,5.8916135,-65.337875,0.6,0.0,0.5
-0.0028915391860352664,0.31208484682189236,0.5013807863446648,29.7,-0.36,1.0,0.010071108127071682,6.72,1.58303606567115,5.1127,-87.41845,0.6,0.0,0.5
-0.00865300566490102,0.3171152249969721,0.5015195092807592,27.36,-0.36,1.0,0.26947843867304044,6.7250000000000005,1.58303606567115,5.1127,-87.41845,0.6,0.0,0.5
-0.0068483082154244795,0.32841850051434907,0.5018694098708534,25.02,-0.36,1.0,0.19318216498304963,6.73,1.58303606567115,5.1127,-87.41845,0.6,0.0,0.5
-0.019767570934062825,0.3393526872420968,0.5021711404717448,22.68,-0.36,1.0,0.34577471236303126,6.735,1.58303606567115,5.1127,-87.41845,0.6,0.0,0.5
-0.030105231188950133,0.3377508111284175,0.5026146830734136,20.16,-0.36,1.0,0.025330362865069844,6.74,0.6651725691041684,3.0689275,-93.087456,0.6,0.0,0.5
-0.022622826840766483,0.34193329312327353,0.5030546217952266,17.64,-0.36,1.0,0.19318216498304963,6.745,0.6651725691041684,3.0689275,-93.087456,0.6,0.0,0.5
-0.01732082428497569,0.34316357852809853,0.5034369437080946,14.94,-0.36,1.0,-0.14252143925290994,6.75,0.6651725691041684,3.0689275,-93.087456,0.6,0.0,0.5
-0.014468544505880927,0.3512251674056478,0.5034137431815225,12.42,-0.36,1.0,0.3305154576250331,6.755,0.6651725691041684,3.0689275,-93.087456,0.6,0.0,0.5
-0.013593448979375998,0.34886748114579597,0.5035408139423587,9.54,-0.36,1.0,-0.17303994872890627,6.76,0.1473768889487815,6.1043453,-69.15304,0.6,0.0,0.5
-0.012256778368577593,0.34702446851238566,0.5035003575234777,6.84,-0.36,1.0,0.010071108127071682,6.765000000000001,0.1473768889487815,6.1043453,-69.15304,0.6,0.0,0.5
-0.0026399073996310756,0.3239768447408071,0.5036103409063599,3.96,2.52,1.0,8.494216742454274,6.7700000000000005,0.1473768889487815,6.1043453,-69.15304,0.6,0.0,0.5
-0.004514692141636807,0.31157232871181645,0.5062050619038138,2.16,5.76,1.0,2.8330332346568436,6.775,0.1473768889487815,6.1043453,-69.15304,0.6,0.0,0.5
0.019008873229209678,0.27960969426049237,0.5078971883396833,1.44,6.12,1.0,-0.524002807702864,6.78,0.017217733028384453,4.987114,-65.954384,0.6,0.0,0.5
0.04154544580544308,0.24796908401132825,0.5092068124608917,1.44,6.3,1.0,1.0629596850490017,6.785,0.017217733028384453,4.987114,-65.954384,0.6,0.0,0.5
0.06736146676571639,0.22685408223760695,0.5105584093331789,2.6999999999999997,4.5,1.0,1.4291817987609576,6.79,0.017217733028384453,4.987114,-65.954384,0.6,0.0,0.5
0.0845826869671058,0.1944102195367356,0.5092044453783162,4.5,2.16,1.0,1.3986632892849613,6.795,0.017217733028384453,4.987114,-65.954384,0.6,0.0,0.5
0.09874329694555706,0.16320966449280286,0.5074563790984801,6.66,-0.54,1.0,2.5431073946348235,6.8,0.0010606548595563168,2.530088,-60.243732,0.6,0.0,0.5
0.12306033855977923,0.1615946870090182,0.5060802907946398,7.38,0.0,1.0,-0.05096591082492097,6.805,0.0010606548595563168,2.530088,-60.243732,0.6,0.0,0.5
0.1334955177584993,0.1479009950183408,0.5045614368361903,8.82,0.18,1.0,-0.4782250434888695,6.8100000000000005,0.0010606548595563168,2.530088,-60.243732,0.6,0.0,0.5
0.1497212985860962,0.12413141205953457,0.5037495544185661,10.26,-0.54,1.0,0.2847376934110386,6.815,0.0010606548595563168,2.530088,-60.243732,0.6,0.0,0.5
0.1702267678997815,0.11610041849827574,0.5040087175509472,11.52,-0.18,1.0,0.14740440076905514,6.82,0.0,-4.838705,-89.21606,0.0,0.0,0.5
0.1898221690045598,0.10992233709869101,0.5030290944579219,12.959999999999999,-0.36,1.0,0.31525620288703493,6.825,0.0,-4.838705,-89.21606,0.0,0.0,0.5
0.2044883628932002,0.09554873978356931,0.5021896112432105,14.219999999999999,-0.36,1.0,-0.12726218451491178,6.83,0.0,-4.838705,-89.21606,0.0,0.0,0.5
0.22148586224479727,0.06868340251322143,0.5030212341249914,15.84,-0.36,1.0,0.1626636555070533,6.835,0.0,-4.838705,-89.21606,0.0,0.0,0.5
0.24091449471343168,0.06047431077375114,0.5027539759599574,17.28,-0.36,1.0,0.0863673818170625,6.84,0.0,-3.038356,20.730528,0.0,0.6,0.5
0.2552830434935733,0.055239243751824,0.5023178285389263,18.72,-0.36,1.0,0.3762932218390276,6.845,0.0,-3.038356,20.730528,0.0,0.6,0.5
0.27057482941615113,0.04452010884171446,0.5028827090342308,20.34,-0.36,1.0,-0.21881771294290076,6.8500000000000005,0.0,-3.038356,20.730528,0.0,0.6,0.5
0.2880419612078009,0.045988899032101044,0.502603239255096,21.96,-0.36,1.0,0.22370067445904596,6.855,0.0,-3.038356,20.730528,0.0,0.6,0.5
0.3015320983480534,0.040673022939231945,0.502426301482078,23.759999999999998,-0.36,1.0,0.17792291024505147,6.86,0.0,-6.577941,89.198456,0.0,0.6,0.5
0.3146388002529164,0.02762268922407571,0.5027601351962476,25.56,-0.36,1.0,0.42207098605302207,6.865,0.0,-6.577941,89.198456,0.0,0.6,0.5
0.3306175943675582,0.022519887563934617,0.5022216036026185,27.54,-0.36,1.0,0.010071108127071682,6.87,0.0,-6.577941,89.198456,0.0,0.6,0.5
0.34372342017971813,0.013029748219633744,0.5015992816091037,29.52,-0.36,1.0,0.3610339671010294,6.875,0.0,-6.577941,89.198456,0.0,0.6,0.5
0.355230842909892,0.027903240585676826,0.5011953332615157,31.5,-0.36,1.0,-0.18829920346690443,6.88,0.0,-7.4397273,82.4116,0.0,0.6,0.5
0.36822828489044745,0.0166480003633871,0.5010278582325477,33.66,-0.36,1.0,-0.035706656086922806,6.885,0.0,-7.4397273,82.4116,0.0,0.6,0.5
0.37926544641671545,0.010991295249149031,0.5009534089398944,36.0,-0.36,1.0,0.010071108127071682,6.890000000000001,0.0,-7.4397273,82.4116,0.0,0.6,0.5
0.3832949049301762,0.0057788652305988345,0.5006231898618926,38.16,-0.36,1.0,0.34577471236303126,6.8950000000000005,0.0,-7.4397273,82.4116,0.0,0.6,0.5
0.3820372081283976,0.016132935649105614,0.5005907220688867,40.32,-0.36,1.0,-0.08148442030091729,6.9,0.0,-7.1622353,75.44211,0.0,0.6,0.5
0.38095350563755825,0.0167785019256138,0.5005425453703889,42.66,-0.36,1.0,0.2084414197210478,6.905,0.0,-7.1622353,75.44211,0.0,0.6,0.5
0.3771309872300695,-0.00021063060070930457,0.5007999994862403,44.82,-0.36,1.0,0.04058961760306801,6.91,0.0,-7.1622353,75.44211,0.0,0.6,0.5
0.37377452720949844,0.007718976508186604,0.5001841198835254,46.98,-0.36,1.0,0.19318216498304963,6.915,0.0,-7.1622353,75.44211,0.0,0.6,0.5
0.3703410291842601,0.008616977812689651,0.5000816456150821,48.96,-0.36,1.0,-0.05096591082492097,6.92,0.005136001007823097,-7.341134,81.68637,0.0,0.6,0.5
0.3645377932689044,0.020197860417616235,0.5000053796408294,50.94,-0.36,1.0,0.23895992919704412,6.925,0.005136001007823097,-7.341134,81.68637,0.0,0.6,0.5
0.35245067488150256,0.03770004404958057,0.499503245977426,52.919999999999995,-0.36,1.0,-0.12726218451491178,6.93,0.005136001007823097,-7.341134,81.68637,0.0,0.6,0.5
0.33253460467196194,0.06312928390112274,0.49938307549234984,54.54,-0.36,1.0,0.0863673818170625,6.9350000000000005,0.005136001007823097,-7.341134,81.68637,0.0,0.6,0.5
0.30863219008272263,0.07028451339601763,0.4993756700556382,56.16,-0.36,1.0,-0.1577806939909081,6.94,0.059108521152029435,-6.7745085,4.4307084,0.0,0.6,0.5
0.28237415851974346,0.08413667096354967,0.4993906406135829,57.78,-0.36,1.0,0.07110812707906433,6.945,0.059108521152029435,-6.7745085,4.4307084,0.0,0.6,0.5
0.25572608111188944,0.10922940022244056,0.49960926633840724,59.22,-0.36,1.0,-0.3714102603228824,6.95,0.059108521152029435,-6.7745085,4.4307084,0.0,0.6,0.5
0.2289606681070264,0.1398388281766201,0.49994793782500685,60.48,-0.36,1.0,0.0863673818170625,6.955,0.059108521152029435,-6.7745085,4.4307084,0.0,0.6,0.5
0.20450543675231006,0.1527494446193413,0.5001141573240958,61.559999999999995,-0.36,1.0,0.2542191839350423,6.96,0.3586960703709564,-5.4724827,-89.913086,0.0,0.0,0.5
0.18071429344168546,0.1636812722312741,0.5002667944970057,62.46,-0.36,1.0,0.1626636555070533,6.965,0.3586960703709564,-5.4724827,-89.913086,0.0,0.0,0.5
0.16011708883523842,0.189226945616944,0.5006116868716783,63.18,-0.36,1.0,-0.09674367503891546,6.97,0.3586960703709564,-5.4724827,-89.913086,0.0,0.0,0.5
0.1396861077815591,0.20438519642073374,0.5011301789433807,63.72,-0.36,1.0,0.26947843867304044,6.9750000000000005,0.3586960703709564,-5.4724827,-89.913086,0.0,0.0,0.5
0.11952902319925923,0.2163421749878835,0.5012395096221584,64.08,-0.18,1.0,-0.09674367503891546,6.98,1.1477694883700387,7.1525292,-102.46565,0.6,0.0,0.5
0.0969750517913428,0.23791994228650604,0.5019601773373041,64.08,-0.18,1.0,0.19318216498304963,6.985,1.1477694883700387,7.1525292,-102.46565,0.6,0.0,0.5
0.09256185630217878,0.2551530177159675,0.5023441841472472,63.72,-0.36,1.0,-0.17303994872890627,6.99,1.1477694883700387,7.1525292,-102.46565,0.6,0.0,0.5
0.07658464014852845,0.2692854349058781,0.5026551521553496,63.18,-0.18,1.0,0.11688589129305882,6.995,1.1477694883700387,7.1525292,-102.46565,0.6,0.0,0.5
0.06519251810277006,0.2860160598329191,0.5027992602883845,62.28,-0.18,1.0,0.11688589129305882,7.0,1.9365747445202384,6.6652493,-79.3632,0.6,0.0,0.5
0.0538285970484108,0.30962782952164225,0.5034138104022436,61.019999999999996,-0.18,1.0,0.2542191839350423,7.005,1.9365747445202384,6.6652493,-79.3632,0.6,0.0,0.5
0.04851945288246282,0.3227564353574054,0.5036343043633889,59.58,-0.18,1.0,0.07110812707906433,7.01,1.9365747445202384,6.6652493,-79.3632,0.6,0.0,0.5
0.036321872799492526,0.3322937528366224,0.5040288162604869,57.78,-0.18,1.0,0.19318216498304963,7.015000000000001,1.9365747445202384,6.6652493,-79.3632,0.6,0.0,0.5
0.03335911987265614,0.3463032953896358,0.5041405726709596,55.62,-0.18,1.0,0.17792291024505147,7.0200000000000005,1.7229210759221878,6.044965,-71.08515,0.6,0.0,0.5
0.029414770243517754,0.36546277860524956,0.5042774978853548,53.28,-0.18,1.0,0.07110812707906433,7.025,1.7229210759221878,6.044965,-71.08515,0.6,0.0,0.5
0.031790316911112775,0.3688056351516453,0.5045727945027751,50.58,-0.18,1.0,0.2847376934110386,7.03,1.7229210759221878,6.044965,-71.08515,0.6,0.0,0.5
0.020435250642950705,0.3855302047431646,0.5046798121408703,47.699999999999996,-0.18,1.0,0.10162663655506066,7.035,1.7229210759221878,6.044965,-71.08515,0.6,0.0,0.5
0.021400371822952777,0.3855575331592942,0.5049403567423295,44.64,-0.36,1.0,-0.1577806939909081,7.04,0.8082543209236288,7.0022697,-75.85794,0.6,0.0,0.5
0.008761861431022512,0.390972019264372,0.505063292762834,41.4,-0.36,1.0,0.04058961760306801,7.045,0.8082543209236288,7.0022697,-75.85794,0.6,0.0,0.5
0.011065416743330355,0.3761167654763974,0.5048908269632287,37.98,-0.36,1.0,-0.09674367503891546,7.05,0.8082543209236288,7.0022697,-75.85794,0.6,0.0,0.5
0.012160589864896007,0.37154702372576237,0.5048998903707301,34.56,-0.36,1.0,-0.05096591082492097,7.055,0.8082543209236288,7.0022697,-75.85794,0.6,0.0,0.5
0.012701491569089882,0.38719060063292216,0.5048922031890519,30.959999999999997,-0.36,1.0,0.05584887234106617,7.0600000000000005,0.1999319574571311,6.7642994,-86.74082,0.6,0.0,0.5
0.016596705749490574,0.3830297784788155,0.5051485163671124,27.36,-0.36,1.0,0.025330362865069844,7.065,0.1999319574571311,6.7642994,-86.74082,0.6,0.0,0.5
0.02627251634843817,0.35843156458764147,0.5053012171796698,23.58,-0.36,1.0,-0.020447401348924643,7.07,0.1999319574571311,6.7642994,-86.74082,0.6,0.0,0.5
0.05608098986900952,0.33694953914319803,0.5051041582416551,19.98,-0.36,1.0,0.11688589129305882,7.075,0.1999319574571311,6.7642994,-86.74082,0.6,0.0,0.5
0.07614362860231,0.32718697503558797,0.5046851158582893,16.02,-0.36,1.0,-0.005188146610926481,7.08,0.026077618801892046,7.2073774,-84.7477,0.6,0.0,0.5
0.09331326306709312,0.2996678678681033,0.5045519734430253,12.24,-0.36,1.0,0.10162663655506066,7.085,0.026077618801892046,7.2073774,-84.7477,0.6,0.0,0.5
0.12068175563924134,0.2751025565184208,0.5041402461732309,8.459999999999999,-0.36,1.0,0.05584887234106617,7.09,0.026077618801892046,7.2073774,-84.7477,0.6,0.0,0.5
0.13699545089879905,0.2501769908551009,0.5038110913705891,4.68,0.54,1.0,28.087099826044522,7.095,0.026077618801892046,7.2073774,-84.7477,0.6,0.0,0.5
0.1531157100904863,0.22020236938844095,0.5051898854332046,1.98,6.84,1.0,2.86355174413284,7.1000000000000005,0.001793515683552897,5.601403,-66.51913,0.6,0.0,0.5
0.17165469805313796,0.19875941424547916,0.5080534712134839,0.72,8.82,1.0,-0.29511398663289157,7.105,0.001793515683552897,5.601403,-66.51913,0.6,0.0,0.5
0.19319178948038795,0.16978757037718373,0.5096832766656553,1.08,6.84,1.0,10.661030915250123,7.11,0.001793515683552897,5.601403,-66.51913,0.6,0.0,0.5
0.2074511811552042,0.16107441742637724,0.5105211228425265,2.52,5.76,1.0,2.4515518662068345,7.115,0.001793515683552897,5.601403,-66.51913,0.6,0.0,0.5
0.22175229931383242,0.13845406577018057,0.5103273597169895,5.22,2.16,1.0,0.7425153355510403,7.12,0.0,7.1103997,-75.903656,0.6,0.0,0.5
0.24015500591367955,0.1232722924761743,0.506408575041397,7.739999999999999,-1.08,1.0,0.5746635334330037,7.125,0.0,7.1103997,-75.903656,0.6,0.0,0.5
0.25635220959883376,0.10799921304776511,0.5048723498256315,8.82,0.8999999999999999,1.0,-0.29511398663289157,7.13,0.0,7.1103997,-75.903656,0.6,0.0,0.5
0.27044386616514127,0.10445048602945456,0.5041591059997869,11.16,1.26,1.0,-0.08148442030091729,7.135,0.0,7.1103997,-75.903656,0.6,0.0,0.5
0.2877999035368899,0.10544716792584366,0.5027663592001996,14.04,-0.54,1.0,0.010071108127071682,7.140000000000001,0.0,2.7001104,-87.19025,0.6,0.0,0.5
0.3019318435605711,0.09560726986430279,0.5026202623347172,16.02,-0.18,1.0,0.0863673818170625,7.1450000000000005,0.0,2.7001104,-87.19025,0.6,0.0,0.5
0.31428581720761267,0.09170504698145801,0.5025979352147099,18.9,-0.36,1.0,-0.005188146610926481,7.15,0.0,2.7001104,-87.19025,0.6,0.0,0.5
0.3284325103577741,0.07201364955793704,0.5014845773181125,21.419999999999998,-0.36,1.0,0.4983672597430129,7.155,0.0,2.7001104,-87.19025,0.6,0.0,0.5
0.34181738940152456,0.053162663255814896,0.5017814193902637,24.3,-0.36,1.0,-0.08148442030091729,7.16,0.0,1.354883,-53.72605,0.6,0.0,0.5
0.35244748083504535,0.045596509001633416,0.5016945644542297,27.36,-0.36,1.0,-0.21881771294290076,7.165,0.0,1.354883,-53.72605,0.6,0.0,0.5
0.36497681252492314,0.031003435635440234,0.5006510978511041,30.24,-0.36,1.0,0.010071108127071682,7.17,0.0,1.354883,-53.72605,0.6,0.0,0.5
0.37676157614668093,0.024823536421314008,0.5006457661719356,33.3,-0.36,1.0,-0.035706656086922806,7.175,0.0,1.354883,-53.72605,0.6,0.0,0.5
0.385931231910768,0.010200230645220052,0.5008124205665396,36.54,-0.36,1.0,0.22370067445904596,7.18,0.0,-5.3344097,-81.74977,0.0,0.0,0.5
0.39603003319202645,0.008159377441475752,0.49962055685786766,39.6,-0.36,1.0,0.010071108127071682,7.1850000000000005,0.0,-5.3344097,-81.74977,0.0,0.0,0.5
0.4055412761611887,0.0037882800453431587,0.499639438590559,42.839999999999996,-0.36,1.0,0.14740440076905514,7.19,0.0,-5.3344097,-81.74977,0.0,0.0,0.5
0.4120141849089782,-0.005665508160484728,0.5002484555840462,46.08,-0.36,1.0,-0.11200292977691362,7.195,0.0,-5.3344097,-81.74977,0.0,0.0,0.5
0.4195418066160728,-0.011388767308990863,0.49946492543390786,49.14,-0.36,1.0,0.17792291024505147,7.2,0.0,-7.1823645,-77.90264,0.0,0.0,0.5
0.426537099431878,-0.012732539880852926,0.4997088552913758,52.379999999999995,-0.36,1.0,0.05584887234106617,7.205,0.0,-7.1823645,-77.90264,0.0,0.0,0.5
0.432806578586289,0.008709008813178494,0.49963642411927345,55.44,-0.36,1.0,-0.17303994872890627,7.21,0.0,-7.1823645,-77.90264,0.0,0.0,0.5
0.4385756627419494,-0.004425876277473968,0.49932923881850766,58.5,-0.36,1.0,0.1626636555070533,7.215,0.0,-7.1823645,-77.90264,0.0,0.0,0.5
0.44484156349411724,0.0037970186612242616,0.4995575500414582,61.379999999999995,-0.36,1.0,0.10162663655506066,7.22,0.0,-8.379252,90.98544,0.0,0.6,0.5
0.4498024667963902,-0.003925717216565176,0.4999180453352969,64.08,-0.36,1.0,0.05584887234106617,7.2250000000000005,0.0,-8.379252,90.98544,0.0,0.6,0.5
0.45459084651801135,-0.017368893063418035,0.4998657411614069,66.78,-0.36,1.0,0.04058961760306801,7.23,0.0,-8.379252,90.98544,0.0,0.6,0.5
0.4605559532116488,-0.014686536323423987,0.4995553721377619,69.48,-0.36,1.0,-0.05096591082492097,7.235,0.0,-8.379252,90.98544,0.0,0.6,0.5
0.4655302445366696,-0.006154768550651002,0.4993898381647716,72.0,-0.36,1.0,0.10162663655506066,7.24,0.0,-6.8335533,81.996475,0.0,0.6,0.5
0.47063190482432443,-0.0021948686198325898,0.4989852818036711,74.16,-0.36,1.0,0.05584887234106617,7.245,0.0,-6.8335533,81.996475,0.0,0.6,0.5
0.47480222517562887,-0.011144730105789523,0.49959575977004494,76.32,-0.18,1.0,0.1626636555070533,7.25,0.0,-6.8335533,81.996475,0.0,0.6,0.5
0.479105425079673,-0.011450799112035078,0.49966653327173,78.11999999999999,-0.18,1.0,-0.12726218451491178,7.255,0.0,-6.8335533,81.996475,0.0,0.6,0.5
0.48146787228835985,-0.013394294166121324,0.49952278474949235,79.56,-0.18,1.0,0.07110812707906433,7.26,0.0,-7.5069695,83.90323,0.0,0.6,0.5
0.48062174852317285,-0.011411824939892824,0.4997413558539435,80.64,-0.18,1.0,-0.005188146610926481,7.265000000000001,0.0,-7.5069695,83.90323,0.0,0.6,0.5
0.480254880232102,-0.01332635629830167,0.4997682988690023,81.53999999999999,-0.18,1.0,-0.06622516556291913,7.2700000000000005,0.0,-7.5069695,83.90323,0.0,0.6,0.5
0.47974889531990084,-0.00785168816610769,0.4998005160155028,81.89999999999999,-0.18,1.0,-0.035706656086922806,7.275,0.0,-7.5069695,83.90323,0.0,0.6,0.5
0.47690225105883316,-0.00531254783447772,0.5002044645376215,81.89999999999999,-0.18,1.0,0.26947843867304044,7.28,0.0007225487497597986,-8.189706,92.31795,0.0,0.6,0.5
0.4715385508173481,0.0022201824930151676,0.500611578635681,81.72,-0.18,1.0,-0.020447401348924643,7.285,0.0007225487497597986,-8.189706,92.31795,0.0,0.6,0.5
0.4570631124345615,-0.012455340768933128,0.5015617329698865,81.17999999999999,-0.18,1.0,0.010071108127071682,7.29,0.0007225487497597986,-8.189706,92.31795,0.0,0.6,0.5
0.43354861959187757,0.007544002428980331,0.5011553459856375,80.28,-0.18,1.0,-0.18829920346690443,7.295,0.0007225487497597986,-8.189706,92.31795,0.0,0.6,0.5
0.40459797082892723,-0.0088660501114275,0.5015429169123342,79.2,-0.18,1.0,0.3762932218390276,7.3,0.01268182262866989,-7.9122715,88.551,0.0,0.6,0.5
0.3720769019967447,0.012586996091981727,0.5018885405379455,78.11999999999999,-0.18,1.0,-0.035706656086922806,7.305,0.01268182262866989,-7.9122715,88.551,0.0,0.6,0.5
0.3408962219960483,0.023759001639685744,0.5022808011472479,76.67999999999999,-0.36,1.0,0.05584887234106617,7.3100000000000005,0.01268182262866989,-7.9122715,88.551,0.0,0.6,0.5
0.30845240540523317,0.04180012710838861,0.5027190130087799,75.24,-0.18,1.0,-0.09674367503891546,7.315,0.01268182262866989,-7.9122715,88.551,0.0,0.6,0.5
0.27846418951851276,0.057857487855512146,0.5034063426335419,73.44,-0.18,1.0,0.22370067445904596,7.32,0.11736746573505784,-6.5282526,1.4721475,0.0,0.6,0.5
0.2488534731278521,0.0718309328647896,0.503861991037064,71.82,-0.36,1.0,-0.1577806939909081,7.325,0.11736746573505784,-6.5282526,1.4721475,0.0,0.6,0.5
0.22222425584911176,0.09764949422538985,0.5038139313197829,69.84,-0.36,1.0,0.34577471236303126,7.33,0.11736746573505784,-6.5282526,1.4721475,0.0,0.6,0.5
0.19703711570495988,0.12751947394561738,0.5040573389382778,67.86,-0.36,1.0,0.0863673818170625,7.335,0.11736746573505784,-6.5282526,1.4721475,0.0,0.6,0.5
0.17485501273882428,0.14813598190658975,0.5041220921411379,65.7,-0.36,1.0,0.17792291024505147,7.34,0.5727502812836318,5.8102074,-86.596344,0.6,0.0,0.5
0.1552650724595747,0.16079554408188051,0.504255838987151,63.54,-0.36,1.0,0.07110812707906433,7.345,0.5727502812836318,5.8102074,-86.596344,0.6,0.0,0.5
0.1373053869254204,0.1748042067705257,0.5045215296921156,61.379999999999995,-0.36,1.0,0.04058961760306801,7.3500000000000005,0.5727502812836318,5.8102074,-86.596344,0.6,0.0,0.5
0.11504344298678114,0.1960020586457284,0.5046841350392406,58.86,-0.36,1.0,0.025330362865069844,7.355,0.5727502812836318,5.8102074,-86.596344,0.6,0.0,0.5
0.09273462899589367,0.20555790695100468,0.504913185868284,56.519999999999996,-0.36,1.0,0.14740440076905514,7.36,1.4737860001130172,7.2585125,-98.56627,0.6,0.0,0.5
0.08768357222328119,0.21711712357483653,0.504798353403462,54.0,-0.36,1.0,-0.005188146610926481,7.365,1.4737860001130172,7.2585125,-98.56627,0.6,0.0,0.5
0.07744190284564227,0.24300530894346273,0.5051578531806257,51.3,-0.36,1.0,0.2084414197210478,7.37,1.4737860001130172,7.2585125,-98.56627,0.6,0.0,0.5
0.05850327651440255,0.2689086316946396,0.5053460047445258,48.6,-0.36,1.0,-0.11200292977691362,7.375,1.4737860001130172,7.2585125,-98.56627,0.6,0.0,0.5
0.04752523802835599,0.2854100832627824,0.5053222809273674,45.9,-0.36,1.0,-0.005188146610926481,7.38,1.9996550022301143,7.6593456,-106.04143,0.6,0.0,0.5
0.039391773112669067,0.2991194746317147,0.5048747247790322,43.019999999999996,-0.36,1.0,-0.06622516556291913,7.385,1.9996550022301143,7.6593456,-106.04143,0.6,0.0,0.5
0.029603816662079625,0.3007134849341178,0.5049805445504543,40.14,-0.36,1.0,0.025330362865069844,7.390000000000001,1.9996550022301143,7.6593456,-106.04143,0.6,0.0,0.5
0.015093600881430455,0.31217828321134655,0.5050397783200966,37.08,-0.36,1.0,0.05584887234106617,7.3950000000000005,1.9996550022301143,7.6593456,-106.04143,0.6,0.0,0.5
0.012324686106086015,0.3334296377293248,0.5048233559950732,34.019999999999996,-0.36,1.0,0.2542191839350423,7.4,1.4306297521683502,6.740672,-85.40038,0.6,0.0,0.5
0.010882366541075253,0.34836952029089163,0.5048803213586633,30.959999999999997,-0.36,1.0,-0.005188146610926481,7.405,1.4306297521683502,6.740672,-85.40038,0.6,0.0,0.5
0.01002120305653601,0.3632427982849893,0.5046826254825306,27.72,-0.36,1.0,0.2542191839350423,7.41,1.4306297521683502,6.740672,-85.40038,0.6,0.0,0.5
0.017049025390156063,0.3673348366419414,0.504273947220023,24.48,-0.36,1.0,-0.14252143925290994,7.415,1.4306297521683502,6.740672,-85.40038,0.6,0.0,0.5
0.012874902755189172,0.3782449544546535,0.504277087683325,21.06,-0.36,1.0,0.2847376934110386,7.42,0.5396981917307547,4.5218964,-97.071625,0.6,0.0,0.5
0.013917105426547501,0.3754088060710564,0.5042493528746377,17.64,-0.36,1.0,0.05584887234106617,7.425,0.5396981917307547,4.5218964,-97.071625,0.6,0.0,0.5
0.028767611204892494,0.3878476344524571,0.5039362473316716,14.219999999999999,-0.36,1.0,0.19318216498304963,7.43,0.5396981917307547,4.5218964,-97.071625,0.6,0.0,0.5
0.042836639058257776,0.3829074465671509,0.503778425453809,10.62,-0.36,1.0,-0.12726218451491178,7.4350000000000005,0.5396981917307547,4.5218964,-97.071625,0.6,0.0,0.5
0.054780042267752044,0.3810248787606635,0.5037521114748156,7.199999999999999,-0.36,1.0,0.07110812707906433,7.44,0.10735597112900486,3.1979442,-76.13183,0.6,0.0,0.5
0.07560837144348366,0.3715790804030287,0.5032940221385601,3.78,3.06,1.0,10.722067934202116,7.445,0.10735597112900486,3.1979442,-76.13183,0.6,0.0,0.5
0.09158983800289207,0.35587033256967293,0.5055262624766945,1.44,7.38,1.0,3.138218329416807,7.45,0.10735597112900486,3.1979442,-76.13183,0.6,0.0,0.5
0.10899579223776217,0.3217992723342071,0.5077542874339864,0.54,8.28,1.0,-0.9817804498428089,7.455,0.10735597112900486,3.1979442,-76.13183,0.6,0.0,0.5
0.13014337897034178,0.2864629825217429,0.509208490049958,0.8999999999999999,7.38,1.0,2.1921445356608658,7.46,0.011260378226741715,1.8725541,0.6076188,0.6,0.48228564262390133,0.5
0.14821519808691294,0.26307416949796236,0.5109230302620414,2.34,5.76,1.0,0.4983672597430129,7.465,0.011260378226741715,1.8725541,0.6076188,0.6,0.48228564262390133,0.5
0.16462225833903277,0.24084121313172688,0.5095814832315682,4.859999999999999,1.98,1.0,0.5441450239570074,7.47,0.011260378226741715,1.8725541,0.6076188,0.6,0.48228564262390133,0.5
0.1851185126041813,0.20762605719719657,0.5059410320805903,7.02,-0.72,1.0,0.6509598071229945,7.4750000000000005,0.011260378226741715,1.8725541,0.6076188,0.6,0.48228564262390133,0.5
0.20316906910440194,0.18389091527220827,0.5050082962013638,8.82,0.18,1.0,0.5441450239570074,7.48,0.0,-1.6730065,24.381765,0.0,0.6,0.5
0.2173518480198896,0.1702103195288424,0.5032882388199759,11.16,-0.18,1.0,-0.020447401348924643,7.485,0.0,-1.6730065,24.381765,0.0,0.6,0.5
0.23620351021521496,0.1491833592961069,0.5019339775853096,13.139999999999999,-0.36,1.0,-0.3561510055848842,7.49,0.0,-1.6730065,24.381765,0.0,0.6,0.5
0.2535557297966359,0.14870567229982762,0.5022051867367369,15.66,-0.36,1.0,-0.09674367503891546,7.495,0.0,-1.6730065,24.381765,0.0,0.6,0.5
0.26707889898857073,0.12696825606253448,0.5016782995802768,17.82,-0.36,1.0,0.5441450239570074,7.5,0.0,-5.017073,-3.0588918,0.0,0.0,0.5
0.28284842472494465,0.11421655118293911,0.5009900439764835,20.16,-0.36,1.0,0.05584887234106617,7.505,0.0,-5.017073,-3.0588918,0.0,0.0,0.5
0.29882088778865573,0.09773283108828044,0.5016109812724531,22.68,-0.36,1.0,0.2084414197210478,7.51,0.0,-5.017073,-3.0588918,0.0,0.0,0.5
0.31036106990800516,0.08371811359662115,0.5016018084328921,25.2,-0.36,1.0,-0.12726218451491178,7.515000000000001,0.0,-5.017073,-3.0588918,0.0,0.0,0.5
0.3240086857785476,0.08057196383403774,0.5011005302727448,27.9,-0.36,1.0,0.010071108127071682,7.5200000000000005,0.0,-5.819826,-55.09384,0.0,0.0,0.5
0.33858215579551765,0.06265216270133174,0.5009747513333754,30.419999999999998,-0.36,1.0,-0.020447401348924643,7.525,0.0,-5.819826,-55.09384,0.0,0.0,0.5
0.34917544585760074,0.05713196600121592,0.5011017474085733,33.12,-0.36,1.0,0.2084414197210478,7.53,0.0,-5.819826,-55.09384,0.0,0.0,0.5
0.3603990063601888,0.05322348568105618,0.5006510804101003,35.82,-0.36,1.0,-0.035706656086922806,7.535,0.0,-5.819826,-55.09384,0.0,0.0,0.5
0.3729650849973092,0.055926631622415665,0.5005523677082753,38.519999999999996,-0.36,1.0,0.2847376934110386,7.54,0.0,-7.571912,7.1112075,0.0,0.6,0.5
0.3827344803052974,0.05928199986660671,0.5002871145211122,41.22,-0.36,1.0,0.010071108127071682,7.545,0.0,-7.571912,7.1112075,0.0,0.6,0.5
0.3923869067899866,0.06673614215805805,0.4995761309382848,43.739999999999995,-0.36,1.0,0.2847376934110386,7.55,0.0,-7.571912,7.1112075,0.0,0.6,0.5
0.4019459777243649,0.0816788203683056,0.49977534350348585,46.44,-0.36,1.0,-0.005188146610926481,7.555,0.0,-7.571912,7.1112075,0.0,0.6,0.5
0.4095675063790748,0.10312054502668272,0.49945482000167635,49.14,-0.36,1.0,0.3610339671010294,7.5600000000000005,0.0,-6.2673864,109.22673,0.0,0.6,0.5
0.4112482767068881,0.1267610980188956,0.4993588712884803,51.66,-0.36,1.0,-0.21881771294290076,7.565,0.0,-6.2673864,109.22673,0.0,0.6,0.5
0.4096297269143594,0.14487708418297812,0.49962489360017953,54.18,-0.36,1.0,-0.12726218451491178,7.57,0.0,-6.2673864,109.22673,0.0,0.6,0.5
0.40857236052192597,0.16380964173145204,0.4999021879979153,56.519999999999996,-0.36,1.0,-0.18829920346690443,7.575,0.0,-6.2673864,109.22673,0.0,0.6,0.5
0.4061918955908135,0.18058740334246495,0.5000024353337948,58.86,-0.36,1.0,0.2542191839350423,7.58,0.0,-8.018758,92.8368,0.0,0.6,0.5
0.4032667100372098,0.1836884596053503,0.5000347809614841,60.839999999999996,-0.36,1.0,-0.05096591082492097,7.585,0.0,-8.018758,92.8368,0.0,0.6,0.5
0.3989391990123196,0.18069701022841908,0.5004647079353778,62.82,-0.36,1.0,0.22370067445904596,7.59,0.0,-8.018758,92.8368,0.0,0.6,0.5
0.38631309367782574,0.19515535810812568,0.5005975993796666,64.44,-0.36,1.0,0.11688589129305882,7.595,0.0,-8.018758,92.8368,0.0,0.6,0.5
0.3661128271669132,0.19383323935787397,0.5006919736438927,65.88,-0.36,1.0,-0.11200292977691362,7.6000000000000005,0.0,-8.264012,95.688095,0.0,0.6,0.5
0.3397852516984459,0.190073979946982,0.5009485651399566,67.14,-0.36,1.0,0.04058961760306801,7.605,0.0,-8.264012,95.688095,0.0,0.6,0.5
0.3122905953781406,0.19335492942759117,0.5010162386402719,68.03999999999999,-0.36,1.0,0.2084414197210478,7.61,0.0,-8.264012,95.688095,0.0,0.6,0.5
0.28279721201439734,0.1912127034877572,0.5016488587009816,68.58,-0.36,1.0,-0.005188146610926481,7.615,0.0,-8.264012,95.688095,0.0,0.6,0.5
0.25490030782937934,0.1962825407489001,0.5019048968961908,68.75999999999999,-0.36,1.0,0.29999694814903677,7.62,0.0011644720546135116,-8.155551,90.61336,0.0,0.6,0.5
0.22737460910764387,0.19533619782435271,0.5022037540389187,68.75999999999999,-0.36,1.0,0.04058961760306801,7.625,0.0011644720546135116,-8.155551,90.61336,0.0,0.6,0.5
0.20234184537436892,0.1996543449754432,0.5025487020987649,68.58,-0.36,1.0,0.07110812707906433,7.63,0.0011644720546135116,-8.155551,90.61336,0.0,0.6,0.5
0.17910756537756176,0.20261488120944215,0.5027237664056233,68.03999999999999,-0.36,1.0,0.17792291024505147,7.635,0.0011644720546135116,-8.155551,90.61336,0.0,0.6,0.5
0.15860360679983182,0.22574403979662908,0.5031873729844074,67.14,-0.36,1.0,0.17792291024505147,7.640000000000001,0.01854177471199963,-7.956135,91.608246,0.0,0.6,0.5
0.13844656152879783,0.22434592080800841,0.5032930862532741,65.88,-0.36,1.0,0.010071108127071682,7.6450000000000005,0.01854177471199963,-7.956135,91.608246,0.0,0.6,0.5
0.11894088598615443,0.24119048697970927,0.5037727594688886,64.44,-0.36,1.0,0.26947843867304044,7.65,0.01854177471199963,-7.956135,91.608246,0.0,0.6,0.5
0.10079249545882606,0.2590080819484971,0.5041144431256978,62.82,-0.36,1.0,0.010071108127071682,7.655,0.01854177471199963,-7.956135,91.608246,0.0,0.6,0.5
0.08681253492553423,0.2856867118364259,0.504270846536461,60.839999999999996,-0.36,1.0,0.025330362865069844,7.66,0.1556772175864656,3.322288,-114.52962,0.6,0.0,0.5
0.08117299769971537,0.2922327828900285,0.5042468287691115,58.68,-0.36,1.0,0.07110812707906433,7.665,0.1556772175864656,3.322288,-114.52962,0.6,0.0,0.5
0.07300460129311,0.30480557693983196,0.5041424215962544,56.16,-0.36,1.0,0.10162663655506066,7.67,0.1556772175864656,3.322288,-114.52962,0.6,0.0,0.5
0.06274932101213625,0.318945462641774,0.5043838663075405,53.46,-0.36,1.0,0.31525620288703493,7.675,0.1556772175864656,3.322288,-114.52962,0.6,0.0,0.5
0.04696507632305499,0.335842721839455,0.504778825831437,50.4,-0.36,1.0,-0.020447401348924643,7.68,0.6892080689560305,5.038167,-117.48733,0.6,0.0,0.5
0.055191723921907104,0.34779023213573135,0.5046669353088834,47.339999999999996,-0.36,1.0,0.025330362865069844,7.6850000000000005,0.6892080689560305,5.038167,-117.48733,0.6,0.0,0.5
0.03189167729449396,0.3692766034368061,0.5047584321386454,43.92,-0.36,1.0,-0.035706656086922806,7.69,0.6892080689560305,5.038167,-117.48733,0.6,0.0,0.5
0.03465293551119046,0.36885290274080373,0.5049359830057928,40.5,-0.36,1.0,0.1626636555070533,7.695,0.6892080689560305,5.038167,-117.48733,0.6,0.0,0.5
0.031460393215726974,0.3898345783814534,0.5050035230061649,36.72,-0.36,1.0,0.17792291024505147,7.7,1.6088930564985533,6.9692674,-109.61963,0.6,0.0,0.5
0.018027028744774954,0.4026335888795255,0.5052025053205104,32.94,-0.36,1.0,0.17792291024505147,7.705,1.6088930564985533,6.9692674,-109.61963,0.6,0.0,0.5
0.017743001203288478,0.4134238947714601,0.5049664294328113,29.16,-0.36,1.0,-0.11200292977691362,7.71,1.6088930564985533,6.9692674,-109.61963,0.6,0.0,0.5
-0.0019059750919027997,0.4325964642676619,0.5048916366664445,25.2,-0.36,1.0,-0.2035584582049026,7.715,1.6088930564985533,6.9692674,-109.61963,0.6,0.0,0.5
0.002557378150104552,0.4225535371299596,0.5046542672319676,21.24,-0.36,1.0,-0.08148442030091729,7.72,1.9804119262911648,6.633895,-87.57417,0.6,0.0,0.5
0.0027754359000538666,0.4350272053721462,0.5047786244243746,17.099999999999998,-0.36,1.0,-0.14252143925290994,7.7250000000000005,1.9804119262911648,6.633895,-87.57417,0.6,0.0,0.5
0.007382611842031756,0.43925848350560043,0.5046166355578585,12.959999999999999,-0.36,1.0,0.2084414197210478,7.73,1.9804119262911648,6.633895,-87.57417,0.6,0.0,0.5
0.01569602058092364,0.4492305986865978,0.5043437137008898,8.64,-0.36,1.0,0.04058961760306801,7.735,1.9804119262911648,6.633895,-87.57417,0.6,0.0,0.5
-0.0006932742118762999,0.45755947076784337,0.503959854117332,4.32,0.36,1.0,34.282357249671946,7.74,1.2853914898592853,5.693573,-108.27685,0.6,0.0,0.5
0.005792372872334522,0.4548974051631517,0.5052024544439063,0.8999999999999999,8.1,1.0,2.970366527298827,7.745,1.2853914898592853,5.693573,-108.27685,0.6,0.0,0.5
0.023529072120722958,0.4483689014906316,0.5093356229998043,-1.44,11.52,1.0,0.025330362865069844,7.75,1.2853914898592853,5.693573,-108.27685,0.6,0.0,0.5
0.03201380440467752,0.4444047740560411,0.5122566728839452,-1.98,10.799999999999999,1.0,10.21851252784812,7.755,1.2853914898592853,5.693573,-108.27685,0.6,0.0,0.5
0.0498935613504054,0.44281279935865564,0.514710257569666,-1.44,10.98,1.0,1.3528855250709668,7.76,0.43991304349696325,-4.520664,-83.91019,0.0,0.0,0.5
0.07423146188704148,0.44373453741610513,0.5161712280241734,0.36,7.92,1.0,0.29999694814903677,7.765000000000001,0.43991304349696325,-4.520664,-83.91019,0.0,0.0,0.5
0.08585918512856826,0.430362167437692,0.5129719081973394,2.88,4.32,1.0,4.465773491622647,7.7700000000000005,0.43991304349696325,-4.520664,-83.91019,0.0,0.0,0.5
0.10302746956553739,0.4008906343929262,0.5101727569394544,6.12,0.18,1.0,0.4525894955290184,7.775,0.43991304349696325,-4.520664,-83.91019,0.0,0.0,0.5
0.12966412610969924,0.3907537112184419,0.5068488802231135,7.38,0.0,1.0,-0.8749656666768217,7.78,0.07938707293631253,-4.869207,51.32164,0.0,0.6,0.5
0.14145189765939695,0.3518923147496279,0.5040263540860103,9.36,1.08,1.0,-0.8902249214148199,7.785,0.07938707293631253,-4.869207,51.32164,0.0,0.6,0.5
0.15837816675860522,0.32208033119756313,0.5034070537466091,11.16,0.8999999999999999,1.0,0.2847376934110386,7.79,0.07938707293631253,-4.869207,51.32164,0.0,0.6,0.5
0.1794210374958625,0.302612171997158,0.5024508947826682,13.5,-0.54,1.0,-0.05096591082492097,7.795,0.07938707293631253,-4.869207,51.32164,0.0,0.6,0.5
0.19545503864242514,0.26843517229498376,0.5015436054738839,14.94,0.0,1.0,0.3305154576250331,7.8,0.00755412681767927,-6.6907926,88.48143,0.0,0.6,0.5
0.2107305512735047,0.24069840093509723,0.5010631757713279,16.919999999999998,-0.36,1.0,-0.035706656086922806,7.805000000000001,0.00755412681767927,-6.6907926,88.48143,0.0,0.6,0.5
0.23072537586042727,0.2097884076093777,0.5008573090354294,18.72,-0.36,1.0,-0.005188146610926481,7.8100000000000005,0.00755412681767927,-6.6907926,88.48143,0.0,0.6,0.5
0.2467812454754628,0.1944579841996237,0.5003449008134658,20.52,-0.36,1.0,-0.14252143925290994,7.815,0.00755412681767927,-6.6907926,88.48143,0.0,0.6,0.5
0.2605237400987668,0.17079830103809332,0.5006184351784473,22.32,-0.36,1.0,-0.09674367503891546,7.82,0.0,-7.689885,89.13512,0.0,0.6,0.5
0.2775468826427076,0.15128892314687725,0.5003954426291841,24.119999999999997,-0.36,1.0,0.23895992919704412,7.825,0.0,-7.689885,89.13512,0.0,0.6,0.5
0.2936473513950428,0.1352669125075725,0.5001218917859922,25.919999999999998,-0.36,1.0,0.07110812707906433,7.83,0.0,-7.689885,89.13512,0.0,0.6,0.5
0.30641282966762756,0.1335291604086998,0.4998734590039747,27.72,-0.36,1.0,0.22370067445904596,7.835,0.0,-7.689885,89.13512,0.0,0.6,0.5
0.32181025930775664,0.12233134490418915,0.4996726610058103,29.7,-0.36,1.0,0.14740440076905514,7.84,0.0,-7.538379,85.473755,0.0,0.6,0.5
0.3362226128632675,0.10788202029719036,0.4994044786179819,31.5,-0.36,1.0,0.10162663655506066,7.845,0.0,-7.538379,85.473755,0.0,0.6,0.5
0.3434265248717244,0.09060813506680473,0.49966767253414773,33.48,-0.36,1.0,-0.09674367503891546,7.8500000000000005,0.0,-7.538379,85.473755,0.0,0.6,0.5
0.3443691862324653,0.07777607915696597,0.49906723551143795,35.28,-0.36,1.0,0.19318216498304963,7.855,0.0,-7.538379,85.473755,0.0,0.6,0.5
0.34404290031208556,0.06125193565445206,0.499156225737293,37.08,-0.36,1.0,0.010071108127071682,7.86,0.01033149916277646,-7.2166405,78.36436,0.0,0.6,0.5
0.34228517924712426,0.05106849625427419,0.4991769488740765,38.879999999999995,-0.36,1.0,0.14740440076905514,7.865,0.01033149916277646,-7.2166405,78.36436,0.0,0.6,0.5
0.33891508229315825,0.04578095158192256,0.4990840288139771,40.68,-0.36,1.0,0.19318216498304963,7.87,0.01033149916277646,-7.2166405,78.36436,0.0,0.6,0.5
0.3359188044780019,0.05922831212994488,0.49894393369516365,42.3,-0.36,1.0,0.14740440076905514,7.875,0.01033149916277646,-7.2166405,78.36436,0.0,0.6,0.5
0.32821175200212427,0.0751511295911212,0.49890470543408616,43.739999999999995,-0.36,1.0,-0.12726218451491178,7.88,0.10062171940478341,-7.1667404,60.510193,0.0,0.6,0.5
0.3125010089885487,0.08298231036149974,0.49851637765380663,45.36,-0.36,1.0,0.17792291024505147,7.885,0.10062171940478341,-7.1667404,60.510193,0.0,0.6,0.5
0.2911190054590453,0.10412761579946825,0.4982398870264403,46.62,-0.36,1.0,0.19318216498304963,7.890000000000001,0.10062171940478341,-7.1667404,60.510193,0.0,0.6,0.5
0.2664570267759812,0.12510338279577857,0.4981609149620222,47.879999999999995,-0.36,1.0,0.07110812707906433,7.8950000000000005,0.10062171940478341,-7.1667404,60.510193,0.0,0.6,0.5
0.24152516815948,0.1354004500609598,0.4978724220341812,49.14,-0.36,1.0,0.0863673818170625,7.9,0.5167394934374242,4.2493563,-104.093994,0.6,0.0,0.5
0.21646991573042643,0.1517224085795193,0.4977459783507289,50.04,-0.36,1.0,0.22370067445904596,7.905,0.5167394934374242,4.2493563,-104.093994,0.6,0.0,0.5
0.1924032090708036,0.1629516053418121,0.49793594366760463,51.12,-0.36,1.0,-0.09674367503891546,7.91,0.5167394934374242,4.2493563,-104.093994,0.6,0.0,0.5
0.16989421406213195,0.18013614092203553,0.49779439913311224,51.839999999999996,-0.36,1.0,0.0863673818170625,7.915,0.5167394934374242,4.2493563,-104.093994,0.6,0.0,0.5
0.15011908979465782,0.20374466967421428,0.49782485701529894,52.559999999999995,-0.36,1.0,0.2847376934110386,7.92,1.399275105448321,6.798124,-101.38395,0.6,0.0,0.5
0.13191670357717866,0.21487519642007305,0.4978729691997433,52.919999999999995,-0.36,1.0,0.10162663655506066,7.925,1.399275105448321,6.798124,-101.38395,0.6,0.0,0.5
0.11958901239276433,0.23002417792815613,0.49814348229920885,53.28,-0.18,1.0,0.025330362865069844,7.930000000000001,1.399275105448321,6.798124,-101.38395,0.6,0.0,0.5
0.1052336223366904,0.25194738478097234,0.4981258722318591,53.46,-0.18,1.0,0.010071108127071682,7.9350000000000005,1.399275105448321,6.798124,-101.38395,0.6,0.0,0.5
0.09495717738832546,0.2762801364659163,0.49805929900576,53.46,-0.18,1.0,-0.12726218451491178,7.94,1.9979567913400968,6.6848373,-85.62919,0.6,0.0,0.5
0.08286529524743037,0.2932997777042419,0.49846159482841207,53.28,-0.18,1.0,-0.020447401348924643,7.945,1.9979567913400968,6.6848373,-85.62919,0.6,0.0,0.5
0.06572748908728898,0.3018550982796852,0.4989011309548085,52.739999999999995,-0.18,1.0,-0.020447401348924643,7.95,1.9979567913400968,6.6848373,-85.62919,0.6,0.0,0.5
0.04920395814373607,0.3243719438699782,0.49910122945228985,52.019999999999996,-0.18,1.0,0.4525894955290184,7.955,1.9979567913400968,6.6848373,-85.62919,0.6,0.0,0.5
0.036676365392614686,0.3247875852019475,0.4993299556998246,51.12,-0.18,1.0,-0.005188146610926481,7.96,1.5042520341258536,5.278466,-83.05755,0.6,0.0,0.5
0.031250841127703065,0.335943619382254,0.49969137967614213,49.86,-0.18,1.0,0.0863673818170625,7.965,1.5042520341258536,5.278466,-83.05755,0.6,0.0,0.5
0.03464922526685563,0.3511909439728506,0.4996150786057605,48.42,-0.18,1.0,0.025330362865069844,7.97,1.5042520341258536,5.278466,-83.05755,0.6,0.0,0.5
0.03236675516583026,0.3615224617657222,0.5001671128838694,46.62,-0.18,1.0,0.010071108127071682,7.9750000000000005,1.5042520341258536,5.278466,-83.05755,0.6,0.0,0.5
0.026441061826369912,0.37137104444859065,0.5002306206084427,44.64,-0.18,1.0,0.04058961760306801,7.98,0.5971819254304611,3.605134,-76.13229,0.6,0.0,0.5
0.0439143989893446,0.3736970278264809,0.5000777452966892,42.48,-0.18,1.0,-0.05096591082492097,7.985,0.5971819254304611,3.605134,-76.13229,0.6,0.0,0.5
0.05308970993738208,0.3758700361588355,0.5007254633944478,40.14,-0.18,1.0,-0.035706656086922806,7.99,0.5971819254304611,3.605134,-76.13229,0.6,0.0,0.5
0.06556449833409349,0.36767250779883526,0.501013180585772,37.8,-0.36,1.0,0.0863673818170625,7.995,0.5971819254304611,3.605134,-76.13229,0.6,0.0,0.5
0.07993192483041171,0.3762363592021579,0.5016517260971435,35.1,-0.36,1.0,-0.23407696768089892,8.0,0.12500984985260852,4.6954293,-74.81782,0.6,0.0,0.5
0.10725594853475538,0.3642605028195948,0.501697743512016,32.58,-0.36,1.0,0.14740440076905514,8.005,0.12500984985260852,4.6954293,-74.81782,0.6,0.0,0.5
0.12574700791963794,0.3527189492716418,0.5020707612402591,29.88,-0.36,1.0,-0.020447401348924643,8.01,0.12500984985260852,4.6954293,-74.81782,0.6,0.0,0.5
0.1435964807000581,0.34394973208868,0.5025185086852807,27.0,-0.36,1.0,0.14740440076905514,8.015,0.12500984985260852,4.6954293,-74.81782,0.6,0.0,0.5
0.1577515072851043,0.3118918666653441,0.5030475380401245,24.119999999999997,-0.36,1.0,-0.11200292977691362,8.02,0.013798546580349748,6.0283785,-82.08391,0.6,0.0,0.5
0.17024884978843685,0.28567350106367156,0.503245767810283,21.419999999999998,-0.36,1.0,0.19318216498304963,8.025,0.013798546580349748,6.0283785,-82.08391,0.6,0.0,0.5
0.1867229801352076,0.2680357085539428,0.503368463379666,18.54,-0.36,1.0,-0.05096591082492097,8.03,0.013798546580349748,6.0283785,-82.08391,0.6,0.0,0.5
0.20646279381937474,0.24166585573781024,0.5034297410601118,15.66,-0.36,1.0,0.11688589129305882,8.035,0.013798546580349748,6.0283785,-82.08391,0.6,0.0,0.5
0.22178418437500427,0.21769643725160737,0.5038066045648443,12.959999999999999,-0.36,1.0,-0.06622516556291913,8.040000000000001,0.000803108062741174,1.8050002,-93.29291,0.6,0.0,0.5
0.23911836022877642,0.1990907539154617,0.5037979571716594,10.44,-0.36,1.0,0.29999694814903677,8.045,0.000803108062741174,1.8050002,-93.29291,0.6,0.0,0.5
0.26000105209251195,0.16472131939429063,0.5034867068335374,8.1,-0.36,1.0,0.010071108127071682,8.05,0.000803108062741174,1.8050002,-93.29291,0.6,0.0,0.5
0.27538271751464183,0.16146557417008803,0.5037081078198417,6.12,-0.54,1.0,14.979400006103713,8.055,0.000803108062741174,1.8050002,-93.29291,0.6,0.0,0.5
0.2892897527521803,0.1519005478963646,0.5043452700863401,5.22,1.98,1.0,2.756736960966853,8.06,0.0,-5.5390263,-71.54651,0.0,0.0,0.5
0.3072957928209796,0.12608444917437778,0.5048813212598066,5.76,0.8999999999999999,1.0,0.6509598071229945,8.065,0.0,-5.5390263,-71.54651,0.0,0.0,0.5
0.31966579119524585,0.1011597146268722,0.504542643081734,7.199999999999999,-0.54,1.0,0.4983672597430129,8.07,0.0,-5.5390263,-71.54651,0.0,0.0,0.5
0.330182578672325,0.10120203798017345,0.5049061530522169,8.64,-0.36,1.0,-0.005188146610926481,8.075,0.0,-5.5390263,-71.54651,0.0,0.0,0.5
0.34488873777007995,0.09885622197730361,0.5043147296342642,10.62,-0.36,1.0,-0.707113864558842,8.08,0.0,-3.5979743,96.302605,0.0,0.6,0.5
0.3579308069717934,0.07823484155575401,0.5031526364684531,12.959999999999999,-0.36,1.0,-0.2035584582049026,8.085,0.0,-3.5979743,96.302605,0.0,0.6,0.5
0.3675531578232645,0.0586600300374754,0.5034352917508669,15.479999999999999,-0.36,1.0,-0.020447401348924643,8.09,0.0,-3.5979743,96.302605,0.0,0.6,0.5
0.3789906431388583,0.052511202840372015,0.5031522563796729,18.54,-0.36,1.0,-0.23407696768089892,8.095,0.0,-3.5979743,96.302605,0.0,0.6,0.5
0.3892322731723716,0.06121526833989922,0.5025915524955066,21.779999999999998,-0.36,1.0,0.22370067445904596,8.1,0.0,-4.863808,55.131477,0.0,0.6,0.5
0.39633546106697715,0.05289353407638851,0.502921967174055,25.2,-0.36,1.0,-0.005188146610926481,8.105,0.0,-4.863808,55.131477,0.0,0.6,0.5
0.4047412371723695,0.043382783484268723,0.50307541978697,28.799999999999997,-0.36,1.0,-0.12726218451491178,8.11,0.0,-4.863808,55.131477,0.0,0.6,0.5
0.41276271473952386,0.03046526588609512,0.50234715098152,32.58,-0.36,1.0,-0.020447401348924643,8.115,0.0,-4.863808,55.131477,0.0,0.6,0.5
0.41904488345168867,0.01658322075047712,0.5023044396716793,36.54,-0.36,1.0,-0.005188146610926481,8.120000000000001,0.0,-6.891761,71.31632,0.0,0.6,0.5
0.42523734707441463,0.008481447875253824,0.5020648059412685,40.5,-0.36,1.0,0.34577471236303126,8.125,0.0,-6.891761,71.31632,0.0,0.6,0.5
0.4322537084716577,0.016562643961211553,0.5011519332705748,44.46,-0.36,1.0,-0.2798547318948934,8.13,0.0,-6.891761,71.31632,0.0,0.6,0.5
0.43651499942624183,0.01809989839641201,0.5010944434112415,48.42,-0.36,1.0,0.025330362865069844,8.135,0.0,-6.891761,71.31632,0.0,0.6,0.5
0.43566479735651853,0.028716223491233758,0.5005058787737199,52.379999999999995,-0.36,1.0,0.11688589129305882,8.14,0.0007697048244069368,-8.377364,88.38623,0.0,0.6,0.5
0.4321459946672615,-0.0028337588905423777,0.5002982577401927,56.339999999999996,-0.36,1.0,0.11688589129305882,8.145,0.0007697048244069368,-8.377364,88.38623,0.0,0.6,0.5
0.4289974685326771,-0.013079342619561922,0.5008869415260958,60.12,-0.36,1.0,-0.11200292977691362,8.15,0.0007697048244069368,-8.377364,88.38623,0.0,0.6,0.5
0.4252605776621975,-0.007196439276545664,0.5008852736516572,63.9,-0.36,1.0,0.14740440076905514,8.155,0.0007697048244069368,-8.377364,88.38623,0.0,0.6,0.5
0.4224033294019107,-0.0009119904328326532,0.5003722347401998,67.5,-0.36,1.0,0.010071108127071682,8.16,0.01333861240477263,-7.7942495,84.93646,0.0,0.6,0.5
0.41805280942138834,0.0061101773837762925,0.5002187456379791,70.92,-0.36,1.0,0.14740440076905514,8.165000000000001,0.01333861240477263,-7.7942495,84.93646,0.0,0.6,0.5
0.40430386660549833,0.0242332193684658,0.5003914835429357,74.16,-0.36,1.0,0.23895992919704412,8.17,0.01333861240477263,-7.7942495,84.93646,0.0,0.6,0.5
0.3834878237836041,0.027775243610583172,0.5001643452385485,76.86,-0.18,1.0,0.025330362865069844,8.175,0.01333861240477263,-7.7942495,84.93646,0.0,0.6,0.5
0.35656690514044553,0.06513172452310337,0.5003717061511217,79.38,-0.18,1.0,-0.020447401348924643,8.18,0.12188454173885296,-6.891161,67.12955,0.0,0.6,0.5
0.32856833554330206,0.08794805199411548,0.4999664223416399,81.36,-0.18,1.0,0.025330362865069844,8.185,0.12188454173885296,-6.891161,67.12955,0.0,0.6,0.5
0.2982762008661098,0.09796176534591038,0.5002402712270043,82.61999999999999,0.0,1.0,-0.08148442030091729,8.19,0.12188454173885296,-6.891161,67.12955,0.0,0.6,0.5
0.2695085201881236,0.12217807038647611,0.5004329861128015,83.34,0.18,1.0,0.29999694814903677,8.195,0.12188454173885296,-6.891161,67.12955,0.0,0.6,0.5
0.24131212705698407,0.13417400094352588,0.5002328826705751,83.34,0.18,1.0,0.10162663655506066,8.2,0.5872704330761718,4.777523,-75.12334,0.6,0.0,0.5
0.21495885676692772,0.15290048313578627,0.4999926228473751,83.16,0.0,1.0,0.10162663655506066,8.205,0.5872704330761718,4.777523,-75.12334,0.6,0.0,0.5
0.19021998268299134,0.17579619522389076,0.5000753367726447,81.89999999999999,-0.18,1.0,-0.05096591082492097,8.21,0.5872704330761718,4.777523,-75.12334,0.6,0.0,0.5
0.16793544706634633,0.19625917933826376,0.4998647467730237,80.28,-0.18,1.0,0.10162663655506066,8.215,0.5872704330761718,4.777523,-75.12334,0.6,0.0,0.5
0.14818096465842534,0.20738273518636918,0.4994483226669839,78.11999999999999,-0.18,1.0,-0.09674367503891546,8.22,1.4920355647509969,6.4854665,-114.35144,0.6,0.0,0.5
0.1289548210262075,0.22444809820592748,0.49963415391313426,75.42,-0.18,1.0,0.10162663655506066,8.225,1.4920355647509969,6.4854665,-114.35144,0.6,0.0,0.5
0.11241056414434841,0.24725154194823012,0.4996594269566242,72.53999999999999,-0.18,1.0,-0.09674367503891546,8.23,1.4920355647509969,6.4854665,-114.35144,0.6,0.0,0.5
0.08721548451324951,0.26000343450682617,0.49973008181215417,69.3,-0.18,1.0,0.05584887234106617,8.235,1.4920355647509969,6.4854665,-114.35144,0.6,0.0,0.5
0.09707286127230581,0.27628334303262764,0.4997389305482767,65.7,-0.18,1.0,0.05584887234106617,8.24,1.9988110693331478,5.983989,-93.263275,0.6,0.0,0.5
0.07744985185066969,0.29724017559026245,0.4999841524340263,61.739999999999995,-0.18,1.0,0.0863673818170625,8.245000000000001,1.9988110693331478,5.983989,-93.263275,0.6,0.0,0.5
0.07722625701325929,0.31276456059549124,0.49990137774314264,57.78,-0.18,1.0,0.025330362865069844,8.25,1.9988110693331478,5.983989,-93.263275,0.6,0.0,0.5
0.07012662036960016,0.33231618481289404,0.5001493681538879,53.46,-0.18,1.0,0.04058961760306801,8.255,1.9988110693331478,5.983989,-93.263275,0.6,0.0,0.5
0.045008805831752506,0.3498508257408497,0.5010010707433017,49.14,-0.18,1.0,-0.035706656086922806,8.26,1.4119387196697906,6.6069703,-75.81162,0.6,0.0,0.5
0.03588228096076749,0.3594146011854366,0.501223081933002,44.46,-0.18,1.0,0.11688589129305882,8.265,1.4119387196697906,6.6069703,-75.81162,0.6,0.0,0.5
0.03506186637304559,0.3605504239659304,0.5014049097646355,39.96,-0.36,1.0,-0.035706656086922806,8.27,1.4119387196697906,6.6069703,-75.81162,0.6,0.0,0.5
0.024972980082975663,0.3685877691472424,0.5017746594031939,35.1,-0.36,1.0,0.22370067445904596,8.275,1.4119387196697906,6.6069703,-75.81162,0.6,0.0,0.5
0.017999685844487884,0.37045070557981036,0.5025750647688747,30.24,-0.36,1.0,0.07110812707906433,8.28,0.525910064165114,7.531755,-86.324196,0.6,0.0,0.5
0.018295137607199658,0.3761141828728605,0.5028746722067441,25.38,-0.36,1.0,-0.005188146610926481,8.285,0.525910064165114,7.531755,-86.324196,0.6,0.0,0.5
0.026949301057910817,0.37781079460114925,0.5034614715849882,20.34,-0.36,1.0,-0.24933622241889708,8.290000000000001,0.525910064165114,7.531755,-86.324196,0.6,0.0,0.5
0.03786113535195465,0.3867909076003551,0.5040304804394742,15.299999999999999,-0.36,1.0,0.19318216498304963,8.295,0.525910064165114,7.531755,-86.324196,0.6,0.0,0.5
0.05649991865225812,0.37906915819174997,0.5040342591393568,10.26,-0.36,1.0,-0.05096591082492097,8.3,0.10329008794377978,6.499485,-94.20975,0.6,0.0,0.5
0.07917554194559263,0.36823522981288864,0.5039664992742183,5.3999999999999995,-0.36,1.0,43.88042847987307,8.305,0.10329008794377978,6.499485,-94.20975,0.6,0.0,0.5
0.10630911058293593,0.34830178860330363,0.5045448949904431,0.8999999999999999,8.64,1.0,7.883846552934347,8.31,0.10329008794377978,6.499485,-94.20975,0.6,0.0,0.5
0.11707106030838643,0.3274549450371879,0.5099553716638974,-1.98,13.32,1.0,1.0629596850490017,8.315,0.10329008794377978,6.499485,-94.20975,0.6,0.0,0.5
0.13974166817486863,0.2973618363600563,0.5135710413101128,-2.52,13.139999999999999,1.0,-9.481185338908062,8.32,0.010696885426331532,4.951991,-94.70853,0.6,0.0,0.5
0.1578125703667966,0.259047318060212,0.5163300441020292,-1.7999999999999998,11.34,1.0,0.6357005523849963,8.325,0.010696885426331532,4.951991,-94.70853,0.6,0.0,0.5
0.1705654246740586,0.23003246025023105,0.5180068455279945,0.54,9.0,1.0,2.604144413586816,8.33,0.010696885426331532,4.951991,-94.70853,0.6,0.0,0.5
0.19070287305631956,0.20383854360599563,0.514957732435864,3.96,3.78,1.0,1.9937742240668896,8.335,0.010696885426331532,4.951991,-94.70853,0.6,0.0,0.5
0.20775791924368403,0.1714393982947113,0.5099200275386055,7.56,-1.44,1.0,-0.020447401348924643,8.34,0.0,6.3823805,-74.512054,0.6,0.0,0.5
0.22218688207185974,0.16274821833090536,0.5079362743542795,8.28,1.08,1.0,-0.31037324137088973,8.345,0.0,6.3823805,-74.512054,0.6,0.0,0.5
0.24076276636760963,0.14838368033555407,0.5057314297315654,10.62,2.52,1.0,0.6509598071229945,8.35,0.0,6.3823805,-74.512054,0.6,0.0,0.5
0.25896325059455944,0.13179736189592428,0.5041322529554065,13.5,1.08,1.0,-0.14252143925290994,8.355,0.0,6.3823805,-74.512054,0.6,0.0,0.5
0.2711868652438317,0.12478757366590969,0.5040631595348659,16.56,-0.72,1.0,-0.11200292977691362,8.36,0.0,5.9483733,-67.66564,0.6,0.0,0.5
0.2864796539396015,0.10514416904484089,0.5032537389294515,18.72,0.0,1.0,0.1626636555070533,8.365,0.0,5.9483733,-67.66564,0.6,0.0,0.5
0.30305784341865527,0.08901911944298027,0.5016682872843075,21.419999999999998,-0.18,1.0,-0.5392620624408622,8.370000000000001,0.0,5.9483733,-67.66564,0.6,0.0,0.5
0.31558603251260575,0.07697379697724921,0.5009680867094796,23.939999999999998,-0.36,1.0,-0.29511398663289157,8.375,0.0,5.9483733,-67.66564,0.6,0.0,0.5
0.32852535231541863,0.06571423535799129,0.5008519419321037,26.82,-0.36,1.0,0.19318216498304963,8.38,0.0,-3.3234165,-92.1002,0.0,0.0,0.5
0.3427163864285978,0.05727404494085258,0.5001072586472818,29.7,-0.36,1.0,0.010071108127071682,8.385,0.0,-3.3234165,-92.1002,0.0,0.0,0.5
0.35409933624259693,0.04853464176974896,0.4999216567169085,32.4,-0.36,1.0,-0.12726218451491178,8.39,0.0,-3.3234165,-92.1002,0.0,0.0,0.5
0.364692589560714,0.044759139973457825,0.49999410354206664,35.28,-0.36,1.0,0.10162663655506066,8.395,0.0,-3.3234165,-92.1002,0.0,0.0,0.5
0.3763677733140183,0.03866877022472103,0.49993013426244637,38.16,-0.36,1.0,0.5746635334330037,8.4,0.0,-7.3541603,-74.32151,0.0,0.0,0.5
0.3866519271862625,0.041106080115163535,0.4995909289614663,41.04,-0.36,1.0,0.22370067445904596,8.405,0.0,-7.3541603,-74.32151,0.0,0.0,0.5
0.39582613855398147,0.04503980610806909,0.49938124107792475,43.92,-0.36,1.0,-0.12726218451491178,8.41,0.0,-7.3541603,-74.32151,0.0,0.0,0.5
0.4057936139429665,0.03360691432686952,0.4987681566023179,46.8,-0.36,1.0,0.0863673818170625,8.415000000000001,0.0,-7.3541603,-74.32151,0.0,0.0,0.5
0.41410985140969186,0.019905230074004115,0.49867383174507357,49.5,-0.36,1.0,0.0863673818170625,8.42,0.0,-8.048447,91.472565,0.0,0.6,0.5
0.4208741511444127,0.010516481064875165,0.49879897052505673,52.379999999999995,-0.36,1.0,0.010071108127071682,8.425,0.0,-8.048447,91.472565,0.0,0.6,0.5
0.42830893107535206,0.013453643727326487,0.49858974808861645,55.08,-0.36,1.0,0.010071108127071682,8.43,0.0,-8.048447,91.472565,0.0,0.6,0.5
0.4355089464145941,0.019661339545409044,0.4982425334132106,57.599999999999994,-0.36,1.0,0.025330362865069844,8.435,0.0,-8.048447,91.472565,0.0,0.6,0.5
0.4412765995341546,0.026483486380416917,0.49828448757598026,60.12,-0.36,1.0,-0.05096591082492097,8.44,0.0,-8.251821,99.743706,0.0,0.6,0.5
0.44732933724042867,0.013422298098975582,0.4981215631007239,62.64,-0.36,1.0,0.010071108127071682,8.445,0.0,-8.251821,99.743706,0.0,0.6,0.5
0.4524687508277672,-0.0009886511031258155,0.498732888269543,64.98,-0.36,1.0,-0.09674367503891546,8.45,0.0,-8.251821,99.743706,0.0,0.6,0.5
0.4559383409614532,0.001626399480429928,0.4984133519219658,67.32,-0.36,1.0,0.2847376934110386,8.455,0.0,-8.251821,99.743706,0.0,0.6,0.5
0.45501249598011656,0.0012799214893327946,0.49814969713370616,69.48,-0.36,1.0,0.22370067445904596,8.46,0.0,-8.218606,99.168945,0.0,0.6,0.5
0.45415468580260066,-0.008922571389140996,0.4983872571086768,71.46,-0.36,1.0,0.07110812707906433,8.465,0.0,-8.218606,99.168945,0.0,0.6,0.5
0.45373844800708946,0.0007172427794093387,0.497987350939833,73.25999999999999,-0.36,1.0,0.0863673818170625,8.47,0.0,-8.218606,99.168945,0.0,0.6,0.5
0.4513241725863266,-0.00402084365433668,0.49786668475642226,74.88,-0.36,1.0,0.11688589129305882,8.475,0.0,-8.218606,99.168945,0.0,0.6,0.5
0.447678784995278,-0.013376275858483923,0.4978548818752766,76.32,-0.18,1.0,-0.005188146610926481,8.48,0.0012380693727724892,-8.11933,90.86975,0.0,0.6,0.5
0.43727024760433525,-0.006669558215083259,0.4977809372340556,77.39999999999999,-0.18,1.0,0.025330362865069844,8.485,0.0012380693727724892,-8.11933,90.86975,0.0,0.6,0.5
0.41522959377354757,-0.014848186043053073,0.49763585684105843,78.3,-0.18,1.0,0.010071108127071682,8.49,0.0012380693727724892,-8.11933,90.86975,0.0,0.6,0.5
0.38841360871558334,-0.013981835217560912,0.4975901408635154,79.02,-0.18,1.0,-0.05096591082492097,8.495000000000001,0.0012380693727724892,-8.11933,90.86975,0.0,0.6,0.5
0.3575756348848994,-0.008153431997677358,0.4977585644447009,79.2,-0.18,1.0,0.17792291024505147,8.5,0.0194643153850721,-7.827325,78.409584,0.0,0.6,0.5
0.32697932049889283,-0.013926435783444562,0.4975512082056911,79.38,-0.18,1.0,0.010071108127071682,8.505,0.0194643153850721,-7.827325,78.409584,0.0,0.6,0.5
0.2960492829617574,0.004100346215339771,0.49766464397985816,79.02,-0.18,1.0,-0.14252143925290994,8.51,0.0194643153850721,-7.827325,78.409584,0.0,0.6,0.5
0.2665641657397846,0.022113737393725904,0.49798522327648787,78.66,-0.18,1.0,-0.08148442030091729,8.515,0.0194643153850721,-7.827325,78.409584,0.0,0.6,0.5
0.2385914844971638,0.02178133727483703,0.4976556113509579,77.94,-0.18,1.0,0.05584887234106617,8.52,0.16135588782693772,-7.5187316,-62.61189,0.0,0.0,0.5
0.21249097868588787,0.04469148705265549,0.4976713528093853,76.86,-0.18,1.0,0.05584887234106617,8.525,0.16135588782693772,-7.5187316,-62.61189,0.0,0.0,0.5
0.18770854737097092,0.0728859494494045,0.497896078904526,75.78,-0.18,1.0,0.025330362865069844,8.53,0.16135588782693772,-7.5187316,-62.61189,0.0,0.0,0.5
0.16587653118478504,0.09269741374623386,0.49828496275535356,74.34,-0.18,1.0,-0.12726218451491178,8.535,0.16135588782693772,-7.5187316,-62.61189,0.0,0.0,0.5
0.14627464089820502,0.10026465418219635,0.4985222312744624,72.89999999999999,-0.18,1.0,0.17792291024505147,8.540000000000001,0.7053132348272261,-7.7981787,-26.403484,0.0,0.0,0.5
0.12839399095649126,0.1212079988909419,0.4989639290285055,71.28,-0.18,1.0,-0.17303994872890627,8.545,0.7053132348272261,-7.7981787,-26.403484,0.0,0.0,0.5
0.11745180476021347,0.13022524574492425,0.49947895334885906,69.3,-0.18,1.0,-0.06622516556291913,8.55,0.7053132348272261,-7.7981787,-26.403484,0.0,0.0,0.5
0.10809088435900126,0.14904616998896789,0.4999068233786725,67.32,-0.36,1.0,-0.23407696768089892,8.555,0.7053132348272261,-7.7981787,-26.403484,0.0,0.0,0.5
0.09265749186561906,0.1749426700694087,0.500290067343513,65.16,-0.18,1.0,0.2847376934110386,8.56,1.625663971013871,-8.078899,88.06746,0.0,0.6,0.5
0.09319923907145776,0.19986680958486666,0.5006835822746188,62.82,-0.36,1.0,-0.035706656086922806,8.565,1.625663971013871,-8.078899,88.06746,0.0,0.6,0.5
0.08303770589204959,0.20917582559651654,0.5010488806669005,60.48,-0.36,1.0,0.23895992919704412,8.57,1.625663971013871,-8.078899,88.06746,0.0,0.6,0.5
0.06608780746112297,0.22704012261163098,0.5019726014010729,57.96,-0.36,1.0,-0.035706656086922806,8.575000000000001,1.625663971013871,-8.078899,88.06746,0.0,0.6,0.5
0.07055567941764739,0.24943245816537568,0.5024498983738834,55.44,-0.36,1.0,0.23895992919704412,8.58,1.975745765522802,-8.155227,88.019745,0.0,0.6,0.5
0.06304130684854624,0.25328610059207907,0.5031068366485142,52.739999999999995,-0.36,1.0,-0.14252143925290994,8.585,1.975745765522802,-8.155227,88.019745,0.0,0.6,0.5
0.04918511364770842,0.2758955714393095,0.5033933002122126,49.86,-0.36,1.0,0.23895992919704412,8.59,1.975745765522802,-8.155227,88.019745,0.0,0.6,0.5
0.033570033889919484,0.2992329402023492,0.5038882735039203,46.98,-0.36,1.0,-0.09674367503891546,8.595,1.975745765522802,-8.155227,88.019745,0.0,0.6,0.5
0.027316320979495143,0.3094094572029301,0.504367523457171,44.1,-0.36,1.0,0.17792291024505147,8.6,1.2661433271029114,-7.9531784,75.58703,0.0,0.6,0.5
0.026281455840680906,0.30402513342096027,0.5048721213408495,40.86,-0.36,1.0,0.2847376934110386,8.605,1.2661433271029114,-7.9531784,75.58703,0.0,0.6,0.5
0.029840580815172883,0.3021235800034379,0.5051716919595204,37.8,-0.36,1.0,0.11688589129305882,8.61,1.2661433271029114,-7.9531784,75.58703,0.0,0.6,0.5
0.013079497562163929,0.3097599185602402,0.5052107127068423,34.56,-0.36,1.0,0.025330362865069844,8.615,1.2661433271029114,-7.9531784,75.58703,0.0,0.6,0.5
0.0023367767477890772,0.3098843692878999,0.5053713170123542,31.32,-0.36,1.0,0.22370067445904596,8.620000000000001,0.42784475544404765,-7.298664,-88.03339,0.0,0.0,0.5
0.004581171085852944,0.31174354454305697,0.5054169052929374,28.08,-0.36,1.0,-0.035706656086922806,8.625,0.42784475544404765,-7.298664,-88.03339,0.0,0.0,0.5
0.01422024947222935,0.30892591665516417,0.505503350306509,24.66,-0.36,1.0,0.19318216498304963,8.63,0.42784475544404765,-7.298664,-88.03339,0.0,0.0,0.5
-0.009610690635778678,0.2923850801420292,0.5055379388793008,21.06,-0.36,1.0,-0.11200292977691362,8.635,0.42784475544404765,-7.298664,-88.03339,0.0,0.0,0.5
-0.003414219035979519,0.3016524682161773,0.5051782931982619,17.46,-0.36,1.0,0.17792291024505147,8.64,0.7966402588046698,3.466271,-110.800476,0.6,0.0,0.5
-0.00998628429700827,0.2888858860930831,0.5052887767540354,13.86,-0.36,1.0,-0.17303994872890627,8.645,0.7966402588046698,3.466271,-110.800476,0.6,0.0,0.5
-0.020489068921275833,0.29046953931234537,0.5049342066243833,10.26,-0.36,1.0,0.07110812707906433,8.65,0.7966402588046698,3.466271,-110.800476,0.6,0.0,0.5
-0.010123107123022926,0.29635387645757844,0.5045085495429803,6.66,-0.36,1.0,-0.1577806939909081,8.655,0.7966402588046698,3.466271,-110.800476,0.6,0.0,0.5
-0.013442759469469125,0.2978003646105128,0.5039764223243253,3.06,3.78,1.0,11.332438123722042,8.66,1.7127754565887428,6.064609,-99.963974,0.6,0.0,0.5
-0.012670104919189101,0.2941448613657583,0.5072301292806342,0.36,8.82,1.0,1.8106631672109117,8.665000000000001,1.7127754565887428,6.064609,-99.963974,0.6,0.0,0.5
-0.02045406598114068,0.2930713638443807,0.5100303597963911,-0.8999999999999999,9.9,1.0,-0.41718802453687687,8.67,1.7127754565887428,6.064609,-99.963974,0.6,0.0,0.5
-0.01593479624953713,0.31086428327763166,0.5118988906499299,-1.08,9.719999999999999,1.0,2.314218573564851,8.675,1.7127754565887428,6.064609,-99.963974,0.6,0.0,0.5
-0.025121881478857726,0.31036242023922517,0.5144808718992263,-0.18,8.64,1.0,1.9022186956389007,8.68,1.9417358261783413,4.5547705,-54.482548,0.6,0.0,0.5
-0.02589559762885724,0.32818573134266726,0.5131276197190898,1.6199999999999999,5.58,1.0,8.52473525193027,8.685,1.9417358261783413,4.5547705,-54.482548,0.6,0.0,0.5
-0.018736650771846365,0.3476803452731382,0.5104459555155618,3.96,2.88,1.0,1.2613299966429778,8.69,1.9417358261783413,4.5547705,-54.482548,0.6,0.0,0.5
-0.010172467364293515,0.36413146105598165,0.508532316488211,6.4799999999999995,-0.54,1.0,4.0232551042207,8.695,1.9417358261783413,4.5547705,-54.482548,0.6,0.0,0.5
-0.00909529100622294,0.37054855373226,0.5056774538529885,7.199999999999999,0.18,1.0,-0.18829920346690443,8.700000000000001,1.1607304773520741,5.219048,-27.666006,0.6,0.0,0.5
-0.011121156535011832,0.3703862065056612,0.5034964781844664,8.82,0.54,1.0,-0.34089175084688605,8.705,1.1607304773520741,5.219048,-27.666006,0.6,0.0,0.5
-0.017010708006425415,0.36835226872533,0.50305431549287,10.44,-0.18,1.0,0.1626636555070533,8.71,1.1607304773520741,5.219048,-27.666006,0.6,0.0,0.5
-0.017634631989238883,0.36685975202512494,0.5022263224575241,11.34,-0.18,1.0,-0.12726218451491178,8.715,1.1607304773520741,5.219048,-27.666006,0.6,0.0,0.5
-0.00852359105576503,0.3734612501031723,0.5013395829235103,12.6,-0.36,1.0,0.1626636555070533,8.72,0.3658677787056475,4.513728,-34.874256,0.6,0.0,0.5
-0.007956047261643997,0.3650733972991219,0.5014233789383202,13.68,-0.36,1.0,-0.2035584582049026,8.725,0.3658677787056475,4.513728,-34.874256,0.6,0.0,0.5
-0.01110627020506783,0.354859130203917,0.5009088814068026,14.58,-0.18,1.0,0.025330362865069844,8.73,0.3658677787056475,4.513728,-34.874256,0.6,0.0,0.5
0.0083180588758835,0.33368461549148937,0.5005112321057408,15.479999999999999,-0.36,1.0,-0.21881771294290076,8.735,0.3658677787056475,4.513728,-34.874256,0.6,0.0,0.5
0.009280483675619542,0.30937739587046814,0.5007482914449591,16.38,-0.36,1.0,0.29999694814903677,8.74,0.06080908534129343,5.0558243,-25.271593,0.6,0.0,0.5
0.023320716496525163,0.2851480897049361,0.5007090648746801,16.919999999999998,-0.36,1.0,-0.2035584582049026,8.745000000000001,0.06080908534129343,5.0558243,-25.271593,0.6,0.0,0.5
0.05317457784509153,0.2539660274183324,0.5006911565015651,17.64,-0.36,1.0,0.2542191839350423,8.75,0.06080908534129343,5.0558243,-25.271593,0.6,0.0,0.5
0.07005124335184088,0.2346226855344627,0.5006901394205295,18.18,-0.36,1.0,0.05584887234106617,8.755,0.06080908534129343,5.0558243,-25.271593,0.6,0.0,0.5
0.08467772078589157,0.19562120353491783,0.5005302291730332,18.54,-0.36,1.0,0.3305154576250331,8.76,0.00532922810979324,6.839835,-87.60228,0.6,0.0,0.5
0.11514561467374483,0.18864635774600227,0.5004310039724112,18.9,-0.36,1.0,-0.020447401348924643,8.765,0.00532922810979324,6.839835,-87.60228,0.6,0.0,0.5
0.13655507800418284,0.15924135568912046,0.5006263463195675,19.08,-0.36,1.0,0.22370067445904596,8.77,0.00532922810979324,6.839835,-87.60228,0.6,0.0,0.5
0.14994169987445533,0.14166188454043718,0.5002721949834729,19.259999999999998,-0.36,1.0,-0.11200292977691362,8.775,0.00532922810979324,6.839835,-87.60228,0.6,0.0,0.5
0.1683373045142063,0.12317628831965695,0.5001590688955417,19.439999999999998,-0.36,1.0,0.22370067445904596,8.78,0.0,7.780242,-85.503174,0.6,0.0,0.5
0.18769572717319158,0.11361929820470933,0.5001026888539771,19.62,-0.36,1.0,-0.23407696768089892,8.785,0.0,7.780242,-85.503174,0.6,0.0,0.5
0.20242088441525802,0.10464821545329703,0.5000918090336302,19.8,-0.36,1.0,0.025330362865069844,8.790000000000001,0.0,7.780242,-85.503174,0.6,0.0,0.5
0.21953147567348646,0.11127889908000275,0.49961659665111724,19.8,-0.36,1.0,0.010071108127071682,8.795,0.0,7.780242,-85.503174,0.6,0.0,0.5
0.2386558231438646,0.08409408818071046,0.49975762687754854,19.98,-0.36,1.0,0.11688589129305882,8.8,0.0,7.6383276,-91.85337,0.6,0.0,0.5
0.25361239312199363,0.06872565356792093,0.49980300745681194,20.16,-0.36,1.0,-0.08148442030091729,8.805,0.0,7.6383276,-91.85337,0.6,0.0,0.5
0.2700147179593065,0.06428916865388237,0.4995111909961319,20.52,-0.36,1.0,0.1626636555070533,8.81,0.0,7.6383276,-91.85337,0.6,0.0,0.5
0.28752078396859293,0.05484844752766469,0.49984511351463906,20.7,-0.36,1.0,-0.12726218451491178,8.815,0.0,7.6383276,-91.85337,0.6,0.0,0.5
0.3030345827822262,0.05593929417191907,0.4992075537291813,21.24,-0.36,1.0,0.42207098605302207,8.82,0.0,7.3065557,-94.78386,0.6,0.0,0.5
0.31645999990600737,0.04593044349665809,0.49896811984049194,21.779999999999998,-0.36,1.0,0.010071108127071682,8.825000000000001,0.0,7.3065557,-94.78386,0.6,0.0,0.5
0.3325017510740433,0.023419206387678235,0.4990696722515788,22.5,-0.36,1.0,0.0863673818170625,8.83,0.0,7.3065557,-94.78386,0.6,0.0,0.5
0.34498732724330633,0.002625472498625981,0.4994600450517178,23.4,-0.36,1.0,0.17792291024505147,8.835,0.0,7.3065557,-94.78386,0.6,0.0,0.5
0.35689806036345745,-0.0017824652093884042,0.49892296083983356,24.48,-0.36,1.0,0.29999694814903677,8.84,0.0,7.395726,-91.1978,0.6,0.0,0.5
0.37002195153669476,0.015700603546469297,0.4989570463535644,25.74,-0.36,1.0,-0.2035584582049026,8.845,0.0,7.395726,-91.1978,0.6,0.0,0.5
0.38179160270369084,0.013606483132470547,0.4990161998155225,27.18,-0.36,1.0,-0.06622516556291913,8.85,0.0,7.395726,-91.1978,0.6,0.0,0.5
0.3905992286930638,-0.009131270356363026,0.49927038652275346,28.799999999999997,-0.36,1.0,-0.11200292977691362,8.855,0.0,7.395726,-91.1978,0.6,0.0,0.5
0.4009904807885844,-0.021580583688681425,0.4993396277813889,30.599999999999998,-0.36,1.0,-0.005188146610926481,8.86,0.0,7.1970296,-81.900345,0.6,0.0,0.5
0.4097739331354988,-0.013778627682178779,0.4999470375361935,32.58,-0.36,1.0,-0.2798547318948934,8.865,0.0,7.1970296,-81.900345,0.6,0.0,0.5
0.4167910603249879,-0.014097792835116108,0.4999792344042259,34.74,-0.36,1.0,0.43733024079102023,8.870000000000001,0.0,7.1970296,-81.900345,0.6,0.0,0.5
0.42450657174519285,-0.00985687802312706,0.5000147644760842,37.08,-0.36,1.0,0.010071108127071682,8.875,0.0,7.1970296,-81.900345,0.6,0.0,0.5
0.4317255507465108,-0.011966413402090982,0.5000730359579073,39.42,-0.36,1.0,0.3762932218390276,8.88,0.0,6.4977074,-62.60858,0.6,0.0,0.5
0.43709464495141104,-0.01609799704848229,0.5001387490463041,41.94,-0.36,1.0,-0.08148442030091729,8.885,0.0,6.4977074,-62.60858,0.6,0.0,0.5
0.4420300519173483,-0.007514760127068281,0.5009894396902751,44.46,-0.36,1.0,-0.020447401348924643,8.89,0.0,6.4977074,-62.60858,0.6,0.0,0.5
0.4471943863173978,-0.02514201326976659,0.5016074558632434,47.16,-0.36,1.0,0.04058961760306801,8.895,0.0,6.4977074,-62.60858,0.6,0.0,0.5
0.451913981257251,-0.009442931735864706,0.5017896571318065,49.86,-0.36,1.0,0.2084414197210478,8.9,0.0,-7.0337663,-76.242294,0.0,0.0,0.5
0.45602215221512293,-0.012929690471456286,0.5025952805298328,52.559999999999995,-0.36,1.0,0.14740440076905514,8.905,0.0,-7.0337663,-76.242294,0.0,0.0,0.5
0.4611855612358663,-0.0203805419581379,0.5027023104215947,55.26,-0.36,1.0,0.2542191839350423,8.91,0.0,-7.0337663,-76.242294,0.0,0.0,0.5
0.465873323698504,-0.008552357031127254,0.5027691261827916,57.96,-0.36,1.0,0.04058961760306801,8.915000000000001,0.0,-7.0337663,-76.242294,0.0,0.0,0.5
0.46995809952048945,-0.010730147909957218,0.5031690572259238,60.48,-0.36,1.0,0.19318216498304963,8.92,0.0,-6.840861,-73.70774,0.0,0.0,0.5
0.47453004188896974,-0.012063178817236937,0.5035544953226102,63.0,-0.36,1.0,-0.34089175084688605,8.925,0.0,-6.840861,-73.70774,0.0,0.0,0.5
0.47859169673458746,-0.008458467153781157,0.5039945106458286,65.52,-0.36,1.0,0.2847376934110386,8.93,0.0,-6.840861,-73.70774,0.0,0.0,0.5
0.48241734379999696,-0.011698913395036807,0.5041806094418063,67.86,-0.36,1.0,-0.06622516556291913,8.935,0.0,-6.840861,-73.70774,0.0,0.0,0.5
0.48570248237235203,-0.01605392612816576,0.5050756348798029,70.2,-0.36,1.0,-0.14252143925290994,8.94,0.0,-7.86382,-90.98606,0.0,0.0,0.5
0.4894408467520833,-0.003818055821384182,0.5053444114387527,72.36,-0.36,1.0,0.11688589129305882,8.945,0.0,-7.86382,-90.98606,0.0,0.0,0.5
0.4928137543745402,-0.01738067867866398,0.5053715804295036,74.34,-0.36,1.0,0.1626636555070533,8.950000000000001,0.0,-7.86382,-90.98606,0.0,0.0,0.5
0.49665364641927323,-0.0104992880244692,0.505440465483047,75.96,-0.18,1.0,-0.035706656086922806,8.955,0.0,-7.86382,-90.98606,0.0,0.0,0.5
0.49930506494417504,-0.014808422131880664,0.5058966181174318,77.58,-0.18,1.0,0.0863673818170625,8.96,0.0,-7.748516,63.6771,0.0,0.6,0.5
0.5024700296617357,-0.014053047093892147,0.5055289794382112,78.66,-0.18,1.0,-0.05096591082492097,8.965,0.0,-7.748516,63.6771,0.0,0.6,0.5
0.5057654218699528,-0.010997070386950409,0.5052706268719301,79.56,-0.18,1.0,0.3610339671010294,8.97,0.0,-7.748516,63.6771,0.0,0.6,0.5
0.5081832715047743,-0.012524306551117342,0.5053372043186575,80.28,-0.18,1.0,-0.08148442030091729,8.975,0.0,-7.748516,63.6771,0.0,0.6,0.5
0.5099608036616204,-0.011262660993240914,0.5050484764657062,80.46,-0.18,1.0,0.2847376934110386,8.98,0.0,-6.3312097,63.77527,0.0,0.6,0.5
0.5092271572644015,-0.009553501400858,0.5045811823696845,80.46,-0.18,1.0,0.11688589129305882,8.985,0.0,-6.3312097,63.77527,0.0,0.6,0.5
0.5084999005645063,0.0008913095696424538,0.5041756362432547,80.1,-0.18,1.0,0.2847376934110386,8.99,0.0,-6.3312097,63.77527,0.0,0.6,0.5
0.5078114239362412,-0.012013748215908426,0.5042033663059625,79.56,-0.18,1.0,-0.06622516556291913,8.995000000000001,0.0,-6.3312097,63.77527,0.0,0.6,0.5
0.5054327899711564,-0.010681700521729598,0.5044184100236776,78.84,-0.36,1.0,-0.035706656086922806,9.0,0.0,-6.9199653,75.73874,0.0,0.6,0.5
0.5018632580203644,-0.01648494268181527,0.5036972261139335,77.94,-0.36,1.0,-0.09674367503891546,9.005,0.0,-6.9199653,75.73874,0.0,0.6,0.5
0.4883351895269771,-0.01307463746701658,0.5037212269752604,77.03999999999999,-0.36,1.0,0.07110812707906433,9.01,0.0,-6.9199653,75.73874,0.0,0.6,0.5
0.46433255824066993,-0.010671528144984377,0.5031588099924844,75.96,-0.36,1.0,-0.020447401348924643,9.015,0.0,-6.9199653,75.73874,0.0,0.6,0.5
0.4349615646621014,0.0021712265159919975,0.5024814021350824,74.7,-0.36,1.0,0.07110812707906433,9.02,0.0,-8.208138,95.96301,0.0,0.6,0.5
0.40187949992723665,0.007140628379193788,0.5021502699267368,73.44,-0.36,1.0,0.1626636555070533,9.025,0.0,-8.208138,95.96301,0.0,0.6,0.5
0.3683890417236737,-0.003317327079837511,0.5024303729281027,72.17999999999999,-0.36,1.0,0.04058961760306801,9.03,0.0,-8.208138,95.96301,0.0,0.6,0.5
0.3362230025672766,-0.000320563531309515,0.5018797464430158,70.74,-0.36,1.0,-0.1577806939909081,9.035,0.0,-8.208138,95.96301,0.0,0.6,0.5
0.3045436416423005,0.0011883039796286093,0.5017118482891729,69.3,-0.36,1.0,0.17792291024505147,9.040000000000001,0.003278460701811674,-7.901184,90.88495,0.0,0.6,0.5
0.27369813979909097,-0.01794577291048996,0.5020520025040743,67.67999999999999,-0.36,1.0,-0.08148442030091729,9.045,0.003278460701811674,-7.901184,90.88495,0.0,0.6,0.5
0.24544116128769952,0.009034986573555606,0.5016544959585393,66.06,-0.36,1.0,0.07110812707906433,9.05,0.003278460701811674,-7.901184,90.88495,0.0,0.6,0.5
0.21909778307107544,0.03907215554342289,0.5012443504000728,64.25999999999999,-0.36,1.0,0.10162663655506066,9.055,0.003278460701811674,-7.901184,90.88495,0.0,0.6,0.5
0.1937567207377368,0.054909424500107606,0.5013480130319651,62.46,-0.36,1.0,-0.1577806939909081,9.06,0.04178613060149144,-7.607264,80.1544,0.0,0.6,0.5
0.17183333228044806,0.06255035005695475,0.5008683864360158,60.66,-0.36,1.0,-0.12726218451491178,9.065,0.04178613060149144,-7.607264,80.1544,0.0,0.6,0.5
0.1503790692032582,0.1023443006461847,0.500882877498424,58.68,-0.36,1.0,0.10162663655506066,9.07,0.04178613060149144,-7.607264,80.1544,0.0,0.6,0.5
0.13200866985121468,0.12151477760441996,0.5007521623449089,56.699999999999996,-0.36,1.0,-0.020447401348924643,9.075000000000001,0.04178613060149144,-7.607264,80.1544,0.0,0.6,0.5
0.12405084571124479,0.1285065580185089,0.5004348567213527,54.72,-0.36,1.0,-0.005188146610926481,9.08,0.28083152864452765,-5.331011,-10.933184,0.0,0.0,0.5
0.10654834034327543,0.14415543534772768,0.5003008800041763,52.559999999999995,-0.36,1.0,0.010071108127071682,9.085,0.28083152864452765,-5.331011,-10.933184,0.0,0.0,0.5
0.0852237904195049,0.16866556737530208,0.500430191201066,50.4,-0.36,1.0,0.010071108127071682,9.09,0.28083152864452765,-5.331011,-10.933184,0.0,0.0,0.5
0.07875810361612973,0.18224956707744627,0.500167227359146,48.059999999999995,-0.36,1.0,0.05584887234106617,9.095,0.28083152864452765,-5.331011,-10.933184,0.0,0.0,0.5
0.07316567385249548,0.20941883445473528,0.5000454904450075,45.72,-0.36,1.0,0.0863673818170625,9.1,0.9952016839075533,6.875941,-95.20578,0.6,0.0,0.5
0.06360994378016892,0.2394297143579212,0.5000286514871568,43.379999999999995,-0.36,1.0,-0.14252143925290994,9.105,0.9952016839075533,6.875941,-95.20578,0.6,0.0,0.5
0.050488267597646165,0.258587692221034,0.49992716874472515,40.86,-0.36,1.0,0.11688589129305882,9.11,0.9952016839075533,6.875941,-95.20578,0.6,0.0,0.5
0.04132127480456143,0.2801374268324931,0.4999921350964752,38.339999999999996,-0.36,1.0,0.04058961760306801,9.115,0.9952016839075533,6.875941,-95.20578,0.6,0.0,0.5
0.02049003768001565,0.29727344980510384,0.5003308564329692,35.64,-0.36,1.0,-0.12726218451491178,9.120000000000001,1.8596356876712974,7.12381,-103.16713,0.6,0.0,0.5
0.031788664211301505,0.30291943925395204,0.49981018178627,32.94,-0.36,1.0,-0.11200292977691362,9.125,1.8596356876712974,7.12381,-103.16713,0.6,0.0,0.5
0.014536235554473066,0.3066180082851821,0.5002776378215749,30.24,-0.36,1.0,0.07110812707906433,9.13,1.8596356876712974,7.12381,-103.16713,0.6,0.0,0.5
0.029471578379797338,0.3114365377614519,0.5002367815704944,27.36,-0.36,1.0,0.05584887234106617,9.135,1.8596356876712974,7.12381,-103.16713,0.6,0.0,0.5
0.021487307239816948,0.3278693476355934,0.500509936400637,24.48,-0.36,1.0,0.07110812707906433,9.14,1.8322982777486059,6.85402,-83.61499,0.6,0.0,0.5
0.013632550001073612,0.3470284698401863,0.501042789108419,21.419999999999998,-0.36,1.0,0.010071108127071682,9.145,1.8322982777486059,6.85402,-83.61499,0.6,0.0,0.5
0.017694930761972143,0.3581635629339399,0.5016965748181658,18.36,-0.36,1.0,-0.21881771294290076,9.15,1.8322982777486059,6.85402,-83.61499,0.6,0.0,0.5
0.022400678093933764,0.363773918762961,0.5022386370734673,15.299999999999999,-0.36,1.0,-0.09674367503891546,9.155,1.8322982777486059,6.85402,-83.61499,0.6,0.0,0.5
0.0031484656895864084,0.3749137507980773,0.5023217897292461,12.24,-0.36,1.0,0.0863673818170625,9.16,0.9519540949254978,5.2276754,-105.487236,0.6,0.0,0.5
0.0027619393331026177,0.3729228276517175,0.5026278693611114,9.0,-0.36,1.0,0.010071108127071682,9.165000000000001,0.9519540949254978,5.2276754,-105.487236,0.6,0.0,0.5
0.0002791414454722216,0.37569311948867923,0.5028916006464887,5.76,-0.36,1.0,0.5594042786950055,9.17,0.9519540949254978,5.2276754,-105.487236,0.6,0.0,0.5
-0.0045488883719464425,0.36809652548805677,0.5035505800285248,2.6999999999999997,4.68,1.0,4.6946623126926745,9.175,0.9519540949254978,5.2276754,-105.487236,0.6,0.0,0.5
0.01386997056197714,0.3666233176558869,0.506931688892123,0.8999999999999999,7.739999999999999,1.0,1.459700308236954,9.18,0.2607878602060356,0.855496,-68.93213,0.5566487967967987,0.0,0.5
0.02384570218140168,0.3689227648684434,0.5093083704634572,0.18,7.38,1.0,8.768883327738294,9.185,0.2607878602060356,0.855496,-68.93213,0.5566487967967987,0.0,0.5
0.03622619625945217,0.345504807830988,0.5109613598238971,0.54,7.92,1.0,1.1545152134769907,9.19,0.2607878602060356,0.855496,-68.93213,0.5566487967967987,0.0,0.5
0.05112778100285146,0.32443787458404877,0.5128346219936578,1.98,5.3999999999999995,1.0,0.6204412976469982,9.195,0.2607878602060356,0.855496,-68.93213,0.5566487967967987,0.0,0.5
0.06372966907349209,0.3024686001279411,0.510718043541975,4.14,2.52,1.0,2.604144413586816,9.200000000000001,0.03767127046635363,-0.21565925,19.356018,0.23530222624540328,0.6,0.5
0.08215658221643599,0.27375301074115477,0.5082167159917472,6.66,-0.54,1.0,0.34577471236303126,9.205,0.03767127046635363,-0.21565925,19.356018,0.23530222624540328,0.6,0.5
0.10720406704959753,0.24050742231654243,0.5063622572132651,7.38,0.18,1.0,-0.29511398663289157,9.21,0.03767127046635363,-0.21565925,19.356018,0.23530222624540328,0.6,0.5
0.13420763954998055,0.2254849760717698,0.5039728157067597,9.0,0.54,1.0,-0.4782250434888695,9.215,0.03767127046635363,-0.21565925,19.356018,0.23530222624540328,0.6,0.5
0.1481206233519853,0.19879877301553803,0.5033777791127968,10.799999999999999,-0.36,1.0,-0.4782250434888695,9.22,0.0028693577206503973,-1.1846299,43.387398,0.0,0.6,0.5
0.16457291029447282,0.16813378796013745,0.5033249670881903,11.879999999999999,-0.18,1.0,0.26947843867304044,9.225,0.0028693577206503973,-1.1846299,43.387398,0.0,0.6,0.5
0.1848741466300088,0.15047895091920951,0.5026984293218109,13.5,-0.36,1.0,0.22370067445904596,9.23,0.0028693577206503973,-1.1846299,43.387398,0.0,0.6,0.5
0.20040280469126648,0.14047420895927865,0.502510133330462,14.94,-0.36,1.0,-0.23407696768089892,9.235,0.0028693577206503973,-1.1846299,43.387398,0.0,0.6,0.5
0.215865392762282,0.12950285489821953,0.5024514397927546,16.56,-0.36,1.0,-0.26459547715689524,9.24,0.0,-3.556825,9.68931,0.0,0.6,0.5
0.2358073576185697,0.107634804398579,0.5018176874824424,18.0,-0.36,1.0,0.19318216498304963,9.245000000000001,0.0,-3.556825,9.68931,0.0,0.6,0.5
0.25144614645003815,0.0944458444075188,0.5018072170099842,19.62,-0.36,1.0,0.0863673818170625,9.25,0.0,-3.556825,9.68931,0.0,0.6,0.5
0.2656207816922915,0.08821854790813018,0.5018036184554924,21.24,-0.36,1.0,-0.06622516556291913,9.255,0.0,-3.556825,9.68931,0.0,0.6,0.5
0.28320935316949963,0.0742474891963995,0.5012763997006336,22.86,-0.36,1.0,-0.2035584582049026,9.26,0.0,-5.0902886,-22.553337,0.0,0.0,0.5
0.297924216747302,0.06424568925682954,0.5013904637794457,24.48,-0.36,1.0,0.26947843867304044,9.265,0.0,-5.0902886,-22.553337,0.0,0.0,0.5
0.3104490130640796,0.049792728668882555,0.50101389371258,26.279999999999998,-0.36,1.0,0.22370067445904596,9.27,0.0,-5.0902886,-22.553337,0.0,0.0,0.5
0.32608175245244103,0.0457143129325167,0.5004995683773414,28.08,-0.36,1.0,0.14740440076905514,9.275,0.0,-5.0902886,-22.553337,0.0,0.0,0.5
0.3395221368273833,0.03240168049971863,0.5006669931372096,30.06,-0.36,1.0,-0.06622516556291913,9.28,0.0,-4.584406,62.73813,0.0,0.6,0.5
0.34572094143771565,0.03317701204519926,0.5007188382050025,31.86,-0.36,1.0,0.1626636555070533,9.285,0.0,-4.584406,62.73813,0.0,0.6,0.5
0.3464350311635501,0.04160386586014835,0.5004034363904957,33.839999999999996,-0.36,1.0,-0.17303994872890627,9.290000000000001,0.0,-4.584406,62.73813,0.0,0.6,0.5
0.34607855365113294,0.03419923938581153,0.5006295219619875,35.82,-0.36,1.0,0.05584887234106617,9.295,0.0,-4.584406,62.73813,0.0,0.6,0.5
0.34402801772335595,0.053113638754756054,0.5005196083624801,37.62,-0.36,1.0,-0.17303994872890627,9.3,0.0,-6.418489,109.02635,0.0,0.6,0.5
0.34075036275353604,0.07036503969512044,0.5005772708670134,39.42,-0.36,1.0,0.11688589129305882,9.305,0.0,-6.418489,109.02635,0.0,0.6,0.5
0.3386278640962074,0.09342177320085435,0.5008926243604104,41.22,-0.36,1.0,-0.06622516556291913,9.31,0.0,-6.418489,109.02635,0.0,0.6,0.5
0.33618353527619393,0.11215175114192712,0.5010560759773964,42.839999999999996,-0.36,1.0,0.2542191839350423,9.315,0.0,-6.418489,109.02635,0.0,0.6,0.5
0.33360752493131113,0.13160322856698436,0.501141742429629,44.46,-0.36,1.0,-0.12726218451491178,9.32,0.0,-7.8483706,92.10692,0.0,0.6,0.5
0.32878479757583345,0.15000563282978016,0.5016522674915442,45.9,-0.36,1.0,0.14740440076905514,9.325000000000001,0.0,-7.8483706,92.10692,0.0,0.6,0.5
0.317607996093484,0.17726618989503062,0.5018062902271879,47.339999999999996,-0.36,1.0,-0.1577806939909081,9.33,0.0,-7.8483706,92.10692,0.0,0.6,0.5
0.2986826282604169,0.194240040206338,0.502002354777509,48.6,-0.36,1.0,0.22370067445904596,9.335,0.0,-7.8483706,92.10692,0.0,0.6,0.5
0.2763922529168572,0.20520326004989728,0.5023890570017013,49.86,-0.36,1.0,-0.11200292977691362,9.34,0.0,-8.141738,93.56788,0.0,0.6,0.5
0.25146600499920285,0.22869053612388215,0.5026842546449228,50.76,-0.36,1.0,0.0863673818170625,9.345,0.0,-8.141738,93.56788,0.0,0.6,0.5
0.22663300312980397,0.2370816408032974,0.503166446543378,51.66,-0.36,1.0,-0.06622516556291913,9.35,0.0,-8.141738,93.56788,0.0,0.6,0.5
0.20218969452399277,0.2368986200537074,0.503345633876176,52.379999999999995,-0.36,1.0,0.4068117313150239,9.355,0.0,-8.141738,93.56788,0.0,0.6,0.5
0.17962445573103902,0.236269596411564,0.5035870229715552,53.1,-0.36,1.0,-0.21881771294290076,9.36,0.0013306583111319097,-8.104558,89.03824,0.0,0.6,0.5
0.15781473681994215,0.23478572871146597,0.5040845307577538,53.46,-0.36,1.0,0.05584887234106617,9.365,0.0013306583111319097,-8.104558,89.03824,0.0,0.6,0.5
0.1415903962248455,0.2529965302326394,0.5038991009687087,53.82,-0.36,1.0,-0.21881771294290076,9.370000000000001,0.0013306583111319097,-8.104558,89.03824,0.0,0.6,0.5
0.12841911958861452,0.26614760925316366,0.5039653809397535,54.0,-0.36,1.0,0.10162663655506066,9.375,0.0013306583111319097,-8.104558,89.03824,0.0,0.6,0.5
0.10687332041606926,0.2727108796528257,0.5043976938981741,54.0,-0.36,1.0,-0.2798547318948934,9.38,0.020607524111067164,-7.914732,92.0297,0.0,0.6,0.5
0.0899496649222512,0.27253264623668627,0.5046988290152559,53.82,-0.36,1.0,-0.05096591082492097,9.385,0.020607524111067164,-7.914732,92.0297,0.0,0.6,0.5
0.07749150043116297,0.2964189223818949,0.5048159808344423,53.46,-0.36,1.0,-0.020447401348924643,9.39,0.020607524111067164,-7.914732,92.0297,0.0,0.6,0.5
0.07370191365361001,0.30860587538811,0.5048572013315483,52.739999999999995,-0.36,1.0,0.04058961760306801,9.395,0.020607524111067164,-7.914732,92.0297,0.0,0.6,0.5
0.05280914364031256,0.3139709799520594,0.5053165318569615,51.839999999999996,-0.36,1.0,-0.2798547318948934,9.4,0.16828159280516847,4.6330137,-117.70116,0.6,0.0,0.5
0.05071745981729744,0.3317980174026194,0.5047583031846782,50.76,-0.36,1.0,0.26947843867304044,9.405,0.16828159280516847,4.6330137,-117.70116,0.6,0.0,0.5
0.03511866838143729,0.3567679487117653,0.5046629409184213,49.5,-0.36,1.0,0.07110812707906433,9.41,0.16828159280516847,4.6330137,-117.70116,0.6,0.0,0.5
0.042611304877271224,0.362318364804304,0.5043320699203556,47.879999999999995,-0.36,1.0,0.23895992919704412,9.415000000000001,0.16828159280516847,4.6330137,-117.70116,0.6,0.0,0.5
0.023551350360001846,0.3739654328043864,0.5044464705092186,45.9,-0.36,1.0,-0.005188146610926481,9.42,0.7246010232018334,5.578459,-115.62259,0.6,0.0,0.5
0.021834870642808167,0.37651115013790604,0.504178677138224,43.739999999999995,-0.36,1.0,0.11688589129305882,9.425,0.7246010232018334,5.578459,-115.62259,0.6,0.0,0.5
0.01010110175540395,0.3962083532790701,0.5039385949511639,41.4,-0.36,1.0,-0.18829920346690443,9.43,0.7246010232018334,5.578459,-115.62259,0.6,0.0,0.5
0.011452412237678029,0.4029603675186331,0.5037964091910215,38.879999999999995,-0.36,1.0,0.19318216498304963,9.435,0.7246010232018334,5.578459,-115.62259,0.6,0.0,0.5
0.00937645004551096,0.41581968259293234,0.5037975233185303,36.18,-0.36,1.0,0.010071108127071682,9.44,1.6451776597543548,6.2319927,-110.90993,0.6,0.0,0.5
0.018035062898229273,0.4225020386655082,0.5039121449436937,33.12,-0.36,1.0,0.22370067445904596,9.445,1.6451776597543548,6.2319927,-110.90993,0.6,0.0,0.5
0.01895355296291503,0.42859982119112405,0.5037373293167658,30.06,-0.36,1.0,-0.17303994872890627,9.450000000000001,1.6451776597543548,6.2319927,-110.90993,0.6,0.0,0.5
0.011701857929820019,0.43977851144563485,0.5037417740275405,26.82,-0.36,1.0,0.23895992919704412,9.455,1.6451776597543548,6.2319927,-110.90993,0.6,0.0,0.5
0.009774518876479048,0.44582106104908914,0.503786553801945,23.58,-0.36,1.0,0.025330362865069844,9.46,1.9696007257091939,7.055909,-88.60548,0.6,0.0,0.5
0.005020596176900854,0.4464170536524543,0.5037883399071276,19.98,-0.36,1.0,0.26947843867304044,9.465,1.9696007257091939,7.055909,-88.60548,0.6,0.0,0.5
-0.0026315883801832514,0.4391458002279802,0.5039954609010979,16.56,-0.36,1.0,-0.17303994872890627,9.47,1.9696007257091939,7.055909,-88.60548,0.6,0.0,0.5
-0.0005215966107121976,0.4577983227056218,0.5035591560312297,12.959999999999999,-0.36,1.0,0.14740440076905514,9.475,1.9696007257091939,7.055909,-88.60548,0.6,0.0,0.5
-0.004276608303811843,0.4591491514999773,0.5030986276879975,9.18,-0.36,1.0,0.19318216498304963,9.48,1.2433549259712677,6.52247,-103.040726,0.6,0.0,0.5
0.00048671177319886715,0.46224952846061534,0.5026731188780308,5.58,-0.36,1.0,10.416882839442096,9.485,1.2433549259712677,6.52247,-103.040726,0.6,0.0,0.5
0.009217500595666717,0.4662474344247946,0.5028288657046839,2.16,5.9399999999999995,1.0,5.56443983275857,9.49,1.2433549259712677,6.52247,-103.040726,0.6,0.0,0.5
0.038794205570034906,0.46389426436614384,0.5065104021847779,-0.0,9.36,1.0,1.6885891293069264,9.495000000000001,1.2433549259712677,6.52247,-103.040726,0.6,0.0,0.5
0.06237229678269251,0.4608622874426418,0.5092926304806664,-0.54,9.0,1.0,0.31525620288703493,9.5,0.4138696450513421,-5.506472,-90.62178,0.0,0.0,0.5
0.07904524430720418,0.4459846638964228,0.5111529925211844,-0.36,9.0,1.0,2.7109591967528583,9.505,0.4138696450513421,-5.506472,-90.62178,0.0,0.0,0.5
0.09461301847685957,0.4248307231593871,0.5128450149710831,1.44,6.66,1.0,0.6509598071229945,9.51,0.4138696450513421,-5.506472,-90.62178,0.0,0.0,0.5
0.11117830488402644,0.389446613750736,0.5101327889997753,3.78,2.6999999999999997,1.0,7.746513260292364,9.515,0.4138696450513421,-5.506472,-90.62178,0.0,0.0,0.5
0.13328433735106948,0.36588170079222915,0.5072910988237994,6.84,-0.54,1.0,1.0629596850490017,9.52,0.0726412922474714,0.64323694,20.6015,0.4929710805416107,0.6,0.5
0.1446153133802864,0.3307142826290117,0.505540111206009,7.92,0.18,1.0,0.19318216498304963,9.525,0.0726412922474714,0.64323694,20.6015,0.4929710805416107,0.6,0.5
0.16549143378309944,0.30057209738927315,0.5030568419347884,9.9,0.54,1.0,-0.5697805719168585,9.53,0.0726412922474714,0.64323694,20.6015,0.4929710805416107,0.6,0.5
0.1843961704819502,0.2643870939341249,0.5021905542479932,12.24,-0.36,1.0,0.26947843867304044,9.535,0.0726412922474714,0.64323694,20.6015,0.4929710805416107,0.6,0.5
0.1984731075104015,0.23769600701402893,0.5020627582440433,13.68,-0.18,1.0,0.11688589129305882,9.540000000000001,0.0067228756731463404,-5.0402565,66.07809,0.0,0.6,0.5
0.21651071850068127,0.2052323336179455,0.5010508446739528,15.84,-0.36,1.0,0.6204412976469982,9.545,0.0067228756731463404,-5.0402565,66.07809,0.0,0.6,0.5
0.23540648526033506,0.188070892348949,0.5003937782179623,17.64,-0.36,1.0,-0.18829920346690443,9.55,0.0067228756731463404,-5.0402565,66.07809,0.0,0.6,0.5
0.24940820925010604,0.1594407593077892,0.5006398251029458,19.62,-0.36,1.0,0.2084414197210478,9.555,0.0067228756731463404,-5.0402565,66.07809,0.0,0.6,0.5
0.26523584020149166,0.14242494350313215,0.5001560230848271,21.599999999999998,-0.36,1.0,-0.06622516556291913,9.56,0.0,-7.1736665,70.668655,0.0,0.6,0.5
0.28276287886686996,0.12452360534083845,0.49988826253694996,23.58,-0.36,1.0,0.04058961760306801,9.565,0.0,-7.1736665,70.668655,0.0,0.6,0.5
0.2959008419688567,0.12344563427528492,0.5001197114659793,25.56,-0.36,1.0,-0.12726218451491178,9.57,0.0,-7.1736665,70.668655,0.0,0.6,0.5
0.30934734627838034,0.1051900855316062,0.49971949431056656,27.54,-0.36,1.0,0.2847376934110386,9.575000000000001,0.0,-7.1736665,70.668655,0.0,0.6,0.5
0.32261962380596243,0.09188246882147669,0.4993635153994015,29.7,-0.36,1.0,-0.035706656086922806,9.58,0.0,-8.01303,91.36632,0.0,0.6,0.5
0.3306125931318697,0.08793493733831718,0.49946479752726347,31.68,-0.36,1.0,0.2542191839350423,9.585,0.0,-8.01303,91.36632,0.0,0.6,0.5
0.331834950321691,0.08489846690408344,0.4991778866396016,33.66,-0.36,1.0,-0.035706656086922806,9.59,0.0,-8.01303,91.36632,0.0,0.6,0.5
0.33073258080364476,0.06988476535017162,0.499045854566617,35.64,-0.36,1.0,0.19318216498304963,9.595,0.0,-8.01303,91.36632,0.0,0.6,0.5
0.3291339849225358,0.057786529529319314,0.4994922615035824,37.62,-0.36,1.0,-0.14252143925290994,9.6,0.006355035071411403,-7.5299015,85.443375,0.0,0.6,0.5
0.32889085480341845,0.049003000241580344,0.49857656332965694,39.42,-0.36,1.0,0.17792291024505147,9.605,0.006355035071411403,-7.5299015,85.443375,0.0,0.6,0.5
0.3278908403383285,0.05338677979679947,0.4985070379012511,41.04,-0.36,1.0,-0.17303994872890627,9.61,0.006355035071411403,-7.5299015,85.443375,0.0,0.6,0.5
0.32636879405062935,0.05895222399321528,0.4986205783926334,42.66,-0.36,1.0,0.3305154576250331,9.615,0.006355035071411403,-7.5299015,85.443375,0.0,0.6,0.5
0.3247059093423931,0.057789842625266596,0.4983452418632804,44.28,-0.36,1.0,0.0863673818170625,9.620000000000001,0.06958644713713186,-7.2133236,71.18259,0.0,0.6,0.5
0.32323748478406594,0.08334558512030896,0.4979325874405282,45.72,-0.36,1.0,0.10162663655506066,9.625,0.06958644713713186,-7.2133236,71.18259,0.0,0.6,0.5
0.32191306727249425,0.10367229956211645,0.49806487664867205,47.16,-0.36,1.0,-0.05096591082492097,9.63,0.06958644713713186,-7.2133236,71.18259,0.0,0.6,0.5
0.32077872613972647,0.1301551047935753,0.4977744543975705,48.42,-0.36,1.0,0.22370067445904596,9.635,0.06958644713713186,-7.2133236,71.18259,0.0,0.6,0.5
0.3183717451293241,0.1481746840971446,0.4974139305518604,49.5,-0.36,1.0,0.17792291024505147,9.64,0.4017749971484247,-5.2306395,-40.131363,0.0,0.0,0.5
0.30842689806761714,0.17147561191402141,0.497547104123671,50.58,-0.36,1.0,0.11688589129305882,9.645,0.4017749971484247,-5.2306395,-40.131363,0.0,0.0,0.5
0.2930004529569979,0.19606159634297354,0.49686336958234795,51.48,-0.36,1.0,0.05584887234106617,9.65,0.4017749971484247,-5.2306395,-40.131363,0.0,0.0,0.5
0.27075411068353383,0.21170505485118676,0.49711832131861533,52.379999999999995,-0.36,1.0,0.11688589129305882,9.655,0.4017749971484247,-5.2306395,-40.131363,0.0,0.0,0.5
0.24733724118429137,0.22885445972878343,0.49727621510052017,52.919999999999995,-0.36,1.0,0.19318216498304963,9.66,1.2231865066161203,6.911587,-98.28157,0.6,0.0,0.5
0.22286096522445362,0.24197760366040966,0.4972441552961808,53.28,-0.36,1.0,0.05584887234106617,9.665000000000001,1.2231865066161203,6.911587,-98.28157,0.6,0.0,0.5
0.19956231715756667,0.25612092931489494,0.4972597643883786,53.64,-0.36,1.0,-0.14252143925290994,9.67,1.2231865066161203,6.911587,-98.28157,0.6,0.0,0.5
0.1766312579563848,0.2721401369123999,0.497653532168771,53.64,-0.36,1.0,0.010071108127071682,9.675,1.2231865066161203,6.911587,-98.28157,0.6,0.0,0.5
0.15692575036866302,0.2832291941385394,0.4977560712994821,53.46,-0.36,1.0,-0.05096591082492097,9.68,1.9636043614622294,7.335775,-93.20048,0.6,0.0,0.5
0.13741225798654838,0.29456965712000677,0.4979377857430228,53.1,-0.36,1.0,0.14740440076905514,9.685,1.9636043614622294,7.335775,-93.20048,0.6,0.0,0.5
0.11482853252500484,0.3136167897946141,0.4980632356623745,52.379999999999995,-0.36,1.0,-0.005188146610926481,9.69,1.9636043614622294,7.335775,-93.20048,0.6,0.0,0.5
0.10060947751680055,0.3361988412906326,0.4980188641462742,51.48,-0.36,1.0,0.04058961760306801,9.695,1.9636043614622294,7.335775,-93.20048,0.6,0.0,0.5
0.09537265140370706,0.3574284636725472,0.4979694195499525,50.4,-0.36,1.0,0.025330362865069844,9.700000000000001,1.6621370340956074,6.6585793,-80.712685,0.6,0.0,0.5
0.07583118347786787,0.35825590960275033,0.49849543480872627,48.96,-0.18,1.0,0.05584887234106617,9.705,1.6621370340956074,6.6585793,-80.712685,0.6,0.0,0.5
0.05920553894503627,0.3794887905073255,0.49899127136325594,47.16,-0.18,1.0,-0.020447401348924643,9.71,1.6621370340956074,6.6585793,-80.712685,0.6,0.0,0.5
0.04199863382028997,0.3780905436003868,0.4994023125367832,45.18,-0.36,1.0,0.1626636555070533,9.715,1.6621370340956074,6.6585793,-80.712685,0.6,0.0,0.5
0.03893974970899451,0.3788708690714267,0.49976892728411,43.019999999999996,-0.36,1.0,0.05584887234106617,9.72,0.7418757848845507,4.9936275,-89.61384,0.6,0.0,0.5
0.04035685436393923,0.3789570867401713,0.4999672511131208,40.68,-0.36,1.0,0.23895992919704412,9.725,0.7418757848845507,4.9936275,-89.61384,0.6,0.0,0.5
0.037534275124042116,0.3802166639051167,0.5001948050737443,38.339999999999996,-0.36,1.0,0.07110812707906433,9.73,0.7418757848845507,4.9936275,-89.61384,0.6,0.0,0.5
0.03717165521116859,0.3762930490452105,0.500643138681889,35.64,-0.36,1.0,0.010071108127071682,9.735,0.7418757848845507,4.9936275,-89.61384,0.6,0.0,0.5
0.02003834708079657,0.36842800116530816,0.5010389247257034,33.12,-0.36,1.0,0.07110812707906433,9.74,0.17460114885990324,6.8102155,-82.36293,0.6,0.0,0.5
0.010860681810483788,0.3619630393451431,0.5016865366596326,30.24,-0.36,1.0,0.07110812707906433,9.745000000000001,0.17460114885990324,6.8102155,-82.36293,0.6,0.0,0.5
0.004026364686497565,0.34732274823930076,0.5020790916719367,27.54,-0.36,1.0,0.04058961760306801,9.75,0.17460114885990324,6.8102155,-82.36293,0.6,0.0,0.5
0.023553700986345318,0.3232175294509596,0.5023754442323957,24.66,-0.36,1.0,0.07110812707906433,9.755,0.17460114885990324,6.8102155,-82.36293,0.6,0.0,0.5
0.029491327025618987,0.2922053031355463,0.5031965905977016,21.599999999999998,-0.36,1.0,0.05584887234106617,9.76,0.02166778560794129,6.0973797,-75.70335,0.6,0.0,0.5
0.04564084153861468,0.2677300026001552,0.5035146780310373,18.72,-0.36,1.0,-0.18829920346690443,9.765,0.02166778560794129,6.0973797,-75.70335,0.6,0.0,0.5
0.07034378711396577,0.24866796829356447,0.5037518081316064,15.66,-0.36,1.0,-0.05096591082492097,9.77,0.02166778560794129,6.0973797,-75.70335,0.6,0.0,0.5
0.0924073018610741,0.2132955224829783,0.5038676032029811,12.6,-0.36,1.0,0.04058961760306801,9.775,0.02166778560794129,6.0973797,-75.70335,0.6,0.0,0.5
0.11327293447302811,0.19703129845321823,0.5038119067973652,9.54,-0.36,1.0,0.025330362865069844,9.78,0.0014178604688981145,5.9515944,-82.16359,0.6,0.0,0.5
0.12867609339785002,0.1710584642115067,0.5041147504606703,6.4799999999999995,-0.36,1.0,0.04058961760306801,9.785,0.0014178604688981145,5.9515944,-82.16359,0.6,0.0,0.5
0.15150215368747202,0.15584290701755796,0.5042633846539907,3.78,2.88,1.0,7.639698477126377,9.790000000000001,0.0014178604688981145,5.9515944,-82.16359,0.6,0.0,0.5
0.16759857574852452,0.1357116006935615,0.5066552007020492,2.34,5.9399999999999995,1.0,1.7038483840449246,9.795,0.0014178604688981145,5.9515944,-82.16359,0.6,0.0,0.5
0.18891313319364242,0.11651501546208265,0.5083494520248871,2.52,5.04,1.0,0.803552354503033,9.8,0.0,2.948826,-81.874374,0.6,0.0,0.5
0.20910624727657137,0.10811736151163927,0.5089871047589647,3.5999999999999996,3.78,1.0,0.8493301187170275,9.805,0.0,2.948826,-81.874374,0.6,0.0,0.5
0.22234757623584533,0.10457437075170421,0.5089945376534938,5.76,0.8999999999999999,1.0,0.513626514481011,9.81,0.0,2.948826,-81.874374,0.6,0.0,0.5
0.2370794731098886,0.10468704857349131,0.5069164527204136,7.56,-0.72,1.0,0.39155247657702574,9.815,0.0,2.948826,-81.874374,0.6,0.0,0.5
0.25758242107906915,0.10063185146988055,0.5055636319040516,9.0,0.54,1.0,-0.09674367503891546,9.82,0.0,-4.8724146,-62.806797,0.0,0.0,0.5
0.2718007695256683,0.08043188109673742,0.5052281832917896,11.34,-0.18,1.0,-0.020447401348924643,9.825000000000001,0.0,-4.8724146,-62.806797,0.0,0.0,0.5
0.2865597209182239,0.06996405949182341,0.5038142811565345,13.139999999999999,-0.36,1.0,-0.17303994872890627,9.83,0.0,-4.8724146,-62.806797,0.0,0.0,0.5
0.30339228989859013,0.05921455633999972,0.5038874261860092,15.66,-0.54,1.0,0.31525620288703493,9.835,0.0,-4.8724146,-62.806797,0.0,0.0,0.5
0.31617054715912696,0.04494619077821764,0.5042801895723682,18.18,-0.36,1.0,0.11688589129305882,9.84,0.0,-6.524932,88.32863,0.0,0.6,0.5
0.32768107550665093,0.03254955175951102,0.5035384422684298,20.7,-0.36,1.0,0.14740440076905514,9.845,0.0,-6.524932,88.32863,0.0,0.6,0.5
0.34266594277190915,0.022191800544661616,0.5036004471399645,23.4,-0.36,1.0,-0.4019287697988787,9.85,0.0,-6.524932,88.32863,0.0,0.6,0.5
0.3553917214648931,0.03368913587025446,0.5030343274640333,26.279999999999998,-0.36,1.0,-0.12726218451491178,9.855,0.0,-6.524932,88.32863,0.0,0.6,0.5
0.365647539705647,0.029639092514546734,0.5025644762375004,29.16,-0.36,1.0,0.0863673818170625,9.86,0.0,-5.521389,74.28568,0.0,0.6,0.5
0.3768087965948376,0.007520324043733541,0.5027837675432684,32.4,-0.36,1.0,0.04058961760306801,9.865,0.0,-5.521389,74.28568,0.0,0.6,0.5
0.386970697650509,0.0034156679808829086,0.5026839781713827,35.46,-0.36,1.0,-0.2035584582049026,9.870000000000001,0.0,-5.521389,74.28568,0.0,0.6,0.5
0.3959087699418883,0.005769524295629656,0.5019857952975506,38.519999999999996,-0.36,1.0,-0.06622516556291913,9.875,0.0,-5.521389,74.28568,0.0,0.6,0.5
0.4049577386874096,0.0019063087414856515,0.5019651975541084,41.76,-0.36,1.0,0.3610339671010294,9.88,0.0,-7.680371,93.31485,0.0,0.6,0.5
0.4127615450610693,0.0021393272439684742,0.5020681879955008,45.0,-0.36,1.0,-0.020447401348924643,9.885,0.0,-7.680371,93.31485,0.0,0.6,0.5
0.41929492902729926,-0.013692221921494762,0.5017913498472097,48.239999999999995,-0.36,1.0,0.0863673818170625,9.89,0.0,-7.680371,93.31485,0.0,0.6,0.5
0.4261362240934007,-0.0020296357173817774,0.5015327534949886,51.3,-0.36,1.0,-0.005188146610926481,9.895,0.0,-7.680371,93.31485,0.0,0.6,0.5
0.4318962146257903,0.0041624813568104145,0.5012511859509268,54.36,-0.36,1.0,0.22370067445904596,9.9,0.0,-8.198349,88.67862,0.0,0.6,0.5
0.4337885490230783,0.006580236527543604,0.5017490646461622,57.419999999999995,-0.36,1.0,-0.035706656086922806,9.905,0.0,-8.198349,88.67862,0.0,0.6,0.5
0.4318517099625903,0.011239169857932614,0.5023552873295843,60.48,-0.36,1.0,-0.08148442030091729,9.91,0.0,-8.198349,88.67862,0.0,0.6,0.5
0.42928316777683173,-0.008636532177063613,0.5023802538087336,63.18,-0.36,1.0,0.010071108127071682,9.915000000000001,0.0,-8.198349,88.67862,0.0,0.6,0.5
0.4278627269693387,0.011760938547884436,0.501767576147205,66.06,-0.36,1.0,0.46784875026701656,9.92,0.010624247003350443,-7.7197723,89.1617,0.0,0.6,0.5
0.4208024766906981,0.0067605971384350075,0.5019560723073597,68.58,-0.36,1.0,-0.06622516556291913,9.925,0.010624247003350443,-7.7197723,89.1617,0.0,0.6,0.5
0.40500668188197103,0.011680386562549602,0.5025693206710605,71.1,-0.36,1.0,0.025330362865069844,9.93,0.010624247003350443,-7.7197723,89.1617,0.0,0.6,0.5
0.3815083003819948,0.02241858178756274,0.5025161166426224,73.25999999999999,-0.36,1.0,0.07110812707906433,9.935,0.010624247003350443,-7.7197723,89.1617,0.0,0.6,0.5
0.3544425779686406,0.024458195330775832,0.5028818650263397,75.42,-0.36,1.0,0.39155247657702574,9.94,0.10276166504586967,-7.170443,69.83354,0.0,0.6,0.5
0.3242797959572957,0.05723168505216901,0.5032799076910492,77.03999999999999,-0.18,1.0,-0.18829920346690443,9.945,0.10276166504586967,-7.170443,69.83354,0.0,0.6,0.5
0.2947369944613368,0.08049041880329051,0.5037664105037003,78.3,-0.18,1.0,0.2542191839350423,9.950000000000001,0.10276166504586967,-7.170443,69.83354,0.0,0.6,0.5
0.26515025687769433,0.09341387704727659,0.5038927301676034,79.2,-0.18,1.0,0.22370067445904596,9.955,0.10276166504586967,-7.170443,69.83354,0.0,0.6,0.5
0.23790522127581462,0.12030623188763995,0.5042443470949709,79.56,-0.18,1.0,0.23895992919704412,9.96,0.5241017834549209,-2.964175,-61.68154,0.0,0.0,0.5
0.21123223977661185,0.14712124656092665,0.5041297146995256,79.38,-0.18,1.0,0.04058961760306801,9.965,0.5241017834549209,-2.964175,-61.68154,0.0,0.0,0.5
0.18754637451951398,0.15906453669852844,0.5040386398454905,78.84,-0.18,1.0,-0.14252143925290994,9.97,0.5241017834549209,-2.964175,-61.68154,0.0,0.0,0.5
0.16480843705545645,0.16042123091282876,0.5042572982630981,77.94,-0.18,1.0,-0.06622516556291913,9.975,0.5241017834549209,-2.964175,-61.68154,0.0,0.0,0.5
0.1447866740127461,0.17520396855895004,0.5044084345026236,76.5,-0.18,1.0,0.17792291024505147,9.98,1.4094564914812397,7.732424,-117.022064,0.6,0.0,0.5
0.1297188656781472,0.19620345716481413,0.5043610605441434,74.7,-0.18,1.0,-0.06622516556291913,9.985,1.4094564914812397,7.732424,-117.022064,0.6,0.0,0.5
0.11312772267353963,0.20951437615882246,0.503976212401141,72.53999999999999,-0.18,1.0,0.025330362865069844,9.99,1.4094564914812397,7.732424,-117.022064,0.6,0.0,0.5
0.09673515837279638,0.23108443776445456,0.5039300884860314,70.02,-0.18,1.0,-0.14252143925290994,9.995000000000001,1.4094564914812397,7.732424,-117.022064,0.6,0.0,0.5
0.09139342011947067,0.25243417723816153,0.5040995003171324,67.32,-0.36,1.0,0.11688589129305882,10.0,1.9986614797437265,7.377188,-95.22093,0.6,0.0,0.5
0.08534047489787981,0.25600394000726345,0.5042054401149373,64.25999999999999,-0.18,1.0,0.025330362865069844,10.005,1.9986614797437265,7.377188,-95.22093,0.6,0.0,0.5
0.0760103842535047,0.27518992396462016,0.5040479824676287,61.019999999999996,-0.36,1.0,0.31525620288703493,10.01,1.9986614797437265,7.377188,-95.22093,0.6,0.0,0.5
0.060991243513297384,0.3006424412024484,0.503870411045053,57.599999999999994,-0.36,1.0,-0.29511398663289157,10.015,1.9986614797437265,7.377188,-95.22093,0.6,0.0,0.5
0.04723948995927202,0.31072301813551134,0.5039701651906672,54.0,-0.36,1.0,0.23895992919704412,10.02,1.4944395142788158,6.646232,-80.72833,0.6,0.0,0.5
0.02387892112620615,0.3272754911420511,0.504141291679156,50.04,-0.36,1.0,-0.17303994872890627,10.025,1.4944395142788158,6.646232,-80.72833,0.6,0.0,0.5
0.026855670718656004,0.34034175887073514,0.5037423180334243,46.08,-0.36,1.0,0.19318216498304963,10.03,1.4944395142788158,6.646232,-80.72833,0.6,0.0,0.5
0.02827810243300065,0.3366206714237978,0.5038937615336427,42.12,-0.36,1.0,-0.035706656086922806,10.035,1.4944395142788158,6.646232,-80.72833,0.6,0.0,0.5
0.026078858288352463,0.343249441074727,0.5039325533840523,37.98,-0.36,1.0,0.2847376934110386,10.040000000000001,0.5892084594629029,3.7596097,-75.67773,0.6,0.0,0.5
0.02287949874692816,0.3376143964730944,0.5042608071896236,33.66,-0.36,1.0,-0.05096591082492097,10.045,0.5892084594629029,3.7596097,-75.67773,0.6,0.0,0.5
0.023222890492029056,0.3402437623250012,0.5047635774136636,29.34,-0.36,1.0,0.11688589129305882,10.05,0.5892084594629029,3.7596097,-75.67773,0.6,0.0,0.5
0.014880376519233225,0.3415539199794734,0.5048584752631038,25.02,-0.36,1.0,-0.2035584582049026,10.055,0.5892084594629029,3.7596097,-75.67773,0.6,0.0,0.5
0.01754983137806635,0.34179788106313647,0.5049145931312327,20.7,-0.36,1.0,0.3762932218390276,10.06,0.12249296201056241,5.3729386,-68.41991,0.6,0.0,0.5
0.0029593150493039903,0.3323408305844975,0.5048373294631545,16.2,-0.36,1.0,-0.09674367503891546,10.065,0.12249296201056241,5.3729386,-68.41991,0.6,0.0,0.5
-0.0002823795669585969,0.32696274049737967,0.5047238191413872,11.7,-0.36,1.0,-0.005188146610926481,10.07,0.12249296201056241,5.3729386,-68.41991,0.6,0.0,0.5
0.00073396747374075,0.300603072610418,0.5045509076998972,7.02,-0.36,1.0,-0.035706656086922806,10.075000000000001,0.12249296201056241,5.3729386,-68.41991,0.6,0.0,0.5
0.0204557707499039,0.26675767948437135,0.5041910947213926,2.6999999999999997,4.32,1.0,14.018066957609776,10.08,0.013427798978635844,5.0808797,-56.304386,0.6,0.0,0.5
0.041188691933143666,0.24732974608035482,0.5080258378380238,-0.72,10.98,1.0,2.771996215704851,10.085,0.013427798978635844,5.0808797,-56.304386,0.6,0.0,0.5
0.06129133651520917,0.2254721496581271,0.5119883384126304,-2.16,12.78,1.0,-0.46296578875087135,10.09,0.013427798978635844,5.0808797,-56.304386,0.6,0.0,0.5
0.08111092845545641,0.20156952871592995,0.5145486149856826,-2.34,11.34,1.0,16.688436536759564,10.095,0.013427798978635844,5.0808797,-56.304386,0.6,0.0,0.5
0.10191312504871927,0.19126393351764945,0.5167698018817133,-0.8999999999999999,10.26,1.0,3.0314035462508198,10.1,0.0007761578550935353,5.3985214,-70.243744,0.6,0.0,0.5
0.12574549942651647,0.16912649666889415,0.5161986075490714,1.6199999999999999,6.4799999999999995,1.0,0.7119968260749872,10.105,0.0007761578550935353,5.3985214,-70.243744,0.6,0.0,0.5
0.1396758803335725,0.14513216939070733,0.512137073762923,5.04,1.26,1.0,6.632587664418498,10.11,0.0007761578550935353,5.3985214,-70.243744,0.6,0.0,0.5
0.15667251248252623,0.13448653809168376,0.5085400825808576,7.38,-0.72,1.0,0.1626636555070533,10.115,0.0007761578550935353,5.3985214,-70.243744,0.6,0.0,0.5
0.17712900593493164,0.1118704491636863,0.5059608270000613,9.54,0.72,1.0,-0.035706656086922806,10.120000000000001,0.0,4.192509,-91.2968,0.6,0.0,0.5
0.19585794341302537,0.08624611560363275,0.5037806671446414,12.059999999999999,0.72,1.0,-0.707113864558842,10.125,0.0,4.192509,-91.2968,0.6,0.0,0.5
0.21021791088943767,0.07335029687676599,0.503390064248871,14.76,-0.54,1.0,-0.2035584582049026,10.13,0.0,4.192509,-91.2968,0.6,0.0,0.5
0.22764718693647806,0.06848122798169154,0.5029633319067506,16.919999999999998,-0.18,1.0,0.3610339671010294,10.135,0.0,4.192509,-91.2968,0.6,0.0,0.5
0.24624138898582423,0.06402370295869489,0.5019212890786627,19.439999999999998,-0.36,1.0,0.3762932218390276,10.14,0.0,-7.0980716,-94.628235,0.0,0.0,0.5
0.25966442250406313,0.04309082977845796,0.5019396198658024,21.779999999999998,-0.36,1.0,0.10162663655506066,10.145,0.0,-7.0980716,-94.628235,0.0,0.0,0.5
0.27609642165340886,0.04247703408778383,0.501626837182258,24.3,-0.36,1.0,0.14740440076905514,10.15,0.0,-7.0980716,-94.628235,0.0,0.0,0.5
0.293177821259708,0.03851842241741151,0.5008206311640477,26.64,-0.36,1.0,-0.05096591082492097,10.155,0.0,-7.0980716,-94.628235,0.0,0.0,0.5
0.3062772902797283,0.03155304680561183,0.5007413350325739,29.16,-0.36,1.0,-0.12726218451491178,10.16,0.0,-5.2063904,47.508465,0.0,0.6,0.5
0.31878423707562936,0.02159141107871911,0.5011812961823342,31.5,-0.36,1.0,-0.18829920346690443,10.165000000000001,0.0,-5.2063904,47.508465,0.0,0.6,0.5
0.3347406790310032,0.02989840854968137,0.5002955826921762,33.839999999999996,-0.36,1.0,0.3762932218390276,10.17,0.0,-5.2063904,47.508465,0.0,0.6,0.5
0.3464798529472898,0.01463540929910939,0.5002078289007059,36.18,-0.36,1.0,-0.020447401348924643,10.175,0.0,-5.2063904,47.508465,0.0,0.6,0.5
0.3577587406725185,-0.0014770987432173135,0.5001657717466739,38.699999999999996,-0.36,1.0,0.07110812707906433,10.18,0.0,-7.7069225,87.27721,0.0,0.6,0.5
0.37045468254142694,-0.0013556227092051522,0.49978450182710366,41.04,-0.36,1.0,-0.2035584582049026,10.185,0.0,-7.7069225,87.27721,0.0,0.6,0.5
0.3805357365269387,-0.003766326634789667,0.5002819586048617,43.199999999999996,-0.36,1.0,0.19318216498304963,10.19,0.0,-7.7069225,87.27721,0.0,0.6,0.5
0.39017141230731345,0.010485563626299547,0.4998273727459539,45.54,-0.36,1.0,0.0863673818170625,10.195,0.0,-7.7069225,87.27721,0.0,0.6,0.5
0.40084631616993843,-0.003170254820417362,0.49930871469034366,47.879999999999995,-0.36,1.0,0.3610339671010294,10.200000000000001,0.0,-8.286333,96.99424,0.0,0.6,0.5
0.40958431762301617,-0.0005762768943087778,0.4992881665808006,50.04,-0.36,1.0,-0.12726218451491178,10.205,0.0,-8.286333,96.99424,0.0,0.6,0.5
0.4170394896283124,-0.008290264151474843,0.4991201789145163,52.199999999999996,-0.36,1.0,0.2542191839350423,10.21,0.0,-8.286333,96.99424,0.0,0.6,0.5
0.4253288275421246,-0.011045887020117254,0.4988267434831529,54.36,-0.36,1.0,-0.09674367503891546,10.215,0.0,-8.286333,96.99424,0.0,0.6,0.5
0.43251103192761203,-0.00015988831987124468,0.4986211178345036,56.519999999999996,-0.36,1.0,0.025330362865069844,10.22,0.0,-8.242614,95.75531,0.0,0.6,0.5
0.4355756357363589,-0.00683892576007091,0.4984069354097547,58.5,-0.36,1.0,0.010071108127071682,10.225,0.0,-8.242614,95.75531,0.0,0.6,0.5
0.434210052980186,-0.009951607091089507,0.49846606724884496,60.48,-0.36,1.0,0.29999694814903677,10.23,0.0,-8.242614,95.75531,0.0,0.6,0.5
0.4323789501887868,-0.005083415980968081,0.4987086510210525,62.28,-0.36,1.0,-0.09674367503891546,10.235,0.0,-8.242614,95.75531,0.0,0.6,0.5
0.4290786419664003,-0.001971781912209082,0.49927906646761533,64.08,-0.36,1.0,0.31525620288703493,10.24,0.00768503955406623,-8.216027,93.48271,0.0,0.6,0.5
0.42016394129480067,-0.008324966706333163,0.49927664962220913,65.7,-0.36,1.0,0.04058961760306801,10.245000000000001,0.00768503955406623,-8.216027,93.48271,0.0,0.6,0.5
0.4027675310011149,0.0014683851024085886,0.49919597890042255,67.14,-0.36,1.0,0.11688589129305882,10.25,0.00768503955406623,-8.216027,93.48271,0.0,0.6,0.5
0.37801105992651934,0.018705124292289394,0.49915456331814606,68.58,-0.36,1.0,-0.1577806939909081,10.255,0.00768503955406623,-8.216027,93.48271,0.0,0.6,0.5
0.34949403424718567,0.017880936165354765,0.499607110608152,69.66,-0.36,1.0,0.10162663655506066,10.26,0.08043093966752932,-8.241618,75.295715,0.0,0.6,0.5
0.31925380874674614,0.05609527529575845,0.4996684512888006,70.74,-0.36,1.0,0.07110812707906433,10.265,0.08043093966752932,-8.241618,75.295715,0.0,0.6,0.5
0.2897961562727996,0.08621651451818785,0.4998529396589413,71.46,-0.36,1.0,0.0863673818170625,10.27,0.08043093966752932,-8.241618,75.295715,0.0,0.6,0.5
0.26009327022151424,0.09166905769886156,0.5002437532538478,72.0,-0.36,1.0,0.17792291024505147,10.275,0.08043093966752932,-8.241618,75.295715,0.0,0.6,0.5
0.23269343303281811,0.1189083540861734,0.500419905797095,72.17999999999999,-0.18,1.0,-0.005188146610926481,10.28,0.44386582636692057,-5.3204904,-87.38486,0.0,0.0,0.5
0.20615874793581462,0.13648232527971302,0.5007865727974978,72.17999999999999,-0.18,1.0,-0.12726218451491178,10.285,0.44386582636692057,-5.3204904,-87.38486,0.0,0.0,0.5
0.182685726082383,0.15001591440939074,0.5009918513682646,72.0,-0.18,1.0,0.10162663655506066,10.290000000000001,0.44386582636692057,-5.3204904,-87.38486,0.0,0.0,0.5
0.16068799961915514,0.16363477212793454,0.5013740232193814,71.28,-0.18,1.0,-0.05096591082492097,10.295,0.44386582636692057,-5.3204904,-87.38486,0.0,0.0,0.5
0.1426372130491724,0.18612047611285235,0.5018987435130655,70.38,-0.18,1.0,0.025330362865069844,10.3,1.291611217609481,5.579675,-114.85423,0.6,0.0,0.5
0.12281331649934102,0.19500741185613546,0.5022120608945496,69.3,-0.18,1.0,0.1626636555070533,10.305,1.291611217609481,5.579675,-114.85423,0.6,0.0,0.5
0.10441591854165641,0.21440003290763868,0.502669813305441,67.86,-0.18,1.0,0.31525620288703493,10.31,1.291611217609481,5.579675,-114.85423,0.6,0.0,0.5
0.09413266226452,0.24201935777362202,0.5028011767751214,66.06,-0.18,1.0,0.2847376934110386,10.315,1.291611217609481,5.579675,-114.85423,0.6,0.0,0.5
0.07649012810850757,0.25359762028578764,0.502693697371088,64.08,-0.18,1.0,-0.09674367503891546,10.32,1.981816493144803,6.0646615,-106.37632,0.6,0.0,0.5
0.0754277799723854,0.273003834799747,0.5025001573926372,61.739999999999995,-0.18,1.0,-0.09674367503891546,10.325000000000001,1.981816493144803,6.0646615,-106.37632,0.6,0.0,0.5
0.06923254592309507,0.2895806424769446,0.5027539462691107,59.4,-0.18,1.0,0.010071108127071682,10.33,1.981816493144803,6.0646615,-106.37632,0.6,0.0,0.5
0.05900830529259377,0.29763659087410216,0.502918475547322,56.519999999999996,-0.36,1.0,0.22370067445904596,10.335,1.981816493144803,6.0646615,-106.37632,0.6,0.0,0.5
0.05278267897996745,0.3182378408818678,0.5029804306808716,53.64,-0.36,1.0,-0.05096591082492097,10.34,1.603417429512459,7.3211064,-97.52801,0.6,0.0,0.5
0.03916869646538397,0.33667787213222755,0.5032393838721645,50.58,-0.36,1.0,-0.12726218451491178,10.345,1.603417429512459,7.3211064,-97.52801,0.6,0.0,0.5
0.024853990078728645,0.348855867595818,0.503419401208133,47.339999999999996,-0.36,1.0,0.0863673818170625,10.35,1.603417429512459,7.3211064,-97.52801,0.6,0.0,0.5
0.02622678663766133,0.35843446543707996,0.5034727469790574,43.92,-0.36,1.0,0.05584887234106617,10.355,1.603417429512459,7.3211064,-97.52801,0.6,0.0,0.5
0.02334385860176054,0.36170876419689046,0.5037090308996908,40.32,-0.36,1.0,-0.020447401348924643,10.36,0.6840396774415394,5.2185993,-85.49738,0.6,0.0,0.5
0.02266573028533422,0.3783908902867753,0.5039882335950435,36.54,-0.36,1.0,0.05584887234106617,10.365,0.6840396774415394,5.2185993,-85.49738,0.6,0.0,0.5
0.002746215256978675,0.39226685538815836,0.5043308802308357,32.94,-0.36,1.0,0.14740440076905514,10.370000000000001,0.6840396774415394,5.2185993,-85.49738,0.6,0.0,0.5
0.00545738667278992,0.39443599359849785,0.5046700424318911,28.98,-0.36,1.0,-0.1577806939909081,10.375,0.6840396774415394,5.2185993,-85.49738,0.6,0.0,0.5
0.013021574967069722,0.3908137511545722,0.5048289739470562,25.02,-0.36,1.0,-0.08148442030091729,10.38,0.15387480602389994,5.7563634,-68.03537,0.6,0.0,0.5
0.01461766085977131,0.382840157483398,0.504901333334924,21.06,-0.36,1.0,0.05584887234106617,10.385,0.15387480602389994,5.7563634,-68.03537,0.6,0.0,0.5
0.01256424446177914,0.3802870968882791,0.5048494923615899,17.099999999999998,-0.36,1.0,-0.05096591082492097,10.39,0.15387480602389994,5.7563634,-68.03537,0.6,0.0,0.5
0.015289210024043562,0.37650865784735854,0.505016940571006,12.959999999999999,-0.36,1.0,0.07110812707906433,10.395,0.15387480602389994,5.7563634,-68.03537,0.6,0.0,0.5
0.023195477917511628,0.3593995884456227,0.5051214637513999,8.82,-0.36,1.0,0.0863673818170625,10.4,0.018251782087577814,1.1397058,-83.74385,0.6,0.0,0.5
0.039211288120818,0.32780304397127624,0.5047983086174871,4.5,0.18,1.0,42.21716971343121,10.405,0.018251782087577814,1.1397058,-83.74385,0.6,0.0,0.5
0.062435262038346706,0.3144838378281045,0.5064759455740311,1.26,7.739999999999999,1.0,3.7638477736747316,10.41,0.018251782087577814,1.1397058,-83.74385,0.6,0.0,0.5
0.08431181169675257,0.2983943040517863,0.510316100383604,-0.72,10.98,1.0,-0.08148442030091729,10.415000000000001,0.018251782087577814,1.1397058,-83.74385,0.6,0.0,0.5
0.10180860416264582,0.26227162879204996,0.5123729507188041,-1.08,9.9,1.0,0.42207098605302207,10.42,0.001141549013532657,5.296171,-119.30905,0.6,0.0,0.5
0.12566658141952114,0.23320394002981285,0.5140757788767095,-0.18,9.36,1.0,2.604144413586816,10.425,0.001141549013532657,5.296171,-119.30905,0.6,0.0,0.5
0.14134214664321684,0.2080927406250498,0.5152066946385117,1.98,6.3,1.0,0.4068117313150239,10.43,0.001141549013532657,5.296171,-119.30905,0.6,0.0,0.5
0.15286822682035972,0.1896413032955017,0.511852668352423,5.04,1.26,1.0,4.8777733695486525,10.435,0.001141549013532657,5.296171,-119.30905,0.6,0.0,0.5
0.17569852488215704,0.165951785828,0.5082971905707384,7.199999999999999,-0.54,1.0,1.5359965819269448,10.44,0.0,4.5459065,-39.54893,0.6,0.0,0.5
0.19470463336243185,0.14890055251426235,0.5066560572040711,9.54,0.54,1.0,-0.12726218451491178,10.445,0.0,4.5459065,-39.54893,0.6,0.0,0.5
0.21080390919558378,0.125385680042623,0.5038641923765482,12.059999999999999,0.0,1.0,-0.4782250434888695,10.450000000000001,0.0,4.5459065,-39.54893,0.6,0.0,0.5
0.22953717804102539,0.11660246054437723,0.5026623723673598,14.399999999999999,-0.54,1.0,-0.6765953550828456,10.455,0.0,4.5459065,-39.54893,0.6,0.0,0.5
0.24673825946845215,0.11056350362657769,0.503177286225815,16.919999999999998,-0.36,1.0,0.10162663655506066,10.46,0.0,3.8215733,-41.5151,0.6,0.0,0.5
0.2601873423984544,0.10059735243032183,0.502180227599312,19.439999999999998,-0.36,1.0,-0.035706656086922806,10.465,0.0,3.8215733,-41.5151,0.6,0.0,0.5
0.2774132292787284,0.08508913282475788,0.5016689128798555,21.779999999999998,-0.36,1.0,-0.12726218451491178,10.47,0.0,3.8215733,-41.5151,0.6,0.0,0.5
0.2933644630139148,0.07834386798181399,0.501971752879381,24.48,-0.36,1.0,0.05584887234106617,10.475,0.0,3.8215733,-41.5151,0.6,0.0,0.5
0.3059862689473125,0.06949321532030141,0.5011892697629399,27.0,-0.36,1.0,-0.18829920346690443,10.48,0.0,4.8059826,-73.37161,0.6,0.0,0.5
0.31890713278690574,0.059270874621647464,0.5012168984216824,29.52,-0.36,1.0,0.10162663655506066,10.485,0.0,4.8059826,-73.37161,0.6,0.0,0.5
0.33387130155420547,0.03904874759166588,0.5014031582402513,32.04,-0.36,1.0,0.0863673818170625,10.49,0.0,4.8059826,-73.37161,0.6,0.0,0.5
0.34542028311396694,0.04042093041265154,0.5007389637484229,34.74,-0.36,1.0,-0.34089175084688605,10.495000000000001,0.0,4.8059826,-73.37161,0.6,0.0,0.5
0.35737794130538314,0.028331449290983128,0.5004284783779905,37.26,-0.36,1.0,-0.11200292977691362,10.5,0.0,3.0729675,-43.86827,0.6,0.0,0.5
0.369491372527113,0.022323527048398684,0.500821546774891,39.78,-0.36,1.0,0.31525620288703493,10.505,0.0,3.0729675,-43.86827,0.6,0.0,0.5
0.3803081985621311,0.0266546307756056,0.4999432047727083,42.3,-0.36,1.0,-0.005188146610926481,10.51,0.0,3.0729675,-43.86827,0.6,0.0,0.5
0.3897336071117916,0.012080530528542913,0.49976035386730583,44.82,-0.36,1.0,0.2084414197210478,10.515,0.0,3.0729675,-43.86827,0.6,0.0,0.5
0.40022687019067954,0.02222538878455305,0.499831397709059,47.339999999999996,-0.36,1.0,-0.2035584582049026,10.52,0.0,6.541955,-83.47278,0.6,0.0,0.5
0.40847786589729396,0.026750801110966674,0.49953082389607195,49.86,-0.36,1.0,0.31525620288703493,10.525,0.0,6.541955,-83.47278,0.6,0.0,0.5
0.41629055316229824,0.016447762346775672,0.49929931496272967,52.199999999999996,-0.36,1.0,0.14740440076905514,10.53,0.0,6.541955,-83.47278,0.6,0.0,0.5
0.424676107229191,0.009493452985565733,0.4990223550497933,54.54,-0.36,1.0,0.11688589129305882,10.535,0.0,6.541955,-83.47278,0.6,0.0,0.5
0.4314476452886832,0.017818850441428516,0.49872105396495436,56.879999999999995,-0.36,1.0,0.05584887234106617,10.540000000000001,0.0,7.703985,-86.07646,0.6,0.0,0.5
0.4372961418048488,0.005302332824424384,0.49876821345771594,59.04,-0.36,1.0,0.2084414197210478,10.545,0.0,7.703985,-86.07646,0.6,0.0,0.5
0.4440535055189358,0.007020215437867464,0.4986681987933706,61.199999999999996,-0.36,1.0,0.04058961760306801,10.55,0.0,7.703985,-86.07646,0.6,0.0,0.5
0.44976557961197255,-0.00501584525758629,0.4985519715733827,63.18,-0.36,1.0,0.2847376934110386,10.555,0.0,7.703985,-86.07646,0.6,0.0,0.5
0.45447745988347876,0.0035440235610093786,0.4985787803339736,65.16,-0.36,1.0,-0.035706656086922806,10.56,0.0,6.654708,-81.00571,0.6,0.0,0.5
0.45991039759074287,0.010217961716169687,0.498779829761913,67.14,-0.36,1.0,0.10162663655506066,10.565,0.0,6.654708,-81.00571,0.6,0.0,0.5
0.4647371283423541,0.008087138486067185,0.49869717029087685,68.75999999999999,-0.36,1.0,-0.1577806939909081,10.57,0.0,6.654708,-81.00571,0.6,0.0,0.5
0.4687152431903978,0.008655950365207887,0.4987928574496034,70.38,-0.36,1.0,-0.020447401348924643,10.575000000000001,0.0,6.654708,-81.00571,0.6,0.0,0.5
0.4731196797143081,-0.0001444965641820518,0.4989752631078403,71.82,-0.36,1.0,0.05584887234106617,10.58,0.0,6.8623486,-85.3425,0.6,0.0,0.5
0.47740871954449293,-0.009393347626399016,0.4991623474162688,73.08,-0.36,1.0,0.26947843867304044,10.585,0.0,6.8623486,-85.3425,0.6,0.0,0.5
0.48146098570503915,-0.003705348682528378,0.499137016040161,74.34,-0.36,1.0,-0.05096591082492097,10.59,0.0,6.8623486,-85.3425,0.6,0.0,0.5
0.48535648711234947,-0.009319370083131688,0.4993701797016247,75.24,-0.36,1.0,0.22370067445904596,10.595,0.0,6.8623486,-85.3425,0.6,0.0,0.5
0.48917600807338435,-0.00554175235557133,0.49959239067962913,75.96,-0.36,1.0,-0.08148442030091729,10.6,0.0,7.302948,-88.51056,0.6,0.0,0.5
0.49178508287864764,-0.008854624732211637,0.5000854185180119,76.32,-0.36,1.0,0.025330362865069844,10.605,0.0,7.302948,-88.51056,0.6,0.0,0.5
0.4951624193087916,-0.006658792661019839,0.5001078890355304,76.67999999999999,-0.36,1.0,-0.12726218451491178,10.61,0.0,7.302948,-88.51056,0.6,0.0,0.5
0.4983785585279886,-0.006196087186068831,0.5006644405274843,76.67999999999999,-0.36,1.0,0.1626636555070533,10.615,0.0,7.302948,-88.51056,0.6,0.0,0.5
0.5012482916657146,-0.006200259170196177,0.5009576351840254,76.5,-0.36,1.0,-0.05096591082492097,10.620000000000001,0.0,7.4181128,-74.76489,0.6,0.0,0.5
0.5035300760196221,-0.01678381189070663,0.5014614950728459,76.32,-0.36,1.0,0.26947843867304044,10.625,0.0,7.4181128,-74.76489,0.6,0.0,0.5
0.5066434416135771,-0.016635438624894357,0.501565203874541,75.96,-0.36,1.0,-0.06622516556291913,10.63,0.0,7.4181128,-74.76489,0.6,0.0,0.5
0.5092686238522566,0.004166020552584448,0.5020927824948272,75.42,-0.36,1.0,0.29999694814903677,10.635,0.0,7.4181128,-74.76489,0.6,0.0,0.5
0.5113021618284057,0.00020485667687686476,0.5025319552972408,74.88,-0.36,1.0,-0.020447401348924643,10.64,0.0,-6.6781893,-62.32823,0.0,0.0,0.5
0.5139143908719582,-0.0024590702690083814,0.5030857601210482,74.34,-0.36,1.0,0.2084414197210478,10.645,0.0,-6.6781893,-62.32823,0.0,0.0,0.5
0.5163101453766976,-0.004800286100708319,0.5032859971023558,73.8,-0.36,1.0,-0.005188146610926481,10.65,0.0,-6.6781893,-62.32823,0.0,0.0,0.5
0.5183780784087898,-0.004897589499438811,0.5034760168606239,73.25999999999999,-0.36,1.0,0.17792291024505147,10.655,0.0,-6.6781893,-62.32823,0.0,0.0,0.5
0.5203917279574859,-0.020955983864558783,0.5036900054345625,72.72,-0.36,1.0,-0.2035584582049026,10.66,0.0,-6.525226,-66.66693,0.0,0.0,0.5
0.5223337678489769,-0.010471273536042637,0.504092881843434,72.17999999999999,-0.36,1.0,0.2084414197210478,10.665000000000001,0.0,-6.525226,-66.66693,0.0,0.0,0.5
0.5237740561123455,-0.0033682158043619246,0.5043657597015209,71.64,-0.36,1.0,-0.31037324137088973,10.67,0.0,-6.525226,-66.66693,0.0,0.0,0.5
0.5250721316482118,0.002243880883673842,0.5050851855158554,71.1,-0.36,1.0,0.17792291024505147,10.675,0.0,-6.525226,-66.66693,0.0,0.0,0.5
0.5265718203874779,-0.003259400330513617,0.5053974683649709,70.74,-0.36,1.0,-0.035706656086922806,10.68,0.0,-7.3325396,-83.18948,0.0,0.0,0.5
0.5282793128735147,0.0034811378963813403,0.5052707915715309,70.38,-0.36,1.0,0.23895992919704412,10.685,0.0,-7.3325396,-83.18948,0.0,0.0,0.5
0.529323366034322,-0.010579103125882759,0.505611778179687,70.2,-0.36,1.0,0.10162663655506066,10.69,0.0,-7.3325396,-83.18948,0.0,0.0,0.5
0.5311363563048062,-0.009853358633245782,0.5052411212277169,69.84,-0.36,1.0,0.2084414197210478,10.695,0.0,-7.3325396,-83.18948,0.0,0.0,0.5
0.5322859739950866,-0.014301183285901263,0.5051346165782622,69.84,-0.36,1.0,-0.17303994872890627,10.700000000000001,0.0,-7.2374673,-80.413925,0.0,0.0,0.5
0.533887463345716,-0.012883085567120043,0.5047963367738472,69.84,-0.36,1.0,0.05584887234106617,10.705,0.0,-7.2374673,-80.413925,0.0,0.0,0.5
0.5348110352063223,-0.004927478235745021,0.5047809184923359,69.84,-0.36,1.0,-0.020447401348924643,10.71,0.0,-7.2374673,-80.413925,0.0,0.0,0.5
0.5360565118875904,-0.006087425704817943,0.5043535099122652,69.84,-0.36,1.0,0.3305154576250331,10.715,0.0,-7.2374673,-80.413925,0.0,0.0,0.5
0.5354381874290433,-0.00718804502192503,0.5042044963743773,70.02,-0.36,1.0,0.19318216498304963,10.72,0.0,-8.015973,87.70271,0.0,0.6,0.5
0.5327182488061303,-0.014509859723399177,0.5045044948109857,70.02,-0.36,1.0,0.22370067445904596,10.725,0.0,-8.015973,87.70271,0.0,0.6,0.5
0.5329827804722039,-0.009272265045303166,0.5036403607889385,70.2,-0.36,1.0,-0.12726218451491178,10.73,0.0,-8.015973,87.70271,0.0,0.6,0.5
0.5313602383916284,-0.0035367987172325054,0.5037037432684391,70.2,-0.36,1.0,0.07110812707906433,10.735,0.0,-8.015973,87.70271,0.0,0.6,0.5
0.5283492984304234,-0.004845229836231763,0.5036514661708938,70.2,-0.36,1.0,-0.17303994872890627,10.74,0.0,-4.411727,58.583637,0.0,0.6,0.5
0.5200050738975596,-0.007961700425806644,0.5036659765652297,70.2,-0.36,1.0,0.025330362865069844,10.745000000000001,0.0,-4.411727,58.583637,0.0,0.6,0.5
0.4976215540587305,-0.004108830882945283,0.503620302735164,70.02,-0.36,1.0,-0.020447401348924643,10.75,0.0,-4.411727,58.583637,0.0,0.6,0.5
0.46740334428123825,-0.009717048692270355,0.5037536854366256,69.84,-0.36,1.0,0.34577471236303126,10.755,0.0,-4.411727,58.583637,0.0,0.6,0.5
0.4334862828929893,-0.017174333724072424,0.5036726348872149,69.66,-0.36,1.0,-0.2035584582049026,10.76,0.0,-7.646496,81.73953,0.0,0.6,0.5
0.3995262080197351,-0.01815981361227084,0.5035614151078076,69.3,-0.36,1.0,0.025330362865069844,10.765,0.0,-7.646496,81.73953,0.0,0.6,0.5
0.3656225969635388,-0.023688200165832198,0.5031084854698226,68.94,-0.36,1.0,0.0863673818170625,10.77,0.0,-7.646496,81.73953,0.0,0.6,0.5
0.3334984376426444,-0.016116735330265995,0.5034853669977163,68.58,-0.36,1.0,0.14740440076905514,10.775,0.0,-7.646496,81.73953,0.0,0.6,0.5
0.3022826487746699,-0.01329527663005595,0.5028196209602455,68.03999999999999,-0.36,1.0,0.04058961760306801,10.78,0.0,-8.40993,89.73732,0.0,0.6,0.5
0.27376232512089743,-0.016928572756438894,0.5024432104146664,67.5,-0.36,1.0,0.07110812707906433,10.785,0.0,-8.40993,89.73732,0.0,0.6,0.5
0.2457204825623966,-0.012777243429589425,0.5021758640982978,66.96,-0.36,1.0,0.025330362865069844,10.790000000000001,0.0,-8.40993,89.73732,0.0,0.6,0.5
0.22005490370029446,-0.013668669199750237,0.5021825614417045,66.24,-0.36,1.0,-0.05096591082492097,10.795,0.0,-8.40993,89.73732,0.0,0.6,0.5
0.1960025909926918,-0.007237441990210962,0.5018083422310271,65.34,-0.36,1.0,0.05584887234106617,10.8,0.007007569666306763,-7.668981,88.662834,0.0,0.6,0.5
0.17473837587281354,-0.001961383710356232,0.5015406067802071,64.62,-0.36,1.0,0.29999694814903677,10.805,0.007007569666306763,-7.668981,88.662834,0.0,0.6,0.5
0.15450727777550383,0.01186960376093654,0.5015400398271772,63.72,-0.36,1.0,-0.11200292977691362,10.81,0.007007569666306763,-7.668981,88.662834,0.0,0.6,0.5
0.1369492395672166,0.027079912858564134,0.5010662965873518,62.64,-0.36,1.0,0.1626636555070533,10.815,0.007007569666306763,-7.668981,88.662834,0.0,0.6,0.5
0.12546321828728665,0.04533855405477612,0.5012729019605278,61.559999999999995,-0.36,1.0,-0.08148442030091729,10.82,0.07497535646073983,-7.291047,72.167946,0.0,0.6,0.5
0.11388941480878906,0.07138006796584766,0.501328270831521,60.48,-0.36,1.0,0.17792291024505147,10.825000000000001,0.07497535646073983,-7.291047,72.167946,0.0,0.6,0.5
0.10426356471621842,0.07867590042080254,0.5013203530896685,59.4,-0.36,1.0,-0.06622516556291913,10.83,0.07497535646073983,-7.291047,72.167946,0.0,0.6,0.5
0.0915254833629417,0.09354566391627034,0.5013705561260218,58.14,-0.36,1.0,0.34577471236303126,10.835,0.07497535646073983,-7.291047,72.167946,0.0,0.6,0.5
0.0736032724381272,0.1265451869200199,0.5015138934091972,56.699999999999996,-0.36,1.0,-0.020447401348924643,10.84,0.4229813179007876,-2.5936387,-59.161835,0.0,0.0,0.5
0.06098165506875747,0.15239524042467725,0.5018973843826205,55.26,-0.36,1.0,0.29999694814903677,10.845,0.4229813179007876,-2.5936387,-59.161835,0.0,0.0,0.5
0.062919318816288,0.1644878573546663,0.5018630978447718,53.82,-0.36,1.0,0.14740440076905514,10.85,0.4229813179007876,-2.5936387,-59.161835,0.0,0.0,0.5
0.0412206869100645,0.19027272586808552,0.5026875303219476,52.199999999999996,-0.36,1.0,0.11688589129305882,10.855,0.4229813179007876,-2.5936387,-59.161835,0.0,0.0,0.5
0.027096169351815556,0.21134342021139302,0.5031169128575985,50.58,-0.36,1.0,0.010071108127071682,10.86,1.2582744103228363,7.4493647,-109.36313,0.6,0.0,0.5
0.02454831662550187,0.22981118466951178,0.5032048517853291,48.96,-0.36,1.0,0.19318216498304963,10.865,1.2582744103228363,7.4493647,-109.36313,0.6,0.0,0.5
0.019181800857891763,0.24670667787017514,0.5037168964916187,47.16,-0.36,1.0,-0.05096591082492097,10.870000000000001,1.2582744103228363,7.4493647,-109.36313,0.6,0.0,0.5
0.014265041132019594,0.26226828712134914,0.5040727435617942,45.18,-0.36,1.0,0.2084414197210478,10.875,1.2582744103228363,7.4493647,-109.36313,0.6,0.0,0.5
0.009996997900673278,0.2781151012101965,0.5043204146204705,43.379999999999995,-0.36,1.0,-0.06622516556291913,10.88,1.9736996965603502,6.782516,-88.32918,0.6,0.0,0.5
-0.00027542865005929966,0.3003912492411458,0.5047766475602088,41.22,-0.36,1.0,0.29999694814903677,10.885,1.9736996965603502,6.782516,-88.32918,0.6,0.0,0.5
-0.0057123675458757815,0.315801323771576,0.5050437314309629,39.24,-0.36,1.0,0.07110812707906433,10.89,1.9736996965603502,6.782516,-88.32918,0.6,0.0,0.5
-0.01114695734287185,0.3278684179425018,0.5051929004179649,36.9,-0.36,1.0,0.11688589129305882,10.895,1.9736996965603502,6.782516,-88.32918,0.6,0.0,0.5
-0.004115558439646713,0.3398874426406693,0.5052208251272207,34.74,-0.36,1.0,-0.035706656086922806,10.9,1.632444089793549,6.6224737,-79.9444,0.6,0.0,0.5
-0.006837083138764159,0.3485049184842125,0.5051040682875287,32.4,-0.36,1.0,0.23895992919704412,10.905,1.632444089793549,6.6224737,-79.9444,0.6,0.0,0.5
-0.010069195606470687,0.3581132499151263,0.505132079556976,29.88,-0.36,1.0,-0.05096591082492097,10.91,1.632444089793549,6.6224737,-79.9444,0.6,0.0,0.5
-0.009456047637283227,0.3677612364678811,0.505034294543124,27.54,-0.36,1.0,0.07110812707906433,10.915000000000001,1.632444089793549,6.6224737,-79.9444,0.6,0.0,0.5
0.0001396041193107668,0.37950209681221125,0.5050333850386406,24.84,-0.36,1.0,0.05584887234106617,10.92,0.7119460568461298,4.520686,-65.18912,0.6,0.0,0.5
-0.016348674740296464,0.38653766900650155,0.5047900190721024,22.32,-0.36,1.0,0.2847376934110386,10.925,0.7119460568461298,4.520686,-65.18912,0.6,0.0,0.5
-0.011186981686433874,0.3900839937376149,0.5046402994672662,19.62,-0.36,1.0,0.010071108127071682,10.93,0.7119460568461298,4.520686,-65.18912,0.6,0.0,0.5
0.0035956055531906196,0.39934076635765936,0.5043473557243356,16.74,-0.36,1.0,0.0863673818170625,10.935,0.7119460568461298,4.520686,-65.18912,0.6,0.0,0.5
0.0028738316036480078,0.3934737136689092,0.504420563611739,13.86,-0.36,1.0,0.04058961760306801,10.94,0.1637221328589164,0.77896965,-33.17096,0.533690893650055,0.0,0.5
-0.014662744226076526,0.37597412955936566,0.5040921537509906,10.98,-0.36,1.0,0.10162663655506066,10.945,0.1637221328589164,0.77896965,-33.17096,0.533690893650055,0.0,0.5
5.172329900272151e-05,0.35742554469859694,0.5036290104550492,8.1,-0.36,1.0,0.04058961760306801,10.950000000000001,0.1637221328589164,0.77896965,-33.17096,0.533690893650055,0.0,0.5
0.01531945036744788,0.34033322205070055,0.5033817886217073,5.04,-0.36,1.0,24.22650837733088,10.955,0.1637221328589164,0.77896965,-33.17096,0.533690893650055,0.0,0.5
0.03207977867375684,0.3077723384853183,0.5041991080936926,2.6999999999999997,5.04,1.0,3.9316995757927113,10.96,0.019852684005032907,-0.12760206,37.384266,0.26171938329935074,0.6,0.5
0.059989390501925303,0.27761389400259384,0.5066897419922562,1.26,6.84,1.0,0.6204412976469982,10.965,0.019852684005032907,-0.12760206,37.384266,0.26171938329935074,0.6,0.5
0.07189483637549637,0.24914249208684683,0.5080200558372059,1.08,6.3,1.0,8.616290780358312,10.97,0.019852684005032907,-0.12760206,37.384266,0.26171938329935074,0.6,0.5
0.08444071306024652,0.23446031295335104,0.5090041516229001,1.98,5.58,1.0,1.0324411755730054,10.975,0.019852684005032907,-0.12760206,37.384266,0.26171938329935074,0.6,0.5
0.1067374711353673,0.20564193003346576,0.5088006682943821,3.78,2.6999999999999997,1.0,2.9856257820368253,10.98,0.0012693535380113845,-1.4763713,48.822227,0.0,0.6,0.5
0.12658147920285046,0.18023007495343998,0.5059835545931946,6.3,-0.36,1.0,1.368144779808965,10.985,0.0012693535380113845,-1.4763713,48.822227,0.0,0.6,0.5
0.1402391894999454,0.156124354743613,0.5047771139291028,7.38,-0.18,1.0,-0.14252143925290994,10.99,0.0012693535380113845,-1.4763713,48.822227,0.0,0.6,0.5
0.161139547479761,0.13961892331950324,0.5032318161985209,9.18,0.18,1.0,-0.08148442030091729,10.995000000000001,0.0012693535380113845,-1.4763713,48.822227,0.0,0.6,0.5
0.18190167844232052,0.126510804432496,0.5018775702872971,11.16,-0.54,1.0,-0.4019287697988787,11.0,0.0,-5.502846,-23.370455,0.0,0.0,0.5
0.19702522875033723,0.1233672007045043,0.5016796678779145,12.42,-0.36,1.0,0.17792291024505147,11.005,0.0,-5.502846,-23.370455,0.0,0.0,0.5
0.21409774335921153,0.11368669939078764,0.5013670101199902,14.219999999999999,-0.36,1.0,0.04058961760306801,11.01,0.0,-5.502846,-23.370455,0.0,0.0,0.5
0.23400798199087552,0.09054410133341664,0.5006915024304057,16.2,-0.36,1.0,0.19318216498304963,11.015,0.0,-5.502846,-23.370455,0.0,0.0,0.5
0.24943009451446732,0.06994671692708607,0.5005971119304897,18.0,-0.36,1.0,-0.21881771294290076,11.02,0.0,-3.6480443,-54.503998,0.0,0.0,0.5
0.2637912129519999,0.07040381141057887,0.5008090012493421,19.8,-0.36,1.0,0.10162663655506066,11.025,0.0,-3.6480443,-54.503998,0.0,0.0,0.5
0.2807516276284548,0.06713757882432687,0.5008674452226164,21.779999999999998,-0.36,1.0,0.010071108127071682,11.03,0.0,-3.6480443,-54.503998,0.0,0.0,0.5
0.294797094533566,0.05228729785457561,0.5011624137346298,23.939999999999998,-0.36,1.0,0.19318216498304963,11.035,0.0,-3.6480443,-54.503998,0.0,0.0,0.5
0.30169529689984825,0.05191875676314681,0.5010419151711921,25.919999999999998,-0.36,1.0,0.04058961760306801,11.040000000000001,0.0,-7.1600943,96.50983,0.0,0.6,0.5
0.3046336895069444,0.05650560179200535,0.5002599706295172,27.9,-0.36,1.0,0.23895992919704412,11.045,0.0,-7.1600943,96.50983,0.0,0.6,0.5
0.30522149023818723,0.054665942675509366,0.5000767612701342,29.88,-0.36,1.0,-0.035706656086922806,11.05,0.0,-7.1600943,96.50983,0.0,0.6,0.5
0.3034979990091882,0.062019726900080945,0.5001996740477801,31.86,-0.36,1.0,0.10162663655506066,11.055,0.0,-7.1600943,96.50983,0.0,0.6,0.5
0.30155660544335866,0.08071831390055169,0.4998873960982541,33.66,-0.36,1.0,-0.035706656086922806,11.06,0.0,-7.79677,94.343445,0.0,0.6,0.5
0.3003289405659435,0.11822133341647714,0.49955284421040297,35.64,-0.36,1.0,-0.06622516556291913,11.065,0.0,-7.79677,94.343445,0.0,0.6,0.5
0.29770783078320034,0.12919306769145042,0.4998156618038147,37.26,-0.36,1.0,0.10162663655506066,11.07,0.0,-7.79677,94.343445,0.0,0.6,0.5
0.29563066343186345,0.14921004871880333,0.49935437754720774,38.879999999999995,-0.36,1.0,-0.020447401348924643,11.075000000000001,0.0,-7.79677,94.343445,0.0,0.6,0.5
0.29250885869598237,0.1609408823460875,0.49939458879538473,40.5,-0.36,1.0,0.010071108127071682,11.08,0.0,-7.9472322,93.79589,0.0,0.6,0.5
0.2848865540334653,0.18775751009031053,0.49894577614200436,41.94,-0.36,1.0,0.04058961760306801,11.085,0.0,-7.9472322,93.79589,0.0,0.6,0.5
0.26896491210759105,0.19438303878015886,0.4989560092989756,43.199999999999996,-0.36,1.0,-0.1577806939909081,11.09,0.0,-7.9472322,93.79589,0.0,0.6,0.5
0.24917804253279618,0.1968397211290055,0.4988003693904082,44.46,-0.36,1.0,-0.14252143925290994,11.095,0.0,-7.9472322,93.79589,0.0,0.6,0.5
0.22597920927754134,0.1948950795470391,0.498768778548113,45.72,-0.36,1.0,0.0863673818170625,11.1,0.0,-8.047019,90.74028,0.0,0.6,0.5
0.20347042249830746,0.1973634474306639,0.498588916549041,46.8,-0.36,1.0,-0.035706656086922806,11.105,0.0,-8.047019,90.74028,0.0,0.6,0.5
0.18077168694341456,0.18754992705517426,0.49858593793254874,47.699999999999996,-0.36,1.0,-0.11200292977691362,11.11,0.0,-8.047019,90.74028,0.0,0.6,0.5
0.16106855320775615,0.17148605436986236,0.49798704554029877,48.6,-0.36,1.0,0.11688589129305882,11.115,0.0,-8.047019,90.74028,0.0,0.6,0.5
0.1421356962417735,0.16571016492578902,0.49809163641360477,49.32,-0.36,1.0,0.10162663655506066,11.120000000000001,0.006416601880697509,-7.9934645,89.67308,0.0,0.6,0.5
0.1216661748326293,0.16815568198095904,0.4982226885541485,50.04,-0.36,1.0,0.31525620288703493,11.125,0.006416601880697509,-7.9934645,89.67308,0.0,0.6,0.5
0.10160267750654363,0.1612077678185604,0.4980956872598437,50.58,-0.36,1.0,0.4983672597430129,11.13,0.006416601880697509,-7.9934645,89.67308,0.0,0.6,0.5
0.09029239276690482,0.1621583098727417,0.49818647920163345,50.94,-0.36,1.0,0.10162663655506066,11.135,0.006416601880697509,-7.9934645,89.67308,0.0,0.6,0.5
0.08468511288023103,0.17561346275583603,0.4984407348758907,51.3,-0.36,1.0,0.07110812707906433,11.14,0.07010092636309549,-2.9107912,-30.810642,0.0,0.0,0.5
0.06846721343383252,0.199709304774157,0.4984508704615755,51.48,-0.36,1.0,0.2542191839350423,11.145,0.07010092636309549,-2.9107912,-30.810642,0.0,0.0,0.5
0.05827186615086631,0.21948798354968127,0.4984265284177375,51.48,-0.36,1.0,-0.14252143925290994,11.15,0.07010092636309549,-2.9107912,-30.810642,0.0,0.0,0.5
0.04754467409876733,0.23242343656314696,0.49870545205662786,51.48,-0.36,1.0,0.10162663655506066,11.155,0.07010092636309549,-2.9107912,-30.810642,0.0,0.0,0.5
0.03602978194706188,0.26501677583378425,0.4992814340802213,51.3,-0.36,1.0,0.14740440076905514,11.16,0.40382569715068967,6.7148848,-111.344604,0.6,0.0,0.5
0.02869589101653832,0.2853537855497862,0.49934554851303586,50.94,-0.36,1.0,0.10162663655506066,11.165000000000001,0.40382569715068967,6.7148848,-111.344604,0.6,0.0,0.5
0.03629571498159178,0.290096300977369,0.4998667435753319,50.58,-0.36,1.0,0.07110812707906433,11.17,0.40382569715068967,6.7148848,-111.344604,0.6,0.0,0.5
0.01875269674009045,0.3102783962805914,0.5004526657652487,49.86,-0.36,1.0,-0.020447401348924643,11.175,0.40382569715068967,6.7148848,-111.344604,0.6,0.0,0.5
0.006471818290340942,0.3218003140089045,0.5010672167092264,48.96,-0.36,1.0,0.010071108127071682,11.18,1.2266359182050288,5.344736,-116.52901,0.6,0.0,0.5
0.003508811126036145,0.3362882687832954,0.5014278559708754,48.059999999999995,-0.36,1.0,-0.23407696768089892,11.185,1.2266359182050288,5.344736,-116.52901,0.6,0.0,0.5
0.011270214414910391,0.3534232334261818,0.5020783544818068,46.8,-0.36,1.0,0.14740440076905514,11.19,1.2266359182050288,5.344736,-116.52901,0.6,0.0,0.5
0.008039870706179968,0.3587403568762048,0.5024282492317395,45.18,-0.36,1.0,-0.005188146610926481,11.195,1.2266359182050288,5.344736,-116.52901,0.6,0.0,0.5
0.009314160158715343,0.3729076866421729,0.5028624068781685,43.559999999999995,-0.36,1.0,0.31525620288703493,11.200000000000001,1.964666930332555,4.9238315,-85.71943,0.6,0.0,0.5
0.0014020747937030927,0.38492030592250825,0.5032717756481407,41.58,-0.36,1.0,-0.06622516556291913,11.205,1.964666930332555,4.9238315,-85.71943,0.6,0.0,0.5
0.005404712728844384,0.3968267543367262,0.5035029207569981,39.42,-0.36,1.0,0.1626636555070533,11.21,1.964666930332555,4.9238315,-85.71943,0.6,0.0,0.5
0.001453324400175165,0.41253642760779047,0.5036503985846269,37.26,-0.36,1.0,-0.1577806939909081,11.215,1.964666930332555,4.9238315,-85.71943,0.6,0.0,0.5
0.003993369225001494,0.4085117781631188,0.5040965978828811,34.74,-0.36,1.0,0.10162663655506066,11.22,1.6592572511718253,7.2845407,-101.16611,0.6,0.0,0.5
-0.00026231407511150337,0.4102122634008307,0.5042123217947302,32.22,-0.36,1.0,0.010071108127071682,11.225,1.6592572511718253,7.2845407,-101.16611,0.6,0.0,0.5
-0.0010648800285870685,0.3973014540369745,0.504587310931392,29.7,-0.36,1.0,-0.18829920346690443,11.23,1.6592572511718253,7.2845407,-101.16611,0.6,0.0,0.5
-0.005299045995415178,0.3860667360856411,0.5050801355566557,26.82,-0.36,1.0,-0.12726218451491178,11.235,1.6592572511718253,7.2845407,-101.16611,0.6,0.0,0.5
-0.01003545300941213,0.3792936364867393,0.5052748767462993,24.119999999999997,-0.36,1.0,0.3305154576250331,11.24,0.7389074494097622,-3.4576843,-92.45963,0.0,0.0,0.5
0.004097647285514606,0.38537196456302053,0.5052029878526703,21.24,-0.36,1.0,-0.06622516556291913,11.245000000000001,0.7389074494097622,-3.4576843,-92.45963,0.0,0.0,0.5
0.004509905169983413,0.3710995953344316,0.5050281328635468,18.36,-0.36,1.0,-0.12726218451491178,11.25,0.7389074494097622,-3.4576843,-92.45963,0.0,0.0,0.5
0.016302168180382243,0.3405477539691311,0.5047142134701066,15.479999999999999,-0.36,1.0,0.05584887234106617,11.255,0.7389074494097622,-3.4576843,-92.45963,0.0,0.0,0.5
0.03211663969094579,0.32318519941970447,0.5042849615908475,12.42,-0.36,1.0,0.11688589129305882,11.26,0.17350735819501487,-0.48790497,-101.79809,0.1536285102367401,0.0,0.5
0.040633567068436224,0.29291857440283875,0.5040453930667674,9.36,-0.36,1.0,-0.2798547318948934,11.265,0.17350735819501487,-0.48790497,-101.79809,0.1536285102367401,0.0,0.5
0.060856545228513505,0.259242472931137,0.5038129614389001,6.12,-0.36,1.0,0.10162663655506066,11.27,0.17350735819501487,-0.48790497,-101.79809,0.1536285102367401,0.0,0.5
0.07042738032688894,0.23147735132265862,0.5041361105431392,3.42,3.2399999999999998,1.0,6.0985137485885055,11.275,0.17350735819501487,-0.48790497,-101.79809,0.1536285102367401,0.0,0.5
0.09132919539588197,0.20303408329317682,0.5064107016921383,1.6199999999999999,6.66,1.0,2.009033478804888,11.28,0.021483116383910178,-1.2766682,112.38459,0.0,0.6,0.5
0.11479791584222125,0.182214757820777,0.5083262416278836,1.26,6.3,1.0,5.320291756950599,11.285,0.021483116383910178,-1.2766682,112.38459,0.0,0.6,0.5
0.12830690360052288,0.1623787648758802,0.5095291374943823,1.7999999999999998,5.9399999999999995,1.0,1.4139225440229595,11.290000000000001,0.021483116383910178,-1.2766682,112.38459,0.0,0.6,0.5
0.1448480351999345,0.13058228481918874,0.5108397757559718,3.5999999999999996,3.42,1.0,0.5746635334330037,11.295,0.021483116383910178,-1.2766682,112.38459,0.0,0.6,0.5
0.16718844870976265,0.1227827785028102,0.5080630277136258,6.12,-0.36,1.0,6.296884060182482,11.3,0.0014025817920972309,-7.4672265,90.44672,0.0,0.6,0.5
0.18652734938033377,0.11496237177060768,0.505786135632397,7.38,-0.18,1.0,0.22370067445904596,11.305,0.0014025817920972309,-7.4672265,90.44672,0.0,0.6,0.5
0.20170604759751537,0.10020020065687953,0.5046618568806256,9.54,0.0,1.0,-0.11200292977691362,11.31,0.0014025817920972309,-7.4672265,90.44672,0.0,0.6,0.5
0.22148857331676963,0.09119291482567392,0.5028547917258815,11.879999999999999,-0.54,1.0,-0.34089175084688605,11.315,0.0014025817920972309,-7.4672265,90.44672,0.0,0.6,0.5
0.23965437265186812,0.08374472783875339,0.5025515237963498,13.68,-0.36,1.0,-0.12726218451491178,11.32,0.0,-8.010647,94.864685,0.0,0.6,0.5
0.2500786990352939,0.06680159266634449,0.5026205282653573,15.84,-0.36,1.0,0.1626636555070533,11.325000000000001,0.0,-8.010647,94.864685,0.0,0.6,0.5
0.25462208945094517,0.057654252198415,0.5012764645393905,17.82,-0.36,1.0,0.5441450239570074,11.33,0.0,-8.010647,94.864685,0.0,0.6,0.5
0.2560776904951796,0.04280611681342502,0.5012068241279136,19.98,-0.36,1.0,-0.2798547318948934,11.335,0.0,-8.010647,94.864685,0.0,0.6,0.5
0.255277301284651,0.04267241608061649,0.5018869514365262,22.14,-0.36,1.0,0.10162663655506066,11.34,0.0015103589642049319,-8.063345,91.031586,0.0,0.6,0.5
0.2536163146414637,0.0420074240122465,0.5008890183515935,24.119999999999997,-0.36,1.0,-0.020447401348924643,11.345,0.0015103589642049319,-8.063345,91.031586,0.0,0.6,0.5
0.2516612777864512,0.027246219717952658,0.5007096780413296,26.099999999999998,-0.36,1.0,0.26947843867304044,11.35,0.0015103589642049319,-8.063345,91.031586,0.0,0.6,0.5
0.25004873549115336,0.011327485068997625,0.5008311987363608,27.9,-0.36,1.0,0.05584887234106617,11.355,0.0015103589642049319,-8.063345,91.031586,0.0,0.6,0.5
0.24837519464197352,0.027010768443725217,0.500300478151563,29.7,-0.36,1.0,0.29999694814903677,11.36,0.022776291471759993,-8.322204,81.59616,0.0,0.6,0.5
0.24708651552089542,0.012489074497746918,0.5003881267679541,31.5,-0.36,1.0,-0.06622516556291913,11.365,0.022776291471759993,-8.322204,81.59616,0.0,0.6,0.5
0.2463251941127253,0.004359789951991952,0.5003107852895498,33.12,-0.36,1.0,-0.020447401348924643,11.370000000000001,0.022776291471759993,-8.322204,81.59616,0.0,0.6,0.5
0.24429945044958265,0.02317435079765885,0.49981152541732693,34.56,-0.36,1.0,-0.11200292977691362,11.375,0.022776291471759993,-8.322204,81.59616,0.0,0.6,0.5
0.23620018899336476,0.03291615414786312,0.4998694587804917,36.0,-0.36,1.0,0.29999694814903677,11.38,0.1811078929309896,-7.773603,-62.186302,0.0,0.0,0.5
0.22156231764581258,0.04467953783451155,0.50029274375164,37.44,-0.36,1.0,0.05584887234106617,11.385,0.1811078929309896,-7.773603,-62.186302,0.0,0.0,0.5
0.2034558641976296,0.05593131672523508,0.49988604312585216,38.699999999999996,-0.36,1.0,0.05584887234106617,11.39,0.1811078929309896,-7.773603,-62.186302,0.0,0.0,0.5
0.18363445642093146,0.08398567963936658,0.49991196075745814,39.78,-0.36,1.0,-0.020447401348924643,11.395,0.1811078929309896,-7.773603,-62.186302,0.0,0.0,0.5
0.16411358146628582,0.10958739321552684,0.49926711745534436,40.86,-0.36,1.0,0.26947843867304044,11.4,0.7593522347989969,-6.323858,-90.42784,0.0,0.0,0.5
0.14634319893091002,0.11402240031179484,0.4991860898672878,41.76,-0.36,1.0,-0.06622516556291913,11.405,0.7593522347989969,-6.323858,-90.42784,0.0,0.0,0.5
0.1295286203391057,0.1287514223601606,0.49912425801688615,42.66,-0.36,1.0,0.0863673818170625,11.41,0.7593522347989969,-6.323858,-90.42784,0.0,0.0,0.5
0.10848822628170625,0.14835704073519537,0.49918531383937453,43.379999999999995,-0.36,1.0,-0.21881771294290076,11.415000000000001,0.7593522347989969,-6.323858,-90.42784,0.0,0.0,0.5
0.08617966903457912,0.16781833456372977,0.4989582719625422,44.1,-0.36,1.0,0.23895992919704412,11.42,1.6788067416623753,5.558647,-117.13336,0.6,0.0,0.5
0.07359321056601296,0.18768485694918619,0.4989292629217117,44.64,-0.36,1.0,-0.2035584582049026,11.425,1.6788067416623753,5.558647,-117.13336,0.6,0.0,0.5
0.06464845755307977,0.21182003299577623,0.498934728514645,45.0,-0.36,1.0,0.07110812707906433,11.43,1.6788067416623753,5.558647,-117.13336,0.6,0.0,0.5
0.053476260788075686,0.22603747814667827,0.49885481660613895,45.36,-0.36,1.0,-0.11200292977691362,11.435,1.6788067416623753,5.558647,-117.13336,0.6,0.0,0.5
0.04584252080524756,0.24305664553415798,0.4988498014256046,45.54,-0.36,1.0,0.05584887234106617,11.44,1.9570848961452465,7.1749487,-105.63345,0.6,0.0,0.5
0.04169833921213089,0.26487335505751336,0.4985901511173365,45.54,-0.36,1.0,-0.05096591082492097,11.445,1.9570848961452465,7.1749487,-105.63345,0.6,0.0,0.5
0.034489813767338194,0.2765231254588568,0.4981722972925947,45.54,-0.36,1.0,0.46784875026701656,11.450000000000001,1.9570848961452465,7.1749487,-105.63345,0.6,0.0,0.5
0.013584080917937504,0.2932856130991714,0.49865516174181473,45.54,-0.36,1.0,-0.11200292977691362,11.455,1.9570848961452465,7.1749487,-105.63345,0.6,0.0,0.5
0.013948756006420456,0.30592461898414536,0.49804334174730774,45.18,-0.36,1.0,0.26947843867304044,11.46,1.203012548846483,4.566226,-98.42705,0.6,0.0,0.5
0.0038902168435302306,0.3085817737487346,0.49790722380314967,44.82,-0.36,1.0,0.1626636555070533,11.465,1.203012548846483,4.566226,-98.42705,0.6,0.0,0.5
4.200344841932e-05,0.31702676908020355,0.49770337802155384,44.28,-0.36,1.0,0.17792291024505147,11.47,1.203012548846483,4.566226,-98.42705,0.6,0.0,0.5
0.004271091794393696,0.3105780254358321,0.4978485773806259,43.559999999999995,-0.36,1.0,0.010071108127071682,11.475,1.203012548846483,4.566226,-98.42705,0.6,0.0,0.5
0.013584772596564678,0.32325699070885705,0.49816213911229085,42.839999999999996,-0.36,1.0,0.23895992919704412,11.48,0.38992598817892654,2.4556663,-128.1529,0.6,0.0,0.5
0.017955213204311142,0.31664740477852216,0.4983109977529392,41.94,-0.36,1.0,-0.06622516556291913,11.485,0.38992598817892654,2.4556663,-128.1529,0.6,0.0,0.5
0.014134082805248034,0.29746747861275036,0.49867569483186375,41.04,-0.36,1.0,0.34577471236303126,11.49,0.38992598817892654,2.4556663,-128.1529,0.6,0.0,0.5
0.014832077144250874,0.28391715900364667,0.4987988132965849,40.14,-0.36,1.0,-0.06622516556291913,11.495000000000001,0.38992598817892654,2.4556663,-128.1529,0.6,0.0,0.5
0.004918596458715107,0.25465768920230153,0.49937966272381107,39.059999999999995,-0.36,1.0,0.2847376934110386,11.5,0.06664164931747019,6.0742726,-106.05535,0.6,0.0,0.5
-0.011535727462246098,0.21631436855068187,0.5000393207638205,37.98,-0.36,1.0,0.05584887234106617,11.505,0.06664164931747019,6.0742726,-106.05535,0.6,0.0,0.5
0.008746762583857034,0.1979227449465963,0.5002874728743455,36.9,-0.36,1.0,0.29999694814903677,11.51,0.06664164931747019,6.0742726,-106.05535,0.6,0.0,0.5
0.012895122961772271,0.1719966422256666,0.5008361588208585,35.64,-0.36,1.0,-0.21881771294290076,11.515,0.06664164931747019,6.0742726,-106.05535,0.6,0.0,0.5
0.031908951869693676,0.15976718579897803,0.5012339858153904,34.199999999999996,-0.36,1.0,0.31525620288703493,11.52,0.006005661136944959,4.097946,-95.24275,0.6,0.0,0.5
0.053459183065160246,0.13724988219089582,0.5015772355712175,32.94,-0.36,1.0,-0.035706656086922806,11.525,0.006005661136944959,4.097946,-95.24275,0.6,0.0,0.5
0.07547045730271108,0.1305189423269734,0.5019853022957192,31.32,-0.36,1.0,0.05584887234106617,11.53,0.006005661136944959,4.097946,-95.24275,0.6,0.0,0.5
0.09187108075963182,0.10967291377160754,0.5025685930774018,29.88,-0.36,1.0,0.19318216498304963,11.535,0.006005661136944959,4.097946,-95.24275,0.6,0.0,0.5
0.11779154557550577,0.0846673213243854,0.5029419504721352,28.259999999999998,-0.36,1.0,0.0863673818170625,11.540000000000001,0.0,6.240944,-98.87416,0.6,0.0,0.5
0.13251326447694414,0.07602031208658289,0.5033121045172801,26.64,-0.36,1.0,-0.035706656086922806,11.545,0.0,6.240944,-98.87416,0.6,0.0,0.5
0.15065159394652072,0.07440050479844465,0.5039047680907782,24.84,-0.36,1.0,-0.08148442030091729,11.55,0.0,6.240944,-98.87416,0.6,0.0,0.5
0.17191967691276483,0.06022929961204973,0.5044997097094841,23.04,-0.36,1.0,-0.035706656086922806,11.555,0.0,6.240944,-98.87416,0.6,0.0,0.5
0.19203890292405465,0.05305636709263984,0.5042590042428066,21.24,-0.36,1.0,0.22370067445904596,11.56,0.0,6.649872,-86.19376,0.6,0.0,0.5
0.2084370167676354,0.048081051210667164,0.5043697784857412,19.439999999999998,-0.36,1.0,-0.020447401348924643,11.565,0.0,6.649872,-86.19376,0.6,0.0,0.5
0.22710474613415155,0.027903129784423934,0.5050195152619847,17.64,-0.36,1.0,0.2084414197210478,11.57,0.0,6.649872,-86.19376,0.6,0.0,0.5
0.24575198539619103,0.02139880852868907,0.5054582489813382,16.02,-0.36,1.0,0.010071108127071682,11.575000000000001,0.0,6.649872,-86.19376,0.6,0.0,0.5
0.26113342279827595,0.030414447949982507,0.5051698788841498,14.399999999999999,-0.54,1.0,-0.020447401348924643,11.58,0.0,5.311589,-98.163246,0.6,0.0,0.5
0.27851003682345404,0.03085005383868841,0.5052599465260988,13.139999999999999,-0.54,1.0,0.0863673818170625,11.585,0.0,5.311589,-98.163246,0.6,0.0,0.5
0.296921349513079,0.023518080601153117,0.5050026672970195,12.059999999999999,-0.54,1.0,0.23895992919704412,11.59,0.0,5.311589,-98.163246,0.6,0.0,0.5
0.31106353872228887,0.012074307491325655,0.5042432457983739,11.16,-0.54,1.0,0.04058961760306801,11.595,0.0,5.311589,-98.163246,0.6,0.0,0.5
0.32572321573692237,0.017920916084283763,0.5035725776857091,10.799999999999999,-0.54,1.0,0.23895992919704412,11.6,0.0,6.290353,-84.18898,0.6,0.0,0.5
0.34135274831414064,0.029657652226599673,0.504004763893133,10.799999999999999,-0.54,1.0,0.11688589129305882,11.605,0.0,6.290353,-84.18898,0.6,0.0,0.5
0.3526339535679965,0.01709534400838205,0.5041829238384707,11.16,-0.54,1.0,0.07110812707906433,11.61,0.0,6.290353,-84.18898,0.6,0.0,0.5
0.3649115703202189,0.014332622404845006,0.5036644591634573,12.059999999999999,-0.54,1.0,-0.06622516556291913,11.615,0.0,6.290353,-84.18898,0.6,0.0,0.5
0.3786521705130416,0.011799722503406643,0.5030427495695267,13.32,-0.54,1.0,0.23895992919704412,11.620000000000001,0.0,7.6488247,-87.60358,0.6,0.0,0.5
0.3877257226290896,-0.008682963770642815,0.5036438191993525,14.76,-0.54,1.0,-0.08148442030091729,11.625,0.0,7.6488247,-87.60358,0.6,0.0,0.5
0.39671001404729495,-0.009967351673179185,0.5030700741913411,16.74,-0.54,1.0,0.39155247657702574,11.63,0.0,7.6488247,-87.60358,0.6,0.0,0.5
0.40640927347375677,-0.022491410621854314,0.5032547835168197,19.08,-0.54,1.0,-0.23407696768089892,11.635,0.0,7.6488247,-87.60358,0.6,0.0,0.5
0.41329352297784133,-0.0201247568088236,0.5035415854589452,21.779999999999998,-0.54,1.0,0.2847376934110386,11.64,0.0,7.0068865,-85.97316,0.6,0.0,0.5
0.4192068585717289,-0.021302594132004797,0.5033022482292149,24.66,-0.54,1.0,-0.020447401348924643,11.645,0.0,7.0068865,-85.97316,0.6,0.0,0.5
0.4256119782433475,-0.020821998152554408,0.5032385626024638,27.9,-0.54,1.0,0.2542191839350423,11.65,0.0,7.0068865,-85.97316,0.6,0.0,0.5
0.4312540902071444,-0.012133489056270073,0.5029375050807092,31.14,-0.54,1.0,-0.035706656086922806,11.655,0.0,7.0068865,-85.97316,0.6,0.0,0.5
0.4353698869719992,-0.012895457225947076,0.5027360756761425,34.74,-0.54,1.0,-0.06622516556291913,11.66,0.0,7.8963614,-92.334305,0.6,0.0,0.5
0.4411268916402211,-0.019993834603513595,0.502105995134044,38.339999999999996,-0.54,1.0,-0.020447401348924643,11.665000000000001,0.0,7.8963614,-92.334305,0.6,0.0,0.5
0.44563505683528937,-0.01881535057823136,0.5019895451249309,42.12,-0.54,1.0,0.04058961760306801,11.67,0.0,7.8963614,-92.334305,0.6,0.0,0.5
0.44937948938061234,-0.033678730676731106,0.5016644003757557,45.9,-0.54,1.0,0.23895992919704412,11.675,0.0,7.8963614,-92.334305,0.6,0.0,0.5
0.4540589961858684,-0.021501336058967452,0.5012248616298651,49.86,-0.36,1.0,-0.020447401348924643,11.68,0.0,7.857125,-89.75013,0.6,0.0,0.5
0.45849044593908267,-0.0182611007628592,0.5009684343356217,53.64,-0.36,1.0,0.10162663655506066,11.685,0.0,7.857125,-89.75013,0.6,0.0,0.5
0.4617980873435872,-0.019780285591005,0.501088588591067,57.419999999999995,-0.36,1.0,0.11688589129305882,11.69,0.0,7.857125,-89.75013,0.6,0.0,0.5
0.46643098808548955,-0.016714059755225472,0.5007670139862611,61.199999999999996,-0.36,1.0,-0.035706656086922806,11.695,0.0,7.857125,-89.75013,0.6,0.0,0.5
0.47079723316885286,-0.014964846102533938,0.5006832082108823,64.8,-0.36,1.0,-0.06622516556291913,11.700000000000001,0.0,7.193801,-71.584755,0.6,0.0,0.5
0.47486779555632413,-0.007549703260830042,0.5008476229196452,68.39999999999999,-0.36,1.0,0.025330362865069844,11.705,0.0,7.193801,-71.584755,0.6,0.0,0.5
0.4792171646084302,0.0015548257688161886,0.50081236464468,71.82,-0.36,1.0,0.19318216498304963,11.71,0.0,7.193801,-71.584755,0.6,0.0,0.5
0.4834407413902845,-0.008863338500972486,0.5012604763802866,75.06,-0.36,1.0,0.04058961760306801,11.715,0.0,7.193801,-71.584755,0.6,0.0,0.5
0.4868457567372281,-0.005677566857704664,0.5017525027598091,77.94,-0.36,1.0,0.2084414197210478,11.72,0.0,-7.4737825,-79.21596,0.0,0.0,0.5
0.49063943655817,-0.0006902335322690924,0.5017994704295625,80.64,-0.36,1.0,-0.020447401348924643,11.725,0.0,-7.4737825,-79.21596,0.0,0.0,0.5
0.4944656958930811,-0.007187718138427471,0.5019503305323935,82.8,-0.36,1.0,-0.020447401348924643,11.73,0.0,-7.4737825,-79.21596,0.0,0.0,0.5
0.49781294410467714,-0.0007626765899597965,0.5021440766686875,84.6,-0.18,1.0,0.05584887234106617,11.735,0.0,-7.4737825,-79.21596,0.0,0.0,0.5
0.5003517382975048,-0.005231274787480338,0.5028006721381331,85.86,-0.18,1.0,-0.09674367503891546,11.74,0.0,-6.659486,-68.87766,0.0,0.0,0.5
0.5035274189318207,-0.013178508460520561,0.5029471745276148,86.58,-0.18,1.0,-0.09674367503891546,11.745000000000001,0.0,-6.659486,-68.87766,0.0,0.0,0.5
0.5062467212579943,-0.008483538912923465,0.5031205750237602,86.75999999999999,-0.18,1.0,0.3610339671010294,11.75,0.0,-6.659486,-68.87766,0.0,0.0,0.5
0.5086366670710284,-0.014265134076932404,0.5030508502818744,86.58,-0.36,1.0,0.04058961760306801,11.755,0.0,-6.659486,-68.87766,0.0,0.0,0.5
0.5109508924103191,-0.02499195115707829,0.5032810117201248,85.67999999999999,-0.36,1.0,0.05584887234106617,11.76,0.0,-7.913374,-93.21947,0.0,0.0,0.5
0.5131800875642004,-0.020509657720325272,0.5036018024041284,84.6,-0.36,1.0,0.0863673818170625,11.765,0.0,-7.913374,-93.21947,0.0,0.0,0.5
0.515197642536175,-0.009746172681223018,0.5036947959977716,83.34,-0.36,1.0,0.04058961760306801,11.77,0.0,-7.913374,-93.21947,0.0,0.0,0.5
0.5174457278214313,-0.013085644127831222,0.5037803521832095,81.72,-0.36,1.0,0.3762932218390276,11.775,0.0,-7.913374,-93.21947,0.0,0.0,0.5
0.5194712015021143,-0.022142823604485547,0.5040068198548681,80.1,-0.36,1.0,-0.005188146610926481,11.78,0.0,-6.4513474,-56.06589,0.0,0.0,0.5
0.521877431134278,-0.019847959548629352,0.5037353730999866,78.3,-0.36,1.0,0.11688589129305882,11.785,0.0,-6.4513474,-56.06589,0.0,0.0,0.5
0.5235359493252812,-0.020259953348705183,0.5041413353231045,76.5,-0.36,1.0,0.0863673818170625,11.790000000000001,0.0,-6.4513474,-56.06589,0.0,0.0,0.5
0.5259986200479366,-0.016099376317002416,0.5038189818857355,74.7,-0.36,1.0,0.010071108127071682,11.795,0.0,-6.4513474,-56.06589,0.0,0.0,0.5
0.5267197288112755,-0.018370974058625734,0.5042097642841692,72.89999999999999,-0.36,1.0,-0.29511398663289157,11.8,0.0,-7.99944,90.86208,0.0,0.6,0.5
0.5271463221765584,-0.009685399513352518,0.5039412017601952,71.1,-0.36,1.0,0.10162663655506066,11.805,0.0,-7.99944,90.86208,0.0,0.6,0.5
0.5271680293313997,0.0012197576439118253,0.5036834987344122,69.3,-0.36,1.0,0.0863673818170625,11.81,0.0,-7.99944,90.86208,0.0,0.6,0.5
0.5276766516571718,0.00018632062639324323,0.5038414811828202,67.67999999999999,-0.36,1.0,0.11688589129305882,11.815,0.0,-7.99944,90.86208,0.0,0.6,0.5
0.5273060744827357,-0.002687977290210633,0.5038283204406911,66.24,-0.36,1.0,0.010071108127071682,11.82,0.0,-7.3018365,80.75488,0.0,0.6,0.5
0.5238921963655382,-0.0026300890166548845,0.5044629248674416,64.8,-0.36,1.0,0.2084414197210478,11.825000000000001,0.0,-7.3018365,80.75488,0.0,0.6,0.5
0.5105214250479394,-0.002547408080669226,0.5042981027360007,63.54,-0.36,1.0,0.025330362865069844,11.83,0.0,-7.3018365,80.75488,0.0,0.6,0.5
0.4849904932735365,-0.0020469278967516903,0.504026241559913,62.28,-0.36,1.0,0.14740440076905514,11.835,0.0,-7.3018365,80.75488,0.0,0.6,0.5
0.4515417895546453,-0.0007647374675167303,0.5042579951748495,60.839999999999996,-0.36,1.0,0.0863673818170625,11.84,0.0,-8.027073,95.89995,0.0,0.6,0.5
0.41705638534287093,0.010948918697846501,0.5039850103031801,59.4,-0.36,1.0,0.025330362865069844,11.845,0.0,-8.027073,95.89995,0.0,0.6,0.5
0.38255626088003447,-0.00337840355629215,0.5037700639785307,57.96,-0.36,1.0,-0.005188146610926481,11.85,0.0,-8.027073,95.89995,0.0,0.6,0.5
0.34941573399887743,0.0009010048622915178,0.5037920088495498,56.519999999999996,-0.36,1.0,0.2084414197210478,11.855,0.0,-8.027073,95.89995,0.0,0.6,0.5
0.31743578530624494,-0.016977906814438528,0.5039146361032024,55.08,-0.36,1.0,-0.05096591082492097,11.86,0.0,-8.0241,94.98016,0.0,0.6,0.5
0.2877682979830724,-0.013018237242131005,0.5038087006786105,53.46,-0.36,1.0,0.10162663655506066,11.865,0.0,-8.0241,94.98016,0.0,0.6,0.5
0.25948841578962045,-0.008138859924151599,0.5035490407874041,51.66,-0.36,1.0,0.07110812707906433,11.870000000000001,0.0,-8.0241,94.98016,0.0,0.6,0.5
0.23234984869826958,-0.01855946828518919,0.503658154325671,49.86,-0.36,1.0,0.3305154576250331,11.875,0.0,-8.0241,94.98016,0.0,0.6,0.5
0.20812705992693817,-0.013457345273450301,0.5031343168568875,48.059999999999995,-0.36,1.0,0.010071108127071682,11.88,0.011715989518018359,-7.9133444,87.48548,0.0,0.6,0.5
0.18427848109506256,-0.015162689369405168,0.5033761840029268,46.08,-0.36,1.0,0.11688589129305882,11.885,0.011715989518018359,-7.9133444,87.48548,0.0,0.6,0.5
0.16325961914700315,0.017668297702640993,0.503002862131367,44.1,-0.36,1.0,0.04058961760306801,11.89,0.011715989518018359,-7.9133444,87.48548,0.0,0.6,0.5
0.1443980578368145,0.023908958161245802,0.503037745542296,42.12,-0.36,1.0,-0.12726218451491178,11.895,0.011715989518018359,-7.9133444,87.48548,0.0,0.6,0.5
0.12616240037967805,0.053884921921101815,0.5028747994279249,39.96,-0.36,1.0,-0.14252143925290994,11.9,0.11060183360147534,-6.878271,14.676584,0.0,0.6,0.5
0.1093385956836154,0.0796025069195619,0.5028433622539519,37.8,-0.36,1.0,0.11688589129305882,11.905,0.11060183360147534,-6.878271,14.676584,0.0,0.6,0.5
0.09864426971087073,0.09171012512333485,0.5028589102180966,35.64,-0.36,1.0,-0.035706656086922806,11.91,0.11060183360147534,-6.878271,14.676584,0.0,0.6,0.5
0.09166370133483233,0.09950779778218583,0.5026527189622214,33.3,-0.36,1.0,-0.09674367503891546,11.915000000000001,0.11060183360147534,-6.878271,14.676584,0.0,0.6,0.5
0.0809147061150697,0.13736839575313287,0.5023040851473558,30.779999999999998,-0.36,1.0,0.0863673818170625,11.92,0.5505505628824483,6.419857,-89.12666,0.6,0.0,0.5
0.0692873613292841,0.15255847279454632,0.5020541104383447,28.259999999999998,-0.36,1.0,-0.08148442030091729,11.925,0.5505505628824483,6.419857,-89.12666,0.6,0.0,0.5
0.06116420987926506,0.16330230300177007,0.5021195876833586,25.74,-0.36,1.0,-0.18829920346690443,11.93,0.5505505628824483,6.419857,-89.12666,0.6,0.0,0.5
0.05485084832523859,0.18729835835952066,0.5021423527242554,23.22,-0.36,1.0,0.14740440076905514,11.935,0.5505505628824483,6.419857,-89.12666,0.6,0.0,0.5
0.04956643358162753,0.19881568254760226,0.5020622552587478,20.52,-0.36,1.0,0.07110812707906433,11.94,1.4450525032169603,7.3472733,-100.272026,0.6,0.0,0.5
0.03261016119696995,0.21174428405475987,0.5022405353061694,17.82,-0.36,1.0,0.10162663655506066,11.945,1.4450525032169603,7.3472733,-100.272026,0.6,0.0,0.5
0.018726516322815894,0.23493744961532703,0.5025310010735364,14.94,-0.36,1.0,0.07110812707906433,11.950000000000001,1.4450525032169603,7.3472733,-100.272026,0.6,0.0,0.5
0.017872409462840685,0.2551054488071369,0.502124869960849,12.059999999999999,-0.36,1.0,0.26947843867304044,11.955,1.4450525032169603,7.3472733,-100.272026,0.6,0.0,0.5
0.01138964830410711,0.2670195556335814,0.5020855350296053,9.18,-0.36,1.0,-0.06622516556291913,11.96,1.9999612165439329,6.6648245,-83.72495,0.6,0.0,0.5
0.011307407461334025,0.28104576015396016,0.502040637715439,6.12,-0.36,1.0,0.29999694814903677,11.965,1.9999612165439329,6.6648245,-83.72495,0.6,0.0,0.5
0.022320392507107902,0.2906430263678851,0.5019880245822049,3.42,3.06,1.0,5.80858790856654,11.97,1.9999612165439329,6.6648245,-83.72495,0.6,0.0,0.5
0.008982388155249644,0.2967492171718491,0.5043892051991621,1.44,6.66,1.0,1.8259224219489099,11.975,1.9999612165439329,6.6648245,-83.72495,0.6,0.0,0.5
0.0077920404883029745,0.3083911505763369,0.5063749164104578,0.8999999999999999,6.4799999999999995,1.0,6.6173284096805,11.98,1.4595233677529245,5.5174747,-88.24548,0.6,0.0,0.5
-0.006425676849306755,0.32427201997859767,0.5078991268601587,1.08,6.84,1.0,1.3834040345469631,11.985,1.4595233677529245,5.5174747,-88.24548,0.6,0.0,0.5
-0.0043401807469300715,0.33915646743135985,0.509438937239779,2.16,4.859999999999999,1.0,1.6275521103549337,11.99,1.4595233677529245,5.5174747,-88.24548,0.6,0.0,0.5
0.009727329258104447,0.34542390445860977,0.5079324193495849,3.78,2.6999999999999997,1.0,1.7801446577349154,11.995000000000001,1.4595233677529245,5.5174747,-88.24548,0.6,0.0,0.5
-0.0028890179892237518,0.35860032336347947,0.5060805480857264,5.9399999999999995,-0.36,1.0,0.6662190618609927,12.0,0.5616322825837844,1.8364952,-109.56909,0.6,0.0,0.5
0.026144420300030183,0.3643292899186387,0.5037621258897707,6.66,0.0,1.0,0.11688589129305882,12.005,0.5616322825837844,1.8364952,-109.56909,0.6,0.0,0.5
0.047456801588510664,0.36617131394005353,0.5021009457131105,7.92,0.18,1.0,-0.34089175084688605,12.01,0.5616322825837844,1.8364952,-109.56909,0.6,0.0,0.5
0.063649131176262,0.36257842505426197,0.5012538247613234,9.18,-0.36,1.0,0.04058961760306801,12.015,0.5616322825837844,1.8364952,-109.56909,0.6,0.0,0.5
0.08144866435953346,0.36142637744586353,0.5010036182290184,10.08,-0.18,1.0,0.025330362865069844,12.02,0.1139579439518205,5.4309607,-95.365295,0.6,0.0,0.5
0.09689620977200523,0.3567927317953205,0.5007512807380814,11.16,-0.36,1.0,0.2084414197210478,12.025,0.1139579439518205,5.4309607,-95.365295,0.6,0.0,0.5
0.10958520657598585,0.3401893460543208,0.5005005193439493,11.879999999999999,-0.36,1.0,0.05584887234106617,12.030000000000001,0.1139579439518205,5.4309607,-95.365295,0.6,0.0,0.5
0.13045657239398606,0.32181888464258546,0.5005871437417517,12.78,-0.36,1.0,0.010071108127071682,12.035,0.1139579439518205,5.4309607,-95.365295,0.6,0.0,0.5
0.14491540255600605,0.2959066436879157,0.5003097773241929,13.68,-0.36,1.0,-0.18829920346690443,12.040000000000001,0.012192385297855437,6.983201,-78.37858,0.6,0.0,0.5
0.15984986684603056,0.27015039065409907,0.5002261589600918,14.58,-0.36,1.0,0.14740440076905514,12.045,0.012192385297855437,6.983201,-78.37858,0.6,0.0,0.5
0.1786289483652606,0.2336116841053153,0.5004939383694131,15.299999999999999,-0.36,1.0,-0.05096591082492097,12.05,0.012192385297855437,6.983201,-78.37858,0.6,0.0,0.5
0.19466416277559387,0.21684097272568556,0.5005786814916019,16.2,-0.36,1.0,0.26947843867304044,12.055,0.012192385297855437,6.983201,-78.37858,0.6,0.0,0.5
0.2094017714160182,0.20186534332540707,0.5005175448166903,16.919999999999998,-0.36,1.0,-0.005188146610926481,12.06,0.0006878350204188415,5.6834493,-75.5802,0.6,0.0,0.5
0.22820737341523084,0.17937443400171077,0.5003184708031435,17.82,-0.36,1.0,0.2847376934110386,12.065,0.0006878350204188415,5.6834493,-75.5802,0.6,0.0,0.5
0.2448038616310146,0.1470369095275665,0.5004455132349306,18.72,-0.36,1.0,-0.12726218451491178,12.07,0.0006878350204188415,5.6834493,-75.5802,0.6,0.0,0.5
0.2582137046657653,0.13643415468831646,0.5005404262997667,19.62,-0.36,1.0,0.29999694814903677,12.075000000000001,0.0006878350204188415,5.6834493,-75.5802,0.6,0.0,0.5
0.2749716226602323,0.12239140017793473,0.501060703822316,20.52,-0.36,1.0,-0.08148442030091729,12.08,0.0,-0.82389754,-83.458496,0.05283073782920837,0.0,0.5
0.2909499595433173,0.11436670182490456,0.5013269292717153,21.779999999999998,-0.36,1.0,0.22370067445904596,12.085,0.0,-0.82389754,-83.458496,0.05283073782920837,0.0,0.5
0.3039203282863522,0.09467536328785621,0.5013714301707243,22.86,-0.36,1.0,-0.23407696768089892,12.09,0.0,-0.82389754,-83.458496,0.05283073782920837,0.0,0.5
0.31771999389111794,0.07366409726436708,0.5019499162837034,24.119999999999997,-0.36,1.0,0.2542191839350423,12.095,0.0,-0.82389754,-83.458496,0.05283073782920837,0.0,0.5
0.3330144277538185,0.07595685036802502,0.5018711835101336,25.74,-0.36,1.0,0.10162663655506066,12.1,0.0,0.18437736,-86.08657,0.35531320720911025,0.0,0.5
0.34429431273913047,0.06716727717588424,0.5020141492126073,27.18,-0.36,1.0,0.10162663655506066,12.105,0.0,0.18437736,-86.08657,0.35531320720911025,0.0,0.5
0.3562630571402303,0.051852018338724826,0.5025597357528783,28.98,-0.36,1.0,0.23895992919704412,12.11,0.0,0.18437736,-86.08657,0.35531320720911025,0.0,0.5
0.3687227293202289,0.04518210042987001,0.5029843139261051,30.779999999999998,-0.36,1.0,0.0863673818170625,12.115,0.0,0.18437736,-86.08657,0.35531320720911025,0.0,0.5
0.37876340626924365,0.04526889341859251,0.503435205439708,32.76,-0.36,1.0,-0.06622516556291913,12.120000000000001,0.0,-5.910617,78.38396,0.0,0.6,0.5
0.38788122983378454,0.03419130076719749,0.5038790525465827,34.92,-0.36,1.0,0.04058961760306801,12.125,0.0,-5.910617,78.38396,0.0,0.6,0.5
0.3988258682450312,0.036412720878733644,0.5037042002208515,37.08,-0.36,1.0,-0.12726218451491178,12.13,0.0,-5.910617,78.38396,0.0,0.6,0.5
0.40666315043987106,0.02773905339902989,0.5037584515947342,39.24,-0.36,1.0,0.34577471236303126,12.135,0.0,-5.910617,78.38396,0.0,0.6,0.5
0.413486173671195,0.0132088141433175,0.5043192829910769,41.58,-0.36,1.0,0.05584887234106617,12.14,0.0,-5.3802614,74.54933,0.0,0.6,0.5
0.42159278094715424,0.005546599678472136,0.5041817580241376,43.92,-0.36,1.0,0.22370067445904596,12.145,0.0,-5.3802614,74.54933,0.0,0.6,0.5
0.4279820685434859,0.016360212788585158,0.504044282404563,46.44,-0.36,1.0,-0.2798547318948934,12.15,0.0,-5.3802614,74.54933,0.0,0.6,0.5
0.4296830361160491,0.01899935877062297,0.5037809295243828,48.78,-0.36,1.0,0.04058961760306801,12.155000000000001,0.0,-5.3802614,74.54933,0.0,0.6,0.5
0.42723254834090296,0.012402812475611528,0.5041405426776849,51.3,-0.36,1.0,0.07110812707906433,12.16,0.0,-7.901025,91.395874,0.0,0.6,0.5
0.425034178852003,0.016107621668683875,0.5046112176238889,53.64,-0.36,1.0,0.19318216498304963,12.165000000000001,0.0,-7.901025,91.395874,0.0,0.6,0.5
0.422025100640936,0.022429530713025243,0.50443222106011,55.98,-0.36,1.0,-0.05096591082492097,12.17,0.0,-7.901025,91.395874,0.0,0.6,0.5
0.41844512511568166,0.03249534768601308,0.5045783931119442,58.14,-0.36,1.0,0.05584887234106617,12.175,0.0,-7.901025,91.395874,0.0,0.6,0.5
0.41640348524264814,0.020913079661809646,0.5045613186922798,60.48,-0.36,1.0,0.05584887234106617,12.18,0.00068148423023569,-7.872755,92.75598,0.0,0.6,0.5
0.41342982670456613,0.024737928382401533,0.5048839637048117,62.46,-0.36,1.0,0.1626636555070533,12.185,0.00068148423023569,-7.872755,92.75598,0.0,0.6,0.5
0.41111579620274447,0.009286001558375442,0.5048554197342802,64.44,-0.36,1.0,-0.08148442030091729,12.19,0.00068148423023569,-7.872755,92.75598,0.0,0.6,0.5
0.41017850814531676,-0.0004524291003222895,0.5048095584877894,66.24,-0.36,1.0,0.11688589129305882,12.195,0.00068148423023569,-7.872755,92.75598,0.0,0.6,0.5
0.4087616482427753,0.00022359673514283726,0.5047151426040042,67.86,-0.36,1.0,-0.14252143925290994,12.200000000000001,0.012102272345268889,-7.510174,88.57846,0.0,0.6,0.5
0.40615086878681617,0.016294253002142996,0.504136327368214,69.48,-0.36,1.0,0.19318216498304963,12.205,0.012102272345268889,-7.510174,88.57846,0.0,0.6,0.5
0.4002480438291813,0.0346836385768517,0.5041560856228788,70.92,-0.36,1.0,0.04058961760306801,12.21,0.012102272345268889,-7.510174,88.57846,0.0,0.6,0.5
0.39261312789753455,0.03236004640036972,0.5042881153871609,72.0,-0.36,1.0,0.17792291024505147,12.215,0.012102272345268889,-7.510174,88.57846,0.0,0.6,0.5
0.3805742488055121,0.04560814745751324,0.5043167101387808,73.08,-0.36,1.0,0.010071108127071682,12.22,0.11332600126181476,-7.1289816,71.85677,0.0,0.6,0.5
0.36158887295758624,0.08658525843467485,0.5043103208753755,73.61999999999999,-0.36,1.0,0.14740440076905514,12.225,0.11332600126181476,-7.1289816,71.85677,0.0,0.6,0.5
0.3379259262701139,0.09108207379180394,0.5044109549519958,74.16,-0.36,1.0,-0.005188146610926481,12.23,0.11332600126181476,-7.1289816,71.85677,0.0,0.6,0.5
0.311313508899794,0.1091398809727809,0.5039884880514224,74.16,-0.36,1.0,0.22370067445904596,12.235,0.11332600126181476,-7.1289816,71.85677,0.0,0.6,0.5
0.2839278177582975,0.13099757261811684,0.5038034478559184,74.16,-0.36,1.0,0.29999694814903677,12.24,0.5595562350089159,-2.5316856,-50.896,0.0,0.0,0.5
0.25604839728754597,0.15144310845738979,0.5037598570143793,73.61999999999999,-0.36,1.0,-0.035706656086922806,12.245000000000001,0.5595562350089159,-2.5316856,-50.896,0.0,0.0,0.5
0.22941110413074195,0.1683592529023043,0.503706828933111,72.89999999999999,-0.36,1.0,-0.2035584582049026,12.25,0.5595562350089159,-2.5316856,-50.896,0.0,0.0,0.5
0.20390364989558785,0.18456849002212322,0.5034206441013651,71.82,-0.36,1.0,0.22370067445904596,12.255,0.5595562350089159,-2.5316856,-50.896,0.0,0.0,0.5
0.18076675019242078,0.20016505564154638,0.5032545952784555,70.56,-0.36,1.0,0.07110812707906433,12.26,1.4568319096409008,7.0361056,-100.15438,0.6,0.0,0.5
0.15886890206025034,0.2128183200093748,0.5032106574781673,68.94,-0.36,1.0,-0.05096591082492097,12.265,1.4568319096409008,7.0361056,-100.15438,0.6,0.0,0.5
0.1408033049937625,0.22897895179289507,0.5027553126403715,66.96,-0.36,1.0,-0.1577806939909081,12.27,1.4568319096409008,7.0361056,-100.15438,0.6,0.0,0.5
0.12358975003263896,0.2458773410604651,0.5026164845915314,64.8,-0.36,1.0,0.07110812707906433,12.275,1.4568319096409008,7.0361056,-100.15438,0.6,0.0,0.5
0.11056542996657497,0.26134907817806297,0.5028755920344286,62.46,-0.36,1.0,0.04058961760306801,12.280000000000001,1.999984745175115,7.374264,-90.38996,0.6,0.0,0.5
0.09647854530592152,0.282129684689463,0.5026140655778744,59.76,-0.36,1.0,-0.11200292977691362,12.285,1.999984745175115,7.374264,-90.38996,0.6,0.0,0.5
0.08700812622776477,0.2938551599751247,0.502611723523629,56.879999999999995,-0.36,1.0,0.025330362865069844,12.290000000000001,1.999984745175115,7.374264,-90.38996,0.6,0.0,0.5
0.08200755197989991,0.29671284651835933,0.5027380406891435,53.82,-0.36,1.0,0.1626636555070533,12.295,1.999984745175115,7.374264,-90.38996,0.6,0.0,0.5
0.06292047305799368,0.31963244377648525,0.5026913613629544,50.76,-0.36,1.0,-0.06622516556291913,12.3,1.447756262972273,6.382147,-74.11002,0.6,0.0,0.5
0.05126695702770452,0.3299846035634014,0.502774541728894,47.339999999999996,-0.36,1.0,-0.035706656086922806,12.305,1.447756262972273,6.382147,-74.11002,0.6,0.0,0.5
0.050041279360132494,0.3498130690061647,0.502593476097306,43.739999999999995,-0.36,1.0,-0.09674367503891546,12.31,1.447756262972273,6.382147,-74.11002,0.6,0.0,0.5
0.05024475756836241,0.3606615160869622,0.5030129007039639,40.14,-0.36,1.0,0.19318216498304963,12.315,1.447756262972273,6.382147,-74.11002,0.6,0.0,0.5
0.04381455692675562,0.37508972692301745,0.5032683237820953,36.36,-0.36,1.0,-0.035706656086922806,12.32,0.5526061999919405,4.1275225,-95.37581,0.6,0.0,0.5
0.021200105221739932,0.3963642844270536,0.5039569869294749,32.58,-0.36,1.0,0.22370067445904596,12.325000000000001,0.5526061999919405,4.1275225,-95.37581,0.6,0.0,0.5
0.008448879604109798,0.39725086396934056,0.5044910916084211,28.619999999999997,-0.36,1.0,-0.020447401348924643,12.33,0.5526061999919405,4.1275225,-95.37581,0.6,0.0,0.5
0.009800161128191622,0.38954342539910397,0.5045123552341053,24.66,-0.36,1.0,-0.035706656086922806,12.335,0.5526061999919405,4.1275225,-95.37581,0.6,0.0,0.5
0.002279141857254112,0.3904253733435092,0.5047381089218586,20.7,-0.36,1.0,0.025330362865069844,12.34,0.11122120233264156,4.4541564,-75.99985,0.6,0.0,0.5
0.014283398063412205,0.3811609410030421,0.5051216560761276,16.56,-0.36,1.0,0.14740440076905514,12.345,0.11122120233264156,4.4541564,-75.99985,0.6,0.0,0.5
0.014767345526718543,0.3773671487942419,0.5052118999200628,12.42,-0.36,1.0,-0.12726218451491178,12.35,0.11122120233264156,4.4541564,-75.99985,0.6,0.0,0.5
0.031025410013274964,0.3743189199611735,0.5048831405206674,8.28,-0.36,1.0,0.39155247657702574,12.355,0.11122120233264156,4.4541564,-75.99985,0.6,0.0,0.5
0.0321900537447063,0.3561457520725628,0.5047591444436197,3.78,1.7999999999999998,1.0,16.32221442304755,12.36,0.0118035039475587,5.8373556,-66.092125,0.6,0.0,0.5
0.057560922582224915,0.33750587586492153,0.5068506847512663,0.72,8.459999999999999,1.0,1.9632557145908933,12.365,0.0118035039475587,5.8373556,-66.092125,0.6,0.0,0.5
0.07386275852339744,0.31498810204784566,0.5110090352917309,-1.08,11.16,1.0,-0.6308175908688511,12.370000000000001,0.0118035039475587,5.8373556,-66.092125,0.6,0.0,0.5
0.0949846623258315,0.28463911589103486,0.5133480670109426,-1.26,9.54,1.0,19.358806115909296,12.375,0.0118035039475587,5.8373556,-66.092125,0.6,0.0,0.5
0.10559028058854696,0.25845497900000014,0.5153715916234569,-0.18,9.36,1.0,2.7109591967528583,12.38,0.0,5.398674,-71.41559,0.6,0.0,0.5
0.13717886026432946,0.22565198070840634,0.515241078138681,1.98,5.9399999999999995,1.0,0.34577471236303126,12.385,0.0,5.398674,-71.41559,0.6,0.0,0.5
0.14575043746409358,0.2019603007277476,0.5117163359785153,5.22,0.72,1.0,8.707846308786301,12.39,0.0,5.398674,-71.41559,0.6,0.0,0.5
0.1607674293201716,0.18207976990214048,0.5086461426066904,7.38,-0.54,1.0,1.4444410534989558,12.395,0.0,5.398674,-71.41559,0.6,0.0,0.5
0.18159262481673022,0.1593076460572593,0.5071167952459478,9.54,0.72,1.0,-0.11200292977691362,12.4,0.0,2.5606234,-68.11431,0.6,0.0,0.5
0.20045867625542446,0.13771001680392292,0.5045249418973589,12.059999999999999,0.18,1.0,-0.3714102603228824,12.405000000000001,0.0,2.5606234,-68.11431,0.6,0.0,0.5
0.21550354809400504,0.13292970098823345,0.5038076997948184,14.399999999999999,-0.54,1.0,-0.6613361003448475,12.41,0.0,2.5606234,-68.11431,0.6,0.0,0.5
0.23376068314054965,0.12252807737745512,0.5036501244787414,16.919999999999998,-0.36,1.0,0.39155247657702574,12.415000000000001,0.0,2.5606234,-68.11431,0.6,0.0,0.5
0.2513446058206231,0.10885221195784088,0.5025752180323836,19.259999999999998,-0.36,1.0,0.5288857692190092,12.42,0.0,-5.61714,-67.69911,0.0,0.0,0.5
0.26424835157713067,0.10187174896547249,0.5027286805209674,21.599999999999998,-0.36,1.0,-0.12726218451491178,12.425,0.0,-5.61714,-67.69911,0.0,0.0,0.5
0.2805309486198349,0.08062533375074492,0.5027354932329046,24.119999999999997,-0.36,1.0,-0.24933622241889708,12.43,0.0,-5.61714,-67.69911,0.0,0.0,0.5
0.29671030212842775,0.07076252930230668,0.5019252173865242,26.64,-0.36,1.0,0.14740440076905514,12.435,0.0,-5.61714,-67.69911,0.0,0.0,0.5
0.30973702978231504,0.06897797949930022,0.5015533412074518,28.98,-0.36,1.0,0.19318216498304963,12.44,0.0,-6.533821,83.54537,0.0,0.6,0.5
0.3223224971151582,0.05529875756774169,0.5021395726851912,31.5,-0.36,1.0,0.14740440076905514,12.445,0.0,-6.533821,83.54537,0.0,0.6,0.5
0.3374868543923022,0.05103714757505455,0.5013435080489195,34.019999999999996,-0.36,1.0,-0.020447401348924643,12.450000000000001,0.0,-6.533821,83.54537,0.0,0.6,0.5
0.34839665520817187,0.03228093853188637,0.501684678282962,36.36,-0.36,1.0,-0.05096591082492097,12.455,0.0,-6.533821,83.54537,0.0,0.6,0.5
0.3599028014062999,0.03321636760634653,0.5017714908247268,38.879999999999995,-0.36,1.0,0.2542191839350423,12.46,0.0,-6.055535,71.27603,0.0,0.6,0.5
0.37236336027000455,0.026385418167431486,0.5012874161433541,41.4,-0.36,1.0,0.04058961760306801,12.465,0.0,-6.055535,71.27603,0.0,0.6,0.5
0.3830588547511641,0.015872450501205136,0.501066350421113,43.739999999999995,-0.36,1.0,-0.020447401348924643,12.47,0.0,-6.055535,71.27603,0.0,0.6,0.5
0.3920037663379132,0.007033071485183018,0.5011441540314269,46.08,-0.36,1.0,-0.020447401348924643,12.475,0.0,-6.055535,71.27603,0.0,0.6,0.5
0.40226943117076264,0.006059365208276239,0.5010662773515978,48.6,-0.36,1.0,0.19318216498304963,12.48,0.0,-7.829708,94.465675,0.0,0.6,0.5
0.4100443998014092,-0.006736940204850971,0.5015164878187193,50.76,-0.36,1.0,-0.005188146610926481,12.485,0.0,-7.829708,94.465675,0.0,0.6,0.5
0.4181326600289438,0.006351038902397638,0.5012854584557829,53.1,-0.36,1.0,-0.17303994872890627,12.49,0.0,-7.829708,94.465675,0.0,0.6,0.5
0.4262781882197401,0.007135904379793985,0.5011600978350966,55.44,-0.36,1.0,-0.005188146610926481,12.495000000000001,0.0,-7.829708,94.465675,0.0,0.6,0.5
0.43334528244045945,0.007965025509418532,0.500873661001421,57.599999999999994,-0.36,1.0,0.1626636555070533,12.5,0.0,-8.237198,91.83974,0.0,0.6,0.5
0.4354461042764006,0.000550612268658201,0.5014384045647241,59.76,-0.36,1.0,0.010071108127071682,12.505,0.0,-8.237198,91.83974,0.0,0.6,0.5
0.4345024149428105,0.012944227461750642,0.5012251866719207,61.739999999999995,-0.36,1.0,0.04058961760306801,12.51,0.0,-8.237198,91.83974,0.0,0.6,0.5
0.43179027608152243,0.001620637487311193,0.5020034326297625,63.72,-0.36,1.0,-0.035706656086922806,12.515,0.0,-8.237198,91.83974,0.0,0.6,0.5
0.42829867015053963,0.008261310190818744,0.5026329801535564,65.52,-0.36,1.0,0.04058961760306801,12.52,0.009897050716875827,-7.670943,88.97775,0.0,0.6,0.5
0.4183511043971855,0.01951267210288741,0.50284991805749,67.14,-0.36,1.0,-0.005188146610926481,12.525,0.009897050716875827,-7.670943,88.97775,0.0,0.6,0.5
0.3991504015626769,0.03909444085376641,0.5031888281394029,68.75999999999999,-0.36,1.0,-0.05096591082492097,12.530000000000001,0.009897050716875827,-7.670943,88.97775,0.0,0.6,0.5
0.3738596495319809,0.035468156280250206,0.503372780158463,70.02,-0.36,1.0,-0.14252143925290994,12.535,0.009897050716875827,-7.670943,88.97775,0.0,0.6,0.5
0.345470503092845,0.05801459009125873,0.5032244842030625,71.28,-0.36,1.0,0.11688589129305882,12.540000000000001,0.09741464305326324,-7.176538,71.22657,0.0,0.6,0.5
0.3150129684843041,0.08669107358845751,0.5034639547978282,72.17999999999999,-0.36,1.0,-0.05096591082492097,12.545,0.09741464305326324,-7.176538,71.22657,0.0,0.6,0.5
0.28486585103249135,0.10341757058995685,0.5038622874909826,72.89999999999999,-0.36,1.0,0.010071108127071682,12.55,0.09741464305326324,-7.176538,71.22657,0.0,0.6,0.5
0.25589785534953313,0.11099199647175098,0.5038231688442462,73.25999999999999,-0.36,1.0,-0.3256324961088879,12.555,0.09741464305326324,-7.176538,71.22657,0.0,0.6,0.5
0.2287108905436374,0.1258172972098981,0.5037091123088926,73.25999999999999,-0.36,1.0,0.1626636555070533,12.56,0.505585049227202,-3.640662,-65.502975,0.0,0.0,0.5
0.20292272189823013,0.14737590125627414,0.5035443991015875,73.08,-0.36,1.0,0.1626636555070533,12.565,0.505585049227202,-3.640662,-65.502975,0.0,0.0,0.5
0.17961870888409454,0.16300812653677862,0.503546537148132,72.53999999999999,-0.36,1.0,0.010071108127071682,12.57,0.505585049227202,-3.640662,-65.502975,0.0,0.0,0.5
0.15856178359378909,0.19326012862893654,0.5036129238535698,71.64,-0.36,1.0,0.10162663655506066,12.575000000000001,0.505585049227202,-3.640662,-65.502975,0.0,0.0,0.5
0.1386812528373764,0.21713637787389195,0.5035664163572514,70.56,-0.36,1.0,0.05584887234106617,12.58,1.3836165041055994,7.5144444,-112.959526,0.6,0.0,0.5
0.12624777080708968,0.2311551233438615,0.503440882915549,69.12,-0.36,1.0,0.11688589129305882,12.585,1.3836165041055994,7.5144444,-112.959526,0.6,0.0,0.5
0.10902275724988994,0.2520996010181873,0.5036368935490733,67.32,-0.36,1.0,0.3305154576250331,12.59,1.3836165041055994,7.5144444,-112.959526,0.6,0.0,0.5
0.08984766101787627,0.2614280770442565,0.503552679356939,65.16,-0.36,1.0,0.07110812707906433,12.595,1.3836165041055994,7.5144444,-112.959526,0.6,0.0,0.5
0.07133334645616397,0.27031355157819303,0.5036704594245494,63.0,-0.36,1.0,0.2084414197210478,12.6,1.9965894695644413,6.9844794,-86.97118,0.6,0.0,0.5
0.0748608892772672,0.2826076185254311,0.5033259955660093,60.48,-0.36,1.0,-0.12726218451491178,12.605,1.9965894695644413,6.9844794,-86.97118,0.6,0.0,0.5
0.05937060530385238,0.2910396876659811,0.5034757227753268,57.599999999999994,-0.36,1.0,0.29999694814903677,12.61,1.9965894695644413,6.9844794,-86.97118,0.6,0.0,0.5
0.05066260368665549,0.3146208741795596,0.5032455738376935,54.72,-0.36,1.0,-0.11200292977691362,12.615,1.9965894695644413,6.9844794,-86.97118,0.6,0.0,0.5
0.03256502863559457,0.32866967743378517,0.5031221720470662,51.48,-0.36,1.0,0.11688589129305882,12.620000000000001,1.5191943980207563,6.2364664,-80.599106,0.6,0.0,0.5
0.03140176882571517,0.3430738607759638,0.5031868209274175,48.059999999999995,-0.36,1.0,-0.26459547715689524,12.625,1.5191943980207563,6.2364664,-80.599106,0.6,0.0,0.5
0.02563643228974781,0.35136228823979015,0.5033349360862752,44.64,-0.36,1.0,0.07110812707906433,12.63,1.5191943980207563,6.2364664,-80.599106,0.6,0.0,0.5
0.023590166723629548,0.36470946299425583,0.50360892115857,41.04,-0.36,1.0,-0.06622516556291913,12.635,1.5191943980207563,6.2364664,-80.599106,0.6,0.0,0.5
0.006496737513234489,0.37833841228240506,0.503551742402121,37.26,-0.36,1.0,0.2084414197210478,12.64,0.609522098706808,0.9543743,-73.023,0.5863122940063477,0.0,0.5
0.013218303198028414,0.3766423719086899,0.5034924150887629,33.48,-0.36,1.0,-0.06622516556291913,12.645,0.609522098706808,0.9543743,-73.023,0.5863122940063477,0.0,0.5
0.010154053055025352,0.3786615823111687,0.5035699885738371,29.52,-0.36,1.0,0.1626636555070533,12.65,0.609522098706808,0.9543743,-73.023,0.5863122940063477,0.0,0.5
-0.00032446212477392993,0.3817037380099264,0.5038060038402358,25.56,-0.36,1.0,0.010071108127071682,12.655000000000001,0.609522098706808,0.9543743,-73.023,0.5863122940063477,0.0,0.5
-0.003885770768449131,0.38397291998098376,0.5040259472784238,21.419999999999998,-0.36,1.0,0.025330362865069844,12.66,0.1289487371185276,5.9008136,-76.185455,0.6,0.0,0.5
0.013559709868799638,0.36918479281434946,0.5041357481296316,17.28,-0.36,1.0,-0.05096591082492097,12.665000000000001,0.1289487371185276,5.9008136,-76.185455,0.6,0.0,0.5
0.010939359499690814,0.36066895606552957,0.5038450712655246,13.139999999999999,-0.36,1.0,0.34577471236303126,12.67,0.1289487371185276,5.9008136,-76.185455,0.6,0.0,0.5
0.03066726412869635,0.3351321271447004,0.5035599959991294,9.0,-0.36,1.0,0.010071108127071682,12.675,0.1289487371185276,5.9008136,-76.185455,0.6,0.0,0.5
0.03689047897779356,0.30507793005004147,0.5030600096329726,4.68,-0.18,1.0,37.89880062257762,12.68,0.014384549397428524,4.69525,-51.827274,0.6,0.0,0.5
0.0514365018558809,0.2767096811399263,0.5050559238417981,1.26,7.739999999999999,1.0,4.099551377910691,12.685,0.014384549397428524,4.69525,-51.827274,0.6,0.0,0.5
0.06851487482691322,0.2506019615170078,0.5090052422834856,-0.8999999999999999,11.16,1.0,0.29999694814903677,12.69,0.014384549397428524,4.69525,-51.827274,0.6,0.0,0.5
0.08558116073245149,0.21880492932151813,0.5114428678469791,-1.44,10.26,1.0,-5.193334757530468,12.695,0.014384549397428524,4.69525,-51.827274,0.6,0.0,0.5
0.10430473697204082,0.20639426900553837,0.51333593655747,-0.54,9.9,1.0,0.5441450239570074,12.700000000000001,0.0008461102619207798,5.1851416,-73.62848,0.6,0.0,0.5
0.12235342000424532,0.19255794507198612,0.5143917183631594,1.6199999999999999,6.84,1.0,-0.6918546098208438,12.705,0.0008461102619207798,5.1851416,-73.62848,0.6,0.0,0.5
0.13709636619300458,0.16169785790501878,0.511618844279024,4.5,1.7999999999999998,1.0,5.274513992736605,12.71,0.0008461102619207798,5.1851416,-73.62848,0.6,0.0,0.5
0.15606659492069644,0.13779263251754512,0.5075856930228004,7.199999999999999,-0.8999999999999999,1.0,0.9714041566210128,12.715,0.0008461102619207798,5.1851416,-73.62848,0.6,0.0,0.5
0.17914639925897813,0.13373224691022584,0.5059953781252995,9.0,0.36,1.0,0.4983672597430129,12.72,0.0,2.535048,-90.22696,0.6,0.0,0.5
0.19678084016534272,0.11981896771389687,0.5034700174181541,11.7,0.36,1.0,-0.41718802453687687,12.725,0.0,2.535048,-90.22696,0.6,0.0,0.5
0.21270165892936932,0.0945414384403312,0.5022014985304345,14.219999999999999,-0.72,1.0,-0.2035584582049026,12.73,0.0,2.535048,-90.22696,0.6,0.0,0.5
0.2321859610729785,0.09514400368219275,0.5023440200741824,16.56,-0.36,1.0,-0.005188146610926481,12.735,0.0,2.535048,-90.22696,0.6,0.0,0.5
0.24842124786649877,0.07872622925366195,0.5013971822593634,18.9,-0.36,1.0,0.2847376934110386,12.74,0.0,-4.125322,-87.65422,0.0,0.0,0.5
0.26165702746179553,0.07441681985798936,0.5008518760754858,21.419999999999998,-0.36,1.0,-0.12726218451491178,12.745000000000001,0.0,-4.125322,-87.65422,0.0,0.0,0.5
0.2792315084190563,0.06508655457374662,0.5010491834730997,23.939999999999998,-0.36,1.0,0.025330362865069844,12.75,0.0,-4.125322,-87.65422,0.0,0.0,0.5
0.29475278754803547,0.0544092629794951,0.5003841704758044,26.279999999999998,-0.36,1.0,0.04058961760306801,12.755,0.0,-4.125322,-87.65422,0.0,0.0,0.5
0.30659184441678883,0.035724763548869415,0.5005444457205254,28.799999999999997,-0.36,1.0,0.22370067445904596,12.76,0.0,-6.6816883,83.81861,0.0,0.6,0.5
0.32103757588354886,0.030474712707350526,0.5004959151662758,31.32,-0.36,1.0,-0.035706656086922806,12.765,0.0,-6.6816883,83.81861,0.0,0.6,0.5
0.33540045317355827,0.03328388399800906,0.5000544573704973,33.839999999999996,-0.36,1.0,0.23895992919704412,12.77,0.0,-6.6816883,83.81861,0.0,0.6,0.5
0.34640718369547063,0.016570521219252368,0.49972025347475024,36.18,-0.36,1.0,-0.26459547715689524,12.775,0.0,-6.6816883,83.81861,0.0,0.6,0.5
0.3584459107748768,0.02023829186555198,0.5001046227254726,38.699999999999996,-0.36,1.0,0.23895992919704412,12.780000000000001,0.0,-7.339782,88.028275,0.0,0.6,0.5
0.3709913770726715,0.02531161945595339,0.499392804476564,41.22,-0.36,1.0,-0.035706656086922806,12.785,0.0,-7.339782,88.028275,0.0,0.6,0.5
0.3806935250093228,0.02043528699727808,0.4995036079836178,43.559999999999995,-0.36,1.0,0.04058961760306801,12.790000000000001,0.0,-7.339782,88.028275,0.0,0.6,0.5
0.3902101443851477,0.013763624589602843,0.49948062575047153,45.9,-0.36,1.0,0.04058961760306801,12.795,0.0,-7.339782,88.028275,0.0,0.6,0.5
0.40086148191389875,0.0069993386396017,0.49890433867168504,48.42,-0.36,1.0,0.29999694814903677,12.8,0.0,-8.23269,96.12413,0.0,0.6,0.5
0.40850110160381053,0.0010521786224424064,0.4990956434903556,50.58,-0.36,1.0,-0.06622516556291913,12.805,0.0,-8.23269,96.12413,0.0,0.6,0.5
0.41689034115210055,0.008024422464211532,0.49869596935795846,52.919999999999995,-0.36,1.0,0.2542191839350423,12.81,0.0,-8.23269,96.12413,0.0,0.6,0.5
0.4251744500558304,-0.0046559180185864885,0.49814667191679146,55.26,-0.36,1.0,0.1626636555070533,12.815,0.0,-8.23269,96.12413,0.0,0.6,0.5
0.4316105997536631,-0.0014425739890763763,0.498006961882714,57.419999999999995,-0.36,1.0,0.14740440076905514,12.82,0.000738821179216939,-8.207679,95.57242,0.0,0.6,0.5
0.4339244092218246,0.0007885072132398094,0.4982412840182264,59.4,-0.36,1.0,-0.24933622241889708,12.825000000000001,0.000738821179216939,-8.207679,95.57242,0.0,0.6,0.5
0.4338291751780913,0.006349524887629159,0.4987794863849622,61.559999999999995,-0.36,1.0,0.4525894955290184,12.83,0.000738821179216939,-8.207679,95.57242,0.0,0.6,0.5
0.4333673334144537,0.009803998985809335,0.4990332181787394,63.36,-0.36,1.0,0.05584887234106617,12.835,0.000738821179216939,-8.207679,95.57242,0.0,0.6,0.5
0.4316087429117034,0.002606023540579372,0.49909444445486173,65.16,-0.36,1.0,0.26947843867304044,12.84,0.012909488315285387,-8.291748,89.75571,0.0,0.6,0.5
0.4293469142645191,0.002738914995266605,0.49915375921845323,66.96,-0.36,1.0,-0.020447401348924643,12.845,0.012909488315285387,-8.291748,89.75571,0.0,0.6,0.5
0.4271950660418317,0.0005418031668138906,0.4993530277445416,68.39999999999999,-0.36,1.0,0.04058961760306801,12.85,0.012909488315285387,-8.291748,89.75571,0.0,0.6,0.5
0.4224686951494766,0.006987666175605506,0.4993150120330098,69.84,-0.36,1.0,-0.06622516556291913,12.855,0.012909488315285387,-8.291748,89.75571,0.0,0.6,0.5
0.4089400873161337,0.01748244701224071,0.499661994507528,71.1,-0.36,1.0,0.14740440076905514,12.86,0.11894063494752502,-8.188186,59.06867,0.0,0.6,0.5
0.38749658608551,0.03171138291679944,0.5001407435596147,72.36,-0.36,1.0,0.05584887234106617,12.865,0.11894063494752502,-8.188186,59.06867,0.0,0.6,0.5
0.3604253284465308,0.037818210292479906,0.5005672967114237,73.08,-0.36,1.0,-0.035706656086922806,12.870000000000001,0.11894063494752502,-8.188186,59.06867,0.0,0.6,0.5
0.3307624533907175,0.07126029680108155,0.5011271755611456,73.8,-0.36,1.0,-0.005188146610926481,12.875,0.11894063494752502,-8.188186,59.06867,0.0,0.6,0.5
0.3011592372286652,0.08799687342225418,0.5014707197970613,74.16,-0.36,1.0,0.26947843867304044,12.88,0.5778338877796195,-4.1885214,-91.94944,0.0,0.0,0.5
0.2716968957340056,0.10828549197919042,0.5017365480735289,74.16,-0.36,1.0,-0.21881771294290076,12.885,0.5778338877796195,-4.1885214,-91.94944,0.0,0.0,0.5
0.24363455959819239,0.1251770483475186,0.5022389811990294,74.16,-0.36,1.0,0.1626636555070533,12.89,0.5778338877796195,-4.1885214,-91.94944,0.0,0.0,0.5
0.21679562349436557,0.14208204585094833,0.5025983616870991,73.61999999999999,-0.36,1.0,-0.005188146610926481,12.895,0.5778338877796195,-4.1885214,-91.94944,0.0,0.0,0.5
0.19262883804587227,0.1520659403225522,0.5026882983373585,72.89999999999999,-0.36,1.0,0.04058961760306801,12.9,1.4802235006600384,6.0850716,-114.6266,0.6,0.0,0.5
0.1693237819685576,0.16192131887724112,0.5034109307723329,71.82,-0.36,1.0,-0.05096591082492097,12.905000000000001,1.4802235006600384,6.0850716,-114.6266,0.6,0.0,0.5
0.14960276988979287,0.1876017042604785,0.5038889548725447,70.56,-0.36,1.0,0.10162663655506066,12.91,1.4802235006600384,6.0850716,-114.6266,0.6,0.0,0.5
0.1320865998143985,0.19760966549388545,0.5038782517362111,68.94,-0.36,1.0,-0.005188146610926481,12.915000000000001,1.4802235006600384,6.0850716,-114.6266,0.6,0.0,0.5
0.11496087438586841,0.2122849278587003,0.5041696442789524,67.32,-0.36,1.0,-0.020447401348924643,12.92,1.9994157715623355,6.736057,-107.50142,0.6,0.0,0.5
0.11573573344055978,0.23391635043151404,0.5041764478808521,65.16,-0.36,1.0,-0.14252143925290994,12.925,1.9994157715623355,6.736057,-107.50142,0.6,0.0,0.5
0.10262606447256906,0.24797819958691697,0.5043833844351692,62.82,-0.36,1.0,0.2847376934110386,12.93,1.9994157715623355,6.736057,-107.50142,0.6,0.0,0.5
0.09703988843478546,0.26392976733226514,0.5042263828690378,60.3,-0.36,1.0,-0.12726218451491178,12.935,1.9994157715623355,6.736057,-107.50142,0.6,0.0,0.5
0.07332849720188216,0.2816790845613044,0.5046975166842258,57.599999999999994,-0.36,1.0,-0.005188146610926481,12.94,1.4240671346542675,6.7961016,-86.18468,0.6,0.0,0.5
0.06108820396726987,0.29525551474502476,0.5047997093799433,54.72,-0.36,1.0,-0.11200292977691362,12.945,1.4240671346542675,6.7961016,-86.18468,0.6,0.0,0.5
0.04865982360793687,0.30824805753730705,0.5048738536148225,51.66,-0.36,1.0,0.1626636555070533,12.950000000000001,1.4240671346542675,6.7961016,-86.18468,0.6,0.0,0.5
0.039715244180145486,0.32926421111762944,0.504887680364063,48.42,-0.36,1.0,0.04058961760306801,12.955,1.4240671346542675,6.7961016,-86.18468,0.6,0.0,0.5
0.04577103315161455,0.3371885954483686,0.5048308717775103,45.0,-0.36,1.0,0.0863673818170625,12.96,0.5348221005791964,4.048562,-69.10914,0.6,0.0,0.5
0.031563736257874994,0.3404140182937073,0.5051514140666183,41.58,-0.36,1.0,-0.005188146610926481,12.965,0.5348221005791964,4.048562,-69.10914,0.6,0.0,0.5
0.015786536533737534,0.34300181610129055,0.5049588717219714,37.98,-0.36,1.0,0.05584887234106617,12.97,0.5348221005791964,4.048562,-69.10914,0.6,0.0,0.5
0.023689209863016206,0.33974612143869437,0.5046186560451835,34.379999999999995,-0.36,1.0,-0.06622516556291913,12.975,0.5348221005791964,4.048562,-69.10914,0.6,0.0,0.5
0.0119703830921186,0.3433721502904196,0.5047747546436806,30.779999999999998,-0.36,1.0,0.11688589129305882,12.98,0.10591068055804817,2.6509314,-97.54827,0.6,0.0,0.5
0.01595830461060936,0.32924805914566013,0.504428413420223,27.0,-0.36,1.0,0.010071108127071682,12.985,0.10591068055804817,2.6509314,-97.54827,0.6,0.0,0.5
0.024979411723980268,0.3078482784277084,0.5046226847026556,23.22,-0.36,1.0,0.07110812707906433,12.99,0.10591068055804817,2.6509314,-97.54827,0.6,0.0,0.5
0.026006031959725968,0.2866783462104023,0.5048944474390199,19.259999999999998,-0.36,1.0,-0.3256324961088879,12.995000000000001,0.10591068055804817,2.6509314,-97.54827,0.6,0.0,0.5
0.034516212163776976,0.26566687733861577,0.5047284397065431,15.299999999999999,-0.36,1.0,0.025330362865069844,13.0,0.01105914885392509,3.1689487,-10.944067,0.6,0.0,0.5
0.05996171837755451,0.24147135642183568,0.50438996914591,11.34,-0.36,1.0,0.19318216498304963,13.005,0.01105914885392509,3.1689487,-10.944067,0.6,0.0,0.5
0.07675485357348559,0.22379898366388165,0.5040601609030639,7.38,-0.36,1.0,-0.06622516556291913,13.01,0.01105914885392509,3.1689487,-10.944067,0.6,0.0,0.5
0.09620690419433167,0.19544712901966554,0.5035763479786537,3.5999999999999996,3.42,1.0,10.46266060365609,13.015,0.01105914885392509,3.1689487,-10.944067,0.6,0.0,0.5
0.12148981675901405,0.1726161781232363,0.5061961523277361,0.8999999999999999,8.459999999999999,1.0,4.343699453718662,13.02,0.0,5.018157,-64.311325,0.6,0.0,0.5
0.14455505171461397,0.14663792292745767,0.5090789951057147,-0.0,9.719999999999999,1.0,-0.6460768456068493,13.025,0.0,5.018157,-64.311325,0.6,0.0,0.5
0.15895169782892227,0.1215554672443263,0.5109959780740705,0.36,7.739999999999999,1.0,11.820734275337983,13.030000000000001,0.0,5.018157,-64.311325,0.6,0.0,0.5
0.1769636425601101,0.10878320180616483,0.5123561631535066,2.16,6.3,1.0,2.329477828302849,13.035,0.0,5.018157,-64.311325,0.6,0.0,0.5
0.19697884714388655,0.0971322618643388,0.5112632757287853,5.04,2.34,1.0,-0.3714102603228824,13.040000000000001,0.0,5.3904166,-126.36289,0.6,0.0,0.5
0.2108686304256704,0.1027415475339273,0.5064830486362912,7.38,-1.08,1.0,0.5746635334330037,13.045,0.0,5.3904166,-126.36289,0.6,0.0,0.5
0.22723808869123305,0.09061133558968529,0.5054385889913433,8.459999999999999,0.8999999999999999,1.0,-0.38666951506088054,13.05,0.0,5.3904166,-126.36289,0.6,0.0,0.5
0.2471812790425573,0.08553739086055973,0.5043631551070621,10.62,1.44,1.0,-0.3256324961088879,13.055,0.0,5.3904166,-126.36289,0.6,0.0,0.5
0.2616594187940336,0.08166363891231411,0.5027530199157259,13.5,-0.54,1.0,-0.46296578875087135,13.06,0.0,5.8832607,-117.56081,0.6,0.0,0.5
0.2750073062918263,0.07792560302087578,0.5027090613919836,15.299999999999999,-0.36,1.0,0.1626636555070533,13.065,0.0,5.8832607,-117.56081,0.6,0.0,0.5
0.29228115107164215,0.05148333463252426,0.5025640699289387,18.0,-0.36,1.0,-0.005188146610926481,13.07,0.0,5.8832607,-117.56081,0.6,0.0,0.5
0.3063551819056022,0.047404358850429026,0.5014323274817404,20.34,-0.36,1.0,0.2084414197210478,13.075000000000001,0.0,5.8832607,-117.56081,0.6,0.0,0.5
0.3188657907060703,0.04054892692140408,0.5013134780027808,23.04,-0.36,1.0,0.04058961760306801,13.08,0.0,1.2844669,3.616881,0.6,0.6,0.5
0.3333538743927493,0.04386339611051313,0.501309622161706,25.74,-0.36,1.0,-0.12726218451491178,13.085,0.0,1.2844669,3.616881,0.6,0.6,0.5
0.34652991982638476,0.03753620004698487,0.5003335698813024,28.439999999999998,-0.36,1.0,0.07110812707906433,13.09,0.0,1.2844669,3.616881,0.6,0.6,0.5
0.3561621121531976,0.03283693337324557,0.5008930067744586,31.32,-0.36,1.0,0.0863673818170625,13.095,0.0,1.2844669,3.616881,0.6,0.6,0.5
0.367911083678403,0.02647807950884224,0.5012213771697862,34.199999999999996,-0.36,1.0,0.05584887234106617,13.1,0.0,1.3285261,-76.127556,0.6,0.0,0.5
0.37918955161778284,0.007913131397149473,0.5003224591357283,37.26,-0.36,1.0,0.14740440076905514,13.105,0.0,1.3285261,-76.127556,0.6,0.0,0.5
0.38857370579594974,0.0035189309220195353,0.5001536736889036,40.14,-0.36,1.0,0.07110812707906433,13.11,0.0,1.3285261,-76.127556,0.6,0.0,0.5
0.39778136556212357,0.006381247733223551,0.5001139733896774,43.199999999999996,-0.36,1.0,-0.05096591082492097,13.115,0.0,1.3285261,-76.127556,0.6,0.0,0.5
0.4066400219932661,-0.016860657003425095,0.49963426378406656,46.08,-0.36,1.0,0.19318216498304963,13.120000000000001,0.0,-0.191619,-5.97004,0.24251430183649061,0.0,0.5
0.4141279999679494,-0.022062530493513588,0.4994542899543709,49.14,-0.36,1.0,0.10162663655506066,13.125,0.0,-0.191619,-5.97004,0.24251430183649061,0.0,0.5
0.42150025359313054,-0.029205739993918813,0.4995356656039262,52.019999999999996,-0.36,1.0,-0.17303994872890627,13.13,0.0,-0.191619,-5.97004,0.24251430183649061,0.0,0.5
0.4288075919831981,-0.021623733008850347,0.4990068020747625,54.9,-0.36,1.0,-0.005188146610926481,13.135,0.0,-0.191619,-5.97004,0.24251430183649061,0.0,0.5
0.43486622914952633,-0.01573631234433247,0.4990874384959674,57.78,-0.36,1.0,-0.14252143925290994,13.14,0.0,-0.7136328,25.603216,0.08591015338897705,0.6,0.5
0.4413305556434235,0.0018631234918666678,0.4988830591117303,60.48,-0.36,1.0,0.025330362865069844,13.145,0.0,-0.7136328,25.603216,0.08591015338897705,0.6,0.5
0.44692453437203195,-0.005883111444615874,0.49896871000873666,63.0,-0.36,1.0,-0.1577806939909081,13.15,0.0,-0.7136328,25.603216,0.08591015338897705,0.6,0.5
0.4522309700408962,-0.015247038307858644,0.49887385386481586,65.7,-0.36,1.0,0.1626636555070533,13.155000000000001,0.0,-0.7136328,25.603216,0.08591015338897705,0.6,0.5
0.45735592429335736,-0.006981305028012981,0.49879417363036777,68.03999999999999,-0.36,1.0,-0.08148442030091729,13.16,0.0,3.929017,-55.006702,0.6,0.0,0.5
0.46252859091613546,0.007816133700371774,0.49883283524555466,70.38,-0.36,1.0,0.23895992919704412,13.165000000000001,0.0,3.929017,-55.006702,0.6,0.0,0.5
0.46700942785942584,0.017089827151109325,0.49902157002688263,72.53999999999999,-0.36,1.0,0.07110812707906433,13.17,0.0,3.929017,-55.006702,0.6,0.0,0.5
0.4706291537478956,0.026825729238352743,0.49942234217921966,74.34,-0.36,1.0,0.17792291024505147,13.175,0.0,3.929017,-55.006702,0.6,0.0,0.5
0.47473498437120953,0.060202748409088694,0.49917795680331606,75.96,-0.36,1.0,0.04058961760306801,13.18,0.0,3.601406,-70.85076,0.6,0.0,0.5
0.4770152065831494,0.06583482474120758,0.4996492789743641,77.22,-0.36,1.0,0.26947843867304044,13.185,0.0,3.601406,-70.85076,0.6,0.0,0.5
0.4786544671251333,0.09206035690201309,0.4999913820805412,78.11999999999999,-0.18,1.0,-0.1577806939909081,13.19,0.0,3.601406,-70.85076,0.6,0.0,0.5
0.4798164417732339,0.07657259817984662,0.5003506486082239,78.66,-0.18,1.0,0.2542191839350423,13.195,0.0,3.601406,-70.85076,0.6,0.0,0.5
0.48114308111193005,0.08183547763325492,0.5003639073516766,78.66,-0.18,1.0,-0.020447401348924643,13.200000000000001,0.0,5.174733,-28.65687,0.6,0.0,0.5
0.4812384192603788,0.09296930281765428,0.5003474117291202,78.48,-0.18,1.0,0.07110812707906433,13.205,0.0,5.174733,-28.65687,0.6,0.0,0.5
0.4797596199607216,0.08628030923254024,0.5003949437897649,78.11999999999999,-0.36,1.0,-0.06622516556291913,13.21,0.0,5.174733,-28.65687,0.6,0.0,0.5
0.4790242146695822,0.08547949769965957,0.5005680738643845,77.39999999999999,-0.36,1.0,0.11688589129305882,13.215,0.0,5.174733,-28.65687,0.6,0.0,0.5
0.4780384484292964,0.07314026399875334,0.5009647625178631,76.5,-0.36,1.0,-0.17303994872890627,13.22,0.0,5.0629454,-92.17291,0.6,0.0,0.5
0.4761066234923633,0.06763910437662088,0.5013222117643495,75.42,-0.36,1.0,0.11688589129305882,13.225,0.0,5.0629454,-92.17291,0.6,0.0,0.5
0.4757112804459817,0.07575358665716658,0.5014899662864454,74.16,-0.36,1.0,-0.14252143925290994,13.23,0.0,5.0629454,-92.17291,0.6,0.0,0.5
0.47584380619245814,0.09506683724071567,0.5015909257203008,72.89999999999999,-0.36,1.0,-0.005188146610926481,13.235,0.0,5.0629454,-92.17291,0.6,0.0,0.5
0.4757547512219202,0.10768799226168484,0.5020149482817591,71.64,-0.36,1.0,-0.005188146610926481,13.24,0.0,3.4600694,-28.548801,0.6,0.0,0.5
0.47659294474769187,0.12912191285853403,0.5022334039513116,70.38,-0.36,1.0,-0.020447401348924643,13.245000000000001,0.0,3.4600694,-28.548801,0.6,0.0,0.5
0.4770651998938921,0.12349616064873584,0.5023932952526937,68.94,-0.36,1.0,0.04058961760306801,13.25,0.0,3.4600694,-28.548801,0.6,0.0,0.5
0.47779848930793406,0.12039341170957164,0.5029018197001032,67.5,-0.36,1.0,0.29999694814903677,13.255,0.0,3.4600694,-28.548801,0.6,0.0,0.5
0.47889306275578775,0.11478023750508672,0.5031563045146225,66.06,-0.36,1.0,-0.17303994872890627,13.26,0.0,5.0808716,-84.11321,0.6,0.0,0.5
0.47933833233503015,0.12625762610110647,0.5034443831082123,64.8,-0.36,1.0,0.11688589129305882,13.265,0.0,5.0808716,-84.11321,0.6,0.0,0.5
0.480505937293417,0.11957758942867235,0.503973863634164,63.54,-0.36,1.0,-0.08148442030091729,13.27,0.0,5.0808716,-84.11321,0.6,0.0,0.5
0.48131650752422483,0.1111806881894945,0.5046833266427303,62.28,-0.36,1.0,0.010071108127071682,13.275,0.0,5.0808716,-84.11321,0.6,0.0,0.5
0.48233331216554176,0.08913157202590723,0.5046382128365977,61.199999999999996,-0.36,1.0,-0.09674367503891546,13.280000000000001,0.0,5.3448524,-83.35348,0.6,0.0,0.5
0.48340214153273625,0.0824000573444652,0.5052541789503684,60.3,-0.36,1.0,0.025330362865069844,13.285,0.0,5.3448524,-83.35348,0.6,0.0,0.5
0.48525282779479234,0.07346013334837814,0.5050967407723437,59.4,-0.36,1.0,0.010071108127071682,13.290000000000001,0.0,5.3448524,-83.35348,0.6,0.0,0.5
0.4858088509884259,0.06398209410914452,0.5053764015255273,58.68,-0.36,1.0,0.19318216498304963,13.295,0.0,5.3448524,-83.35348,0.6,0.0,0.5
0.4869559505851387,0.06124519095290745,0.505561993434651,58.14,-0.36,1.0,-0.08148442030091729,13.3,0.0,6.0778694,-71.81726,0.6,0.0,0.5
0.4884648957129366,0.054202817356702473,0.5053485924819558,57.599999999999994,-0.36,1.0,0.11688589129305882,13.305,0.0,6.0778694,-71.81726,0.6,0.0,0.5
0.4889480458126699,0.05227635414758665,0.5051734618123972,57.419999999999995,-0.36,1.0,0.05584887234106617,13.31,0.0,6.0778694,-71.81726,0.6,0.0,0.5
0.48947217286651856,0.05137412511380526,0.5051716541769278,57.239999999999995,-0.36,1.0,-0.14252143925290994,13.315,0.0,6.0778694,-71.81726,0.6,0.0,0.5
0.49018908598908756,0.04301314132223337,0.504911001685396,57.239999999999995,-0.36,1.0,-0.1577806939909081,13.32,0.0,6.7658362,-77.70314,0.6,0.0,0.5
0.4896757907556112,0.027985124948611436,0.5051024807007404,57.419999999999995,-0.36,1.0,-0.035706656086922806,13.325000000000001,0.0,6.7658362,-77.70314,0.6,0.0,0.5
0.49058485057552,0.022942059832498588,0.504250937934025,57.78,-0.36,1.0,-0.08148442030091729,13.33,0.0,6.7658362,-77.70314,0.6,0.0,0.5
0.4905000372557199,0.016334272172798637,0.5040934128841361,58.14,-0.36,1.0,0.2542191839350423,13.335,0.0,6.7658362,-77.70314,0.6,0.0,0.5
0.4894679381072571,0.010989064443066998,0.5043261535394249,58.5,-0.36,1.0,-0.005188146610926481,13.34,0.0,6.5341797,-80.3192,0.6,0.0,0.5
0.4892059997558944,0.012808742456376277,0.5037752472173627,59.04,-0.36,1.0,0.19318216498304963,13.345,0.0,6.5341797,-80.3192,0.6,0.0,0.5
0.48898833376042616,0.026276813876508757,0.5036745717433582,59.58,-0.36,1.0,-0.08148442030091729,13.35,0.0,6.5341797,-80.3192,0.6,0.0,0.5
0.48880841710050643,0.023779804258203793,0.5035475017323789,60.3,-0.36,1.0,0.2084414197210478,13.355,0.0,6.5341797,-80.3192,0.6,0.0,0.5
0.48831617008562234,0.006544927555481313,0.5036406312525105,60.839999999999996,-0.36,1.0,-0.12726218451491178,13.36,0.0,6.269375,-82.75774,0.6,0.0,0.5
0.48834849731676816,0.01191375774585291,0.503794564310574,61.559999999999995,-0.36,1.0,0.11688589129305882,13.365,0.0,6.269375,-82.75774,0.6,0.0,0.5
0.49155701155995396,0.018744209015273412,0.5034021080889491,62.28,-0.36,1.0,-0.09674367503891546,13.370000000000001,0.0,6.269375,-82.75774,0.6,0.0,0.5
0.49455242426850393,-0.006950144369411981,0.503323820546952,63.0,-0.36,1.0,0.04058961760306801,13.375,0.0,6.269375,-82.75774,0.6,0.0,0.5
0.4980744479474387,-0.020080524074906497,0.5026191411980412,63.72,-0.36,1.0,0.14740440076905514,13.38,0.0,6.734421,-86.384964,0.6,0.0,0.5
0.5024998859627334,0.0010016079874656818,0.5021317774215274,64.25999999999999,-0.36,1.0,0.025330362865069844,13.385,0.0,6.734421,-86.384964,0.6,0.0,0.5
0.5050252870453553,-0.008836689180776581,0.5030879436906301,64.98,-0.36,1.0,0.025330362865069844,13.39,0.0,6.734421,-86.384964,0.6,0.0,0.5
0.5076074318740637,-0.027774330319140894,0.5029018979777327,65.7,-0.36,1.0,0.11688589129305882,13.395,0.0,6.734421,-86.384964,0.6,0.0,0.5
0.5115628649574632,-0.012736327144708673,0.5025786132264799,66.42,-0.36,1.0,0.05584887234106617,13.4,0.0,7.0438714,-77.84921,0.6,0.0,0.5
0.5157841756209046,-0.009392571380301895,0.5018273038982792,67.14,-0.36,1.0,0.3305154576250331,13.405000000000001,0.0,7.0438714,-77.84921,0.6,0.0,0.5
0.517961981544141,0.00814801046735519,0.5021112962374752,67.67999999999999,-0.36,1.0,-0.14252143925290994,13.41,0.0,7.0438714,-77.84921,0.6,0.0,0.5
0.5206332327977442,-0.006501188318388634,0.501768739706514,68.22,-0.36,1.0,0.2847376934110386,13.415000000000001,0.0,7.0438714,-77.84921,0.6,0.0,0.5
0.5225102129654081,-0.0022512807908974287,0.5023781574304153,68.75999999999999,-0.36,1.0,-0.11200292977691362,13.42,0.0,-5.6358204,-59.209328,0.0,0.0,0.5
0.5244702905396521,-0.02113686840754756,0.5019953934037185,69.3,-0.36,1.0,0.025330362865069844,13.425,0.0,-5.6358204,-59.209328,0.0,0.0,0.5
0.5275641129578996,0.002110403605430804,0.5012487750796979,69.84,-0.36,1.0,-0.08148442030091729,13.43,0.0,-5.6358204,-59.209328,0.0,0.0,0.5
0.5287177961941507,0.002882511606055427,0.5016895834013458,70.2,-0.36,1.0,0.26947843867304044,13.435,0.0,-5.6358204,-59.209328,0.0,0.0,0.5
0.5293164828031547,-0.01617482510709754,0.5022723310635056,70.38,-0.36,1.0,-0.17303994872890627,13.44,0.0,-6.838217,-75.52198,0.0,0.0,0.5
0.5302950683996264,-0.029018736361885927,0.5024373444354506,70.74,-0.36,1.0,0.1626636555070533,13.445,0.0,-6.838217,-75.52198,0.0,0.0,0.5
0.5329627011522534,-0.026596723950196594,0.5016154687797659,70.92,-0.36,1.0,-0.08148442030091729,13.450000000000001,0.0,-6.838217,-75.52198,0.0,0.0,0.5
0.5345777108045598,0.0001289814860318135,0.5016278636689653,70.92,-0.36,1.0,0.22370067445904596,13.455,0.0,-6.838217,-75.52198,0.0,0.0,0.5
0.5360994774561889,0.019809590192967557,0.501585152208579,70.92,-0.36,1.0,-0.020447401348924643,13.46,0.0,-5.79966,-87.98092,0.0,0.0,0.5
0.5372267185118936,0.01960590574681109,0.5019704451448501,70.92,-0.36,1.0,0.34577471236303126,13.465,0.0,-5.79966,-87.98092,0.0,0.0,0.5
0.5375721733999641,-0.005207249439464557,0.5026543679466671,70.92,-0.36,1.0,-0.06622516556291913,13.47,0.0,-5.79966,-87.98092,0.0,0.0,0.5
0.5393105325281181,-0.01902911634320192,0.5020352309805746,70.74,-0.36,1.0,-0.05096591082492097,13.475,0.0,-5.79966,-87.98092,0.0,0.0,0.5
0.5411101629732139,0.00279075416316727,0.501770885763467,70.74,-0.36,1.0,-0.020447401348924643,13.48,0.0,-6.038749,-77.055176,0.0,0.0,0.5
0.5417274930348375,0.021626253668522367,0.5023247324347535,70.74,-0.36,1.0,0.07110812707906433,13.485,0.0,-6.038749,-77.055176,0.0,0.0,0.5
0.5412267747415166,0.01815476722882042,0.5032590443905641,70.74,-0.36,1.0,0.010071108127071682,13.49,0.0,-6.038749,-77.055176,0.0,0.0,0.5
0.5393811643446245,0.01046101273996715,0.5042296478961947,70.74,-0.36,1.0,-0.005188146610926481,13.495000000000001,0.0,-6.038749,-77.055176,0.0,0.0,0.5
0.5393274425765954,0.013550231494124525,0.5042532686193489,70.74,-0.36,1.0,0.0863673818170625,13.5,0.0,-4.466029,-2.5208135,0.0,0.0,0.5
0.5399260374971053,0.023318307278067524,0.503971926189139,70.74,-0.36,1.0,0.14740440076905514,13.505,0.0,-4.466029,-2.5208135,0.0,0.0,0.5
0.5370941018666505,0.020132476341441212,0.5047914861684312,70.74,-0.36,1.0,-0.3561510055848842,13.51,0.0,-4.466029,-2.5208135,0.0,0.0,0.5
0.5340509746468597,0.010254492445534197,0.5055081310123951,70.74,-0.36,1.0,0.11688589129305882,13.515,0.0,-4.466029,-2.5208135,0.0,0.0,0.5
0.528432876157412,0.02291681752145465,0.505633583121928,70.74,-0.36,1.0,-0.020447401348924643,13.52,0.0,-7.0794992,93.86145,0.0,0.6,0.5
0.5096918360614475,0.03169646651400227,0.5054501987995564,70.74,-0.36,1.0,0.19318216498304963,13.525,0.0,-7.0794992,93.86145,0.0,0.6,0.5
0.48042266287378177,0.029202131270909575,0.5053910164727861,70.56,-0.36,1.0,-0.1577806939909081,13.530000000000001,0.0,-7.0794992,93.86145,0.0,0.6,0.5
0.44716100145849547,0.03204669181841857,0.50537352877696,70.38,-0.36,1.0,0.1626636555070533,13.535,0.0,-7.0794992,93.86145,0.0,0.6,0.5
0.4129942319726694,0.03715294121269058,0.5046558864177675,70.2,-0.36,1.0,0.07110812707906433,13.540000000000001,0.0,-7.9228745,80.41707,0.0,0.6,0.5
0.3794883183421773,0.04252807411086423,0.5036237080132117,69.84,-0.36,1.0,0.10162663655506066,13.545,0.0,-7.9228745,80.41707,0.0,0.6,0.5
0.3474149496879782,0.027351157402833875,0.5029294266492654,69.48,-0.36,1.0,-0.08148442030091729,13.55,0.0,-7.9228745,80.41707,0.0,0.6,0.5
0.3150314891556437,0.016677118718789345,0.5033198602391432,68.94,-0.36,1.0,0.025330362865069844,13.555,0.0,-7.9228745,80.41707,0.0,0.6,0.5
0.2847223621198367,-0.013619100911661285,0.5038232207184261,68.39999999999999,-0.36,1.0,-0.05096591082492097,13.56,0.0,-7.9810143,93.34214,0.0,0.6,0.5
0.2565807563614613,-0.02574374097160895,0.5034364722653127,67.67999999999999,-0.36,1.0,0.2542191839350423,13.565,0.0,-7.9810143,93.34214,0.0,0.6,0.5
0.23209005308041786,-0.008189073588502566,0.5021169225463978,66.96,-0.36,1.0,0.19318216498304963,13.57,0.0,-7.9810143,93.34214,0.0,0.6,0.5
0.20692321222009097,-0.0035573583390401376,0.5021027826802711,66.24,-0.36,1.0,0.29999694814903677,13.575000000000001,0.0,-7.9810143,93.34214,0.0,0.6,0.5
0.18373806770103254,0.004685462640736583,0.5027362702923999,65.34,-0.36,1.0,0.010071108127071682,13.58,0.0049052587779661655,-7.563857,84.92156,0.0,0.6,0.5
0.16410543551902154,0.012128841778544027,0.5018854871702193,64.44,-0.36,1.0,0.26947843867304044,13.585,0.0049052587779661655,-7.563857,84.92156,0.0,0.6,0.5
0.14290555091431373,0.0016689640086260402,0.5012841023848491,63.54,-0.36,1.0,-0.020447401348924643,13.59,0.0049052587779661655,-7.563857,84.92156,0.0,0.6,0.5
0.1220347621066632,0.012969759235452835,0.5008157654868544,62.46,-0.36,1.0,0.14740440076905514,13.595,0.0049052587779661655,-7.563857,84.92156,0.0,0.6,0.5
0.11233548925334647,-0.001792938558257,0.5010058856788706,61.379999999999995,-0.36,1.0,-0.005188146610926481,13.6,0.05705608793896623,-7.355114,74.154465,0.0,0.6,0.5
0.09699725754794211,-0.0034405680435301215,0.5012653733296548,60.12,-0.36,1.0,0.2847376934110386,13.605,0.05705608793896623,-7.355114,74.154465,0.0,0.6,0.5
0.08241115361311606,0.01526364044330587,0.5011082882771025,59.04,-0.36,1.0,0.025330362865069844,13.61,0.05705608793896623,-7.355114,74.154465,0.0,0.6,0.5
0.08092076514580802,0.025191433902876783,0.5009807819865686,57.599999999999994,-0.36,1.0,0.0863673818170625,13.615,0.05705608793896623,-7.355114,74.154465,0.0,0.6,0.5
0.07304757842808123,0.04558484461655274,0.501130805137719,56.339999999999996,-0.36,1.0,-0.12726218451491178,13.620000000000001,0.34994000177463336,-6.2380185,-62.54934,0.0,0.0,0.5
0.06281971948574434,0.06459045872709077,0.5012372113029622,54.9,-0.36,1.0,0.010071108127071682,13.625,0.34994000177463336,-6.2380185,-62.54934,0.0,0.0,0.5
0.05464485814345067,0.08004232206122591,0.500663105764495,53.28,-0.36,1.0,-0.2035584582049026,13.63,0.34994000177463336,-6.2380185,-62.54934,0.0,0.0,0.5
0.049465639529304745,0.10133415237690764,0.5008832844416241,51.66,-0.36,1.0,-0.09674367503891546,13.635,0.34994000177463336,-6.2380185,-62.54934,0.0,0.0,0.5
0.04531160785450582,0.11979270309381072,0.5006521928260464,50.04,-0.36,1.0,-0.18829920346690443,13.64,1.1317140825654206,6.2179594,-93.676315,0.6,0.0,0.5
0.02850998462380468,0.13254103534404435,0.5006786074822983,48.42,-0.36,1.0,0.0863673818170625,13.645,1.1317140825654206,6.2179594,-93.676315,0.6,0.0,0.5
0.02014672969773448,0.14798929962618806,0.5005344559348163,46.62,-0.36,1.0,0.025330362865069844,13.65,1.1317140825654206,6.2179594,-93.676315,0.6,0.0,0.5
0.014187326769323536,0.17526381262364227,0.5004962794588196,44.82,-0.36,1.0,-0.2035584582049026,13.655000000000001,1.1317140825654206,6.2179594,-93.676315,0.6,0.0,0.5
0.012115742734901387,0.1896693046034602,0.5003070246957192,42.839999999999996,-0.36,1.0,0.22370067445904596,13.66,1.929884784476401,5.757767,-86.44345,0.6,0.0,0.5
0.006638310516691804,0.20474968114067393,0.5001788565073718,40.86,-0.36,1.0,-0.14252143925290994,13.665000000000001,1.929884784476401,5.757767,-86.44345,0.6,0.0,0.5
0.00491199692673733,0.2118257106758465,0.5004145075223284,38.699999999999996,-0.36,1.0,-0.2035584582049026,13.67,1.929884784476401,5.757767,-86.44345,0.6,0.0,0.5
0.009419156518255348,0.2464409696192012,0.5002998850023788,36.54,-0.36,1.0,0.07110812707906433,13.675,1.929884784476401,5.757767,-86.44345,0.6,0.0,0.5
0.0033140214496189925,0.2581070600056623,0.5003122981416563,34.379999999999995,-0.36,1.0,0.05584887234106617,13.68,1.7353120225323018,4.925456,-101.035446,0.6,0.0,0.5
-0.0038766049391029817,0.2696590002547843,0.5005139072816671,32.22,-0.36,1.0,0.2847376934110386,13.685,1.7353120225323018,4.925456,-101.035446,0.6,0.0,0.5
-0.01417450227037071,0.28557022137399474,0.5007512085832696,29.88,-0.36,1.0,0.05584887234106617,13.69,1.7353120225323018,4.925456,-101.035446,0.6,0.0,0.5
-0.0065824599833917835,0.29699480944995993,0.5009714551606683,27.36,-0.36,1.0,-0.020447401348924643,13.695,1.7353120225323018,4.925456,-101.035446,0.6,0.0,0.5
-0.01390643587942738,0.294502806000154,0.5013884344326972,24.84,-0.36,1.0,-0.09674367503891546,13.700000000000001,0.8227640377139247,2.4059634,-69.7923,0.6,0.0,0.5
-0.010605549354609604,0.3007009110254164,0.501767614987346,22.32,-0.36,1.0,0.10162663655506066,13.705,0.8227640377139247,2.4059634,-69.7923,0.6,0.0,0.5
0.0036838000286273814,0.3108604600248562,0.5019463705190302,19.8,-0.36,1.0,-0.21881771294290076,13.71,0.8227640377139247,2.4059634,-69.7923,0.6,0.0,0.5
-0.00796290311794023,0.30569250082229726,0.5022954402155961,17.099999999999998,-0.36,1.0,-0.06622516556291913,13.715,0.8227640377139247,2.4059634,-69.7923,0.6,0.0,0.5
-0.016394581650240842,0.3036424259849106,0.5027631983254219,14.219999999999999,-0.36,1.0,-0.020447401348924643,13.72,0.20569538955271505,4.8773546,-70.352806,0.6,0.0,0.5
0.008025733582365559,0.2963129329294249,0.5028524102745061,11.52,-0.36,1.0,0.23895992919704412,13.725,0.20569538955271505,4.8773546,-70.352806,0.6,0.0,0.5
0.013896729257091341,0.2871041084879303,0.5030452857301143,8.64,-0.36,1.0,-0.1577806939909081,13.73,0.20569538955271505,4.8773546,-70.352806,0.6,0.0,0.5
0.040026568385482464,0.26358008873941313,0.502911019312906,5.76,-0.36,1.0,19.16043580431532,13.735,0.20569538955271505,4.8773546,-70.352806,0.6,0.0,0.5
0.057318901681169224,0.24241736129500874,0.5040182791994553,3.2399999999999998,4.5,1.0,3.534958952604759,13.74,0.027115982556810123,4.8416796,-72.24902,0.6,0.0,0.5
0.07239160195805024,0.23148185077054956,0.506750932110952,1.98,6.3,1.0,1.5054780724509484,13.745000000000001,0.027115982556810123,4.8416796,-72.24902,0.6,0.0,0.5
0.09285532491093268,0.21106130986117835,0.508321657822848,1.7999999999999998,5.22,1.0,12.400585955381914,13.75,0.027115982556810123,4.8416796,-72.24902,0.6,0.0,0.5
0.11678285489400064,0.182606982688108,0.5093362600522863,2.88,5.04,1.0,0.3762932218390276,13.755,0.027115982556810123,4.8416796,-72.24902,0.6,0.0,0.5
0.13123262196383578,0.170237041389147,0.5098185026536717,4.5,2.34,1.0,0.2542191839350423,13.76,0.0018848537838115132,0.62965333,-91.97955,0.4888960003852844,0.0,0.5
0.14409303818668842,0.13993414301776708,0.506960285159357,6.84,-0.72,1.0,2.100589007232877,13.765,0.0018848537838115132,0.62965333,-91.97955,0.4888960003852844,0.0,0.5
0.1665954672188668,0.11828815909991033,0.5057081247080017,8.1,0.0,1.0,0.29999694814903677,13.77,0.0018848537838115132,0.62965333,-91.97955,0.4888960003852844,0.0,0.5
0.18696541272845232,0.11330187250945496,0.5046081236714108,10.08,-0.36,1.0,-0.14252143925290994,13.775,0.0018848537838115132,0.62965333,-91.97955,0.4888960003852844,0.0,0.5
0.20187388128049058,0.0972353476805599,0.502886556562137,11.7,-0.36,1.0,-0.524002807702864,13.780000000000001,0.0,-6.000061,-74.36459,0.0,0.0,0.5
0.21992222895873295,0.0813805887877195,0.50283027161155,13.68,-0.36,1.0,0.3305154576250331,13.785,0.0,-6.000061,-74.36459,0.0,0.0,0.5
0.23896646719055625,0.05915588593875319,0.5028285668721058,15.66,-0.36,1.0,0.010071108127071682,13.790000000000001,0.0,-6.000061,-74.36459,0.0,0.0,0.5
0.2526365980537846,0.05366621048419619,0.5018032179143904,17.64,-0.36,1.0,-0.14252143925290994,13.795,0.0,-6.000061,-74.36459,0.0,0.0,0.5
0.26850134918493795,0.044027366320515085,0.5021027364142819,19.8,-0.36,1.0,-0.005188146610926481,13.8,0.0,-3.9542725,107.42407,0.0,0.6,0.5
0.2852253962119075,0.04707936440996548,0.5025382938166326,21.96,-0.36,1.0,-0.11200292977691362,13.805,0.0,-3.9542725,107.42407,0.0,0.6,0.5
0.2982452365795419,0.04837870740708833,0.5019355210508399,24.119999999999997,-0.36,1.0,0.2847376934110386,13.81,0.0,-3.9542725,107.42407,0.0,0.6,0.5
0.31129659614392297,0.025122766964034104,0.5018550200713506,26.459999999999997,-0.36,1.0,0.025330362865069844,13.815,0.0,-3.9542725,107.42407,0.0,0.6,0.5
0.32703529821398175,0.03267676916991797,0.5016217143030152,28.799999999999997,-0.36,1.0,0.1626636555070533,13.82,0.0,-7.9507723,87.899506,0.0,0.6,0.5
0.33896983075755704,0.023385125444235162,0.5011208357763489,31.14,-0.36,1.0,0.07110812707906433,13.825000000000001,0.0,-7.9507723,87.899506,0.0,0.6,0.5
0.34974727841099784,-0.0011559773765342982,0.5011534321030311,33.66,-0.36,1.0,0.11688589129305882,13.83,0.0,-7.9507723,87.899506,0.0,0.6,0.5
0.3633407625856532,-0.0012453366187753388,0.5004450392939412,36.18,-0.36,1.0,-0.09674367503891546,13.835,0.0,-7.9507723,87.899506,0.0,0.6,0.5
0.37426684890060624,0.0001996285910941881,0.5001451034112534,38.699999999999996,-0.36,1.0,0.07110812707906433,13.84,0.0,-7.1708703,77.40835,0.0,0.6,0.5
0.3831065105678585,-0.004757544528674924,0.5002805007570685,41.22,-0.36,1.0,0.05584887234106617,13.845,0.0,-7.1708703,77.40835,0.0,0.6,0.5
0.3927094709388719,-0.019549346939088524,0.5000762326570487,43.92,-0.36,1.0,-0.11200292977691362,13.85,0.0,-7.1708703,77.40835,0.0,0.6,0.5
0.4004951380112508,-0.03004774421434373,0.49949393190124064,46.44,-0.36,1.0,-0.17303994872890627,13.855,0.0,-7.1708703,77.40835,0.0,0.6,0.5
0.4062335019931145,-0.020350605805509087,0.5000736051654204,48.96,-0.36,1.0,0.11688589129305882,13.86,0.0013298340113914145,-6.850156,76.84206,0.0,0.6,0.5
0.4123508411766488,-0.014392471407830712,0.5001491822065086,51.48,-0.36,1.0,0.05584887234106617,13.865,0.0013298340113914145,-6.850156,76.84206,0.0,0.6,0.5
0.4173488982842215,-0.008055421181073509,0.49981469656138616,54.0,-0.36,1.0,-0.09674367503891546,13.870000000000001,0.0013298340113914145,-6.850156,76.84206,0.0,0.6,0.5
0.41824942356664335,-0.010192298673018614,0.49992442741213355,56.519999999999996,-0.36,1.0,0.1626636555070533,13.875,0.0013298340113914145,-6.850156,76.84206,0.0,0.6,0.5
0.41752553415714666,-0.0075018885824120725,0.4990971777946491,58.86,-0.36,1.0,0.11688589129305882,13.88,0.020597427670755005,-7.3732524,75.601974,0.0,0.6,0.5
0.41482764416504864,0.0020510245788782225,0.49932859628805004,61.019999999999996,-0.36,1.0,-0.005188146610926481,13.885,0.020597427670755005,-7.3732524,75.601974,0.0,0.6,0.5
0.4122263431282737,0.016004289608565463,0.49891782693419456,63.18,-0.36,1.0,0.23895992919704412,13.89,0.020597427670755005,-7.3732524,75.601974,0.0,0.6,0.5
0.40277558103898536,0.04155181748831161,0.49925252095258477,65.16,-0.36,1.0,-0.1577806939909081,13.895,0.020597427670755005,-7.3732524,75.601974,0.0,0.6,0.5
0.3852980561986429,0.0402506344665393,0.4993187256994829,67.14,-0.36,1.0,0.26947843867304044,13.9,0.16822094502548385,-6.176651,-61.72023,0.0,0.0,0.5
0.36168700118996555,0.06477418174345509,0.4991325335924151,68.75999999999999,-0.36,1.0,0.1626636555070533,13.905000000000001,0.16822094502548385,-6.176651,-61.72023,0.0,0.0,0.5
0.3344857781798566,0.0843971624662392,0.499135182478048,70.2,-0.36,1.0,-0.09674367503891546,13.91,0.16822094502548385,-6.176651,-61.72023,0.0,0.0,0.5
0.30481137258605595,0.10251764654336626,0.49915953402658836,71.46,-0.36,1.0,-0.1577806939909081,13.915000000000001,0.16822094502548385,-6.176651,-61.72023,0.0,0.0,0.5
0.2760166672854217,0.12313867048353296,0.4993429996483123,72.53999999999999,-0.36,1.0,0.19318216498304963,13.92,0.7244337614277216,7.070392,-109.263016,0.6,0.0,0.5
0.24762103442434572,0.13964032921362113,0.4992857644827121,73.08,-0.18,1.0,-0.020447401348924643,13.925,0.7244337614277216,7.070392,-109.263016,0.6,0.0,0.5
0.22117886502801104,0.16547768036802893,0.499460927924159,73.25999999999999,-0.18,1.0,0.2847376934110386,13.93,0.7244337614277216,7.070392,-109.263016,0.6,0.0,0.5
0.19547400772961993,0.1717489458616936,0.49981268471852874,73.25999999999999,-0.18,1.0,0.0863673818170625,13.935,0.7244337614277216,7.070392,-109.263016,0.6,0.0,0.5
0.17274765613546053,0.18806220748670927,0.5002196558030696,72.72,-0.18,1.0,0.22370067445904596,13.94,1.645011078203497,6.437915,-93.05375,0.6,0.0,0.5
0.15187781790118976,0.20952089969896126,0.5003940001116595,71.82,-0.36,1.0,-0.08148442030091729,13.945,1.645011078203497,6.437915,-93.05375,0.6,0.0,0.5
0.13305493035170388,0.2218296622670423,0.5004431369206053,70.74,-0.36,1.0,0.0863673818170625,13.950000000000001,1.645011078203497,6.437915,-93.05375,0.6,0.0,0.5
0.11504898136889599,0.23682871692598584,0.5009996336327027,69.12,-0.18,1.0,0.025330362865069844,13.955,1.645011078203497,6.437915,-93.05375,0.6,0.0,0.5
0.10599752641896282,0.25790613312024946,0.5009849206409163,67.32,-0.18,1.0,0.10162663655506066,13.96,1.9696565458287538,6.1837025,-67.94661,0.6,0.0,0.5
0.09127154668370607,0.27019105381208386,0.5012854272303386,65.16,-0.36,1.0,0.025330362865069844,13.965,1.9696565458287538,6.1837025,-67.94661,0.6,0.0,0.5
0.07139736357757921,0.28452673963686803,0.5013003500959631,62.64,-0.36,1.0,0.2542191839350423,13.97,1.9696565458287538,6.1837025,-67.94661,0.6,0.0,0.5
0.05895088884293676,0.3036813005552539,0.5014916992077636,59.94,-0.36,1.0,0.05584887234106617,13.975,1.9696565458287538,6.1837025,-67.94661,0.6,0.0,0.5
0.055020909452569745,0.31805133873285185,0.5017541464782848,56.879999999999995,-0.36,1.0,0.10162663655506066,13.98,1.243551317489867,6.597519,-74.803116,0.6,0.0,0.5
0.051388590548042304,0.32853515910272496,0.5017633480695055,53.64,-0.36,1.0,0.14740440076905514,13.985,1.243551317489867,6.597519,-74.803116,0.6,0.0,0.5
0.05044263092140028,0.3254979577493142,0.5017628342225713,50.4,-0.36,1.0,0.23895992919704412,13.99,1.243551317489867,6.597519,-74.803116,0.6,0.0,0.5
0.039126415490393515,0.3195501725975012,0.5024928082143463,46.98,-0.36,1.0,0.010071108127071682,13.995000000000001,1.243551317489867,6.597519,-74.803116,0.6,0.0,0.5
0.029044945092200056,0.32838496121079336,0.5026523495038608,43.559999999999995,-0.36,1.0,0.14740440076905514,14.0,0.41398866641741633,6.915053,-74.19083,0.6,0.0,0.5
0.02706196083083805,0.3083902139276789,0.5028812497185161,39.96,-0.36,1.0,-0.23407696768089892,14.005,0.41398866641741633,6.915053,-74.19083,0.6,0.0,0.5
0.03369853142990107,0.3017662489947739,0.503203470106399,36.36,-0.36,1.0,0.04058961760306801,14.01,0.41398866641741633,6.915053,-74.19083,0.6,0.0,0.5
0.05476698767712618,0.29158198345202596,0.5032972049259163,32.58,-0.36,1.0,-0.14252143925290994,14.015,0.41398866641741633,6.915053,-74.19083,0.6,0.0,0.5
0.06652245610588177,0.273308184020605,0.5037826929535263,28.799999999999997,-0.36,1.0,0.11688589129305882,14.02,0.07267160018816236,7.1633825,-87.27037,0.6,0.0,0.5
0.08629541563423754,0.2521934305570882,0.5044179672164019,25.02,-0.36,1.0,0.17792291024505147,14.025,0.07267160018816236,7.1633825,-87.27037,0.6,0.0,0.5
0.09810176743780545,0.240089676943143,0.5045034917868795,21.06,-0.36,1.0,-0.08148442030091729,14.030000000000001,0.07267160018816236,7.1633825,-87.27037,0.6,0.0,0.5
0.11832941297174225,0.21053058652703557,0.5047345208555297,17.28,-0.36,1.0,-0.26459547715689524,14.035,0.07267160018816236,7.1633825,-87.27037,0.6,0.0,0.5
0.138984253535486,0.18892847775989838,0.5044047183336022,13.32,-0.36,1.0,0.07110812707906433,14.040000000000001,0.006726552346076558,6.65217,-78.81792,0.6,0.0,0.5
0.15804556615039,0.17624936750903777,0.5044009824895377,9.36,-0.36,1.0,-0.14252143925290994,14.045,0.006726552346076558,6.65217,-78.81792,0.6,0.0,0.5
0.17284985684413476,0.1539612314899695,0.5042222872077134,5.76,-0.54,1.0,29.719840083010325,14.05,0.006726552346076558,6.65217,-78.81792,0.6,0.0,0.5
0.19180091397906293,0.12954233403961835,0.5047605283955614,2.88,5.9399999999999995,1.0,3.5502182073427573,14.055,0.006726552346076558,6.65217,-78.81792,0.6,0.0,0.5
0.21320350288083573,0.12264565801825267,0.5079071669593699,1.6199999999999999,8.1,1.0,1.8259224219489099,14.06,0.0,5.6310043,-64.816444,0.6,0.0,0.5
0.2268617414547105,0.11110713899175967,0.5094591394111608,2.16,6.3,1.0,-0.4934842982268677,14.065,0.0,5.6310043,-64.816444,0.6,0.0,0.5
0.24171178956205133,0.10648570505715513,0.5095491429876029,3.96,3.78,1.0,0.9714041566210128,14.07,0.0,5.6310043,-64.816444,0.6,0.0,0.5
0.2590715083457212,0.08774390046285685,0.5093683381206268,6.84,0.54,1.0,1.0629596850490017,14.075000000000001,0.0,5.6310043,-64.816444,0.6,0.0,0.5
0.27179849918621635,0.07025549017806212,0.5064430552602133,8.459999999999999,-0.54,1.0,0.7882930997650348,14.08,0.0,6.862112,-70.75363,0.6,0.0,0.5
0.28494380542831793,0.05516117707568462,0.5048572414383273,11.16,0.54,1.0,0.31525620288703493,14.085,0.0,6.862112,-70.75363,0.6,0.0,0.5
0.3017243685279894,0.051484131950825886,0.5046330630013889,14.04,-0.36,1.0,-0.11200292977691362,14.09,0.0,6.862112,-70.75363,0.6,0.0,0.5
0.31543640702433406,0.04788202165085601,0.5027926019970753,16.38,-0.36,1.0,-0.41718802453687687,14.095,0.0,6.862112,-70.75363,0.6,0.0,0.5
0.3276087970432797,0.043424454882214004,0.5022314675414119,19.62,-0.54,1.0,0.4831080050050147,14.1,0.0,4.1171713,-65.49592,0.6,0.0,0.5
0.3408139785685277,0.018313651689488803,0.5022981273461674,22.68,-0.36,1.0,-0.12726218451491178,14.105,0.0,4.1171713,-65.49592,0.6,0.0,0.5
0.3543577089418299,0.023333331372258653,0.5008620734795858,25.919999999999998,-0.54,1.0,-0.06622516556291913,14.11,0.0,4.1171713,-65.49592,0.6,0.0,0.5
0.36435924111096996,0.029412549890315887,0.5008207159706879,29.34,-0.36,1.0,0.05584887234106617,14.115,0.0,4.1171713,-65.49592,0.6,0.0,0.5
0.3752176437296447,0.024515601169833486,0.5012069861720911,32.76,-0.36,1.0,0.2847376934110386,14.120000000000001,0.0,-6.3800125,-83.346054,0.0,0.0,0.5
0.3849227436791098,0.012490336952072849,0.5010414799354937,36.36,-0.36,1.0,-0.1577806939909081,14.125,0.0,-6.3800125,-83.346054,0.0,0.0,0.5
0.39397124703190245,-0.0013681115432355134,0.500514276907319,39.78,-0.36,1.0,0.39155247657702574,14.13,0.0,-6.3800125,-83.346054,0.0,0.0,0.5
0.40194531221194796,-0.0032842582817867766,0.5007537355687627,43.379999999999995,-0.36,1.0,-0.06622516556291913,14.135,0.0,-6.3800125,-83.346054,0.0,0.0,0.5
0.4110502206426899,0.0041367833261195565,0.49989140949263977,46.98,-0.36,1.0,0.31525620288703493,14.14,0.0,-7.505121,-89.533714,0.0,0.0,0.5
0.41784302215782726,0.004495688184622852,0.49976904964592467,50.58,-0.36,1.0,-0.24933622241889708,14.145,0.0,-7.505121,-89.533714,0.0,0.0,0.5
0.4240624381294386,-0.011432352177340224,0.5001669342555529,54.0,-0.36,1.0,0.3762932218390276,14.15,0.0,-7.505121,-89.533714,0.0,0.0,0.5
0.43103891457644905,-0.0081954364098652,0.4997043607675872,57.419999999999995,-0.36,1.0,-0.11200292977691362,14.155000000000001,0.0,-7.505121,-89.533714,0.0,0.0,0.5
0.4374211323054433,-0.015354005471681349,0.4994641734500243,60.839999999999996,-0.36,1.0,0.14740440076905514,14.16,0.0,-7.7503605,58.86565,0.0,0.6,0.5
0.4433804522772197,-0.011613016455675413,0.49936974582683186,64.08,-0.36,1.0,0.04058961760306801,14.165000000000001,0.0,-7.7503605,58.86565,0.0,0.6,0.5
0.4492350167464218,-0.018563483478433694,0.4992239629973979,67.32,-0.36,1.0,-0.035706656086922806,14.17,0.0,-7.7503605,58.86565,0.0,0.6,0.5
0.45398747556564917,-0.014960118286271612,0.4998184958631518,70.2,-0.36,1.0,-0.3256324961088879,14.175,0.0,-7.7503605,58.86565,0.0,0.6,0.5
0.4586948284623857,-0.01968464156587052,0.5000676106793325,73.08,-0.36,1.0,0.3610339671010294,14.18,0.0,-6.7783623,68.220375,0.0,0.6,0.5
0.4641561484353648,-0.011942522030397371,0.4999566474969355,75.78,-0.36,1.0,0.025330362865069844,14.185,0.0,-6.7783623,68.220375,0.0,0.6,0.5
0.46886744999615093,-0.007399184546397536,0.49990478950997985,78.11999999999999,-0.36,1.0,0.025330362865069844,14.19,0.0,-6.7783623,68.220375,0.0,0.6,0.5
0.4703593693851667,-0.003255091243262512,0.49986717838562955,80.28,-0.36,1.0,-0.11200292977691362,14.195,0.0,-6.7783623,68.220375,0.0,0.6,0.5
0.47000446217211134,0.002993369707182678,0.49967973989362097,82.08,-0.36,1.0,0.04058961760306801,14.200000000000001,0.0,-6.9642296,77.69908,0.0,0.6,0.5
0.4696572209637772,-0.012091262453067197,0.4998626687625905,83.34,-0.18,1.0,-0.020447401348924643,14.205,0.0,-6.9642296,77.69908,0.0,0.6,0.5
0.4687280406505606,-0.01012114770550325,0.4995236642739903,84.06,-0.18,1.0,0.14740440076905514,14.21,0.0,-6.9642296,77.69908,0.0,0.6,0.5
0.46629688735481134,-0.013279925308329646,0.499598748735661,84.6,-0.18,1.0,-0.05096591082492097,14.215,0.0,-6.9642296,77.69908,0.0,0.6,0.5
0.4605869214376173,-0.016316311903567787,0.5000881047386865,84.42,-0.18,1.0,0.07110812707906433,14.22,0.0,-8.187104,97.7735,0.0,0.6,0.5
0.44390720813962853,-0.01743173707679169,0.5008270592241739,84.06,-0.36,1.0,0.05584887234106617,14.225,0.0,-8.187104,97.7735,0.0,0.6,0.5
0.41986941129017846,0.0036273849148137634,0.5011701665970464,83.16,-0.36,1.0,0.0863673818170625,14.23,0.0,-8.187104,97.7735,0.0,0.6,0.5
0.3907919614013973,0.009103890373324389,0.5008149477016007,82.25999999999999,-0.36,1.0,0.010071108127071682,14.235,0.0,-8.187104,97.7735,0.0,0.6,0.5
0.3597272458372443,0.009996369419695936,0.5009293468444284,80.82,-0.36,1.0,0.07110812707906433,14.24,0.003192240734457729,-7.9329805,91.67655,0.0,0.6,0.5
0.3278314950703888,0.012554258681154019,0.5008716054165855,79.38,-0.36,1.0,-0.05096591082492097,14.245000000000001,0.003192240734457729,-7.9329805,91.67655,0.0,0.6,0.5
0.29697256012593887,0.030145845183395796,0.5012967323744223,77.75999999999999,-0.36,1.0,0.04058961760306801,14.25,0.003192240734457729,-7.9329805,91.67655,0.0,0.6,0.5
0.26733826643426506,0.017665695835713525,0.501551861175727,75.96,-0.36,1.0,-0.17303994872890627,14.255,0.003192240734457729,-7.9329805,91.67655,0.0,0.6,0.5
0.23910004657877704,0.05408610994671399,0.5020837608464249,73.98,-0.36,1.0,0.26947843867304044,14.26,0.04092988284361015,-7.713374,78.32481,0.0,0.6,0.5
0.21239703911516053,0.07557005212606623,0.5022924786549348,72.0,-0.36,1.0,-0.14252143925290994,14.265,0.04092988284361015,-7.713374,78.32481,0.0,0.6,0.5
0.18821157945059208,0.0775977407830673,0.5028282324447905,69.84,-0.36,1.0,0.05584887234106617,14.27,0.04092988284361015,-7.713374,78.32481,0.0,0.6,0.5
0.165934854631173,0.10213581439421583,0.5029306435042947,67.67999999999999,-0.36,1.0,-0.035706656086922806,14.275,0.04092988284361015,-7.713374,78.32481,0.0,0.6,0.5
0.14761877375163499,0.127631324308708,0.503264661240882,65.34,-0.36,1.0,-0.09674367503891546,14.280000000000001,0.27671767468870895,-6.2039356,-0.011703014,0.0,0.2964890956878662,0.5
0.12930471805636343,0.14474559894050731,0.5033733825411263,62.82,-0.36,1.0,0.11688589129305882,14.285,0.27671767468870895,-6.2039356,-0.011703014,0.0,0.2964890956878662,0.5
0.11632488839495524,0.16465468694464439,0.5038410124251352,60.3,-0.36,1.0,0.2084414197210478,14.290000000000001,0.27671767468870895,-6.2039356,-0.011703014,0.0,0.2964890956878662,0.5
0.11375224752876256,0.19045089648610594,0.5040831074276506,57.78,-0.36,1.0,-0.005188146610926481,14.295,0.27671767468870895,-6.2039356,-0.011703014,0.0,0.2964890956878662,0.5
0.09663917225152341,0.20699185841126339,0.5044248886689966,55.08,-0.36,1.0,0.39155247657702574,14.3,0.9864721508515315,6.764316,-92.60183,0.6,0.0,0.5
0.0878648198293635,0.21676649742367435,0.504567540839878,52.379999999999995,-0.36,1.0,0.025330362865069844,14.305,0.9864721508515315,6.764316,-92.60183,0.6,0.0,0.5
0.07087999177239072,0.23501745469437044,0.5048904966421219,49.68,-0.36,1.0,0.10162663655506066,14.31,0.9864721508515315,6.764316,-92.60183,0.6,0.0,0.5
0.06238158091792951,0.25166822492758456,0.5050072105023782,46.8,-0.36,1.0,-0.14252143925290994,14.315,0.9864721508515315,6.764316,-92.60183,0.6,0.0,0.5
0.05498965743283335,0.2648730394358689,0.5048789556466611,43.739999999999995,-0.36,1.0,0.05584887234106617,14.32,1.8543183257801574,7.616813,-112.38149,0.6,0.0,0.5
0.03817598541524931,0.2795030318637008,0.5053497601120086,40.68,-0.36,1.0,-0.005188146610926481,14.325000000000001,1.8543183257801574,7.616813,-112.38149,0.6,0.0,0.5
0.032679811638287884,0.29671540678914876,0.5054557264991337,37.62,-0.36,1.0,0.11688589129305882,14.33,1.8543183257801574,7.616813,-112.38149,0.6,0.0,0.5
0.024819585952075167,0.31319339420280196,0.5054256901740622,34.56,-0.36,1.0,-0.05096591082492097,14.335,1.8543183257801574,7.616813,-112.38149,0.6,0.0,0.5
0.024420618199981276,0.3281667692074935,0.5052354168681855,31.32,-0.36,1.0,0.05584887234106617,14.34,1.837956731339729,6.762749,-84.76055,0.6,0.0,0.5
0.01899617251393165,0.3410240251797537,0.5052485903540123,28.08,-0.36,1.0,-0.12726218451491178,14.345,1.837956731339729,6.762749,-84.76055,0.6,0.0,0.5
0.01634898165310506,0.3447281725144977,0.5051824281579369,24.66,-0.36,1.0,0.010071108127071682,14.35,1.837956731339729,6.762749,-84.76055,0.6,0.0,0.5
0.007864282883638992,0.36134949618261686,0.50506547299178,21.24,-0.36,1.0,0.05584887234106617,14.355,1.837956731339729,6.762749,-84.76055,0.6,0.0,0.5
0.016629665055253463,0.37743760182551406,0.5053631172048404,17.64,-0.36,1.0,0.04058961760306801,14.36,0.9605894388151395,5.6853566,-96.03055,0.6,0.0,0.5
0.010421432665356152,0.3869044737659939,0.5051324825603262,14.219999999999999,-0.36,1.0,-0.1577806939909081,14.365,0.9605894388151395,5.6853566,-96.03055,0.6,0.0,0.5
0.008408796713071353,0.3913075739668666,0.5046438047987136,10.44,-0.36,1.0,0.04058961760306801,14.370000000000001,0.9605894388151395,5.6853566,-96.03055,0.6,0.0,0.5
0.007347805182954863,0.39685141036185767,0.5042686339373662,6.84,-0.36,1.0,0.19318216498304963,14.375,0.9605894388151395,5.6853566,-96.03055,0.6,0.0,0.5
0.008222875812388092,0.38981957785708043,0.5040143956606947,3.42,3.42,1.0,11.774956511123989,14.38,0.2647231143240429,1.5958096,-74.70152,0.6,0.0,0.5
0.0052948881779052185,0.3868503423530408,0.5070594577317585,0.72,8.64,1.0,3.6722922452467426,14.385,0.2647231143240429,1.5958096,-74.70152,0.6,0.0,0.5
0.010806421273551175,0.389111872764754,0.5097032043316809,-0.36,9.719999999999999,1.0,-0.6765953550828456,14.39,0.2647231143240429,1.5958096,-74.70152,0.6,0.0,0.5
0.020293583545226694,0.38541329463060037,0.5117198753116718,-0.54,9.0,1.0,0.895107882931022,14.395,0.2647231143240429,1.5958096,-74.70152,0.6,0.0,0.5
0.02559011278185653,0.37964857535579244,0.5134422738085507,0.54,8.1,1.0,2.039551988280884,14.4,0.03846780899239362,1.9726621,-5.877521,0.6,0.0,0.5
0.038375105321180845,0.37215656767506256,0.5125876433922881,2.52,4.68,1.0,3.3976256599627757,14.405000000000001,0.03846780899239362,1.9726621,-5.877521,0.6,0.0,0.5
0.06955335326829303,0.3582203596410764,0.5095612497657132,5.04,1.44,1.0,2.3599963377788455,14.41,0.03846780899239362,1.9726621,-5.877521,0.6,0.0,0.5
0.09195393331632064,0.3289188988027233,0.5070335424126093,7.199999999999999,-0.8999999999999999,1.0,0.3610339671010294,14.415000000000001,0.03846780899239362,1.9726621,-5.877521,0.6,0.0,0.5
0.10706284153803906,0.30423813904518504,0.5047784248347215,8.28,0.36,1.0,-0.6613361003448475,14.42,0.002947505132717343,-1.0030124,16.72784,0.0,0.6,0.5
0.13184507694334052,0.2835410963339713,0.5030306752387099,10.26,0.36,1.0,-0.34089175084688605,14.425,0.002947505132717343,-1.0030124,16.72784,0.0,0.6,0.5
0.14448519074072014,0.258960694334243,0.5025776704452357,12.059999999999999,-0.54,1.0,0.3762932218390276,14.43,0.002947505132717343,-1.0030124,16.72784,0.0,0.6,0.5
0.15568381745996723,0.22925562161389498,0.5021383045549209,13.5,-0.36,1.0,-0.005188146610926481,14.435,0.002947505132717343,-1.0030124,16.72784,0.0,0.6,0.5
0.1746477999806583,0.19246277289060484,0.5015873345656169,14.94,-0.36,1.0,0.3305154576250331,14.44,0.0,-2.5374973,35.351006,0.0,0.6,0.5
0.19141196799970825,0.18023084621276486,0.5017238556042287,16.56,-0.36,1.0,0.1626636555070533,14.445,0.0,-2.5374973,35.351006,0.0,0.6,0.5
0.20536610688288737,0.16316999358077364,0.501488664376261,18.18,-0.36,1.0,-0.08148442030091729,14.450000000000001,0.0,-2.5374973,35.351006,0.0,0.6,0.5
0.222947586080401,0.14438658660170742,0.500939921962833,19.62,-0.36,1.0,0.07110812707906433,14.455,0.0,-2.5374973,35.351006,0.0,0.6,0.5
0.2408032200802012,0.12733852110549834,0.5008821507392002,21.06,-0.36,1.0,-0.17303994872890627,14.46,0.0,-4.108562,-28.309591,0.0,0.0,0.5
0.2540622502628301,0.12443959357203896,0.5008236706684289,22.68,-0.36,1.0,0.2847376934110386,14.465,0.0,-4.108562,-28.309591,0.0,0.0,0.5
0.27069726440849967,0.11403145586653983,0.5004354597651218,24.3,-0.36,1.0,-0.05096591082492097,14.47,0.0,-4.108562,-28.309591,0.0,0.0,0.5
0.2877794736122947,0.09516696657166063,0.500104345931607,25.919999999999998,-0.36,1.0,0.2542191839350423,14.475,0.0,-4.108562,-28.309591,0.0,0.0,0.5
0.30098306612749726,0.08062116926763252,0.4999476201273753,27.54,-0.36,1.0,-0.005188146610926481,14.48,0.0,-4.3000946,-2.2467027,0.0,0.0,0.5
0.3141945309562806,0.0730908656816231,0.5000101793279443,29.16,-0.36,1.0,0.05584887234106617,14.485,0.0,-4.3000946,-2.2467027,0.0,0.0,0.5
0.3292001146587783,0.049478775766163774,0.5001400358012763,30.959999999999997,-0.36,1.0,-0.11200292977691362,14.49,0.0,-4.3000946,-2.2467027,0.0,0.0,0.5
0.33969803327192644,0.04226395526520413,0.5000246304886093,32.58,-0.36,1.0,0.010071108127071682,14.495000000000001,0.0,-4.3000946,-2.2467027,0.0,0.0,0.5
0.3419537228169824,0.05303452477993356,0.4997124946630113,34.379999999999995,-0.36,1.0,-0.14252143925290994,14.5,0.0,-7.992592,102.556526,0.0,0.6,0.5
0.3420768559316511,0.06369362123959488,0.4993787225199343,36.0,-0.36,1.0,0.0863673818170625,14.505,0.0,-7.992592,102.556526,0.0,0.6,0.5
0.3414216808053863,0.073870449076138,0.4991924918928404,37.8,-0.36,1.0,-0.09674367503891546,14.51,0.0,-7.992592,102.556526,0.0,0.6,0.5
0.3380573642013575,0.0811161795938078,0.4992378965904782,39.42,-0.36,1.0,0.025330362865069844,14.515,0.0,-7.992592,102.556526,0.0,0.6,0.5
0.3350702516011089,0.1000375429722735,0.49916820274268403,41.04,-0.36,1.0,0.1626636555070533,14.52,0.0,-7.677791,91.453674,0.0,0.6,0.5
0.32995465116378525,0.12150823981204717,0.49898299651703415,42.48,-0.36,1.0,0.19318216498304963,14.525,0.0,-7.677791,91.453674,0.0,0.6,0.5
0.3175651622226694,0.13979819680030572,0.4985576088235244,43.92,-0.36,1.0,0.05584887234106617,14.530000000000001,0.0,-7.677791,91.453674,0.0,0.6,0.5
0.2976724648391123,0.1558597191433438,0.4985833313401143,45.18,-0.36,1.0,0.04058961760306801,14.535,0.0,-7.677791,91.453674,0.0,0.6,0.5
0.2746324340851229,0.16131020877055208,0.4985906006757264,46.44,-0.36,1.0,-0.035706656086922806,14.540000000000001,0.0,-8.013943,92.61406,0.0,0.6,0.5
0.24989788293398288,0.17460329072396757,0.49811987407164354,47.519999999999996,-0.36,1.0,0.04058961760306801,14.545,0.0,-8.013943,92.61406,0.0,0.6,0.5
0.224881373613192,0.18918014738221775,0.4980911509934991,48.42,-0.36,1.0,-0.12726218451491178,14.55,0.0,-8.013943,92.61406,0.0,0.6,0.5
0.20066622566677275,0.18638460040458044,0.4978613191217141,49.32,-0.36,1.0,0.19318216498304963,14.555,0.0,-8.013943,92.61406,0.0,0.6,0.5
0.17774118161551872,0.18627830273806814,0.49802964863928656,50.22,-0.36,1.0,-0.11200292977691362,14.56,0.0007343925186884851,-8.189003,90.03617,0.0,0.6,0.5
0.15614757120009404,0.19284304212452266,0.4979330495645612,50.76,-0.36,1.0,0.0863673818170625,14.565,0.0007343925186884851,-8.189003,90.03617,0.0,0.6,0.5
0.13669518314191276,0.18839830728368887,0.49801500380240954,51.48,-0.36,1.0,-0.11200292977691362,14.57,0.0007343925186884851,-8.189003,90.03617,0.0,0.6,0.5
0.11549846998714772,0.19297189325251518,0.49814703903923746,51.839999999999996,-0.36,1.0,0.07110812707906433,14.575000000000001,0.0007343925186884851,-8.189003,90.03617,0.0,0.6,0.5
0.0944429965294353,0.20150441822180512,0.49828416923462765,52.199999999999996,-0.36,1.0,0.025330362865069844,14.58,0.0128476361852975,-7.960681,91.70671,0.0,0.6,0.5
0.07828513235548476,0.19226211702593501,0.4986404690287922,52.559999999999995,-0.36,1.0,-0.14252143925290994,14.585,0.0128476361852975,-7.960681,91.70671,0.0,0.6,0.5
0.07375054201156674,0.19481240823492563,0.4987287605156114,52.559999999999995,-0.36,1.0,-0.11200292977691362,14.59,0.0128476361852975,-7.960681,91.70671,0.0,0.6,0.5
0.060309432496713805,0.19334567885318946,0.4990015674680569,52.739999999999995,-0.36,1.0,0.22370067445904596,14.595,0.0128476361852975,-7.960681,91.70671,0.0,0.6,0.5
0.05388871009006802,0.1962971913709083,0.4993830237727052,52.559999999999995,-0.36,1.0,0.0863673818170625,14.6,0.11851402483793308,1.2410303,-97.581924,0.6,0.0,0.5
0.04789166585118159,0.19571239701309107,0.4999484261608055,52.379999999999995,-0.36,1.0,0.2542191839350423,14.605,0.11851402483793308,1.2410303,-97.581924,0.6,0.0,0.5
0.03439669377005119,0.20896421763062922,0.5007770467740643,52.199999999999996,-0.36,1.0,-0.005188146610926481,14.61,0.11851402483793308,1.2410303,-97.581924,0.6,0.0,0.5
0.04378642808856664,0.22498566950666915,0.5009626324870114,51.839999999999996,-0.36,1.0,-0.05096591082492097,14.615,0.11851402483793308,1.2410303,-97.581924,0.6,0.0,0.5
0.03919361459885723,0.247929914074215,0.5011098521316472,51.3,-0.36,1.0,0.04058961760306801,14.620000000000001,0.5764581669839487,4.6733427,-112.021454,0.6,0.0,0.5
0.024537228722615156,0.25414490736989875,0.5021269262284551,50.58,-0.36,1.0,0.22370067445904596,14.625,0.5764581669839487,4.6733427,-112.021454,0.6,0.0,0.5
0.02563297169316269,0.2720877585987087,0.5026149979303978,49.86,-0.36,1.0,0.10162663655506066,14.63,0.5764581669839487,4.6733427,-112.021454,0.6,0.0,0.5
0.02713184485559004,0.29093817279700424,0.5032912559709944,48.96,-0.36,1.0,0.05584887234106617,14.635,0.5764581669839487,4.6733427,-112.021454,0.6,0.0,0.5
0.013790642610389358,0.31265568682168665,0.5036946415949978,47.879999999999995,-0.36,1.0,-0.24933622241889708,14.64,1.4784865467104904,5.9322486,-112.152306,0.6,0.0,0.5
0.0068440531540260915,0.3289013214272592,0.5041537694177649,46.62,-0.36,1.0,-0.05096591082492097,14.645,1.4784865467104904,5.9322486,-112.152306,0.6,0.0,0.5
0.01189329454560243,0.3340899435326927,0.5044874824243188,45.18,-0.36,1.0,-0.12726218451491178,14.65,1.4784865467104904,5.9322486,-112.152306,0.6,0.0,0.5
0.00971354526862574,0.33560258277786065,0.5049650017196433,43.559999999999995,-0.36,1.0,0.14740440076905514,14.655000000000001,1.4784865467104904,5.9322486,-112.152306,0.6,0.0,0.5
0.00321197307790138,0.3564949823037543,0.5051940247632868,41.76,-0.36,1.0,-0.1577806939909081,14.66,1.9994865601026437,7.0772686,-93.30743,0.6,0.0,0.5
0.005105132275808772,0.37686900908134774,0.5053074917275185,39.78,-0.36,1.0,0.22370067445904596,14.665000000000001,1.9994865601026437,7.0772686,-93.30743,0.6,0.0,0.5
-0.005055498748375286,0.38491202051995926,0.5054095296100317,37.62,-0.36,1.0,0.10162663655506066,14.67,1.9994865601026437,7.0772686,-93.30743,0.6,0.0,0.5
0.00710192437676939,0.3986991149183371,0.5053460736551905,35.28,-0.36,1.0,0.39155247657702574,14.675,1.9994865601026437,7.0772686,-93.30743,0.6,0.0,0.5
0.010920719805355692,0.3963308695590832,0.5053465075371855,32.76,-0.36,1.0,-0.005188146610926481,14.68,1.4258411129917734,6.533478,-100.27313,0.6,0.0,0.5
0.005043140720215626,0.4042180380944992,0.5052271014274721,30.06,-0.36,1.0,0.46784875026701656,14.685,1.4258411129917734,6.533478,-100.27313,0.6,0.0,0.5
0.00670181885976318,0.40390769254449993,0.5051188838804761,27.36,-0.36,1.0,-0.14252143925290994,14.69,1.4258411129917734,6.533478,-100.27313,0.6,0.0,0.5
0.032589526808228984,0.4039888985593589,0.5051365073584765,24.48,-0.36,1.0,0.3762932218390276,14.695,1.4258411129917734,6.533478,-100.27313,0.6,0.0,0.5
0.05625554869558104,0.4025429299491233,0.5051604121827422,21.599999999999998,-0.36,1.0,-0.17303994872890627,14.700000000000001,0.5361364180463173,-6.522884,-96.44908,0.0,0.0,0.5
0.0720978757545761,0.3931415551585524,0.5049343447839585,18.72,-0.36,1.0,0.17792291024505147,14.705,0.5361364180463173,-6.522884,-96.44908,0.0,0.0,0.5
0.09814794975731957,0.3821885412404227,0.504597173713408,15.66,-0.36,1.0,-0.14252143925290994,14.71,0.5361364180463173,-6.522884,-96.44908,0.0,0.0,0.5
0.11309552407660219,0.3740074206040471,0.5044281077812828,12.6,-0.36,1.0,0.17792291024505147,14.715,0.5361364180463173,-6.522884,-96.44908,0.0,0.0,0.5
0.12753884356471354,0.34820630241139916,0.5041202145747442,9.719999999999999,-0.36,1.0,-0.2035584582049026,14.72,0.10629944950430321,-0.72202253,11.320419,0.08339323997497558,0.6,0.5
0.14652872459702754,0.3207652153463513,0.5037380183671821,6.84,-0.36,1.0,-0.020447401348924643,14.725,0.10629944950430321,-0.72202253,11.320419,0.08339323997497558,0.6,0.5
0.16956769423279575,0.2908022937073065,0.5031383020023663,4.32,2.52,1.0,7.746513260292364,14.73,0.10629944950430321,-0.72202253,11.320419,0.08339323997497558,0.6,0.5
0.18503807926750826,0.2737004645483776,0.5055758195182118,2.88,5.3999999999999995,1.0,2.8940702536088363,14.735,0.10629944950430321,-0.72202253,11.320419,0.08339323997497558,0.6,0.5
0.20281534366972034,0.2536531727813091,0.5069618044075048,3.06,4.5,1.0,-0.5087435529648658,14.74,0.011113177577144723,-3.5360649,46.85491,0.0,0.6,0.5
0.2220637826817998,0.2172923213022548,0.5073299887878133,4.32,2.88,1.0,0.6509598071229945,14.745000000000001,0.011113177577144723,-3.5360649,46.85491,0.0,0.6,0.5
0.23551326155745936,0.18874118049917946,0.5071220966122608,6.66,0.18,1.0,0.025330362865069844,14.75,0.011113177577144723,-3.5360649,46.85491,0.0,0.6,0.5
0.24813401555979314,0.17443617169847397,0.5048367670245026,7.92,-0.54,1.0,0.39155247657702574,14.755,0.011113177577144723,-3.5360649,46.85491,0.0,0.6,0.5
0.26717605532704286,0.15441784790992588,0.5039735808714043,10.08,0.18,1.0,-0.17303994872890627,14.76,0.0,-7.184613,81.02063,0.0,0.6,0.5
0.2821183117379106,0.1390136087059873,0.5032783919200053,12.42,-0.54,1.0,-0.26459547715689524,14.765,0.0,-7.184613,81.02063,0.0,0.6,0.5
0.29495573141806264,0.10839224592076876,0.5026569359400801,14.219999999999999,-0.36,1.0,-0.005188146610926481,14.77,0.0,-7.184613,81.02063,0.0,0.6,0.5
0.3107658465191447,0.11125008868692471,0.5022294984460417,16.74,-0.54,1.0,0.29999694814903677,14.775,0.0,-7.184613,81.02063,0.0,0.6,0.5
0.3238740291118587,0.103447572162666,0.5024535741612322,19.259999999999998,-0.54,1.0,-0.035706656086922806,14.780000000000001,0.0,-7.713995,92.44786,0.0,0.6,0.5
0.32855970741534823,0.08895894150805571,0.5016577635349244,21.96,-0.54,1.0,0.14740440076905514,14.785,0.0,-7.713995,92.44786,0.0,0.6,0.5
0.32680370438873113,0.07819649335046128,0.5016757767736236,24.66,-0.54,1.0,-0.31037324137088973,14.790000000000001,0.0,-7.713995,92.44786,0.0,0.6,0.5
0.32507519780350075,0.06877943954882727,0.5015525462580149,27.36,-0.54,1.0,0.17792291024505147,14.795,0.0,-7.713995,92.44786,0.0,0.6,0.5
0.3215297387128899,0.07726830414593285,0.5009107134320581,30.06,-0.36,1.0,-0.09674367503891546,14.8,0.004831086119333237,-7.795265,90.04529,0.0,0.6,0.5
0.31747191240833234,0.09904657344908371,0.5008783231454422,32.76,-0.36,1.0,0.14740440076905514,14.805,0.004831086119333237,-7.795265,90.04529,0.0,0.6,0.5
0.3151428892894333,0.11547850154261892,0.5005375937152031,35.46,-0.36,1.0,0.3305154576250331,14.81,0.004831086119333237,-7.795265,90.04529,0.0,0.6,0.5
0.31210570618704153,0.12067066045463878,0.4999932104141446,37.98,-0.36,1.0,0.04058961760306801,14.815,0.004831086119333237,-7.795265,90.04529,0.0,0.6,0.5
0.3046436201572539,0.12831997553847968,0.4999545519460227,40.32,-0.36,1.0,-0.21881771294290076,14.82,0.0563911169462104,-7.557577,77.716675,0.0,0.6,0.5
0.29550374125414425,0.1487133089055994,0.49966436939380504,42.66,-0.36,1.0,0.31525620288703493,14.825000000000001,0.0563911169462104,-7.557577,77.716675,0.0,0.6,0.5
0.28657942772429346,0.161210590805484,0.4992362581227716,45.0,-0.36,1.0,0.04058961760306801,14.83,0.0563911169462104,-7.557577,77.716675,0.0,0.6,0.5
0.27447968495546654,0.18347484619906973,0.4991467275684829,47.16,-0.36,1.0,0.025330362865069844,14.835,0.0563911169462104,-7.557577,77.716675,0.0,0.6,0.5
0.2580393017503038,0.19093071128967404,0.49903970176160206,49.14,-0.36,1.0,-0.3561510055848842,14.84,0.3470788468473109,-5.574627,2.8584466,0.0,0.6,0.5
0.23799796777028787,0.2070262607950441,0.4988729311384001,50.94,-0.36,1.0,0.17792291024505147,14.845,0.3470788468473109,-5.574627,2.8584466,0.0,0.6,0.5
0.21570667178163971,0.22046173233914831,0.49923858940076943,52.739999999999995,-0.36,1.0,-0.035706656086922806,14.85,0.3470788468473109,-5.574627,2.8584466,0.0,0.6,0.5
0.1938299069359629,0.24245136747015278,0.4988865445164011,54.18,-0.36,1.0,0.14740440076905514,14.855,0.3470788468473109,-5.574627,2.8584466,0.0,0.6,0.5
0.17287716828734365,0.2604963637378192,0.4985801998506943,55.44,-0.36,1.0,0.010071108127071682,14.86,1.1264116317269706,7.154855,-93.64516,0.6,0.0,0.5
0.15206464998794583,0.2763827329228826,0.49873762008879996,56.339999999999996,-0.36,1.0,0.4983672597430129,14.865,1.1264116317269706,7.154855,-93.64516,0.6,0.0,0.5
0.13319459561451083,0.2955724879417817,0.49876913606488466,57.059999999999995,-0.36,1.0,-0.34089175084688605,14.870000000000001,1.1264116317269706,7.154855,-93.64516,0.6,0.0,0.5
0.1281104891457718,0.3100151588313914,0.49791817441347597,57.239999999999995,-0.36,1.0,-0.1577806939909081,14.875,1.1264116317269706,7.154855,-93.64516,0.6,0.0,0.5
0.10451091196814628,0.3297446979201715,0.49809984562077847,57.239999999999995,-0.36,1.0,0.0863673818170625,14.88,1.9276032005510388,7.2571325,-101.95764,0.6,0.0,0.5
0.08661417456243327,0.34524070702828646,0.49842074869238495,56.879999999999995,-0.36,1.0,0.17792291024505147,14.885,1.9276032005510388,7.2571325,-101.95764,0.6,0.0,0.5
0.09143795810162182,0.35623182575294304,0.4979705234848313,55.98,-0.36,1.0,0.05584887234106617,14.89,1.9276032005510388,7.2571325,-101.95764,0.6,0.0,0.5
0.07017959266790288,0.3770954073750548,0.4981365137777729,54.9,-0.36,1.0,0.1626636555070533,14.895,1.9276032005510388,7.2571325,-101.95764,0.6,0.0,0.5
0.06878622332680305,0.38431932395993107,0.49776165194818617,53.28,-0.36,1.0,0.14740440076905514,14.9,1.7393608175409478,7.024655,-86.34624,0.6,0.0,0.5
0.04181861181860393,0.3884077397462783,0.4978216964660196,51.48,-0.36,1.0,0.2542191839350423,14.905000000000001,1.7393608175409478,7.024655,-86.34624,0.6,0.0,0.5
0.038923231683209006,0.40051924716993215,0.49809867640031086,49.14,-0.36,1.0,-0.09674367503891546,14.91,1.7393608175409478,7.024655,-86.34624,0.6,0.0,0.5
0.02759310194718909,0.4015823782444049,0.49839170124334875,46.62,-0.36,1.0,-0.020447401348924643,14.915000000000001,1.7393608175409478,7.024655,-86.34624,0.6,0.0,0.5
0.01568246509723585,0.4108321206023559,0.4985457355255791,43.739999999999995,-0.36,1.0,-0.11200292977691362,14.92,0.8275862337678289,6.375442,-97.22717,0.6,0.0,0.5
0.012635763251437341,0.42232533889875773,0.4991102362589539,40.68,-0.36,1.0,-0.05096591082492097,14.925,0.8275862337678289,6.375442,-97.22717,0.6,0.0,0.5
0.0035564876948757903,0.4292310106316249,0.499438587676258,37.26,-0.36,1.0,-0.08148442030091729,14.93,0.8275862337678289,6.375442,-97.22717,0.6,0.0,0.5
0.0015293600243429025,0.4367220628255146,0.4994852996297512,33.839999999999996,-0.36,1.0,0.2084414197210478,14.935,0.8275862337678289,6.375442,-97.22717,0.6,0.0,0.5
-0.004202780657491657,0.4367050309437581,0.499542535117939,30.24,-0.36,1.0,0.010071108127071682,14.94,0.2076291685732211,5.394228,-77.59738,0.6,0.0,0.5
0.005628266860678706,0.43239267192932246,0.4995674565558406,26.279999999999998,-0.36,1.0,0.22370067445904596,14.945,0.2076291685732211,5.394228,-77.59738,0.6,0.0,0.5
0.02102776534098292,0.41790813417729816,0.5001465641818132,22.5,-0.36,1.0,-0.12726218451491178,14.950000000000001,0.2076291685732211,5.394228,-77.59738,0.6,0.0,0.5
0.0255968018131995,0.42131967179432395,0.5000991312036932,18.54,-0.36,1.0,0.23895992919704412,14.955,0.2076291685732211,5.394228,-77.59738,0.6,0.0,0.5
0.04691250112479601,0.41229539976439433,0.5001774985840354,14.58,-0.36,1.0,-0.035706656086922806,14.96,0.02746723880968095,6.3092394,-84.85949,0.6,0.0,0.5
0.055723303537494634,0.41982121836468234,0.5006362260532826,10.44,-0.36,1.0,0.2084414197210478,14.965,0.02746723880968095,6.3092394,-84.85949,0.6,0.0,0.5
0.0785899305315212,0.40059162981915425,0.5008190579515738,6.4799999999999995,-0.36,1.0,-0.005188146610926481,14.97,0.02746723880968095,6.3092394,-84.85949,0.6,0.0,0.5
0.09975924020395148,0.3645623146713307,0.5008821195280546,2.88,4.5,1.0,6.8614764854884704,14.975,0.02746723880968095,6.3092394,-84.85949,0.6,0.0,0.5
0.11978801397508905,0.34273335347458445,0.5054916642628524,0.36,9.719999999999999,1.0,2.4362926114688364,14.98,0.0019159897154468774,5.380679,-72.265976,0.6,0.0,0.5
0.13553204679409922,0.3205205210732361,0.5086409797918438,-0.36,9.9,1.0,-0.6308175908688511,14.985,0.0019159897154468774,5.380679,-72.265976,0.6,0.0,0.5
0.1444027366744348,0.28008830819915864,0.5107900940476023,0.36,8.28,1.0,4.007995849482702,14.99,0.0019159897154468774,5.380679,-72.265976,0.6,0.0,0.5
0.16345968816590442,0.2541015954671137,0.5120057911402875,2.16,6.3,1.0,2.0853297524948786,14.995000000000001,0.0019159897154468774,5.380679,-72.265976,0.6,0.0,0.5
0.18513678590420352,0.23311391451568308,0.5099752655975497,5.04,2.16,1.0,0.5288857692190092,15.0,0.0,4.983602,-64.79064,0.6,0.0,0.5
0.2001909215020543,0.20906323101516697,0.5060011217106001,7.38,-1.08,1.0,0.025330362865069844,15.005,0.0,4.983602,-64.79064,0.6,0.0,0.5
0.21626625063537372,0.19015226452510384,0.5048491139254074,8.459999999999999,1.08,1.0,-0.4782250434888695,15.01,0.0,4.983602,-64.79064,0.6,0.0,0.5
0.23626615405898682,0.17641231249222805,0.5037250478983487,10.62,1.44,1.0,0.29999694814903677,15.015,0.0,4.983602,-64.79064,0.6,0.0,0.5
0.25183797244283307,0.1512158307817212,0.5024474595319088,13.32,-0.36,1.0,-0.3256324961088879,15.02,0.0,-2.4041834,-82.8712,0.0,0.0,0.5
0.26479003517451494,0.14382499506316992,0.5024321894991481,15.12,-0.36,1.0,-0.3256324961088879,15.025,0.0,-2.4041834,-82.8712,0.0,0.0,0.5
0.2828089374981787,0.13220972301336922,0.5012071214874445,17.64,-0.36,1.0,0.39155247657702574,15.030000000000001,0.0,-2.4041834,-82.8712,0.0,0.0,0.5
0.29794105222249867,0.13103443497374487,0.5002898729272455,19.98,-0.36,1.0,0.2847376934110386,15.035,0.0,-2.4041834,-82.8712,0.0,0.0,0.5
0.31019661255859643,0.09958312232658026,0.5004868710505264,22.5,-0.36,1.0,0.025330362865069844,15.040000000000001,0.0,-1.2220777,24.829601,0.0,0.6,0.5
0.3243900147943131,0.07267222654058131,0.5003395508837932,25.02,-0.36,1.0,-0.1577806939909081,15.045,0.0,-1.2220777,24.829601,0.0,0.6,0.5
0.3380671987408898,0.053669379106346025,0.4997351726407276,27.54,-0.36,1.0,0.17792291024505147,15.05,0.0,-1.2220777,24.829601,0.0,0.6,0.5
0.3484702335778611,0.05731233086892135,0.5000085196267277,30.24,-0.36,1.0,0.05584887234106617,15.055,0.0,-1.2220777,24.829601,0.0,0.6,0.5
0.36050261562185715,0.05565673727941785,0.4998298086559336,32.94,-0.36,1.0,0.11688589129305882,15.06,0.0,-4.257847,64.87268,0.0,0.6,0.5
0.3724880507156286,0.05865791240481516,0.4994655556099676,35.64,-0.36,1.0,0.0863673818170625,15.065,0.0,-4.257847,64.87268,0.0,0.6,0.5
0.3821969306747866,0.04396132954720256,0.49933547789996313,38.339999999999996,-0.36,1.0,-0.035706656086922806,15.07,0.0,-4.257847,64.87268,0.0,0.6,0.5
0.39206737722781054,0.05082944320337421,0.49887763632958476,41.22,-0.36,1.0,0.010071108127071682,15.075000000000001,0.0,-4.257847,64.87268,0.0,0.6,0.5
0.4017646132369542,0.027769883633277245,0.49856652036165944,43.92,-0.36,1.0,0.3610339671010294,15.08,0.0,-7.025342,76.95618,0.0,0.6,0.5
0.40872631031745227,0.021882189686806167,0.4991595902487871,46.62,-0.36,1.0,0.11688589129305882,15.085,0.0,-7.025342,76.95618,0.0,0.6,0.5
0.4162105228936565,0.016116924277581424,0.49922961385834175,49.32,-0.36,1.0,0.10162663655506066,15.09,0.0,-7.025342,76.95618,0.0,0.6,0.5
0.423812245034855,0.022656968144791862,0.49905338877882865,52.199999999999996,-0.36,1.0,-0.020447401348924643,15.095,0.0,-7.025342,76.95618,0.0,0.6,0.5
0.4289325191919272,0.01010980255431013,0.49939543165500416,54.72,-0.36,1.0,0.34577471236303126,15.1,0.0,-8.261888,88.47737,0.0,0.6,0.5
0.4294888171136548,0.015190623644106024,0.49962008514623685,57.419999999999995,-0.36,1.0,-0.21881771294290076,15.105,0.0,-8.261888,88.47737,0.0,0.6,0.5
0.42778919945215377,0.009018925836640924,0.49987096872902215,59.94,-0.36,1.0,0.025330362865069844,15.11,0.0,-8.261888,88.47737,0.0,0.6,0.5
0.4264934377650376,0.013215586356537133,0.5003171269838168,62.28,-0.36,1.0,-0.12726218451491178,15.115,0.0,-8.261888,88.47737,0.0,0.6,0.5
0.42392867424630243,0.010308937022407788,0.5003314632455027,64.44,-0.36,1.0,0.04058961760306801,15.120000000000001,0.002629307166825448,-7.551919,86.89728,0.0,0.6,0.5
0.42184492391591205,0.017537361836424514,0.4999101746438519,66.6,-0.36,1.0,-0.12726218451491178,15.125,0.002629307166825448,-7.551919,86.89728,0.0,0.6,0.5
0.4158071298817971,0.03436656188310884,0.49990158402926277,68.75999999999999,-0.36,1.0,0.0863673818170625,15.13,0.002629307166825448,-7.551919,86.89728,0.0,0.6,0.5
0.4003008872873289,0.059218369999613586,0.5003664071365442,70.38,-0.36,1.0,-0.035706656086922806,15.135,0.002629307166825448,-7.551919,86.89728,0.0,0.6,0.5
0.37707336521512613,0.08077948537095926,0.5004756609524872,72.0,-0.36,1.0,0.14740440076905514,15.14,0.035190692973607676,-7.325035,69.36868,0.0,0.6,0.5
0.350219841717942,0.0958579863430657,0.5006203753552408,73.25999999999999,-0.36,1.0,-0.005188146610926481,15.145,0.035190692973607676,-7.325035,69.36868,0.0,0.6,0.5
0.32061076614730116,0.11692807805871078,0.5008920089818322,74.16,-0.18,1.0,-0.020447401348924643,15.15,0.035190692973607676,-7.325035,69.36868,0.0,0.6,0.5
0.2909653159985081,0.13819453296780013,0.5014668648288252,74.7,-0.18,1.0,-0.21881771294290076,15.155000000000001,0.035190692973607676,-7.325035,69.36868,0.0,0.6,0.5
0.2616689221671257,0.15796964064040792,0.5016531443995951,74.7,-0.18,1.0,0.11688589129305882,15.16,0.24835096076807367,-3.1663263,-52.709457,0.0,0.0,0.5
0.2343350652209302,0.18203540095111514,0.5017122220162038,74.52,-0.18,1.0,-0.24933622241889708,15.165000000000001,0.24835096076807367,-3.1663263,-52.709457,0.0,0.0,0.5
0.2078528742303481,0.19899706829740646,0.501967264233544,73.8,-0.18,1.0,0.07110812707906433,15.17,0.24835096076807367,-3.1663263,-52.709457,0.0,0.0,0.5
0.18384402476754313,0.20555828007967594,0.5020133733137917,72.89999999999999,-0.18,1.0,0.04058961760306801,15.175,0.24835096076807367,-3.1663263,-52.709457,0.0,0.0,0.5
0.1619687452329311,0.22375449179628254,0.5024261398318349,71.46,-0.18,1.0,-0.035706656086922806,15.18,0.9241775222335814,5.4826317,-99.984055,0.6,0.0,0.5
0.14194051717938078,0.23407187099424423,0.5024466733992077,69.66,-0.18,1.0,-0.06622516556291913,15.185,0.9241775222335814,5.4826317,-99.984055,0.6,0.0,0.5
0.12111569374370064,0.24475630646140387,0.5026519018452269,67.67999999999999,-0.18,1.0,0.0863673818170625,15.19,0.9241775222335814,5.4826317,-99.984055,0.6,0.0,0.5
0.10261966546403353,0.26349771219526524,0.502814250555898,65.16,-0.18,1.0,0.2084414197210478,15.195,0.9241775222335814,5.4826317,-99.984055,0.6,0.0,0.5
0.10570502525640853,0.29011266694902577,0.5024342941351945,62.64,-0.18,1.0,0.07110812707906433,15.200000000000001,1.813412019749329,5.7681103,-96.49159,0.6,0.0,0.5
0.08809588111013938,0.30413566986094026,0.5025225332349705,59.58,-0.36,1.0,-0.08148442030091729,15.205,1.813412019749329,5.7681103,-96.49159,0.6,0.0,0.5
0.07047793738911122,0.3229556236386898,0.5026909275583927,56.339999999999996,-0.36,1.0,0.1626636555070533,15.21,1.813412019749329,5.7681103,-96.49159,0.6,0.0,0.5
0.07577722565979755,0.33957404891367426,0.5026054449698134,52.919999999999995,-0.36,1.0,-0.21881771294290076,15.215,1.813412019749329,5.7681103,-96.49159,0.6,0.0,0.5
0.06724458180907225,0.34568514018820296,0.5028256400684769,49.32,-0.36,1.0,0.10162663655506066,15.22,1.876243108928439,7.586384,-86.81719,0.6,0.0,0.5
0.04841306330256935,0.3508209612594082,0.5031889953883363,45.54,-0.36,1.0,-0.05096591082492097,15.225,1.876243108928439,7.586384,-86.81719,0.6,0.0,0.5
0.0468785689291966,0.36478553078984227,0.5030677960595324,41.58,-0.36,1.0,-0.05096591082492097,15.23,1.876243108928439,7.586384,-86.81719,0.6,0.0,0.5
0.03785184322684812,0.37912636141634487,0.5030701662607746,37.62,-0.36,1.0,-0.21881771294290076,15.235,1.876243108928439,7.586384,-86.81719,0.6,0.0,0.5
0.04205091769153032,0.39140427493453017,0.5031625277843248,33.48,-0.36,1.0,0.23895992919704412,15.24,1.023607034748373,6.2851596,-98.676476,0.6,0.0,0.5
0.028979985890830423,0.39029869885249413,0.5033168870441228,29.16,-0.36,1.0,-0.12726218451491178,15.245000000000001,1.023607034748373,6.2851596,-98.676476,0.6,0.0,0.5
0.018720024013822497,0.3860856893089023,0.5035504767345692,24.84,-0.36,1.0,0.04058961760306801,15.25,1.023607034748373,6.2851596,-98.676476,0.6,0.0,0.5
0.013636072843748452,0.38906751548289464,0.5039086985789433,20.52,-0.36,1.0,-0.09674367503891546,15.255,1.023607034748373,6.2851596,-98.676476,0.6,0.0,0.5
0.008378737244831682,0.38996900309719046,0.5041926179521556,16.02,-0.36,1.0,0.11688589129305882,15.26,0.29446178827503033,5.1590285,-103.17071,0.6,0.0,0.5
0.022934034981189778,0.37342034165366145,0.5040604846583358,11.52,-0.36,1.0,-0.08148442030091729,15.265,0.29446178827503033,5.1590285,-103.17071,0.6,0.0,0.5
0.024363808153379116,0.3692132340053649,0.503769588562371,7.02,-0.36,1.0,0.1626636555070533,15.27,0.29446178827503033,5.1590285,-103.17071,0.6,0.0,0.5
0.03787918380386701,0.35132364666355403,0.5036221855935186,2.88,4.32,1.0,15.193029572435687,15.275,0.29446178827503033,5.1590285,-103.17071,0.6,0.0,0.5
0.05942552252264377,0.31923749318150485,0.5074558135120207,-0.54,11.16,1.0,3.6570329905087444,15.280000000000001,0.04466590728925768,6.0042915,-84.92583,0.6,0.0,0.5
0.08831966705899136,0.29148671512425267,0.5112274306518695,-1.98,12.6,1.0,-0.9054841761528181,15.285,0.04466590728925768,6.0042915,-84.92583,0.6,0.0,0.5
0.11055489260743794,0.26551652221400684,0.5138057253675365,-1.98,10.62,1.0,14.91836298715172,15.290000000000001,0.04466590728925768,6.0042915,-84.92583,0.6,0.0,0.5
0.11202488512959519,0.2354094150163523,0.5156668350694047,-0.54,9.9,1.0,1.7801446577349154,15.295,0.04466590728925768,6.0042915,-84.92583,0.6,0.0,0.5
0.1288773052926988,0.2071187987650375,0.515172547090818,1.98,6.3,1.0,0.2084414197210478,15.3,0.003572521956639736,6.1821814,-73.47086,0.6,0.0,0.5
0.1528137771384288,0.1810888504413534,0.5112575327966067,5.3999999999999995,0.36,1.0,9.241920224616237,15.305,0.003572521956639736,6.1821814,-73.47086,0.6,0.0,0.5
0.15844882550948766,0.1637297837190026,0.5079590086687577,7.56,-0.36,1.0,0.2847376934110386,15.31,0.003572521956639736,6.1821814,-73.47086,0.6,0.0,0.5
0.17594007713654028,0.14977541522612567,0.5057000521820482,10.08,0.72,1.0,0.010071108127071682,15.315,0.003572521956639736,6.1821814,-73.47086,0.6,0.0,0.5
0.19453609472680347,0.12400356331756285,0.5033148982628814,12.78,0.0,1.0,-0.31037324137088973,15.32,0.0,6.4451823,-93.01646,0.6,0.0,0.5
0.20834422157519966,0.12781157782450953,0.5025704875654493,15.12,-0.54,1.0,-0.43244727927487503,15.325000000000001,0.0,6.4451823,-93.01646,0.6,0.0,0.5
0.22463133826204074,0.10413131553408145,0.5023689709703374,17.82,-0.36,1.0,0.5288857692190092,15.33,0.0,6.4451823,-93.01646,0.6,0.0,0.5
0.24339671578023195,0.09861366859041072,0.5010785732794686,20.16,-0.36,1.0,0.22370067445904596,15.335,0.0,6.4451823,-93.01646,0.6,0.0,0.5
0.2572248093665558,0.09222868017312347,0.5013031308991285,22.68,-0.36,1.0,0.4068117313150239,15.34,0.0,-6.302284,-99.75114,0.0,0.0,0.5
0.2715885466821556,0.08400431277862785,0.5011581289879913,25.02,-0.36,1.0,-0.38666951506088054,15.345,0.0,-6.302284,-99.75114,0.0,0.0,0.5
0.2885534787568178,0.06220060925282898,0.5003068073252467,27.54,-0.36,1.0,0.0863673818170625,15.35,0.0,-6.302284,-99.75114,0.0,0.0,0.5
0.3021831524940144,0.06255510068992136,0.500543759281161,29.88,-0.36,1.0,0.23895992919704412,15.355,0.0,-6.302284,-99.75114,0.0,0.0,0.5
0.3144649691735715,0.04556791794498231,0.5008046798798304,32.4,-0.36,1.0,0.19318216498304963,15.36,0.0,-7.14907,25.648493,0.0,0.6,0.5
0.32921406381674095,0.0421245408170686,0.5001576117807723,34.74,-0.36,1.0,-0.26459547715689524,15.365,0.0,-7.14907,25.648493,0.0,0.6,0.5
0.341545058372793,0.04082781383856907,0.5004968035696918,37.08,-0.36,1.0,0.3762932218390276,15.370000000000001,0.0,-7.14907,25.648493,0.0,0.6,0.5
0.35240287665145864,0.036744076900748185,0.5000945011447135,39.42,-0.36,1.0,0.11688589129305882,15.375,0.0,-7.14907,25.648493,0.0,0.6,0.5
0.3647218875127309,0.02413483636458167,0.49977039585587696,41.76,-0.36,1.0,0.19318216498304963,15.38,0.0,-7.940156,96.816635,0.0,0.6,0.5
0.3767741302871694,0.02324175345295916,0.49928682155859583,44.1,-0.36,1.0,-0.23407696768089892,15.385,0.0,-7.940156,96.816635,0.0,0.6,0.5
0.3857840443398816,0.008114972961341546,0.4996172804411262,46.26,-0.36,1.0,0.19318216498304963,15.39,0.0,-7.940156,96.816635,0.0,0.6,0.5
0.395536185834978,-0.00488104088410152,0.49944728737041255,48.6,-0.36,1.0,0.010071108127071682,15.395,0.0,-7.940156,96.816635,0.0,0.6,0.5
0.40400272218997474,-0.00526696618505745,0.5003385476164159,50.76,-0.36,1.0,0.10162663655506066,15.4,0.0,-8.080928,97.14878,0.0,0.6,0.5
0.4128018113756637,0.009731116220731504,0.49947972320059086,52.739999999999995,-0.36,1.0,-0.05096591082492097,15.405000000000001,0.0,-8.080928,97.14878,0.0,0.6,0.5
0.42076979844604334,0.003848090149190641,0.499731415820529,54.9,-0.36,1.0,-0.035706656086922806,15.41,0.0,-8.080928,97.14878,0.0,0.6,0.5
0.42772105219901324,-0.006507902461830735,0.5000175984512137,56.879999999999995,-0.36,1.0,-0.12726218451491178,15.415000000000001,0.0,-8.080928,97.14878,0.0,0.6,0.5
0.4329238409763028,0.014363510487502661,0.4996432120012141,58.86,-0.36,1.0,0.5594042786950055,15.42,0.0,-8.055261,94.81493,0.0,0.6,0.5
0.43178301728822494,-0.005375159520628963,0.5005044352330814,60.66,-0.36,1.0,0.010071108127071682,15.425,0.0,-8.055261,94.81493,0.0,0.6,0.5
0.43196296891499353,0.001314234509267533,0.5000668975158834,62.46,-0.36,1.0,0.05584887234106617,15.43,0.0,-8.055261,94.81493,0.0,0.6,0.5
0.431307939754429,0.008452351045359985,0.5002652636746691,64.08,-0.36,1.0,0.05584887234106617,15.435,0.0,-8.055261,94.81493,0.0,0.6,0.5
0.42787422937708797,-0.0035788118483096533,0.5009558511452655,65.7,-0.36,1.0,0.22370067445904596,15.44,0.002390049378059792,-7.8833265,81.4729,0.0,0.6,0.5
0.42524296499672515,0.003211991005693529,0.5009943354724226,67.14,-0.36,1.0,0.11688589129305882,15.445,0.002390049378059792,-7.8833265,81.4729,0.0,0.6,0.5
0.41615369699218185,0.018437365830220993,0.5008460709778734,68.22,-0.36,1.0,0.19318216498304963,15.450000000000001,0.002390049378059792,-7.8833265,81.4729,0.0,0.6,0.5
0.39770191220511625,0.0540169763098587,0.5010342280170188,69.48,-0.36,1.0,-0.035706656086922806,15.455,0.002390049378059792,-7.8833265,81.4729,0.0,0.6,0.5
0.3715783414885652,0.043878963893807084,0.5015517028429544,70.38,-0.36,1.0,0.05584887234106617,15.46,0.032663364320836705,-7.8848352,73.141075,0.0,0.6,0.5
0.343327631164298,0.059751216361912794,0.5018295687166832,71.1,-0.36,1.0,-0.12726218451491178,15.465,0.032663364320836705,-7.8848352,73.141075,0.0,0.6,0.5
0.31280896700622585,0.07934027819835113,0.502370302891526,71.46,-0.36,1.0,-0.08148442030091729,15.47,0.032663364320836705,-7.8848352,73.141075,0.0,0.6,0.5
0.28334163957681807,0.10401622562324522,0.5027500970928004,71.82,-0.36,1.0,-0.18829920346690443,15.475,0.032663364320836705,-7.8848352,73.141075,0.0,0.6,0.5
0.25456443113696675,0.12971017644837804,0.5027118545225648,71.64,-0.36,1.0,-0.08148442030091729,15.48,0.23537833584344223,-8.064668,-43.299904,0.0,0.0,0.5
0.2272183806152142,0.14412247122214075,0.5031679379402546,71.46,-0.36,1.0,-0.020447401348924643,15.485000000000001,0.23537833584344223,-8.064668,-43.299904,0.0,0.0,0.5
0.20165574654338456,0.17134842408439274,0.5031541937510646,70.92,-0.36,1.0,0.07110812707906433,15.49,0.23537833584344223,-8.064668,-43.299904,0.0,0.0,0.5
0.17806944113307296,0.1773431820957705,0.5034422287977821,70.02,-0.36,1.0,0.07110812707906433,15.495000000000001,0.23537833584344223,-8.064668,-43.299904,0.0,0.0,0.5
0.15738190246172656,0.19531006157552827,0.50351691356671,68.75999999999999,-0.36,1.0,0.19318216498304963,15.5,0.8943831171122336,-8.122191,79.22093,0.0,0.6,0.5
0.13767393049010918,0.21483408756848948,0.5037618992126891,67.5,-0.36,1.0,0.04058961760306801,15.505,0.8943831171122336,-8.122191,79.22093,0.0,0.6,0.5
0.1213799529447716,0.2362242764070148,0.5035589213934912,65.88,-0.36,1.0,0.2084414197210478,15.51,0.8943831171122336,-8.122191,79.22093,0.0,0.6,0.5
0.11431115894324402,0.2592450123505591,0.5033973904704181,63.9,-0.36,1.0,0.10162663655506066,15.515,0.8943831171122336,-8.122191,79.22093,0.0,0.6,0.5
0.09749454108219027,0.27419998718113353,0.503317640419169,61.739999999999995,-0.36,1.0,0.07110812707906433,15.52,1.7919761650144863,-7.856924,37.34105,0.0,0.6,0.5
0.08012957712287423,0.2808850472749736,0.5035659771386874,59.22,-0.36,1.0,-0.14252143925290994,15.525,1.7919761650144863,-7.856924,37.34105,0.0,0.6,0.5
0.07472718536892413,0.2903091525944833,0.5038699121749235,56.519999999999996,-0.36,1.0,0.05584887234106617,15.530000000000001,1.7919761650144863,-7.856924,37.34105,0.0,0.6,0.5
0.062190858712880305,0.3194972568043742,0.5041456297607675,53.82,-0.36,1.0,0.0863673818170625,15.535,1.7919761650144863,-7.856924,37.34105,0.0,0.6,0.5
0.054578644677497665,0.3293619229172334,0.504017821153771,50.76,-0.36,1.0,0.07110812707906433,15.540000000000001,1.8931821307525194,-8.188728,86.13277,0.0,0.6,0.5
0.053400019029134035,0.3378790602495783,0.5040613927104505,47.519999999999996,-0.36,1.0,-0.24933622241889708,15.545,1.8931821307525194,-8.188728,86.13277,0.0,0.6,0.5
0.05344604507610806,0.34619616931359937,0.5042340480650499,44.28,-0.36,1.0,0.10162663655506066,15.55,1.8931821307525194,-8.188728,86.13277,0.0,0.6,0.5
0.03986195785177551,0.35748615843627396,0.5042583976224545,40.68,-0.36,1.0,0.11688589129305882,15.555,1.8931821307525194,-8.188728,86.13277,0.0,0.6,0.5
0.03435472564918738,0.3587118763402577,0.5045529509688507,37.26,-0.36,1.0,0.17792291024505147,15.56,1.0546396525563844,-7.9848127,-79.58081,0.0,0.0,0.5
0.025874908151170474,0.365442558370001,0.504682209543156,33.48,-0.36,1.0,0.2542191839350423,15.565,1.0546396525563844,-7.9848127,-79.58081,0.0,0.0,0.5
0.023118778457176078,0.36402364235531937,0.5047316471059238,29.88,-0.36,1.0,0.26947843867304044,15.57,1.0546396525563844,-7.9848127,-79.58081,0.0,0.0,0.5
0.000447582987866659,0.3664946438722226,0.5046569186268575,25.919999999999998,-0.36,1.0,0.3305154576250331,15.575000000000001,1.0546396525563844,-7.9848127,-79.58081,0.0,0.0,0.5
-0.0006540824501239653,0.3653447441235688,0.5047664094135894,22.14,-0.36,1.0,0.2084414197210478,15.58,0.6744272607585503,2.3941371,-96.326805,0.6,0.0,0.5
-0.0032027432455251003,0.3642220037450563,0.504772199290132,18.18,-0.36,1.0,0.07110812707906433,15.585,0.6744272607585503,2.3941371,-96.326805,0.6,0.0,0.5
-0.0003356324984739687,0.35720252870680275,0.5047342419221469,14.219999999999999,-0.36,1.0,0.025330362865069844,15.59,0.6744272607585503,2.3941371,-96.326805,0.6,0.0,0.5
0.0007292441571074503,0.3599869569346175,0.5044484239836008,10.08,-0.36,1.0,0.07110812707906433,15.595,0.6744272607585503,2.3941371,-96.326805,0.6,0.0,0.5
-0.017679956948612338,0.35906909745872245,0.5041920212639219,5.9399999999999995,-0.36,1.0,0.0863673818170625,15.6,1.5931110649651645,6.950528,-111.53623,0.6,0.0,0.5
-0.014463420727894881,0.36601339025790364,0.5041989381306248,2.16,5.76,1.0,5.900143436994529,15.605,1.5931110649651645,6.950528,-111.53623,0.6,0.0,0.5
-0.012554122435653943,0.3845460258441216,0.5081187524739907,-0.54,10.62,1.0,1.8106631672109117,15.610000000000001,1.5931110649651645,6.950528,-111.53623,0.6,0.0,0.5
-0.018549980406096872,0.393278442308737,0.5111654721694244,-1.6199999999999999,11.16,1.0,-0.7376323740348383,15.615,1.5931110649651645,6.950528,-111.53623,0.6,0.0,0.5
-0.028098407865602134,0.39417341314735255,0.5137187931181549,-1.6199999999999999,10.62,1.0,0.5594042786950055,15.620000000000001,1.9843054409969774,6.263954,-85.672195,0.6,0.0,0.5
-0.032258635174839026,0.40170130081135286,0.5156174243486017,-0.54,9.54,1.0,1.841181676686908,15.625,1.9843054409969774,6.263954,-85.672195,0.6,0.0,0.5
-0.03148296194155798,0.4113019487371779,0.5141098261346004,1.44,5.58,1.0,8.204290902432309,15.63,1.9843054409969774,6.263954,-85.672195,0.6,0.0,0.5
-0.03599008785695543,0.4176310560834849,0.5112354359420056,3.96,2.6999999999999997,1.0,1.1697744682149889,15.635,1.9843054409969774,6.263954,-85.672195,0.6,0.0,0.5
-0.0161457204330437,0.43422631737433565,0.508615707698641,6.84,-0.72,1.0,0.04058961760306801,15.64,1.3032343669098247,-2.4905279,-53.19906,0.0,0.0,0.5
-0.01707097003344619,0.4333296831831462,0.5052687073089799,7.38,0.18,1.0,-0.8444471572008254,15.645,1.3032343669098247,-2.4905279,-53.19906,0.0,0.0,0.5
-0.027483064406063778,0.4298755905409653,0.5036778071865274,9.0,0.8999999999999999,1.0,-0.11200292977691362,15.65,1.3032343669098247,-2.4905279,-53.19906,0.0,0.0,0.5
-0.013421187415147643,0.4360811881558825,0.5034157335280838,10.44,0.18,1.0,0.1626636555070533,15.655000000000001,1.3032343669098247,-2.4905279,-53.19906,0.0,0.0,0.5
0.0027044903670613686,0.4416659514262054,0.5020476374352408,11.7,-0.54,1.0,0.2084414197210478,15.66,0.4513236132105628,4.270042,-37.17839,0.6,0.0,0.5
-0.008879292535371097,0.44045122156006183,0.5015786259396489,12.78,-0.18,1.0,0.1626636555070533,15.665000000000001,0.4513236132105628,4.270042,-37.17839,0.6,0.0,0.5
0.002812774400149356,0.41782733227891483,0.5015959952692269,13.86,-0.36,1.0,0.0863673818170625,15.67,0.4513236132105628,4.270042,-37.17839,0.6,0.0,0.5
0.004175418543098714,0.3864836881075019,0.5010349673131782,14.76,-0.36,1.0,0.0863673818170625,15.675,0.4513236132105628,4.270042,-37.17839,0.6,0.0,0.5
0.019327246972787215,0.35612357993539084,0.501060642609646,15.66,-0.36,1.0,-0.12726218451491178,15.68,0.08241478316048456,4.8691716,-41.334488,0.6,0.0,0.5
0.049918131181084104,0.32622818185878405,0.5014102872422771,16.38,-0.36,1.0,-0.17303994872890627,15.685,0.08241478316048456,4.8691716,-41.334488,0.6,0.0,0.5
0.06520808215980729,0.28548541396403493,0.5009770366909436,17.099999999999998,-0.36,1.0,0.1626636555070533,15.69,0.08241478316048456,4.8691716,-41.334488,0.6,0.0,0.5
0.08317797500469143,0.25708742386535877,0.5008382473456153,17.64,-0.36,1.0,0.3305154576250331,15.695,0.08241478316048456,4.8691716,-41.334488,0.6,0.0,0.5
0.10462523334586224,0.22978666399037098,0.5008391841857175,18.18,-0.36,1.0,0.31525620288703493,15.700000000000001,0.007935489399336068,4.65578,-37.147774,0.6,0.0,0.5
0.12275956495486899,0.19469698014182144,0.5005822260122846,18.54,-0.36,1.0,0.10162663655506066,15.705,0.007935489399336068,4.65578,-37.147774,0.6,0.0,0.5
0.1460150566570862,0.17821846029895438,0.5004940770430965,18.9,-0.36,1.0,-0.06622516556291913,15.71,0.007935489399336068,4.65578,-37.147774,0.6,0.0,0.5
0.16682018230847942,0.16810670897808055,0.5002379692854086,19.259999999999998,-0.36,1.0,0.11688589129305882,15.715,0.007935489399336068,4.65578,-37.147774,0.6,0.0,0.5
0.1853798294952807,0.15852037476000927,0.5000653993848575,19.62,-0.36,1.0,-0.020447401348924643,15.72,0.0,6.6136274,-85.64041,0.6,0.0,0.5
0.19476949368694738,0.13413693073359795,0.4999687035160723,19.8,-0.36,1.0,0.17792291024505147,15.725,0.0,6.6136274,-85.64041,0.6,0.0,0.5
0.19822799609874395,0.12131141086372825,0.4999343975583528,19.98,-0.36,1.0,0.04058961760306801,15.73,0.0,6.6136274,-85.64041,0.6,0.0,0.5
0.20037705935622577,0.11616449485016143,0.4998457558832706,20.16,-0.36,1.0,-0.14252143925290994,15.735000000000001,0.0,6.6136274,-85.64041,0.6,0.0,0.5
0.20180229541358494,0.09923060034507103,0.49943796554364717,20.16,-0.36,1.0,0.14740440076905514,15.74,0.0,7.4781513,-84.22592,0.6,0.0,0.5
0.20423390731530996,0.09254163930903143,0.49939953461048725,20.34,-0.36,1.0,0.025330362865069844,15.745000000000001,0.0,7.4781513,-84.22592,0.6,0.0,0.5
0.20810473853531122,0.097252939192471,0.49935471179458196,20.34,-0.36,1.0,0.05584887234106617,15.75,0.0,7.4781513,-84.22592,0.6,0.0,0.5
0.2121198378759172,0.07196515468872026,0.4995261614817463,20.34,-0.36,1.0,0.0863673818170625,15.755,0.0,7.4781513,-84.22592,0.6,0.0,0.5
0.22519385576610212,0.06148737921579426,0.49898484122013026,20.34,-0.36,1.0,-0.11200292977691362,15.76,0.0,7.950215,-86.92878,0.6,0.0,0.5
0.24324132676714583,0.04397983006434991,0.49914532031362674,20.52,-0.36,1.0,0.025330362865069844,15.765,0.0,7.950215,-86.92878,0.6,0.0,0.5
0.26026688347597265,0.036610903478771,0.49942495969210016,20.52,-0.36,1.0,0.07110812707906433,15.77,0.0,7.950215,-86.92878,0.6,0.0,0.5
0.27656088568198073,0.034025270570172635,0.49931689217038133,20.7,-0.36,1.0,-0.14252143925290994,15.775,0.0,7.950215,-86.92878,0.6,0.0,0.5
0.29702928148254715,0.029027197348428558,0.49866783202696235,21.06,-0.36,1.0,-0.06622516556291913,15.780000000000001,0.0,6.948013,-91.69308,0.6,0.0,0.5
0.3125664854667286,0.010016126798315978,0.49869322736697597,21.599999999999998,-0.36,1.0,0.11688589129305882,15.785,0.0,6.948013,-91.69308,0.6,0.0,0.5
0.3268408964548004,0.011431968796086961,0.4984353540162248,22.14,-0.36,1.0,-0.05096591082492097,15.790000000000001,0.0,6.948013,-91.69308,0.6,0.0,0.5
0.3426202481249382,0.014792879633685424,0.4984770023312893,22.86,-0.36,1.0,-0.020447401348924643,15.795,0.0,6.948013,-91.69308,0.6,0.0,0.5
0.35625152166634916,0.0225479875718015,0.4988340295537601,23.939999999999998,-0.54,1.0,-0.035706656086922806,15.8,0.0,7.2895613,-90.58859,0.6,0.0,0.5
0.367655216422909,0.014220709260132927,0.49893217545840884,25.02,-0.54,1.0,-0.035706656086922806,15.805,0.0,7.2895613,-90.58859,0.6,0.0,0.5
0.3806536047946372,0.010314329086677398,0.49895015114919405,26.459999999999997,-0.54,1.0,-0.21881771294290076,15.81,0.0,7.2895613,-90.58859,0.6,0.0,0.5
0.39114178903677294,-0.0016609770771677918,0.4996260302103229,28.08,-0.54,1.0,-0.035706656086922806,15.815,0.0,7.2895613,-90.58859,0.6,0.0,0.5
0.4003157409704201,0.009382413707716804,0.49963396361969675,29.88,-0.54,1.0,0.04058961760306801,15.82,0.0,6.9971104,-83.260635,0.6,0.0,0.5
0.4096017885606318,0.003915606232377919,0.5002715937125402,31.86,-0.54,1.0,0.3610339671010294,15.825000000000001,0.0,6.9971104,-83.260635,0.6,0.0,0.5
0.4177667132965147,0.0034832163690190175,0.5006943747293915,34.019999999999996,-0.54,1.0,0.1626636555070533,15.83,0.0,6.9971104,-83.260635,0.6,0.0,0.5
0.42467111855325834,-0.0033858480062127893,0.5004367379238202,36.36,-0.36,1.0,0.0863673818170625,15.835,0.0,6.9971104,-83.260635,0.6,0.0,0.5
0.4311198330439106,-0.022136759949203243,0.5006197114079486,38.699999999999996,-0.36,1.0,0.025330362865069844,15.84,0.0,7.162819,-70.564926,0.6,0.0,0.5
0.43731197394224,-0.006247781834628271,0.501165960016679,41.4,-0.36,1.0,0.23895992919704412,15.845,0.0,7.162819,-70.564926,0.6,0.0,0.5
0.44242960889944616,-0.0038084928609399653,0.5011000648505222,44.1,-0.36,1.0,-0.2035584582049026,15.85,0.0,7.162819,-70.564926,0.6,0.0,0.5
0.44671528882791417,-0.005612082079617892,0.5019141002129854,46.8,-0.36,1.0,0.2847376934110386,15.855,0.0,7.162819,-70.564926,0.6,0.0,0.5
0.4520909829999736,-0.007965192703100416,0.5019920401549782,49.5,-0.36,1.0,-0.005188146610926481,15.860000000000001,0.0,-6.63018,-76.59219,0.0,0.0,0.5
0.4564065964245754,-0.00438094369849016,0.5020222695826716,52.199999999999996,-0.36,1.0,0.17792291024505147,15.865,0.0,-6.63018,-76.59219,0.0,0.0,0.5
0.46115458118836233,0.0004480824406679119,0.5019344356850404,55.08,-0.36,1.0,-0.29511398663289157,15.870000000000001,0.0,-6.63018,-76.59219,0.0,0.0,0.5
0.4654171453755527,-0.006147571670821896,0.5024142343633723,57.78,-0.36,1.0,0.17792291024505147,15.875,0.0,-6.63018,-76.59219,0.0,0.0,0.5
0.46890666956244,-0.015551436982908829,0.5027452350930339,60.48,-0.36,1.0,0.26947843867304044,15.88,0.0,-6.4700546,-67.30788,0.0,0.0,0.5
0.4735659123443805,-0.00045160392296053495,0.5025814879092103,63.18,-0.36,1.0,0.1626636555070533,15.885,0.0,-6.4700546,-67.30788,0.0,0.0,0.5
0.4774813267512284,0.00042905240746582055,0.5030202097500676,65.7,-0.36,1.0,-0.26459547715689524,15.89,0.0,-6.4700546,-67.30788,0.0,0.0,0.5
0.48128933119810846,-0.01849029237246557,0.5030907516731402,68.22,-0.36,1.0,0.14740440076905514,15.895,0.0,-6.4700546,-67.30788,0.0,0.0,0.5
0.4844825057603656,-0.018967989943859537,0.5033813980995199,70.74,-0.36,1.0,0.10162663655506066,15.9,0.0,-7.6923704,-89.317894,0.0,0.0,0.5
0.48792165679915467,-0.023617261236956188,0.5038507002122247,72.89999999999999,-0.36,1.0,0.23895992919704412,15.905000000000001,0.0,-7.6923704,-89.317894,0.0,0.0,0.5
0.4914010975186695,-0.023595425996056327,0.5039785714609768,74.88,-0.36,1.0,-0.06622516556291913,15.91,0.0,-7.6923704,-89.317894,0.0,0.0,0.5
0.4952700917019005,-0.020732004534443436,0.5036219093567768,76.67999999999999,-0.36,1.0,0.14740440076905514,15.915000000000001,0.0,-7.6923704,-89.317894,0.0,0.0,0.5
0.4984666008736287,-0.007138750470370417,0.5038162281123715,78.11999999999999,-0.36,1.0,0.05584887234106617,15.92,0.0,-6.828124,-10.333481,0.0,0.0,0.5
0.5001751607682045,-0.019885389834129286,0.5049478145597425,79.38,-0.36,1.0,0.2847376934110386,15.925,0.0,-6.828124,-10.333481,0.0,0.0,0.5
0.5020960214745829,-0.022500986952380814,0.5050068845844936,80.28,-0.36,1.0,-0.24933622241889708,15.93,0.0,-6.828124,-10.333481,0.0,0.0,0.5
0.5022449461013363,-0.029568587139739637,0.5054060673428747,80.82,-0.36,1.0,0.010071108127071682,15.935,0.0,-6.828124,-10.333481,0.0,0.0,0.5
0.5030416212904882,-0.019727299986116706,0.5051037569959526,81.0,-0.36,1.0,-0.11200292977691362,15.94,0.0,-7.984481,92.00334,0.0,0.6,0.5
0.5030502706412355,-0.016737128039659942,0.5047788011655523,81.0,-0.36,1.0,0.2847376934110386,15.945,0.0,-7.984481,92.00334,0.0,0.6,0.5
0.5010771895750809,-0.004177968716179694,0.5050603920717854,80.64,-0.36,1.0,-0.14252143925290994,15.950000000000001,0.0,-7.984481,92.00334,0.0,0.6,0.5
0.4994812125751101,-0.00507421807916672,0.5047156370077942,79.92,-0.36,1.0,-0.020447401348924643,15.955,0.0,-7.984481,92.00334,0.0,0.6,0.5
0.49698623903567596,0.0018302511207954567,0.5047117848716219,79.2,-0.36,1.0,-0.14252143925290994,15.96,0.0,-6.5013075,71.71248,0.0,0.6,0.5
0.4878428589681897,-0.007267100942986378,0.5042044311807939,78.11999999999999,-0.36,1.0,0.0863673818170625,15.965,0.0,-6.5013075,71.71248,0.0,0.6,0.5
0.4670923325540514,-0.01268060606191127,0.5042820931140451,77.03999999999999,-0.36,1.0,0.07110812707906433,15.97,0.0,-6.5013075,71.71248,0.0,0.6,0.5
0.43881299461216977,-0.0031772648477220227,0.5037409854014453,75.78,-0.36,1.0,0.34577471236303126,15.975,0.0,-6.5013075,71.71248,0.0,0.6,0.5
0.4069732267852686,-0.012490065435065523,0.5037587061564575,74.52,-0.36,1.0,-0.21881771294290076,15.98,0.0,-8.262639,93.05924,0.0,0.6,0.5
0.3736205707408925,-0.012351908035300202,0.5035057457557289,73.08,-0.36,1.0,0.23895992919704412,15.985000000000001,0.0,-8.262639,93.05924,0.0,0.6,0.5
0.34179246538693636,-0.00727620457427509,0.5026122728706588,71.64,-0.36,1.0,-0.1577806939909081,15.99,0.0,-8.262639,93.05924,0.0,0.6,0.5
0.30964421933916575,-0.013967078500381475,0.5026440254936162,70.2,-0.36,1.0,0.04058961760306801,15.995000000000001,0.0,-8.262639,93.05924,0.0,0.6,0.5
0.2790713930828942,-0.01628735800222725,0.5025655850917063,68.58,-0.36,1.0,-0.34089175084688605,16.0,0.0018875144942112115,-7.928363,90.93665,0.0,0.6,0.5
0.24984726048347566,-0.017922291840877437,0.502467200715691,66.78,-0.36,1.0,0.39155247657702574,16.005,0.0018875144942112115,-7.928363,90.93665,0.0,0.6,0.5
0.22329199793557228,-0.01323452236864911,0.5017795271861135,64.98,-0.36,1.0,-0.035706656086922806,16.01,0.0018875144942112115,-7.928363,90.93665,0.0,0.6,0.5
0.1977963635581104,-0.015297712926690335,0.501807427655792,63.18,-0.36,1.0,0.17792291024505147,16.015,0.0018875144942112115,-7.928363,90.93665,0.0,0.6,0.5
0.17499547562077644,-0.009519972199614462,0.5015546088024416,61.379999999999995,-0.36,1.0,-0.1577806939909081,16.02,0.02714605181148926,-7.5155773,82.4709,0.0,0.6,0.5
0.1538301747920245,0.00424966226070576,0.5017193000380297,59.4,-0.36,1.0,0.22370067445904596,16.025,0.02714605181148926,-7.5155773,82.4709,0.0,0.6,0.5
0.13654505059075864,0.018888886303286105,0.5013640277368493,57.419999999999995,-0.36,1.0,0.025330362865069844,16.03,0.02714605181148926,-7.5155773,82.4709,0.0,0.6,0.5
0.11252467386446681,0.011059067670895824,0.5013295329215653,55.44,-0.36,1.0,0.5441450239570074,16.035,0.02714605181148926,-7.5155773,82.4709,0.0,0.6,0.5
0.1059925669960446,0.03075483039430238,0.500890173172604,53.28,-0.36,1.0,0.025330362865069844,16.04,0.2058612396375533,-6.1481476,22.609797,0.0,0.6,0.5
0.09596950017899095,0.06436496804929506,0.5007998875250614,50.94,-0.36,1.0,0.34577471236303126,16.045,0.2058612396375533,-6.1481476,22.609797,0.0,0.6,0.5
0.07169986705451846,0.08532041508978523,0.5005180689392681,48.78,-0.36,1.0,-0.23407696768089892,16.05,0.2058612396375533,-6.1481476,22.609797,0.0,0.6,0.5
0.0644136780664675,0.11209083779155661,0.5003916768040187,46.44,-0.36,1.0,0.2084414197210478,16.055,0.2058612396375533,-6.1481476,22.609797,0.0,0.6,0.5
0.06483578939771828,0.11967806720989231,0.5001995976061334,43.92,-0.36,1.0,0.10162663655506066,16.06,0.8231785119981365,5.4197817,-86.16448,0.6,0.0,0.5
0.05493612379886948,0.13636206283392163,0.4998813716212571,41.4,-0.36,1.0,0.2847376934110386,16.065,0.8231785119981365,5.4197817,-86.16448,0.6,0.0,0.5
0.053722078279669544,0.14088235142667885,0.4999079151625726,38.879999999999995,-0.36,1.0,-0.08148442030091729,16.07,0.8231785119981365,5.4197817,-86.16448,0.6,0.0,0.5
0.04316562700461331,0.16830311825956965,0.5002687326004636,36.36,-0.36,1.0,0.11688589129305882,16.075,0.8231785119981365,5.4197817,-86.16448,0.6,0.0,0.5
0.041354824869671486,0.18294395234845798,0.5003021414314825,33.48,-0.36,1.0,-0.05096591082492097,16.080000000000002,1.7356613728967158,7.049367,-99.68737,0.6,0.0,0.5
0.033043512099839946,0.20506013738192602,0.5002480447376884,30.779999999999998,-0.36,1.0,0.10162663655506066,16.085,1.7356613728967158,7.049367,-99.68737,0.6,0.0,0.5
0.015915109332206044,0.23266349607671705,0.5003287999327629,27.9,-0.36,1.0,-0.23407696768089892,16.09,1.7356613728967158,7.049367,-99.68737,0.6,0.0,0.5
0.0026368668601953853,0.25063751658217803,0.5002906250563054,25.02,-0.36,1.0,0.11688589129305882,16.095,1.7356613728967158,7.049367,-99.68737,0.6,0.0,0.5
0.014945516137173731,0.26374981259524277,0.5005498788826035,21.96,-0.36,1.0,-0.18829920346690443,16.1,1.9296898081793017,6.636964,-88.78076,0.6,0.0,0.5
-0.008205829515861738,0.28084550291895716,0.5005993072681708,19.08,-0.36,1.0,-0.06622516556291913,16.105,1.9296898081793017,6.636964,-88.78076,0.6,0.0,0.5
-0.0004807577499922542,0.30478304851518173,0.5008233388963512,15.84,-0.36,1.0,0.04058961760306801,16.11,1.9296898081793017,6.636964,-88.78076,0.6,0.0,0.5
0.012845879998499616,0.30842087561342346,0.5010571257912908,12.78,-0.36,1.0,0.22370067445904596,16.115000000000002,1.9296898081793017,6.636964,-88.78076,0.6,0.0,0.5
0.005764729581983415,0.31996485766381044,0.501195707162874,9.54,-0.36,1.0,0.10162663655506066,16.12,1.1312576768589224,4.423889,-67.50854,0.6,0.0,0.5
0.0015581117466885927,0.33384168732541797,0.5014102127191509,6.3,-0.36,1.0,0.23895992919704412,16.125,1.1312576768589224,4.423889,-67.50854,0.6,0.0,0.5
-0.004162644845010695,0.3501123469755507,0.5014238401237541,3.2399999999999998,3.5999999999999996,1.0,7.883846552934347,16.13,1.1312576768589224,4.423889,-67.50854,0.6,0.0,0.5
-0.00270695542965473,0.35747306979885807,0.5049123093460695,1.08,7.739999999999999,1.0,2.2684408093508566,16.135,1.1312576768589224,4.423889,-67.50854,0.6,0.0,0.5
-0.006178429577582884,0.35782496888384013,0.5074419831387046,0.36,7.92,1.0,-0.9665211951048107,16.14,0.3496931356063595,2.5140202,-58.34187,0.6,0.0,0.5
0.005576131703345691,0.3659690345489688,0.5089419681998547,0.36,7.739999999999999,1.0,1.65807061983093,16.145,0.3496931356063595,2.5140202,-58.34187,0.6,0.0,0.5
0.011675590391600328,0.3695436218937638,0.5108288540819733,1.6199999999999999,6.12,1.0,0.6509598071229945,16.15,0.3496931356063595,2.5140202,-58.34187,0.6,0.0,0.5
0.03388313532846467,0.37181504543109095,0.5096394050461015,3.42,2.88,1.0,8.18903164769431,16.155,0.3496931356063595,2.5140202,-58.34187,0.6,0.0,0.5
0.05236503905124986,0.3839114338178293,0.5071162069577511,5.9399999999999995,0.18,1.0,0.4525894955290184,16.16,0.056998602376975134,2.883828,-40.205833,0.6,0.0,0.5
0.07020570116502614,0.3623543980481166,0.5054782620809378,7.02,-0.36,1.0,-0.26459547715689524,16.165,0.056998602376975134,2.883828,-40.205833,0.6,0.0,0.5
0.08706715650644975,0.340873748100588,0.5031138400394379,8.459999999999999,0.54,1.0,-0.6308175908688511,16.17,0.056998602376975134,2.883828,-40.205833,0.6,0.0,0.5
0.10703606854881693,0.31180660282656414,0.5020003371918074,10.08,0.0,1.0,-0.4477065340128732,16.175,0.056998602376975134,2.883828,-40.205833,0.6,0.0,0.5
0.12836532461691788,0.2888680089617754,0.5016134729558588,11.34,-0.54,1.0,0.04058961760306801,16.18,0.004898835291083758,-1.0303061,0.6072172,0.0,0.4821651577949524,0.5
0.13562227571783347,0.2570164020947331,0.5007749272887605,12.78,-0.36,1.0,0.3762932218390276,16.185,0.004898835291083758,-1.0303061,0.6072172,0.0,0.4821651577949524,0.5
0.15544671009510871,0.23297033366337278,0.5003630136923913,13.86,-0.54,1.0,0.10162663655506066,16.19,0.004898835291083758,-1.0303061,0.6072172,0.0,0.4821651577949524,0.5
0.17611401241390237,0.21111744374613198,0.5001894298863092,15.12,-0.36,1.0,-0.18829920346690443,16.195,0.004898835291083758,-1.0303061,0.6072172,0.0,0.4821651577949524,0.5
0.19138872928727307,0.1885061803958932,0.5002470350631433,16.38,-0.36,1.0,-0.08148442030091729,16.2,0.0,-1.4331205,-74.1901,0.0,0.0,0.5
0.20713508447552229,0.16601862753304852,0.5000249649532226,17.64,-0.36,1.0,0.22370067445904596,16.205000000000002,0.0,-1.4331205,-74.1901,0.0,0.0,0.5
0.2260564651289084,0.151898055870296,0.49998826896084986,18.9,-0.54,1.0,-0.11200292977691362,16.21,0.0,-1.4331205,-74.1901,0.0,0.0,0.5
0.2421459273193482,0.14792226794996666,0.4996444690842044,20.16,-0.54,1.0,0.19318216498304963,16.215,0.0,-1.4331205,-74.1901,0.0,0.0,0.5
0.2561055640010788,0.13722140507517275,0.4993154126731318,21.419999999999998,-0.54,1.0,-0.06622516556291913,16.22,0.0,-4.469461,-78.00406,0.0,0.0,0.5
0.27326138703925995,0.12733746807184598,0.4992880611849714,22.86,-0.54,1.0,0.04058961760306801,16.225,0.0,-4.469461,-78.00406,0.0,0.0,0.5
0.28827936059614767,0.09915019571102011,0.4993625282519519,24.3,-0.54,1.0,-0.08148442030091729,16.23,0.0,-4.469461,-78.00406,0.0,0.0,0.5
0.3005828999912132,0.09716018644599662,0.49980233987452893,25.74,-0.54,1.0,0.05584887234106617,16.235,0.0,-4.469461,-78.00406,0.0,0.0,0.5
0.3151011908935909,0.08276107636369419,0.4996333179295374,27.18,-0.54,1.0,-0.020447401348924643,16.240000000000002,0.0,-6.910768,39.254295,0.0,0.6,0.5
0.3296418224018024,0.05363845170159371,0.4994870988490655,28.799999999999997,-0.54,1.0,0.010071108127071682,16.245,0.0,-6.910768,39.254295,0.0,0.6,0.5
0.3412485954282934,0.04693082351257656,0.4991539173729312,30.599999999999998,-0.54,1.0,-0.29511398663289157,16.25,0.0,-6.910768,39.254295,0.0,0.6,0.5
0.3540666995913962,0.0526194234841661,0.49914309427689085,32.22,-0.54,1.0,0.10162663655506066,16.255,0.0,-6.910768,39.254295,0.0,0.6,0.5
0.36624882226291555,0.043127039067003554,0.4993280528753991,34.199999999999996,-0.54,1.0,0.010071108127071682,16.26,0.0,-4.299305,76.852516,0.0,0.6,0.5
0.37438890057650803,0.03987262869599544,0.49910899444216544,36.0,-0.54,1.0,0.010071108127071682,16.265,0.0,-4.299305,76.852516,0.0,0.6,0.5
0.3746810681204841,0.048792762873994894,0.49926298791434154,37.98,-0.54,1.0,-0.31037324137088973,16.27,0.0,-4.299305,76.852516,0.0,0.6,0.5
0.37266438300440274,0.07352499215217526,0.4993149870571882,39.78,-0.36,1.0,0.05584887234106617,16.275,0.0,-4.299305,76.852516,0.0,0.6,0.5
0.3691923988416601,0.08964706118370439,0.49993593984134466,41.76,-0.36,1.0,0.025330362865069844,16.28,0.0,-7.7679806,92.15309,0.0,0.6,0.5
0.3626849604562961,0.09751463180090224,0.5003878818330019,43.559999999999995,-0.36,1.0,0.19318216498304963,16.285,0.0,-7.7679806,92.15309,0.0,0.6,0.5
0.3498448055708121,0.09531016588581818,0.500218168048272,45.18,-0.36,1.0,0.07110812707906433,16.29,0.0,-7.7679806,92.15309,0.0,0.6,0.5
0.32916544100059575,0.10540527306782099,0.5004171274668829,46.8,-0.36,1.0,0.26947843867304044,16.295,0.0,-7.7679806,92.15309,0.0,0.6,0.5
0.30538010483015926,0.10152855709669246,0.5007688657519771,48.42,-0.36,1.0,0.010071108127071682,16.3,0.0,-8.459506,96.87058,0.0,0.6,0.5
0.27838026830594,0.09088972544576582,0.5014370231481026,49.86,-0.36,1.0,0.2847376934110386,16.305,0.0,-8.459506,96.87058,0.0,0.6,0.5
0.25217781829877334,0.09244687525109214,0.5017280751433076,51.3,-0.36,1.0,-0.1577806939909081,16.31,0.0,-8.459506,96.87058,0.0,0.6,0.5
0.22580347588354016,0.10033308764949668,0.5020250544062923,52.379999999999995,-0.36,1.0,0.010071108127071682,16.315,0.0,-8.459506,96.87058,0.0,0.6,0.5
0.2015253529876099,0.09945945663244116,0.5021729594253538,53.64,-0.36,1.0,-0.17303994872890627,16.32,0.0019601718443575554,-8.072638,94.07334,0.0,0.6,0.5
0.17814298445697857,0.09391093068507801,0.5026994503447544,54.72,-0.36,1.0,0.05584887234106617,16.325,0.0019601718443575554,-8.072638,94.07334,0.0,0.6,0.5
0.1578441666090336,0.10546196356808414,0.5028617105377149,55.62,-0.36,1.0,-0.1577806939909081,16.330000000000002,0.0019601718443575554,-8.072638,94.07334,0.0,0.6,0.5
0.1377501186529041,0.09612245434117896,0.5034167828748313,56.339999999999996,-0.36,1.0,-0.11200292977691362,16.335,0.0019601718443575554,-8.072638,94.07334,0.0,0.6,0.5
0.11830798520915549,0.10262807902800253,0.503726695737057,57.059999999999995,-0.36,1.0,-0.09674367503891546,16.34,0.02796338973268451,-7.027987,77.83586,0.0,0.6,0.5
0.11280963282246512,0.10906508997287913,0.5037667604550539,57.78,-0.36,1.0,0.14740440076905514,16.345,0.02796338973268451,-7.027987,77.83586,0.0,0.6,0.5
0.10393003923509171,0.1284791249396321,0.5037777073111869,58.32,-0.36,1.0,-0.06622516556291913,16.35,0.02796338973268451,-7.027987,77.83586,0.0,0.6,0.5
0.08025345750161561,0.14207534131161734,0.5041231167531699,58.68,-0.36,1.0,-0.09674367503891546,16.355,0.02796338973268451,-7.027987,77.83586,0.0,0.6,0.5
0.07131103680911495,0.16968075634615234,0.5044335185059914,58.86,-0.36,1.0,0.2084414197210478,16.36,0.2103473359457525,5.4361324,-121.83305,0.6,0.0,0.5
0.04787900399265876,0.19498126576625402,0.5044989398126796,58.86,-0.36,1.0,-0.17303994872890627,16.365000000000002,0.2103473359457525,5.4361324,-121.83305,0.6,0.0,0.5
0.03759200493505263,0.21057717790522193,0.5043763312359886,58.86,-0.36,1.0,0.11688589129305882,16.37,0.2103473359457525,5.4361324,-121.83305,0.6,0.0,0.5
0.022757887249600196,0.2306679405511145,0.504594453811458,58.5,-0.36,1.0,-0.05096591082492097,16.375,0.2103473359457525,5.4361324,-121.83305,0.6,0.0,0.5
0.022036724212114396,0.24738415642208858,0.5046547290387575,58.14,-0.36,1.0,0.010071108127071682,16.38,0.8343259431152569,2.2416387,-138.51689,0.6,0.0,0.5
0.019746857580191523,0.260591520157931,0.5048636256545241,57.599999999999994,-0.36,1.0,-0.09674367503891546,16.385,0.8343259431152569,2.2416387,-138.51689,0.6,0.0,0.5
0.01882780240068123,0.2798261567078434,0.5046966963994737,56.699999999999996,-0.36,1.0,-0.09674367503891546,16.39,0.8343259431152569,2.2416387,-138.51689,0.6,0.0,0.5
0.017213023262424496,0.28782673476487736,0.5047083836146937,55.8,-0.36,1.0,0.05584887234106617,16.395,0.8343259431152569,2.2416387,-138.51689,0.6,0.0,0.5
0.027504054093655396,0.29153088364106794,0.5046150757466191,54.54,-0.36,1.0,0.05584887234106617,16.4,1.7449621521552565,3.9765415,-112.20672,0.6,0.0,0.5
0.010829920615376888,0.3145730462576661,0.5046210688099434,53.1,-0.36,1.0,0.14740440076905514,16.405,1.7449621521552565,3.9765415,-112.20672,0.6,0.0,0.5
0.016760036196743884,0.3236150026801664,0.5045034308601803,51.3,-0.36,1.0,0.11688589129305882,16.41,1.7449621521552565,3.9765415,-112.20672,0.6,0.0,0.5
0.012706882881148861,0.33305262879521713,0.504476025911059,49.5,-0.36,1.0,-0.06622516556291913,16.415,1.7449621521552565,3.9765415,-112.20672,0.6,0.0,0.5
0.0010404880385041417,0.3500688087603805,0.5041417010717316,47.339999999999996,-0.36,1.0,0.11688589129305882,16.42,1.9243665835975479,5.5505724,-110.907135,0.6,0.0,0.5
-0.002603199724781472,0.36636692862349557,0.503933521719065,45.0,-0.36,1.0,-0.020447401348924643,16.425,1.9243665835975479,5.5505724,-110.907135,0.6,0.0,0.5
0.004811731290396827,0.3766005110704424,0.5039583584122898,42.48,-0.36,1.0,-0.21881771294290076,16.43,1.9243665835975479,5.5505724,-110.907135,0.6,0.0,0.5
0.013159666077551787,0.3884114961567529,0.5036650024410563,39.78,-0.36,1.0,-0.1577806939909081,16.435,1.9243665835975479,5.5505724,-110.907135,0.6,0.0,0.5
-0.005908872155044756,0.38238118620098416,0.5034328008910776,36.9,-0.36,1.0,0.19318216498304963,16.44,1.1190284641190662,-7.1978054,-102.202545,0.0,0.0,0.5
0.004349798194818589,0.3903739382148794,0.5033875847706021,34.019999999999996,-0.36,1.0,-0.2035584582049026,16.445,1.1190284641190662,-7.1978054,-102.202545,0.0,0.0,0.5
0.008602483480807707,0.37677952534091347,0.5034777473430707,30.959999999999997,-0.36,1.0,0.11688589129305882,16.45,1.1190284641190662,-7.1978054,-102.202545,0.0,0.0,0.5
0.016409647586888194,0.3727254903575343,0.5035324302030233,27.72,-0.36,1.0,-0.23407696768089892,16.455000000000002,1.1190284641190662,-7.1978054,-102.202545,0.0,0.0,0.5
0.032477923132265905,0.3661274124488538,0.5032966903125609,24.66,-0.36,1.0,0.17792291024505147,16.46,0.34311996736365336,-4.2539086,30.195082,0.0,0.6,0.5
0.05954620626864805,0.3548762458260585,0.5034600571601768,21.419999999999998,-0.36,1.0,-0.24933622241889708,16.465,0.34311996736365336,-4.2539086,30.195082,0.0,0.6,0.5
0.0781188853218123,0.34392397256061497,0.5032590818640824,18.18,-0.36,1.0,-0.035706656086922806,16.47,0.34311996736365336,-4.2539086,30.195082,0.0,0.6,0.5
0.09968769921240919,0.3214052212464865,0.5028910465613023,14.76,-0.36,1.0,-0.09674367503891546,16.475,0.34311996736365336,-4.2539086,30.195082,0.0,0.6,0.5
0.11009795562323445,0.29071662700270956,0.5025696107373236,11.52,-0.36,1.0,0.14740440076905514,16.48,0.0554756477450616,-4.0439653,32.839596,0.0,0.6,0.5
0.12829300978373617,0.26211713590716335,0.502468263234376,8.1,-0.54,1.0,-0.12726218451491178,16.485,0.0554756477450616,-4.0439653,32.839596,0.0,0.6,0.5
0.14404110976560713,0.24337048048687776,0.5021108867318141,4.859999999999999,0.36,1.0,23.356730857264928,16.490000000000002,0.0554756477450616,-4.0439653,32.839596,0.0,0.6,0.5
0.16567121670730608,0.22125412954157214,0.5032565331158761,2.6999999999999997,5.58,1.0,3.351847895748781,16.495,0.0554756477450616,-4.0439653,32.839596,0.0,0.6,0.5
0.1865451288955914,0.18788644057060602,0.5061329907529151,1.98,6.66,1.0,0.31525620288703493,16.5,0.00472944635084896,-5.59945,68.25081,0.0,0.6,0.5
0.20011549867564202,0.16707826560788494,0.5072779220092586,2.52,4.5,1.0,11.073030793176073,16.505,0.00472944635084896,-5.59945,68.25081,0.0,0.6,0.5
0.21699876276555413,0.16085122058600723,0.5079250609198336,4.32,3.06,1.0,0.7425153355510403,16.51,0.00472944635084896,-5.59945,68.25081,0.0,0.6,0.5
0.23525480342640862,0.13882544953363513,0.5068752561697861,7.199999999999999,-0.54,1.0,0.1626636555070533,16.515,0.00472944635084896,-5.59945,68.25081,0.0,0.6,0.5
0.2453945330215047,0.11510512888546016,0.5043340580951672,8.1,0.0,1.0,0.6814783165989908,16.52,0.0,-7.6725473,91.664314,0.0,0.6,0.5
0.2484814101650854,0.10423428672791338,0.5032839462735847,10.08,0.72,1.0,-0.46296578875087135,16.525,0.0,-7.6725473,91.664314,0.0,0.6,0.5
0.24894723042202804,0.09644921950999061,0.5028104003673074,12.42,-0.18,1.0,0.17792291024505147,16.53,0.0,-7.6725473,91.664314,0.0,0.6,0.5
0.24749816774380914,0.07251764685279592,0.5016735990546437,14.04,-0.36,1.0,-0.43244727927487503,16.535,0.0,-7.6725473,91.664314,0.0,0.6,0.5
0.2448055650153761,0.07358303390059975,0.5017747122853413,16.2,-0.36,1.0,0.6814783165989908,16.54,0.009986220293138214,-7.2243853,78.373535,0.0,0.6,0.5
0.24242807531545912,0.07329461591105546,0.5011606706587871,18.18,-0.36,1.0,0.010071108127071682,16.545,0.009986220293138214,-7.2243853,78.373535,0.0,0.6,0.5
0.23899984451865802,0.08556677295241982,0.5000443894272257,19.98,-0.36,1.0,0.34577471236303126,16.55,0.009986220293138214,-7.2243853,78.373535,0.0,0.6,0.5
0.2297297002327314,0.07541339787487465,0.5002555656649257,21.96,-0.36,1.0,-0.26459547715689524,16.555,0.009986220293138214,-7.2243853,78.373535,0.0,0.6,0.5
0.21418413739900433,0.0796275775632176,0.5002891462966708,23.759999999999998,-0.36,1.0,0.1626636555070533,16.56,0.09807601474846173,-6.026634,18.037241,0.0,0.6,0.5
0.19551501658342688,0.09024608604440135,0.49975384897728076,25.38,-0.36,1.0,0.07110812707906433,16.565,0.09807601474846173,-6.026634,18.037241,0.0,0.6,0.5
0.17646838318791186,0.11720603119454528,0.4998931287060083,27.0,-0.36,1.0,-0.005188146610926481,16.57,0.09807601474846173,-6.026634,18.037241,0.0,0.6,0.5
0.15716549015450426,0.14625524115302946,0.49940188876294556,28.619999999999997,-0.36,1.0,-0.18829920346690443,16.575,0.09807601474846173,-6.026634,18.037241,0.0,0.6,0.5
0.13771296604109148,0.16275722507512866,0.4988239804038808,30.06,-0.36,1.0,0.2847376934110386,16.580000000000002,0.5078974237140594,4.1517196,-92.21606,0.6,0.0,0.5
0.11791048008209269,0.17490110236880868,0.49925471606820043,31.32,-0.36,1.0,-0.035706656086922806,16.585,0.5078974237140594,4.1517196,-92.21606,0.6,0.0,0.5
0.09516190455717262,0.18392889869211435,0.4990300846088398,32.58,-0.36,1.0,0.29999694814903677,16.59,0.5078974237140594,4.1517196,-92.21606,0.6,0.0,0.5
0.09711864408004162,0.20843795100136567,0.4985687461869044,33.839999999999996,-0.36,1.0,0.025330362865069844,16.595,0.5078974237140594,4.1517196,-92.21606,0.6,0.0,0.5
0.08512579205224484,0.22559438971157744,0.4986517368160893,34.92,-0.36,1.0,0.17792291024505147,16.6,1.3868859263249351,7.32342,-109.78497,0.6,0.0,0.5
0.0748283937000516,0.23663885905334409,0.49825217403377403,35.82,-0.36,1.0,-0.1577806939909081,16.605,1.3868859263249351,7.32342,-109.78497,0.6,0.0,0.5
0.0645242883244264,0.24693873813919193,0.49834675166406966,36.72,-0.36,1.0,0.17792291024505147,16.61,1.3868859263249351,7.32342,-109.78497,0.6,0.0,0.5
0.06269515177662985,0.27234986044306925,0.49845463897134146,37.44,-0.36,1.0,0.07110812707906433,16.615000000000002,1.3868859263249351,7.32342,-109.78497,0.6,0.0,0.5
0.04638207824259162,0.29007049495136095,0.49812502737506215,37.98,-0.36,1.0,0.29999694814903677,16.62,1.9969031584008268,7.441078,-94.8638,0.6,0.0,0.5
0.031432801426757376,0.30958717843613964,0.49784144119808,38.519999999999996,-0.36,1.0,-0.12726218451491178,16.625,1.9969031584008268,7.441078,-94.8638,0.6,0.0,0.5
0.03696433877934999,0.3190408750065362,0.4978971980117785,38.879999999999995,-0.36,1.0,0.14740440076905514,16.63,1.9969031584008268,7.441078,-94.8638,0.6,0.0,0.5
0.033164607349511765,0.3382981280203335,0.4978009408169012,39.059999999999995,-0.36,1.0,-0.005188146610926481,16.635,1.9969031584008268,7.441078,-94.8638,0.6,0.0,0.5
0.026397421470390276,0.35835417870509206,0.4974527859477694,39.059999999999995,-0.36,1.0,-0.05096591082492097,16.64,1.516089354406477,6.6019278,-91.69988,0.6,0.0,0.5
0.019244610660436798,0.363464058098533,0.49760372120679447,38.879999999999995,-0.36,1.0,0.07110812707906433,16.645,1.516089354406477,6.6019278,-91.69988,0.6,0.0,0.5
0.007339649910836939,0.38015569648547537,0.4978949672413419,38.519999999999996,-0.36,1.0,0.14740440076905514,16.65,1.516089354406477,6.6019278,-91.69988,0.6,0.0,0.5
0.010538242096071675,0.3869801425126698,0.4981280408793646,38.16,-0.36,1.0,-0.005188146610926481,16.655,1.516089354406477,6.6019278,-91.69988,0.6,0.0,0.5
0.008513932895692694,0.38675788245527587,0.49831092748143346,37.44,-0.36,1.0,0.05584887234106617,16.66,0.6069377134471294,4.2495174,-90.29089,0.6,0.0,0.5
0.011134600936404634,0.38292020223441137,0.49861007134926655,36.54,-0.36,1.0,-0.17303994872890627,16.665,0.6069377134471294,4.2495174,-90.29089,0.6,0.0,0.5
0.017100095046871076,0.3896652739485905,0.49848219759830636,35.46,-0.36,1.0,0.22370067445904596,16.67,0.6069377134471294,4.2495174,-90.29089,0.6,0.0,0.5
0.02247892587711856,0.3785064487278288,0.49881949804552894,34.379999999999995,-0.36,1.0,0.04058961760306801,16.675,0.6069377134471294,4.2495174,-90.29089,0.6,0.0,0.5
0.017915377031758654,0.38617917090117765,0.49950362267254955,33.12,-0.36,1.0,0.11688589129305882,16.68,0.12811942524974282,6.409643,-82.4402,0.6,0.0,0.5
0.026899970783892134,0.38035128990873973,0.49980406882460265,31.86,-0.36,1.0,-0.08148442030091729,16.685,0.12811942524974282,6.409643,-82.4402,0.6,0.0,0.5
0.05769116950091953,0.36308033878141005,0.49964573370574206,30.599999999999998,-0.36,1.0,0.05584887234106617,16.69,0.12811942524974282,6.409643,-82.4402,0.6,0.0,0.5
0.08210380801482035,0.33462828319948695,0.4999062088594888,28.98,-0.36,1.0,-0.21881771294290076,16.695,0.12811942524974282,6.409643,-82.4402,0.6,0.0,0.5
0.10099406289390528,0.3009782308765166,0.5002094095146862,27.54,-0.36,1.0,0.2084414197210478,16.7,0.014260585960868346,5.7735586,-75.44064,0.6,0.0,0.5
0.11781139032328697,0.2776922930257832,0.5004397374025246,25.919999999999998,-0.36,1.0,-0.14252143925290994,16.705000000000002,0.014260585960868346,5.7735586,-75.44064,0.6,0.0,0.5
0.1349438460927687,0.24488667099334324,0.5010059166043705,24.3,-0.36,1.0,0.23895992919704412,16.71,0.014260585960868346,5.7735586,-75.44064,0.6,0.0,0.5
0.15254161720194842,0.21834650959311727,0.5011816892378761,22.68,-0.36,1.0,0.07110812707906433,16.715,0.014260585960868346,5.7735586,-75.44064,0.6,0.0,0.5
0.17377128072691742,0.19636964519313174,0.5015374885751958,20.88,-0.36,1.0,0.10162663655506066,16.72,0.0008369726979458551,5.7069497,-77.9507,0.6,0.0,0.5
0.19154224287953694,0.16927840790813797,0.5019767663246505,19.08,-0.36,1.0,-0.11200292977691362,16.725,0.0008369726979458551,5.7069497,-77.9507,0.6,0.0,0.5
0.20767115341427125,0.14232221173974907,0.5019511049347929,17.46,-0.36,1.0,0.26947843867304044,16.73,0.0008369726979458551,5.7069497,-77.9507,0.6,0.0,0.5
0.22689054517505797,0.1281474970812698,0.5019031149874622,15.66,-0.36,1.0,-0.09674367503891546,16.735,0.0008369726979458551,5.7069497,-77.9507,0.6,0.0,0.5
0.2453797607298533,0.11086278965656368,0.5018836270082483,14.219999999999999,-0.54,1.0,0.010071108127071682,16.740000000000002,0.0,2.1778827,-87.57205,0.6,0.0,0.5
0.2597686267869023,0.11225944955361362,0.5019428599304422,12.78,-0.54,1.0,-0.12726218451491178,16.745,0.0,2.1778827,-87.57205,0.6,0.0,0.5
0.27840255604198183,0.10786749404634684,0.5018277951786806,11.52,-0.54,1.0,-0.14252143925290994,16.75,0.0,2.1778827,-87.57205,0.6,0.0,0.5
0.29550178940304783,0.09232747350452455,0.5019661419841415,10.62,-0.54,1.0,0.07110812707906433,16.755,0.0,2.1778827,-87.57205,0.6,0.0,0.5
0.3076417567273005,0.06428006998105842,0.5024248219072277,10.08,-0.54,1.0,0.2084414197210478,16.76,0.0,-4.5801177,-53.401756,0.0,0.0,0.5
0.3221962528589786,0.06885356558998121,0.5021880137728342,9.9,-0.54,1.0,-0.09674367503891546,16.765,0.0,-4.5801177,-53.401756,0.0,0.0,0.5
0.3381122183918677,0.07990965547713508,0.5021392580883481,10.08,-0.54,1.0,0.07110812707906433,16.77,0.0,-4.5801177,-53.401756,0.0,0.0,0.5
0.3487749736084095,0.06488363475890613,0.5024922571866489,10.799999999999999,-0.54,1.0,-0.2798547318948934,16.775,0.0,-4.5801177,-53.401756,0.0,0.0,0.5
0.36119021636763493,0.06005653122333651,0.5024495650986148,11.7,-0.54,1.0,0.04058961760306801,16.78,0.0,-5.2198973,89.30571,0.0,0.6,0.5
0.37416745002122426,0.0558806735900998,0.5023888231469686,13.139999999999999,-0.54,1.0,0.1626636555070533,16.785,0.0,-5.2198973,89.30571,0.0,0.6,0.5
0.38323367653516927,0.03801919512607992,0.5028798615128579,14.94,-0.54,1.0,0.29999694814903677,16.79,0.0,-5.2198973,89.30571,0.0,0.6,0.5
0.39227437104059504,0.038793947190297405,0.502797984104741,16.919999999999998,-0.54,1.0,0.11688589129305882,16.795,0.0,-5.2198973,89.30571,0.0,0.6,0.5
0.4018530066679348,0.021034868141604622,0.5031073842006152,19.439999999999998,-0.54,1.0,0.2542191839350423,16.8,0.0,-5.99222,77.17021,0.0,0.6,0.5
0.4094663158988646,0.0053522868788894035,0.5026152108039303,22.14,-0.54,1.0,-0.1577806939909081,16.805,0.0,-5.99222,77.17021,0.0,0.6,0.5
0.4157335166528237,0.002539213677265941,0.5024342632283513,25.2,-0.54,1.0,0.2847376934110386,16.81,0.0,-5.99222,77.17021,0.0,0.6,0.5
0.4221027851760886,-0.013166977407901587,0.5024670689567726,28.439999999999998,-0.54,1.0,-0.08148442030091729,16.815,0.0,-5.99222,77.17021,0.0,0.6,0.5
0.4284032365050691,-0.00412731589704441,0.5017564864942974,31.86,-0.54,1.0,0.07110812707906433,16.82,0.0,-7.8093557,93.25069,0.0,0.6,0.5
0.43304020504984037,-0.0044343903433785945,0.5017983261267175,35.46,-0.54,1.0,-0.18829920346690443,16.825,0.0,-7.8093557,93.25069,0.0,0.6,0.5
0.43801616817980404,-0.0027202764873983554,0.5019347999485191,39.24,-0.54,1.0,0.025330362865069844,16.830000000000002,0.0,-7.8093557,93.25069,0.0,0.6,0.5
0.4427885679938552,-0.011221198022332112,0.5016412210567889,43.019999999999996,-0.54,1.0,-0.06622516556291913,16.835,0.0,-7.8093557,93.25069,0.0,0.6,0.5
0.4465201840227027,-0.020389707039110028,0.501472511337116,46.98,-0.54,1.0,0.2847376934110386,16.84,0.0007469519725072327,-8.032098,89.632256,0.0,0.6,0.5
0.45069670515734295,-0.01406790182789922,0.5019100118867105,50.76,-0.54,1.0,0.010071108127071682,16.845,0.0007469519725072327,-8.032098,89.632256,0.0,0.6,0.5
0.4558107887672064,-0.009601332086096431,0.5014590236038189,54.54,-0.36,1.0,0.07110812707906433,16.85,0.0007469519725072327,-8.032098,89.632256,0.0,0.6,0.5
0.4575940474014188,-0.008563629274885333,0.5017461315020139,58.32,-0.36,1.0,0.2542191839350423,16.855,0.0007469519725072327,-8.032098,89.632256,0.0,0.6,0.5
0.4555158294608429,-0.01526945428453691,0.5017501044568371,62.099999999999994,-0.36,1.0,0.1626636555070533,16.86,0.013022836587541668,-7.3304067,84.33959,0.0,0.6,0.5
0.4535395613192164,0.006172995260425938,0.5016644762655896,65.7,-0.36,1.0,-0.11200292977691362,16.865000000000002,0.013022836587541668,-7.3304067,84.33959,0.0,0.6,0.5
0.45213283141530825,0.013375508472686981,0.5013322011287807,69.12,-0.36,1.0,0.17792291024505147,16.87,0.013022836587541668,-7.3304067,84.33959,0.0,0.6,0.5
0.44819727935728065,0.015027730069999613,0.5019384862936198,72.36,-0.36,1.0,0.14740440076905514,16.875,0.013022836587541668,-7.3304067,84.33959,0.0,0.6,0.5
0.44524098516546606,0.03724631512159979,0.5020132867193329,75.42,-0.36,1.0,0.10162663655506066,16.88,0.11972091713056732,-7.3319845,65.02121,0.0,0.6,0.5
0.43703071913839464,0.03940987144021428,0.5024431432047307,78.11999999999999,-0.36,1.0,0.04058961760306801,16.885,0.11972091713056732,-7.3319845,65.02121,0.0,0.6,0.5
0.41997667812420586,0.06933132916074868,0.5026441713764371,80.28,-0.36,1.0,-0.09674367503891546,16.89,0.11972091713056732,-7.3319845,65.02121,0.0,0.6,0.5
0.39454471223439685,0.09925998734930656,0.5028792824892795,82.08,-0.18,1.0,0.04058961760306801,16.895,0.11972091713056732,-7.3319845,65.02121,0.0,0.6,0.5
0.36657245814202943,0.10505302567255996,0.5028154825547853,83.16,-0.18,1.0,0.0863673818170625,16.9,0.5803446842718082,5.465544,-102.77148,0.6,0.0,0.5
0.33590094689093103,0.1420371590754943,0.5027263993763278,83.52,0.0,1.0,-0.09674367503891546,16.905,0.5803446842718082,5.465544,-102.77148,0.6,0.0,0.5
0.305728674697026,0.15745950944308496,0.5028431820074997,83.52,0.0,1.0,0.2084414197210478,16.91,0.5803446842718082,5.465544,-102.77148,0.6,0.0,0.5
0.2751604498601507,0.16213764124604707,0.5032068689108683,82.98,-0.36,1.0,0.14740440076905514,16.915,0.5803446842718082,5.465544,-102.77148,0.6,0.0,0.5
0.24686947122533448,0.18622280191726098,0.503336105712073,81.53999999999999,-0.18,1.0,0.010071108127071682,16.92,1.4833837533221608,6.354942,-89.38578,0.6,0.0,0.5
0.2198042927430067,0.19433285390481925,0.5032759697319864,79.74,-0.36,1.0,-0.005188146610926481,16.925,1.4833837533221608,6.354942,-89.38578,0.6,0.0,0.5
0.19501502445876984,0.20322287166558572,0.5034008866858677,77.39999999999999,-0.36,1.0,-0.09674367503891546,16.93,1.4833837533221608,6.354942,-89.38578,0.6,0.0,0.5
0.17223636879726734,0.22206505958863063,0.5031329041547782,74.7,-0.36,1.0,0.010071108127071682,16.935,1.4833837533221608,6.354942,-89.38578,0.6,0.0,0.5
0.15119528404252636,0.24657708816170795,0.5031706087660113,71.82,-0.36,1.0,-0.05096591082492097,16.94,1.9992750994874318,6.5451736,-82.01126,0.6,0.0,0.5
0.13265922919058967,0.26702703212098405,0.5029405237996315,68.39999999999999,-0.36,1.0,-0.08148442030091729,16.945,1.9992750994874318,6.5451736,-82.01126,0.6,0.0,0.5
0.11801844049304984,0.291208031935271,0.5028767647212846,64.8,-0.36,1.0,0.05584887234106617,16.95,1.9992750994874318,6.5451736,-82.01126,0.6,0.0,0.5
0.09985743378711882,0.28500258591830113,0.5030246239088867,61.019999999999996,-0.36,1.0,0.23895992919704412,16.955000000000002,1.9992750994874318,6.5451736,-82.01126,0.6,0.0,0.5
0.09624946168076452,0.29451329852938013,0.5027701259744428,57.059999999999995,-0.36,1.0,0.2084414197210478,16.96,1.4208333011199474,7.4987063,-84.98167,0.6,0.0,0.5
0.08181810290602036,0.30605617899631105,0.5027609299806641,52.739999999999995,-0.36,1.0,-0.035706656086922806,16.965,1.4208333011199474,7.4987063,-84.98167,0.6,0.0,0.5
0.07424614532990226,0.32112231377947226,0.5026447260414899,48.42,-0.36,1.0,0.0863673818170625,16.97,1.4208333011199474,7.4987063,-84.98167,0.6,0.0,0.5
0.058202494825961154,0.3269153983456011,0.5030162200174141,43.92,-0.36,1.0,0.07110812707906433,16.975,1.4208333011199474,7.4987063,-84.98167,0.6,0.0,0.5
0.04173548079348859,0.3359025315573139,0.5031471889214486,39.42,-0.36,1.0,0.025330362865069844,16.98,0.5324333241703512,5.807517,-103.77962,0.6,0.0,0.5
0.050922667311292746,0.34252620684990914,0.5030205588692853,34.74,-0.36,1.0,0.14740440076905514,16.985,0.5324333241703512,5.807517,-103.77962,0.6,0.0,0.5
0.050285488652152495,0.3395242406921537,0.5031251179551666,30.06,-0.36,1.0,0.025330362865069844,16.990000000000002,0.5324333241703512,5.807517,-103.77962,0.6,0.0,0.5
0.047430961811873604,0.3290228131930819,0.5035709833211589,25.38,-0.36,1.0,0.19318216498304963,16.995,0.5324333241703512,5.807517,-103.77962,0.6,0.0,0.5
0.060602315381831966,0.3322564988736962,0.5036541283848672,20.52,-0.36,1.0,0.2542191839350423,17.0,0.10520560134230515,4.8063307,-91.62942,0.6,0.0,0.5
0.08881736985876355,0.3277183337972048,0.5033905488506255,15.66,-0.36,1.0,-0.005188146610926481,17.005,0.10520560134230515,4.8063307,-91.62942,0.6,0.0,0.5
0.11112760281402452,0.3054222607208413,0.5034538979139724,10.799999999999999,-0.36,1.0,-0.06622516556291913,17.01,0.10520560134230515,4.8063307,-91.62942,0.6,0.0,0.5
0.1202884081127141,0.29169169311959703,0.5031871307332547,6.12,-0.36,1.0,0.11688589129305882,17.015,0.10520560134230515,4.8063307,-91.62942,0.6,0.0,0.5
0.14512016117505164,0.2688597420490903,0.503510052645766,1.98,7.02,1.0,5.152439954832619,17.02,0.010961349573983915,6.2923994,-81.21019,0.6,0.0,0.5
0.1692017136649348,0.2518236999959863,0.5088543176788971,-0.54,11.52,1.0,2.100589007232877,17.025,0.010961349573983915,6.2923994,-81.21019,0.6,0.0,0.5
0.1851148537226195,0.22459187615285225,0.5122960645794924,-0.8999999999999999,11.52,1.0,-0.7986693929868309,17.03,0.010961349573983915,6.2923994,-81.21019,0.6,0.0,0.5
0.20134437828180787,0.19665692617463282,0.5141948433908362,0.18,8.459999999999999,1.0,17.37510299996948,17.035,0.010961349573983915,6.2923994,-81.21019,0.6,0.0,0.5
0.22107328232897575,0.17655832385185877,0.514313497365978,2.6999999999999997,5.9399999999999995,1.0,3.4586626789147683,17.04,0.0,5.9396777,-67.511406,0.6,0.0,0.5
0.23430801218793335,0.1477929857951178,0.5114056125007815,6.3,1.26,1.0,-1.1648915066987868,17.045,0.0,5.9396777,-67.511406,0.6,0.0,0.5
0.24687333039261805,0.11639770434366305,0.5074376154336707,8.459999999999999,-0.54,1.0,1.2002929776909852,17.05,0.0,5.9396777,-67.511406,0.6,0.0,0.5
0.26591758338387766,0.11065711631850116,0.5060647522839722,10.799999999999999,1.44,1.0,-0.11200292977691362,17.055,0.0,5.9396777,-67.511406,0.6,0.0,0.5
0.28098998438395756,0.09219458358375233,0.5045512498124372,13.68,1.08,1.0,-0.38666951506088054,17.06,0.0,4.1294394,-102.728546,0.6,0.0,0.5
0.2932683534569342,0.09073523807584893,0.5030456433341383,16.919999999999998,-0.72,1.0,-0.2798547318948934,17.065,0.0,4.1294394,-102.728546,0.6,0.0,0.5
0.30910556628877434,0.08819001813458804,0.5032433252649965,19.439999999999998,-0.18,1.0,0.2847376934110386,17.07,0.0,4.1294394,-102.728546,0.6,0.0,0.5
0.323417143387222,0.08661272752239552,0.5015476341979549,22.68,-0.36,1.0,0.1626636555070533,17.075,0.0,4.1294394,-102.728546,0.6,0.0,0.5
0.33473419569142987,0.06712912915242387,0.500541837995928,25.74,-0.36,1.0,0.31525620288703493,17.080000000000002,0.0,-7.9988337,-98.7789,0.0,0.0,0.5
0.3472021949849436,0.05698112352668323,0.500923702855622,28.98,-0.36,1.0,-0.18829920346690443,17.085,0.0,-7.9988337,-98.7789,0.0,0.0,0.5
0.35935906178565563,0.049187172818563316,0.5004701694229993,32.22,-0.36,1.0,-0.4934842982268677,17.09,0.0,-7.9988337,-98.7789,0.0,0.0,0.5
0.3686229005782656,0.03645096110461787,0.5001361212785893,35.46,-0.36,1.0,0.010071108127071682,17.095,0.0,-7.9988337,-98.7789,0.0,0.0,0.5
0.37971615842897205,0.042434204596657976,0.49996464741178837,38.699999999999996,-0.36,1.0,0.025330362865069844,17.1,0.0,-7.6454916,88.11954,0.0,0.6,0.5
0.38889901165504437,0.02986146526280151,0.500132272558143,41.94,-0.36,1.0,0.31525620288703493,17.105,0.0,-7.6454916,88.11954,0.0,0.6,0.5
0.3969080016086246,0.02527464998769734,0.4999129424251283,45.18,-0.36,1.0,-0.005188146610926481,17.11,0.0,-7.6454916,88.11954,0.0,0.6,0.5
0.40602349446816155,0.015612397140726098,0.4993374876107193,48.42,-0.36,1.0,0.19318216498304963,17.115000000000002,0.0,-7.6454916,88.11954,0.0,0.6,0.5
0.41430693347617287,-0.0007061444871552282,0.49913644275254254,51.66,-0.36,1.0,0.07110812707906433,17.12,0.0,-8.186888,97.93434,0.0,0.6,0.5
0.4214169833926766,0.005203226120239677,0.49858705209443793,54.72,-0.36,1.0,0.19318216498304963,17.125,0.0,-8.186888,97.93434,0.0,0.6,0.5
0.4282128225315983,0.0010457716507570258,0.49842301564610475,57.78,-0.36,1.0,-0.12726218451491178,17.13,0.0,-8.186888,97.93434,0.0,0.6,0.5
0.4347370191887933,-0.00112907620339814,0.49839436263240716,60.839999999999996,-0.36,1.0,0.2084414197210478,17.135,0.0,-8.186888,97.93434,0.0,0.6,0.5
0.4409853011185866,0.010032899858697507,0.49797324930818426,63.54,-0.36,1.0,-0.11200292977691362,17.14,0.0,-8.143226,98.28239,0.0,0.6,0.5
0.4461893705850815,0.006041770883504863,0.4983229449685167,66.42,-0.36,1.0,0.2084414197210478,17.145,0.0,-8.143226,98.28239,0.0,0.6,0.5
0.4527004605456443,-0.004613836939460715,0.49778998700771243,68.94,-0.36,1.0,-0.005188146610926481,17.150000000000002,0.0,-8.143226,98.28239,0.0,0.6,0.5
0.45776910683455707,0.0033137359987554325,0.49756387665740853,71.46,-0.36,1.0,0.11688589129305882,17.155,0.0,-8.143226,98.28239,0.0,0.6,0.5
0.4586721476305693,-0.004196971407517305,0.4977543818754661,73.8,-0.36,1.0,0.11688589129305882,17.16,0.0,-8.135932,92.96596,0.0,0.6,0.5
0.457632430456267,-0.0038245400556781006,0.49798006416443524,75.96,-0.36,1.0,0.10162663655506066,17.165,0.0,-8.135932,92.96596,0.0,0.6,0.5
0.45670752179859575,-0.009074770623723909,0.49867714608033936,77.75999999999999,-0.36,1.0,-0.05096591082492097,17.17,0.0,-8.135932,92.96596,0.0,0.6,0.5
0.4551800894871891,-0.011117656355500483,0.49866813470549304,79.38,-0.36,1.0,-0.005188146610926481,17.175,0.0,-8.135932,92.96596,0.0,0.6,0.5
0.45336675960722556,-0.01001502260575722,0.4981263447228991,80.46,-0.18,1.0,-0.17303994872890627,17.18,0.010665166226100645,-7.851762,76.87775,0.0,0.6,0.5
0.4472310134656631,0.0028053432729000898,0.4977582031481422,81.36,-0.18,1.0,0.14740440076905514,17.185,0.010665166226100645,-7.851762,76.87775,0.0,0.6,0.5
0.43023507591107724,-0.0037415346965446548,0.4983011665303018,81.72,-0.18,1.0,-0.035706656086922806,17.19,0.010665166226100645,-7.851762,76.87775,0.0,0.6,0.5
0.40586518908786406,0.018855460594133833,0.4979157612018392,81.72,-0.18,1.0,0.11688589129305882,17.195,0.010665166226100645,-7.851762,76.87775,0.0,0.6,0.5
0.3767499787583763,0.03205145817956423,0.4982253883243375,81.53999999999999,-0.18,1.0,0.07110812707906433,17.2,0.10305946357759914,-7.9517794,-38.579014,0.0,0.0,0.5
0.34589448478521445,0.06643415317435085,0.4980405215972936,80.82,-0.18,1.0,0.2084414197210478,17.205000000000002,0.10305946357759914,-7.9517794,-38.579014,0.0,0.0,0.5
0.3147969057127705,0.08448178341738014,0.49795875305774717,79.56,-0.18,1.0,-0.14252143925290994,17.21,0.10305946357759914,-7.9517794,-38.579014,0.0,0.0,0.5
0.28374171748106203,0.08297909695799587,0.4980140096999295,78.3,-0.18,1.0,0.2542191839350423,17.215,0.10305946357759914,-7.9517794,-38.579014,0.0,0.0,0.5
0.2552297137892984,0.10791175838763627,0.49761486537435634,76.67999999999999,-0.18,1.0,-0.1577806939909081,17.22,0.5251213285722522,-8.050354,3.6415448,0.0,0.6,0.5
0.22722629188264332,0.12482138132051764,0.4975057898336627,74.7,-0.36,1.0,0.4068117313150239,17.225,0.5251213285722522,-8.050354,3.6415448,0.0,0.6,0.5
0.20193745136338256,0.14357118876916392,0.4973766215405305,72.72,-0.36,1.0,-0.020447401348924643,17.23,0.5251213285722522,-8.050354,3.6415448,0.0,0.6,0.5
0.17799814958634777,0.16394984515260172,0.49761190402576916,70.38,-0.36,1.0,0.19318216498304963,17.235,0.5251213285722522,-8.050354,3.6415448,0.0,0.6,0.5
0.157482584073996,0.1824112379299394,0.49737221038155205,67.86,-0.36,1.0,0.11688589129305882,17.240000000000002,1.4108569122164596,-7.537653,-38.410652,0.0,0.0,0.5
0.13896062279689642,0.19759826581450804,0.49738551696903216,65.34,-0.36,1.0,0.17792291024505147,17.245,1.4108569122164596,-7.537653,-38.410652,0.0,0.0,0.5
0.12342048920181904,0.2239198198941362,0.49752575832924084,62.46,-0.36,1.0,-0.06622516556291913,17.25,1.4108569122164596,-7.537653,-38.410652,0.0,0.0,0.5
0.1212350264290898,0.2413967348783788,0.4980477826828562,59.58,-0.36,1.0,0.1626636555070533,17.255,1.4108569122164596,-7.537653,-38.410652,0.0,0.0,0.5
0.10126931049426438,0.26065734126944995,0.4987050989770325,56.519999999999996,-0.36,1.0,0.04058961760306801,17.26,1.9987469494819383,-8.405227,96.340546,0.0,0.6,0.5
0.09172275165694735,0.28063522819518283,0.4986160113503146,53.46,-0.36,1.0,-0.020447401348924643,17.265,1.9987469494819383,-8.405227,96.340546,0.0,0.6,0.5
0.08547875882742456,0.28879227827253423,0.49883547850959237,50.04,-0.36,1.0,-0.2035584582049026,17.27,1.9987469494819383,-8.405227,96.340546,0.0,0.6,0.5
0.06730165057265829,0.29791134573495814,0.49918499262953475,46.8,-0.36,1.0,0.3762932218390276,17.275000000000002,1.9987469494819383,-8.405227,96.340546,0.0,0.6,0.5
0.04881731223809775,0.3014350451729985,0.49986352450454624,43.379999999999995,-0.36,1.0,-0.035706656086922806,17.28,1.4930838199623164,-7.381765,70.15782,0.0,0.6,0.5
0.04818206849356801,0.3040696348826469,0.5001340362151714,39.78,-0.36,1.0,-0.035706656086922806,17.285,1.4930838199623164,-7.381765,70.15782,0.0,0.6,0.5
0.03623698065781853,0.3002644447561161,0.5005727747036216,36.36,-0.36,1.0,-0.46296578875087135,17.29,1.4930838199623164,-7.381765,70.15782,0.0,0.6,0.5
0.029613855036404048,0.2966051778789942,0.5008517831359073,32.76,-0.36,1.0,0.23895992919704412,17.295,1.4930838199623164,-7.381765,70.15782,0.0,0.6,0.5
0.020891287680564037,0.30984983289022905,0.5012200627647831,28.98,-0.36,1.0,-0.12726218451491178,17.3,0.5881147829426794,-6.97585,-97.38968,0.0,0.0,0.5
0.01104282373383634,0.30507693238892036,0.5018214624964872,25.2,-0.36,1.0,0.05584887234106617,17.305,0.5881147829426794,-6.97585,-97.38968,0.0,0.0,0.5
0.0034976578667468344,0.31175357886227395,0.5022366686284802,21.419999999999998,-0.36,1.0,-0.06622516556291913,17.31,0.5881147829426794,-6.97585,-97.38968,0.0,0.0,0.5
0.011540564926258899,0.31616498644753505,0.5027487044108835,17.46,-0.36,1.0,0.31525620288703493,17.315,0.5881147829426794,-6.97585,-97.38968,0.0,0.0,0.5
0.013209771065474614,0.31175969219705557,0.502849319153883,13.68,-0.36,1.0,0.2084414197210478,17.32,0.8648994213382526,5.921297,-97.31209,0.6,0.0,0.5
0.001993394169590999,0.3187353563130318,0.5029199222909014,9.54,-0.36,1.0,0.0863673818170625,17.325,0.8648994213382526,5.921297,-97.31209,0.6,0.0,0.5
0.003455223721529314,0.3278603085780916,0.5030463702677218,5.58,-0.36,1.0,20.762657551805184,17.330000000000002,0.8648994213382526,5.921297,-97.31209,0.6,0.0,0.5
-0.004889060633019146,0.3258828845568252,0.5035803690937523,1.98,6.66,1.0,5.320291756950599,17.335,0.8648994213382526,5.921297,-97.31209,0.6,0.0,0.5
-0.003994843952331527,0.3273378305879609,0.5081394772549682,-0.54,10.62,1.0,1.4444410534989558,17.34,1.7695406832949425,6.716464,-101.14606,0.6,0.0,0.5
0.005446166918267076,0.3295633737613196,0.5114200177550304,-1.44,10.62,1.0,-0.7528916287728364,17.345,1.7695406832949425,6.716464,-101.14606,0.6,0.0,0.5
0.009542205132071855,0.3296315433559759,0.5138958286145612,-1.26,10.26,1.0,1.932737205114897,17.35,1.7695406832949425,6.716464,-101.14606,0.6,0.0,0.5
0.007847340540951507,0.3233164438733624,0.5158413168775843,-0.0,8.82,1.0,0.9256263924070183,17.355,1.7695406832949425,6.716464,-101.14606,0.6,0.0,0.5
-0.0034847247384918296,0.3175665737490197,0.5138065813704692,1.98,4.859999999999999,1.0,10.249031037324116,17.36,1.9090048371624908,6.336509,-83.145515,0.6,0.0,0.5
-0.0010646874354269013,0.31971010060188393,0.5109626505986329,4.68,2.16,1.0,1.7191076387829227,17.365000000000002,1.9090048371624908,6.336509,-83.145515,0.6,0.0,0.5
-0.0020971370197601725,0.3253827251415597,0.5082461427207846,7.02,-0.8999999999999999,1.0,-0.6308175908688511,17.37,1.9090048371624908,6.336509,-83.145515,0.6,0.0,0.5
0.001195409157869226,0.3228345017090599,0.5049880214148237,7.739999999999999,0.36,1.0,-0.17303994872890627,17.375,1.9090048371624908,6.336509,-83.145515,0.6,0.0,0.5
0.0009861670031739173,0.3314213743309741,0.5032844968403147,9.18,0.8999999999999999,1.0,-0.4782250434888695,17.38,1.085938016980661,-2.9830213,-66.30349,0.0,0.0,0.5
-0.004844184105849694,0.32705544571182615,0.5033439235060639,10.98,-0.18,1.0,0.17792291024505147,17.385,1.085938016980661,-2.9830213,-66.30349,0.0,0.0,0.5
0.006745863843246096,0.33569332316123457,0.5020525166620694,11.879999999999999,-0.36,1.0,0.2847376934110386,17.39,1.085938016980661,-2.9830213,-66.30349,0.0,0.0,0.5
0.008823242380094031,0.33793053859807354,0.5013685573077654,13.139999999999999,-0.36,1.0,0.14740440076905514,17.395,1.085938016980661,-2.9830213,-66.30349,0.0,0.0,0.5
0.00632517456557336,0.3343752903269434,0.5013787513666973,14.219999999999999,-0.36,1.0,-0.4019287697988787,17.400000000000002,0.32572761357545144,4.4415607,-36.275734,0.6,0.0,0.5
0.015854751441136794,0.33429248594079514,0.5009049222283629,15.12,-0.36,1.0,-0.035706656086922806,17.405,0.32572761357545144,4.4415607,-36.275734,0.6,0.0,0.5
0.026383010393754396,0.32732534757681636,0.5006813192512269,16.02,-0.36,1.0,-0.06622516556291913,17.41,0.32572761357545144,4.4415607,-36.275734,0.6,0.0,0.5
0.04329569379428502,0.3041682154125985,0.5007540997500531,16.74,-0.36,1.0,0.10162663655506066,17.415,0.32572761357545144,4.4415607,-36.275734,0.6,0.0,0.5
0.054077706379837054,0.29007005158142607,0.5003116187395332,17.28,-0.36,1.0,-0.1577806939909081,17.42,0.0515176031288956,4.943062,-45.958702,0.6,0.0,0.5
0.07317846845545264,0.2525956975687658,0.5005570529626787,17.82,-0.36,1.0,0.23895992919704412,17.425,0.0515176031288956,4.943062,-45.958702,0.6,0.0,0.5
0.08355477417274312,0.23778518226258086,0.5006429917160631,18.36,-0.36,1.0,-0.020447401348924643,17.43,0.0515176031288956,4.943062,-45.958702,0.6,0.0,0.5
0.09990290466284943,0.22052120855158355,0.5001450255716491,18.72,-0.36,1.0,0.10162663655506066,17.435,0.0515176031288956,4.943062,-45.958702,0.6,0.0,0.5
0.12048218582828601,0.18680436150687105,0.5003143021094575,19.08,-0.36,1.0,0.010071108127071682,17.44,0.004296435065295285,5.06039,-36.428207,0.6,0.0,0.5
0.13767745280265511,0.1741555827367181,0.5004712393213107,19.259999999999998,-0.36,1.0,0.10162663655506066,17.445,0.004296435065295285,5.06039,-36.428207,0.6,0.0,0.5
0.15720525742081812,0.14691542551515416,0.5000619208946454,19.62,-0.36,1.0,-0.05096591082492097,17.45,0.004296435065295285,5.06039,-36.428207,0.6,0.0,0.5
0.17825208055769357,0.12438310732843813,0.4998111683780851,19.62,-0.36,1.0,-0.035706656086922806,17.455000000000002,0.004296435065295285,5.06039,-36.428207,0.6,0.0,0.5
0.19202417180537154,0.1085497378596266,0.5001547417418731,19.8,-0.36,1.0,-0.05096591082492097,17.46,0.0,6.649983,-86.497284,0.6,0.0,0.5
0.19724810410202018,0.09502398304089436,0.5001138479682032,19.98,-0.36,1.0,0.05584887234106617,17.465,0.0,6.649983,-86.497284,0.6,0.0,0.5
0.2015253320268169,0.0976384952627708,0.49989345666934265,19.98,-0.36,1.0,-0.08148442030091729,17.47,0.0,6.649983,-86.497284,0.6,0.0,0.5
0.20334856078188768,0.09836444710848631,0.4997532482290768,19.98,-0.36,1.0,0.3305154576250331,17.475,0.0,6.649983,-86.497284,0.6,0.0,0.5
0.20534517087909557,0.09308100924707911,0.4998198553325475,19.98,-0.36,1.0,0.0863673818170625,17.48,0.0,7.5116386,-84.46328,0.6,0.0,0.5
0.21506164040132436,0.07171250203131606,0.49965029840815384,19.98,-0.36,1.0,0.3305154576250331,17.485,0.0,7.5116386,-84.46328,0.6,0.0,0.5
0.2263478443417346,0.0415886130294799,0.4998830261005059,19.98,-0.36,1.0,-0.05096591082492097,17.490000000000002,0.0,7.5116386,-84.46328,0.6,0.0,0.5
0.23816748714198827,0.04043978411974088,0.5000425296171687,19.98,-0.36,1.0,0.23895992919704412,17.495,0.0,7.5116386,-84.46328,0.6,0.0,0.5
0.25576306419208905,0.03809732784470589,0.5002988863932647,20.16,-0.36,1.0,0.1626636555070533,17.5,0.0,7.813093,-87.1075,0.6,0.0,0.5
0.27311540443630583,0.03578218940388016,0.5011339053478653,20.34,-0.36,1.0,0.2847376934110386,17.505,0.0,7.813093,-87.1075,0.6,0.0,0.5
0.2881720527277758,0.02487078448946476,0.5010464686253324,20.52,-0.36,1.0,-0.06622516556291913,17.51,0.0,7.813093,-87.1075,0.6,0.0,0.5
0.30526009639303736,0.010459993006800812,0.5013319661707096,20.88,-0.36,1.0,0.1626636555070533,17.515,0.0,7.813093,-87.1075,0.6,0.0,0.5
0.32250345875529524,0.009161433911352476,0.5012599859394095,21.419999999999998,-0.36,1.0,-0.29511398663289157,17.52,0.0,7.0180836,-93.27349,0.6,0.0,0.5
0.3350252612292458,-0.005677793271899353,0.5018893229039356,22.14,-0.36,1.0,0.19318216498304963,17.525000000000002,0.0,7.0180836,-93.27349,0.6,0.0,0.5
0.34872234655635953,-0.0021033185200457914,0.5021274063499065,23.04,-0.36,1.0,-0.14252143925290994,17.53,0.0,7.0180836,-93.27349,0.6,0.0,0.5
0.3631756747851413,-0.002975197803062103,0.5022167509035448,24.119999999999997,-0.36,1.0,-0.09674367503891546,17.535,0.0,7.0180836,-93.27349,0.6,0.0,0.5
0.37411452520671634,-0.002586154898335981,0.5024015371447177,25.56,-0.36,1.0,0.19318216498304963,17.54,0.0,7.196925,-89.70815,0.6,0.0,0.5
0.38540104781371043,-0.004196082415849139,0.5026462743024539,27.0,-0.36,1.0,-0.020447401348924643,17.545,0.0,7.196925,-89.70815,0.6,0.0,0.5
0.39680269738137486,-1.0487785662729981e-05,0.502645363871296,28.799999999999997,-0.36,1.0,-0.1577806939909081,17.55,0.0,7.196925,-89.70815,0.6,0.0,0.5
0.40450902296087665,-0.0004767370012836363,0.5032437192118703,30.779999999999998,-0.36,1.0,0.3610339671010294,17.555,0.0,7.196925,-89.70815,0.6,0.0,0.5
0.41183579004083254,-0.00716181308290879,0.5035732177825035,32.94,-0.36,1.0,0.22370067445904596,17.56,0.0,7.0355315,-82.373795,0.6,0.0,0.5
0.42044495953156863,-0.014489875412246337,0.5032845220329615,35.1,-0.36,1.0,0.10162663655506066,17.565,0.0,7.0355315,-82.373795,0.6,0.0,0.5
0.42592409646252116,-0.016422066120787802,0.503914956479546,37.62,-0.36,1.0,-0.005188146610926481,17.57,0.0,7.0355315,-82.373795,0.6,0.0,0.5
0.43261760673758004,-0.006318311055146852,0.503162626849123,40.14,-0.36,1.0,0.14740440076905514,17.575,0.0,7.0355315,-82.373795,0.6,0.0,0.5
0.43911687225047313,-0.0011331858653872802,0.5031759401086007,42.839999999999996,-0.36,1.0,0.025330362865069844,17.580000000000002,0.0,6.5403843,-61.734238,0.6,0.0,0.5
0.44393845407389826,-0.0034382903981991066,0.503314968482992,45.54,-0.36,1.0,0.07110812707906433,17.585,0.0,6.5403843,-61.734238,0.6,0.0,0.5
0.44797821327513454,-0.0015177854053780543,0.5035606074622919,48.239999999999995,-0.36,1.0,0.04058961760306801,17.59,0.0,6.5403843,-61.734238,0.6,0.0,0.5
0.45328601464961654,-0.005009410952710884,0.5035130273321053,50.94,-0.36,1.0,0.17792291024505147,17.595,0.0,6.5403843,-61.734238,0.6,0.0,0.5
0.4576549933618196,-0.011208575251816358,0.5034340360227784,53.82,-0.36,1.0,0.07110812707906433,17.6,0.0,-7.123349,-77.135056,0.0,0.0,0.5
0.46140474645494706,-0.015372172392705554,0.503689769836422,56.519999999999996,-0.36,1.0,-0.035706656086922806,17.605,0.0,-7.123349,-77.135056,0.0,0.0,0.5
0.4661164425077953,6.297831861879192e-05,0.5034542932179618,59.4,-0.36,1.0,-0.09674367503891546,17.61,0.0,-7.123349,-77.135056,0.0,0.0,0.5
0.4696398168015484,-0.00920263454380252,0.5038866568898502,62.099999999999994,-0.36,1.0,-0.020447401348924643,17.615000000000002,0.0,-7.123349,-77.135056,0.0,0.0,0.5
0.4734294743818547,0.006640710720148785,0.5037849715239426,64.62,-0.36,1.0,-0.005188146610926481,17.62,0.0,-6.9778194,-75.49411,0.0,0.0,0.5
0.47753569374764554,-0.0033952118338267043,0.5038631296394271,67.14,-0.36,1.0,0.11688589129305882,17.625,0.0,-6.9778194,-75.49411,0.0,0.0,0.5
0.48178308709570344,-0.001108534198365094,0.5038933284371739,69.66,-0.36,1.0,0.0863673818170625,17.63,0.0,-6.9778194,-75.49411,0.0,0.0,0.5
0.48506516372001046,-0.0029290852559757797,0.5041445355672183,71.82,-0.36,1.0,0.025330362865069844,17.635,0.0,-6.9778194,-75.49411,0.0,0.0,0.5
0.48946971605211415,-0.00677903378333804,0.5036737075303755,73.98,-0.36,1.0,-0.020447401348924643,17.64,0.0,-7.980109,-92.52617,0.0,0.0,0.5
0.49274812905423304,-0.004957841258015239,0.5040272528142884,75.78,-0.36,1.0,0.17792291024505147,17.645,0.0,-7.980109,-92.52617,0.0,0.0,0.5
0.4954665471382105,-0.0034238070196301817,0.5041558998149471,77.39999999999999,-0.36,1.0,0.11688589129305882,17.650000000000002,0.0,-7.980109,-92.52617,0.0,0.0,0.5
0.49820997636943903,-0.00826087043320016,0.5042996439030241,78.84,-0.36,1.0,0.2084414197210478,17.655,0.0,-7.980109,-92.52617,0.0,0.0,0.5
0.5007848962873123,-0.01059801105097456,0.5044254929226386,79.92,-0.36,1.0,0.04058961760306801,17.66,0.0,-7.476369,-31.349691,0.0,0.0,0.5
0.5032197746416429,-0.013342326699028564,0.504067076697706,80.64,-0.36,1.0,-0.005188146610926481,17.665,0.0,-7.476369,-31.349691,0.0,0.0,0.5
0.5056515711998989,-0.012895039851315505,0.5037938193933761,81.0,-0.36,1.0,0.1626636555070533,17.67,0.0,-7.476369,-31.349691,0.0,0.0,0.5
0.5083897322896694,-0.005086814564789221,0.5035830084431366,81.0,-0.36,1.0,0.010071108127071682,17.675,0.0,-7.476369,-31.349691,0.0,0.0,0.5
0.5104449752127871,-0.004430637095496031,0.5034001096802162,80.82,-0.36,1.0,0.2084414197210478,17.68,0.0,-8.328249,96.75608,0.0,0.6,0.5
0.5107596674061352,-0.0030102337603011,0.5030963274477088,80.28,-0.36,1.0,-0.005188146610926481,17.685,0.0,-8.328249,96.75608,0.0,0.6,0.5
0.509373689865104,-0.0022463403356898152,0.502973650467842,79.74,-0.36,1.0,0.07110812707906433,17.69,0.0,-8.328249,96.75608,0.0,0.6,0.5
0.5078674829981008,-0.008287689635562761,0.5027727417464357,78.84,-0.36,1.0,0.31525620288703493,17.695,0.0,-8.328249,96.75608,0.0,0.6,0.5
0.504034277399665,-0.008079837694817597,0.5025013780378227,77.94,-0.36,1.0,0.23895992919704412,17.7,0.0,-8.30421,95.77443,0.0,0.6,0.5
0.4896477220993513,-0.006371700205409367,0.5025666241998991,76.67999999999999,-0.36,1.0,0.010071108127071682,17.705000000000002,0.0,-8.30421,95.77443,0.0,0.6,0.5
0.46440961363577044,-0.009483068508175648,0.5023983846896298,75.6,-0.36,1.0,0.26947843867304044,17.71,0.0,-8.30421,95.77443,0.0,0.6,0.5
0.43414983526745937,-0.00900434758941027,0.5022127849519535,74.34,-0.36,1.0,-0.08148442030091729,17.715,0.0,-8.30421,95.77443,0.0,0.6,0.5
0.4006425003281594,-0.006427949146301391,0.5018434616249947,72.89999999999999,-0.36,1.0,-0.09674367503891546,17.72,0.0,-8.283647,95.80429,0.0,0.6,0.5
0.36757923939467135,-0.0062579147699847225,0.501674333108784,71.46,-0.36,1.0,-0.09674367503891546,17.725,0.0,-8.283647,95.80429,0.0,0.6,0.5
0.33435370785405794,-0.00872149704104354,0.5013472419007939,70.02,-0.36,1.0,0.19318216498304963,17.73,0.0,-8.283647,95.80429,0.0,0.6,0.5
0.30403328414236835,-0.0035525735210645793,0.500982371686492,68.39999999999999,-0.36,1.0,0.025330362865069844,17.735,0.0,-8.283647,95.80429,0.0,0.6,0.5
0.2728166364301093,-0.005818683925586907,0.501199023419692,66.78,-0.36,1.0,0.17792291024505147,17.740000000000002,0.0024536316354718288,-8.246627,94.40081,0.0,0.6,0.5
0.2453797155162167,-0.0035053292291591983,0.5006974816140657,65.16,-0.36,1.0,-0.24933622241889708,17.745,0.0024536316354718288,-8.246627,94.40081,0.0,0.6,0.5
0.21856507138604395,-0.00444379271684299,0.5001209793504011,63.36,-0.36,1.0,0.14740440076905514,17.75,0.0024536316354718288,-8.246627,94.40081,0.0,0.6,0.5
0.19480916015054625,0.008616744062850807,0.49977913836618826,61.559999999999995,-0.36,1.0,-0.12726218451491178,17.755,0.0024536316354718288,-8.246627,94.40081,0.0,0.6,0.5
0.1714821547026905,0.011642067310868007,0.5001980906772557,59.58,-0.36,1.0,0.010071108127071682,17.76,0.0333406851408345,-8.274669,81.12299,0.0,0.6,0.5
0.15188556309940932,0.026640228617296886,0.4997770156551104,57.78,-0.36,1.0,-0.005188146610926481,17.765,0.0333406851408345,-8.274669,81.12299,0.0,0.6,0.5
0.13301330489415578,0.03503298081705956,0.4998223537633642,55.62,-0.36,1.0,0.22370067445904596,17.77,0.0333406851408345,-8.274669,81.12299,0.0,0.6,0.5
0.12657755909227367,0.041340449040791705,0.49968230289752114,53.64,-0.36,1.0,0.05584887234106617,17.775000000000002,0.0333406851408345,-8.274669,81.12299,0.0,0.6,0.5
0.11250960413674593,0.06694469844711141,0.5002333295036085,51.48,-0.36,1.0,0.11688589129305882,17.78,0.23888628105843276,-7.854595,-85.368286,0.0,0.0,0.5
0.09488649906427657,0.08661267895344102,0.5003419780091933,49.14,-0.36,1.0,-0.05096591082492097,17.785,0.23888628105843276,-7.854595,-85.368286,0.0,0.0,0.5
0.07839420388663501,0.10572252373414986,0.5003472949419491,46.8,-0.36,1.0,-0.18829920346690443,17.79,0.23888628105843276,-7.854595,-85.368286,0.0,0.0,0.5
0.07172642643437234,0.11711660228688643,0.5003622917414663,44.46,-0.36,1.0,-0.11200292977691362,17.795,0.23888628105843276,-7.854595,-85.368286,0.0,0.0,0.5
0.06067450561981979,0.14425035215203708,0.5006498109486757,42.12,-0.36,1.0,0.1626636555070533,17.8,0.9025253940170117,-2.9122946,-88.556366,0.0,0.0,0.5
0.04508382632459186,0.15358136927767005,0.5010984869049264,39.42,-0.36,1.0,-0.12726218451491178,17.805,0.9025253940170117,-2.9122946,-88.556366,0.0,0.0,0.5
0.03914966935289102,0.1764735400817263,0.5010208125755515,36.9,-0.36,1.0,0.04058961760306801,17.81,0.9025253940170117,-2.9122946,-88.556366,0.0,0.0,0.5
0.03301042726494742,0.20271259482086326,0.5012623982126653,34.199999999999996,-0.36,1.0,0.010071108127071682,17.815,0.9025253940170117,-2.9122946,-88.556366,0.0,0.0,0.5
0.029190409336247065,0.2059729559377876,0.5014291907305946,31.5,-0.36,1.0,0.10162663655506066,17.82,1.7979565108515898,5.7054987,-114.749695,0.6,0.0,0.5
0.03406629758461904,0.21662735905395952,0.5016376183971174,28.799999999999997,-0.36,1.0,-0.020447401348924643,17.825,1.7979565108515898,5.7054987,-114.749695,0.6,0.0,0.5
0.020839933934334018,0.24055606882783784,0.5024072869842651,25.919999999999998,-0.36,1.0,0.0863673818170625,17.830000000000002,1.7979565108515898,5.7054987,-114.749695,0.6,0.0,0.5
0.009870480450452905,0.25441913135602306,0.5026740484735405,23.04,-0.36,1.0,-0.12726218451491178,17.835,1.7979565108515898,5.7054987,-114.749695,0.6,0.0,0.5
-0.007873160628714066,0.275399517268473,0.5030508973633193,19.98,-0.36,1.0,0.14740440076905514,17.84,1.8886455807721028,6.133148,-102.718994,0.6,0.0,0.5
-0.014212571083042374,0.2915298693780211,0.5032740942714531,16.919999999999998,-0.36,1.0,-0.035706656086922806,17.845,1.8886455807721028,6.133148,-102.718994,0.6,0.0,0.5
-0.014689336648616635,0.30903929890344944,0.5034544417104625,13.86,-0.36,1.0,0.26947843867304044,17.85,1.8886455807721028,6.133148,-102.718994,0.6,0.0,0.5
-0.0008284251970434572,0.3128015528481832,0.5037001597469899,10.62,-0.36,1.0,0.05584887234106617,17.855,1.8886455807721028,6.133148,-102.718994,0.6,0.0,0.5
-0.01370613570142923,0.32908857236061745,0.5036481774635868,7.38,-0.36,1.0,0.14740440076905514,17.86,1.0461001933989267,6.6771436,-80.03556,0.6,0.0,0.5
-0.006676011246581272,0.3366781867577615,0.5036841623364142,4.14,2.52,1.0,8.768883327738294,17.865000000000002,1.0461001933989267,6.6771436,-80.03556,0.6,0.0,0.5
-0.010273355635441815,0.33834960100318373,0.5060560122586066,1.7999999999999998,6.84,1.0,2.482070375682831,17.87,1.0461001933989267,6.6771436,-80.03556,0.6,0.0,0.5
-0.004117225280753819,0.33859223389557647,0.5089147731093228,0.54,8.1,1.0,-1.088595233008796,17.875,1.0461001933989267,6.6771436,-80.03556,0.6,0.0,0.5
-0.008138523643486183,0.34184697047029017,0.5105051995959566,0.36,7.56,1.0,2.604144413586816,17.88,0.30552561682556983,9.454072,-135.97789,0.6,0.0,0.5
-0.007724229125201455,0.3423201202847342,0.5119985832863444,1.26,6.84,1.0,1.642811365092932,17.885,0.30552561682556983,9.454072,-135.97789,0.6,0.0,0.5
0.002254239701542819,0.3472365821150885,0.5116241383420588,2.88,3.78,1.0,5.945921201208524,17.89,0.30552561682556983,9.454072,-135.97789,0.6,0.0,0.5
0.008292060086266527,0.34178466276649166,0.5090828008640131,5.04,1.44,1.0,1.932737205114897,17.895,0.30552561682556983,9.454072,-135.97789,0.6,0.0,0.5
0.007160548533178055,0.32678152456480813,0.5072468352181816,7.02,-0.8999999999999999,1.0,0.14740440076905514,17.900000000000002,0.04705150379820813,2.451264,-98.98221,0.6,0.0,0.5
0.019935069441330493,0.30975013910948346,0.5046770031041857,7.56,0.18,1.0,-0.41718802453687687,17.905,0.04705150379820813,2.451264,-98.98221,0.6,0.0,0.5
0.02342770957404076,0.28130651295249126,0.5030825508434862,9.0,0.36,1.0,-0.41718802453687687,17.91,0.04705150379820813,2.451264,-98.98221,0.6,0.0,0.5
0.03831579888282846,0.2553828758476297,0.5027180737348714,10.44,-0.54,1.0,-0.020447401348924643,17.915,0.04705150379820813,2.451264,-98.98221,0.6,0.0,0.5
0.05809969194095965,0.2274043923871607,0.502407436764166,11.16,-0.18,1.0,0.23895992919704412,17.92,0.0038207702072339173,4.1603694,-53.906746,0.6,0.0,0.5
0.07175457575353913,0.19397092766264773,0.5019063804852981,12.24,-0.36,1.0,0.010071108127071682,17.925,0.0038207702072339173,4.1603694,-53.906746,0.6,0.0,0.5
0.09229188971106869,0.16945366679602836,0.5019747104997231,13.139999999999999,-0.36,1.0,0.22370067445904596,17.93,0.0038207702072339173,4.1603694,-53.906746,0.6,0.0,0.5
0.11614720319185476,0.1463709051396581,0.501820226236558,13.86,-0.36,1.0,-0.21881771294290076,17.935,0.0038207702072339173,4.1603694,-53.906746,0.6,0.0,0.5
0.13470292023597066,0.14362259830345964,0.501500865995302,14.58,-0.36,1.0,0.17792291024505147,17.94,0.0,4.501211,-62.27542,0.6,0.0,0.5
0.14736845290192335,0.11740975075234539,0.5017894995583798,15.479999999999999,-0.36,1.0,-0.06622516556291913,17.945,0.0,4.501211,-62.27542,0.6,0.0,0.5
0.16642009009391087,0.10720100855161176,0.5014325802880354,16.2,-0.36,1.0,0.34577471236303126,17.95,0.0,4.501211,-62.27542,0.6,0.0,0.5
0.18054525985040945,0.08791609920112993,0.5014057702921054,16.74,-0.36,1.0,0.025330362865069844,17.955000000000002,0.0,4.501211,-62.27542,0.6,0.0,0.5
0.19741996334468526,0.06728180406298581,0.5010826888227199,17.46,-0.36,1.0,0.05584887234106617,17.96,0.0,5.57074,-85.66376,0.6,0.0,0.5
0.21698119641194177,0.08019067791405757,0.5009922084754044,18.18,-0.36,1.0,0.1626636555070533,17.965,0.0,5.57074,-85.66376,0.6,0.0,0.5
0.23141253119823438,0.06306926089925924,0.5012920630008123,18.9,-0.36,1.0,0.14740440076905514,17.97,0.0,5.57074,-85.66376,0.6,0.0,0.5
0.24700640444735839,0.05718420713656972,0.5008610687389441,19.62,-0.36,1.0,0.04058961760306801,17.975,0.0,5.57074,-85.66376,0.6,0.0,0.5
0.2644738006076055,0.040703861275137095,0.5010896095126497,20.34,-0.36,1.0,0.3610339671010294,17.98,0.0,5.929678,-70.355545,0.6,0.0,0.5
0.27886268847750967,0.02598854597596373,0.5012097140622177,21.24,-0.36,1.0,0.04058961760306801,17.985,0.0,5.929678,-70.355545,0.6,0.0,0.5
0.29242413541952716,0.013691534010218743,0.5012209747264802,22.32,-0.36,1.0,0.0863673818170625,17.990000000000002,0.0,5.929678,-70.355545,0.6,0.0,0.5
0.30876335918540804,0.021909183124518016,0.5011106031004231,23.4,-0.36,1.0,-0.09674367503891546,17.995,0.0,5.929678,-70.355545,0.6,0.0,0.5
0.32284947779345025,0.014313469882806662,0.5009432850706991,24.66,-0.36,1.0,0.010071108127071682,18.0,0.0,6.0596275,-85.501434,0.6,0.0,0.5
0.33419544629527426,-0.004977127657319753,0.5009783960891316,25.919999999999998,-0.54,1.0,0.025330362865069844,18.005,0.0,6.0596275,-85.501434,0.6,0.0,0.5
0.34861682437022834,0.0129648335470285,0.5006172712853267,27.36,-0.54,1.0,0.22370067445904596,18.01,0.0,6.0596275,-85.501434,0.6,0.0,0.5
0.361230919999066,0.007079222301594383,0.5007500495603667,28.98,-0.54,1.0,0.26947843867304044,18.015,0.0,6.0596275,-85.501434,0.6,0.0,0.5
0.3717171244713215,0.01643899114389622,0.5005522551895354,30.779999999999998,-0.54,1.0,0.025330362865069844,18.02,0.0,6.7313824,-84.691895,0.6,0.0,0.5
0.3826664607627844,-0.004495880348939937,0.5007338711030851,32.58,-0.54,1.0,-0.08148442030091729,18.025000000000002,0.0,6.7313824,-84.691895,0.6,0.0,0.5
0.39289137677636227,-0.010045664672166301,0.5011109711150303,34.56,-0.54,1.0,0.22370067445904596,18.03,0.0,6.7313824,-84.691895,0.6,0.0,0.5
0.40062455085678617,-0.009366207545054708,0.5013243161556997,36.72,-0.54,1.0,-0.020447401348924643,18.035,0.0,6.7313824,-84.691895,0.6,0.0,0.5
0.4089665491304582,-0.0004881523510569901,0.5018147623311446,38.879999999999995,-0.54,1.0,0.3610339671010294,18.04,0.0,6.425374,-82.25285,0.6,0.0,0.5
0.4167856100634658,0.00037645115016505696,0.5021008722869108,41.22,-0.36,1.0,-0.020447401348924643,18.045,0.0,6.425374,-82.25285,0.6,0.0,0.5
0.4226583843965539,-0.006970467852114324,0.5024066821882125,43.559999999999995,-0.36,1.0,0.34577471236303126,18.05,0.0,6.425374,-82.25285,0.6,0.0,0.5
0.4285685730999436,-0.005486065645676699,0.5029017073392184,45.9,-0.36,1.0,-0.09674367503891546,18.055,0.0,6.425374,-82.25285,0.6,0.0,0.5
0.4355196601203921,0.0021079255191384445,0.5026652632528582,48.42,-0.36,1.0,0.025330362865069844,18.06,0.0,5.6446404,-76.40828,0.6,0.0,0.5
0.44063769438739697,-0.004875638284545489,0.5026384715508736,50.76,-0.36,1.0,0.010071108127071682,18.065,0.0,5.6446404,-76.40828,0.6,0.0,0.5
0.4460023554883834,-0.004733082013140115,0.5026265462435405,53.28,-0.36,1.0,0.0863673818170625,18.07,0.0,5.6446404,-76.40828,0.6,0.0,0.5
0.4506289578859571,-0.008298758997517988,0.5032190550837614,55.8,-0.36,1.0,-0.17303994872890627,18.075,0.0,5.6446404,-76.40828,0.6,0.0,0.5
0.45532707759757973,-0.010117875247839692,0.5033408165556706,58.32,-0.36,1.0,0.22370067445904596,18.080000000000002,0.0,5.697076,-80.16861,0.6,0.0,0.5
0.45917741246131294,-0.01672955016174991,0.5036867419467659,60.66,-0.36,1.0,-0.14252143925290994,18.085,0.0,5.697076,-80.16861,0.6,0.0,0.5
0.46438443429990606,-0.013899915454631435,0.5035983585769238,63.0,-0.36,1.0,0.07110812707906433,18.09,0.0,5.697076,-80.16861,0.6,0.0,0.5
0.4684379548835026,-0.009953598886186679,0.5038788269378559,65.16,-0.36,1.0,0.07110812707906433,18.095,0.0,5.697076,-80.16861,0.6,0.0,0.5
0.47229292988656624,-0.017097730334384463,0.5039940668485617,67.32,-0.36,1.0,0.2084414197210478,18.1,0.0,5.9353466,-68.79807,0.6,0.0,0.5
0.47644024165509197,-0.019674793858852832,0.5043554923468782,69.3,-0.36,1.0,-0.14252143925290994,18.105,0.0,5.9353466,-68.79807,0.6,0.0,0.5
0.480216852047166,-0.027670908388487483,0.5044380600911125,71.28,-0.36,1.0,0.1626636555070533,18.11,0.0,5.9353466,-68.79807,0.6,0.0,0.5
0.48378383698071237,-0.0031404427762296537,0.5044716882562209,73.08,-0.36,1.0,0.11688589129305882,18.115000000000002,0.0,5.9353466,-68.79807,0.6,0.0,0.5
0.4873595195009626,-0.012705023929565773,0.5047605812717214,74.52,-0.36,1.0,0.17792291024505147,18.12,0.0,4.1711874,-43.877556,0.6,0.0,0.5
0.49052428741208937,-0.008974960737125979,0.5051912385276832,75.96,-0.36,1.0,0.05584887234106617,18.125,0.0,4.1711874,-43.877556,0.6,0.0,0.5
0.49325379144237796,-0.015392209101936736,0.505277833543409,77.03999999999999,-0.36,1.0,-0.020447401348924643,18.13,0.0,4.1711874,-43.877556,0.6,0.0,0.5
0.49651257445587854,-0.019970740269848613,0.5050988475542804,77.94,-0.36,1.0,-0.020447401348924643,18.135,0.0,4.1711874,-43.877556,0.6,0.0,0.5
0.4998647570736971,-0.008183588662367694,0.5047554639435433,78.48,-0.36,1.0,0.29999694814903677,18.14,0.0,-7.6391563,-83.072,0.0,0.0,0.5
0.502156827391355,-0.008426776486441743,0.5044792184140483,78.84,-0.36,1.0,-0.06622516556291913,18.145,0.0,-7.6391563,-83.072,0.0,0.0,0.5
0.5044992830409293,-0.009668000598716543,0.5045578894752506,78.84,-0.36,1.0,0.2542191839350423,18.150000000000002,0.0,-7.6391563,-83.072,0.0,0.0,0.5
0.5074558980556927,-0.0006330082671211341,0.5040923570426203,78.66,-0.36,1.0,0.2542191839350423,18.155,0.0,-7.6391563,-83.072,0.0,0.0,0.5
0.5092343785201666,0.008689273284478511,0.504000041016454,78.3,-0.36,1.0,0.14740440076905514,18.16,0.0,-6.9647875,-74.92085,0.0,0.0,0.5
0.5107845824422178,-0.0050797278528685345,0.5042727442069882,77.94,-0.36,1.0,-0.06622516556291913,18.165,0.0,-6.9647875,-74.92085,0.0,0.0,0.5
0.5135812583246546,-0.011775059293016367,0.5037478875245993,77.22,-0.36,1.0,0.26947843867304044,18.17,0.0,-6.9647875,-74.92085,0.0,0.0,0.5
0.5156295385562908,-0.01311443564819078,0.5033609377102236,76.5,-0.36,1.0,0.22370067445904596,18.175,0.0,-6.9647875,-74.92085,0.0,0.0,0.5
0.5175015004650926,-0.0091673582034068,0.5030466609471586,75.78,-0.36,1.0,0.10162663655506066,18.18,0.0,-7.915188,-93.11498,0.0,0.0,0.5
0.5195231141515131,-0.0009157150344240182,0.5027451598660545,75.06,-0.36,1.0,-0.020447401348924643,18.185,0.0,-7.915188,-93.11498,0.0,0.0,0.5
0.5202300553095931,-0.012135451321127184,0.5029927376258256,74.34,-0.36,1.0,-0.08148442030091729,18.19,0.0,-7.915188,-93.11498,0.0,0.0,0.5
0.5216720277719448,0.001684474807806139,0.5029973742887648,73.44,-0.36,1.0,-0.14252143925290994,18.195,0.0,-7.915188,-93.11498,0.0,0.0,0.5
0.5236158669379443,-0.006857279033866095,0.5022682737568529,72.72,-0.36,1.0,0.23895992919704412,18.2,0.0,-7.3666353,-47.642857,0.0,0.0,0.5
0.5244474212133756,-0.011630762488082997,0.5021540784011476,72.17999999999999,-0.36,1.0,-0.21881771294290076,18.205000000000002,0.0,-7.3666353,-47.642857,0.0,0.0,0.5
0.5252786751966662,-0.017561124722098996,0.5021399019845929,71.46,-0.36,1.0,0.1626636555070533,18.21,0.0,-7.3666353,-47.642857,0.0,0.0,0.5
0.5266519993960811,-0.007641552368445938,0.5018895283277895,70.92,-0.36,1.0,0.10162663655506066,18.215,0.0,-7.3666353,-47.642857,0.0,0.0,0.5
0.5274110345883415,-0.01301192966628971,0.5018413319354366,70.38,-0.36,1.0,0.3305154576250331,18.22,0.0,-8.639832,94.97624,0.0,0.6,0.5
0.5280497193188765,-0.004794786842314903,0.5015371583145943,70.02,-0.36,1.0,0.0863673818170625,18.225,0.0,-8.639832,94.97624,0.0,0.6,0.5
0.5264618457365243,-0.011623732329938158,0.5017395996607632,69.48,-0.36,1.0,0.23895992919704412,18.23,0.0,-8.639832,94.97624,0.0,0.6,0.5
0.5248718349544773,-0.0020966406796702223,0.5015925409969211,69.3,-0.36,1.0,0.025330362865069844,18.235,0.0,-8.639832,94.97624,0.0,0.6,0.5
0.5225784853928128,-0.006801844070109194,0.5014132004353989,69.12,-0.36,1.0,0.10162663655506066,18.240000000000002,0.0,-8.446393,98.09127,0.0,0.6,0.5
0.5104537388236408,-0.011781709686354674,0.5014957984380416,68.75999999999999,-0.36,1.0,0.025330362865069844,18.245,0.0,-8.446393,98.09127,0.0,0.6,0.5
0.48791083972819044,0.0021432839872256504,0.5011955391693724,68.58,-0.36,1.0,0.07110812707906433,18.25,0.0,-8.446393,98.09127,0.0,0.6,0.5
0.4553876474003804,0.0020113092954771794,0.501481990714186,68.39999999999999,-0.36,1.0,0.0863673818170625,18.255,0.0,-8.446393,98.09127,0.0,0.6,0.5
0.4230848441770085,0.0014433675049353785,0.5012970159621781,68.03999999999999,-0.36,1.0,0.19318216498304963,18.26,0.0,-8.323508,97.52868,0.0,0.6,0.5
0.38850433678490637,-0.0031760764624935117,0.5011423008565656,67.67999999999999,-0.36,1.0,-0.09674367503891546,18.265,0.0,-8.323508,97.52868,0.0,0.6,0.5
0.3554514332441172,-0.005098619206433256,0.5015742325713962,67.32,-0.36,1.0,0.3762932218390276,18.27,0.0,-8.323508,97.52868,0.0,0.6,0.5
0.32257032065859903,-0.012180372442706394,0.502204314448196,66.78,-0.36,1.0,-0.06622516556291913,18.275000000000002,0.0,-8.323508,97.52868,0.0,0.6,0.5
0.29283001779148304,-0.0038899456510840197,0.5021011456586575,66.24,-0.36,1.0,0.05584887234106617,18.28,0.0016743707375297117,-8.3780775,96.08169,0.0,0.6,0.5
0.2642076453547452,-0.008861957603809744,0.5018856164622293,65.52,-0.36,1.0,0.04058961760306801,18.285,0.0016743707375297117,-8.3780775,96.08169,0.0,0.6,0.5
0.2363278713519238,-0.01961304635209608,0.5028166679727136,64.8,-0.36,1.0,0.010071108127071682,18.29,0.0016743707375297117,-8.3780775,96.08169,0.0,0.6,0.5
0.21065163992351746,-0.02063362234050414,0.5030339469443239,64.08,-0.36,1.0,-0.035706656086922806,18.295,0.0016743707375297117,-8.3780775,96.08169,0.0,0.6,0.5
0.18861846042635674,-0.0011003946146748258,0.5024197944687008,63.36,-0.36,1.0,0.1626636555070533,18.3,0.024704393004963954,-8.375583,88.71681,0.0,0.6,0.5
0.16712843190349505,0.008005239352125392,0.5023057725293317,62.46,-0.36,1.0,0.07110812707906433,18.305,0.024704393004963954,-8.375583,88.71681,0.0,0.6,0.5
0.14702114907736696,0.01977176483029545,0.5027833623825261,61.379999999999995,-0.36,1.0,0.1626636555070533,18.31,0.024704393004963954,-8.375583,88.71681,0.0,0.6,0.5
0.13115379281742792,0.033865572720406176,0.5028365069568255,60.48,-0.36,1.0,0.2084414197210478,18.315,0.024704393004963954,-8.375583,88.71681,0.0,0.6,0.5
0.11926083330051705,0.05660162123364626,0.5027510642051922,59.22,-0.36,1.0,-0.005188146610926481,18.32,0.19219774212492322,-7.949068,-44.777607,0.0,0.0,0.5
0.10894095207899337,0.07510108978717475,0.5031662793175452,58.14,-0.36,1.0,-0.06622516556291913,18.325,0.19219774212492322,-7.949068,-44.777607,0.0,0.0,0.5
0.09843730870089785,0.0905796865496898,0.503409370697265,56.879999999999995,-0.36,1.0,0.10162663655506066,18.330000000000002,0.19219774212492322,-7.949068,-44.777607,0.0,0.0,0.5
0.09382237384482947,0.10086720243419199,0.5031911373962316,55.62,-0.36,1.0,-0.12726218451491178,18.335,0.19219774212492322,-7.949068,-44.777607,0.0,0.0,0.5
0.0731632102606595,0.12850187326364787,0.5031958950561941,54.18,-0.36,1.0,-0.2035584582049026,18.34,0.7884495448698082,-7.4652257,-94.22563,0.0,0.0,0.5
0.05455923828323334,0.15506065650372242,0.5033677571122913,52.739999999999995,-0.36,1.0,0.010071108127071682,18.345,0.7884495448698082,-7.4652257,-94.22563,0.0,0.0,0.5
0.04513975607295638,0.1880097591698483,0.5031427903085959,51.12,-0.36,1.0,0.05584887234106617,18.35,0.7884495448698082,-7.4652257,-94.22563,0.0,0.0,0.5
0.03840470373311135,0.19673596895277076,0.5035237478417787,49.5,-0.36,1.0,-0.020447401348924643,18.355,0.7884495448698082,-7.4652257,-94.22563,0.0,0.0,0.5
0.038953392558239326,0.20865877677635727,0.5032360937852087,47.879999999999995,-0.36,1.0,-0.020447401348924643,18.36,1.7054974083455434,5.5924387,-116.12437,0.6,0.0,0.5
0.017357115902669716,0.22463921427473246,0.5032178490816078,46.08,-0.36,1.0,0.14740440076905514,18.365000000000002,1.7054974083455434,5.5924387,-116.12437,0.6,0.0,0.5
0.016192174422561177,0.23829959183564015,0.5032496117021233,44.28,-0.36,1.0,-0.11200292977691362,18.37,1.7054974083455434,5.5924387,-116.12437,0.6,0.0,0.5
0.014872496996650775,0.25300568905868254,0.5036257572689813,42.3,-0.36,1.0,0.22370067445904596,18.375,1.7054974083455434,5.5924387,-116.12437,0.6,0.0,0.5
0.00893964788189686,0.26701645169622523,0.5035965757688415,40.5,-0.36,1.0,-0.035706656086922806,18.38,1.9452693873155071,6.855271,-100.05374,0.6,0.0,0.5
0.007716412147369611,0.2833403146814314,0.5035909139517665,38.339999999999996,-0.36,1.0,0.4068117313150239,18.385,1.9452693873155071,6.855271,-100.05374,0.6,0.0,0.5
0.012571075174200762,0.29441440413259934,0.5037041193671652,36.18,-0.36,1.0,-0.05096591082492097,18.39,1.9452693873155071,6.855271,-100.05374,0.6,0.0,0.5
0.004130531006299189,0.3142413113940216,0.5037370218207392,34.019999999999996,-0.36,1.0,0.17792291024505147,18.395,1.9452693873155071,6.855271,-100.05374,0.6,0.0,0.5
-0.004402784319624756,0.31792113688586027,0.503737535018377,31.68,-0.36,1.0,-0.17303994872890627,18.400000000000002,1.1699302558193914,3.4363203,-71.81712,0.6,0.0,0.5
-0.010869698715147529,0.32108644861315483,0.5037773976743585,29.34,-0.36,1.0,0.05584887234106617,18.405,1.1699302558193914,3.4363203,-71.81712,0.6,0.0,0.5
-0.0034472538235502856,0.3302155680209208,0.5036971679011313,27.0,-0.36,1.0,0.04058961760306801,18.41,1.1699302558193914,3.4363203,-71.81712,0.6,0.0,0.5
-0.016960034607463526,0.3199230618535413,0.503758374827203,24.48,-0.36,1.0,-0.020447401348924643,18.415,1.1699302558193914,3.4363203,-71.81712,0.6,0.0,0.5
-0.014425219818179244,0.3180773126550994,0.5038331075602115,21.96,-0.36,1.0,0.07110812707906433,18.42,0.3710152186072245,5.6934676,-127.181725,0.6,0.0,0.5
-0.005527071329955723,0.3155495351110244,0.5038158034951133,19.259999999999998,-0.36,1.0,-0.005188146610926481,18.425,0.3710152186072245,5.6934676,-127.181725,0.6,0.0,0.5
-0.008610084277357759,0.3035832856597265,0.503659823875717,16.74,-0.36,1.0,-0.17303994872890627,18.43,0.3710152186072245,5.6934676,-127.181725,0.6,0.0,0.5
0.001995975458723971,0.28947752591450615,0.5034794034816125,13.86,-0.36,1.0,0.39155247657702574,18.435,0.3710152186072245,5.6934676,-127.181725,0.6,0.0,0.5
0.008465097048179368,0.26133279407675014,0.5032218782433906,11.16,-0.36,1.0,-0.020447401348924643,18.44,0.06204045975712458,2.281593,-102.45581,0.6,0.0,0.5
0.010777287798577232,0.23722329642285583,0.5031146347003405,8.28,-0.36,1.0,0.0863673818170625,18.445,0.06204045975712458,2.281593,-102.45581,0.6,0.0,0.5
0.034783791176652805,0.20836640810001392,0.5029165043894356,5.3999999999999995,-0.18,1.0,27.110507522812583,18.45,0.06204045975712458,2.281593,-102.45581,0.6,0.0,0.5
0.045473794566919856,0.18806881813141046,0.5037819393903185,3.06,4.859999999999999,1.0,2.5278481398968253,18.455000000000002,0.06204045975712458,2.281593,-102.45581,0.6,0.0,0.5
0.06054087037854655,0.17926227384448548,0.5059139553940684,1.98,6.4799999999999995,1.0,0.8188116092410311,18.46,0.005470283348798341,4.705313,-75.7151,0.6,0.0,0.5
0.06643371942021578,0.1576144596411326,0.5069191258289414,1.7999999999999998,5.58,1.0,11.027253028962079,18.465,0.005470283348798341,4.705313,-75.7151,0.6,0.0,0.5
0.08580002532145707,0.12984103695533689,0.5085552048545745,2.88,4.859999999999999,1.0,0.5441450239570074,18.47,0.005470283348798341,4.705313,-75.7151,0.6,0.0,0.5
0.11839619622328515,0.1002337315068984,0.5084901421528356,4.68,2.16,1.0,0.3762932218390276,18.475,0.005470283348798341,4.705313,-75.7151,0.6,0.0,0.5
0.1453189999716714,0.09168447415455787,0.5049730419828803,7.02,-0.54,1.0,1.4444410534989558,18.48,0.0,4.4388056,-68.97683,0.6,0.0,0.5
0.15878298444110395,0.06425420010858121,0.5043842677737344,8.1,0.0,1.0,0.3610339671010294,18.485,0.0,4.4388056,-68.97683,0.6,0.0,0.5
0.17889807307053604,0.0633408395104489,0.5026925307114415,10.08,-0.18,1.0,-0.17303994872890627,18.490000000000002,0.0,4.4388056,-68.97683,0.6,0.0,0.5
0.1936616925298892,0.061010550319290056,0.5013883269469355,11.879999999999999,-0.54,1.0,-0.1577806939909081,18.495,0.0,4.4388056,-68.97683,0.6,0.0,0.5
0.2077904847071026,0.057567802267168705,0.5016534168704149,13.68,-0.54,1.0,0.10162663655506066,18.5,0.0,5.5204144,-74.70552,0.6,0.0,0.5
0.22720172232772837,0.050721488714584255,0.5015140965218051,15.479999999999999,-0.54,1.0,0.34577471236303126,18.505,0.0,5.5204144,-74.70552,0.6,0.0,0.5
0.24305392415179533,0.039036752992935256,0.5008104174629062,17.28,-0.36,1.0,-0.08148442030091729,18.51,0.0,5.5204144,-74.70552,0.6,0.0,0.5
0.2562756682109843,0.03414875250429749,0.5014665991497291,19.259999999999998,-0.54,1.0,0.1626636555070533,18.515,0.0,5.5204144,-74.70552,0.6,0.0,0.5
0.2728116960667999,0.02496373947315373,0.5014724018685488,21.419999999999998,-0.54,1.0,0.14740440076905514,18.52,0.0,6.5437975,-85.63925,0.6,0.0,0.5
0.28898901026265306,0.01589594449702671,0.5005264425009879,23.4,-0.54,1.0,0.05584887234106617,18.525000000000002,0.0,6.5437975,-85.63925,0.6,0.0,0.5
0.3011527726521711,0.009929107148949777,0.5006079520680844,25.56,-0.54,1.0,0.010071108127071682,18.53,0.0,6.5437975,-85.63925,0.6,0.0,0.5
0.3157598346538594,-0.004559462587764475,0.5004506793502564,27.72,-0.54,1.0,0.19318216498304963,18.535,0.0,6.5437975,-85.63925,0.6,0.0,0.5
0.3302291557044223,0.009955897069672714,0.5000059322058854,30.06,-0.54,1.0,0.2084414197210478,18.54,0.0,5.999915,-90.21028,0.6,0.0,0.5
0.3419870004948713,0.015142358515189238,0.49961337862162325,32.4,-0.54,1.0,-0.05096591082492097,18.545,0.0,5.999915,-90.21028,0.6,0.0,0.5
0.35308831413676167,0.012578885186308411,0.4998743811022297,34.74,-0.54,1.0,-0.08148442030091729,18.55,0.0,5.999915,-90.21028,0.6,0.0,0.5
0.3662384146899361,-0.006711820667958491,0.49929485227438025,37.08,-0.54,1.0,0.3610339671010294,18.555,0.0,5.999915,-90.21028,0.6,0.0,0.5
0.3760703370272336,-0.004994358829601806,0.4991951723138528,39.42,-0.54,1.0,-0.020447401348924643,18.56,0.0,6.6783667,-82.41972,0.6,0.0,0.5
0.3870507973445374,0.006275907224330309,0.4981822663025672,41.94,-0.54,1.0,0.3305154576250331,18.565,0.0,6.6783667,-82.41972,0.6,0.0,0.5
0.39669444274699295,-0.00673862385659128,0.49797626105652437,44.28,-0.54,1.0,-0.11200292977691362,18.57,0.0,6.6783667,-82.41972,0.6,0.0,0.5
0.4039382642986607,-0.005708053363607887,0.49863740152759317,46.8,-0.36,1.0,0.2084414197210478,18.575,0.0,6.6783667,-82.41972,0.6,0.0,0.5
0.41149568954447646,0.0029302620646385873,0.49816170748023336,49.32,-0.36,1.0,-0.38666951506088054,18.580000000000002,0.0,6.603072,-84.30055,0.6,0.0,0.5
0.4190750228988414,-0.0005187640137316985,0.4982990939634585,51.839999999999996,-0.36,1.0,0.025330362865069844,18.585,0.0,6.603072,-84.30055,0.6,0.0,0.5
0.42506300034386574,0.0008008486420727624,0.4987357500248179,54.18,-0.36,1.0,-0.2035584582049026,18.59,0.0,6.603072,-84.30055,0.6,0.0,0.5
0.43151208923034157,0.00048183526682292233,0.4982635913676752,56.519999999999996,-0.36,1.0,0.025330362865069844,18.595,0.0,6.603072,-84.30055,0.6,0.0,0.5
0.43791912069020306,-0.012663026413280262,0.4981453053694725,58.86,-0.36,1.0,0.04058961760306801,18.6,0.0,5.811904,-79.233,0.6,0.0,0.5
0.44327942291856204,-0.017822381387521274,0.4982515481811822,61.199999999999996,-0.36,1.0,0.2847376934110386,18.605,0.0,5.811904,-79.233,0.6,0.0,0.5
0.44868794804262413,-0.009373721838174035,0.4979022454730059,63.36,-0.36,1.0,0.025330362865069844,18.61,0.0,5.811904,-79.233,0.6,0.0,0.5
0.4550210854240332,0.0006227964405512601,0.497453237677669,65.52,-0.36,1.0,0.19318216498304963,18.615000000000002,0.0,5.811904,-79.233,0.6,0.0,0.5
0.45951527552985233,-0.0035011005620098627,0.4979085001104088,67.5,-0.36,1.0,-0.020447401348924643,18.62,0.0,6.273061,-81.87969,0.6,0.0,0.5
0.4635860745959485,-0.010158170940992748,0.4981169036644431,69.3,-0.36,1.0,0.0863673818170625,18.625,0.0,6.273061,-81.87969,0.6,0.0,0.5
0.46814897340044836,-0.0037728937598074993,0.49824616066241384,71.1,-0.36,1.0,-0.1577806939909081,18.63,0.0,6.273061,-81.87969,0.6,0.0,0.5
0.47264178977522997,-0.0008469001202156794,0.4983704927684769,72.72,-0.36,1.0,0.19318216498304963,18.635,0.0,6.273061,-81.87969,0.6,0.0,0.5
0.47637819662498415,-0.00578311371701494,0.4987743785506841,74.16,-0.36,1.0,-0.08148442030091729,18.64,0.0,6.702076,-83.985275,0.6,0.0,0.5
0.48035418736653107,0.0002017322422463849,0.49901555698394173,75.24,-0.36,1.0,0.2084414197210478,18.645,0.0,6.702076,-83.985275,0.6,0.0,0.5
0.48454277186075106,-0.007862990475057749,0.49893328477764365,76.32,-0.36,1.0,-0.17303994872890627,18.650000000000002,0.0,6.702076,-83.985275,0.6,0.0,0.5
0.48715052544187293,-0.005439546299237878,0.4998464275479618,77.03999999999999,-0.36,1.0,0.2847376934110386,18.655,0.0,6.702076,-83.985275,0.6,0.0,0.5
0.49088642570701246,0.004795500169467405,0.49974421789393647,77.58,-0.36,1.0,0.07110812707906433,18.66,0.0,4.564576,-56.856678,0.6,0.0,0.5
0.4942880595743903,0.0062813952796020095,0.49986980042320167,77.94,-0.36,1.0,0.19318216498304963,18.665,0.0,4.564576,-56.856678,0.6,0.0,0.5
0.4969945052314599,-2.9633527648632983e-05,0.5002127451342292,77.94,-0.36,1.0,-0.1577806939909081,18.67,0.0,4.564576,-56.856678,0.6,0.0,0.5
0.4995093767818013,-0.004074204515309739,0.5006128617203146,77.75999999999999,-0.36,1.0,0.26947843867304044,18.675,0.0,4.564576,-56.856678,0.6,0.0,0.5
0.5019442215354623,-0.006719956457821719,0.5013319042053721,77.39999999999999,-0.36,1.0,-0.005188146610926481,18.68,0.0,-7.521235,-84.274414,0.0,0.0,0.5
0.5037081945173935,-0.012490288149602615,0.5022850508235416,76.86,-0.36,1.0,0.0863673818170625,18.685,0.0,-7.521235,-84.274414,0.0,0.0,0.5
0.506246281850463,-0.003973255250832147,0.502400809487753,76.32,-0.36,1.0,-0.2035584582049026,18.69,0.0,-7.521235,-84.274414,0.0,0.0,0.5
0.5090082176580722,-0.010690794480581817,0.5021613274311126,75.78,-0.36,1.0,0.17792291024505147,18.695,0.0,-7.521235,-84.274414,0.0,0.0,0.5
0.5114326104017008,-0.006397426438136792,0.5022407682060493,75.06,-0.36,1.0,0.010071108127071682,18.7,0.0,-6.6882586,-72.91428,0.0,0.0,0.5
0.5129469585594731,-0.015158110203234966,0.5027762205407843,74.34,-0.36,1.0,-0.12726218451491178,18.705000000000002,0.0,-6.6882586,-72.91428,0.0,0.0,0.5
0.5148448038094856,-0.018385316439951508,0.5031257519430028,73.61999999999999,-0.36,1.0,-0.08148442030091729,18.71,0.0,-6.6882586,-72.91428,0.0,0.0,0.5
0.5163907958658817,-0.019609035482348526,0.5034843982437355,73.08,-0.36,1.0,0.4525894955290184,18.715,0.0,-6.6882586,-72.91428,0.0,0.0,0.5
0.5178394739565116,-0.013346124868731787,0.503587733878134,72.36,-0.36,1.0,-0.05096591082492097,18.72,0.0,-7.702035,-92.26267,0.0,0.0,0.5
0.519191646794324,-0.014521432692054652,0.5039891613323246,71.82,-0.36,1.0,0.14740440076905514,18.725,0.0,-7.702035,-92.26267,0.0,0.0,0.5
0.5207029533591425,-0.015014562801501109,0.5040193793428815,71.28,-0.36,1.0,-0.2035584582049026,18.73,0.0,-7.702035,-92.26267,0.0,0.0,0.5
0.5216548476364591,-0.021091926315035536,0.5042193740256684,70.74,-0.36,1.0,0.10162663655506066,18.735,0.0,-7.702035,-92.26267,0.0,0.0,0.5
0.5230082735871335,-0.020242728633274285,0.504526420422514,70.2,-0.36,1.0,0.010071108127071682,18.740000000000002,0.0,-5.2097387,-9.151123,0.0,0.0,0.5
0.5240181006439643,-0.017624173402945257,0.504844399290374,69.84,-0.36,1.0,0.11688589129305882,18.745,0.0,-5.2097387,-9.151123,0.0,0.0,0.5
0.5247116543865269,-0.014879963813278272,0.5048490065603989,69.66,-0.54,1.0,0.025330362865069844,18.75,0.0,-5.2097387,-9.151123,0.0,0.0,0.5
0.5244821272438431,-0.00888270667099552,0.5044208660275311,69.48,-0.54,1.0,-0.035706656086922806,18.755,0.0,-5.2097387,-9.151123,0.0,0.0,0.5
0.523292429510742,-0.021781330452176614,0.5049574588237135,69.3,-0.54,1.0,0.14740440076905514,18.76,0.0,-7.560234,86.41908,0.0,0.6,0.5
0.5235154749924562,-0.01208009000657776,0.504628003480615,69.3,-0.54,1.0,0.4068117313150239,18.765,0.0,-7.560234,86.41908,0.0,0.6,0.5
0.5215598676633428,-0.01035466249050547,0.5042896517858277,69.3,-0.54,1.0,-0.035706656086922806,18.77,0.0,-7.560234,86.41908,0.0,0.6,0.5
0.5187419712658353,-0.013774928844209904,0.5045711285213448,69.3,-0.36,1.0,0.14740440076905514,18.775000000000002,0.0,-7.560234,86.41908,0.0,0.6,0.5
0.5120185899582022,-0.018019923567746128,0.5046598046826137,69.48,-0.36,1.0,-0.08148442030091729,18.78,0.0,-7.8149004,89.23233,0.0,0.6,0.5
0.49242933643183245,-0.006217323230706963,0.5043002877392679,69.48,-0.36,1.0,0.10162663655506066,18.785,0.0,-7.8149004,89.23233,0.0,0.6,0.5
0.463462000294847,-0.006425112297805308,0.503835811454113,69.48,-0.36,1.0,0.025330362865069844,18.79,0.0,-7.8149004,89.23233,0.0,0.6,0.5
0.4305039994246752,0.00017645483988542544,0.5038642826516803,69.48,-0.36,1.0,0.3762932218390276,18.795,0.0,-7.8149004,89.23233,0.0,0.6,0.5
0.3968256398366223,-0.0007853134521121819,0.5037291978837677,69.48,-0.36,1.0,0.0863673818170625,18.8,0.0,-8.120529,91.69652,0.0,0.6,0.5
0.3637471849550936,-0.005610965215968632,0.5034206634062055,69.3,-0.36,1.0,0.26947843867304044,18.805,0.0,-8.120529,91.69652,0.0,0.6,0.5
0.33119394622713444,-0.014019098775301789,0.5032922840666069,68.94,-0.36,1.0,-0.1577806939909081,18.81,0.0,-8.120529,91.69652,0.0,0.6,0.5
0.3007123173452593,-0.005530087539694643,0.5030742565184326,68.75999999999999,-0.36,1.0,0.04058961760306801,18.815,0.0,-8.120529,91.69652,0.0,0.6,0.5
0.27178661350727706,-0.01703823331123373,0.5025021054295582,68.39999999999999,-0.36,1.0,0.05584887234106617,18.82,0.0017111580169515154,-8.090541,94.93828,0.0,0.6,0.5
0.24461998508836905,0.0050344092497338734,0.5019141140220196,67.86,-0.36,1.0,0.22370067445904596,18.825,0.0017111580169515154,-8.090541,94.93828,0.0,0.6,0.5
0.21929710714180822,0.007094058258974669,0.5016423809608279,67.5,-0.36,1.0,-0.005188146610926481,18.830000000000002,0.0017111580169515154,-8.090541,94.93828,0.0,0.6,0.5
0.1945708962463449,-0.0013043198154608837,0.5019132090666262,66.78,-0.36,1.0,0.14740440076905514,18.835,0.0017111580169515154,-8.090541,94.93828,0.0,0.6,0.5
0.17256623717589126,-0.007673908548210507,0.5019129013134054,66.24,-0.36,1.0,0.2542191839350423,18.84,0.025130741999068024,-7.634393,86.55156,0.0,0.6,0.5
0.15298865730331945,-0.00959640707713924,0.5015627684178211,65.52,-0.36,1.0,0.010071108127071682,18.845,0.025130741999068024,-7.634393,86.55156,0.0,0.6,0.5
0.13946350670948618,-0.022672453184351606,0.5013833500584315,64.8,-0.36,1.0,0.025330362865069844,18.85,0.025130741999068024,-7.634393,86.55156,0.0,0.6,0.5
0.11851789184915541,-0.022828066314099064,0.5013036641999113,63.9,-0.36,1.0,-0.05096591082492097,18.855,0.025130741999068024,-7.634393,86.55156,0.0,0.6,0.5
0.10812638585570972,-0.016864016935065073,0.5006721627297427,63.0,-0.36,1.0,-0.05096591082492097,18.86,0.19461308556309176,-6.9232326,14.401543,0.0,0.6,0.5
0.09502267493871573,0.014411986248155737,0.5003842149347866,62.099999999999994,-0.36,1.0,0.19318216498304963,18.865000000000002,0.19461308556309176,-6.9232326,14.401543,0.0,0.6,0.5
0.0719269177632353,0.01956997010416648,0.500547800016568,61.019999999999996,-0.36,1.0,-0.09674367503891546,18.87,0.19461308556309176,-6.9232326,14.401543,0.0,0.6,0.5
0.06324117250066559,0.0352740158925443,0.5007108311147873,59.94,-0.36,1.0,-0.11200292977691362,18.875,0.19461308556309176,-6.9232326,14.401543,0.0,0.6,0.5
0.05094262784566681,0.07451538915877795,0.5005072183701619,58.68,-0.36,1.0,0.010071108127071682,18.88,0.7946763653894553,1.1829325,-83.62632,0.6,0.0,0.5
0.04340443631634364,0.07606058337029528,0.5001443183895269,57.419999999999995,-0.36,1.0,0.2084414197210478,18.885,0.7946763653894553,1.1829325,-83.62632,0.6,0.0,0.5
0.03999201159610413,0.09917320270760306,0.5002206802345838,56.16,-0.36,1.0,0.14740440076905514,18.89,0.7946763653894553,1.1829325,-83.62632,0.6,0.0,0.5
0.03355884506917253,0.12558868548002705,0.500174941952569,54.72,-0.36,1.0,0.07110812707906433,18.895,0.7946763653894553,1.1829325,-83.62632,0.6,0.0,0.5
0.022985792159079515,0.13732367146175045,0.5001312716112107,53.28,-0.36,1.0,-0.11200292977691362,18.900000000000002,1.7110397019098083,6.2933626,-84.46662,0.6,0.0,0.5
0.017996940670811798,0.1575267769789239,0.5001145036938551,51.66,-0.36,1.0,0.0863673818170625,18.905,1.7110397019098083,6.2933626,-84.46662,0.6,0.0,0.5
0.009871245727305494,0.17987248290658212,0.5002319996352551,50.04,-0.36,1.0,0.19318216498304963,18.91,1.7110397019098083,6.2933626,-84.46662,0.6,0.0,0.5
0.011521768935324903,0.20503363693573448,0.5003140190543919,48.42,-0.36,1.0,0.07110812707906433,18.915,1.7110397019098083,6.2933626,-84.46662,0.6,0.0,0.5
0.01755878300297744,0.21985095613843553,0.5006046074442627,46.62,-0.36,1.0,0.14740440076905514,18.92,1.9425911610142195,6.035833,-65.88156,0.6,0.0,0.5
0.018677043290611126,0.24312204358507297,0.5009736158796585,44.82,-0.36,1.0,-0.05096591082492097,18.925,1.9425911610142195,6.035833,-65.88156,0.6,0.0,0.5
0.007155465335826147,0.249123691060237,0.5012676728999609,43.019999999999996,-0.36,1.0,0.14740440076905514,18.93,1.9425911610142195,6.035833,-65.88156,0.6,0.0,0.5
0.008554869768481141,0.27400962862835776,0.5013714026431854,41.04,-0.36,1.0,0.2542191839350423,18.935,1.9425911610142195,6.035833,-65.88156,0.6,0.0,0.5
-0.0021884330430027156,0.27859067660335723,0.5017101664555548,38.879999999999995,-0.36,1.0,0.010071108127071682,18.94,1.1629318405353788,6.017797,-72.43452,0.6,0.0,0.5
0.002290577347155838,0.2916738486952676,0.5021854777657061,36.9,-0.36,1.0,-0.005188146610926481,18.945,1.1629318405353788,6.017797,-72.43452,0.6,0.0,0.5
0.00017833078712420084,0.30645396674540903,0.5023889653196607,34.56,-0.36,1.0,-0.17303994872890627,18.95,1.1629318405353788,6.017797,-72.43452,0.6,0.0,0.5
-0.006822765860750037,0.31653625785142103,0.5027609354848583,32.4,-0.36,1.0,0.10162663655506066,18.955000000000002,1.1629318405353788,6.017797,-72.43452,0.6,0.0,0.5
-0.010369325490729019,0.3254323743658324,0.503007606576735,30.06,-0.36,1.0,0.04058961760306801,18.96,0.3670951495548829,4.5624084,-86.014694,0.6,0.0,0.5
-0.005339003471681193,0.3331462701735893,0.5032676292151504,27.54,-0.36,1.0,0.2542191839350423,18.965,0.3670951495548829,4.5624084,-86.014694,0.6,0.0,0.5
0.00583486329482436,0.3419984766654885,0.5036751358632148,25.2,-0.36,1.0,0.04058961760306801,18.97,0.3670951495548829,4.5624084,-86.014694,0.6,0.0,0.5
0.01344924957323606,0.35299225247936816,0.5036985649948523,22.5,-0.36,1.0,0.11688589129305882,18.975,0.3670951495548829,4.5624084,-86.014694,0.6,0.0,0.5
0.036310900211091915,0.3529564608271152,0.5039426808908578,19.98,-0.36,1.0,0.010071108127071682,18.98,0.061101878530028214,6.242011,-75.20394,0.6,0.0,0.5
0.06226796172365117,0.3301327847854998,0.5042716627130059,17.28,-0.36,1.0,0.26947843867304044,18.985,0.061101878530028214,6.242011,-75.20394,0.6,0.0,0.5
0.08639740468670366,0.3054266687282681,0.5045861081313335,14.58,-0.36,1.0,0.04058961760306801,18.990000000000002,0.061101878530028214,6.242011,-75.20394,0.6,0.0,0.5
0.10438136486617416,0.29560357897152234,0.5046554446334657,11.879999999999999,-0.36,1.0,0.025330362865069844,18.995,0.061101878530028214,6.242011,-75.20394,0.6,0.0,0.5
0.13134613268427742,0.2597490425393134,0.5046005735211471,9.0,-0.36,1.0,-0.11200292977691362,19.0,0.005362681577089956,6.1357927,-77.78702,0.6,0.0,0.5
0.1446100925986605,0.2331588656676603,0.5043610069320091,6.4799999999999995,-0.54,1.0,-0.24933622241889708,19.005,0.005362681577089956,6.1357927,-77.78702,0.6,0.0,0.5
0.1538514319598813,0.21922675120994187,0.5041771397878723,4.14,3.06,1.0,5.030365916928634,19.01,0.005362681577089956,6.1357927,-77.78702,0.6,0.0,0.5
0.17398166429164003,0.19898012160153863,0.5060096551472383,3.2399999999999998,4.859999999999999,1.0,1.7648854029969172,19.015,0.005362681577089956,6.1357927,-77.78702,0.6,0.0,0.5
0.19078222897711247,0.169433080348253,0.5067215834810951,3.5999999999999996,3.06,1.0,10.065919980468138,19.02,0.0,4.171313,-53.003605,0.6,0.0,0.5
0.2025601158086603,0.14024036012022642,0.5074871435406805,5.04,2.34,1.0,0.5594042786950055,19.025000000000002,0.0,4.171313,-53.003605,0.6,0.0,0.5
0.22095563048062394,0.12224672771740806,0.507061491345512,7.38,-0.54,1.0,0.26947843867304044,19.03,0.0,4.171313,-53.003605,0.6,0.0,0.5
0.2373925409245923,0.10661497119592604,0.5050131799947033,8.1,0.0,1.0,-0.31037324137088973,19.035,0.0,4.171313,-53.003605,0.6,0.0,0.5
0.2509563001184503,0.10609566113612331,0.5041625222299495,10.08,0.0,1.0,-0.21881771294290076,19.04,0.0,-4.3826647,-76.295555,0.0,0.0,0.5
0.26684519699457004,0.09351254961341827,0.5034535238543492,12.24,-0.72,1.0,-0.06622516556291913,19.045,0.0,-4.3826647,-76.295555,0.0,0.0,0.5
0.283349552289581,0.09314211553933396,0.5028907963869695,14.04,-0.36,1.0,-0.08148442030091729,19.05,0.0,-4.3826647,-76.295555,0.0,0.0,0.5
0.2955597297545406,0.08194490491654957,0.5026858140662963,16.38,-0.54,1.0,0.2847376934110386,19.055,0.0,-4.3826647,-76.295555,0.0,0.0,0.5
0.3096597432339651,0.06020449792806937,0.5025487648086537,18.72,-0.54,1.0,0.2084414197210478,19.06,0.0,-1.6818357,24.215733,0.0,0.6,0.5
0.3242341426605468,0.05594412833073843,0.5020506963457355,21.419999999999998,-0.54,1.0,-0.09674367503891546,19.065,0.0,-1.6818357,24.215733,0.0,0.6,0.5
0.335391566081242,0.04538652992925283,0.5022973333462548,24.119999999999997,-0.54,1.0,0.025330362865069844,19.07,0.0,-1.6818357,24.215733,0.0,0.6,0.5
0.34607707863036064,0.0445967857100746,0.50203752247475,26.82,-0.54,1.0,-0.17303994872890627,19.075,0.0,-1.6818357,24.215733,0.0,0.6,0.5
0.35956381625340106,0.037997468292901265,0.5011647618330408,29.88,-0.54,1.0,0.26947843867304044,19.080000000000002,0.0,-3.361756,68.02733,0.0,0.6,0.5
0.3695402941264467,0.04216985256776335,0.5013345268653859,32.94,-0.54,1.0,-0.2035584582049026,19.085,0.0,-3.361756,68.02733,0.0,0.6,0.5
0.3788615834848781,0.041772725435523995,0.5010892889217005,36.0,-0.54,1.0,-0.05096591082492097,19.09,0.0,-3.361756,68.02733,0.0,0.6,0.5
0.3891153400752853,0.029429978208022116,0.5004927975614243,39.059999999999995,-0.54,1.0,0.17792291024505147,19.095,0.0,-3.361756,68.02733,0.0,0.6,0.5
0.3969605338516281,0.018154099149539013,0.5009230104499659,42.3,-0.54,1.0,0.23895992919704412,19.1,0.0,-6.6807957,79.05789,0.0,0.6,0.5
0.40441178450425264,0.012395435287367956,0.5005537352950575,45.54,-0.54,1.0,0.2084414197210478,19.105,0.0,-6.6807957,79.05789,0.0,0.6,0.5
0.4130519312309335,0.010897118322026738,0.49985009056012203,48.6,-0.54,1.0,0.4068117313150239,19.11,0.0,-6.6807957,79.05789,0.0,0.6,0.5
0.4194750908282411,0.00036055670807215337,0.499966708482186,51.839999999999996,-0.54,1.0,0.0863673818170625,19.115000000000002,0.0,-6.6807957,79.05789,0.0,0.6,0.5
0.422802350869389,-0.003418044223983985,0.4990277978975849,54.9,-0.54,1.0,0.17792291024505147,19.12,0.0,-8.45264,89.89885,0.0,0.6,0.5
0.42103077051369203,-0.013758343441221026,0.49890922762771434,57.96,-0.54,1.0,-0.06622516556291913,19.125,0.0,-8.45264,89.89885,0.0,0.6,0.5
0.42026494973159584,-0.007308581238779321,0.4986116945290639,60.839999999999996,-0.54,1.0,0.14740440076905514,19.13,0.0,-8.45264,89.89885,0.0,0.6,0.5
0.41773310827120014,0.0024086915526581416,0.49881177937978244,63.72,-0.54,1.0,-0.1577806939909081,19.135,0.0,-8.45264,89.89885,0.0,0.6,0.5
0.4145651503621937,-0.004122051675630946,0.4987835034896312,66.42,-0.54,1.0,0.1626636555070533,19.14,0.004453795427817486,-7.911084,91.4299,0.0,0.6,0.5
0.4098536264049123,-0.007295386002430536,0.49964341136989143,68.94,-0.54,1.0,-0.11200292977691362,19.145,0.004453795427817486,-7.911084,91.4299,0.0,0.6,0.5
0.40005277034004316,0.02140550569991125,0.4989586813496609,71.46,-0.36,1.0,0.29999694814903677,19.150000000000002,0.004453795427817486,-7.911084,91.4299,0.0,0.6,0.5
0.37945535740084846,0.026658726669188136,0.49939791571451564,73.61999999999999,-0.36,1.0,0.025330362865069844,19.155,0.004453795427817486,-7.911084,91.4299,0.0,0.6,0.5
0.35382533368400043,0.037979021380574914,0.4997761930608664,75.42,-0.36,1.0,0.23895992919704412,19.16,0.05296719207639885,-7.578723,84.842545,0.0,0.6,0.5
0.32549186132734986,0.056270690402583666,0.49974932629562735,77.03999999999999,-0.36,1.0,-0.05096591082492097,19.165,0.05296719207639885,-7.578723,84.842545,0.0,0.6,0.5
0.29683349401405945,0.07792803401189452,0.4995971668390643,78.3,-0.36,1.0,0.11688589129305882,19.17,0.05296719207639885,-7.578723,84.842545,0.0,0.6,0.5
0.2678306930341447,0.0959980548155858,0.4998634051182733,79.02,-0.36,1.0,-0.14252143925290994,19.175,0.05296719207639885,-7.578723,84.842545,0.0,0.6,0.5
0.24036686863550316,0.11718862531243036,0.49980457792007116,79.38,-0.36,1.0,0.14740440076905514,19.18,0.33215069652279805,-6.04352,37.389755,0.0,0.6,0.5
0.213911596148026,0.13246287751876182,0.49976317733126074,79.2,-0.36,1.0,0.10162663655506066,19.185,0.33215069652279805,-6.04352,37.389755,0.0,0.6,0.5
0.18915442779633104,0.15347063547045933,0.4999561872849943,78.66,-0.36,1.0,0.14740440076905514,19.19,0.33215069652279805,-6.04352,37.389755,0.0,0.6,0.5
0.16638025723568983,0.17841449538513818,0.5001350362689067,77.58,-0.36,1.0,-0.020447401348924643,19.195,0.33215069652279805,-6.04352,37.389755,0.0,0.6,0.5
0.1469139094223525,0.1890898383976405,0.5002162383904264,75.96,-0.36,1.0,0.17792291024505147,19.2,1.098284655751422,6.7867403,-87.300064,0.6,0.0,0.5
0.12903659454876043,0.2016853854584666,0.5001306361448075,74.16,-0.36,1.0,0.10162663655506066,19.205000000000002,1.098284655751422,6.7867403,-87.300064,0.6,0.0,0.5
0.10967777893422041,0.2259820230323122,0.49999051476059153,72.0,-0.36,1.0,0.10162663655506066,19.21,1.098284655751422,6.7867403,-87.300064,0.6,0.0,0.5
0.10667370836062288,0.23575250636853323,0.5000195721772266,69.48,-0.36,1.0,-0.020447401348924643,19.215,1.098284655751422,6.7867403,-87.300064,0.6,0.0,0.5
0.08940242498611105,0.24477373459911453,0.5001490117023513,66.78,-0.36,1.0,0.2084414197210478,19.22,1.9149004280278634,7.2177176,-98.15545,0.6,0.0,0.5
0.07935376600707739,0.262378752107932,0.5003947565603386,63.72,-0.36,1.0,-0.08148442030091729,19.225,1.9149004280278634,7.2177176,-98.15545,0.6,0.0,0.5
0.07460714545187759,0.29367904866568856,0.5003468071135492,60.66,-0.36,1.0,0.19318216498304963,19.23,1.9149004280278634,7.2177176,-98.15545,0.6,0.0,0.5
0.0678429483873088,0.299822244547283,0.5004050622486939,57.059999999999995,-0.36,1.0,-0.005188146610926481,19.235,1.9149004280278634,7.2177176,-98.15545,0.6,0.0,0.5
0.05271940343431211,0.3113459102104665,0.500900767668244,53.46,-0.36,1.0,0.22370067445904596,19.240000000000002,1.7604715373929203,6.7686396,-76.77805,0.6,0.0,0.5
0.04066265708655611,0.3296391437735125,0.5011016953960357,49.68,-0.36,1.0,-0.06622516556291913,19.245,1.7604715373929203,6.7686396,-76.77805,0.6,0.0,0.5
0.03779100827708024,0.33879827795432954,0.5011695027139716,45.9,-0.36,1.0,0.19318216498304963,19.25,1.7604715373929203,6.7686396,-76.77805,0.6,0.0,0.5
0.023213817247576107,0.3505291983567474,0.5013952893502518,41.76,-0.36,1.0,0.010071108127071682,19.255,1.7604715373929203,6.7686396,-76.77805,0.6,0.0,0.5
0.030177763999043563,0.35913722458042,0.5014559754707796,37.62,-0.36,1.0,0.26947843867304044,19.26,0.8534210511066277,6.1716948,-84.166435,0.6,0.0,0.5
0.027915266560654933,0.36665059959844476,0.5016861862197562,33.48,-0.36,1.0,-0.11200292977691362,19.265,0.8534210511066277,6.1716948,-84.166435,0.6,0.0,0.5
0.01541004939470077,0.38227957254101597,0.5018996121493673,29.16,-0.36,1.0,0.26947843867304044,19.27,0.8534210511066277,6.1716948,-84.166435,0.6,0.0,0.5
0.005366814809348059,0.3980534097679238,0.501998788604869,24.84,-0.36,1.0,-0.21881771294290076,19.275000000000002,0.8534210511066277,6.1716948,-84.166435,0.6,0.0,0.5
0.0028764056664445396,0.41307158181459497,0.5020743585124465,20.34,-0.36,1.0,0.4525894955290184,19.28,0.218146990616433,4.730323,-74.17868,0.6,0.0,0.5
0.012303437587179203,0.414343773832623,0.5025738983190485,15.84,-0.36,1.0,0.010071108127071682,19.285,0.218146990616433,4.730323,-74.17868,0.6,0.0,0.5
0.031015353119284137,0.41414175172053025,0.5021555677982056,11.34,-0.36,1.0,0.04058961760306801,19.29,0.218146990616433,4.730323,-74.17868,0.6,0.0,0.5
0.038802355399524764,0.4017820203696166,0.5020492785746624,6.84,-0.54,1.0,-0.09674367503891546,19.295,0.218146990616433,4.730323,-74.17868,0.6,0.0,0.5
0.06655920091414742,0.3947353675518765,0.501918294012007,2.52,5.58,1.0,7.578661458174384,19.3,0.029402660725624846,6.0474215,-75.806564,0.6,0.0,0.5
0.07344571349722573,0.38572309249287634,0.5069585611694233,-0.54,11.52,1.0,3.0924405652028124,19.305,0.029402660725624846,6.0474215,-75.806564,0.6,0.0,0.5
0.08702808386323624,0.3669365083532654,0.5104073333091186,-1.7999999999999998,12.42,1.0,-0.3256324961088879,19.31,0.029402660725624846,6.0474215,-75.806564,0.6,0.0,0.5
0.09868722442543608,0.35322948648132785,0.5130669905482009,-1.6199999999999999,10.26,1.0,17.008880886257526,19.315,0.029402660725624846,6.0474215,-75.806564,0.6,0.0,0.5
0.12047617311990783,0.31304623613302396,0.5145100371001821,0.18,9.18,1.0,2.222663045136862,19.32,0.002089659716789957,5.789705,-66.96523,0.6,0.0,0.5
0.13857032558917434,0.288371340100658,0.5132882220138968,2.6999999999999997,5.3999999999999995,1.0,-0.2798547318948934,19.325,0.002089659716789957,5.789705,-66.96523,0.6,0.0,0.5
0.15458418059795478,0.26705722395549486,0.5090771477908866,6.3,-0.36,1.0,9.150364696188248,19.330000000000002,0.002089659716789957,5.789705,-66.96523,0.6,0.0,0.5
0.17701621505660414,0.23523733716008252,0.5057979299485326,8.28,-0.18,1.0,0.39155247657702574,19.335,0.002089659716789957,5.789705,-66.96523,0.6,0.0,0.5
0.19459763215504752,0.20619894225783575,0.5033916026107212,10.98,0.54,1.0,-0.035706656086922806,19.34,0.0,4.8331323,-58.779144,0.6,0.0,0.5
0.21022390806502592,0.17867492644523297,0.5012465387955806,13.86,-0.36,1.0,-0.6613361003448475,19.345,0.0,4.8331323,-58.779144,0.6,0.0,0.5
0.2290247493274997,0.15740256683536874,0.501012588438878,16.02,-0.36,1.0,-0.5087435529648658,19.35,0.0,4.8331323,-58.779144,0.6,0.0,0.5
0.244748432937326,0.1400686775346062,0.5007296625208318,18.9,-0.54,1.0,0.23895992919704412,19.355,0.0,4.8331323,-58.779144,0.6,0.0,0.5
0.2582938739874218,0.1259456186673458,0.49968292444872114,21.24,-0.54,1.0,0.39155247657702574,19.36,0.0,1.1067085,-72.163574,0.6,0.0,0.5
0.27446544992549926,0.11762804560068335,0.4997619002039089,23.939999999999998,-0.54,1.0,0.025330362865069844,19.365000000000002,0.0,1.1067085,-72.163574,0.6,0.0,0.5
0.2899570672552596,0.11279627426435057,0.49939470513502066,26.459999999999997,-0.36,1.0,0.513626514481011,19.37,0.0,1.1067085,-72.163574,0.6,0.0,0.5
0.3020256282327791,0.09398640328403593,0.49860913946508645,29.16,-0.54,1.0,0.1626636555070533,19.375,0.0,1.1067085,-72.163574,0.6,0.0,0.5
0.31656645323714705,0.09042893607270007,0.4987868545506962,31.86,-0.54,1.0,0.2847376934110386,19.38,0.0,-6.2700696,-36.676853,0.0,0.0,0.5
0.3306828333035561,0.0640243595269088,0.4982453489379518,34.379999999999995,-0.36,1.0,-0.020447401348924643,19.385,0.0,-6.2700696,-36.676853,0.0,0.0,0.5
0.34150497650628486,0.05255267717573088,0.4979786089914933,36.9,-0.54,1.0,-0.020447401348924643,19.39,0.0,-6.2700696,-36.676853,0.0,0.0,0.5
0.35282949176927964,0.059599238332191246,0.49818818827100175,39.42,-0.36,1.0,-0.035706656086922806,19.395,0.0,-6.2700696,-36.676853,0.0,0.0,0.5
0.3652542767831411,0.04006837476036951,0.49797770326101487,41.94,-0.36,1.0,0.39155247657702574,19.400000000000002,0.0,-5.147497,103.60935,0.0,0.6,0.5
0.3750181205668259,0.036339525913865016,0.49733262552177543,44.46,-0.36,1.0,-0.035706656086922806,19.405,0.0,-5.147497,103.60935,0.0,0.6,0.5
0.38430037464804584,0.02640058728800099,0.49793624220915306,46.98,-0.36,1.0,0.17792291024505147,19.41,0.0,-5.147497,103.60935,0.0,0.6,0.5
0.3944714565226866,0.03281911104477967,0.49739214080481775,49.32,-0.36,1.0,-0.2035584582049026,19.415,0.0,-5.147497,103.60935,0.0,0.6,0.5
0.40269914369683885,0.005642595276168741,0.49709912213597396,51.66,-0.36,1.0,0.2084414197210478,19.42,0.0,-6.9381685,78.58719,0.0,0.6,0.5
0.411258826807025,0.008832183187502759,0.4964349448581055,54.0,-0.36,1.0,-0.020447401348924643,19.425,0.0,-6.9381685,78.58719,0.0,0.6,0.5
0.4190537458821629,-0.005059377972665199,0.4964893794701488,56.16,-0.36,1.0,0.0863673818170625,19.43,0.0,-6.9381685,78.58719,0.0,0.6,0.5
0.4256977241457576,-0.0033997612369311894,0.4963657820325819,58.32,-0.36,1.0,-0.17303994872890627,19.435,0.0,-6.9381685,78.58719,0.0,0.6,0.5
0.43153076527511985,-0.00988801277487324,0.49668427668790194,60.48,-0.36,1.0,0.2847376934110386,19.44,0.0,-8.286008,88.2966,0.0,0.6,0.5
0.43796298204630396,-0.02281861419607443,0.4966078643271382,62.46,-0.36,1.0,0.04058961760306801,19.445,0.0,-8.286008,88.2966,0.0,0.6,0.5
0.44394695290950226,-0.01537155851296738,0.4962840546673979,64.44,-0.36,1.0,0.07110812707906433,19.45,0.0,-8.286008,88.2966,0.0,0.6,0.5
0.44509769142236,-0.019252500586840884,0.496637422110433,66.24,-0.36,1.0,0.17792291024505147,19.455000000000002,0.0,-8.286008,88.2966,0.0,0.6,0.5
0.4448343643824698,-0.00817396015950855,0.49603794658020733,67.86,-0.36,1.0,0.19318216498304963,19.46,0.0009226431513835705,-7.808855,88.37664,0.0,0.6,0.5
0.44439710644513414,-0.008901308090983355,0.4961327529784263,69.48,-0.36,1.0,0.05584887234106617,19.465,0.0009226431513835705,-7.808855,88.37664,0.0,0.6,0.5
0.44293834007255234,-0.010181375807906198,0.49605579810715866,70.92,-0.36,1.0,0.2542191839350423,19.47,0.0009226431513835705,-7.808855,88.37664,0.0,0.6,0.5
0.43983955497273197,-0.023757880373142456,0.496557305937239,72.17999999999999,-0.36,1.0,0.17792291024505147,19.475,0.0009226431513835705,-7.808855,88.37664,0.0,0.6,0.5
0.4366793347977815,-0.01209133976374457,0.4961223589568846,73.25999999999999,-0.36,1.0,0.42207098605302207,19.48,0.015411638887423522,-7.4531612,82.5247,0.0,0.6,0.5
0.42341363710508056,-0.005217447209647004,0.496481749228167,74.16,-0.36,1.0,-0.12726218451491178,19.485,0.015411638887423522,-7.4531612,82.5247,0.0,0.6,0.5
0.4015560726224594,0.02478141674094824,0.4967762534095195,74.7,-0.36,1.0,0.010071108127071682,19.490000000000002,0.015411638887423522,-7.4531612,82.5247,0.0,0.6,0.5
0.3739028533034263,0.03752513432115348,0.4971930756523306,75.06,-0.36,1.0,-0.020447401348924643,19.495,0.015411638887423522,-7.4531612,82.5247,0.0,0.6,0.5
0.34437240231706423,0.06714141788064566,0.49726670829922787,75.06,-0.36,1.0,0.0863673818170625,19.5,0.13574236704606574,-7.476168,61.038895,0.0,0.6,0.5
0.3132782720790737,0.08387406290205297,0.49767311451854557,74.88,-0.36,1.0,-0.005188146610926481,19.505,0.13574236704606574,-7.476168,61.038895,0.0,0.6,0.5
0.2839226399577639,0.11227074610038118,0.4974804064774162,74.52,-0.36,1.0,0.17792291024505147,19.51,0.13574236704606574,-7.476168,61.038895,0.0,0.6,0.5
0.2548688833522441,0.1309594996374817,0.49748642692256145,73.8,-0.36,1.0,0.11688589129305882,19.515,0.13574236704606574,-7.476168,61.038895,0.0,0.6,0.5
0.22791973700482665,0.13579673532791126,0.49751396719477536,72.89999999999999,-0.36,1.0,0.17792291024505147,19.52,0.630425168592694,2.952244,-99.69206,0.6,0.0,0.5
0.2019033563124154,0.1533407176862662,0.497788821173495,71.64,-0.36,1.0,0.1626636555070533,19.525000000000002,0.630425168592694,2.952244,-99.69206,0.6,0.0,0.5
0.17858670236749905,0.17501198064780177,0.4982783040617049,70.2,-0.36,1.0,0.23895992919704412,19.53,0.630425168592694,2.952244,-99.69206,0.6,0.0,0.5
0.15682350066695822,0.19066810316300825,0.49879019259818513,68.39999999999999,-0.36,1.0,0.19318216498304963,19.535,0.630425168592694,2.952244,-99.69206,0.6,0.0,0.5
0.13808119969224228,0.19762855972755394,0.4991393920758144,66.6,-0.36,1.0,0.23895992919704412,19.54,1.5438432383712588,6.536565,-98.63484,0.6,0.0,0.5
0.11872260204641005,0.21757997399358678,0.4994537568655329,64.44,-0.36,1.0,-0.05096591082492097,19.545,1.5438432383712588,6.536565,-98.63484,0.6,0.0,0.5
0.10404264162590093,0.2416493914366308,0.49947456100127313,62.099999999999994,-0.36,1.0,-0.08148442030091729,19.55,1.5438432383712588,6.536565,-98.63484,0.6,0.0,0.5
0.09273928919274504,0.2531651775713041,0.49940444184498733,59.58,-0.36,1.0,0.10162663655506066,19.555,1.5438432383712588,6.536565,-98.63484,0.6,0.0,0.5
0.08767342842674092,0.2754256942932086,0.4995749134623547,56.879999999999995,-0.36,1.0,0.31525620288703493,19.56,1.9935374031749011,6.671261,-84.1507,0.6,0.0,0.5
0.07821247558290835,0.28559865392985284,0.499590733028388,54.0,-0.36,1.0,-0.17303994872890627,19.565,1.9935374031749011,6.671261,-84.1507,0.6,0.0,0.5
0.06658442882450888,0.29520887862771156,0.4996858359133389,50.94,-0.36,1.0,-0.08148442030091729,19.57,1.9935374031749011,6.671261,-84.1507,0.6,0.0,0.5
0.05200457529076622,0.3153313839657683,0.4999553328563657,47.879999999999995,-0.36,1.0,-0.09674367503891546,19.575,1.9935374031749011,6.671261,-84.1507,0.6,0.0,0.5
0.03387345793225156,0.3391630475800151,0.5002512734286815,44.64,-0.36,1.0,0.010071108127071682,19.580000000000002,1.3573664431448154,5.769388,-70.06841,0.6,0.0,0.5
0.02991687263591609,0.34523510296842236,0.5006787433393856,41.4,-0.36,1.0,0.17792291024505147,19.585,1.3573664431448154,5.769388,-70.06841,0.6,0.0,0.5
0.021466427669948506,0.34664357291828385,0.5008469495607972,37.8,-0.36,1.0,-0.020447401348924643,19.59,1.3573664431448154,5.769388,-70.06841,0.6,0.0,0.5
0.022727507880962096,0.35620973557320706,0.5009700086602608,34.379999999999995,-0.36,1.0,0.04058961760306801,19.595,1.3573664431448154,5.769388,-70.06841,0.6,0.0,0.5
0.026461866952629025,0.37595054627276847,0.5011297614465438,30.779999999999998,-0.36,1.0,0.1626636555070533,19.6,0.4873279942535294,3.351916,-48.40828,0.6,0.0,0.5
0.0312833822582166,0.3812191357125781,0.5010109480213591,27.0,-0.36,1.0,0.010071108127071682,19.605,0.4873279942535294,3.351916,-48.40828,0.6,0.0,0.5
0.029123481373815215,0.37314545807895855,0.5012147217340902,23.22,-0.36,1.0,0.11688589129305882,19.61,0.4873279942535294,3.351916,-48.40828,0.6,0.0,0.5
0.05568308394206576,0.3744519396104434,0.5010677143233011,19.439999999999998,-0.36,1.0,0.11688589129305882,19.615000000000002,0.4873279942535294,3.351916,-48.40828,0.6,0.0,0.5
0.08048226375414762,0.37327439268967677,0.5013410881291028,15.479999999999999,-0.36,1.0,-0.05096591082492097,19.62,0.09225653580177302,-0.5058654,5.928138,0.1482403814792633,0.6,0.5
0.09524136770347674,0.3853206666035138,0.5012679397342308,11.7,-0.36,1.0,0.04058961760306801,19.625,0.09225653580177302,-0.5058654,5.928138,0.1482403814792633,0.6,0.5
0.11669430173886254,0.37473714781185036,0.5009449564584805,7.739999999999999,-0.36,1.0,-0.29511398663289157,19.63,0.09225653580177302,-0.5058654,5.928138,0.1482403814792633,0.6,0.5
0.13367315578375502,0.362003930803155,0.5005180949932102,4.14,3.2399999999999998,1.0,6.998809778130454,19.635,0.09225653580177302,-0.5058654,5.928138,0.1482403814792633,0.6,0.5
0.15293439009823737,0.331613186542626,0.5032323046950963,1.6199999999999999,8.1,1.0,2.756736960966853,19.64,0.00920925413327181,-1.203228,-15.670191,0.0,0.0,0.5
0.16670830349664134,0.31012110918545477,0.5061256217328954,0.72,9.0,1.0,-1.1496322519607887,19.645,0.00920925413327181,-1.203228,-15.670191,0.0,0.0,0.5
0.1842833987328243,0.27719762279944976,0.5078649530125139,1.44,6.3,1.0,22.609027375103018,19.650000000000002,0.00920925413327181,-1.203228,-15.670191,0.0,0.0,0.5
0.20366899364989668,0.23929175020926904,0.5085209949312279,3.2399999999999998,5.04,1.0,1.6885891293069264,19.655,0.00920925413327181,-1.203228,-15.670191,0.0,0.0,0.5
0.21605184978926215,0.21800613879314445,0.5071560914726359,6.12,1.26,1.0,-0.23407696768089892,19.66,0.0,-4.747354,-36.557697,0.0,0.0,0.5
0.22913807082973128,0.18944609272762375,0.5038661877060953,8.1,-0.72,1.0,0.4983672597430129,19.665,0.0,-4.747354,-36.557697,0.0,0.0,0.5
0.2484413873064264,0.1661863137546485,0.5026757145044182,9.719999999999999,0.8999999999999999,1.0,-0.46296578875087135,19.67,0.0,-4.747354,-36.557697,0.0,0.0,0.5
0.26324590559168254,0.1562584502076213,0.5014659715337173,12.24,0.54,1.0,-0.06622516556291913,19.675,0.0,-4.747354,-36.557697,0.0,0.0,0.5
0.27627599127893143,0.13263833942701322,0.5001920079209101,14.76,-0.72,1.0,0.0863673818170625,19.68,0.0,-5.1587086,-0.097126484,0.0,0.2708620548248291,0.5
0.2930312002175584,0.11608509482870691,0.5001784304097954,17.099999999999998,-0.36,1.0,0.025330362865069844,19.685,0.0,-5.1587086,-0.097126484,0.0,0.2708620548248291,0.5
0.3066239497292197,0.10312608885088427,0.49959692292851354,19.8,-0.36,1.0,0.5899227881710019,19.69,0.0,-5.1587086,-0.097126484,0.0,0.2708620548248291,0.5
0.3174328544379838,0.0998462359673922,0.4988290910423974,22.5,-0.36,1.0,0.1626636555070533,19.695,0.0,-5.1587086,-0.097126484,0.0,0.2708620548248291,0.5
0.32729093789041486,0.10417866447698973,0.498862443618113,25.2,-0.36,1.0,-0.12726218451491178,19.7,0.0,-6.620793,111.231995,0.0,0.6,0.5
0.33318508745548536,0.10243964625348086,0.4983745602346444,28.08,-0.36,1.0,-0.06622516556291913,19.705000000000002,0.0,-6.620793,111.231995,0.0,0.6,0.5
0.3339022704064612,0.09454728523912202,0.4976774960078287,30.779999999999998,-0.36,1.0,0.04058961760306801,19.71,0.0,-6.620793,111.231995,0.0,0.6,0.5
0.3317310806693102,0.09034806042489836,0.49813403667308426,33.66,-0.36,1.0,0.025330362865069844,19.715,0.0,-6.620793,111.231995,0.0,0.6,0.5
0.3301518378035464,0.10361723255730379,0.49762823407432905,36.36,-0.36,1.0,-0.05096591082492097,19.72,0.0,-7.8861475,89.81503,0.0,0.6,0.5
0.327406499776426,0.11708352229688591,0.49715132697282277,39.059999999999995,-0.36,1.0,-0.06622516556291913,19.725,0.0,-7.8861475,89.81503,0.0,0.6,0.5
0.323978160793605,0.136846639544054,0.49732607052620176,41.76,-0.36,1.0,0.04058961760306801,19.73,0.0,-7.8861475,89.81503,0.0,0.6,0.5
0.32119842932403353,0.13982404731178322,0.4969709782272666,44.28,-0.36,1.0,0.4831080050050147,19.735,0.0,-7.8861475,89.81503,0.0,0.6,0.5
0.3139873526943953,0.12861740281411232,0.4967086660283007,46.62,-0.36,1.0,-0.05096591082492097,19.740000000000002,0.0,-8.127177,94.99082,0.0,0.6,0.5
0.30007362516074065,0.14079744300914138,0.49661910884894495,48.96,-0.36,1.0,0.26947843867304044,19.745,0.0,-8.127177,94.99082,0.0,0.6,0.5
0.2797379993359733,0.1371492261484697,0.4963220964654049,51.3,-0.36,1.0,-0.14252143925290994,19.75,0.0,-8.127177,94.99082,0.0,0.6,0.5
0.2569473425264615,0.13972787197948386,0.496109735108079,53.28,-0.36,1.0,0.4525894955290184,19.755,0.0,-8.127177,94.99082,0.0,0.6,0.5
0.23187745424248932,0.11548928667068381,0.49643693955312446,55.26,-0.36,1.0,0.2542191839350423,19.76,0.0,-8.205028,90.77287,0.0,0.6,0.5
0.20804412237777956,0.11638246812626113,0.49622966449861594,57.239999999999995,-0.36,1.0,0.3610339671010294,19.765,0.0,-8.205028,90.77287,0.0,0.6,0.5
0.18484810833318555,0.12100970736253557,0.49618154583707924,59.04,-0.36,1.0,0.010071108127071682,19.77,0.0,-8.205028,90.77287,0.0,0.6,0.5
0.16349035682539684,0.11997094688763704,0.49620002470140095,60.66,-0.36,1.0,0.14740440076905514,19.775000000000002,0.0,-8.205028,90.77287,0.0,0.6,0.5
0.1436375914460743,0.1343075386963047,0.4962072710130061,62.099999999999994,-0.36,1.0,-0.2035584582049026,19.78,0.009935426824356122,-8.005916,91.13693,0.0,0.6,0.5
0.13164651399300648,0.14306721694331176,0.4964469467807616,63.54,-0.36,1.0,-0.020447401348924643,19.785,0.009935426824356122,-8.005916,91.13693,0.0,0.6,0.5
0.11571389454982091,0.15478369576057918,0.4967454906561176,64.62,-0.36,1.0,0.19318216498304963,19.79,0.009935426824356122,-8.005916,91.13693,0.0,0.6,0.5
0.1042488350450386,0.16855036484903024,0.4970020949163901,65.52,-0.36,1.0,0.14740440076905514,19.795,0.009935426824356122,-8.005916,91.13693,0.0,0.6,0.5
0.08525424100608661,0.18172283420695443,0.49759101378458753,66.06,-0.36,1.0,-0.14252143925290994,19.8,0.0976994800144881,-1.3241684,-64.46771,0.0,0.0,0.5
0.0712873914907612,0.20469936330528024,0.4983225912029726,66.42,-0.36,1.0,0.05584887234106617,19.805,0.0976994800144881,-1.3241684,-64.46771,0.0,0.0,0.5
0.06804631093343322,0.21846999749011403,0.49842181186616763,66.24,-0.36,1.0,-0.020447401348924643,19.81,0.0976994800144881,-1.3241684,-64.46771,0.0,0.0,0.5
0.06335772408247317,0.2388311931277613,0.4989093482447784,65.88,-0.36,1.0,0.10162663655506066,19.815,0.0976994800144881,-1.3241684,-64.46771,0.0,0.0,0.5
0.04838705923347239,0.2637400264477613,0.49956263095197756,65.16,-0.36,1.0,-0.29511398663289157,19.82,0.5065817116646006,5.2120543,-120.309845,0.6,0.0,0.5
0.044016923311262376,0.2668249846196167,0.4998086191880535,64.25999999999999,-0.36,1.0,0.22370067445904596,19.825,0.5065817116646006,5.2120543,-120.309845,0.6,0.0,0.5
0.03836320844631761,0.2784338449965234,0.5004686521327505,62.82,-0.36,1.0,-0.035706656086922806,19.830000000000002,0.5065817116646006,5.2120543,-120.309845,0.6,0.0,0.5
0.02645931390843703,0.3010987542464109,0.5007531633507778,61.199999999999996,-0.36,1.0,0.2084414197210478,19.835,0.5065817116646006,5.2120543,-120.309845,0.6,0.0,0.5
0.00921499339763499,0.31190622874668905,0.501127793000169,59.22,-0.36,1.0,-0.020447401348924643,19.84,1.3850271713980564,5.3191156,-126.023254,0.6,0.0,0.5
0.024755962498154385,0.32182215858384744,0.5014697720927226,56.879999999999995,-0.36,1.0,0.010071108127071682,19.845,1.3850271713980564,5.3191156,-126.023254,0.6,0.0,0.5
0.013331491979729632,0.3411264279566467,0.5017233171784594,54.36,-0.36,1.0,-0.06622516556291913,19.85,1.3850271713980564,5.3191156,-126.023254,0.6,0.0,0.5
0.0118664486926407,0.3507244522751699,0.501860320531014,51.48,-0.36,1.0,0.1626636555070533,19.855,1.3850271713980564,5.3191156,-126.023254,0.6,0.0,0.5
0.02108777301940518,0.3570102244644266,0.5022249616677035,48.42,-0.36,1.0,-0.17303994872890627,19.86,1.9967266361036642,5.2162027,-71.46216,0.6,0.0,0.5
0.00914231067017185,0.36518918890156327,0.5024291073121135,45.0,-0.36,1.0,0.07110812707906433,19.865000000000002,1.9967266361036642,5.2162027,-71.46216,0.6,0.0,0.5
0.011859470356955056,0.3742261199728379,0.5027327689083136,41.58,-0.36,1.0,-0.21881771294290076,19.87,1.9967266361036642,5.2162027,-71.46216,0.6,0.0,0.5
0.013597139274266281,0.39525953427601956,0.5029007312624307,37.8,-0.36,1.0,0.23895992919704412,19.875,1.9967266361036642,5.2162027,-71.46216,0.6,0.0,0.5
0.0032269462810329114,0.40282698771829556,0.5030253561601887,34.019999999999996,-0.36,1.0,0.11688589129305882,19.88,1.5178556129025302,1.3586258,-81.63783,0.6,0.0,0.5
0.014013117758335083,0.4180126546222663,0.5032321447136368,30.06,-0.36,1.0,0.025330362865069844,19.885,1.5178556129025302,1.3586258,-81.63783,0.6,0.0,0.5
0.00885301657744201,0.4158697106382966,0.5034775300426276,25.919999999999998,-0.36,1.0,-0.2798547318948934,19.89,1.5178556129025302,1.3586258,-81.63783,0.6,0.0,0.5
0.0036282764245445095,0.41914921255782794,0.5035075666373543,21.779999999999998,-0.36,1.0,0.4068117313150239,19.895,1.5178556129025302,1.3586258,-81.63783,0.6,0.0,0.5
-0.01243504744666084,0.40396435582299395,0.5039108867652606,17.64,-0.36,1.0,-0.11200292977691362,19.900000000000002,0.6084064955450315,-5.750585,-84.57733,0.0,0.0,0.5
0.003964257474842406,0.41000773547782404,0.5041453215353575,13.32,-0.36,1.0,0.19318216498304963,19.905,0.6084064955450315,-5.750585,-84.57733,0.0,0.0,0.5
0.011174784341081224,0.412342079481082,0.5041175643794005,9.0,-0.36,1.0,-0.23407696768089892,19.91,0.6084064955450315,-5.750585,-84.57733,0.0,0.0,0.5
0.007601787818694131,0.4079434400055054,0.5041838227578169,4.68,0.72,1.0,38.53968932157354,19.915,0.6084064955450315,-5.750585,-84.57733,0.0,0.0,0.5
0.02485290541006048,0.3926267554317446,0.5055940588466179,1.26,8.459999999999999,1.0,4.267403180028671,19.92,0.12859046144396968,-5.8336086,87.07658,0.0,0.6,0.5
0.04914856962649699,0.36699363488038356,0.510528943761463,-1.08,12.059999999999999,1.0,0.43733024079102023,19.925,0.12859046144396968,-5.8336086,87.07658,0.0,0.6,0.5
0.06629391080477333,0.34303114111901556,0.5133643809188484,-1.6199999999999999,10.799999999999999,1.0,-5.1628162480544715,19.93,0.12859046144396968,-5.8336086,87.07658,0.0,0.6,0.5
0.08836404174054756,0.32607766529752846,0.5151404910053758,-0.8999999999999999,10.08,1.0,3.412884914700774,19.935,0.12859046144396968,-5.8336086,87.07658,0.0,0.6,0.5
0.10419497294237154,0.3000638203605836,0.5158039029275141,1.08,7.739999999999999,1.0,0.05584887234106617,19.94,0.014330957203257395,-6.3937187,123.14725,0.0,0.6,0.5
0.12023535369518124,0.26899694403590363,0.5127230626771445,3.96,2.88,1.0,9.074068422498257,19.945,0.014330957203257395,-6.3937187,123.14725,0.0,0.6,0.5
0.13698251879243206,0.23919347032643773,0.5094383707000704,7.38,-0.72,1.0,2.1463667714468713,19.95,0.014330957203257395,-6.3937187,123.14725,0.0,0.6,0.5
0.1606523836349058,0.21319007913713917,0.5071483725420598,8.82,0.18,1.0,0.17792291024505147,19.955000000000002,0.014330957203257395,-6.3937187,123.14725,0.0,0.6,0.5
0.18059434541014022,0.18413963139101625,0.5043003302766459,11.16,0.54,1.0,-0.707113864558842,19.96,0.0008421572173437638,-7.9216604,92.95888,0.0,0.6,0.5
0.19572816400893472,0.169208353531713,0.5033335743874944,13.86,-0.36,1.0,-0.6002990813928548,19.965,0.0008421572173437638,-7.9216604,92.95888,0.0,0.6,0.5
0.2144746074762777,0.1383299023090711,0.5031557854749329,15.66,-0.36,1.0,-0.06622516556291913,19.97,0.0008421572173437638,-7.9216604,92.95888,0.0,0.6,0.5
0.23244831182623735,0.1261455616987389,0.5022693825685234,18.18,-0.36,1.0,0.605182042909,19.975,0.0008421572173437638,-7.9216604,92.95888,0.0,0.6,0.5
0.24181360041836478,0.114973463701334,0.501965517621637,20.34,-0.36,1.0,-0.3714102603228824,19.98,0.0,-7.7590523,88.62817,0.0,0.6,0.5
0.2443184800273462,0.10966690765397047,0.5021591329356555,22.5,-0.36,1.0,0.29999694814903677,19.985,0.0,-7.7590523,88.62817,0.0,0.6,0.5
0.24649390585541092,0.09463391546231059,0.5015051985663597,24.66,-0.36,1.0,-0.005188146610926481,19.990000000000002,0.0,-7.7590523,88.62817,0.0,0.6,0.5
0.2465409848785472,0.06293892310103091,0.501166038580047,26.64,-0.36,1.0,0.31525620288703493,19.995,0.0,-7.7590523,88.62817,0.0,0.6,0.5
0.24484008572757046,0.06926766070034074,0.5010679897472191,28.619999999999997,-0.36,1.0,0.10162663655506066,20.0,0.004707879636889955,-7.6570077,87.34407,0.0,0.6,0.5
0.24323339246267445,0.06480177955882019,0.5009218806662076,30.599999999999998,-0.36,1.0,0.29999694814903677,20.005,0.004707879636889955,-7.6570077,87.34407,0.0,0.6,0.5
0.23822114713846648,0.0780401799441686,0.5007581075379233,32.4,-0.36,1.0,-0.12726218451491178,20.01,0.004707879636889955,-7.6570077,87.34407,0.0,0.6,0.5
0.22678956021087307,0.10466417820790402,0.5006157515569286,34.199999999999996,-0.36,1.0,0.4831080050050147,20.015,0.004707879636889955,-7.6570077,87.34407,0.0,0.6,0.5
0.20932985407843352,0.10451918371782724,0.5004440937329993,35.82,-0.36,1.0,-0.005188146610926481,20.02,0.055280754242991045,-5.1541615,38.223198,0.0,0.6,0.5
0.19028928360600444,0.12183235128470464,0.5002006846281166,37.26,-0.36,1.0,0.1626636555070533,20.025000000000002,0.055280754242991045,-5.1541615,38.223198,0.0,0.6,0.5
0.1704955463997311,0.13425703644528997,0.4997691438414219,38.699999999999996,-0.36,1.0,-0.18829920346690443,20.03,0.055280754242991045,-5.1541615,38.223198,0.0,0.6,0.5
0.15135191566661407,0.14350437941963348,0.49941264327834,40.14,-0.36,1.0,0.2542191839350423,20.035,0.055280754242991045,-5.1541615,38.223198,0.0,0.6,0.5
0.13311662078647427,0.16994092866852822,0.4993622715096936,41.22,-0.36,1.0,-0.005188146610926481,20.04,0.34227414975389103,7.1546664,-107.56702,0.6,0.0,0.5
0.11129825724621295,0.1963359607798372,0.49943890432658067,42.48,-0.36,1.0,0.11688589129305882,20.045,0.34227414975389103,7.1546664,-107.56702,0.6,0.0,0.5
0.09282509355625389,0.21153502445033703,0.49959934201190226,43.379999999999995,-0.36,1.0,0.04058961760306801,20.05,0.34227414975389103,7.1546664,-107.56702,0.6,0.0,0.5
0.08332654873351111,0.23354718723497708,0.4993920898168526,44.28,-0.36,1.0,0.025330362865069844,20.055,0.34227414975389103,7.1546664,-107.56702,0.6,0.0,0.5
0.06431082758836687,0.2586533617685792,0.4994921352319236,45.18,-0.36,1.0,-0.020447401348924643,20.06,1.1174440112180384,5.96181,-107.08367,0.6,0.0,0.5
0.048917106384223384,0.2667015603472212,0.499680841469919,45.72,-0.36,1.0,0.23895992919704412,20.065,1.1174440112180384,5.96181,-107.08367,0.6,0.0,0.5
0.04635432794977836,0.27616810400320857,0.4994978303258568,46.26,-0.36,1.0,-0.005188146610926481,20.07,1.1174440112180384,5.96181,-107.08367,0.6,0.0,0.5
0.03699680853994125,0.2982811180857096,0.4993147327939272,46.62,-0.36,1.0,0.19318216498304963,20.075,1.1174440112180384,5.96181,-107.08367,0.6,0.0,0.5
0.02560567592306678,0.32002581247138023,0.49948841200435845,46.62,-0.36,1.0,0.025330362865069844,20.080000000000002,1.9236629297002408,5.4380445,-78.91402,0.6,0.0,0.5
0.02034625616726046,0.33252006921347654,0.4997214756693237,46.62,-0.36,1.0,0.04058961760306801,20.085,1.9236629297002408,5.4380445,-78.91402,0.6,0.0,0.5
0.016274107067214133,0.341741220034623,0.5001484960656197,46.26,-0.36,1.0,-0.09674367503891546,20.09,1.9236629297002408,5.4380445,-78.91402,0.6,0.0,0.5
0.016148875084585183,0.35011997924707233,0.5000575834336698,45.72,-0.36,1.0,0.19318216498304963,20.095,1.9236629297002408,5.4380445,-78.91402,0.6,0.0,0.5
0.018739096595112262,0.3590752083425336,0.5000688712884531,45.0,-0.36,1.0,-0.11200292977691362,20.1,1.7461586959387074,5.883993,-72.57282,0.6,0.0,0.5
0.0049519227072112254,0.3764494291677799,0.5000919044934189,44.1,-0.36,1.0,0.10162663655506066,20.105,1.7461586959387074,5.883993,-72.57282,0.6,0.0,0.5
-0.007051992583269644,0.3827037575428722,0.500112439175972,42.839999999999996,-0.36,1.0,0.31525620288703493,20.11,1.7461586959387074,5.883993,-72.57282,0.6,0.0,0.5
-0.005225700438548443,0.39219989647455583,0.5003170121325401,41.4,-0.36,1.0,0.05584887234106617,20.115000000000002,1.7461586959387074,5.883993,-72.57282,0.6,0.0,0.5
-0.009292365976657125,0.38929165446806413,0.5005441315639394,39.6,-0.36,1.0,-0.12726218451491178,20.12,0.8357761578077151,6.7936316,-90.80214,0.6,0.0,0.5
-0.014302554648369504,0.3925337816058242,0.5006720404299354,37.8,-0.36,1.0,0.0863673818170625,20.125,0.8357761578077151,6.7936316,-90.80214,0.6,0.0,0.5
-0.005953458470480766,0.3925874255218594,0.5010575542295552,35.82,-0.36,1.0,0.11688589129305882,20.13,0.8357761578077151,6.7936316,-90.80214,0.6,0.0,0.5
0.011446532496064997,0.39752452714586106,0.5010759522165724,33.839999999999996,-0.36,1.0,0.29999694814903677,20.135,0.8357761578077151,6.7936316,-90.80214,0.6,0.0,0.5
0.032714754904507516,0.3955387360915512,0.5012392369246903,31.68,-0.36,1.0,-0.12726218451491178,20.14,0.2109345769215098,-1.7462975,-90.69051,0.0,0.0,0.5
0.054771539221694886,0.37980812835648975,0.5016116307413274,29.34,-0.36,1.0,0.2084414197210478,20.145,0.2109345769215098,-1.7462975,-90.69051,0.0,0.0,0.5
0.07397869762786265,0.37267765291107513,0.5014072290177568,27.0,-0.36,1.0,0.07110812707906433,20.150000000000002,0.2109345769215098,-1.7462975,-90.69051,0.0,0.0,0.5
0.09255278521513462,0.33738159998696515,0.5013937380270557,24.48,-0.36,1.0,0.04058961760306801,20.155,0.2109345769215098,-1.7462975,-90.69051,0.0,0.0,0.5
0.10218888412245819,0.3164790941285599,0.5017944054182873,21.96,-0.36,1.0,-0.05096591082492097,20.16,0.028070949709487314,0.5829329,-89.848785,0.4748798668384552,0.0,0.5
0.13185088435973102,0.2883292038833915,0.5021193420132924,19.62,-0.36,1.0,0.17792291024505147,20.165,0.028070949709487314,0.5829329,-89.848785,0.4748798668384552,0.0,0.5
0.1456211175968401,0.2670831188736647,0.5020971157978245,16.919999999999998,-0.36,1.0,0.010071108127071682,20.17,0.028070949709487314,0.5829329,-89.848785,0.4748798668384552,0.0,0.5
0.16285018768831394,0.2404914847795402,0.5023405613119802,14.399999999999999,-0.36,1.0,0.07110812707906433,20.175,0.028070949709487314,0.5829329,-89.848785,0.4748798668384552,0.0,0.5
0.18152507527143014,0.2095441295248595,0.5023663899330187,11.879999999999999,-0.36,1.0,-0.26459547715689524,20.18,0.0019697811070686824,-4.768911,101.21648,0.0,0.6,0.5
0.19748683299314787,0.18214292909892213,0.5020857088298062,9.36,-0.36,1.0,0.22370067445904596,20.185,0.0019697811070686824,-4.768911,101.21648,0.0,0.6,0.5
0.21250116873570346,0.16604957440406806,0.5023002781398936,7.199999999999999,-0.54,1.0,0.1626636555070533,20.19,0.0019697811070686824,-4.768911,101.21648,0.0,0.6,0.5
0.23348808816059055,0.1404814577133116,0.502220263573797,5.3999999999999995,1.44,1.0,6.434217352824465,20.195,0.0019697811070686824,-4.768911,101.21648,0.0,0.6,0.5
0.24972876435309294,0.11920937603654667,0.5035847211469722,4.68,2.6999999999999997,1.0,1.932737205114897,20.2,0.0,-4.8351636,98.64961,0.0,0.6,0.5
0.26243987666877233,0.11080688273213503,0.5043967614456255,5.3999999999999995,0.8999999999999999,1.0,7.822809533982355,20.205000000000002,0.0,-4.8351636,98.64961,0.0,0.6,0.5
0.27870594077701216,0.09111664215819144,0.5040784322246383,7.38,-0.54,1.0,0.31525620288703493,20.21,0.0,-4.8351636,98.64961,0.0,0.6,0.5
0.29350855201742354,0.08259215609726746,0.5035547385616704,8.28,-0.36,1.0,0.19318216498304963,20.215,0.0,-4.8351636,98.64961,0.0,0.6,0.5
0.2988285010238392,0.07535400032449527,0.5030769993183292,10.26,-0.54,1.0,0.05584887234106617,20.22,0.0,-7.8366003,95.875885,0.0,0.6,0.5
0.29831176131504245,0.07061295740874494,0.5028924484362177,12.059999999999999,-0.54,1.0,-0.26459547715689524,20.225,0.0,-7.8366003,95.875885,0.0,0.6,0.5
0.29818651006813474,0.06605126955880114,0.5025943131604056,14.219999999999999,-0.54,1.0,-0.12726218451491178,20.23,0.0,-7.8366003,95.875885,0.0,0.6,0.5
0.29546579228801745,0.06150217568709156,0.5024263569552905,16.38,-0.54,1.0,0.2542191839350423,20.235,0.0,-7.8366003,95.875885,0.0,0.6,0.5
0.29359607606474997,0.05271230300343125,0.502093162276182,18.54,-0.36,1.0,0.2084414197210478,20.240000000000002,0.0021466671376171517,-8.096676,90.113205,0.0,0.6,0.5
0.2900463258641322,0.04314966891869433,0.5027114170493737,20.7,-0.36,1.0,0.19318216498304963,20.245,0.0021466671376171517,-8.096676,90.113205,0.0,0.6,0.5
0.28703818439766565,0.019626368148119744,0.5030306560869392,23.04,-0.36,1.0,0.010071108127071682,20.25,0.0021466671376171517,-8.096676,90.113205,0.0,0.6,0.5
0.28958159672248296,0.03381727732612303,0.5028431243909834,25.2,-0.36,1.0,0.14740440076905514,20.255,0.0021466671376171517,-8.096676,90.113205,0.0,0.6,0.5
0.29565038106855696,0.0436095294162238,0.5025895774347455,27.36,-0.36,1.0,0.14740440076905514,20.26,0.030029589257657426,-7.9575577,71.95775,0.0,0.6,0.5
0.2998015024651992,0.05067277765482702,0.5025461854536456,29.52,-0.36,1.0,-0.020447401348924643,20.265,0.030029589257657426,-7.9575577,71.95775,0.0,0.6,0.5
0.29938116427841616,0.055084284347023775,0.5029113852439638,31.68,-0.36,1.0,0.23895992919704412,20.27,0.030029589257657426,-7.9575577,71.95775,0.0,0.6,0.5
0.29851318355132495,0.08043639137157856,0.5027621207244187,33.66,-0.36,1.0,0.05584887234106617,20.275000000000002,0.030029589257657426,-7.9575577,71.95775,0.0,0.6,0.5
0.29672462724171744,0.10606566529766104,0.5030669027499995,35.64,-0.36,1.0,0.17792291024505147,20.28,0.22150605766834572,-7.459308,-96.97947,0.0,0.0,0.5
0.29362896513446846,0.11659258510476538,0.5032117390542508,37.44,-0.36,1.0,0.1626636555070533,20.285,0.22150605766834572,-7.459308,-96.97947,0.0,0.0,0.5
0.285613282924233,0.12934262512714415,0.5032565357296895,39.24,-0.36,1.0,0.07110812707906433,20.29,0.22150605766834572,-7.459308,-96.97947,0.0,0.0,0.5
0.2702766449887874,0.15735199106570819,0.5035139289094016,40.86,-0.36,1.0,0.10162663655506066,20.295,0.22150605766834572,-7.459308,-96.97947,0.0,0.0,0.5
0.25071989183965554,0.16829799377899254,0.5035230102726548,42.48,-0.36,1.0,0.26947843867304044,20.3,0.8615358519531574,2.9601355,-117.30959,0.6,0.0,0.5
0.22843294180266405,0.17186860057831493,0.5037381455165391,43.92,-0.36,1.0,-0.1577806939909081,20.305,0.8615358519531574,2.9601355,-117.30959,0.6,0.0,0.5
0.20537487223023895,0.19640555443804783,0.5039032785080045,45.18,-0.36,1.0,0.3610339671010294,20.31,0.8615358519531574,2.9601355,-117.30959,0.6,0.0,0.5
0.18356015275039098,0.22433716116926494,0.5037546912054971,46.44,-0.36,1.0,-0.005188146610926481,20.315,0.8615358519531574,2.9601355,-117.30959,0.6,0.0,0.5
0.1624846439392941,0.23698260979772529,0.5037124107350295,47.519999999999996,-0.36,1.0,0.22370067445904596,20.32,1.7669026972537292,5.423902,-111.055374,0.6,0.0,0.5
0.14278149927721248,0.25773951913170834,0.5038216741002514,48.42,-0.36,1.0,-0.06622516556291913,20.325,1.7669026972537292,5.423902,-111.055374,0.6,0.0,0.5
0.12266742381668228,0.271732216565532,0.5038099722844022,49.14,-0.36,1.0,0.07110812707906433,20.330000000000002,1.7669026972537292,5.423902,-111.055374,0.6,0.0,0.5
0.11104505175213064,0.2812206281470487,0.5037795319453926,49.86,-0.36,1.0,-0.005188146610926481,20.335,1.7669026972537292,5.423902,-111.055374,0.6,0.0,0.5
0.08391019462638913,0.3004771597451608,0.504038343325378,50.22,-0.36,1.0,-0.020447401348924643,20.34,1.9107481339191674,6.921583,-103.06642,0.6,0.0,0.5
0.08164806772791816,0.3037642886985035,0.5040309543120238,50.22,-0.36,1.0,0.0863673818170625,20.345,1.9107481339191674,6.921583,-103.06642,0.6,0.0,0.5
0.07761928476171993,0.3270880396274268,0.5039633186737572,50.22,-0.36,1.0,0.3305154576250331,20.35,1.9107481339191674,6.921583,-103.06642,0.6,0.0,0.5
0.07643819317530894,0.3306547033966401,0.5037721200912759,49.86,-0.36,1.0,0.2084414197210478,20.355,1.9107481339191674,6.921583,-103.06642,0.6,0.0,0.5
0.06055750980689667,0.34276064153761665,0.503840443490314,49.14,-0.36,1.0,0.2084414197210478,20.36,1.089546540564995,5.8258095,-72.365326,0.6,0.0,0.5
0.053683065543070986,0.34918422343932737,0.5036856180912994,48.239999999999995,-0.36,1.0,0.04058961760306801,20.365000000000002,1.089546540564995,5.8258095,-72.365326,0.6,0.0,0.5
0.03030072889729378,0.35323575396581086,0.5042091577036686,47.16,-0.36,1.0,0.14740440076905514,20.37,1.089546540564995,5.8258095,-72.365326,0.6,0.0,0.5
0.02301810316113321,0.35178009922581427,0.5043642268624361,45.72,-0.36,1.0,0.0863673818170625,20.375,1.089546540564995,5.8258095,-72.365326,0.6,0.0,0.5
0.03195836061149877,0.357390140252589,0.5040761533106308,44.28,-0.36,1.0,0.05584887234106617,20.38,0.32759680663226987,4.181124,-47.081863,0.6,0.0,0.5
0.03463104696120104,0.36123302059916856,0.5040072015957208,42.66,-0.36,1.0,0.11688589129305882,20.385,0.32759680663226987,4.181124,-47.081863,0.6,0.0,0.5
0.0378978039494479,0.35671246181198074,0.5039533625755461,40.86,-0.36,1.0,-0.035706656086922806,20.39,0.32759680663226987,4.181124,-47.081863,0.6,0.0,0.5
0.060102715994274844,0.3458293036133826,0.5038763984377596,39.059999999999995,-0.36,1.0,-0.21881771294290076,20.395,0.32759680663226987,4.181124,-47.081863,0.6,0.0,0.5
0.06693119499897278,0.3268263274328642,0.5043867694749068,37.08,-0.36,1.0,-0.12726218451491178,20.400000000000002,0.05193798119713216,4.586767,-91.92731,0.6,0.0,0.5
0.09385689882021828,0.31365207236971504,0.504469236829788,35.1,-0.36,1.0,0.0863673818170625,20.405,0.05193798119713216,4.586767,-91.92731,0.6,0.0,0.5
0.11092888638143926,0.2824068598133123,0.5047424965634862,32.94,-0.36,1.0,0.2847376934110386,20.41,0.05193798119713216,4.586767,-91.92731,0.6,0.0,0.5
0.12743679881214617,0.25893348333929417,0.504784957405533,30.959999999999997,-0.36,1.0,-0.12726218451491178,20.415,0.05193798119713216,4.586767,-91.92731,0.6,0.0,0.5
0.14839880587839147,0.2271798275445176,0.504876298762592,28.619999999999997,-0.36,1.0,0.31525620288703493,20.42,0.004341921841996197,3.8640144,-56.748573,0.6,0.0,0.5
0.1641085570881547,0.1964934926782951,0.504970870315889,26.459999999999997,-0.36,1.0,-0.020447401348924643,20.425,0.004341921841996197,3.8640144,-56.748573,0.6,0.0,0.5
0.18114829660199644,0.17576826351580763,0.50501130202511,24.119999999999997,-0.36,1.0,0.19318216498304963,20.43,0.004341921841996197,3.8640144,-56.748573,0.6,0.0,0.5
0.20072052666591464,0.15849111042590597,0.5049483735115481,21.779999999999998,-0.36,1.0,-0.14252143925290994,20.435,0.004341921841996197,3.8640144,-56.748573,0.6,0.0,0.5
0.2178402858222679,0.14231348340915093,0.504564897674706,19.439999999999998,-0.36,1.0,0.29999694814903677,20.44,0.0,3.6604636,-72.58668,0.6,0.0,0.5
0.23402517166551362,0.1136263132422327,0.5044374809095804,17.28,-0.36,1.0,-0.05096591082492097,20.445,0.0,3.6604636,-72.58668,0.6,0.0,0.5
0.25312311938385185,0.11238204235400871,0.5045937163227638,15.12,-0.54,1.0,0.010071108127071682,20.45,0.0,3.6604636,-72.58668,0.6,0.0,0.5
0.2694736627843805,0.0981363322775119,0.5045558477141536,13.139999999999999,-0.54,1.0,-0.06622516556291913,20.455000000000002,0.0,3.6604636,-72.58668,0.6,0.0,0.5
0.28389532153715813,0.09346651526269835,0.5042258715483783,11.52,-0.54,1.0,0.14740440076905514,20.46,0.0,0.9068863,10.447069,0.5720658838748932,0.6,0.5
0.3013605915401822,0.0798825426585078,0.5040777508121084,10.26,-0.54,1.0,-0.1577806939909081,20.465,0.0,0.9068863,10.447069,0.5720658838748932,0.6,0.5
0.3171897001158112,0.07059021242246089,0.5036622435401908,9.18,-0.54,1.0,0.2084414197210478,20.47,0.0,0.9068863,10.447069,0.5720658838748932,0.6,0.5
0.3291887842824407,0.06469219157426422,0.5033755670634403,8.64,-0.54,1.0,-0.06622516556291913,20.475,0.0,0.9068863,10.447069,0.5720658838748932,0.6,0.5
0.34427886759429177,0.05693515819896408,0.5027981733619769,8.64,-0.54,1.0,0.31525620288703493,20.48,0.0,2.307812,-33.91948,0.6,0.0,0.5
0.35786345871161107,0.05771375553627996,0.5026147967455499,9.0,-0.54,1.0,-0.18829920346690443,20.485,0.0,2.307812,-33.91948,0.6,0.0,0.5
0.3675778062929858,0.05376734016130101,0.5023965801495185,9.9,-0.54,1.0,0.14740440076905514,20.490000000000002,0.0,2.307812,-33.91948,0.6,0.0,0.5
0.37949672358662523,0.05335763507375526,0.5019148696622038,11.16,-0.54,1.0,-0.18829920346690443,20.495,0.0,2.307812,-33.91948,0.6,0.0,0.5
0.3902829664302379,0.05939343667135756,0.5019620133827453,12.78,-0.54,1.0,0.10162663655506066,20.5,0.0,2.6012871,-56.322937,0.6,0.0,0.5
0.3978681175103754,0.048949203914744464,0.5018926643218987,14.94,-0.54,1.0,0.04058961760306801,20.505,0.0,2.6012871,-56.322937,0.6,0.0,0.5
0.4058383702557459,0.03252109151752081,0.5017769470985942,17.46,-0.54,1.0,0.2084414197210478,20.51,0.0,2.6012871,-56.322937,0.6,0.0,0.5
0.41434708006532855,0.03753675765288354,0.5013905678259382,20.34,-0.54,1.0,-0.005188146610926481,20.515,0.0,2.6012871,-56.322937,0.6,0.0,0.5
0.4188687429289801,0.017322567971639925,0.5017157801578601,23.4,-0.54,1.0,0.42207098605302207,20.52,0.0,3.2772255,-51.21566,0.6,0.0,0.5
0.42408164865766096,-0.011489754915149841,0.5016883546601693,26.82,-0.54,1.0,-0.05096591082492097,20.525000000000002,0.0,3.2772255,-51.21566,0.6,0.0,0.5
0.42964196632223445,-0.004085526646975325,0.5017372073291351,30.419999999999998,-0.54,1.0,-0.035706656086922806,20.53,0.0,3.2772255,-51.21566,0.6,0.0,0.5
0.4342354554599359,0.0007286002536163052,0.5013446425553842,34.199999999999996,-0.54,1.0,-0.05096591082492097,20.535,0.0,3.2772255,-51.21566,0.6,0.0,0.5
0.438163974819047,-0.007231394633538145,0.5010302088806885,38.16,-0.54,1.0,0.23895992919704412,20.54,0.0,6.1879473,-72.856544,0.6,0.0,0.5
0.4434962937376108,-0.005473715239039668,0.500494621340093,42.12,-0.54,1.0,-0.020447401348924643,20.545,0.0,6.1879473,-72.856544,0.6,0.0,0.5
0.44742605936366026,0.009912048200581742,0.5000273574313223,46.26,-0.54,1.0,0.07110812707906433,20.55,0.0,6.1879473,-72.856544,0.6,0.0,0.5
0.4511695583872937,0.031964194093449284,0.49972404706283846,50.4,-0.54,1.0,-0.020447401348924643,20.555,0.0,6.1879473,-72.856544,0.6,0.0,0.5
0.45486360841211426,0.031882146226504815,0.49979110609486027,54.36,-0.36,1.0,0.26947843867304044,20.56,0.0,6.4078503,-87.67924,0.6,0.0,0.5
0.45779642478119154,0.04791715598645404,0.49977596196926893,58.32,-0.36,1.0,-0.14252143925290994,20.565,0.0,6.4078503,-87.67924,0.6,0.0,0.5
0.4604568559845585,0.05474394704530179,0.4998113987680659,62.28,-0.36,1.0,0.2847376934110386,20.57,0.0,6.4078503,-87.67924,0.6,0.0,0.5
0.4642291652128415,0.05882232857994319,0.4995834186949149,66.06,-0.36,1.0,0.025330362865069844,20.575,0.0,6.4078503,-87.67924,0.6,0.0,0.5
0.467540246449474,0.05446018267615258,0.4997873260708452,69.66,-0.36,1.0,0.2084414197210478,20.580000000000002,0.0,3.059756,-41.380344,0.6,0.0,0.5
0.47138200002768027,0.054246010508347396,0.499665100794334,73.08,-0.36,1.0,-0.14252143925290994,20.585,0.0,3.059756,-41.380344,0.6,0.0,0.5
0.47533320394764955,0.05913542352842313,0.49955977115618666,76.32,-0.36,1.0,0.0863673818170625,20.59,0.0,3.059756,-41.380344,0.6,0.0,0.5
0.4785031633024078,0.04503008744264341,0.5001937640592863,79.02,-0.36,1.0,0.07110812707906433,20.595,0.0,3.059756,-41.380344,0.6,0.0,0.5
0.48205676008127535,0.05255215901109017,0.5000729799197933,81.53999999999999,-0.36,1.0,-0.035706656086922806,20.6,0.0,5.7563496,-77.20442,0.6,0.0,0.5
0.48589976744481567,0.042545385347388755,0.49996070454243546,83.52,-0.18,1.0,-0.1577806939909081,20.605,0.0,5.7563496,-77.20442,0.6,0.0,0.5
0.48966413961250815,0.04518388004896318,0.4997849409761828,84.96,-0.18,1.0,0.23895992919704412,20.61,0.0,5.7563496,-77.20442,0.6,0.0,0.5
0.49232863981034924,0.033262570231018695,0.49990179554183034,85.86,-0.18,1.0,0.23895992919704412,20.615000000000002,0.0,5.7563496,-77.20442,0.6,0.0,0.5
0.49425583060511163,0.017318566012795425,0.5005450195352708,86.03999999999999,-0.18,1.0,0.2084414197210478,20.62,0.0,5.949832,-74.15527,0.6,0.0,0.5
0.4968458431635775,0.012701406703423946,0.5007436881544606,86.03999999999999,-0.36,1.0,-0.06622516556291913,20.625,0.0,5.949832,-74.15527,0.6,0.0,0.5
0.4988849650022643,0.005457745300544275,0.5010178185853859,85.32,-0.36,1.0,0.31525620288703493,20.63,0.0,5.949832,-74.15527,0.6,0.0,0.5
0.5011223425135918,0.009150756428292493,0.5008430661262461,84.42,-0.36,1.0,0.2084414197210478,20.635,0.0,5.949832,-74.15527,0.6,0.0,0.5
0.5038517574985469,0.01566831808411641,0.5004639381024822,83.16,-0.36,1.0,0.29999694814903677,20.64,0.0,5.6657305,-73.522064,0.6,0.0,0.5
0.5056393485231172,0.013613979148602826,0.5007060394206271,81.53999999999999,-0.36,1.0,-0.26459547715689524,20.645,0.0,5.6657305,-73.522064,0.6,0.0,0.5
0.508123715672012,-0.0031928013994393127,0.5003275601009969,79.92,-0.36,1.0,0.3305154576250331,20.650000000000002,0.0,5.6657305,-73.522064,0.6,0.0,0.5
0.5098313778325279,-0.003223385858186421,0.5008480116345294,78.11999999999999,-0.36,1.0,-0.020447401348924643,20.655,0.0,5.6657305,-73.522064,0.6,0.0,0.5
0.5120721749113383,-0.0027659474605648275,0.5008844133852818,76.5,-0.36,1.0,0.31525620288703493,20.66,0.0,5.493183,-76.94307,0.6,0.0,0.5
0.5139241640957916,-0.003655431969420747,0.5010115869867344,74.7,-0.36,1.0,-0.2798547318948934,20.665,0.0,5.493183,-76.94307,0.6,0.0,0.5
0.5153606847321521,0.0017384691394981948,0.5016123325338706,72.89999999999999,-0.36,1.0,0.04058961760306801,20.67,0.0,5.493183,-76.94307,0.6,0.0,0.5
0.5171047997817197,-0.0029196698856047507,0.50179458149718,71.1,-0.36,1.0,-0.26459547715689524,20.675,0.0,5.493183,-76.94307,0.6,0.0,0.5
0.5182788463753645,-0.003491313696001812,0.5021918000313461,69.48,-0.36,1.0,0.31525620288703493,20.68,0.0,5.9012685,-75.74401,0.6,0.0,0.5
0.5204021233395527,-0.0052411984681705525,0.5021200034647266,67.86,-0.36,1.0,0.07110812707906433,20.685,0.0,5.9012685,-75.74401,0.6,0.0,0.5
0.5223884825296666,0.007617582600986861,0.5023594230932695,66.24,-0.36,1.0,0.23895992919704412,20.69,0.0,5.9012685,-75.74401,0.6,0.0,0.5
0.5235487959937959,-0.010544605600991576,0.5028806862919831,64.98,-0.54,1.0,-0.08148442030091729,20.695,0.0,5.9012685,-75.74401,0.6,0.0,0.5
0.5244853853871005,-0.011978622516992256,0.503744563996391,63.72,-0.54,1.0,0.1626636555070533,20.7,0.0,6.254555,-62.682617,0.6,0.0,0.5
0.5257151868722478,-0.015351814276412136,0.5041692248414594,62.46,-0.54,1.0,-0.09674367503891546,20.705000000000002,0.0,6.254555,-62.682617,0.6,0.0,0.5
0.5276875789004845,-0.010616668101241507,0.5040808573317529,61.559999999999995,-0.54,1.0,0.26947843867304044,20.71,0.0,6.254555,-62.682617,0.6,0.0,0.5
0.528971607693134,-0.007605431729651609,0.5042902948345411,60.839999999999996,-0.54,1.0,0.0863673818170625,20.715,0.0,6.254555,-62.682617,0.6,0.0,0.5
0.530003330655345,-0.007154693475001362,0.5044071805579433,60.48,-0.54,1.0,0.39155247657702574,20.72,0.0,-6.7483215,-65.88875,0.0,0.0,0.5
0.5308402574502034,-0.008941159345939614,0.5045592778952506,60.12,-0.54,1.0,-0.08148442030091729,20.725,0.0,-6.7483215,-65.88875,0.0,0.0,0.5
0.5308680201359465,-0.011919873089529685,0.5049259072291965,59.94,-0.54,1.0,0.19318216498304963,20.73,0.0,-6.7483215,-65.88875,0.0,0.0,0.5
0.5301753817713716,-0.009846939910747756,0.5056065404618894,60.12,-0.54,1.0,-0.020447401348924643,20.735,0.0,-6.7483215,-65.88875,0.0,0.0,0.5
0.5300109832043335,-0.017282859417278213,0.5055433882209612,60.3,-0.54,1.0,0.11688589129305882,20.740000000000002,0.0,-6.4405913,-66.19789,0.0,0.0,0.5
0.5294739648692812,-0.013260875463821256,0.5059863145934106,60.66,-0.54,1.0,-0.14252143925290994,20.745,0.0,-6.4405913,-66.19789,0.0,0.0,0.5
0.5297837187268805,-0.017391144431674718,0.5051799842590408,61.019999999999996,-0.54,1.0,-0.005188146610926481,20.75,0.0,-6.4405913,-66.19789,0.0,0.0,0.5
0.5286959299180158,-0.01825071545207632,0.5053243169205024,61.739999999999995,-0.36,1.0,0.04058961760306801,20.755,0.0,-6.4405913,-66.19789,0.0,0.0,0.5
0.5278388999752921,-0.008528642441584685,0.5053295693967242,62.28,-0.36,1.0,-0.08148442030091729,20.76,0.0,-6.4213896,-60.185493,0.0,0.0,0.5
0.5273569343572717,0.0003055654227001624,0.5049311984133262,63.0,-0.36,1.0,-0.12726218451491178,20.765,0.0,-6.4213896,-60.185493,0.0,0.0,0.5
0.5259922800365413,-0.0049843419810237525,0.5049759815742975,63.72,-0.36,1.0,0.010071108127071682,20.77,0.0,-6.4213896,-60.185493,0.0,0.0,0.5
0.5249033000794828,-0.002622181192233414,0.5050415129269936,64.62,-0.36,1.0,0.0863673818170625,20.775000000000002,0.0,-6.4213896,-60.185493,0.0,0.0,0.5
0.5248521564848208,0.007218799696043611,0.504337034763054,65.34,-0.36,1.0,0.17792291024505147,20.78,0.0,-6.660337,-30.566223,0.0,0.0,0.5
0.5240549784938245,-0.0037227744984747496,0.5042537640571503,66.24,-0.36,1.0,-0.1577806939909081,20.785,0.0,-6.660337,-30.566223,0.0,0.0,0.5
0.5239696467032859,0.00035607045474183853,0.5038199474001386,67.14,-0.36,1.0,0.05584887234106617,20.79,0.0,-6.660337,-30.566223,0.0,0.0,0.5
0.52235047270282,0.000428542199624648,0.5034285409905598,67.86,-0.36,1.0,0.11688589129305882,20.795,0.0,-6.660337,-30.566223,0.0,0.0,0.5
0.5205060132734637,0.00456718933778538,0.5034603920751829,68.58,-0.36,1.0,0.025330362865069844,20.8,0.0,-7.9805813,90.64845,0.0,0.6,0.5
0.5190865552340077,-0.0022608390330515027,0.503854286799894,69.3,-0.36,1.0,0.05584887234106617,20.805,0.0,-7.9805813,90.64845,0.0,0.6,0.5
0.5165692350427025,-0.0027753602886688013,0.5034898585913018,69.84,-0.36,1.0,0.07110812707906433,20.81,0.0,-7.9805813,90.64845,0.0,0.6,0.5
0.5138857002124446,-0.009363786408718587,0.5032939962763868,70.38,-0.36,1.0,-0.14252143925290994,20.815,0.0,-7.9805813,90.64845,0.0,0.6,0.5
0.5095585279357322,-0.004593684729236106,0.5032220676954672,70.74,-0.36,1.0,0.26947843867304044,20.82,0.0,-8.2529,95.49009,0.0,0.6,0.5
0.4938122034569221,-0.012267099391448228,0.5030490516634363,70.92,-0.36,1.0,0.0863673818170625,20.825,0.0,-8.2529,95.49009,0.0,0.6,0.5
0.46806664128506364,-0.006385519515383639,0.5029422890502672,71.1,-0.36,1.0,0.1626636555070533,20.830000000000002,0.0,-8.2529,95.49009,0.0,0.6,0.5
0.43657705742252495,-0.0007829497638642653,0.5028849705412691,71.1,-0.36,1.0,0.14740440076905514,20.835,0.0,-8.2529,95.49009,0.0,0.6,0.5
0.40357528227938355,-0.00843675231808546,0.5027591798954671,71.1,-0.36,1.0,0.14740440076905514,20.84,0.0,-8.359559,97.84162,0.0,0.6,0.5
0.37033520525373487,-0.0011518591525904022,0.5022685949744516,70.92,-0.36,1.0,-0.020447401348924643,20.845,0.0,-8.359559,97.84162,0.0,0.6,0.5
0.33838375308153185,-0.0010260090389100824,0.5022779237365851,70.74,-0.36,1.0,0.07110812707906433,20.85,0.0,-8.359559,97.84162,0.0,0.6,0.5
0.30705165555209646,-0.013236275565407525,0.5021110797580344,70.2,-0.36,1.0,0.025330362865069844,20.855,0.0,-8.359559,97.84162,0.0,0.6,0.5
0.27840321799961343,-0.006140975107480622,0.5018292330818294,69.84,-0.36,1.0,0.025330362865069844,20.86,0.0,-8.372689,96.23325,0.0,0.6,0.5
0.25019062902657313,-0.00965138939930363,0.50172297573128,69.3,-0.36,1.0,-0.23407696768089892,20.865000000000002,0.0,-8.372689,96.23325,0.0,0.6,0.5
0.2246534025721714,-0.005534222042639789,0.5018911890414038,68.75999999999999,-0.36,1.0,-0.11200292977691362,20.87,0.0,-8.372689,96.23325,0.0,0.6,0.5
0.20011560485150306,-0.011015339753236328,0.5016274729449861,68.03999999999999,-0.36,1.0,0.025330362865069844,20.875,0.0,-8.372689,96.23325,0.0,0.6,0.5
0.1777760899347414,-0.023368535848936573,0.5015837060903368,67.32,-0.36,1.0,-0.020447401348924643,20.88,0.009252845584043566,-8.215947,93.29075,0.0,0.6,0.5
0.15741101388971043,-0.010350057652350881,0.5012179905306673,66.6,-0.36,1.0,-0.23407696768089892,20.885,0.009252845584043566,-8.215947,93.29075,0.0,0.6,0.5
0.13564171103037762,-0.002791368490614267,0.5009861435841774,65.7,-0.36,1.0,0.04058961760306801,20.89,0.009252845584043566,-8.215947,93.29075,0.0,0.6,0.5
0.11445576786093692,0.011803394411334281,0.5010808689010029,64.8,-0.36,1.0,-0.05096591082492097,20.895,0.009252845584043566,-8.215947,93.29075,0.0,0.6,0.5
0.11075556446107043,0.019930371176886626,0.5008889525193649,63.72,-0.36,1.0,0.10162663655506066,20.900000000000002,0.09258651779846944,-8.444204,76.46263,0.0,0.6,0.5
0.09153895314264716,0.032923941155423096,0.5007968961644252,62.82,-0.36,1.0,0.2084414197210478,20.905,0.09258651779846944,-8.444204,76.46263,0.0,0.6,0.5
0.08310720768361021,0.03953072172635806,0.5004069707734909,61.559999999999995,-0.36,1.0,0.0863673818170625,20.91,0.09258651779846944,-8.444204,76.46263,0.0,0.6,0.5
0.07021778385137387,0.05930999159960584,0.500228699039924,60.3,-0.36,1.0,-0.06622516556291913,20.915,0.09258651779846944,-8.444204,76.46263,0.0,0.6,0.5
0.056135904267729596,0.07363390135018626,0.5001838801386519,59.04,-0.36,1.0,0.07110812707906433,20.92,0.4885080424565933,-7.671824,-106.67197,0.0,0.0,0.5
0.06602332359901208,0.09399900945377454,0.500300361435137,57.78,-0.36,1.0,-0.05096591082492097,20.925,0.4885080424565933,-7.671824,-106.67197,0.0,0.0,0.5
0.04759135566079747,0.11459816613822868,0.5002590141455662,56.339999999999996,-0.36,1.0,-0.035706656086922806,20.93,0.4885080424565933,-7.671824,-106.67197,0.0,0.0,0.5
0.04344030311804549,0.134461341776364,0.5004367764801987,54.9,-0.36,1.0,0.025330362865069844,20.935,0.4885080424565933,-7.671824,-106.67197,0.0,0.0,0.5
0.03355093053562178,0.14519870966756013,0.5006434523977064,53.28,-0.36,1.0,0.04058961760306801,20.94,1.3590868711044735,5.410409,-106.19714,0.6,0.0,0.5
0.030663802503886374,0.1629124593007611,0.5009229763617217,51.66,-0.36,1.0,0.05584887234106617,20.945,1.3590868711044735,5.410409,-106.19714,0.6,0.0,0.5
0.011360120612830427,0.19819644105524334,0.5010154007035684,50.04,-0.36,1.0,-0.12726218451491178,20.95,1.3590868711044735,5.410409,-106.19714,0.6,0.0,0.5
0.0075056863984039055,0.20520314595348704,0.5010588760083264,48.239999999999995,-0.36,1.0,0.10162663655506066,20.955000000000002,1.3590868711044735,5.410409,-106.19714,0.6,0.0,0.5
-0.003798384045149614,0.22486024474523328,0.5012727706482262,46.44,-0.36,1.0,-0.06622516556291913,20.96,1.993766285791757,6.3100243,-109.09588,0.6,0.0,0.5
-0.01452867831088837,0.23478482170195478,0.5013917015481767,44.46,-0.36,1.0,0.010071108127071682,20.965,1.993766285791757,6.3100243,-109.09588,0.6,0.0,0.5
-0.0004153095124571181,0.25601987691218364,0.5017472961929577,42.48,-0.36,1.0,-0.08148442030091729,20.97,1.993766285791757,6.3100243,-109.09588,0.6,0.0,0.5
0.01174647681362982,0.2688426075051552,0.502142198945887,40.32,-0.36,1.0,0.14740440076905514,20.975,1.993766285791757,6.3100243,-109.09588,0.6,0.0,0.5
0.02607519676285959,0.2898594881610919,0.5025572090111831,38.339999999999996,-0.36,1.0,-0.2798547318948934,20.98,1.5422430087373629,4.4326706,-78.27988,0.6,0.0,0.5
0.007649184090711025,0.30210094356592776,0.5026462019879185,36.0,-0.36,1.0,-0.020447401348924643,20.985,1.5422430087373629,4.4326706,-78.27988,0.6,0.0,0.5
-0.00017198927553352272,0.3141571891967327,0.5028273457682046,33.66,-0.36,1.0,-0.06622516556291913,20.990000000000002,1.5422430087373629,4.4326706,-78.27988,0.6,0.0,0.5
-0.0024980068898434672,0.32880913103990383,0.502950374302414,31.32,-0.36,1.0,0.14740440076905514,20.995,1.5422430087373629,4.4326706,-78.27988,0.6,0.0,0.5
0.001214315676990029,0.3363504227153324,0.5032508733762897,28.98,-0.36,1.0,-0.1577806939909081,21.0,0.6290467227361753,2.9953392,-19.432093,0.6,0.0,0.5
-0.003742573363415746,0.3383831936205448,0.5035460188617696,26.459999999999997,-0.36,1.0,0.0863673818170625,21.005,0.6290467227361753,2.9953392,-19.432093,0.6,0.0,0.5
-0.00791609605539482,0.3406681775169109,0.5035807404645452,23.939999999999998,-0.36,1.0,0.05584887234106617,21.01,0.6290467227361753,2.9953392,-19.432093,0.6,0.0,0.5
0.003385414244015902,0.3456560275501458,0.5036779957491747,21.24,-0.36,1.0,-0.08148442030091729,21.015,0.6290467227361753,2.9953392,-19.432093,0.6,0.0,0.5
0.004627452484830613,0.3380486693689029,0.5037079268451579,18.54,-0.36,1.0,-0.035706656086922806,21.02,0.13528963638234176,2.273354,-45.481644,0.6,0.0,0.5
-0.001919609849025181,0.3187866382794125,0.5037956942446639,15.84,-0.36,1.0,-0.06622516556291913,21.025000000000002,0.13528963638234176,2.273354,-45.481644,0.6,0.0,0.5
0.009449948014039212,0.30118454969043174,0.5037133194487539,12.959999999999999,-0.36,1.0,-0.035706656086922806,21.03,0.13528963638234176,2.273354,-45.481644,0.6,0.0,0.5
0.03500795580122305,0.2765435924208874,0.503538767740972,10.08,-0.36,1.0,0.14740440076905514,21.035,0.13528963638234176,2.273354,-45.481644,0.6,0.0,0.5
0.06114135471824736,0.24739280804443728,0.5036787346680696,7.199999999999999,-0.36,1.0,-0.18829920346690443,21.04,0.015342554920720631,1.7497911,-20.049788,0.6,0.0,0.5
0.07672951466501304,0.2179962847582174,0.5035338682507078,4.5,2.34,1.0,7.4260689107944025,21.045,0.015342554920720631,1.7497911,-20.049788,0.6,0.0,0.5
0.09200007195319221,0.1983566349914698,0.5056320558995554,2.52,5.76,1.0,2.5431073946348235,21.05,0.015342554920720631,1.7497911,-20.049788,0.6,0.0,0.5
0.11175652397389187,0.16719747641170793,0.5076770711225289,1.98,5.9399999999999995,1.0,-0.14252143925290994,21.055,0.015342554920720631,1.7497911,-20.049788,0.6,0.0,0.5
0.1310881772414715,0.15893025697840302,0.5083592193987019,2.52,5.04,1.0,0.6509598071229945,21.06,0.0009174499370370447,0.98479587,-9.537203,0.5954387605190277,0.0,0.5
0.14508299298546906,0.1394069322986721,0.5095332170020931,3.96,3.42,1.0,0.42207098605302207,21.065,0.0009174499370370447,0.98479587,-9.537203,0.5954387605190277,0.0,0.5
0.1648770653325796,0.11745973929190517,0.5076678827753842,6.3,-0.54,1.0,7.181920834986432,21.07,0.0009174499370370447,0.98479587,-9.537203,0.5954387605190277,0.0,0.5
0.1826578236483637,0.11192938184023107,0.5056103857696433,7.56,-0.36,1.0,0.1626636555070533,21.075,0.0009174499370370447,0.98479587,-9.537203,0.5954387605190277,0.0,0.5
0.19665769328535931,0.1171508647094502,0.5049212234291621,9.719999999999999,-0.18,1.0,0.29999694814903677,21.080000000000002,0.0,3.3394716,-29.770706,0.6,0.0,0.5
0.21403961577689717,0.09658855077942792,0.5030996638815806,11.7,-0.54,1.0,-0.5087435529648658,21.085,0.0,3.3394716,-29.770706,0.6,0.0,0.5
0.23323761434917803,0.08508372211221879,0.5022031215905304,13.68,-0.36,1.0,-0.2035584582049026,21.09,0.0,3.3394716,-29.770706,0.6,0.0,0.5
0.24623051110933286,0.07604786317099935,0.5028275463023256,15.66,-0.54,1.0,0.31525620288703493,21.095,0.0,3.3394716,-29.770706,0.6,0.0,0.5
0.2615142288175205,0.07279944502860124,0.5018220967686648,17.82,-0.54,1.0,-0.020447401348924643,21.1,0.0,1.4826745,-27.276636,0.6,0.0,0.5
0.27825827462209096,0.048449571764649126,0.5018487821045282,19.98,-0.54,1.0,-0.17303994872890627,21.105,0.0,1.4826745,-27.276636,0.6,0.0,0.5
0.2913158045269094,0.040033181408583585,0.5023996327625487,22.32,-0.54,1.0,-0.11200292977691362,21.11,0.0,1.4826745,-27.276636,0.6,0.0,0.5
0.3048189773254924,0.03469551390215587,0.5014199422579623,24.66,-0.54,1.0,0.34577471236303126,21.115000000000002,0.0,1.4826745,-27.276636,0.6,0.0,0.5
0.3199394811211009,0.01826034687801204,0.5012872645390736,27.18,-0.54,1.0,-0.020447401348924643,21.12,0.0,2.4796224,-10.23904,0.6,0.0,0.5
0.33227412925740185,0.01889064215078548,0.501570800528586,29.52,-0.54,1.0,0.025330362865069844,21.125,0.0,2.4796224,-10.23904,0.6,0.0,0.5
0.34360486668066514,0.021789333583736345,0.5008000088915419,32.04,-0.54,1.0,0.025330362865069844,21.13,0.0,2.4796224,-10.23904,0.6,0.0,0.5
0.3565369949057453,0.010058490204273357,0.5003259441878342,34.74,-0.54,1.0,0.2847376934110386,21.135,0.0,2.4796224,-10.23904,0.6,0.0,0.5
0.367714729148353,0.013155574771495628,0.5002695473065614,37.26,-0.54,1.0,-0.1577806939909081,21.14,0.0,2.736191,-4.1429377,0.6,0.0,0.5
0.37745138570458425,0.00793307596390471,0.4997139280891215,39.96,-0.54,1.0,0.10162663655506066,21.145,0.0,2.736191,-4.1429377,0.6,0.0,0.5
0.3869051420776263,-0.0151496876832325,0.4999673775621452,42.48,-0.54,1.0,0.1626636555070533,21.150000000000002,0.0,2.736191,-4.1429377,0.6,0.0,0.5
0.39641718366213874,-0.006164790030723514,0.4995918149193146,45.18,-0.54,1.0,0.31525620288703493,21.155,0.0,2.736191,-4.1429377,0.6,0.0,0.5
0.4041636222441409,-0.001755223594878447,0.4991294150649077,47.879999999999995,-0.54,1.0,-0.005188146610926481,21.16,0.0,2.128778,0.4471693,0.6,0.43415079116821287,0.5
0.41324798018904546,0.003128519184656906,0.49836034150703634,50.4,-0.36,1.0,0.19318216498304963,21.165,0.0,2.128778,0.4471693,0.6,0.43415079116821287,0.5
0.4193694462801565,-0.006185231956995207,0.49930798515021213,52.919999999999995,-0.36,1.0,0.05584887234106617,21.17,0.0,2.128778,0.4471693,0.6,0.43415079116821287,0.5
0.4260910606198669,-0.007901832908059308,0.49859639465874955,55.44,-0.36,1.0,0.2084414197210478,21.175,0.0,2.128778,0.4471693,0.6,0.43415079116821287,0.5
0.43220147145906634,-0.021708313539106534,0.49866780660674964,57.96,-0.36,1.0,-0.21881771294290076,21.18,0.0,2.0696335,-10.291208,0.6,0.0,0.5
0.4384834917410212,-0.02105907804302971,0.4987060072416924,60.3,-0.36,1.0,-0.06622516556291913,21.185,0.0,2.0696335,-10.291208,0.6,0.0,0.5
0.44370758636705365,-0.012754727973761034,0.49853015434896336,62.64,-0.36,1.0,-0.29511398663289157,21.19,0.0,2.0696335,-10.291208,0.6,0.0,0.5
0.44944008989974893,-0.010260229543095698,0.49824057551085127,64.98,-0.36,1.0,0.14740440076905514,21.195,0.0,2.0696335,-10.291208,0.6,0.0,0.5
0.4544890518621848,-0.010434700291454466,0.49850656061770376,67.14,-0.36,1.0,0.1626636555070533,21.2,0.0,2.664752,-37.628036,0.6,0.0,0.5
0.4588630332728295,-0.015059713635655756,0.49856231749716895,69.12,-0.36,1.0,0.2084414197210478,21.205000000000002,0.0,2.664752,-37.628036,0.6,0.0,0.5
0.46308772670654896,-0.011938049847551093,0.4987097193578198,70.92,-0.36,1.0,-0.17303994872890627,21.21,0.0,2.664752,-37.628036,0.6,0.0,0.5
0.4683595052797401,-0.004614358947055292,0.4983326545533612,72.72,-0.36,1.0,0.07110812707906433,21.215,0.0,2.664752,-37.628036,0.6,0.0,0.5
0.47199393199564765,-0.0005002842078166516,0.4984526099739814,74.16,-0.36,1.0,0.025330362865069844,21.22,0.0,5.1649313,-80.89978,0.6,0.0,0.5
0.47556517264189496,-0.004552313590940116,0.49868062040373207,75.6,-0.36,1.0,0.34577471236303126,21.225,0.0,5.1649313,-80.89978,0.6,0.0,0.5
0.4794799430256195,-0.005295595347129148,0.49886270846092884,76.67999999999999,-0.36,1.0,0.025330362865069844,21.23,0.0,5.1649313,-80.89978,0.6,0.0,0.5
0.4825984279578452,-0.003779658607589246,0.49897632876194176,77.58,-0.36,1.0,0.26947843867304044,21.235,0.0,5.1649313,-80.89978,0.6,0.0,0.5
0.48632262756021116,-0.0065921763199877975,0.49841827239871594,78.11999999999999,-0.36,1.0,-0.005188146610926481,21.240000000000002,0.0,6.4261026,-83.048874,0.6,0.0,0.5
0.4902639678005271,-0.0006873754641492117,0.4980897924816698,78.48,-0.36,1.0,0.31525620288703493,21.245,0.0,6.4261026,-83.048874,0.6,0.0,0.5
0.492792389228335,0.018014184677708475,0.4985010203368778,78.48,-0.36,1.0,0.04058961760306801,21.25,0.0,6.4261026,-83.048874,0.6,0.0,0.5
0.4950069504945588,0.02028086354851267,0.4987109000161948,78.3,-0.36,1.0,0.10162663655506066,21.255,0.0,6.4261026,-83.048874,0.6,0.0,0.5
0.49788088627553734,0.022495520236058143,0.49839971498214336,77.94,-0.36,1.0,0.05584887234106617,21.26,0.0,6.70833,-81.46629,0.6,0.0,0.5
0.5002779593407607,0.03436692668165752,0.49821566806480705,77.39999999999999,-0.36,1.0,0.17792291024505147,21.265,0.0,6.70833,-81.46629,0.6,0.0,0.5
0.5021985173394562,0.052402941621551236,0.4981160923460405,76.67999999999999,-0.36,1.0,0.07110812707906433,21.27,0.0,6.70833,-81.46629,0.6,0.0,0.5
0.5036296448848298,0.055885260207192075,0.4982041054585885,75.78,-0.36,1.0,0.19318216498304963,21.275000000000002,0.0,6.70833,-81.46629,0.6,0.0,0.5
0.5043066184907544,0.06045614524523884,0.4987699836061852,75.06,-0.36,1.0,0.07110812707906433,21.28,0.0,6.6915255,-82.21655,0.6,0.0,0.5
0.5047471739861882,0.047875641582337466,0.4992133661834151,74.16,-0.36,1.0,0.14740440076905514,21.285,0.0,6.6915255,-82.21655,0.6,0.0,0.5
0.5063419744200479,0.05576807131632965,0.49905134573146837,73.08,-0.36,1.0,0.025330362865069844,21.29,0.0,6.6915255,-82.21655,0.6,0.0,0.5
0.5073690415325773,0.04660779204497103,0.499671775077435,72.17999999999999,-0.36,1.0,0.14740440076905514,21.295,0.0,6.6915255,-82.21655,0.6,0.0,0.5
0.5083824840564564,0.024146651271978375,0.4999299603080601,71.28,-0.36,1.0,-0.035706656086922806,21.3,0.0,6.3987546,-84.53422,0.6,0.0,0.5
0.5092974321645238,0.027189390610765456,0.5005533716394234,70.38,-0.36,1.0,0.29999694814903677,21.305,0.0,6.3987546,-84.53422,0.6,0.0,0.5
0.5112865218583907,0.029969697115933478,0.5005489404327912,69.66,-0.36,1.0,0.025330362865069844,21.31,0.0,6.3987546,-84.53422,0.6,0.0,0.5
0.511902142686216,0.01556280524450643,0.5014538046992224,68.94,-0.36,1.0,0.11688589129305882,21.315,0.0,6.3987546,-84.53422,0.6,0.0,0.5
0.5134997353076314,0.027202537782796885,0.5017745433668923,68.22,-0.36,1.0,-0.31037324137088973,21.32,0.0,7.4361877,-96.40813,0.6,0.0,0.5
0.5154123908133788,0.025597131857791704,0.5020388104539132,67.67999999999999,-0.54,1.0,0.05584887234106617,21.325,0.0,7.4361877,-96.40813,0.6,0.0,0.5
0.5166262326120231,0.012496236617704132,0.5027260009020857,67.14,-0.54,1.0,-0.06622516556291913,21.330000000000002,0.0,7.4361877,-96.40813,0.6,0.0,0.5
0.5179854834505226,0.01827497067933101,0.5028997561548711,66.78,-0.54,1.0,-0.06622516556291913,21.335,0.0,7.4361877,-96.40813,0.6,0.0,0.5
0.5199293791844382,0.01002027485670859,0.5027988709173435,66.42,-0.54,1.0,-0.06622516556291913,21.34,0.0,7.6613398,-87.07596,0.6,0.0,0.5
0.5205346759297073,0.00497672675573647,0.5034922579629296,66.42,-0.54,1.0,0.0863673818170625,21.345,0.0,7.6613398,-87.07596,0.6,0.0,0.5
0.5208647888795794,-0.007574199429736442,0.5041588427514342,66.24,-0.54,1.0,-0.11200292977691362,21.35,0.0,7.6613398,-87.07596,0.6,0.0,0.5
0.5217220284420719,-0.008592180097652884,0.5043835726013857,66.42,-0.54,1.0,0.14740440076905514,21.355,0.0,7.6613398,-87.07596,0.6,0.0,0.5
0.5224791094458794,-0.009015848310380997,0.5047771104531984,66.42,-0.54,1.0,0.05584887234106617,21.36,0.0,4.5254498,-25.83267,0.6,0.0,0.5
0.522498495467866,-0.014084313710857445,0.5053614071817103,66.6,-0.36,1.0,0.22370067445904596,21.365000000000002,0.0,4.5254498,-25.83267,0.6,0.0,0.5
0.523450375167268,-0.010518655055121624,0.5051782904911924,66.96,-0.36,1.0,-0.06622516556291913,21.37,0.0,4.5254498,-25.83267,0.6,0.0,0.5
0.5241072533088043,0.00012149288460393204,0.5050545028693963,67.14,-0.36,1.0,0.14740440076905514,21.375,0.0,4.5254498,-25.83267,0.6,0.0,0.5
0.5242141089288294,-0.011896318765663806,0.5049734696522874,67.5,-0.36,1.0,-0.06622516556291913,21.38,0.0,-6.4704585,17.65468,0.0,0.6,0.5
0.5250767857114299,-0.0013519344828176998,0.5043574908273625,67.67999999999999,-0.36,1.0,0.17792291024505147,21.385,0.0,-6.4704585,17.65468,0.0,0.6,0.5
0.5247739093654629,-0.004438025692841501,0.5046303150357574,68.03999999999999,-0.36,1.0,-0.005188146610926481,21.39,0.0,-6.4704585,17.65468,0.0,0.6,0.5
0.5250203591785119,-0.009637075061302236,0.5043347169527053,68.39999999999999,-0.36,1.0,0.17792291024505147,21.395,0.0,-6.4704585,17.65468,0.0,0.6,0.5
0.5250551771466069,-0.004770673741073656,0.5044829566487068,68.75999999999999,-0.36,1.0,-0.12726218451491178,21.400000000000002,0.0,-6.7397423,-92.17479,0.0,0.0,0.5
0.52539519006949,-0.013926706987093425,0.5040825561995201,69.12,-0.36,1.0,0.14740440076905514,21.405,0.0,-6.7397423,-92.17479,0.0,0.0,0.5
0.5256287999276312,-0.008346405010194327,0.5040486682190074,69.3,-0.36,1.0,-0.020447401348924643,21.41,0.0,-6.7397423,-92.17479,0.0,0.0,0.5
0.5256412810943838,-0.006374474355653206,0.504162918547095,69.66,-0.36,1.0,0.1626636555070533,21.415,0.0,-6.7397423,-92.17479,0.0,0.0,0.5
0.5256164105821663,-0.002257861772255313,0.5044588758296996,69.84,-0.36,1.0,-0.12726218451491178,21.42,0.0,-7.049988,-87.21228,0.0,0.0,0.5
0.5260856888426029,0.0016675794307456399,0.504254801757752,70.02,-0.36,1.0,0.26947843867304044,21.425,0.0,-7.049988,-87.21228,0.0,0.0,0.5
0.5270771999879689,0.0022333532591975445,0.5034910693532975,70.2,-0.36,1.0,0.19318216498304963,21.43,0.0,-7.049988,-87.21228,0.0,0.0,0.5
0.526916722632627,-0.0014522847766260199,0.5037173139903184,70.38,-0.36,1.0,0.26947843867304044,21.435,0.0,-7.049988,-87.21228,0.0,0.0,0.5
0.5272255673580031,-0.010521812315749116,0.503617391470038,70.38,-0.36,1.0,0.0863673818170625,21.44,0.0,-8.3333645,67.14303,0.0,0.6,0.5
0.5277840471906726,-0.02239614036007024,0.5032056903848,70.38,-0.36,1.0,0.1626636555070533,21.445,0.0,-8.3333645,67.14303,0.0,0.6,0.5
0.5283850877185431,-0.02288571082239892,0.5028570237755885,70.38,-0.36,1.0,0.025330362865069844,21.45,0.0,-8.3333645,67.14303,0.0,0.6,0.5
0.5293688925905425,-0.015169580908467236,0.5024130639741302,70.38,-0.36,1.0,0.23895992919704412,21.455000000000002,0.0,-8.3333645,67.14303,0.0,0.6,0.5
0.5294833425861435,-0.01128325085337709,0.5022355677332908,70.38,-0.36,1.0,0.04058961760306801,21.46,0.0,-7.9788504,96.6357,0.0,0.6,0.5
0.5278703636916195,-0.009233686027954564,0.5022686200038562,70.38,-0.36,1.0,-0.08148442030091729,21.465,0.0,-7.9788504,96.6357,0.0,0.6,0.5
0.5260247099673641,-0.0016050663514862059,0.5026675423859454,70.2,-0.36,1.0,-0.08148442030091729,21.47,0.0,-7.9788504,96.6357,0.0,0.6,0.5
0.5256892393873227,0.020044771978985652,0.5024873972383687,70.2,-0.36,1.0,0.19318216498304963,21.475,0.0,-7.9788504,96.6357,0.0,0.6,0.5
0.5242307420787081,0.027883034717190548,0.5018851051808185,70.2,-0.36,1.0,-0.020447401348924643,21.48,0.0,-7.972807,95.3714,0.0,0.6,0.5
0.5207103645538033,0.033592387094529025,0.5017016431742193,70.2,-0.36,1.0,-0.1577806939909081,21.485,0.0,-7.972807,95.3714,0.0,0.6,0.5
0.508076543126922,0.026370928599904715,0.5018614035922854,70.2,-0.36,1.0,0.14740440076905514,21.490000000000002,0.0,-7.972807,95.3714,0.0,0.6,0.5
0.482109844062653,0.04385199310074335,0.5020063028250863,70.02,-0.36,1.0,0.19318216498304963,21.495,0.0,-7.972807,95.3714,0.0,0.6,0.5
0.45093217581207184,0.04606648639870294,0.5022913943880171,69.84,-0.36,1.0,-0.035706656086922806,21.5,0.0,-8.125602,93.18286,0.0,0.6,0.5
0.4165717845609461,0.0350491278869543,0.5024847495494531,69.66,-0.36,1.0,-0.035706656086922806,21.505,0.0,-8.125602,93.18286,0.0,0.6,0.5
0.3831169441948831,0.03746841919270556,0.5026708117137257,69.3,-0.36,1.0,-0.17303994872890627,21.51,0.0,-8.125602,93.18286,0.0,0.6,0.5
0.34992702673976916,0.042740623406612846,0.5027148305361734,68.94,-0.36,1.0,0.04058961760306801,21.515,0.0,-8.125602,93.18286,0.0,0.6,0.5
0.3189803664849126,0.06732432257791546,0.5028074023909134,68.39999999999999,-0.36,1.0,-0.09674367503891546,21.52,0.002491741164278676,-8.054778,90.27434,0.0,0.6,0.5
0.28901265775073054,0.06459572867047345,0.5026269658076704,67.86,-0.36,1.0,-0.005188146610926481,21.525000000000002,0.002491741164278676,-8.054778,90.27434,0.0,0.6,0.5
0.260956737630739,0.07112288378344213,0.5028984144383736,67.14,-0.36,1.0,-0.09674367503891546,21.53,0.002491741164278676,-8.054778,90.27434,0.0,0.6,0.5
0.23415078107440848,0.09295611221231864,0.5027409365529889,66.42,-0.36,1.0,0.07110812707906433,21.535,0.002491741164278676,-8.054778,90.27434,0.0,0.6,0.5
0.20973990653034252,0.11636252931495578,0.5029203938001675,65.34,-0.36,1.0,-0.06622516556291913,21.54,0.033744637940803845,-7.751114,91.84736,0.0,0.6,0.5
0.1865850952476122,0.13807251177545438,0.502850584813988,64.44,-0.36,1.0,-0.08148442030091729,21.545,0.033744637940803845,-7.751114,91.84736,0.0,0.6,0.5
0.16608859866625414,0.151196766635672,0.5029043224109362,63.18,-0.36,1.0,-0.005188146610926481,21.55,0.033744637940803845,-7.751114,91.84736,0.0,0.6,0.5
0.14662107575238628,0.1721317712628187,0.5027449050552687,61.919999999999995,-0.36,1.0,0.1626636555070533,21.555,0.033744637940803845,-7.751114,91.84736,0.0,0.6,0.5
0.12888296460408272,0.19581782152313537,0.5027185019549263,60.66,-0.36,1.0,0.0863673818170625,21.56,0.2409673215016655,2.6416523,-127.07277,0.6,0.0,0.5
0.11211672597939845,0.21167700992718302,0.502922587234227,59.04,-0.36,1.0,-0.020447401348924643,21.565,0.2409673215016655,2.6416523,-127.07277,0.6,0.0,0.5
0.10053964363814145,0.22741251952616542,0.5031925505065191,57.419999999999995,-0.36,1.0,0.2084414197210478,21.57,0.2409673215016655,2.6416523,-127.07277,0.6,0.0,0.5
0.095612788224439,0.2388317326996234,0.5031960435801872,55.62,-0.36,1.0,-0.035706656086922806,21.575,0.2409673215016655,2.6416523,-127.07277,0.6,0.0,0.5
0.08184382753703945,0.2641229510350744,0.5031577195357425,53.64,-0.36,1.0,0.2542191839350423,21.580000000000002,0.9073253799786034,3.1962852,-131.09523,0.6,0.0,0.5
0.08069907923386715,0.2834324456091502,0.5027857892075681,51.48,-0.36,1.0,0.010071108127071682,21.585,0.9073253799786034,3.1962852,-131.09523,0.6,0.0,0.5
0.06495819402015596,0.2969115087855296,0.5029086704332689,49.32,-0.36,1.0,-0.12726218451491178,21.59,0.9073253799786034,3.1962852,-131.09523,0.6,0.0,0.5
0.04927916424636921,0.3113894488098275,0.5029549007241824,47.16,-0.36,1.0,-0.06622516556291913,21.595,0.9073253799786034,3.1962852,-131.09523,0.6,0.0,0.5
0.04269982975406783,0.3244019610996838,0.5032000159544961,44.64,-0.36,1.0,-0.05096591082492097,21.6,1.801438747661845,5.1437244,-118.097046,0.6,0.0,0.5
0.03782001414297829,0.32921977737533353,0.5035326389615449,42.12,-0.36,1.0,0.010071108127071682,21.605,1.801438747661845,5.1437244,-118.097046,0.6,0.0,0.5
0.025410133586755927,0.34624186306284166,0.5037704684790751,39.42,-0.36,1.0,-0.14252143925290994,21.61,1.801438747661845,5.1437244,-118.097046,0.6,0.0,0.5
0.017155928469347617,0.3634274846006805,0.5039103604384502,36.72,-0.36,1.0,0.05584887234106617,21.615000000000002,1.801438747661845,5.1437244,-118.097046,0.6,0.0,0.5
0.009327739401913938,0.3755670258576394,0.5041089050590409,33.839999999999996,-0.36,1.0,-0.08148442030091729,21.62,1.8859382640705946,5.941883,-92.67673,0.6,0.0,0.5
0.0053961882051394685,0.38789150035781017,0.5038323702109494,30.779999999999998,-0.36,1.0,0.05584887234106617,21.625,1.8859382640705946,5.941883,-92.67673,0.6,0.0,0.5
0.005622779569138949,0.390477887658332,0.5036944865706012,27.72,-0.36,1.0,-0.11200292977691362,21.63,1.8859382640705946,5.941883,-92.67673,0.6,0.0,0.5
0.006064278560645004,0.40232803068862993,0.5037949846799848,24.66,-0.36,1.0,0.11688589129305882,21.635,1.8859382640705946,5.941883,-92.67673,0.6,0.0,0.5
0.00042292464148897737,0.41347105597380984,0.5041931275156171,21.419999999999998,-0.36,1.0,0.1626636555070533,21.64,1.0410868857474898,1.4873518,-92.31624,0.6,0.0,0.5
0.009439166729498273,0.40174511847987293,0.504584332869413,18.18,-0.36,1.0,0.2084414197210478,21.645,1.0410868857474898,1.4873518,-92.31624,0.6,0.0,0.5
0.012452540212084631,0.3993685099090958,0.5046623731344685,14.94,-0.36,1.0,0.04058961760306801,21.650000000000002,1.0410868857474898,1.4873518,-92.31624,0.6,0.0,0.5
0.02197246011520875,0.3949326700422787,0.5045087435304957,11.52,-0.36,1.0,0.010071108127071682,21.655,1.0410868857474898,1.4873518,-92.31624,0.6,0.0,0.5
0.05952781801615556,0.39687837979931334,0.5043712777698677,8.1,-0.36,1.0,-0.020447401348924643,21.66,0.3030386420409047,-3.2843425,-87.01666,0.0,0.0,0.5
0.08031738803241698,0.3975429671046587,0.5037942332412811,4.68,1.26,1.0,13.636585589159822,21.665,0.3030386420409047,-3.2843425,-87.01666,0.0,0.0,0.5
0.10208885718822705,0.3792778520351987,0.5053234281450231,2.34,6.3,1.0,2.9856257820368253,21.67,0.3030386420409047,-3.2843425,-87.01666,0.0,0.0,0.5
0.118702481859585,0.3613350300918937,0.5081101620189158,1.26,7.739999999999999,1.0,-0.17303994872890627,21.675,0.3030386420409047,-3.2843425,-87.01666,0.0,0.0,0.5
0.13142242625184478,0.3265221991826728,0.509770132707242,1.44,5.9399999999999995,1.0,13.453474532303844,21.68,0.04651152488463367,-4.345929,99.357025,0.0,0.6,0.5
0.14598541831173634,0.3018204940576281,0.5109620616399597,2.88,5.22,1.0,1.0324411755730054,21.685,0.04651152488463367,-4.345929,99.357025,0.0,0.6,0.5
0.16506460703247428,0.26939227628489093,0.510495620228111,5.22,1.98,1.0,0.5594042786950055,21.69,0.04651152488463367,-4.345929,99.357025,0.0,0.6,0.5
0.185588706600026,0.24121041710065874,0.5068576641536512,7.38,-1.08,1.0,-1.0122989593188052,21.695,0.04651152488463367,-4.345929,99.357025,0.0,0.6,0.5
0.20133965655169186,0.21262452286941727,0.5057119068260822,8.64,0.54,1.0,-0.524002807702864,21.7,0.0037642172159507168,-7.6622777,85.39594,0.0,0.6,0.5
0.21680315205154974,0.20034982796111078,0.5045519613323594,10.62,0.36,1.0,-0.035706656086922806,21.705000000000002,0.0037642172159507168,-7.6622777,85.39594,0.0,0.6,0.5
0.23622261660157934,0.17655233313490057,0.5027748042858361,12.78,-0.72,1.0,-0.23407696768089892,21.71,0.0037642172159507168,-7.6622777,85.39594,0.0,0.6,0.5
0.25110943799563107,0.1592116818337771,0.502802318228277,14.94,-0.36,1.0,0.07110812707906433,21.715,0.0037642172159507168,-7.6622777,85.39594,0.0,0.6,0.5
0.26486377136391887,0.142703959733863,0.5022854439607773,17.099999999999998,-0.36,1.0,0.3610339671010294,21.72,0.0,-7.8733587,94.17061,0.0,0.6,0.5
0.2817106569411994,0.13159009279737272,0.5012668700562991,19.259999999999998,-0.54,1.0,-0.11200292977691362,21.725,0.0,-7.8733587,94.17061,0.0,0.6,0.5
0.2957148673223817,0.1220580526861669,0.5017189463948412,21.779999999999998,-0.36,1.0,-0.24933622241889708,21.73,0.0,-7.8733587,94.17061,0.0,0.6,0.5
0.30299751347679577,0.12204623832334249,0.5014902296321834,24.119999999999997,-0.36,1.0,-0.29511398663289157,21.735,0.0,-7.8733587,94.17061,0.0,0.6,0.5
0.30551998056832685,0.09366721396306739,0.5010069180408553,26.459999999999997,-0.36,1.0,0.1626636555070533,21.740000000000002,0.001080473796545256,-8.106556,92.473236,0.0,0.6,0.5
0.30629977795667,0.08032918138131001,0.501169108787416,28.98,-0.36,1.0,0.07110812707906433,21.745,0.001080473796545256,-8.106556,92.473236,0.0,0.6,0.5
0.3048639721672588,0.059486721186251854,0.500915477438213,31.32,-0.36,1.0,0.26947843867304044,21.75,0.001080473796545256,-8.106556,92.473236,0.0,0.6,0.5
0.3025041181509731,0.05925969536782356,0.49994073126281596,33.66,-0.36,1.0,-0.18829920346690443,21.755,0.001080473796545256,-8.106556,92.473236,0.0,0.6,0.5
0.29969192484733315,0.05206230840736066,0.5000732530061207,36.0,-0.36,1.0,0.19318216498304963,21.76,0.01747265776114394,-8.231185,84.48541,0.0,0.6,0.5
0.29659386464938925,0.0629221839114887,0.49993427578283717,38.16,-0.36,1.0,0.19318216498304963,21.765,0.01747265776114394,-8.231185,84.48541,0.0,0.6,0.5
0.28892525038362105,0.07371841665463674,0.4996174879251415,40.32,-0.36,1.0,0.1626636555070533,21.77,0.01747265776114394,-8.231185,84.48541,0.0,0.6,0.5
0.27468864751126837,0.09015141054701188,0.49948775535717593,42.3,-0.36,1.0,-0.21881771294290076,21.775000000000002,0.01747265776114394,-8.231185,84.48541,0.0,0.6,0.5
0.25502201392859863,0.10748339753912242,0.4993252353911666,44.1,-0.36,1.0,0.22370067445904596,21.78,0.1489893527649649,-8.154911,-35.249523,0.0,0.0,0.5
0.23258623561928002,0.1166006164765075,0.49909178614309935,45.9,-0.36,1.0,0.05584887234106617,21.785,0.1489893527649649,-8.154911,-35.249523,0.0,0.0,0.5
0.20967942213984325,0.14890318897752672,0.49898508007256565,47.699999999999996,-0.36,1.0,0.010071108127071682,21.79,0.1489893527649649,-8.154911,-35.249523,0.0,0.0,0.5
0.18737263263519874,0.1634717487042569,0.4986036021660041,49.32,-0.36,1.0,-0.14252143925290994,21.795,0.1489893527649649,-8.154911,-35.249523,0.0,0.0,0.5
0.16626213560091563,0.18110479958752726,0.49860506070607935,50.76,-0.36,1.0,-0.11200292977691362,21.8,0.6698892802952112,-7.5836344,-96.228165,0.0,0.0,0.5
0.14627603102064313,0.20050969318351453,0.4985384272238513,52.019999999999996,-0.36,1.0,-0.14252143925290994,21.805,0.6698892802952112,-7.5836344,-96.228165,0.0,0.0,0.5
0.13042681428188896,0.22255718530253604,0.4981120237187992,53.28,-0.36,1.0,0.17792291024505147,21.81,0.6698892802952112,-7.5836344,-96.228165,0.0,0.0,0.5
0.11209397848953512,0.2457554928559018,0.49768198801776714,54.36,-0.36,1.0,-0.3561510055848842,21.815,0.6698892802952112,-7.5836344,-96.228165,0.0,0.0,0.5
0.09111820189004013,0.2610300456012564,0.49805716631692853,55.08,-0.36,1.0,0.22370067445904596,21.82,1.5881896242865412,5.3092675,-119.04414,0.6,0.0,0.5
0.08387904392970702,0.2730095896488761,0.49798813251837754,55.62,-0.36,1.0,-0.005188146610926481,21.825,1.5881896242865412,5.3092675,-119.04414,0.6,0.0,0.5
0.0692745235545603,0.2883321805546543,0.49771992040324825,55.98,-0.36,1.0,0.05584887234106617,21.830000000000002,1.5881896242865412,5.3092675,-119.04414,0.6,0.0,0.5
0.05925488211700084,0.2985083262279972,0.4977827686917635,55.98,-0.36,1.0,0.07110812707906433,21.835,1.5881896242865412,5.3092675,-119.04414,0.6,0.0,0.5
0.05316563859942391,0.3126947905970045,0.49741061532113473,55.8,-0.36,1.0,0.2084414197210478,21.84,1.9854237480711003,6.292035,-103.29773,0.6,0.0,0.5
0.05289824378636175,0.33022479405987787,0.4974472881494823,55.08,-0.36,1.0,-0.17303994872890627,21.845,1.9854237480711003,6.292035,-103.29773,0.6,0.0,0.5
0.04554754532476839,0.33935025951602593,0.4975455987170323,54.36,-0.36,1.0,0.22370067445904596,21.85,1.9854237480711003,6.292035,-103.29773,0.6,0.0,0.5
0.034410571537281304,0.3559684279970276,0.4975514535543454,53.1,-0.36,1.0,-0.14252143925290994,21.855,1.9854237480711003,6.292035,-103.29773,0.6,0.0,0.5
0.03165487012385758,0.3625918329224727,0.49737546957113893,51.66,-0.36,1.0,0.11688589129305882,21.86,1.3087467062106461,4.3658876,-59.116505,0.6,0.0,0.5
0.035598236153110155,0.3641413291743975,0.4971311485712373,49.86,-0.36,1.0,-0.3714102603228824,21.865000000000002,1.3087467062106461,4.3658876,-59.116505,0.6,0.0,0.5
0.020529739069950297,0.3726446072048436,0.4971248940823714,47.879999999999995,-0.36,1.0,0.1626636555070533,21.87,1.3087467062106461,4.3658876,-59.116505,0.6,0.0,0.5
0.013741660083695149,0.37260367821556906,0.49704953349047587,45.54,-0.36,1.0,-0.020447401348924643,21.875,1.3087467062106461,4.3658876,-59.116505,0.6,0.0,0.5
0.007596610830288432,0.3678865842471889,0.4973160876186997,43.199999999999996,-0.36,1.0,0.2542191839350423,21.88,0.45489328156815834,2.4355702,-19.169102,0.6,0.0,0.5
0.016241423052673135,0.3714899466997974,0.4976403161238505,40.68,-0.36,1.0,-0.020447401348924643,21.885,0.45489328156815834,2.4355702,-19.169102,0.6,0.0,0.5
0.0009615459284032012,0.3678329569751016,0.49773308821346635,37.98,-0.36,1.0,0.0863673818170625,21.89,0.45489328156815834,2.4355702,-19.169102,0.6,0.0,0.5
-0.0018842871967162812,0.3640651798039323,0.4979686272844389,35.28,-0.36,1.0,-0.2035584582049026,21.895,0.45489328156815834,2.4355702,-19.169102,0.6,0.0,0.5
0.003226206700215585,0.35582812087315796,0.4981838704538177,32.4,-0.36,1.0,0.10162663655506066,21.900000000000002,0.08337099319384592,3.076276,-49.89069,0.6,0.0,0.5
0.00905114657260179,0.33615621722897765,0.49847802161007393,29.52,-0.36,1.0,0.1626636555070533,21.905,0.08337099319384592,3.076276,-49.89069,0.6,0.0,0.5
0.014289627332984245,0.3003423521788079,0.49876776842527876,26.64,-0.36,1.0,0.2084414197210478,21.91,0.08337099319384592,3.076276,-49.89069,0.6,0.0,0.5
0.04302382239542708,0.2817342406084094,0.49889770986401155,23.4,-0.36,1.0,0.025330362865069844,21.915,0.08337099319384592,3.076276,-49.89069,0.6,0.0,0.5
0.06389341266678665,0.2550133745280825,0.49945173245015595,20.34,-0.36,1.0,0.46784875026701656,21.92,0.008056973948864121,2.835033,-48.886623,0.6,0.0,0.5
0.08461769192953068,0.2349790977921244,0.49982498308523937,17.28,-0.36,1.0,-0.020447401348924643,21.925,0.008056973948864121,2.835033,-48.886623,0.6,0.0,0.5
0.09937445928937716,0.1986430905907432,0.5002310157384884,14.04,-0.36,1.0,0.22370067445904596,21.93,0.008056973948864121,2.835033,-48.886623,0.6,0.0,0.5
0.1233168427799418,0.17264985107978942,0.5005280846688503,10.799999999999999,-0.36,1.0,0.010071108127071682,21.935,0.008056973948864121,2.835033,-48.886623,0.6,0.0,0.5
0.14208022779968627,0.16186417186968674,0.5002020428797496,7.739999999999999,-0.36,1.0,0.2847376934110386,21.94,0.0,3.895307,-24.665613,0.6,0.0,0.5
0.1588075522577038,0.14202934216505958,0.5005606003448644,4.859999999999999,2.16,1.0,12.354808191167919,21.945,0.0,3.895307,-24.665613,0.6,0.0,0.5
0.18038168623341755,0.12773553955989544,0.5022966001278402,3.06,5.58,1.0,2.970366527298827,21.95,0.0,3.895307,-24.665613,0.6,0.0,0.5
0.19491225152584643,0.10882485681374546,0.5049030537489152,2.6999999999999997,5.76,1.0,-0.6765953550828456,21.955000000000002,0.0,3.895307,-24.665613,0.6,0.0,0.5
0.21042360104575908,0.09621636677139236,0.5060658865257726,3.5999999999999996,3.78,1.0,6.647846919156496,21.96,0.0,2.1188574,-6.5760894,0.6,0.0,0.5
0.22914463600547957,0.08314425071648444,0.5068703954765146,5.58,1.6199999999999999,1.0,0.8645893734550256,21.965,0.0,2.1188574,-6.5760894,0.6,0.0,0.5
0.24256827645912435,0.08726664567274815,0.5048084035481851,8.1,-1.08,1.0,0.8340708639790293,21.97,0.0,2.1188574,-6.5760894,0.6,0.0,0.5
0.2558448545550259,0.07785189264794964,0.5030286524935862,9.18,0.18,1.0,-0.5087435529648658,21.975,0.0,2.1188574,-6.5760894,0.6,0.0,0.5
0.27366468581260983,0.07631163852128056,0.5028450724882166,11.52,0.18,1.0,0.22370067445904596,21.98,0.0,1.191291,-20.940722,0.6,0.0,0.5
0.2880986516795943,0.0715027549136916,0.501764770248446,13.68,-0.54,1.0,-0.29511398663289157,21.985,0.0,1.191291,-20.940722,0.6,0.0,0.5
0.3003104975136541,0.053219173956389525,0.5014654105082029,16.2,-0.54,1.0,0.10162663655506066,21.990000000000002,0.0,1.191291,-20.940722,0.6,0.0,0.5
0.31533450939338165,0.03501996406741244,0.5013930118257438,18.72,-0.54,1.0,0.34577471236303126,21.995,0.0,1.191291,-20.940722,0.6,0.0,0.5
0.3284398931137666,0.02318829883791145,0.5012213318696435,21.419999999999998,-0.54,1.0,0.19318216498304963,22.0,0.0,1.3151983,3.70818,0.6,0.6,0.5
0.3399745893553801,0.027475469155461885,0.5003092819607137,24.3,-0.54,1.0,0.010071108127071682,22.005,0.0,1.3151983,3.70818,0.6,0.6,0.5
0.35230489073340787,0.023302937579698254,0.5005187953142655,27.36,-0.54,1.0,0.010071108127071682,22.01,0.0,1.3151983,3.70818,0.6,0.6,0.5
0.36386881921396874,0.015381802433909816,0.5002600109307006,30.419999999999998,-0.54,1.0,-0.06622516556291913,22.015,0.0,1.3151983,3.70818,0.6,0.6,0.5
0.3731995715787905,0.027388395553837895,0.500227483941447,33.48,-0.54,1.0,0.2847376934110386,22.02,0.0,4.592293,14.633955,0.6,0.6,0.5
0.38240152439684616,0.02214093232884984,0.5005277623849005,36.72,-0.54,1.0,-0.035706656086922806,22.025000000000002,0.0,4.592293,14.633955,0.6,0.6,0.5
0.3920271515187602,0.007694002716787409,0.5001106052828177,39.96,-0.54,1.0,0.2542191839350423,22.03,0.0,4.592293,14.633955,0.6,0.6,0.5
0.3992612711371547,-0.006450112782921393,0.500320292620864,43.199999999999996,-0.54,1.0,0.05584887234106617,22.035,0.0,4.592293,14.633955,0.6,0.6,0.5
0.40722559223279947,-0.011760216171560823,0.5002468087333446,46.44,-0.54,1.0,0.11688589129305882,22.04,0.0,1.5412705,-37.578106,0.6,0.0,0.5
0.4149206055174079,-0.01435189274192936,0.5001058678689141,49.68,-0.54,1.0,-0.005188146610926481,22.045,0.0,1.5412705,-37.578106,0.6,0.0,0.5
0.42173591512769376,-0.018033781580253736,0.4998355179310989,52.919999999999995,-0.36,1.0,0.11688589129305882,22.05,0.0,1.5412705,-37.578106,0.6,0.0,0.5
0.4276915863198272,-0.0033029370477923566,0.5002222312714736,55.98,-0.36,1.0,0.19318216498304963,22.055,0.0,1.5412705,-37.578106,0.6,0.0,0.5
0.43439624085751005,-0.0053023111197331675,0.5001667327900087,59.04,-0.36,1.0,0.07110812707906433,22.06,0.0,6.415103,-89.28309,0.6,0.0,0.5
0.43995267213845907,-0.016360096722236362,0.49999754375433075,62.099999999999994,-0.36,1.0,-0.11200292977691362,22.065,0.0,6.415103,-89.28309,0.6,0.0,0.5
0.4457705212716705,-0.013432228404104492,0.49969007301919144,64.98,-0.36,1.0,0.11688589129305882,22.07,0.0,6.415103,-89.28309,0.6,0.0,0.5
0.4508977301495027,-0.01705934069841541,0.500108143824909,67.67999999999999,-0.36,1.0,0.10162663655506066,22.075,0.0,6.415103,-89.28309,0.6,0.0,0.5
0.4556475360835545,-0.015636787322809605,0.5005022340335775,70.38,-0.36,1.0,0.010071108127071682,22.080000000000002,0.0,7.446754,-101.7277,0.6,0.0,0.5
0.46037126354688185,-0.013240043767230432,0.5004842338573998,72.89999999999999,-0.36,1.0,-0.035706656086922806,22.085,0.0,7.446754,-101.7277,0.6,0.0,0.5
0.4656815725852959,0.00045958385805188747,0.5003142975509413,75.24,-0.36,1.0,0.26947843867304044,22.09,0.0,7.446754,-101.7277,0.6,0.0,0.5
0.46987854958085795,-0.0031878542367747777,0.5002673470455198,77.22,-0.36,1.0,0.2542191839350423,22.095,0.0,7.446754,-101.7277,0.6,0.0,0.5
0.47364982081793083,0.0238568609023174,0.5002820241327138,79.02,-0.36,1.0,0.04058961760306801,22.1,0.0,7.690897,-107.44789,0.6,0.0,0.5
0.47792973934018546,0.048145117902244905,0.5000188929605379,80.28,-0.36,1.0,-0.020447401348924643,22.105,0.0,7.690897,-107.44789,0.6,0.0,0.5
0.48042898998483563,0.06755773883868083,0.5005255813644383,81.0,-0.36,1.0,0.34577471236303126,22.11,0.0,7.690897,-107.44789,0.6,0.0,0.5
0.4827972603668876,0.08443448945283183,0.5005950873940391,81.36,-0.36,1.0,0.14740440076905514,22.115000000000002,0.0,7.690897,-107.44789,0.6,0.0,0.5
0.4843346740073117,0.09910834677237304,0.500716677511518,81.36,-0.36,1.0,-0.035706656086922806,22.12,0.0,7.0997496,-88.584465,0.6,0.0,0.5
0.4851711514015792,0.09855427751990309,0.5009011701969676,81.0,-0.36,1.0,-0.1577806939909081,22.125,0.0,7.0997496,-88.584465,0.6,0.0,0.5
0.48635885487329883,0.09323484008323873,0.5005502263375794,80.1,-0.36,1.0,0.3610339671010294,22.13,0.0,7.0997496,-88.584465,0.6,0.0,0.5
0.48786832499760546,0.10812966363099674,0.5002485350815936,79.02,-0.36,1.0,0.025330362865069844,22.135,0.0,7.0997496,-88.584465,0.6,0.0,0.5
0.48892742828011426,0.11001214896186322,0.500663384650959,77.75999999999999,-0.36,1.0,0.2542191839350423,22.14,0.0,7.1551137,-84.00066,0.6,0.0,0.5
0.4908305877321378,0.10887823157540684,0.5002996506350104,76.32,-0.36,1.0,-0.18829920346690443,22.145,0.0,7.1551137,-84.00066,0.6,0.0,0.5
0.4928023350390518,0.10553445817912457,0.5002077948402511,74.7,-0.36,1.0,-0.005188146610926481,22.150000000000002,0.0,7.1551137,-84.00066,0.6,0.0,0.5
0.4946245867558064,0.09576591401719219,0.500488135435091,73.25999999999999,-0.36,1.0,0.10162663655506066,22.155,0.0,7.1551137,-84.00066,0.6,0.0,0.5
0.4970272935567186,0.08995962445295701,0.5001366650246443,71.64,-0.36,1.0,-0.020447401348924643,22.16,0.0,7.9655657,-95.36271,0.6,0.0,0.5
0.4989504205980033,0.06868622920812421,0.500252294151411,70.02,-0.36,1.0,0.0863673818170625,22.165,0.0,7.9655657,-95.36271,0.6,0.0,0.5
0.5012082734261626,0.06753076978888646,0.500425439696737,68.58,-0.36,1.0,0.14740440076905514,22.17,0.0,7.9655657,-95.36271,0.6,0.0,0.5
0.5033183913569206,0.045433784842257255,0.5005807475199988,67.14,-0.36,1.0,0.05584887234106617,22.175,0.0,7.9655657,-95.36271,0.6,0.0,0.5
0.5050705573438798,0.0334862664602243,0.5009672106307034,65.7,-0.36,1.0,0.0863673818170625,22.18,0.0,8.013879,-93.71547,0.6,0.0,0.5
0.5077015712904446,0.04724393240857875,0.5012808505631839,64.44,-0.36,1.0,0.14740440076905514,22.185,0.0,8.013879,-93.71547,0.6,0.0,0.5
0.5093723063032634,0.039987534368544686,0.5020486783824326,63.18,-0.54,1.0,-0.005188146610926481,22.19,0.0,8.013879,-93.71547,0.6,0.0,0.5
0.511390086685804,0.0406969618323271,0.5023314615930833,62.28,-0.54,1.0,-0.05096591082492097,22.195,0.0,8.013879,-93.71547,0.6,0.0,0.5
0.513460424126451,0.0416868722047491,0.5027499788580927,61.379999999999995,-0.54,1.0,0.010071108127071682,22.2,0.0,7.0052977,-100.11655,0.6,0.0,0.5
0.5151506574913431,0.015181621977533097,0.5030230506139256,60.66,-0.54,1.0,0.04058961760306801,22.205000000000002,0.0,7.0052977,-100.11655,0.6,0.0,0.5
0.5164568939589277,0.011747364676989447,0.5034506783279512,60.3,-0.54,1.0,0.11688589129305882,22.21,0.0,7.0052977,-100.11655,0.6,0.0,0.5
0.5181225332730955,9.009144044437553e-05,0.5034364671254641,59.94,-0.54,1.0,-0.11200292977691362,22.215,0.0,7.0052977,-100.11655,0.6,0.0,0.5
0.5196067610092936,0.00953190403356997,0.5034434965553459,59.94,-0.54,1.0,-0.05096591082492097,22.22,0.0,5.5999765,-96.46921,0.6,0.0,0.5
0.5198541610686548,0.0041153255048326535,0.5041700990678555,59.94,-0.54,1.0,0.1626636555070533,22.225,0.0,5.5999765,-96.46921,0.6,0.0,0.5
0.5205254627222361,-0.00914794652398324,0.5042815490351271,60.12,-0.54,1.0,0.05584887234106617,22.23,0.0,5.5999765,-96.46921,0.6,0.0,0.5
0.5203781433967605,-0.011020077241967206,0.5049481915186472,60.48,-0.54,1.0,0.11688589129305882,22.235,0.0,5.5999765,-96.46921,0.6,0.0,0.5
0.5198348446323516,-0.013944792866891478,0.505620041682236,61.019999999999996,-0.54,1.0,0.0863673818170625,22.240000000000002,0.0,1.5915105,-79.745605,0.6,0.0,0.5
0.519440731262971,-0.015236626458529074,0.5059974328243941,61.559999999999995,-0.54,1.0,0.0863673818170625,22.245,0.0,1.5915105,-79.745605,0.6,0.0,0.5
0.5198023645722696,-0.010832261644108346,0.5056840637306573,62.099999999999994,-0.36,1.0,-0.14252143925290994,22.25,0.0,1.5915105,-79.745605,0.6,0.0,0.5
0.5198806283170112,-0.006489591255044623,0.5055035246576073,62.82,-0.36,1.0,0.17792291024505147,22.255,0.0,1.5915105,-79.745605,0.6,0.0,0.5
0.5201870972577904,-0.00018943009429757567,0.5050357262399744,63.54,-0.36,1.0,-0.11200292977691362,22.26,0.0,-8.048553,-97.622826,0.0,0.0,0.5
0.5199589627201426,0.0072943061025329565,0.5049796389315632,64.25999999999999,-0.36,1.0,0.1626636555070533,22.265,0.0,-8.048553,-97.622826,0.0,0.0,0.5
0.5202548463627568,-0.004406301608473436,0.5044960598702891,65.16,-0.36,1.0,0.05584887234106617,22.27,0.0,-8.048553,-97.622826,0.0,0.0,0.5
0.52019913116316,-0.002323848608795877,0.5044115374552786,65.88,-0.36,1.0,0.2084414197210478,22.275000000000002,0.0,-8.048553,-97.622826,0.0,0.0,0.5
0.5202941075015054,-0.004227975608484542,0.5043556583939854,66.78,-0.36,1.0,-0.17303994872890627,22.28,0.0,-7.6484613,-61.90064,0.0,0.0,0.5
0.5204458015178725,-0.02077637536081766,0.5043463317600692,67.5,-0.36,1.0,0.025330362865069844,22.285,0.0,-7.6484613,-61.90064,0.0,0.0,0.5
0.520525364483526,-0.014492864754328321,0.5042899768244073,68.22,-0.36,1.0,-0.06622516556291913,22.29,0.0,-7.6484613,-61.90064,0.0,0.0,0.5
0.520670141419768,-0.003979558858659757,0.5045110402934587,68.94,-0.36,1.0,0.05584887234106617,22.295,0.0,-7.6484613,-61.90064,0.0,0.0,0.5
0.5213259598949742,-0.00442414406696721,0.5042270591693038,69.66,-0.36,1.0,0.14740440076905514,22.3,0.0,-8.14126,92.451706,0.0,0.6,0.5
0.5220093016734839,-0.000157088647236601,0.5038345718145013,70.2,-0.36,1.0,0.23895992919704412,22.305,0.0,-8.14126,92.451706,0.0,0.6,0.5
0.5224733278904925,-0.005698242459608003,0.5036197039513589,70.74,-0.36,1.0,-0.005188146610926481,22.31,0.0,-8.14126,92.451706,0.0,0.6,0.5
0.5241977793534633,-0.00923173622272029,0.5027164799976213,71.28,-0.36,1.0,0.025330362865069844,22.315,0.0,-8.14126,92.451706,0.0,0.6,0.5
0.524723787139985,0.00029325516021529684,0.502727630509032,71.64,-0.36,1.0,-0.09674367503891546,22.32,0.0,-8.35329,99.75322,0.0,0.6,0.5
0.5248016034431181,-0.0041158488681443004,0.5028992642145004,71.82,-0.36,1.0,0.29999694814903677,22.325,0.0,-8.35329,99.75322,0.0,0.6,0.5
0.5253567316336802,-0.00596815080991843,0.5028451303139777,71.82,-0.36,1.0,0.025330362865069844,22.330000000000002,0.0,-8.35329,99.75322,0.0,0.6,0.5
0.5256371256411188,-0.0073770705493969605,0.5028188557261126,71.82,-0.36,1.0,0.2542191839350423,22.335,0.0,-8.35329,99.75322,0.0,0.6,0.5
0.5267678586200043,0.0017380642048715703,0.5021323433472419,71.82,-0.36,1.0,0.1626636555070533,22.34,0.0,-8.194849,98.55197,0.0,0.6,0.5
0.5271620588547765,0.002049874628315275,0.502099136349777,71.64,-0.36,1.0,0.22370067445904596,22.345,0.0,-8.194849,98.55197,0.0,0.6,0.5
0.5279451689068624,-0.002340380331226607,0.5018333687042613,71.64,-0.36,1.0,-0.1577806939909081,22.35,0.0,-8.194849,98.55197,0.0,0.6,0.5
0.5276790970069971,-0.008808604456116864,0.5016293546626921,71.46,-0.36,1.0,0.34577471236303126,22.355,0.0,-8.194849,98.55197,0.0,0.6,0.5
0.5251579807927726,-0.007647416817581668,0.5020273745243266,71.28,-0.36,1.0,0.07110812707906433,22.36,0.0,-8.101461,92.74802,0.0,0.6,0.5
0.5234786514840679,-0.0027051322419740817,0.5020577304145478,71.1,-0.36,1.0,0.10162663655506066,22.365000000000002,0.0,-8.101461,92.74802,0.0,0.6,0.5
0.5193960127845743,-0.005972463938271313,0.5020079056990533,71.1,-0.36,1.0,-0.11200292977691362,22.37,0.0,-8.101461,92.74802,0.0,0.6,0.5
0.5069778386981448,-0.0006055390675442563,0.5013193634832811,70.92,-0.36,1.0,0.025330362865069844,22.375,0.0,-8.101461,92.74802,0.0,0.6,0.5
0.48044367606002836,-0.008472707056544551,0.5017662637744449,70.74,-0.36,1.0,-0.06622516556291913,22.38,0.010411434398788333,-7.99568,80.8311,0.0,0.6,0.5
0.449251806244947,-0.002545822540848971,0.5014868054365142,70.38,-0.36,1.0,0.4068117313150239,22.385,0.010411434398788333,-7.99568,80.8311,0.0,0.6,0.5
0.41500615832736865,-0.008189482053272037,0.5013277643696679,70.02,-0.36,1.0,-0.08148442030091729,22.39,0.010411434398788333,-7.99568,80.8311,0.0,0.6,0.5
0.38149907244714687,-0.0013477489215057948,0.5013172837113111,69.66,-0.36,1.0,-0.020447401348924643,22.395,0.010411434398788333,-7.99568,80.8311,0.0,0.6,0.5
0.3482253198281506,0.018922414222081886,0.5013080721289945,69.12,-0.36,1.0,0.2084414197210478,22.400000000000002,0.10120768880190988,-7.6763315,-44.33058,0.0,0.0,0.5
0.3165613687970877,0.03235032466160362,0.5016569229212221,68.39999999999999,-0.36,1.0,0.2542191839350423,22.405,0.10120768880190988,-7.6763315,-44.33058,0.0,0.0,0.5
0.28688066643674226,0.050708818043867385,0.5014807943313381,67.67999999999999,-0.36,1.0,0.07110812707906433,22.41,0.10120768880190988,-7.6763315,-44.33058,0.0,0.0,0.5
0.2583041621148994,0.08629571980222846,0.5018769516195097,66.96,-0.36,1.0,0.07110812707906433,22.415,0.10120768880190988,-7.6763315,-44.33058,0.0,0.0,0.5
0.2319108617946826,0.10333021405240171,0.501837572313878,66.06,-0.36,1.0,0.07110812707906433,22.42,0.5187617889310399,-7.807228,-4.621178,0.0,0.0,0.5
0.20758784895912605,0.1209480231002279,0.5017938489374646,65.16,-0.36,1.0,0.0863673818170625,22.425,0.5187617889310399,-7.807228,-4.621178,0.0,0.0,0.5
0.18446305338757674,0.14000397849737795,0.5020988734895654,63.9,-0.36,1.0,-0.035706656086922806,22.43,0.5187617889310399,-7.807228,-4.621178,0.0,0.0,0.5
0.1638032365927122,0.1458043130893274,0.5021892881972462,62.82,-0.36,1.0,0.10162663655506066,22.435,0.5187617889310399,-7.807228,-4.621178,0.0,0.0,0.5
0.14410895077199284,0.16271619689605532,0.5022655874230483,61.559999999999995,-0.36,1.0,0.17792291024505147,22.44,1.4020838365104167,-7.7541203,80.0173,0.0,0.6,0.5
0.1295767490274712,0.17892622101731948,0.502358664516441,60.12,-0.36,1.0,0.05584887234106617,22.445,1.4020838365104167,-7.7541203,80.0173,0.0,0.6,0.5
0.11106075266671948,0.19547468724909692,0.5025848001141556,58.68,-0.36,1.0,-0.2035584582049026,22.45,1.4020838365104167,-7.7541203,80.0173,0.0,0.6,0.5
0.09285193068686247,0.21703754757321567,0.5027069185266316,57.059999999999995,-0.36,1.0,0.07110812707906433,22.455000000000002,1.4020838365104167,-7.7541203,80.0173,0.0,0.6,0.5
0.08396023691140382,0.23704920041667138,0.5029739476591496,55.26,-0.36,1.0,0.010071108127071682,22.46,1.9981657830567603,-8.001992,84.89417,0.0,0.6,0.5
0.07356588664471664,0.2534529277228565,0.5031416388145692,53.46,-0.36,1.0,0.31525620288703493,22.465,1.9981657830567603,-8.001992,84.89417,0.0,0.6,0.5
0.06619808433501233,0.25873922798579285,0.5030990246513429,51.48,-0.36,1.0,-0.2035584582049026,22.47,1.9981657830567603,-8.001992,84.89417,0.0,0.6,0.5
0.04978943522561004,0.2864180331666326,0.5033400881055878,49.5,-0.36,1.0,0.14740440076905514,22.475,1.9981657830567603,-8.001992,84.89417,0.0,0.6,0.5
0.04336177536515217,0.2955474999384863,0.5033285234806584,47.339999999999996,-0.36,1.0,-0.31037324137088973,22.48,1.5015527178577077,-8.260076,82.210495,0.0,0.6,0.5
0.040356647385901286,0.3056491028138591,0.503389223754164,45.0,-0.36,1.0,0.2084414197210478,22.485,1.5015527178577077,-8.260076,82.210495,0.0,0.6,0.5
0.04966383291900863,0.29485170696604646,0.5032884749658046,42.66,-0.36,1.0,-0.17303994872890627,22.490000000000002,1.5015527178577077,-8.260076,82.210495,0.0,0.6,0.5
0.032092875190899976,0.30099658396724016,0.5035036946508891,40.32,-0.36,1.0,0.29999694814903677,22.495,1.5015527178577077,-8.260076,82.210495,0.0,0.6,0.5
0.020816013295773393,0.30362029395205387,0.5039318303224233,37.8,-0.36,1.0,-0.05096591082492097,22.5,0.5949783769362191,-7.7328587,-81.16218,0.0,0.0,0.5
0.01957769333145213,0.2882803079244711,0.5037676733897642,35.28,-0.36,1.0,0.04058961760306801,22.505,0.5949783769362191,-7.7328587,-81.16218,0.0,0.0,0.5
0.00798092859514208,0.28514401496858,0.5038289795971942,32.58,-0.36,1.0,0.04058961760306801,22.51,0.5949783769362191,-7.7328587,-81.16218,0.0,0.0,0.5
0.0042824606899077725,0.2635676413779222,0.5037698336093519,29.88,-0.36,1.0,0.17792291024505147,22.515,0.5949783769362191,-7.7328587,-81.16218,0.0,0.0,0.5
3.6123454171305405e-06,0.2515687769314063,0.503735952228015,27.18,-0.36,1.0,-0.1577806939909081,22.52,0.701853504977556,-0.57180005,-103.755196,0.12845998406410217,0.0,0.5
-0.001321458288053506,0.2438018121923105,0.5038308134660033,24.3,-0.36,1.0,0.10162663655506066,22.525000000000002,0.701853504977556,-0.57180005,-103.755196,0.12845998406410217,0.0,0.5
0.003582055372564826,0.24518266308213937,0.5037485426082854,21.419999999999998,-0.36,1.0,-0.17303994872890627,22.53,0.701853504977556,-0.57180005,-103.755196,0.12845998406410217,0.0,0.5
-0.004785248471819715,0.24687413428671365,0.5034304344582606,18.54,-0.36,1.0,0.10162663655506066,22.535,0.701853504977556,-0.57180005,-103.755196,0.12845998406410217,0.0,0.5
0.008856114893799208,0.2561528461242538,0.5034529436033158,15.479999999999999,-0.36,1.0,-0.020447401348924643,22.54,1.6220981856669934,5.909356,-108.8169,0.6,0.0,0.5
-0.006705609099306725,0.2512386528011081,0.5035515266327373,12.42,-0.36,1.0,0.07110812707906433,22.545,1.6220981856669934,5.909356,-108.8169,0.6,0.0,0.5
-0.012792039878547466,0.2710273253589224,0.5029619934806681,9.18,-0.36,1.0,0.23895992919704412,22.55,1.6220981856669934,5.909356,-108.8169,0.6,0.0,0.5
0.00039418701648429526,0.2872823938560882,0.5028357961543203,5.9399999999999995,-0.36,1.0,3.0008850367748234,22.555,1.6220981856669934,5.909356,-108.8169,0.6,0.0,0.5
-0.00564130546520835,0.295652270194781,0.5030133783314998,3.06,4.859999999999999,1.0,3.8401440473647224,22.56,1.9767845385955631,5.953191,-102.2443,0.6,0.0,0.5
-0.004664358973565836,0.30682651930900207,0.5061293193391303,1.26,7.739999999999999,1.0,2.0700704977568805,22.565,1.9767845385955631,5.953191,-102.2443,0.6,0.0,0.5
-0.007606352197087616,0.3253401967305637,0.5079127486133196,0.54,7.199999999999999,1.0,4.069032868434695,22.57,1.9767845385955631,5.953191,-102.2443,0.6,0.0,0.5
-0.008132403053027716,0.3424450034452467,0.509472871126317,0.72,7.56,1.0,1.4902188177129503,22.575,1.9767845385955631,5.953191,-102.2443,0.6,0.0,0.5
-0.002652387797957062,0.36252585219016087,0.5105701020094628,1.98,5.58,1.0,0.23895992919704412,22.580000000000002,1.2702612918173073,3.7614357,-87.70712,0.6,0.0,0.5
-0.001219669040901451,0.36188248311396287,0.5084539933000259,3.78,3.06,1.0,3.0924405652028124,22.585,1.2702612918173073,3.7614357,-87.70712,0.6,0.0,0.5
-0.006497086661033221,0.3549461262063672,0.5069846732221992,5.9399999999999995,0.18,1.0,0.9103671376690201,22.59,1.2702612918173073,3.7614357,-87.70712,0.6,0.0,0.5
-0.008645626130129364,0.36009847546097923,0.5048328752047555,6.84,-0.36,1.0,-0.05096591082492097,22.595,1.2702612918173073,3.7614357,-87.70712,0.6,0.0,0.5
-0.006447697583938057,0.36020869601150257,0.5025258163153442,8.1,0.54,1.0,-1.0122989593188052,22.6,0.4304060074350653,4.3486423,-74.72529,0.6,0.0,0.5
-0.004567818158778944,0.36097427988497377,0.5017976667460631,9.36,0.0,1.0,-0.020447401348924643,22.605,0.4304060074350653,4.3486423,-74.72529,0.6,0.0,0.5
-0.006924718900142445,0.3421472867298458,0.5015256327045483,10.26,-0.54,1.0,0.14740440076905514,22.61,0.4304060074350653,4.3486423,-74.72529,0.6,0.0,0.5
-0.010624975905271465,0.32546676690859827,0.5006900863011263,11.16,-0.36,1.0,0.5594042786950055,22.615000000000002,0.4304060074350653,4.3486423,-74.72529,0.6,0.0,0.5
-0.005103291443977983,0.3030339581543509,0.5005151002999191,11.879999999999999,-0.36,1.0,-0.29511398663289157,22.62,0.07689801267591288,2.9898193,-96.51229,0.6,0.0,0.5
0.000320893276183015,0.2742647825938928,0.5003926354217365,12.6,-0.36,1.0,-0.09674367503891546,22.625,0.07689801267591288,2.9898193,-96.51229,0.6,0.0,0.5
0.022313017322199064,0.24918711184008993,0.5000456110616586,13.32,-0.36,1.0,0.05584887234106617,22.63,0.07689801267591288,2.9898193,-96.51229,0.6,0.0,0.5
0.040305412863089245,0.2207291315551558,0.5001143118699086,13.86,-0.36,1.0,0.29999694814903677,22.635,0.07689801267591288,2.9898193,-96.51229,0.6,0.0,0.5
0.0535288948544288,0.1922121983878993,0.500146229301624,14.219999999999999,-0.36,1.0,-0.035706656086922806,22.64,0.007244416975602714,3.9621463,-61.038517,0.6,0.0,0.5
0.06078022244868196,0.17767366330702405,0.4997344600571712,14.58,-0.36,1.0,0.22370067445904596,22.645,0.007244416975602714,3.9621463,-61.038517,0.6,0.0,0.5
0.09946894614443846,0.15906364350494331,0.49938281808297613,14.94,-0.36,1.0,-0.035706656086922806,22.650000000000002,0.007244416975602714,3.9621463,-61.038517,0.6,0.0,0.5
0.113816711917335,0.13831086203460546,0.4993059915526516,15.299999999999999,-0.36,1.0,0.43733024079102023,22.655,0.007244416975602714,3.9621463,-61.038517,0.6,0.0,0.5
0.13166254392898158,0.13103330310366687,0.499394718481696,15.479999999999999,-0.36,1.0,-0.11200292977691362,22.66,0.0,4.1572776,-90.61277,0.6,0.0,0.5
0.1539760853696111,0.11348984936642671,0.4993314548506662,15.479999999999999,-0.36,1.0,0.0863673818170625,22.665,0.0,4.1572776,-90.61277,0.6,0.0,0.5
0.1730411896432791,0.10517873314005183,0.49925233830673793,15.66,-0.36,1.0,0.010071108127071682,22.67,0.0,4.1572776,-90.61277,0.6,0.0,0.5
0.1874811622192539,0.08763355977510787,0.4995603107106574,15.84,-0.36,1.0,0.025330362865069844,22.675,0.0,4.1572776,-90.61277,0.6,0.0,0.5
0.20749929322816818,0.08644900693982087,0.4992731744299638,16.02,-0.36,1.0,-0.14252143925290994,22.68,0.0,1.2874295,-37.972477,0.6,0.0,0.5
0.22581251692829826,0.07302573132094456,0.4990765038170939,16.38,-0.36,1.0,0.14740440076905514,22.685,0.0,1.2874295,-37.972477,0.6,0.0,0.5
0.23962934195304744,0.052148729293551924,0.49946643428880766,16.56,-0.36,1.0,-0.18829920346690443,22.69,0.0,1.2874295,-37.972477,0.6,0.0,0.5
0.25626607326471634,0.04450961705867872,0.4995128034467924,16.919999999999998,-0.54,1.0,0.0863673818170625,22.695,0.0,1.2874295,-37.972477,0.6,0.0,0.5
0.2742095193755739,0.04497747820735122,0.49946922538450816,17.46,-0.54,1.0,0.025330362865069844,22.7,0.0,0.52788836,-19.129627,0.4583665072917938,0.0,0.5
0.2875895604889474,0.04175152302657819,0.4992315266669444,18.18,-0.54,1.0,0.26947843867304044,22.705000000000002,0.0,0.52788836,-19.129627,0.4583665072917938,0.0,0.5
0.3026788667693831,0.041128087231451414,0.49954469970571935,19.08,-0.54,1.0,0.22370067445904596,22.71,0.0,0.52788836,-19.129627,0.4583665072917938,0.0,0.5
0.3182684458484006,0.047042385122881655,0.49963985658368737,19.98,-0.54,1.0,0.05584887234106617,22.715,0.0,0.52788836,-19.129627,0.4583665072917938,0.0,0.5
0.3298989699691301,0.021962509802483918,0.5000115644306272,21.24,-0.54,1.0,-0.05096591082492097,22.72,0.0,1.2582151,-15.312082,0.6,0.0,0.5
0.34158202438966967,-0.004685711586181988,0.5002807970787244,22.5,-0.54,1.0,0.34577471236303126,22.725,0.0,1.2582151,-15.312082,0.6,0.0,0.5
0.35550948055631204,0.0031711650349477223,0.5004440587749416,24.119999999999997,-0.54,1.0,0.07110812707906433,22.73,0.0,1.2582151,-15.312082,0.6,0.0,0.5
0.36642527635799804,-0.008803832625514006,0.500485054531099,25.919999999999998,-0.54,1.0,-0.08148442030091729,22.735,0.0,1.2582151,-15.312082,0.6,0.0,0.5
0.37652745803382054,0.003767284045298279,0.5004766218063051,27.9,-0.54,1.0,-0.11200292977691362,22.740000000000002,0.0,1.298879,9.177776,0.6,0.6,0.5
0.387166276943849,0.0008074167972790364,0.500846693485145,30.06,-0.54,1.0,0.05584887234106617,22.745,0.0,1.298879,9.177776,0.6,0.6,0.5
0.3960601404592918,0.004681744764633264,0.5008175983174848,32.4,-0.54,1.0,0.07110812707906433,22.75,0.0,1.298879,9.177776,0.6,0.6,0.5
0.40287359550823887,-0.01839855806412976,0.5014285643702604,34.74,-0.54,1.0,0.19318216498304963,22.755,0.0,1.298879,9.177776,0.6,0.6,0.5
0.41080154648981787,-0.014559438531206755,0.5019760520594398,37.44,-0.54,1.0,-0.06622516556291913,22.76,0.0,0.31380522,-18.164919,0.39414156675338746,0.0,0.5
0.4186022084369939,-0.009289611913133999,0.5011505427831848,40.14,-0.54,1.0,0.05584887234106617,22.765,0.0,0.31380522,-18.164919,0.39414156675338746,0.0,0.5
0.42435661308849537,0.0061302348115889905,0.5011057519239338,42.839999999999996,-0.54,1.0,0.2084414197210478,22.77,0.0,0.31380522,-18.164919,0.39414156675338746,0.0,0.5
0.43057759661765965,0.0076314342756457305,0.5012283969697231,45.72,-0.54,1.0,0.10162663655506066,22.775000000000002,0.0,0.31380522,-18.164919,0.39414156675338746,0.0,0.5
0.43614458959111024,0.008738565281787652,0.5012758908872341,48.6,-0.54,1.0,-0.020447401348924643,22.78,0.0,1.9940451,20.003288,0.6,0.6,0.5
0.4403207879419453,0.0003760570966437982,0.5017157515744916,51.48,-0.36,1.0,-0.020447401348924643,22.785,0.0,1.9940451,20.003288,0.6,0.6,0.5
0.4436384377797161,-0.006788621005542375,0.5021228351421249,54.36,-0.36,1.0,-0.11200292977691362,22.79,0.0,1.9940451,20.003288,0.6,0.6,0.5
0.44621026790270557,-0.007381361848600072,0.5024144506805733,57.239999999999995,-0.36,1.0,0.0863673818170625,22.795,0.0,1.9940451,20.003288,0.6,0.6,0.5
0.4482009651247534,-0.016439171445964774,0.5026550448233094,60.12,-0.36,1.0,0.19318216498304963,22.8,0.0,1.6313188,-13.24262,0.6,0.0,0.5
0.452022027506489,-0.014149856172256668,0.5023028942273109,62.82,-0.36,1.0,0.05584887234106617,22.805,0.0,1.6313188,-13.24262,0.6,0.0,0.5
0.4556515069661527,-0.009958376541369749,0.5027266470569334,65.52,-0.36,1.0,-0.2798547318948934,22.81,0.0,1.6313188,-13.24262,0.6,0.0,0.5
0.45923029262988524,-0.02139602864888921,0.5028879272472058,68.03999999999999,-0.36,1.0,0.2084414197210478,22.815,0.0,1.6313188,-13.24262,0.6,0.0,0.5
0.46447772958114425,-0.017481368121407864,0.5022249902558474,70.38,-0.36,1.0,-0.21881771294290076,22.82,0.0,2.8945527,-34.934006,0.6,0.0,0.5
0.4691639118449751,-0.006842796686388285,0.5022549451410314,72.72,-0.36,1.0,0.0863673818170625,22.825,0.0,2.8945527,-34.934006,0.6,0.0,0.5
0.4733311708173178,0.019287658879243646,0.5023354639455301,74.7,-0.36,1.0,0.07110812707906433,22.830000000000002,0.0,2.8945527,-34.934006,0.6,0.0,0.5
0.47724090447930123,0.023824012139799382,0.50255768370931,76.5,-0.36,1.0,0.14740440076905514,22.835,0.0,2.8945527,-34.934006,0.6,0.0,0.5
0.48049456722936473,0.036463116129089375,0.5029172524270021,77.94,-0.36,1.0,-0.18829920346690443,22.84,0.0,4.397319,-49.836266,0.6,0.0,0.5
0.4833022563062248,0.06381009596706881,0.5029849400760408,78.84,-0.36,1.0,0.26947843867304044,22.845,0.0,4.397319,-49.836266,0.6,0.0,0.5
0.4840262526466766,0.08029790341317083,0.5030439593724992,79.56,-0.36,1.0,-0.005188146610926481,22.85,0.0,4.397319,-49.836266,0.6,0.0,0.5
0.4833760590169221,0.07990833181734014,0.5033405455696841,79.74,-0.36,1.0,0.07110812707906433,22.855,0.0,4.397319,-49.836266,0.6,0.0,0.5
0.48340686127982624,0.09704244893337581,0.5034984154843002,79.56,-0.36,1.0,0.04058961760306801,22.86,0.0,4.9052124,-65.71894,0.6,0.0,0.5
0.4833864148009772,0.09248920208871166,0.5033382981282079,79.2,-0.36,1.0,-0.11200292977691362,22.865000000000002,0.0,4.9052124,-65.71894,0.6,0.0,0.5
0.48297193192335863,0.10164182477680753,0.503568259845569,78.3,-0.36,1.0,0.10162663655506066,22.87,0.0,4.9052124,-65.71894,0.6,0.0,0.5
0.4832688188055062,0.11472679763517807,0.5033375050931039,77.22,-0.36,1.0,0.010071108127071682,22.875,0.0,4.9052124,-65.71894,0.6,0.0,0.5
0.48321694012637884,0.12073589048571073,0.5034211615726795,75.78,-0.36,1.0,0.17792291024505147,22.88,0.0,4.4088845,-38.535557,0.6,0.0,0.5
0.48389430671240025,0.14345519416865307,0.5034798787141725,74.16,-0.36,1.0,-0.1577806939909081,22.885,0.0,4.4088845,-38.535557,0.6,0.0,0.5
0.4849301662823335,0.17303736135842465,0.5030649130063527,72.36,-0.36,1.0,-0.06622516556291913,22.89,0.0,4.4088845,-38.535557,0.6,0.0,0.5
0.4853362621347669,0.1935754461970947,0.503328661606644,70.38,-0.36,1.0,-0.08148442030091729,22.895,0.0,4.4088845,-38.535557,0.6,0.0,0.5
0.4866714737945469,0.19158538294091718,0.5033856995542827,68.39999999999999,-0.36,1.0,-0.05096591082492097,22.900000000000002,0.0,1.967718,-12.44372,0.6,0.0,0.5
0.48834613373901753,0.1931417228646429,0.5033630724790379,66.42,-0.36,1.0,-0.06622516556291913,22.905,0.0,1.967718,-12.44372,0.6,0.0,0.5
0.4899743672261129,0.19200697682731463,0.5032807502674392,64.44,-0.36,1.0,-0.05096591082492097,22.91,0.0,1.967718,-12.44372,0.6,0.0,0.5
0.4917749483100187,0.1832125882321274,0.5033575762393977,62.64,-0.36,1.0,-0.14252143925290994,22.915,0.0,1.967718,-12.44372,0.6,0.0,0.5
0.4937368512198312,0.1835111192982502,0.5035584780281612,60.839999999999996,-0.54,1.0,0.29999694814903677,22.92,0.0,2.3859103,-61.30626,0.6,0.0,0.5
0.4953635159081039,0.1790010399182581,0.5038276860881999,59.22,-0.54,1.0,-0.005188146610926481,22.925,0.0,2.3859103,-61.30626,0.6,0.0,0.5
0.4972969729330886,0.15978935490028606,0.504027928565564,57.599999999999994,-0.54,1.0,0.17792291024505147,22.93,0.0,2.3859103,-61.30626,0.6,0.0,0.5
0.4994586503584416,0.13027767053769088,0.5044199467167555,56.339999999999996,-0.54,1.0,0.2084414197210478,22.935,0.0,2.3859103,-61.30626,0.6,0.0,0.5
0.5016395938748213,0.10001785096685609,0.5044409372512947,55.26,-0.54,1.0,0.2542191839350423,22.94,0.0,3.6777432,-73.196724,0.6,0.0,0.5
0.5039176189554528,0.10461165979382807,0.5041983406498101,54.54,-0.54,1.0,-0.035706656086922806,22.945,0.0,3.6777432,-73.196724,0.6,0.0,0.5
0.5058826611868287,0.08194802120547022,0.5044787011904182,54.0,-0.54,1.0,0.11688589129305882,22.95,0.0,3.6777432,-73.196724,0.6,0.0,0.5
0.5069108782428102,0.08225422084391923,0.504808834555795,53.64,-0.54,1.0,0.14740440076905514,22.955000000000002,0.0,3.6777432,-73.196724,0.6,0.0,0.5
0.5081040503659686,0.07761245183807937,0.5047517600221281,53.64,-0.54,1.0,-0.005188146610926481,22.96,0.0,4.5726366,-72.448006,0.6,0.0,0.5
0.5093780071894464,0.08146594724466133,0.5047192025248486,54.0,-0.54,1.0,-0.18829920346690443,22.965,0.0,4.5726366,-72.448006,0.6,0.0,0.5
0.5097839197826887,0.04513421597905147,0.5051158343028409,54.36,-0.54,1.0,0.11688589129305882,22.97,0.0,4.5726366,-72.448006,0.6,0.0,0.5
0.5100953034812216,0.04035316734032519,0.5052542209113003,54.9,-0.54,1.0,0.11688589129305882,22.975,0.0,4.5726366,-72.448006,0.6,0.0,0.5
0.5110718830953799,0.03569701313201195,0.5048480244383702,55.62,-0.54,1.0,-0.035706656086922806,22.98,0.0,5.5023556,-66.05117,0.6,0.0,0.5
0.5117256112207612,0.023162164066267005,0.50433131853547,56.519999999999996,-0.54,1.0,-0.005188146610926481,22.985,0.0,5.5023556,-66.05117,0.6,0.0,0.5
0.5116348862457384,0.014709490552833953,0.5043783627106727,57.599999999999994,-0.54,1.0,0.025330362865069844,22.990000000000002,0.0,5.5023556,-66.05117,0.6,0.0,0.5
0.5112265714788646,0.004305571855131175,0.5047153370525933,58.68,-0.54,1.0,-0.11200292977691362,22.995,0.0,5.5023556,-66.05117,0.6,0.0,0.5
0.5118933753268667,-0.001988702533456248,0.5043835871815999,59.94,-0.54,1.0,0.29999694814903677,23.0,0.0,6.9331207,-81.888794,0.6,0.0,0.5
0.5121227299057065,0.001720904441696897,0.504299413596804,61.199999999999996,-0.54,1.0,0.05584887234106617,23.005,0.0,6.9331207,-81.888794,0.6,0.0,0.5
0.5125320742690656,-0.010955543693490421,0.5039780250098097,62.64,-0.54,1.0,0.07110812707906433,23.01,0.0,6.9331207,-81.888794,0.6,0.0,0.5
0.5139662156170216,-0.003652268134642005,0.5033243249560897,63.9,-0.36,1.0,-0.035706656086922806,23.015,0.0,6.9331207,-81.888794,0.6,0.0,0.5
0.514482222024788,0.007226265267577285,0.5031968385644008,65.34,-0.36,1.0,0.1626636555070533,23.02,0.0,6.1045065,-79.26938,0.6,0.0,0.5
0.5138285924361622,-0.004165594309516669,0.5039565913219997,66.6,-0.36,1.0,0.025330362865069844,23.025000000000002,0.0,6.1045065,-79.26938,0.6,0.0,0.5
0.5141388860792618,-0.012986256035970407,0.5042464642563538,67.86,-0.36,1.0,0.2084414197210478,23.03,0.0,6.1045065,-79.26938,0.6,0.0,0.5
0.5154290489927423,-0.005284404493006055,0.5037462950724231,69.12,-0.36,1.0,-0.11200292977691362,23.035,0.0,6.1045065,-79.26938,0.6,0.0,0.5
0.5159007378219351,0.00616691423098348,0.5037890723671159,70.2,-0.36,1.0,0.3305154576250331,23.04,0.0,6.5669374,-89.53605,0.6,0.0,0.5
0.5169600715051129,0.001378167876352234,0.5035073920228041,71.28,-0.36,1.0,-0.05096591082492097,23.045,0.0,6.5669374,-89.53605,0.6,0.0,0.5
0.5177836740226329,0.001321202946371338,0.5033647205448373,72.36,-0.36,1.0,0.3610339671010294,23.05,0.0,6.5669374,-89.53605,0.6,0.0,0.5
0.5187468532578404,0.003114576131678693,0.5032018976945021,73.08,-0.36,1.0,0.1626636555070533,23.055,0.0,6.5669374,-89.53605,0.6,0.0,0.5
0.5197107317362512,0.0006146275554019571,0.5029927439149435,73.8,-0.36,1.0,0.22370067445904596,23.06,0.0,7.633127,-93.88005,0.6,0.0,0.5
0.5201028887988207,-0.006170631839680857,0.5031078496659901,74.34,-0.36,1.0,-0.14252143925290994,23.065,0.0,7.633127,-93.88005,0.6,0.0,0.5
0.5205669627019541,-0.0010927149960446218,0.503272650639642,74.52,-0.36,1.0,0.26947843867304044,23.07,0.0,7.633127,-93.88005,0.6,0.0,0.5
0.521573276180339,-0.003032373497381438,0.5029368689319351,74.7,-0.36,1.0,-0.08148442030091729,23.075,0.0,7.633127,-93.88005,0.6,0.0,0.5
0.5221643645530438,-0.0019695976556506284,0.502931471697165,74.7,-0.36,1.0,0.2542191839350423,23.080000000000002,0.0,6.952639,-71.44133,0.6,0.0,0.5
0.5226313656246216,-0.011035365513807315,0.5028343326896211,74.7,-0.36,1.0,-0.17303994872890627,23.085,0.0,6.952639,-71.44133,0.6,0.0,0.5
0.5234055037915618,0.001944488073081953,0.502719483834831,74.52,-0.36,1.0,0.3762932218390276,23.09,0.0,6.952639,-71.44133,0.6,0.0,0.5
0.5237011702781892,-0.006399771816845047,0.5029146836418202,74.16,-0.36,1.0,-0.035706656086922806,23.095,0.0,6.952639,-71.44133,0.6,0.0,0.5
0.5243360805047453,-0.0039059725269521618,0.5030258058141135,73.8,-0.36,1.0,0.31525620288703493,23.1,0.0,-5.859834,67.01994,0.0,0.6,0.5
0.5253064566457674,-0.0037735522686653195,0.502886846095135,73.44,-0.36,1.0,-0.05096591082492097,23.105,0.0,-5.859834,67.01994,0.0,0.6,0.5
0.5259788513127172,-0.011899935680845424,0.5029810468443775,73.08,-0.36,1.0,0.1626636555070533,23.11,0.0,-5.859834,67.01994,0.0,0.6,0.5
0.5268231797811492,-0.006462129410453148,0.5029294477136048,72.72,-0.36,1.0,-0.09674367503891546,23.115000000000002,0.0,-5.859834,67.01994,0.0,0.6,0.5
0.5274588135541578,-0.006277306681805464,0.5029125680721818,72.53999999999999,-0.36,1.0,-0.24933622241889708,23.12,0.0,-5.621854,-32.560898,0.0,0.0,0.5
0.5277526263723439,-0.008203971972232606,0.5031032264421621,72.17999999999999,-0.36,1.0,-0.09674367503891546,23.125,0.0,-5.621854,-32.560898,0.0,0.0,0.5
0.5284464803269514,-0.0023148510193687546,0.5031149606514512,72.0,-0.36,1.0,0.11688589129305882,23.13,0.0,-5.621854,-32.560898,0.0,0.0,0.5
0.5284597953327258,-0.017457806974453562,0.5032843258773058,71.82,-0.36,1.0,0.1626636555070533,23.135,0.0,-5.621854,-32.560898,0.0,0.0,0.5
0.5286769269447762,-0.012977421465156617,0.5033936485986126,71.64,-0.36,1.0,0.23895992919704412,23.14,0.0,-6.8580704,-87.81464,0.0,0.0,0.5
0.5287169180831824,-0.007876068012655023,0.5034432210360154,71.64,-0.36,1.0,0.010071108127071682,23.145,0.0,-6.8580704,-87.81464,0.0,0.0,0.5
0.5280517762323538,-0.016487771094264747,0.5040469078721582,71.64,-0.36,1.0,0.42207098605302207,23.150000000000002,0.0,-6.8580704,-87.81464,0.0,0.0,0.5
0.5276800751553592,-0.017993115685377828,0.504522611676704,71.64,-0.36,1.0,-0.1577806939909081,23.155,0.0,-6.8580704,-87.81464,0.0,0.0,0.5
0.5280924919102852,-0.011728793776899091,0.5043524273721265,71.64,-0.36,1.0,0.19318216498304963,23.16,0.0,-7.927905,-95.76807,0.0,0.0,0.5
0.5281901780268178,-0.01626532687077555,0.5041750331760135,71.82,-0.36,1.0,-0.020447401348924643,23.165,0.0,-7.927905,-95.76807,0.0,0.0,0.5
0.5284373585196956,-0.007859068285537464,0.5039533680303109,71.82,-0.36,1.0,0.17792291024505147,23.17,0.0,-7.927905,-95.76807,0.0,0.0,0.5
0.5280658572526264,-0.01260946836044052,0.5041776803842906,71.82,-0.36,1.0,-0.06622516556291913,23.175,0.0,-7.927905,-95.76807,0.0,0.0,0.5
0.5284499723943288,-0.0012303864663427192,0.5041207504497133,72.0,-0.36,1.0,0.10162663655506066,23.18,0.0,-8.531169,87.753914,0.0,0.6,0.5
0.5269445739687126,-0.02020451462288587,0.5042721920304053,72.0,-0.36,1.0,-0.2798547318948934,23.185,0.0,-8.531169,87.753914,0.0,0.6,0.5
0.5248933416115733,0.0038502288023194147,0.5043627299320212,71.82,-0.36,1.0,0.010071108127071682,23.19,0.0,-8.531169,87.753914,0.0,0.6,0.5
0.5220742661600706,0.008471355020197666,0.5048882824806307,71.82,-0.36,1.0,-0.08148442030091729,23.195,0.0,-8.531169,87.753914,0.0,0.6,0.5
0.5168109052074462,0.009296898471165941,0.5045698477321016,71.64,-0.36,1.0,-0.035706656086922806,23.2,0.0,-8.042965,95.323,0.0,0.6,0.5
0.4983561026272246,0.01692785868471789,0.5044765713545519,71.46,-0.36,1.0,-0.11200292977691362,23.205000000000002,0.0,-8.042965,95.323,0.0,0.6,0.5
0.471305761378434,0.03383101013761942,0.504344743112817,71.28,-0.36,1.0,0.2847376934110386,23.21,0.0,-8.042965,95.323,0.0,0.6,0.5
0.4390050877011667,0.026038011135085002,0.5039898039957166,70.92,-0.36,1.0,0.025330362865069844,23.215,0.0,-8.042965,95.323,0.0,0.6,0.5
0.40597709896214784,0.04091176262061493,0.5039397232751244,70.56,-0.36,1.0,0.11688589129305882,23.22,0.0,-8.271144,97.44724,0.0,0.6,0.5
0.3725027955498984,0.023321420423644334,0.5037020652313363,70.2,-0.36,1.0,-0.09674367503891546,23.225,0.0,-8.271144,97.44724,0.0,0.6,0.5
0.3408586251140523,0.035684685422662975,0.5029729521889941,69.48,-0.36,1.0,0.04058961760306801,23.23,0.0,-8.271144,97.44724,0.0,0.6,0.5
0.3099518355789372,0.03486764370302268,0.5027708324868689,68.94,-0.36,1.0,-0.2035584582049026,23.235,0.0,-8.271144,97.44724,0.0,0.6,0.5
0.2803005562414964,0.03922731572551025,0.5029129303168657,68.22,-0.36,1.0,0.010071108127071682,23.240000000000002,0.0,-8.234519,93.3338,0.0,0.6,0.5
0.2524622395439111,0.025089555580173395,0.503009253357118,67.5,-0.36,1.0,-0.09674367503891546,23.245,0.0,-8.234519,93.3338,0.0,0.6,0.5
0.22635348195286067,0.015493513354275333,0.5029852158990574,66.6,-0.36,1.0,0.2847376934110386,23.25,0.0,-8.234519,93.3338,0.0,0.6,0.5
0.20267097555419422,0.024988803687961917,0.5025033922404856,65.7,-0.36,1.0,0.07110812707906433,23.255,0.0,-8.234519,93.3338,0.0,0.6,0.5
0.18095343633106967,0.02745743111806248,0.5021051842442454,64.62,-0.36,1.0,0.22370067445904596,23.26,0.008736162834120783,-8.017119,90.55679,0.0,0.6,0.5
0.16086225857066994,0.018522668238140392,0.5018708635376369,63.72,-0.36,1.0,0.19318216498304963,23.265,0.008736162834120783,-8.017119,90.55679,0.0,0.6,0.5
0.142530667264695,0.023452274962806264,0.5017218256549024,62.64,-0.36,1.0,0.22370067445904596,23.27,0.008736162834120783,-8.017119,90.55679,0.0,0.6,0.5
0.12623044393683044,0.03718522408296808,0.5015454051017234,61.379999999999995,-0.36,1.0,-0.020447401348924643,23.275000000000002,0.008736162834120783,-8.017119,90.55679,0.0,0.6,0.5
0.10974367462296716,0.03199080804703185,0.5015399701148355,60.12,-0.36,1.0,0.010071108127071682,23.28,0.08864725417482362,-1.9104987,-80.52908,0.0,0.0,0.5
0.0930858131730727,0.05656797624955139,0.5016222988507503,58.86,-0.36,1.0,-0.09674367503891546,23.285,0.08864725417482362,-1.9104987,-80.52908,0.0,0.0,0.5
0.08704650878122935,0.08348129600493931,0.5014943429687078,57.419999999999995,-0.36,1.0,0.11688589129305882,23.29,0.08864725417482362,-1.9104987,-80.52908,0.0,0.0,0.5
0.06784599914107077,0.09445597639244377,0.5010190090850397,55.98,-0.36,1.0,0.0863673818170625,23.295,0.08864725417482362,-1.9104987,-80.52908,0.0,0.0,0.5
0.0609424037935458,0.10965790654883427,0.5008878797950205,54.36,-0.36,1.0,0.2084414197210478,23.3,0.474309023824182,4.348812,-120.67351,0.6,0.0,0.5
0.05467620816632395,0.128766338825594,0.5005844192608623,52.919999999999995,-0.36,1.0,-0.17303994872890627,23.305,0.474309023824182,4.348812,-120.67351,0.6,0.0,0.5
0.05253658754433019,0.15113215708737035,0.5008067570644094,51.12,-0.36,1.0,0.19318216498304963,23.31,0.474309023824182,4.348812,-120.67351,0.6,0.0,0.5
0.05399808208919893,0.16180254434577557,0.5006984399183533,49.32,-0.36,1.0,-0.2798547318948934,23.315,0.474309023824182,4.348812,-120.67351,0.6,0.0,0.5
0.03482532451729643,0.18612760854782617,0.50091419407353,47.699999999999996,-0.36,1.0,0.11688589129305882,23.32,1.3381630018450288,4.5313187,-138.0854,0.6,0.0,0.5
0.03036540079899024,0.20335162028321968,0.5012181984922931,45.72,-0.36,1.0,-0.08148442030091729,23.325,1.3381630018450288,4.5313187,-138.0854,0.6,0.0,0.5
0.02308241740536556,0.2143766964085649,0.5012911676560596,43.739999999999995,-0.36,1.0,0.3610339671010294,23.330000000000002,1.3381630018450288,4.5313187,-138.0854,0.6,0.0,0.5
0.024089952294430443,0.23197181517725066,0.501355941670406,41.76,-0.36,1.0,-0.020447401348924643,23.335,1.3381630018450288,4.5313187,-138.0854,0.6,0.0,0.5
0.01618856065887612,0.2413569935788425,0.5012608196139506,39.6,-0.36,1.0,0.11688589129305882,23.34,1.9907108366122073,6.4361486,-105.833916,0.6,0.0,0.5
0.024621899712284484,0.2500312940895105,0.5014816240124721,37.44,-0.36,1.0,-0.035706656086922806,23.345,1.9907108366122073,6.4361486,-105.833916,0.6,0.0,0.5
0.022193655884908278,0.265488467402474,0.5017989227537799,35.28,-0.36,1.0,0.23895992919704412,23.35,1.9907108366122073,6.4361486,-105.833916,0.6,0.0,0.5
0.01113644332012791,0.29060839048164083,0.50199138184158,32.94,-0.36,1.0,0.22370067445904596,23.355,1.9907108366122073,6.4361486,-105.833916,0.6,0.0,0.5
-0.0012272213836962524,0.30006068052162793,0.5022719083218519,30.599999999999998,-0.36,1.0,0.23895992919704412,23.36,1.5615607147058297,4.76871,-113.083694,0.6,0.0,0.5
0.000977133525349945,0.32006942316296666,0.5025410919725103,28.08,-0.36,1.0,-0.05096591082492097,23.365000000000002,1.5615607147058297,4.76871,-113.083694,0.6,0.0,0.5
-0.007829956682558516,0.3203256817263482,0.5029868559414058,25.56,-0.36,1.0,-0.005188146610926481,23.37,1.5615607147058297,4.76871,-113.083694,0.6,0.0,0.5
-0.01428793012535982,0.3391787477930695,0.502993465561209,23.04,-0.36,1.0,0.05584887234106617,23.375,1.5615607147058297,4.76871,-113.083694,0.6,0.0,0.5
-0.014611870475282058,0.34462817990313815,0.5030364161455185,20.34,-0.36,1.0,0.23895992919704412,23.38,0.6458937769287233,-6.192686,-95.07889,0.0,0.0,0.5
-0.014730178915611318,0.34132382582453535,0.503375440409777,17.64,-0.36,1.0,-0.06622516556291913,23.385,0.6458937769287233,-6.192686,-95.07889,0.0,0.0,0.5
-0.005061828166751998,0.3518435574599443,0.5033123186737457,14.76,-0.36,1.0,0.26947843867304044,23.39,0.6458937769287233,-6.192686,-95.07889,0.0,0.0,0.5
0.0016229412445108028,0.3353888142871264,0.5032765138601424,11.879999999999999,-0.36,1.0,-0.08148442030091729,23.395,0.6458937769287233,-6.192686,-95.07889,0.0,0.0,0.5
0.011669076371546544,0.31305125483432716,0.5034072743048236,9.0,-0.36,1.0,0.1626636555070533,23.400000000000002,0.14086881373737867,1.2305468,89.52649,0.6,0.6,0.5
0.01480204270246572,0.2919754091265963,0.5034745441094161,6.12,-0.36,1.0,0.3610339671010294,23.405,0.14086881373737867,1.2305468,89.52649,0.6,0.6,0.5
0.04788405411505428,0.2768465276416917,0.5032417168926406,3.5999999999999996,4.14,1.0,4.450514236884649,23.41,0.14086881373737867,1.2305468,89.52649,0.6,0.6,0.5
0.06582206224047041,0.24638299155591717,0.5063730326253187,1.98,6.4799999999999995,1.0,1.459700308236954,23.415,0.14086881373737867,1.2305468,89.52649,0.6,0.6,0.5
0.07962604383273851,0.22256530477833886,0.5078824905010642,1.6199999999999999,5.3999999999999995,1.0,10.706808679464118,23.42,0.01620019142071847,-6.082897,72.96243,0.0,0.6,0.5
0.10039063847471796,0.19918699102096002,0.5091364724116946,2.34,5.58,1.0,0.9103671376690201,23.425,0.01620019142071847,-6.082897,72.96243,0.0,0.6,0.5
0.10715295854233163,0.18200084611006453,0.5103852433283822,3.96,3.06,1.0,0.5288857692190092,23.43,0.01620019142071847,-6.082897,72.96243,0.0,0.6,0.5
0.13118603618868782,0.17081315193924393,0.5073506864957011,6.3,-0.36,1.0,3.718070009460737,23.435,0.01620019142071847,-6.082897,72.96243,0.0,0.6,0.5
0.1433191408549551,0.15401112288855534,0.5057906631999114,7.56,-0.18,1.0,0.696737571336989,23.44,0.0009823742416634658,-6.232735,79.067894,0.0,0.6,0.5
0.1633534418901321,0.13986183088118812,0.5045455257251537,9.54,0.0,1.0,-0.17303994872890627,23.445,0.0009823742416634658,-6.232735,79.067894,0.0,0.6,0.5
0.18237544552559404,0.1324686039810057,0.5027438350210762,11.52,-0.54,1.0,-0.4782250434888695,23.45,0.0009823742416634658,-6.232735,79.067894,0.0,0.6,0.5
0.1945428058270958,0.11861287000356363,0.5026311433731697,13.139999999999999,-0.36,1.0,-0.035706656086922806,23.455000000000002,0.0009823742416634658,-6.232735,79.067894,0.0,0.6,0.5
0.201082291136039,0.09289151977009136,0.5029196394508747,14.76,-0.36,1.0,0.46784875026701656,23.46,0.0,-7.4279995,89.058105,0.0,0.6,0.5
0.2043400082839045,0.0781994674718697,0.5021523229776269,16.56,-0.36,1.0,0.19318216498304963,23.465,0.0,-7.4279995,89.058105,0.0,0.6,0.5
0.20582438341270293,0.08356487596483551,0.502000998820963,18.36,-0.36,1.0,-0.18829920346690443,23.47,0.0,-7.4279995,89.058105,0.0,0.6,0.5
0.20555741541390754,0.07044816759175158,0.5016137453820347,19.98,-0.36,1.0,-0.005188146610926481,23.475,0.0,-7.4279995,89.058105,0.0,0.6,0.5
0.20408373295171828,0.0493862414842747,0.5014209841771313,21.419999999999998,-0.36,1.0,-0.020447401348924643,23.48,0.009699191753055543,-7.95613,91.95752,0.0,0.6,0.5
0.20361770091931272,0.04530222601030294,0.5015451820982786,23.04,-0.36,1.0,-0.11200292977691362,23.485,0.009699191753055543,-7.95613,91.95752,0.0,0.6,0.5
0.20406847957532237,0.04614515643026234,0.5016493006973944,24.48,-0.36,1.0,0.010071108127071682,23.490000000000002,0.009699191753055543,-7.95613,91.95752,0.0,0.6,0.5
0.20715918072331096,0.06290948446088163,0.5015818386975621,25.919999999999998,-0.36,1.0,0.04058961760306801,23.495,0.009699191753055543,-7.95613,91.95752,0.0,0.6,0.5
0.2109118036804548,0.060962719874032366,0.5015871422256842,27.18,-0.36,1.0,0.0863673818170625,23.5,0.09594121155741586,-6.7294574,-18.180975,0.0,0.0,0.5
0.2116569519202671,0.0812824823881638,0.5012217445929766,28.259999999999998,-0.36,1.0,0.0863673818170625,23.505,0.09594121155741586,-6.7294574,-18.180975,0.0,0.0,0.5
0.21146068325588163,0.10426776541834316,0.5014225494436338,29.34,-0.36,1.0,0.025330362865069844,23.51,0.09594121155741586,-6.7294574,-18.180975,0.0,0.0,0.5
0.21190971441227063,0.10848126059752555,0.5013723309276884,30.419999999999998,-0.36,1.0,0.04058961760306801,23.515,0.09594121155741586,-6.7294574,-18.180975,0.0,0.0,0.5
0.21077406857559758,0.13152957134061158,0.5014668808631105,31.32,-0.36,1.0,0.0863673818170625,23.52,0.500410464649402,6.156313,-84.4739,0.6,0.0,0.5
0.20988312750856827,0.1461996332519587,0.5015127694870533,32.04,-0.36,1.0,0.11688589129305882,23.525000000000002,0.500410464649402,6.156313,-84.4739,0.6,0.0,0.5
0.20880951916160662,0.17752089479629035,0.5014910442750711,32.76,-0.36,1.0,-0.005188146610926481,23.53,0.500410464649402,6.156313,-84.4739,0.6,0.0,0.5
0.20360438813804674,0.1824652349035439,0.5016067185165728,33.48,-0.36,1.0,0.07110812707906433,23.535,0.500410464649402,6.156313,-84.4739,0.6,0.0,0.5
0.19324616036724845,0.193234169012187,0.5016053828126639,34.019999999999996,-0.36,1.0,0.0863673818170625,23.54,1.3762556007601525,7.7516212,-100.685074,0.6,0.0,0.5
0.17793355289418167,0.21603457173134635,0.5016324361290577,34.56,-0.36,1.0,0.0863673818170625,23.545,1.3762556007601525,7.7516212,-100.685074,0.6,0.0,0.5
0.16112283784630638,0.2317688531416134,0.5019404676368012,34.92,-0.36,1.0,0.04058961760306801,23.55,1.3762556007601525,7.7516212,-100.685074,0.6,0.0,0.5
0.14380917812867916,0.2458613522822099,0.5018623455647749,35.28,-0.36,1.0,-0.005188146610926481,23.555,1.3762556007601525,7.7516212,-100.685074,0.6,0.0,0.5
0.1265393760083165,0.2707552685449448,0.5020365222786696,35.46,-0.36,1.0,-0.020447401348924643,23.56,1.9958290846564113,7.9532027,-107.97126,0.6,0.0,0.5
0.1061866827927962,0.2779110556311705,0.5024620463760353,35.46,-0.36,1.0,0.11688589129305882,23.565,1.9958290846564113,7.9532027,-107.97126,0.6,0.0,0.5
0.09363193314979713,0.29399058795390504,0.5026598471976124,35.46,-0.36,1.0,-0.020447401348924643,23.57,1.9958290846564113,7.9532027,-107.97126,0.6,0.0,0.5
0.0783622288423619,0.3018110685060669,0.5029798388408364,35.28,-0.36,1.0,0.17792291024505147,23.575,1.9958290846564113,7.9532027,-107.97126,0.6,0.0,0.5
0.06646696808028014,0.3156165096265647,0.5029244846971492,35.1,-0.36,1.0,0.19318216498304963,23.580000000000002,1.5261566963469064,7.2570124,-87.22363,0.6,0.0,0.5
0.04697733677972261,0.3219815914906645,0.5033950747908358,34.74,-0.36,1.0,0.10162663655506066,23.585,1.5261566963469064,7.2570124,-87.22363,0.6,0.0,0.5
0.04103027558968715,0.33135873488989287,0.5031079758137688,34.379999999999995,-0.36,1.0,0.11688589129305882,23.59,1.5261566963469064,7.2570124,-87.22363,0.6,0.0,0.5
0.04229318037585418,0.3277699615478166,0.5031504206759932,34.019999999999996,-0.36,1.0,-0.05096591082492097,23.595,1.5261566963469064,7.2570124,-87.22363,0.6,0.0,0.5
0.04059580486544043,0.33275661156052516,0.5032687118854356,33.48,-0.36,1.0,0.04058961760306801,23.6,0.6153559972238533,6.4194326,-103.619446,0.6,0.0,0.5
0.038829495293341024,0.3303468059870843,0.503624897762044,32.76,-0.36,1.0,0.3305154576250331,23.605,0.6153559972238533,6.4194326,-103.619446,0.6,0.0,0.5
0.047045159914511275,0.3124344672019855,0.5032679942617232,32.04,-0.36,1.0,-0.21881771294290076,23.61,0.6153559972238533,6.4194326,-103.619446,0.6,0.0,0.5
0.053584341623950815,0.3005617110937204,0.5032317320769341,31.32,-0.36,1.0,0.04058961760306801,23.615000000000002,0.6153559972238533,6.4194326,-103.619446,0.6,0.0,0.5
0.07898618016770088,0.28066511190553034,0.5033397226773927,30.599999999999998,-0.36,1.0,0.10162663655506066,23.62,0.13082937904975633,4.06259,-73.25093,0.6,0.0,0.5
0.10137738101927564,0.25041086427474923,0.5034834370974436,29.7,-0.36,1.0,-0.005188146610926481,23.625,0.13082937904975633,4.06259,-73.25093,0.6,0.0,0.5
0.11919862866213164,0.22993752045303104,0.5035925536107455,28.619999999999997,-0.36,1.0,-0.17303994872890627,23.63,0.13082937904975633,4.06259,-73.25093,0.6,0.0,0.5
0.13659650120510122,0.20474641354176001,0.503756765324454,27.72,-0.36,1.0,0.025330362865069844,23.635,0.13082937904975633,4.06259,-73.25093,0.6,0.0,0.5
0.15669018403102514,0.17991834965963985,0.5037176227247953,26.459999999999997,-0.36,1.0,0.04058961760306801,23.64,0.014666809604153036,6.9098206,-75.69319,0.6,0.0,0.5
0.17171027350513587,0.15656595319319716,0.5037479244323333,25.38,-0.36,1.0,0.23895992919704412,23.645,0.014666809604153036,6.9098206,-75.69319,0.6,0.0,0.5
0.1886676167274055,0.14014857756017754,0.5038427430055653,24.119999999999997,-0.36,1.0,-0.12726218451491178,23.650000000000002,0.014666809604153036,6.9098206,-75.69319,0.6,0.0,0.5
0.20795547526754812,0.12753957607884475,0.503587930398444,22.86,-0.36,1.0,0.2084414197210478,23.655,0.014666809604153036,6.9098206,-75.69319,0.6,0.0,0.5
0.22401405284379391,0.13134750334126838,0.503694347262989,21.779999999999998,-0.36,1.0,-0.11200292977691362,23.66,0.0008669969306592078,3.1494975,-73.597626,0.6,0.0,0.5
0.23900555546965857,0.11720633562592676,0.5037253972778641,20.52,-0.54,1.0,-0.17303994872890627,23.665,0.0008669969306592078,3.1494975,-73.597626,0.6,0.0,0.5
0.25831538549002087,0.10054275878713438,0.5036114434181221,19.439999999999998,-0.54,1.0,-0.21881771294290076,23.67,0.0008669969306592078,3.1494975,-73.597626,0.6,0.0,0.5
0.274028732104349,0.0979641004815167,0.5036525496824771,18.54,-0.54,1.0,0.2542191839350423,23.675,0.0008669969306592078,3.1494975,-73.597626,0.6,0.0,0.5
0.28833519930134205,0.08718354865948576,0.5036915103161641,17.64,-0.54,1.0,-0.05096591082492097,23.68,0.0,5.54473,-75.60346,0.6,0.0,0.5
0.30470804266463736,0.06466537008887113,0.5039635556106642,17.099999999999998,-0.54,1.0,0.14740440076905514,23.685,0.0,5.54473,-75.60346,0.6,0.0,0.5
0.3196667378486903,0.050315251499778314,0.5037882845065133,16.919999999999998,-0.54,1.0,-0.23407696768089892,23.69,0.0,5.54473,-75.60346,0.6,0.0,0.5
0.33138739346786383,0.046918741254966825,0.5037625711973246,16.919999999999998,-0.54,1.0,0.17792291024505147,23.695,0.0,5.54473,-75.60346,0.6,0.0,0.5
0.34560520746461215,0.03328397701062923,0.5038633206962164,17.28,-0.54,1.0,-0.005188146610926481,23.7,0.0,-0.7617683,-81.5155,0.0714695155620575,0.0,0.5
0.35868044152421663,0.0383435756539783,0.5038317740281246,17.82,-0.54,1.0,0.19318216498304963,23.705000000000002,0.0,-0.7617683,-81.5155,0.0714695155620575,0.0,0.5
0.36883171760837424,0.01587289718528087,0.5035581188746098,18.9,-0.54,1.0,-0.05096591082492097,23.71,0.0,-0.7617683,-81.5155,0.0714695155620575,0.0,0.5
0.37961110194622494,0.009945431258893741,0.5036971981242938,20.16,-0.54,1.0,0.05584887234106617,23.715,0.0,-0.7617683,-81.5155,0.0714695155620575,0.0,0.5
0.39039951767105374,0.017600793109807757,0.5036523309347336,21.599999999999998,-0.54,1.0,0.14740440076905514,23.72,0.0,-0.45965707,-54.239483,0.16210287809371948,0.0,0.5
0.3982815777504498,0.01020813970339631,0.5033972262053364,23.58,-0.54,1.0,0.1626636555070533,23.725,0.0,-0.45965707,-54.239483,0.16210287809371948,0.0,0.5
0.4067932996341562,0.012643824570934001,0.5032762007604565,25.74,-0.54,1.0,-0.06622516556291913,23.73,0.0,-0.45965707,-54.239483,0.16210287809371948,0.0,0.5
0.4143301394860799,0.0025131163191680003,0.5033568735041355,28.08,-0.54,1.0,-0.020447401348924643,23.735,0.0,-0.45965707,-54.239483,0.16210287809371948,0.0,0.5
0.4197832780938838,0.00687983197430943,0.5032728523397082,30.779999999999998,-0.54,1.0,-0.1577806939909081,23.740000000000002,0.0,-6.8815737,80.411865,0.0,0.6,0.5
0.4248817505019767,-0.0034317651310493743,0.503653291784532,33.66,-0.54,1.0,0.14740440076905514,23.745,0.0,-6.8815737,80.411865,0.0,0.6,0.5
0.4301016037381555,-0.00528334741314465,0.5041696219414366,36.54,-0.54,1.0,-0.17303994872890627,23.75,0.0,-6.8815737,80.411865,0.0,0.6,0.5
0.4351367626895458,-0.003915277364205988,0.50356299739105,39.78,-0.54,1.0,0.10162663655506066,23.755,0.0,-6.8815737,80.411865,0.0,0.6,0.5
0.4395881102385638,-0.008602700815747384,0.5031919563381695,43.019999999999996,-0.54,1.0,-0.18829920346690443,23.76,0.0,-6.3724027,70.09953,0.0,0.6,0.5
0.44496223375036936,-5.727182937058256e-06,0.5025987422917778,46.44,-0.54,1.0,0.14740440076905514,23.765,0.0,-6.3724027,70.09953,0.0,0.6,0.5
0.4486466659543915,-0.011049956675637717,0.5026013767138436,49.86,-0.54,1.0,-0.020447401348924643,23.77,0.0,-6.3724027,70.09953,0.0,0.6,0.5
0.44941053746335907,-0.0004157293208520108,0.5026883391254605,53.1,-0.54,1.0,-0.05096591082492097,23.775000000000002,0.0,-6.3724027,70.09953,0.0,0.6,0.5
0.44847373316190786,0.00454946617186343,0.5024853856870974,56.519999999999996,-0.54,1.0,0.025330362865069844,23.78,0.0,-8.176295,92.49967,0.0,0.6,0.5
0.4466128078885369,0.007906867250800566,0.5025460729022326,59.76,-0.36,1.0,0.10162663655506066,23.785,0.0,-8.176295,92.49967,0.0,0.6,0.5
0.44322869819356836,-0.008407839986921808,0.5027135855457712,63.0,-0.36,1.0,0.1626636555070533,23.79,0.0,-8.176295,92.49967,0.0,0.6,0.5
0.43954631082544704,-0.006220230907066884,0.5029100517392316,66.06,-0.36,1.0,0.07110812707906433,23.795,0.0,-8.176295,92.49967,0.0,0.6,0.5
0.4375826732311783,-0.010454016665785743,0.5029871199177912,69.12,-0.36,1.0,-0.005188146610926481,23.8,0.0011171778002613006,-7.772117,90.85736,0.0,0.6,0.5
0.4352438930397746,-0.009608012824677478,0.5031571296918816,71.82,-0.36,1.0,0.05584887234106617,23.805,0.0011171778002613006,-7.772117,90.85736,0.0,0.6,0.5
0.43268228870398334,-0.0092870198154855,0.5032878892580894,74.52,-0.36,1.0,-0.020447401348924643,23.81,0.0011171778002613006,-7.772117,90.85736,0.0,0.6,0.5
0.431633484377876,-0.002293851054561972,0.5034357419052607,76.86,-0.36,1.0,0.3610339671010294,23.815,0.0011171778002613006,-7.772117,90.85736,0.0,0.6,0.5
0.43072754225554055,-0.0053209026310137904,0.5033456326378267,79.02,-0.36,1.0,-0.17303994872890627,23.82,0.01794203141434229,-7.260117,72.068405,0.0,0.6,0.5
0.42349467232814353,0.007420450949148745,0.5036212136524137,80.82,-0.36,1.0,0.05584887234106617,23.825,0.01794203141434229,-7.260117,72.068405,0.0,0.6,0.5
0.4079183804922273,0.028045373839134205,0.5036180360015411,82.25999999999999,-0.36,1.0,0.04058961760306801,23.830000000000002,0.01794203141434229,-7.260117,72.068405,0.0,0.6,0.5
0.38325990414406136,0.038960715212284454,0.5040506203684149,82.98,-0.36,1.0,0.22370067445904596,23.835,0.01794203141434229,-7.260117,72.068405,0.0,0.6,0.5
0.3562722757050979,0.035247151853482865,0.5043567109702758,83.34,-0.18,1.0,-0.26459547715689524,23.84,0.1519401182007065,-6.434931,45.897392,0.0,0.6,0.5
0.32611570750540214,0.0735596911648963,0.5045512297019833,83.34,-0.36,1.0,0.1626636555070533,23.845,0.1519401182007065,-6.434931,45.897392,0.0,0.6,0.5
0.2976870918814492,0.08964004884891169,0.5042971161846026,82.8,-0.36,1.0,0.05584887234106617,23.85,0.1519401182007065,-6.434931,45.897392,0.0,0.6,0.5
0.2681205543763945,0.09145498783710931,0.504037206452201,81.72,-0.36,1.0,0.14740440076905514,23.855,0.1519401182007065,-6.434931,45.897392,0.0,0.6,0.5
0.2408467144272851,0.10344199619275235,0.5037981805796637,80.28,-0.36,1.0,0.17792291024505147,23.86,0.6784609227432904,5.655965,-106.100494,0.6,0.0,0.5
0.21384665466688513,0.13055966137461478,0.5037783416377289,78.48,-0.36,1.0,0.0863673818170625,23.865000000000002,0.6784609227432904,5.655965,-106.100494,0.6,0.0,0.5
0.18911630328625134,0.1433576714848009,0.503840081178401,76.32,-0.36,1.0,0.010071108127071682,23.87,0.6784609227432904,5.655965,-106.100494,0.6,0.0,0.5
0.16654042736553076,0.16287394996834048,0.5034488437383484,73.98,-0.36,1.0,0.10162663655506066,23.875,0.6784609227432904,5.655965,-106.100494,0.6,0.0,0.5
0.14610870343781396,0.1785877829198145,0.5032761183991727,71.28,-0.36,1.0,-0.06622516556291913,23.88,1.597455426802358,6.0070972,-108.12248,0.6,0.0,0.5
0.1313140941031086,0.19418303715669538,0.5027437362448693,68.58,-0.36,1.0,0.22370067445904596,23.885,1.597455426802358,6.0070972,-108.12248,0.6,0.0,0.5
0.12104920279374656,0.21092176331847282,0.5022339186904122,65.52,-0.36,1.0,0.0863673818170625,23.89,1.597455426802358,6.0070972,-108.12248,0.6,0.0,0.5
0.1015158214791675,0.22386869177777693,0.502061309854997,62.28,-0.36,1.0,0.19318216498304963,23.895,1.597455426802358,6.0070972,-108.12248,0.6,0.0,0.5
0.10199043069224,0.24731748497000433,0.5014780588137954,59.04,-0.36,1.0,0.05584887234106617,23.900000000000002,1.9832807244192938,7.2086096,-93.608246,0.6,0.0,0.5
0.07815992948965339,0.2556338043672556,0.5012824303512834,55.62,-0.36,1.0,0.0863673818170625,23.905,1.9832807244192938,7.2086096,-93.608246,0.6,0.0,0.5
0.06843076988120084,0.27223049065673616,0.5015610945836605,52.019999999999996,-0.36,1.0,-0.1577806939909081,23.91,1.9832807244192938,7.2086096,-93.608246,0.6,0.0,0.5
0.06998202481030899,0.2818624445788407,0.5010771452998658,48.42,-0.36,1.0,0.31525620288703493,23.915,1.9832807244192938,7.2086096,-93.608246,0.6,0.0,0.5
0.05448034290900763,0.2980782871085946,0.5014392349249499,44.64,-0.36,1.0,0.010071108127071682,23.92,1.2983481530875418,5.779063,-98.48682,0.6,0.0,0.5
0.04381301380421665,0.320163738049868,0.5012000368655942,40.86,-0.36,1.0,0.10162663655506066,23.925,1.2983481530875418,5.779063,-98.48682,0.6,0.0,0.5
0.04574904295668997,0.32771128872986566,0.5008548719380201,36.9,-0.36,1.0,-0.09674367503891546,23.93,1.2983481530875418,5.779063,-98.48682,0.6,0.0,0.5
0.032585897909111955,0.33986002014068173,0.5013152740735021,32.94,-0.36,1.0,0.29999694814903677,23.935000000000002,1.2983481530875418,5.779063,-98.48682,0.6,0.0,0.5
0.02844241462575362,0.35624399555581865,0.5013002247932715,28.98,-0.36,1.0,0.05584887234106617,23.94,0.44817710771600394,4.926633,-112.25348,0.6,0.0,0.5
0.03361159651780268,0.3611432411247259,0.5011843717310376,24.84,-0.36,1.0,0.2084414197210478,23.945,0.44817710771600394,4.926633,-112.25348,0.6,0.0,0.5
0.030726761455367717,0.3613660368763129,0.5014806914149176,20.7,-0.36,1.0,-0.1577806939909081,23.95,0.44817710771600394,4.926633,-112.25348,0.6,0.0,0.5
0.0566182214971501,0.3511630974165558,0.5014224977089534,16.56,-0.36,1.0,0.010071108127071682,23.955000000000002,0.44817710771600394,4.926633,-112.25348,0.6,0.0,0.5
0.07919453339272926,0.34892337834384846,0.5014684786985278,12.24,-0.36,1.0,0.04058961760306801,23.96,0.0815754928398058,5.696893,-84.14312,0.6,0.0,0.5
0.10244567122763822,0.34947716808006585,0.5011530284627213,8.1,-0.36,1.0,0.2084414197210478,23.965,0.0815754928398058,5.696893,-84.14312,0.6,0.0,0.5
0.11734468200201179,0.33558643191999543,0.5013075615001494,3.96,3.42,1.0,9.943845942564153,23.97,0.0815754928398058,5.696893,-84.14312,0.6,0.0,0.5
0.1380602102392646,0.3104609451242861,0.5044457430772925,1.08,8.82,1.0,2.9245887630848326,23.975,0.0815754928398058,5.696893,-84.14312,0.6,0.0,0.5
0.15439626865511816,0.2885749229743391,0.5077016942048134,-0.18,10.44,1.0,-0.7986693929868309,23.98,0.007829270074542568,6.190196,-76.412,0.6,0.0,0.5
0.1688195520922054,0.26026404379572854,0.5101330443390681,0.36,7.739999999999999,1.0,25.81347087008269,23.985,0.007829270074542568,6.190196,-76.412,0.6,0.0,0.5
0.18783542972924566,0.24230414814735962,0.5111923925172782,1.98,6.66,1.0,1.2308114871669815,23.990000000000002,0.007829270074542568,6.190196,-76.412,0.6,0.0,0.5
0.20009142022556972,0.22278930600586636,0.5106587028035404,4.859999999999999,2.88,1.0,-0.29511398663289157,23.995,0.007829270074542568,6.190196,-76.412,0.6,0.0,0.5
0.2139220237000957,0.18960101754083808,0.5060608431815777,8.1,-1.26,1.0,0.26947843867304044,24.0,0.0,6.4684477,-89.113266,0.6,0.0,0.5
0.23167357460214832,0.18268864997846126,0.504553193517897,9.0,0.72,1.0,-0.2035584582049026,24.005,0.0,6.4684477,-89.113266,0.6,0.0,0.5
0.24725698111614053,0.15168895632114887,0.5035079211731811,11.34,1.44,1.0,-0.5087435529648658,24.01,0.0,6.4684477,-89.113266,0.6,0.0,0.5
0.2608920843742893,0.1313157215595834,0.5014893104771314,14.219999999999999,-0.36,1.0,-0.14252143925290994,24.015,0.0,6.4684477,-89.113266,0.6,0.0,0.5
0.2775828041744297,0.11911013800237988,0.5012977538100618,16.38,-0.36,1.0,0.22370067445904596,24.02,0.0,-1.3764194,-100.02822,0.0,0.0,0.5
0.29245180193490516,0.09847645835328815,0.5009416165190645,19.08,-0.36,1.0,0.2542191839350423,24.025000000000002,0.0,-1.3764194,-100.02822,0.0,0.0,0.5
0.3047863635174313,0.08902984143141014,0.499132372372755,21.779999999999998,-0.36,1.0,0.025330362865069844,24.03,0.0,-1.3764194,-100.02822,0.0,0.0,0.5
0.31898476201149334,0.07788623419498064,0.4989653700334412,24.48,-0.36,1.0,0.04058961760306801,24.035,0.0,-1.3764194,-100.02822,0.0,0.0,0.5
0.33191200151803657,0.09004196584359456,0.49933999514114036,27.36,-0.36,1.0,0.14740440076905514,24.04,0.0,-4.278635,-44.102066,0.0,0.0,0.5
0.34189207684190864,0.06269372118066097,0.49879029166051614,30.24,-0.36,1.0,0.07110812707906433,24.045,0.0,-4.278635,-44.102066,0.0,0.0,0.5
0.3535991271972602,0.06843410985949608,0.4989173467776797,33.12,-0.36,1.0,0.14740440076905514,24.05,0.0,-4.278635,-44.102066,0.0,0.0,0.5
0.36458641070251396,0.03712553654030305,0.4993418214576802,36.18,-0.36,1.0,0.1626636555070533,24.055,0.0,-4.278635,-44.102066,0.0,0.0,0.5
0.37434150494183854,0.04196607525055245,0.49823182618129397,39.059999999999995,-0.36,1.0,0.1626636555070533,24.060000000000002,0.0,-7.9263916,99.54028,0.0,0.6,0.5
0.3835157016387991,0.03225256787113721,0.49852737768506133,42.12,-0.36,1.0,0.04058961760306801,24.065,0.0,-7.9263916,99.54028,0.0,0.6,0.5
0.39275664472826244,0.020901578118002872,0.49880942223103225,45.0,-0.36,1.0,-0.035706656086922806,24.07,0.0,-7.9263916,99.54028,0.0,0.6,0.5
0.40046720353793763,0.026826773451906823,0.4982522927442193,48.059999999999995,-0.36,1.0,0.34577471236303126,24.075,0.0,-7.9263916,99.54028,0.0,0.6,0.5
0.409263999366859,0.02806110068593963,0.4975210649023655,50.94,-0.36,1.0,0.010071108127071682,24.080000000000002,0.0,-8.146132,96.890396,0.0,0.6,0.5
0.4170677465553373,0.03224477134330803,0.497327051118394,53.82,-0.36,1.0,0.010071108127071682,24.085,0.0,-8.146132,96.890396,0.0,0.6,0.5
0.4233350870891638,0.020084372490759585,0.49661372239280505,56.699999999999996,-0.36,1.0,-0.18829920346690443,24.09,0.0,-8.146132,96.890396,0.0,0.6,0.5
0.4255793572769924,0.02086276016965703,0.496852771525406,59.4,-0.36,1.0,0.17792291024505147,24.095,0.0,-8.146132,96.890396,0.0,0.6,0.5
0.4258786203878941,0.007815506860356867,0.4967782785190191,62.099999999999994,-0.36,1.0,0.11688589129305882,24.1,0.0,-8.131703,94.47261,0.0,0.6,0.5
0.42517778854448557,0.012247699294795661,0.4965127748315343,64.62,-0.36,1.0,0.10162663655506066,24.105,0.0,-8.131703,94.47261,0.0,0.6,0.5
0.42345968328387,0.010156945052198416,0.4966063447071567,66.96,-0.36,1.0,-0.08148442030091729,24.11,0.0,-8.131703,94.47261,0.0,0.6,0.5
0.4207546673501564,-0.01194272726788976,0.49684092735950763,69.3,-0.36,1.0,-0.035706656086922806,24.115000000000002,0.0,-8.131703,94.47261,0.0,0.6,0.5
0.4184379040527847,-0.02479898758162314,0.49663455639430604,71.46,-0.36,1.0,0.010071108127071682,24.12,0.0015327768634180216,-8.173222,87.86977,0.0,0.6,0.5
0.4128496767659721,-0.008982508536641724,0.49674645597824657,73.44,-0.36,1.0,0.0863673818170625,24.125,0.0015327768634180216,-8.173222,87.86977,0.0,0.6,0.5
0.39920663970745474,-0.008492718432872148,0.4966850862679958,75.24,-0.36,1.0,-0.09674367503891546,24.13,0.0015327768634180216,-8.173222,87.86977,0.0,0.6,0.5
0.3765688509715742,-0.009239654500822514,0.4964404989665599,76.86,-0.36,1.0,0.0863673818170625,24.135,0.0015327768634180216,-8.173222,87.86977,0.0,0.6,0.5
0.3502207530878012,-0.01785989915612382,0.4965243045210886,78.11999999999999,-0.36,1.0,0.025330362865069844,24.14,0.02304257596914998,-8.001403,78.0482,0.0,0.6,0.5
0.32081789935198707,-0.016198582697146732,0.4964804713647066,79.02,-0.36,1.0,-0.17303994872890627,24.145,0.02304257596914998,-8.001403,78.0482,0.0,0.6,0.5
0.2916848717890628,0.008923079313330601,0.4966872011663832,79.74,-0.18,1.0,-0.005188146610926481,24.150000000000002,0.02304257596914998,-8.001403,78.0482,0.0,0.6,0.5
0.2616009013526788,0.01210748690639595,0.49693789254219906,79.92,-0.18,1.0,-0.005188146610926481,24.155,0.02304257596914998,-8.001403,78.0482,0.0,0.6,0.5
0.23471968903249213,0.024626459001251357,0.49686102400378596,79.92,-0.18,1.0,0.31525620288703493,24.16,0.18265629798156346,-8.141052,-27.835896,0.0,0.0,0.5
0.20868346756602935,0.06228352956250765,0.49648196893273544,79.38,-0.18,1.0,0.0863673818170625,24.165,0.18265629798156346,-8.141052,-27.835896,0.0,0.0,0.5
0.18521249705506576,0.06891595660376358,0.49642141167767645,78.66,-0.36,1.0,-0.005188146610926481,24.17,0.18265629798156346,-8.141052,-27.835896,0.0,0.0,0.5
0.16286621230379839,0.10119530805091932,0.4962445730214937,77.58,-0.18,1.0,-0.18829920346690443,24.175,0.18265629798156346,-8.141052,-27.835896,0.0,0.0,0.5
0.1437775168635226,0.12054740549688717,0.49652039616925786,76.14,-0.18,1.0,0.05584887234106617,24.18,0.7634661846734763,-8.183007,81.32208,0.0,0.6,0.5
0.1252827679664949,0.13969448391187275,0.4964430077250431,74.52,-0.36,1.0,0.14740440076905514,24.185000000000002,0.7634661846734763,-8.183007,81.32208,0.0,0.6,0.5
0.11057389741263163,0.1580962460538476,0.4966615085961897,72.72,-0.36,1.0,0.11688589129305882,24.19,0.7634661846734763,-8.183007,81.32208,0.0,0.6,0.5
0.09466670971239104,0.18762542096236054,0.4969201699890334,70.74,-0.36,1.0,0.05584887234106617,24.195,0.7634661846734763,-8.183007,81.32208,0.0,0.6,0.5
0.0745565306745779,0.1915565994409044,0.4971709583480637,68.39999999999999,-0.36,1.0,0.04058961760306801,24.2,1.6826604715039093,-7.843033,26.519936,0.0,0.6,0.5
0.059434791572133494,0.21098219818980282,0.4974345528208521,65.88,-0.36,1.0,-0.020447401348924643,24.205000000000002,1.6826604715039093,-7.843033,26.519936,0.0,0.6,0.5
0.05306231951419371,0.23012467964041478,0.4977640735362384,63.18,-0.36,1.0,0.11688589129305882,24.21,1.6826604715039093,-7.843033,26.519936,0.0,0.6,0.5
0.0501852763743785,0.2342566857852052,0.49815110652199884,60.3,-0.36,1.0,-0.14252143925290994,24.215,1.6826604715039093,-7.843033,26.519936,0.0,0.6,0.5
0.05567418850770386,0.24943134857223376,0.49808658782770365,57.419999999999995,-0.36,1.0,0.17792291024505147,24.22,1.9554859978828143,-8.185353,85.89679,0.0,0.6,0.5
0.04652271332001429,0.2656297170641961,0.4984852916915237,54.36,-0.36,1.0,0.010071108127071682,24.225,1.9554859978828143,-8.185353,85.89679,0.0,0.6,0.5
0.03737923731854549,0.28913347993759625,0.4985820828512232,51.12,-0.36,1.0,-0.06622516556291913,24.23,1.9554859978828143,-8.185353,85.89679,0.0,0.6,0.5
0.026983776788165412,0.2946402862758008,0.4990964394313504,47.879999999999995,-0.36,1.0,-0.005188146610926481,24.235,1.9554859978828143,-8.185353,85.89679,0.0,0.6,0.5
0.01893227648864343,0.29429242684661716,0.4993963111754167,44.46,-0.36,1.0,-0.005188146610926481,24.240000000000002,1.1982969672311408,-8.016665,-78.001274,0.0,0.0,0.5
0.021036520252016036,0.2905644928574715,0.4993124743633209,41.04,-0.36,1.0,-0.11200292977691362,24.245,1.1982969672311408,-8.016665,-78.001274,0.0,0.0,0.5
0.011700761441714742,0.3020885635457384,0.5000145977266269,37.44,-0.36,1.0,0.11688589129305882,24.25,1.1982969672311408,-8.016665,-78.001274,0.0,0.0,0.5
0.009173399137283612,0.29900132244410926,0.5002627176081595,33.839999999999996,-0.36,1.0,-0.035706656086922806,24.255,1.1982969672311408,-8.016665,-78.001274,0.0,0.0,0.5
0.009573282053913376,0.2986652068573063,0.5006584028653988,30.24,-0.36,1.0,0.1626636555070533,24.26,0.66407158159708,1.3830242,-102.236786,0.6,0.0,0.5
-0.0002689244668433938,0.28858293471521035,0.5010152336757069,26.459999999999997,-0.36,1.0,0.010071108127071682,24.265,0.66407158159708,1.3830242,-102.236786,0.6,0.0,0.5
-0.0041401387258066325,0.2924390580129562,0.5012695412583368,22.68,-0.36,1.0,0.3305154576250331,24.27,0.66407158159708,1.3830242,-102.236786,0.6,0.0,0.5
0.011105140934953578,0.29436169229737336,0.5017932928098897,18.9,-0.36,1.0,0.025330362865069844,24.275000000000002,0.66407158159708,1.3830242,-102.236786,0.6,0.0,0.5
0.002642369000341692,0.29186659828424266,0.5022565722327487,14.94,-0.36,1.0,0.19318216498304963,24.28,1.5818274642782821,7.0193963,-111.429825,0.6,0.0,0.5
1.9024045461653484e-05,0.29768837581447183,0.5022919546808354,10.98,-0.36,1.0,-0.21881771294290076,24.285,1.5818274642782821,7.0193963,-111.429825,0.6,0.0,0.5
0.011027730517790688,0.32404803453290215,0.5021861264186717,7.02,-0.36,1.0,0.3305154576250331,24.29,1.5818274642782821,7.0193963,-111.429825,0.6,0.0,0.5
0.007537556777659917,0.33365943301805656,0.5023216880442793,3.2399999999999998,4.14,1.0,11.805475020599985,24.295,1.5818274642782821,7.0193963,-111.429825,0.6,0.0,0.5
-0.003979651882654805,0.34001011567244493,0.5064107372629545,0.18,10.08,1.0,3.4891811883907646,24.3,1.9868032398944846,6.3302007,-84.60008,0.6,0.0,0.5
-0.009388496155432805,0.3562799459412375,0.509628193690782,-1.26,11.16,1.0,-0.7528916287728364,24.305,1.9868032398944846,6.3302007,-84.60008,0.6,0.0,0.5
-0.015055984410474498,0.3682167636967618,0.5120994523305142,-1.44,10.26,1.0,9.318216498306228,24.310000000000002,1.9868032398944846,6.3302007,-84.60008,0.6,0.0,0.5
-0.017576505298660502,0.3690742481439139,0.5141966281445645,-0.54,9.54,1.0,2.314218573564851,24.315,1.9868032398944846,6.3302007,-84.60008,0.6,0.0,0.5
-0.009349324438080479,0.38134122517640423,0.5133332827433607,1.26,6.3,1.0,4.206366161076678,24.32,1.3158371358510905,-0.74461955,-58.389156,0.07661413550376892,0.0,0.5
-0.007455669540779341,0.3855978143663752,0.5103810728188597,3.5999999999999996,3.42,1.0,1.65807061983093,24.325,1.3158371358510905,-0.74461955,-58.389156,0.07661413550376892,0.0,0.5
-0.005973415464640837,0.38756309746477297,0.5083132938915125,6.4799999999999995,-0.36,1.0,-0.23407696768089892,24.330000000000002,1.3158371358510905,-0.74461955,-58.389156,0.07661413550376892,0.0,0.5
-0.013724382284489047,0.38165353063563384,0.5049475128296744,7.38,0.0,1.0,-1.0122989593188052,24.335,1.3158371358510905,-0.74461955,-58.389156,0.07661413550376892,0.0,0.5
-0.0014213898463444465,0.38514199582891623,0.5028472090557567,8.82,0.8999999999999999,1.0,-0.4782250434888695,24.34,0.4595163303742254,4.4358826,-49.989285,0.6,0.0,0.5
0.005345741113318689,0.37415503465478334,0.5025811309027761,10.26,0.36,1.0,0.010071108127071682,24.345,0.4595163303742254,4.4358826,-49.989285,0.6,0.0,0.5
-4.500676729613277e-05,0.35144089737372053,0.5013148550465659,11.7,-0.54,1.0,0.8188116092410311,24.35,0.4595163303742254,4.4358826,-49.989285,0.6,0.0,0.5
0.008457421039461621,0.3153428243204337,0.5008353322923211,12.6,-0.18,1.0,-0.08148442030091729,24.355,0.4595163303742254,4.4358826,-49.989285,0.6,0.0,0.5
0.028032871315118002,0.2806066495174573,0.500287758142477,13.86,-0.36,1.0,0.5441450239570074,24.36,0.08461576645295162,4.8838143,-52.36744,0.6,0.0,0.5
0.047343587273839714,0.2567820162101276,0.49950071674605534,14.76,-0.36,1.0,-0.1577806939909081,24.365000000000002,0.08461576645295162,4.8838143,-52.36744,0.6,0.0,0.5
0.05359526564433681,0.22546414953282584,0.4997318169990408,15.479999999999999,-0.36,1.0,-0.020447401348924643,24.37,0.08461576645295162,4.8838143,-52.36744,0.6,0.0,0.5
0.06787657032688685,0.21065814024243396,0.5000896507366492,16.38,-0.36,1.0,0.1626636555070533,24.375,0.08461576645295162,4.8838143,-52.36744,0.6,0.0,0.5
0.08839972775401474,0.18058110033780667,0.49991786973091157,17.099999999999998,-0.36,1.0,-0.020447401348924643,24.38,0.008215862585650928,4.5316777,-16.623539,0.6,0.0,0.5
0.10760802720106163,0.1729260971911342,0.4998098168260536,17.64,-0.36,1.0,-0.18829920346690443,24.385,0.008215862585650928,4.5316777,-16.623539,0.6,0.0,0.5
0.13460274080009516,0.15661331724752287,0.4996804169449591,18.18,-0.36,1.0,0.3610339671010294,24.39,0.008215862585650928,4.5316777,-16.623539,0.6,0.0,0.5
0.13821774089247976,0.13590650176655522,0.49947148937436214,18.72,-0.36,1.0,-0.11200292977691362,24.395,0.008215862585650928,4.5316777,-16.623539,0.6,0.0,0.5
0.1544020021786201,0.12287947391537951,0.4991791311166044,19.08,-0.36,1.0,0.025330362865069844,24.400000000000002,0.0,6.6115975,-85.67465,0.6,0.0,0.5
0.16268469417331094,0.10973507279570807,0.49886931121110994,19.439999999999998,-0.36,1.0,0.0863673818170625,24.405,0.0,6.6115975,-85.67465,0.6,0.0,0.5
0.16626157264746877,0.09164509283880296,0.498765540587211,19.62,-0.36,1.0,0.14740440076905514,24.41,0.0,6.6115975,-85.67465,0.6,0.0,0.5
0.1678089752220322,0.0862269044218237,0.4988763864130984,19.8,-0.36,1.0,0.0863673818170625,24.415,0.0,6.6115975,-85.67465,0.6,0.0,0.5
0.16856183866780092,0.06454380988680267,0.49887855353172633,19.98,-0.36,1.0,0.04058961760306801,24.42,0.0,7.3416033,-83.81773,0.6,0.0,0.5
0.1687071454703377,0.047499964991912745,0.49888290030380733,19.98,-0.36,1.0,-0.035706656086922806,24.425,0.0,7.3416033,-83.81773,0.6,0.0,0.5
0.1738232632455558,0.044025834896939633,0.4986684842416928,20.16,-0.36,1.0,0.3610339671010294,24.43,0.0,7.3416033,-83.81773,0.6,0.0,0.5
0.18934186027580555,0.05319178144904463,0.4982551385713184,20.16,-0.36,1.0,-0.24933622241889708,24.435000000000002,0.0,7.3416033,-83.81773,0.6,0.0,0.5
0.20403656780475138,0.04892721965140057,0.4983311684434247,20.16,-0.36,1.0,0.1626636555070533,24.44,0.0,8.007439,-87.3631,0.6,0.0,0.5
0.21914357820761282,0.058297945077315165,0.49821825211010434,20.16,-0.36,1.0,0.07110812707906433,24.445,0.0,8.007439,-87.3631,0.6,0.0,0.5
0.23802574814732239,0.059256216667411044,0.4982460957831028,20.16,-0.36,1.0,0.23895992919704412,24.45,0.0,8.007439,-87.3631,0.6,0.0,0.5
0.2551877941306323,0.047639024831399854,0.49853343016515894,20.34,-0.36,1.0,-0.11200292977691362,24.455000000000002,0.0,8.007439,-87.3631,0.6,0.0,0.5
0.26890602496429056,0.023269973397254624,0.4991475293794027,20.34,-0.36,1.0,0.26947843867304044,24.46,0.0,7.1130576,-92.51084,0.6,0.0,0.5
0.28608838882795806,0.02191864864157834,0.4994050072185375,20.7,-0.36,1.0,-0.020447401348924643,24.465,0.0,7.1130576,-92.51084,0.6,0.0,0.5
0.30195442758580754,0.012832195868379496,0.49995739932247824,21.06,-0.36,1.0,0.1626636555070533,24.47,0.0,7.1130576,-92.51084,0.6,0.0,0.5
0.31423269345355137,-0.0019997802469950976,0.5006476213762185,21.599999999999998,-0.36,1.0,-0.11200292977691362,24.475,0.0,7.1130576,-92.51084,0.6,0.0,0.5
0.32838173611798815,-0.009764662228770506,0.5008256120573475,22.32,-0.36,1.0,0.2542191839350423,24.48,0.0,7.612628,-93.767975,0.6,0.0,0.5
0.3432927255709496,0.003748560358460465,0.500934061655137,23.22,-0.36,1.0,0.11688589129305882,24.485,0.0,7.612628,-93.767975,0.6,0.0,0.5
0.35427455589538726,0.004798313069081927,0.5011090470474846,24.3,-0.36,1.0,0.11688589129305882,24.490000000000002,0.0,7.612628,-93.767975,0.6,0.0,0.5
0.36615031158259936,-0.007376399128502965,0.5013569701067466,25.56,-0.36,1.0,0.14740440076905514,24.495,0.0,7.612628,-93.767975,0.6,0.0,0.5
0.3783017277394075,-0.0223473718727432,0.5011782151273881,27.18,-0.36,1.0,0.26947843867304044,24.5,0.0,7.1562986,-86.16711,0.6,0.0,0.5
0.38794470904578443,-0.02825900556214173,0.5008790160532998,28.799999999999997,-0.36,1.0,-0.020447401348924643,24.505,0.0,7.1562986,-86.16711,0.6,0.0,0.5
0.3958264788588133,-0.03315145076111773,0.501623135778473,30.779999999999998,-0.36,1.0,0.17792291024505147,24.51,0.0,7.1562986,-86.16711,0.6,0.0,0.5
0.4066124319433097,-0.016486085327936793,0.500826633638219,32.76,-0.36,1.0,-0.05096591082492097,24.515,0.0,7.1562986,-86.16711,0.6,0.0,0.5
0.4134706342204095,-0.005142117968330632,0.5010259777947034,34.92,-0.36,1.0,0.22370067445904596,24.52,0.0,7.527315,-76.49937,0.6,0.0,0.5
0.41907852982873406,-0.009082680085397874,0.50159459568836,37.44,-0.36,1.0,-0.020447401348924643,24.525000000000002,0.0,7.527315,-76.49937,0.6,0.0,0.5
0.42602960940584966,-4.2374422399114375e-05,0.5015683780645277,39.78,-0.36,1.0,0.025330362865069844,24.53,0.0,7.527315,-76.49937,0.6,0.0,0.5
0.43111620826473146,-0.0035489517700365222,0.5015437427929138,42.48,-0.36,1.0,0.05584887234106617,24.535,0.0,7.527315,-76.49937,0.6,0.0,0.5
0.43585608816230687,-0.011254763647239046,0.5013538762299916,45.0,-0.36,1.0,0.19318216498304963,24.54,0.0,-6.331927,-73.93498,0.0,0.0,0.5
0.4418266972513945,-0.00913637052293373,0.5011311872597183,47.879999999999995,-0.36,1.0,-0.26459547715689524,24.545,0.0,-6.331927,-73.93498,0.0,0.0,0.5
0.44674842238392376,-0.013114698987934997,0.500802917456113,50.58,-0.36,1.0,0.1626636555070533,24.55,0.0,-6.331927,-73.93498,0.0,0.0,0.5
0.45076578348376234,-0.01271768765839639,0.5008825629387497,53.28,-0.36,1.0,-0.005188146610926481,24.555,0.0,-6.331927,-73.93498,0.0,0.0,0.5
0.4547135306394473,-0.008651737684793031,0.5013429606699049,55.98,-0.36,1.0,0.2542191839350423,24.560000000000002,0.0,-6.051055,-62.688416,0.0,0.0,0.5
0.45943984979215935,0.006233297779080647,0.5008786908257689,58.68,-0.36,1.0,-0.09674367503891546,24.565,0.0,-6.051055,-62.688416,0.0,0.0,0.5
0.46330168156761087,0.0028235817921228624,0.500891581388605,61.379999999999995,-0.36,1.0,0.14740440076905514,24.57,0.0,-6.051055,-62.688416,0.0,0.0,0.5
0.46707649642915877,-0.0018871365351446393,0.5012411454061054,64.08,-0.36,1.0,-0.23407696768089892,24.575,0.0,-6.051055,-62.688416,0.0,0.0,0.5
0.47091754700873634,-0.0034407190381535147,0.5013843869111466,66.6,-0.36,1.0,0.04058961760306801,24.580000000000002,0.0,-6.9251976,-82.33384,0.0,0.0,0.5
0.4738765460570572,-0.011215612205164602,0.5015816965688727,68.94,-0.36,1.0,0.04058961760306801,24.585,0.0,-6.9251976,-82.33384,0.0,0.0,0.5
0.47806356110443193,-0.010212592025135723,0.5015132180034745,71.28,-0.36,1.0,0.17792291024505147,24.59,0.0,-6.9251976,-82.33384,0.0,0.0,0.5
0.48158569144946295,-0.015174314274883624,0.5016923940525446,73.25999999999999,-0.36,1.0,-0.11200292977691362,24.595,0.0,-6.9251976,-82.33384,0.0,0.0,0.5
0.4842980496539151,-0.01965471097930785,0.5018735291324761,75.24,-0.36,1.0,0.07110812707906433,24.6,0.0,-7.169648,-59.523697,0.0,0.0,0.5
0.4878051336262208,-0.017154155242987783,0.5017545476157328,76.86,-0.36,1.0,-0.09674367503891546,24.605,0.0,-7.169648,-59.523697,0.0,0.0,0.5
0.4908509042262506,-0.017255421996523766,0.502076678140685,78.3,-0.36,1.0,0.19318216498304963,24.61,0.0,-7.169648,-59.523697,0.0,0.0,0.5
0.492914811629222,-0.022910624440217613,0.5023873892253282,79.56,-0.36,1.0,0.04058961760306801,24.615000000000002,0.0,-7.169648,-59.523697,0.0,0.0,0.5
0.49342219450014596,-0.010958874047073137,0.5018858990092434,80.28,-0.36,1.0,-0.11200292977691362,24.62,0.0,-8.59812,97.843544,0.0,0.6,0.5
0.4921713564932105,-0.013821130484937733,0.5018603870158103,80.82,-0.36,1.0,-0.31037324137088973,24.625,0.0,-8.59812,97.843544,0.0,0.6,0.5
0.4918258359531361,-0.011825851373499213,0.5020234551638058,80.82,-0.36,1.0,0.26947843867304044,24.63,0.0,-8.59812,97.843544,0.0,0.6,0.5
0.4897853772957779,-0.016976879720846386,0.5024263243021959,80.82,-0.36,1.0,0.025330362865069844,24.635,0.0,-8.59812,97.843544,0.0,0.6,0.5
0.48701464257900606,-0.017377675158067055,0.5025221371047839,80.28,-0.36,1.0,0.14740440076905514,24.64,0.0,-6.574124,74.40711,0.0,0.6,0.5
0.4798391314403721,-0.021917270632701158,0.5023009371851844,79.56,-0.36,1.0,-0.1577806939909081,24.645,0.0,-6.574124,74.40711,0.0,0.6,0.5
0.4592649297087524,-0.017299496734402214,0.502452043309335,78.66,-0.36,1.0,-0.18829920346690443,24.650000000000002,0.0,-6.574124,74.40711,0.0,0.6,0.5
0.4328205952232036,-0.019016831412133707,0.5026094605221578,77.75999999999999,-0.36,1.0,-0.08148442030091729,24.655,0.0,-6.574124,74.40711,0.0,0.6,0.5
0.40122041133359304,-0.012515700622342862,0.5024452831624184,76.67999999999999,-0.36,1.0,-0.020447401348924643,24.66,0.0,-7.726756,80.79356,0.0,0.6,0.5
0.3691071641571071,-0.027306157115817357,0.5025471806587941,75.42,-0.36,1.0,0.07110812707906433,24.665,0.0,-7.726756,80.79356,0.0,0.6,0.5
0.33578799413012134,-0.027681045476938903,0.5025989086917079,73.98,-0.36,1.0,0.04058961760306801,24.67,0.0,-7.726756,80.79356,0.0,0.6,0.5
0.3047916908050841,-0.016506389867082298,0.502962199938531,72.72,-0.36,1.0,0.07110812707906433,24.675,0.0,-7.726756,80.79356,0.0,0.6,0.5
0.2742269752285223,-0.012287633704235463,0.5027310137411508,71.1,-0.36,1.0,0.19318216498304963,24.68,0.0013803296979966679,-8.005815,93.96256,0.0,0.6,0.5
0.24590566040865344,-0.012468168519364097,0.5026399914936847,69.66,-0.36,1.0,0.07110812707906433,24.685000000000002,0.0013803296979966679,-8.005815,93.96256,0.0,0.6,0.5
0.21847762105165766,-0.0063632510220594215,0.5028677678611417,68.03999999999999,-0.36,1.0,-0.005188146610926481,24.69,0.0013803296979966679,-8.005815,93.96256,0.0,0.6,0.5
0.19453603962377433,-0.005543491960147486,0.5025606410443989,66.24,-0.36,1.0,-0.2035584582049026,24.695,0.0013803296979966679,-8.005815,93.96256,0.0,0.6,0.5
0.17224277831931145,-0.012729910351537487,0.5024863332171811,64.44,-0.36,1.0,0.1626636555070533,24.7,0.021213337592070673,-7.8014975,82.148506,0.0,0.6,0.5
0.1522619590566381,0.013360524901732583,0.502306302961962,62.82,-0.36,1.0,-0.11200292977691362,24.705000000000002,0.021213337592070673,-7.8014975,82.148506,0.0,0.6,0.5
0.1349549254112768,0.02752093479094898,0.5022955656089817,60.839999999999996,-0.36,1.0,0.2542191839350423,24.71,0.021213337592070673,-7.8014975,82.148506,0.0,0.6,0.5
0.12387598925752545,0.03674464709691183,0.5023390162576307,58.86,-0.36,1.0,0.0863673818170625,24.715,0.021213337592070673,-7.8014975,82.148506,0.0,0.6,0.5
0.10373124997483407,0.06604759409307101,0.5024190330002298,56.879999999999995,-0.36,1.0,0.29999694814903677,24.72,0.17190428663834878,-6.4608974,-22.51422,0.0,0.0,0.5
0.08381354490466814,0.08934299144489227,0.5028298704529115,54.9,-0.36,1.0,0.010071108127071682,24.725,0.17190428663834878,-6.4608974,-22.51422,0.0,0.0,0.5
0.07435123904551935,0.10306648902189562,0.5029636818703556,52.739999999999995,-0.36,1.0,0.10162663655506066,24.73,0.17190428663834878,-6.4608974,-22.51422,0.0,0.0,0.5
0.06572189589340124,0.11124488941730705,0.5028348056136172,50.4,-0.36,1.0,-0.06622516556291913,24.735,0.17190428663834878,-6.4608974,-22.51422,0.0,0.0,0.5
0.06666839277638473,0.12990508281318466,0.5030794817110642,48.239999999999995,-0.36,1.0,0.2542191839350423,24.740000000000002,0.7345408295007738,6.886802,-93.76612,0.6,0.0,0.5
0.056662129651235495,0.14207621469967222,0.5031385628436672,45.72,-0.36,1.0,0.23895992919704412,24.745,0.7345408295007738,6.886802,-93.76612,0.6,0.0,0.5
0.04744732768845237,0.1580807723324721,0.503521121099385,43.379999999999995,-0.36,1.0,0.22370067445904596,24.75,0.7345408295007738,6.886802,-93.76612,0.6,0.0,0.5
0.039367779311018876,0.17560304877002855,0.5036604071568735,40.86,-0.36,1.0,-0.005188146610926481,24.755,0.7345408295007738,6.886802,-93.76612,0.6,0.0,0.5
0.035299208485236586,0.192488411164787,0.5036219725500509,38.339999999999996,-0.36,1.0,0.025330362865069844,24.76,1.6549950809285814,7.744302,-104.10891,0.6,0.0,0.5
0.021097322690745626,0.21076033897525584,0.5035698879744428,35.64,-0.36,1.0,0.14740440076905514,24.765,1.6549950809285814,7.744302,-104.10891,0.6,0.0,0.5
0.02189875992202821,0.22395808330706599,0.5036407523232824,32.94,-0.36,1.0,0.010071108127071682,24.77,1.6549950809285814,7.744302,-104.10891,0.6,0.0,0.5
0.01732986521262023,0.2358079608962998,0.5035730676080448,30.06,-0.36,1.0,-0.17303994872890627,24.775000000000002,1.6549950809285814,7.744302,-104.10891,0.6,0.0,0.5
0.0059465206454272146,0.25838121824699667,0.5036830142457549,27.36,-0.36,1.0,0.0863673818170625,24.78,1.9662059457157683,7.241798,-95.17359,0.6,0.0,0.5
-0.0021803675161621004,0.2752754504718764,0.5036964511474076,24.3,-0.36,1.0,-0.020447401348924643,24.785,1.9662059457157683,7.241798,-95.17359,0.6,0.0,0.5
0.0022315143123445547,0.2963879715215618,0.5037505340675685,21.419999999999998,-0.36,1.0,0.10162663655506066,24.79,1.9662059457157683,7.241798,-95.17359,0.6,0.0,0.5
0.007105774215011152,0.30878000620943424,0.5038789888550887,18.36,-0.36,1.0,0.0863673818170625,24.795,1.9662059457157683,7.241798,-95.17359,0.6,0.0,0.5
-0.003908698849826222,0.3098439706177304,0.5038537071229072,15.299999999999999,-0.36,1.0,0.025330362865069844,24.8,1.2317223854599693,6.6109853,-78.33737,0.6,0.0,0.5
-0.006934371858256331,0.30688467030564764,0.5038761125684761,12.059999999999999,-0.36,1.0,0.0863673818170625,24.805,1.2317223854599693,6.6109853,-78.33737,0.6,0.0,0.5
0.0008080627894952619,0.31179197106296197,0.5037904223523028,8.82,-0.36,1.0,0.07110812707906433,24.810000000000002,1.2317223854599693,6.6109853,-78.33737,0.6,0.0,0.5
-0.0029123262813630433,0.31482414382508606,0.5035193787870565,5.58,-0.54,1.0,26.072878200628658,24.815,1.2317223854599693,6.6109853,-78.33737,0.6,0.0,0.5
-0.007417578280584658,0.31208342923233573,0.5043587466057207,2.6999999999999997,5.58,1.0,3.0924405652028124,24.82,0.40686299842004936,3.3947127,-68.398506,0.6,0.0,0.5
-0.0024541594443384168,0.31344865639584274,0.5072522699762568,0.8999999999999999,8.1,1.0,1.551255836664943,24.825,0.40686299842004936,3.3947127,-68.398506,0.6,0.0,0.5
-0.0005166427243656398,0.3031963641490872,0.508899669350198,0.36,7.02,1.0,15.25406659138768,24.830000000000002,0.40686299842004936,3.3947127,-68.398506,0.6,0.0,0.5
0.0007378941131066837,0.28761596904149134,0.5105344123288956,0.8999999999999999,7.56,1.0,2.2837000640888547,24.835,0.40686299842004936,3.3947127,-68.398506,0.6,0.0,0.5
0.012423276927423843,0.25293051227081875,0.5115989617180166,2.16,5.22,1.0,0.19318216498304963,24.84,0.07086553788661441,1.716714,-44.240654,0.6,0.0,0.5
0.03577799455000819,0.2280133177647573,0.5093207862739929,4.32,2.52,1.0,2.3447370830408474,24.845,0.07086553788661441,1.716714,-44.240654,0.6,0.0,0.5
0.05904326703317686,0.2151786166464574,0.5076360089640627,6.84,-0.54,1.0,0.31525620288703493,24.85,0.07086553788661441,1.716714,-44.240654,0.6,0.0,0.5
0.08033798264641354,0.18287380796120023,0.505700479059414,7.56,0.0,1.0,-0.1577806939909081,24.855,0.07086553788661441,1.716714,-44.240654,0.6,0.0,0.5
0.09765266915320854,0.17132407305814448,0.5032979897718188,9.18,0.36,1.0,-0.7681508835108346,24.86,0.006508389143608439,1.0741775,-10.760017,0.6,0.0,0.5
0.12191131422282933,0.1444313238871639,0.5026619849441968,10.799999999999999,-0.36,1.0,-0.38666951506088054,24.865000000000002,0.006508389143608439,1.0741775,-10.760017,0.6,0.0,0.5
0.1402068753437456,0.12499878000034546,0.50216700465929,11.879999999999999,-0.36,1.0,0.0863673818170625,24.87,0.006508389143608439,1.0741775,-10.760017,0.6,0.0,0.5
0.15569474758276847,0.11513064763273936,0.5011319581635267,13.32,-0.54,1.0,0.5288857692190092,24.875,0.006508389143608439,1.0741775,-10.760017,0.6,0.0,0.5
0.17121860620091495,0.09439382228722629,0.5012633003382355,14.58,-0.36,1.0,-0.6918546098208438,24.88,0.0,-1.6725737,18.007376,0.0,0.6,0.5
0.1867299006705336,0.08909409252742588,0.501507256463009,15.84,-0.36,1.0,-0.020447401348924643,24.885,0.0,-1.6725737,18.007376,0.0,0.6,0.5
0.19974098537098892,0.08147430200240668,0.5008841739720558,17.099999999999998,-0.36,1.0,-0.05096591082492097,24.89,0.0,-1.6725737,18.007376,0.0,0.6,0.5
0.21644636545058601,0.07402046671141412,0.5011706499980765,18.36,-0.36,1.0,-0.005188146610926481,24.895,0.0,-1.6725737,18.007376,0.0,0.6,0.5
0.2342588125862059,0.06765007891605743,0.5007062858810591,19.62,-0.36,1.0,-0.12726218451491178,24.900000000000002,0.0,-5.6024537,-59.554237,0.0,0.0,0.5
0.24728793448463662,0.056316581188806177,0.5003876615341711,21.06,-0.36,1.0,0.23895992919704412,24.905,0.0,-5.6024537,-59.554237,0.0,0.0,0.5
0.2623783587938905,0.03720896442407844,0.5006706709484205,22.32,-0.36,1.0,-0.06622516556291913,24.91,0.0,-5.6024537,-59.554237,0.0,0.0,0.5
0.27936249282992415,0.03314535506163818,0.5004177131537583,23.759999999999998,-0.36,1.0,0.04058961760306801,24.915,0.0,-5.6024537,-59.554237,0.0,0.0,0.5
0.2922618321086016,0.012987548593888093,0.5002803874723902,25.2,-0.36,1.0,-0.09674367503891546,24.92,0.0,-4.3516483,-65.319435,0.0,0.0,0.5
0.30577420501987757,0.01221372207373691,0.5003071183988523,26.64,-0.36,1.0,0.2084414197210478,24.925,0.0,-4.3516483,-65.319435,0.0,0.0,0.5
0.32079060740766985,0.00915468023766183,0.49980540800806195,28.259999999999998,-0.36,1.0,0.04058961760306801,24.93,0.0,-4.3516483,-65.319435,0.0,0.0,0.5
0.33229276126545415,0.0033391224043887017,0.49991869465139177,30.06,-0.36,1.0,0.0863673818170625,24.935000000000002,0.0,-4.3516483,-65.319435,0.0,0.0,0.5
0.3441454693604034,0.012173271246625888,0.49961971965648405,31.68,-0.36,1.0,-0.1577806939909081,24.94,0.0,-7.91074,92.11371,0.0,0.6,0.5
0.35675043899122294,-0.0040248713325232175,0.4993720949624323,33.48,-0.36,1.0,-0.08148442030091729,24.945,0.0,-7.91074,92.11371,0.0,0.6,0.5
0.3671719251445617,-0.014631643450179489,0.49903915900105383,35.46,-0.36,1.0,-0.08148442030091729,24.95,0.0,-7.91074,92.11371,0.0,0.6,0.5
0.37149576450471167,-0.018141195459753855,0.4988412994159643,37.44,-0.36,1.0,0.025330362865069844,24.955000000000002,0.0,-7.91074,92.11371,0.0,0.6,0.5
0.37154357943970706,-0.009609898523265901,0.4987989289467608,39.24,-0.36,1.0,-0.1577806939909081,24.96,0.0,-7.2795897,91.79737,0.0,0.6,0.5
0.3704400866382213,-0.0060381279609057975,0.49864519397987206,41.22,-0.36,1.0,0.3305154576250331,24.965,0.0,-7.2795897,91.79737,0.0,0.6,0.5
0.3677831551161919,0.011075182207583564,0.4984176478449827,43.019999999999996,-0.36,1.0,-0.09674367503891546,24.97,0.0,-7.2795897,91.79737,0.0,0.6,0.5
0.36420993838599325,0.03127965395142424,0.49837207086444785,44.82,-0.36,1.0,0.19318216498304963,24.975,0.0,-7.2795897,91.79737,0.0,0.6,0.5
0.3610125861537645,0.05688277616845694,0.4980481802086126,46.62,-0.36,1.0,-0.29511398663289157,24.98,0.0,-7.9735556,94.19054,0.0,0.6,0.5
0.3572173144140869,0.06219665851143123,0.49793596971775406,48.239999999999995,-0.36,1.0,0.10162663655506066,24.985,0.0,-7.9735556,94.19054,0.0,0.6,0.5
0.3461391544969956,0.07580105267640086,0.49812277307743286,49.86,-0.36,1.0,-0.12726218451491178,24.990000000000002,0.0,-7.9735556,94.19054,0.0,0.6,0.5
0.32888373508129365,0.07840196176682919,0.4981427438052407,51.3,-0.36,1.0,0.05584887234106617,24.995,0.0,-7.9735556,94.19054,0.0,0.6,0.5
0.3052398139534102,0.0887333359473212,0.49836647897602454,52.739999999999995,-0.36,1.0,-0.1577806939909081,25.0,0.0,-8.44016,93.47398,0.0,0.6,0.5
0.28084765607198675,0.07978547316077053,0.4984085482577746,54.0,-0.36,1.0,0.2847376934110386,25.005,0.0,-8.44016,93.47398,0.0,0.6,0.5
0.2537100027821636,0.07143322879538345,0.49871421954622785,55.08,-0.36,1.0,0.025330362865069844,25.01,0.0,-8.44016,93.47398,0.0,0.6,0.5
0.22808755446822207,0.07466100775052661,0.4987007054057939,56.16,-0.36,1.0,0.0863673818170625,25.015,0.0,-8.44016,93.47398,0.0,0.6,0.5
0.20297400301776772,0.06932514569888487,0.49886844949264647,57.239999999999995,-0.36,1.0,-0.08148442030091729,25.02,0.003684593299604833,-8.070725,91.80449,0.0,0.6,0.5
0.18022885452278078,0.08754056563713888,0.4989021941400642,57.96,-0.36,1.0,0.2542191839350423,25.025000000000002,0.003684593299604833,-8.070725,91.80449,0.0,0.6,0.5
0.15909935203944844,0.08585940062675651,0.498958041065534,58.86,-0.36,1.0,0.010071108127071682,25.03,0.003684593299604833,-8.070725,91.80449,0.0,0.6,0.5
0.14003913009835064,0.10093436505750156,0.4994128449545318,59.4,-0.36,1.0,-0.035706656086922806,25.035,0.003684593299604833,-8.070725,91.80449,0.0,0.6,0.5
0.12776430511693093,0.11652378713375112,0.5000018220376367,59.94,-0.36,1.0,0.2542191839350423,25.04,0.04574782058465174,-6.7745523,61.811935,0.0,0.6,0.5
0.10660910080462797,0.1409647375131697,0.5003534165883845,60.3,-0.36,1.0,0.39155247657702574,25.045,0.04574782058465174,-6.7745523,61.811935,0.0,0.6,0.5
0.08846081025658338,0.15597634068657446,0.5006567837670247,60.66,-0.36,1.0,-0.12726218451491178,25.05,0.04574782058465174,-6.7745523,61.811935,0.0,0.6,0.5
0.08048422307018796,0.1749155483481401,0.5008997080778842,60.66,-0.36,1.0,0.025330362865069844,25.055,0.04574782058465174,-6.7745523,61.811935,0.0,0.6,0.5
0.07233187064834738,0.17952059336269732,0.5012500404817922,60.66,-0.36,1.0,0.07110812707906433,25.060000000000002,0.29950411382169984,6.053426,-124.67211,0.6,0.0,0.5
0.058011801964903895,0.2024183024515725,0.501324757013243,60.48,-0.36,1.0,0.17792291024505147,25.065,0.29950411382169984,6.053426,-124.67211,0.6,0.0,0.5
0.05767274046970749,0.2304431243643651,0.501648551813551,59.94,-0.36,1.0,-0.12726218451491178,25.07,0.29950411382169984,6.053426,-124.67211,0.6,0.0,0.5
0.033835209251058984,0.2430585246802357,0.5019830483034667,59.4,-0.36,1.0,0.025330362865069844,25.075,0.29950411382169984,6.053426,-124.67211,0.6,0.0,0.5
0.02899850788201929,0.24017338660813356,0.5021276796107261,58.68,-0.36,1.0,0.10162663655506066,25.080000000000002,1.0339194524944317,2.6136544,-127.36938,0.6,0.0,0.5
0.014227280532156798,0.257223888130413,0.5025241321777056,57.78,-0.36,1.0,0.31525620288703493,25.085,1.0339194524944317,2.6136544,-127.36938,0.6,0.0,0.5
0.027277551072845355,0.2759116286055365,0.5021605406532976,56.519999999999996,-0.36,1.0,-0.1577806939909081,25.09,1.0339194524944317,2.6136544,-127.36938,0.6,0.0,0.5
0.012762083671534022,0.29285028336647567,0.5024300509283589,55.08,-0.36,1.0,0.2847376934110386,25.095,1.0339194524944317,2.6136544,-127.36938,0.6,0.0,0.5
0.016426499337391823,0.2988638378721297,0.5022728857221785,53.64,-0.36,1.0,0.010071108127071682,25.1,1.8820109776380631,3.8526607,-92.284874,0.6,0.0,0.5
0.007705625013457538,0.321746841366378,0.5024987806932999,51.66,-0.36,1.0,0.23895992919704412,25.105,1.8820109776380631,3.8526607,-92.284874,0.6,0.0,0.5
0.008115411220028674,0.33085862401833427,0.5025968297437868,49.68,-0.36,1.0,-0.14252143925290994,25.11,1.8820109776380631,3.8526607,-92.284874,0.6,0.0,0.5
0.020038918364100072,0.34137658213795713,0.5027624288364378,47.519999999999996,-0.36,1.0,0.19318216498304963,25.115000000000002,1.8820109776380631,3.8526607,-92.284874,0.6,0.0,0.5
0.01245210774279467,0.35847271820271326,0.502929318794552,45.0,-0.36,1.0,-0.05096591082492097,25.12,1.8063800569058843,5.45788,-108.803085,0.6,0.0,0.5
0.0027053013069817397,0.37529304218752413,0.5030334978368428,42.3,-0.36,1.0,0.19318216498304963,25.125,1.8063800569058843,5.45788,-108.803085,0.6,0.0,0.5
0.0014635154891856383,0.37792872159999763,0.503290632824527,39.42,-0.36,1.0,-0.38666951506088054,25.13,1.8063800569058843,5.45788,-108.803085,0.6,0.0,0.5
-0.006370313499678241,0.3949501355021739,0.5031399491604474,36.54,-0.36,1.0,0.14740440076905514,25.135,1.8063800569058843,5.45788,-108.803085,0.6,0.0,0.5
-0.0030544564657286975,0.3979741043682346,0.503364595426275,33.3,-0.36,1.0,-0.1577806939909081,25.14,0.9142135185527099,-8.316191,-98.555176,0.0,0.0,0.5
-0.011826419281324198,0.4024502723467563,0.503243705126759,30.06,-0.36,1.0,0.2542191839350423,25.145,0.9142135185527099,-8.316191,-98.555176,0.0,0.0,0.5
-0.007982190344745278,0.4078927615988065,0.5033899954085608,26.82,-0.36,1.0,-0.08148442030091729,25.150000000000002,0.9142135185527099,-8.316191,-98.555176,0.0,0.0,0.5
0.014834836497186168,0.39723555527604715,0.5031553739929151,23.4,-0.36,1.0,0.07110812707906433,25.155,0.9142135185527099,-8.316191,-98.555176,0.0,0.0,0.5
0.0140249012646816,0.39253119353271004,0.5036694195998312,19.98,-0.36,1.0,-0.1577806939909081,25.16,0.2439707041416064,-2.066531,2.2011533,0.0,0.6,0.5
0.03518925484105866,0.39782341979796687,0.503588229852401,16.56,-0.36,1.0,0.14740440076905514,25.165,0.2439707041416064,-2.066531,2.2011533,0.0,0.6,0.5
0.05855858333341372,0.3837261754400795,0.5036180973472382,12.959999999999999,-0.36,1.0,-0.08148442030091729,25.17,0.2439707041416064,-2.066531,2.2011533,0.0,0.6,0.5
0.08579280398601535,0.36955607312906325,0.5035640656625366,9.36,-0.36,1.0,0.05584887234106617,25.175,0.2439707041416064,-2.066531,2.2011533,0.0,0.6,0.5
0.1035994785613509,0.34982144863537823,0.5031615902546874,5.9399999999999995,-0.54,1.0,29.063692129276404,25.18,0.034330430693890884,-4.586477,96.25651,0.0,0.6,0.5
0.12230611241149755,0.3306201263953536,0.5038964285074041,2.88,5.76,1.0,3.168736838892803,25.185000000000002,0.034330430693890884,-4.586477,96.25651,0.0,0.6,0.5
0.13881265514168184,0.3011190466074388,0.5068853886198299,1.08,8.28,1.0,1.5359965819269448,25.19,0.034330430693890884,-4.586477,96.25651,0.0,0.6,0.5
0.14910734747761534,0.26500251398760344,0.5084612538585676,1.08,7.199999999999999,1.0,-0.29511398663289157,25.195,0.034330430693890884,-4.586477,96.25651,0.0,0.6,0.5
0.17004184371636927,0.23372684315179662,0.5094816482745419,2.16,5.9399999999999995,1.0,6.205328531754493,25.2,0.0025472546034421137,-7.8538036,87.72023,0.0,0.6,0.5
0.18552853069666483,0.20893337330233114,0.5098373396389613,4.32,3.42,1.0,0.696737571336989,25.205000000000002,0.0025472546034421137,-7.8538036,87.72023,0.0,0.6,0.5
0.19851436071651993,0.1976935533796681,0.5065703438777825,7.199999999999999,-0.8999999999999999,1.0,1.0324411755730054,25.21,0.0025472546034421137,-7.8538036,87.72023,0.0,0.6,0.5
0.21733256261821854,0.17540681152086532,0.5046424591800255,7.92,0.36,1.0,0.025330362865069844,25.215,0.0025472546034421137,-7.8538036,87.72023,0.0,0.6,0.5
0.23459084746764886,0.150906183977114,0.5039963703545335,9.9,0.8999999999999999,1.0,-0.3561510055848842,25.22,0.0,-7.874612,90.909485,0.0,0.6,0.5
0.2418380498568756,0.1389005458375488,0.501778120893373,12.24,-0.18,1.0,0.1626636555070533,25.225,0.0,-7.874612,90.909485,0.0,0.6,0.5
0.24272433689735332,0.12384989976109084,0.5014302300247672,13.86,-0.36,1.0,-0.005188146610926481,25.23,0.0,-7.874612,90.909485,0.0,0.6,0.5
0.24278878286044725,0.09870835743474729,0.5014015015378537,16.02,-0.36,1.0,0.2084414197210478,25.235,0.0,-7.874612,90.909485,0.0,0.6,0.5
0.2398187409966307,0.09327403892527618,0.5004598954831396,17.82,-0.36,1.0,0.17792291024505147,25.240000000000002,0.004123787416880375,-7.992633,87.31453,0.0,0.6,0.5
0.23414162576115752,0.09669625935717235,0.5003102992256951,19.62,-0.36,1.0,0.23895992919704412,25.245,0.004123787416880375,-7.992633,87.31453,0.0,0.6,0.5
0.22178592638677622,0.09450313672634623,0.5006431958586793,21.419999999999998,-0.36,1.0,-0.09674367503891546,25.25,0.004123787416880375,-7.992633,87.31453,0.0,0.6,0.5
0.20473157491014143,0.10992094972545349,0.4998336818377378,23.22,-0.36,1.0,0.23895992919704412,25.255,0.004123787416880375,-7.992633,87.31453,0.0,0.6,0.5
0.1858479386809884,0.13145203902640012,0.4994378315458351,24.84,-0.36,1.0,-0.11200292977691362,25.26,0.04991168200595643,-8.371858,77.1372,0.0,0.6,0.5
0.16679801554605794,0.16358175960969307,0.4996848882385837,26.459999999999997,-0.36,1.0,0.2542191839350423,25.265,0.04991168200595643,-8.371858,77.1372,0.0,0.6,0.5
0.1472089282682753,0.18508470331524318,0.4989752137985837,27.9,-0.36,1.0,-0.005188146610926481,25.27,0.04991168200595643,-8.371858,77.1372,0.0,0.6,0.5
0.13062139396469127,0.20260990479491775,0.4988667740020294,29.34,-0.36,1.0,0.05584887234106617,25.275000000000002,0.04991168200595643,-8.371858,77.1372,0.0,0.6,0.5
0.10767952619587,0.22251526659238247,0.4990906453753311,30.599999999999998,-0.36,1.0,0.05584887234106617,25.28,0.31853684472939875,-7.540971,-97.66646,0.0,0.0,0.5
0.08934497778968241,0.22982584892263686,0.4988393626665451,31.86,-0.36,1.0,0.2542191839350423,25.285,0.31853684472939875,-7.540971,-97.66646,0.0,0.0,0.5
0.07748266560085193,0.23755903870760994,0.498490605836242,32.94,-0.36,1.0,-0.14252143925290994,25.29,0.31853684472939875,-7.540971,-97.66646,0.0,0.0,0.5
0.07298019923139965,0.25271104640725367,0.4984098683117534,34.019999999999996,-0.36,1.0,-0.020447401348924643,25.295,0.31853684472939875,-7.540971,-97.66646,0.0,0.0,0.5
0.057211387408650075,0.2566160551499942,0.4982327562196403,34.92,-0.36,1.0,0.07110812707906433,25.3,1.0719355483621802,3.5308793,-91.84056,0.6,0.0,0.5
0.0463914455772468,0.2831620937505928,0.4978639104749649,35.64,-0.36,1.0,0.23895992919704412,25.305,1.0719355483621802,3.5308793,-91.84056,0.6,0.0,0.5
0.051731421064764305,0.29024232328976873,0.49773698571685815,36.36,-0.36,1.0,-0.14252143925290994,25.310000000000002,1.0719355483621802,3.5308793,-91.84056,0.6,0.0,0.5
0.047173789882487334,0.3132961382235389,0.49729342009973804,36.9,-0.36,1.0,0.0863673818170625,25.315,1.0719355483621802,3.5308793,-91.84056,0.6,0.0,0.5
0.027763163547706277,0.32637805118337615,0.497638889858517,37.26,-0.36,1.0,-0.06622516556291913,25.32,1.902081864959832,5.604599,-109.312706,0.6,0.0,0.5
0.02004015656957064,0.3392401659855857,0.49738444411369453,37.62,-0.36,1.0,-0.09674367503891546,25.325,1.902081864959832,5.604599,-109.312706,0.6,0.0,0.5
0.021614623613177168,0.35143527179954065,0.49722059129431,37.62,-0.36,1.0,0.025330362865069844,25.330000000000002,1.902081864959832,5.604599,-109.312706,0.6,0.0,0.5
0.013063003407779307,0.3637774690268499,0.4973247724723443,37.62,-0.36,1.0,0.2847376934110386,25.335,1.902081864959832,5.604599,-109.312706,0.6,0.0,0.5
0.01111024583065276,0.37554578432527147,0.49707016443575464,37.26,-0.36,1.0,-0.11200292977691362,25.34,1.7796773278406923,5.6186543,-100.44268,0.6,0.0,0.5
0.008868936812853969,0.38662820592706637,0.4968027427783261,36.9,-0.36,1.0,0.17792291024505147,25.345,1.7796773278406923,5.6186543,-100.44268,0.6,0.0,0.5
0.005643542058911495,0.38493290915185274,0.4967024038430694,36.18,-0.36,1.0,-0.1577806939909081,25.35,1.7796773278406923,5.6186543,-100.44268,0.6,0.0,0.5
-0.0008348646378348253,0.4060330893586906,0.49660910215231624,35.28,-0.36,1.0,0.07110812707906433,25.355,1.7796773278406923,5.6186543,-100.44268,0.6,0.0,0.5
0.001461473659426294,0.41497229107872813,0.4962600175314594,34.199999999999996,-0.36,1.0,0.07110812707906433,25.36,0.8780209171863363,6.1011114,-19.962816,0.6,0.0,0.5
-0.0010187122398237786,0.4165756805172434,0.49630158164326127,32.76,-0.36,1.0,-0.005188146610926481,25.365000000000002,0.8780209171863363,6.1011114,-19.962816,0.6,0.0,0.5
0.00034773144601877497,0.4134344459876872,0.4963319569228001,31.32,-0.36,1.0,0.025330362865069844,25.37,0.8780209171863363,6.1011114,-19.962816,0.6,0.0,0.5
-0.0048059642558340625,0.41019866010837913,0.49616715220168645,29.88,-0.36,1.0,0.11688589129305882,25.375,0.8780209171863363,6.1011114,-19.962816,0.6,0.0,0.5
0.008213796520892425,0.4204388108449956,0.4959147652486039,28.08,-0.36,1.0,-0.1577806939909081,25.38,0.22841256369550852,1.4718941,-87.34099,0.6,0.0,0.5
-0.00923852566684039,0.4159100818017376,0.49574275207608004,26.279999999999998,-0.36,1.0,0.05584887234106617,25.385,0.22841256369550852,1.4718941,-87.34099,0.6,0.0,0.5
0.011535033744086497,0.4042870432997602,0.49550432357690494,24.3,-0.36,1.0,-0.05096591082492097,25.39,0.22841256369550852,1.4718941,-87.34099,0.6,0.0,0.5
0.011382290046369958,0.38830059022010976,0.49561175394036194,22.32,-0.36,1.0,0.010071108127071682,25.395,0.22841256369550852,1.4718941,-87.34099,0.6,0.0,0.5
0.025239716739528944,0.3605789294172018,0.4955324607675995,20.34,-0.36,1.0,0.2084414197210478,25.400000000000002,0.03133189381144131,4.836266,-15.886372,0.6,0.0,0.5
0.041845556754041065,0.3375453992375939,0.4956231324568317,18.18,-0.36,1.0,-0.005188146610926481,25.405,0.03133189381144131,4.836266,-15.886372,0.6,0.0,0.5
0.07242504666157112,0.3147609374117314,0.49563046510740877,16.02,-0.36,1.0,-0.05096591082492097,25.41,0.03133189381144131,4.836266,-15.886372,0.6,0.0,0.5
0.07951525739534179,0.28153114630396864,0.49609170282886794,13.86,-0.36,1.0,0.1626636555070533,25.415,0.03133189381144131,4.836266,-15.886372,0.6,0.0,0.5
0.11076704962335014,0.2450980889486564,0.49578532972915446,11.7,-0.36,1.0,-0.035706656086922806,25.42,0.0022662344398402586,2.9751217,-84.35286,0.6,0.0,0.5
0.12197735905860342,0.22483889487264788,0.49545963585373676,9.36,-0.36,1.0,-0.12726218451491178,25.425,0.0022662344398402586,2.9751217,-84.35286,0.6,0.0,0.5
0.13658805836854507,0.19997891668037285,0.4952708455798996,7.199999999999999,-0.36,1.0,-0.23407696768089892,25.43,0.0022662344398402586,2.9751217,-84.35286,0.6,0.0,0.5
0.1546199477583192,0.17616245814632442,0.4952032974425295,5.22,1.44,1.0,4.755699331644667,25.435000000000002,0.0022662344398402586,2.9751217,-84.35286,0.6,0.0,0.5
0.1755704966195243,0.1607453176661867,0.4966063596412793,4.14,3.42,1.0,2.1921445356608658,25.44,0.0,5.3293447,-35.03083,0.6,0.0,0.5
0.19062178122985302,0.14811785586519452,0.49807899657408783,4.32,2.52,1.0,2.8940702536088363,25.445,0.0,5.3293447,-35.03083,0.6,0.0,0.5
0.20465608318409664,0.12553018371115104,0.49846940131333384,5.3999999999999995,1.6199999999999999,1.0,0.6509598071229945,25.45,0.0,5.3293447,-35.03083,0.6,0.0,0.5
0.2238099047401079,0.10675362228128524,0.4986747894967422,7.38,-0.54,1.0,0.2847376934110386,25.455000000000002,0.0,5.3293447,-35.03083,0.6,0.0,0.5
0.23877459742936796,0.10617918808169335,0.4974671093885585,8.1,0.0,1.0,-0.08148442030091729,25.46,0.0,5.7411366,-56.180336,0.6,0.0,0.5
0.25254702825665526,0.08931426180176269,0.496945121497437,9.9,-0.18,1.0,-0.05096591082492097,25.465,0.0,5.7411366,-56.180336,0.6,0.0,0.5
0.26967046448668874,0.07520921865945908,0.4967620050231311,11.7,-0.54,1.0,0.025330362865069844,25.47,0.0,5.7411366,-56.180336,0.6,0.0,0.5
0.2854469110823898,0.0684107296957237,0.4964098437077835,13.5,-0.54,1.0,0.010071108127071682,25.475,0.0,5.7411366,-56.180336,0.6,0.0,0.5
0.29688822417328403,0.05648785386854581,0.49661893598244977,15.66,-0.54,1.0,0.3305154576250331,25.48,0.0,5.909771,-91.68995,0.6,0.0,0.5
0.3118059311146295,0.05005687800006274,0.49698011994261615,17.82,-0.54,1.0,-0.005188146610926481,25.485,0.0,5.909771,-91.68995,0.6,0.0,0.5
0.3255361950430151,0.04577911871291403,0.49711263280170304,20.16,-0.54,1.0,-0.020447401348924643,25.490000000000002,0.0,5.909771,-91.68995,0.6,0.0,0.5
0.3361518598913969,0.032845467700386814,0.4972018723240157,22.68,-0.54,1.0,0.010071108127071682,25.495,0.0,5.909771,-91.68995,0.6,0.0,0.5
0.347539059740679,0.019519947917948807,0.4973441880244732,25.38,-0.54,1.0,0.23895992919704412,25.5,0.0,6.3153906,-81.663055,0.6,0.0,0.5
0.36076594696401937,0.023508677791301048,0.49676694285540873,28.259999999999998,-0.54,1.0,0.23895992919704412,25.505,0.0,6.3153906,-81.663055,0.6,0.0,0.5
0.37012025961713174,0.011871659062312793,0.49683991329217125,31.14,-0.54,1.0,-0.005188146610926481,25.51,0.0,6.3153906,-81.663055,0.6,0.0,0.5
0.3792457668728891,0.014544422645089731,0.49715510387290046,34.019999999999996,-0.54,1.0,0.010071108127071682,25.515,0.0,6.3153906,-81.663055,0.6,0.0,0.5
0.38884130385766974,0.009671817450371245,0.4970445854245851,37.08,-0.54,1.0,0.04058961760306801,25.52,0.0,7.5327296,-87.5871,0.6,0.0,0.5
0.3971499648866004,0.004218488801861638,0.49656190923564403,40.14,-0.54,1.0,-0.26459547715689524,25.525000000000002,0.0,7.5327296,-87.5871,0.6,0.0,0.5
0.40477552233923986,0.009530822936360178,0.4965023767282488,43.199999999999996,-0.54,1.0,0.23895992919704412,25.53,0.0,7.5327296,-87.5871,0.6,0.0,0.5
0.4121082298765179,-0.0005233267276620668,0.49694679199882547,46.44,-0.54,1.0,0.2084414197210478,25.535,0.0,7.5327296,-87.5871,0.6,0.0,0.5
0.41873313286279423,-0.006848775432822717,0.4966342819126691,49.5,-0.36,1.0,0.10162663655506066,25.54,0.0,7.3334103,-85.19176,0.6,0.0,0.5
0.4250839913193325,-0.01250732175030869,0.49639079827899085,52.379999999999995,-0.36,1.0,-0.12726218451491178,25.545,0.0,7.3334103,-85.19176,0.6,0.0,0.5
0.43114578611105914,0.004546737391605215,0.4968738486350067,55.44,-0.36,1.0,0.10162663655506066,25.55,0.0,7.3334103,-85.19176,0.6,0.0,0.5
0.4363887830839762,-0.00019569548118701869,0.49716599061546235,58.32,-0.36,1.0,-0.14252143925290994,25.555,0.0,7.3334103,-85.19176,0.6,0.0,0.5
0.4411002550508002,-0.012163523463066168,0.4974109995935009,61.199999999999996,-0.36,1.0,-0.035706656086922806,25.560000000000002,0.0,7.078119,-86.03525,0.6,0.0,0.5
0.4473010621047181,-0.013452903690308927,0.4967969573327112,63.9,-0.36,1.0,0.0863673818170625,25.565,0.0,7.078119,-86.03525,0.6,0.0,0.5
0.4525729567700215,0.00048133093616550685,0.4964944983225443,66.6,-0.36,1.0,0.10162663655506066,25.57,0.0,7.078119,-86.03525,0.6,0.0,0.5
0.4564861424879189,-0.008823657019836026,0.4968148624352713,69.12,-0.36,1.0,-0.08148442030091729,25.575,0.0,7.078119,-86.03525,0.6,0.0,0.5
0.46144748651488116,-0.021543010580241665,0.4966235531158937,71.46,-0.36,1.0,0.3762932218390276,25.580000000000002,0.0,7.629654,-89.052315,0.6,0.0,0.5
0.46544377365553585,-0.01125022146514495,0.4970908749706239,73.61999999999999,-0.36,1.0,-0.12726218451491178,25.585,0.0,7.629654,-89.052315,0.6,0.0,0.5
0.4691016368942298,-0.0020038603816298793,0.4971178050227031,75.6,-0.36,1.0,0.0863673818170625,25.59,0.0,7.629654,-89.052315,0.6,0.0,0.5
0.4731618462764824,0.002499752583840321,0.4971071573718367,77.39999999999999,-0.36,1.0,-0.21881771294290076,25.595,0.0,7.629654,-89.052315,0.6,0.0,0.5
0.4772220542515881,0.0017225077035493321,0.49714023586584966,78.84,-0.36,1.0,0.29999694814903677,25.6,0.0,7.423063,-75.92575,0.6,0.0,0.5
0.4808196236810135,0.005883010975828157,0.4968226525375175,80.1,-0.36,1.0,-0.05096591082492097,25.605,0.0,7.423063,-75.92575,0.6,0.0,0.5
0.48401775002412156,-0.003209193691682381,0.4967929644889804,80.82,-0.36,1.0,0.14740440076905514,25.61,0.0,7.423063,-75.92575,0.6,0.0,0.5
0.48692294418424636,0.0008106707330969873,0.496798226742002,81.17999999999999,-0.36,1.0,0.04058961760306801,25.615000000000002,0.0,7.423063,-75.92575,0.6,0.0,0.5
0.48928174110065586,-0.008028421437446306,0.49705536707081593,81.17999999999999,-0.36,1.0,0.11688589129305882,25.62,0.0,-6.923835,-65.53302,0.0,0.0,0.5
0.49164325907888656,-0.013803389653060799,0.49712912120523195,81.0,-0.36,1.0,-0.09674367503891546,25.625,0.0,-6.923835,-65.53302,0.0,0.0,0.5
0.49385773197206834,-0.0211592535766832,0.49740043115731986,80.64,-0.36,1.0,-0.08148442030091729,25.63,0.0,-6.923835,-65.53302,0.0,0.0,0.5
0.4961899608560655,-0.0098324007821036,0.4975166506432205,79.74,-0.36,1.0,-0.11200292977691362,25.635,0.0,-6.923835,-65.53302,0.0,0.0,0.5
0.4976552973451315,-0.01062456108119424,0.49828706089432895,78.84,-0.36,1.0,-0.05096591082492097,25.64,0.0,-6.6675053,-71.11388,0.0,0.0,0.5
0.5004290457453063,-0.0031154850760083037,0.4980718191531832,77.94,-0.36,1.0,0.025330362865069844,25.645,0.0,-6.6675053,-71.11388,0.0,0.0,0.5
0.5019898694091024,-0.014446347633144022,0.49832350077485277,76.86,-0.36,1.0,0.07110812707906433,25.650000000000002,0.0,-6.6675053,-71.11388,0.0,0.0,0.5
0.5044726838451036,-0.004552441163667855,0.4979827473784085,75.78,-0.36,1.0,-0.035706656086922806,25.655,0.0,-6.6675053,-71.11388,0.0,0.0,0.5
0.5063004182490751,-0.010388431687101478,0.49836001577838507,74.52,-0.36,1.0,0.42207098605302207,25.66,0.0,-6.3556232,-80.644264,0.0,0.0,0.5
0.5069910727487145,-0.01698625689373375,0.4991365732910622,73.44,-0.36,1.0,-0.2035584582049026,25.665,0.0,-6.3556232,-80.644264,0.0,0.0,0.5
0.5087101624690169,-0.015891086823292877,0.49906908281851253,72.36,-0.36,1.0,0.22370067445904596,25.67,0.0,-6.3556232,-80.644264,0.0,0.0,0.5
0.5106236777436146,-0.015332542644504012,0.49901473026256193,71.28,-0.36,1.0,-0.06622516556291913,25.675,0.0,-6.3556232,-80.644264,0.0,0.0,0.5
0.5124418435667771,-0.008837084867376324,0.49887812956387445,70.2,-0.36,1.0,0.22370067445904596,25.68,0.0,-4.6526318,-60.971752,0.0,0.0,0.5
0.5135705908577295,0.005013477353940645,0.4993355461615798,69.12,-0.36,1.0,0.010071108127071682,25.685000000000002,0.0,-4.6526318,-60.971752,0.0,0.0,0.5
0.5141423898884423,-0.0033619264995427773,0.5003069744064839,68.22,-0.36,1.0,0.22370067445904596,25.69,0.0,-4.6526318,-60.971752,0.0,0.0,0.5
0.5156125581254875,-0.006588166934127467,0.5003819000259855,67.32,-0.36,1.0,-0.05096591082492097,25.695,0.0,-4.6526318,-60.971752,0.0,0.0,0.5
0.5159067939822642,-0.0013853230655029277,0.501130054564997,66.6,-0.36,1.0,0.2084414197210478,25.7,0.0,-5.042077,38.073418,0.0,0.6,0.5
0.5149088386530951,-0.013749364749142796,0.501555427113969,65.88,-0.36,1.0,-0.08148442030091729,25.705000000000002,0.0,-5.042077,38.073418,0.0,0.6,0.5
0.5141004972016062,-0.004915451718398618,0.5020599059272115,65.52,-0.36,1.0,0.010071108127071682,25.71,0.0,-5.042077,38.073418,0.0,0.6,0.5
0.514119005488783,0.0031343186142565047,0.5024142899604597,64.98,-0.36,1.0,0.010071108127071682,25.715,0.0,-5.042077,38.073418,0.0,0.6,0.5
0.512605531847101,-0.0008473985953394989,0.5024476033514957,64.62,-0.36,1.0,0.42207098605302207,25.72,0.0,-6.3976126,89.7499,0.0,0.6,0.5
0.5082180497871772,-4.995748631693128e-05,0.5028928590052252,64.44,-0.36,1.0,-0.035706656086922806,25.725,0.0,-6.3976126,89.7499,0.0,0.6,0.5
0.49310858681485675,0.0016539666673222003,0.5032011056323951,64.25999999999999,-0.36,1.0,0.04058961760306801,25.73,0.0,-6.3976126,89.7499,0.0,0.6,0.5
0.4660451551255002,-0.010310089464319442,0.5036643067592179,64.08,-0.36,1.0,-0.035706656086922806,25.735,0.0,-6.3976126,89.7499,0.0,0.6,0.5
0.434137146125718,-0.005196307822362814,0.5039837367271394,63.9,-0.36,1.0,0.19318216498304963,25.740000000000002,0.0,-7.9269495,87.82473,0.0,0.6,0.5
0.4014262120824215,-0.008191115311138811,0.5038966893365028,63.54,-0.36,1.0,-0.24933622241889708,25.745,0.0,-7.9269495,87.82473,0.0,0.6,0.5
0.36811962420693123,-0.012322933596026436,0.5040358386663464,63.18,-0.36,1.0,0.26947843867304044,25.75,0.0,-7.9269495,87.82473,0.0,0.6,0.5
0.3358937605571201,-0.0026666800701958663,0.5036046912543667,62.82,-0.36,1.0,0.10162663655506066,25.755,0.0,-7.9269495,87.82473,0.0,0.6,0.5
0.3055286252449388,-0.007726449040782994,0.503486905289644,62.46,-0.36,1.0,0.29999694814903677,25.76,0.0,-7.9059544,93.02033,0.0,0.6,0.5
0.2761019031822749,-0.0033734612545155297,0.5029855955314114,61.919999999999995,-0.36,1.0,0.05584887234106617,25.765,0.0,-7.9059544,93.02033,0.0,0.6,0.5
0.2481203651249304,-0.016633118598808942,0.5031216154635205,61.379999999999995,-0.36,1.0,0.010071108127071682,25.77,0.0,-7.9059544,93.02033,0.0,0.6,0.5
0.2215299634782145,-0.019909005717020874,0.5031488087778614,60.66,-0.36,1.0,0.05584887234106617,25.775000000000002,0.0,-7.9059544,93.02033,0.0,0.6,0.5
0.19748264472716448,-0.027830210986838622,0.5027995924070164,59.94,-0.36,1.0,0.10162663655506066,25.78,0.005413387596868156,-7.5183587,83.74922,0.0,0.6,0.5
0.17475396920496047,-0.02634053829907701,0.5027608371677655,59.22,-0.36,1.0,-0.18829920346690443,25.785,0.005413387596868156,-7.5183587,83.74922,0.0,0.6,0.5
0.15538555802470025,-0.002665992724024043,0.5023115060091911,58.32,-0.36,1.0,0.1626636555070533,25.79,0.005413387596868156,-7.5183587,83.74922,0.0,0.6,0.5
0.13599170014598097,0.003924807533709733,0.5019587998570327,57.419999999999995,-0.36,1.0,0.04058961760306801,25.795,0.005413387596868156,-7.5183587,83.74922,0.0,0.6,0.5
0.11705100985571265,0.020261427134989914,0.5019624440643816,56.339999999999996,-0.36,1.0,0.26947843867304044,25.8,0.06154477364844738,-7.3272076,72.57812,0.0,0.6,0.5
0.09328876211375568,0.07067583985288989,0.5020710650934251,55.26,-0.36,1.0,-0.18829920346690443,25.805,0.06154477364844738,-7.3272076,72.57812,0.0,0.6,0.5
0.08955594128948197,0.0714007037873768,0.5016386647608767,54.18,-0.36,1.0,-0.020447401348924643,25.810000000000002,0.06154477364844738,-7.3272076,72.57812,0.0,0.6,0.5
0.07970174334318011,0.09760552318040913,0.5016750310761564,52.919999999999995,-0.36,1.0,0.17792291024505147,25.815,0.06154477364844738,-7.3272076,72.57812,0.0,0.6,0.5
0.07050568649483176,0.11931385388464612,0.5013084163959144,51.66,-0.36,1.0,0.46784875026701656,25.82,0.36894766451535105,-6.0602903,-61.679405,0.0,0.0,0.5
0.06320224033778875,0.12838298211905746,0.5013402693086864,50.4,-0.36,1.0,0.010071108127071682,25.825,0.36894766451535105,-6.0602903,-61.679405,0.0,0.0,0.5
0.06508950176470212,0.14665841948124453,0.5012917390439902,48.96,-0.36,1.0,0.14740440076905514,25.830000000000002,0.36894766451535105,-6.0602903,-61.679405,0.0,0.0,0.5
0.053285643910833284,0.16508527251579344,0.5010570962023562,47.339999999999996,-0.36,1.0,-0.18829920346690443,25.835,0.36894766451535105,-6.0602903,-61.679405,0.0,0.0,0.5
0.05590048485413906,0.1865859819953237,0.5007036100070758,45.9,-0.36,1.0,0.04058961760306801,25.84,1.1662452392661533,6.6895156,-95.35029,0.6,0.0,0.5
0.04634734143006452,0.20807180226481994,0.5006362760128406,44.28,-0.36,1.0,-0.06622516556291913,25.845,1.1662452392661533,6.6895156,-95.35029,0.6,0.0,0.5
0.04760963762785477,0.22584213484370422,0.5005183855264752,42.48,-0.36,1.0,0.1626636555070533,25.85,1.1662452392661533,6.6895156,-95.35029,0.6,0.0,0.5
0.02120032097774424,0.24364774735416256,0.5004623721839666,40.68,-0.36,1.0,-0.005188146610926481,25.855,1.1662452392661533,6.6895156,-95.35029,0.6,0.0,0.5
0.014359924239675073,0.2520967920306457,0.5001304901390692,38.879999999999995,-0.36,1.0,0.2084414197210478,25.86,1.9438669410827325,5.7197256,-68.64156,0.6,0.0,0.5
0.020941665674723088,0.26630067752838554,0.5002430638189564,36.9,-0.36,1.0,-0.06622516556291913,25.865000000000002,1.9438669410827325,5.7197256,-68.64156,0.6,0.0,0.5
0.026839140697364542,0.28463292865520556,0.5003073225703679,34.92,-0.36,1.0,0.22370067445904596,25.87,1.9438669410827325,5.7197256,-68.64156,0.6,0.0,0.5
0.011462035733707828,0.29951051538528123,0.5001595898199487,32.94,-0.36,1.0,-0.12726218451491178,25.875,1.9438669410827325,5.7197256,-68.64156,0.6,0.0,0.5
0.009157100579246588,0.3064976659877208,0.5001797436392977,30.779999999999998,-0.36,1.0,0.1626636555070533,25.88,1.7084202693157136,5.1097713,-96.772316,0.6,0.0,0.5
0.012537805689000973,0.3217390439942042,0.500163033928414,28.619999999999997,-0.36,1.0,0.04058961760306801,25.885,1.7084202693157136,5.1097713,-96.772316,0.6,0.0,0.5
0.018614924832712678,0.34025791238392306,0.5000750365751249,26.279999999999998,-0.36,1.0,0.3305154576250331,25.89,1.7084202693157136,5.1097713,-96.772316,0.6,0.0,0.5
0.007647807347170559,0.3501799853388151,0.5000769699427531,23.939999999999998,-0.36,1.0,-0.29511398663289157,25.895,1.7084202693157136,5.1097713,-96.772316,0.6,0.0,0.5
-0.00020833721829787054,0.36339605196619174,0.5001493722966304,21.419999999999998,-0.36,1.0,0.11688589129305882,25.900000000000002,0.791725127284772,3.8493025,-88.791435,0.6,0.0,0.5
0.0035364002487313674,0.38015385019229714,0.5001494923307588,18.9,-0.36,1.0,0.04058961760306801,25.905,0.791725127284772,3.8493025,-88.791435,0.6,0.0,0.5
0.0014676816993259485,0.3798825573458242,0.5002720164400956,16.38,-0.36,1.0,0.17792291024505147,25.91,0.791725127284772,3.8493025,-88.791435,0.6,0.0,0.5
-0.001859759885539457,0.3765824678373234,0.5003906409173362,13.86,-0.36,1.0,0.025330362865069844,25.915,0.791725127284772,3.8493025,-88.791435,0.6,0.0,0.5
-0.0042825767164693575,0.3780480959051383,0.5003848077888664,11.16,-0.36,1.0,0.3305154576250331,25.92,0.1934664547027673,5.5982,-65.64434,0.6,0.0,0.5
0.002659601255160119,0.37053300314305976,0.5004719758913214,8.28,-0.36,1.0,-0.17303994872890627,25.925,0.1934664547027673,5.5982,-65.64434,0.6,0.0,0.5
0.01218643393228068,0.3461977819654271,0.5003277264791687,5.58,-0.54,1.0,19.465620899075283,25.93,0.1934664547027673,5.5982,-65.64434,0.6,0.0,0.5
0.02069425780206784,0.31556678994151716,0.5012002049748516,3.2399999999999998,4.68,1.0,2.5278481398968253,25.935000000000002,0.1934664547027673,5.5982,-65.64434,0.6,0.0,0.5
0.028400038324273152,0.29159822314465855,0.5038412241422623,1.7999999999999998,6.3,1.0,1.3376262703329687,25.94,0.024928058174791056,4.1670275,-65.27614,0.6,0.0,0.5
0.03971613701567087,0.258685690813621,0.5051818362226885,1.6199999999999999,5.58,1.0,10.340586565752105,25.945,0.024928058174791056,4.1670275,-65.27614,0.6,0.0,0.5
0.06081958734042621,0.24216589248940057,0.506673144487188,2.34,5.22,1.0,0.7119968260749872,25.95,0.024928058174791056,4.1670275,-65.27614,0.6,0.0,0.5
0.06777261843627491,0.21836349798363353,0.5070536387635839,3.96,2.6999999999999997,1.0,3.5807367168187536,25.955000000000002,0.024928058174791056,4.1670275,-65.27614,0.6,0.0,0.5
0.08103183941886974,0.20415792765206955,0.5044722787417528,5.9399999999999995,0.18,1.0,1.6885891293069264,25.96,0.0016936464547747485,1.1711144,-79.24481,0.6,0.0,0.5
0.11275308641190156,0.18511426186562696,0.5028539129792317,7.199999999999999,-0.36,1.0,-0.09674367503891546,25.965,0.0016936464547747485,1.1711144,-79.24481,0.6,0.0,0.5
0.13094390934592984,0.16148804030165043,0.501515821641591,8.82,0.18,1.0,-0.29511398663289157,25.97,0.0016936464547747485,1.1711144,-79.24481,0.6,0.0,0.5
0.1380014519606757,0.1562322547317418,0.5000302622344216,10.44,-0.36,1.0,-0.5392620624408622,25.975,0.0016936464547747485,1.1711144,-79.24481,0.6,0.0,0.5
0.16041004197594397,0.12584506584647748,0.5001796328299848,11.7,-0.36,1.0,-0.12726218451491178,25.98,0.0,-6.084731,-83.38051,0.0,0.0,0.5
0.1800671017385007,0.12225620640621876,0.49955274708483666,13.139999999999999,-0.54,1.0,0.2084414197210478,25.985,0.0,-6.084731,-83.38051,0.0,0.0,0.5
0.1945245736761597,0.10121937957093786,0.4990232714646822,14.58,-0.36,1.0,0.1626636555070533,25.990000000000002,0.0,-6.084731,-83.38051,0.0,0.0,0.5
0.21286882663403228,0.08804087300600112,0.49907820311904627,16.02,-0.36,1.0,-0.2798547318948934,25.995,0.0,-6.084731,-83.38051,0.0,0.0,0.5
0.23088391659779545,0.07685974976057444,0.4992258943885933,17.46,-0.36,1.0,0.14740440076905514,26.0,0.0,-5.3155336,101.928444,0.0,0.6,0.5
0.2444384139396041,0.06009350558839063,0.49866216921403267,19.08,-0.36,1.0,0.23895992919704412,26.005,0.0,-5.3155336,101.928444,0.0,0.6,0.5
0.26070623614488664,0.06233678573572683,0.498637456548103,20.7,-0.36,1.0,-0.06622516556291913,26.01,0.0,-5.3155336,101.928444,0.0,0.6,0.5
0.277763335641517,0.04496246777776517,0.49806158813970947,22.32,-0.36,1.0,-0.3714102603228824,26.015,0.0,-5.3155336,101.928444,0.0,0.6,0.5
0.29037474128199076,0.03401922435458538,0.49786151369509807,24.119999999999997,-0.36,1.0,0.22370067445904596,26.02,0.0,-6.2067223,87.995636,0.0,0.6,0.5
0.30406585549664733,0.037286335025932274,0.49798573447930305,25.919999999999998,-0.36,1.0,0.3610339671010294,26.025000000000002,0.0,-6.2067223,87.995636,0.0,0.6,0.5
0.31916484605088224,0.036179143987407625,0.4978080258549266,27.72,-0.36,1.0,0.11688589129305882,26.03,0.0,-6.2067223,87.995636,0.0,0.6,0.5
0.3313514854955972,0.018112333451224927,0.4971934704921691,29.7,-0.36,1.0,-0.08148442030091729,26.035,0.0,-6.2067223,87.995636,0.0,0.6,0.5
0.34221801628191667,0.016499025570317932,0.49746657598905314,31.68,-0.54,1.0,-0.1577806939909081,26.04,0.0,-6.149646,69.90848,0.0,0.6,0.5
0.3551372804377271,0.018063817861221996,0.4971893643171609,33.66,-0.54,1.0,0.17792291024505147,26.045,0.0,-6.149646,69.90848,0.0,0.6,0.5
0.3653754847707187,0.021343879140761787,0.49704232144394433,35.82,-0.36,1.0,0.2084414197210478,26.05,0.0,-6.149646,69.90848,0.0,0.6,0.5
0.37029148181902855,0.004813482619714265,0.4972829622821926,37.98,-0.36,1.0,-0.18829920346690443,26.055,0.0,-6.149646,69.90848,0.0,0.6,0.5
0.37232092808598155,0.013096860075953011,0.4967288036748453,40.14,-0.36,1.0,0.22370067445904596,26.060000000000002,0.0,-7.514385,87.920685,0.0,0.6,0.5
0.37239054585030285,0.013353779069889745,0.49645087281826117,42.3,-0.36,1.0,-0.035706656086922806,26.065,0.0,-7.514385,87.920685,0.0,0.6,0.5
0.37039774685400356,0.009565153141533281,0.49630060748931976,44.28,-0.36,1.0,-0.05096591082492097,26.07,0.0,-7.514385,87.920685,0.0,0.6,0.5
0.3675083919413831,0.012927081180335408,0.4958343946344872,46.26,-0.36,1.0,-0.12726218451491178,26.075,0.0,-7.514385,87.920685,0.0,0.6,0.5
0.36474766982705553,0.006886407734888694,0.49539787589805184,48.239999999999995,-0.36,1.0,0.11688589129305882,26.080000000000002,0.01016496134477155,-7.7881355,86.30378,0.0,0.6,0.5
0.35964180970004234,0.0015208833161067692,0.4960395956087876,50.22,-0.36,1.0,0.14740440076905514,26.085,0.01016496134477155,-7.7881355,86.30378,0.0,0.6,0.5
0.3502368085432843,0.02069580138185087,0.49628168273614054,52.019999999999996,-0.36,1.0,-0.21881771294290076,26.09,0.01016496134477155,-7.7881355,86.30378,0.0,0.6,0.5
0.33157274265038034,0.018664784596007403,0.49647446796401995,53.64,-0.36,1.0,-0.14252143925290994,26.095,0.01016496134477155,-7.7881355,86.30378,0.0,0.6,0.5
0.3092672735544721,0.02975807120744382,0.4965138024019722,55.08,-0.36,1.0,0.14740440076905514,26.1,0.09939684548832559,-6.5097036,-14.302296,0.0,0.0,0.5
0.28294011869499164,0.05814079340166868,0.4968178503999212,56.519999999999996,-0.36,1.0,0.025330362865069844,26.105,0.09939684548832559,-6.5097036,-14.302296,0.0,0.0,0.5
0.25668610503922956,0.08094014752209489,0.4970111340018608,57.96,-0.36,1.0,0.1626636555070533,26.11,0.09939684548832559,-6.5097036,-14.302296,0.0,0.0,0.5
0.23022675457685868,0.08733914682223318,0.49714683422957956,59.22,-0.36,1.0,0.10162663655506066,26.115000000000002,0.09939684548832559,-6.5097036,-14.302296,0.0,0.0,0.5
0.20576441248184746,0.10540450792287824,0.49718003020428486,60.3,-0.36,1.0,-0.06622516556291913,26.12,0.5124966174852569,5.0999994,-83.538376,0.6,0.0,0.5
0.1816823924425351,0.12451481905315487,0.49737919995329444,61.199999999999996,-0.36,1.0,0.2084414197210478,26.125,0.5124966174852569,5.0999994,-83.538376,0.6,0.0,0.5
0.1603066849718965,0.14318828153498606,0.4975616061236319,62.099999999999994,-0.36,1.0,0.05584887234106617,26.13,0.5124966174852569,5.0999994,-83.538376,0.6,0.0,0.5
0.13972712975864465,0.1641125495965417,0.49783280203545466,62.64,-0.36,1.0,-0.06622516556291913,26.135,0.5124966174852569,5.0999994,-83.538376,0.6,0.0,0.5
0.12133992188527122,0.19568691012753137,0.4977111654003233,63.0,-0.36,1.0,0.1626636555070533,26.14,1.3933522931681175,7.245513,-87.99269,0.6,0.0,0.5
0.1064595950408236,0.21201531674886429,0.49807379710676847,63.18,-0.36,1.0,0.2542191839350423,26.145,1.3933522931681175,7.245513,-87.99269,0.6,0.0,0.5
0.09618448346123899,0.2161449350227374,0.49834932616639643,63.18,-0.36,1.0,0.10162663655506066,26.150000000000002,1.3933522931681175,7.245513,-87.99269,0.6,0.0,0.5
0.0847469631416974,0.23082102143947283,0.49835223984964083,63.0,-0.36,1.0,-0.12726218451491178,26.155,1.3933522931681175,7.245513,-87.99269,0.6,0.0,0.5
0.0654463529672835,0.24868433796776976,0.4986487752556999,62.46,-0.36,1.0,0.07110812707906433,26.16,1.9974798253272248,7.6262703,-95.123085,0.6,0.0,0.5
0.0634569142780224,0.2738204471036751,0.49853219121553044,61.559999999999995,-0.36,1.0,0.1626636555070533,26.165,1.9974798253272248,7.6262703,-95.123085,0.6,0.0,0.5
0.05607271980697863,0.28267182776251815,0.4985697889111503,60.48,-0.36,1.0,-0.06622516556291913,26.17,1.9974798253272248,7.6262703,-95.123085,0.6,0.0,0.5
0.04418746343598335,0.2911627377753856,0.4989029415415623,59.22,-0.36,1.0,0.10162663655506066,26.175,1.9974798253272248,7.6262703,-95.123085,0.6,0.0,0.5
0.031609527463640597,0.2947623303886481,0.49889526940996687,57.599999999999994,-0.36,1.0,-0.020447401348924643,26.18,1.5099250773986106,7.785491,-89.019,0.6,0.0,0.5
0.026769361329263937,0.29123551229821387,0.4989033333188792,55.8,-0.36,1.0,-0.11200292977691362,26.185000000000002,1.5099250773986106,7.785491,-89.019,0.6,0.0,0.5
0.03584358021160147,0.2878421205464648,0.4985305131105512,54.0,-0.36,1.0,-0.05096591082492097,26.19,1.5099250773986106,7.785491,-89.019,0.6,0.0,0.5
0.02708409743579396,0.2820383162139494,0.4989216087616638,52.019999999999996,-0.36,1.0,0.17792291024505147,26.195,1.5099250773986106,7.785491,-89.019,0.6,0.0,0.5
0.014691356131612366,0.28753037358056216,0.4990713241086071,49.86,-0.36,1.0,0.025330362865069844,26.2,0.6018384442710674,6.556218,-76.677826,0.6,0.0,0.5
0.027021615423187928,0.27827908015550623,0.4989629583821263,47.699999999999996,-0.36,1.0,0.04058961760306801,26.205000000000002,0.6018384442710674,6.556218,-76.677826,0.6,0.0,0.5
0.03758853962159495,0.26842697606073984,0.49895590025779857,45.36,-0.36,1.0,-0.06622516556291913,26.21,0.6018384442710674,6.556218,-76.677826,0.6,0.0,0.5
0.050058890578715945,0.2513112397503152,0.4991128397174881,43.019999999999996,-0.36,1.0,-0.12726218451491178,26.215,0.6018384442710674,6.556218,-76.677826,0.6,0.0,0.5
0.07558814045890269,0.23902423169202802,0.49951098744556566,40.5,-0.36,1.0,-0.09674367503891546,26.22,0.12648993978671957,5.672285,-94.74193,0.6,0.0,0.5
0.09552984728230154,0.21680050339802268,0.4997573380571482,38.16,-0.36,1.0,0.11688589129305882,26.225,0.12648993978671957,5.672285,-94.74193,0.6,0.0,0.5
0.10517833283390007,0.18631846539151733,0.5002878630045795,35.64,-0.36,1.0,0.025330362865069844,26.23,0.12648993978671957,5.672285,-94.74193,0.6,0.0,0.5
0.12885383488854713,0.17228167063941333,0.5004752850291874,32.94,-0.36,1.0,0.04058961760306801,26.235,0.12648993978671957,5.672285,-94.74193,0.6,0.0,0.5
0.14864353667914987,0.15936394768524673,0.5006805136472957,30.24,-0.36,1.0,0.025330362865069844,26.240000000000002,0.014017919997847763,4.9390097,-69.71713,0.6,0.0,0.5
0.16292427320204114,0.14940480063770334,0.5007962873993099,27.54,-0.36,1.0,0.2847376934110386,26.245,0.014017919997847763,4.9390097,-69.71713,0.6,0.0,0.5
0.1814480625733226,0.1406933085437374,0.5007569264073882,24.66,-0.36,1.0,-0.17303994872890627,26.25,0.014017919997847763,4.9390097,-69.71713,0.6,0.0,0.5
0.19988679753676386,0.11371025768502382,0.5012677282955519,21.96,-0.36,1.0,0.17792291024505147,26.255,0.014017919997847763,4.9390097,-69.71713,0.6,0.0,0.5
0.21517424820471534,0.10891092907712333,0.5015571610838833,19.08,-0.36,1.0,-0.11200292977691362,26.26,0.000819148612368481,7.1861362,-84.7832,0.6,0.0,0.5
0.23293722090196411,0.08351304106490558,0.5013808477243156,16.38,-0.54,1.0,0.11688589129305882,26.265,0.000819148612368481,7.1861362,-84.7832,0.6,0.0,0.5
0.2523695164074624,0.07508551898155584,0.5016238989902061,14.04,-0.54,1.0,-0.18829920346690443,26.27,0.000819148612368481,7.1861362,-84.7832,0.6,0.0,0.5
0.26677178431304,0.07252899536438273,0.5018610414896468,11.7,-0.54,1.0,0.04058961760306801,26.275000000000002,0.000819148612368481,7.1861362,-84.7832,0.6,0.0,0.5
0.28367140791964784,0.07250584427843357,0.501294983321501,9.719999999999999,-0.54,1.0,0.025330362865069844,26.28,0.0,5.170492,-69.33584,0.6,0.0,0.5
0.30134447435377815,0.0537414894161164,0.5011718274008752,8.1,-0.54,1.0,0.4068117313150239,26.285,0.0,5.170492,-69.33584,0.6,0.0,0.5
0.314224141176498,0.041500985079493506,0.5013819841774889,6.84,-0.54,1.0,0.696737571336989,26.29,0.0,5.170492,-69.33584,0.6,0.0,0.5
0.32644897298841846,0.046225471643425706,0.501218214574842,6.66,-0.18,1.0,1.1392559587389925,26.295,0.0,5.170492,-69.33584,0.6,0.0,0.5
0.3416403799701457,0.03086123273796967,0.5015952696847648,7.38,-0.54,1.0,0.7425153355510403,26.3,0.0,5.018038,-66.309265,0.6,0.0,0.5
0.35238603846388683,0.012071770163585653,0.5018755862580545,8.28,-0.54,1.0,0.42207098605302207,26.305,0.0,5.018038,-66.309265,0.6,0.0,0.5
0.36225020578668155,0.0045899003152613735,0.5017833380900154,9.719999999999999,-0.54,1.0,-0.4477065340128732,26.310000000000002,0.0,5.018038,-66.309265,0.6,0.0,0.5
0.3735354749015403,-0.005093439658773167,0.5020243451520914,11.7,-0.54,1.0,0.31525620288703493,26.315,0.0,5.018038,-66.309265,0.6,0.0,0.5
0.38279928141673825,-0.00927295516549269,0.502232422511209,13.86,-0.54,1.0,-0.18829920346690443,26.32,0.0,-2.2328827,-83.365,0.0,0.0,0.5
0.3901280094196625,-0.008687471737335615,0.5022035246152212,16.56,-0.54,1.0,0.10162663655506066,26.325,0.0,-2.2328827,-83.365,0.0,0.0,0.5
0.3993133574157961,-0.012177273172873267,0.5019107908153363,19.62,-0.54,1.0,-0.12726218451491178,26.330000000000002,0.0,-2.2328827,-83.365,0.0,0.0,0.5
0.40642061377376626,-0.0025865247859338707,0.5018038254217264,22.86,-0.54,1.0,0.14740440076905514,26.335,0.0,-2.2328827,-83.365,0.0,0.0,0.5
0.41166005619016055,-0.0004949679348754594,0.5018216976987399,26.459999999999997,-0.54,1.0,0.17792291024505147,26.34,0.0,-6.182698,22.88523,0.0,0.6,0.5
0.4176853766740303,0.005893028898860604,0.5017133197052029,30.24,-0.54,1.0,0.2542191839350423,26.345,0.0,-6.182698,22.88523,0.0,0.6,0.5
0.42286433204179064,0.007451181308886201,0.5018328840257072,34.199999999999996,-0.54,1.0,0.025330362865069844,26.35,0.0,-6.182698,22.88523,0.0,0.6,0.5
0.42791349774029375,-0.0034216054692258868,0.5010828993007547,38.339999999999996,-0.54,1.0,0.10162663655506066,26.355,0.0,-6.182698,22.88523,0.0,0.6,0.5
0.432699352133048,-0.00711122835772923,0.500905742593643,42.3,-0.54,1.0,0.04058961760306801,26.36,0.0,-4.699731,51.957993,0.0,0.6,0.5
0.43785909408342766,0.0013817780164111437,0.5003861136452219,46.62,-0.54,1.0,0.2847376934110386,26.365000000000002,0.0,-4.699731,51.957993,0.0,0.6,0.5
0.4422479162211752,-0.0005985562288723491,0.5000064562060826,50.76,-0.54,1.0,-0.005188146610926481,26.37,0.0,-4.699731,51.957993,0.0,0.6,0.5
0.44735901814765033,0.001234375009356473,0.49950110067926645,54.9,-0.54,1.0,0.10162663655506066,26.375,0.0,-4.699731,51.957993,0.0,0.6,0.5
0.45196405047622124,-0.00957503530030397,0.49948981906101425,59.04,-0.36,1.0,0.07110812707906433,26.38,0.0,-6.7661033,73.237366,0.0,0.6,0.5
0.45547492844061455,-0.004402598188214062,0.4997492696253304,63.0,-0.36,1.0,0.43733024079102023,26.385,0.0,-6.7661033,73.237366,0.0,0.6,0.5
0.45930391793103853,-0.005474338249448001,0.5000239789826811,66.96,-0.36,1.0,-0.05096591082492097,26.39,0.0,-6.7661033,73.237366,0.0,0.6,0.5
0.4635074628633679,-0.012521754996853443,0.500346766011674,70.74,-0.36,1.0,0.11688589129305882,26.395,0.0,-6.7661033,73.237366,0.0,0.6,0.5
0.4677219728860564,-0.005105237549938952,0.500111301139555,74.34,-0.36,1.0,0.025330362865069844,26.400000000000002,0.0,-8.395013,94.21852,0.0,0.6,0.5
0.4684990438387034,-0.013993593231529655,0.499989998844925,77.58,-0.36,1.0,0.3610339671010294,26.405,0.0,-8.395013,94.21852,0.0,0.6,0.5
0.4677917842184542,0.0033316726520475452,0.5000106956478355,80.82,-0.36,1.0,-0.020447401348924643,26.41,0.0,-8.395013,94.21852,0.0,0.6,0.5
0.46722235160434594,-0.0015644165848076924,0.5003597794476197,83.34,-0.36,1.0,0.04058961760306801,26.415,0.0,-8.395013,94.21852,0.0,0.6,0.5
0.46607158892212064,0.0036909049938954734,0.5001781356554501,85.5,-0.18,1.0,-0.23407696768089892,26.42,0.002065816916464317,-7.9261475,90.72275,0.0,0.6,0.5
0.4633775375739044,0.014042157492744609,0.5005536819214107,86.94,-0.18,1.0,0.26947843867304044,26.425,0.002065816916464317,-7.9261475,90.72275,0.0,0.6,0.5
0.45797710470725844,0.028596541397953652,0.5004361418402336,87.84,0.0,1.0,-0.005188146610926481,26.43,0.002065816916464317,-7.9261475,90.72275,0.0,0.6,0.5
0.44119989627073847,0.040394512563843354,0.5006293817050634,88.02,0.0,1.0,0.17792291024505147,26.435000000000002,0.002065816916464317,-7.9261475,90.72275,0.0,0.6,0.5
0.41796761280194955,0.06008020114452148,0.5006159701358149,87.84,0.0,1.0,-0.14252143925290994,26.44,0.02913926029853192,-7.617047,86.36116,0.0,0.6,0.5
0.38746436393196604,0.0775389732361351,0.5007676770391408,86.94,-0.36,1.0,0.34577471236303126,26.445,0.02913926029853192,-7.617047,86.36116,0.0,0.6,0.5
0.3572707276865139,0.09536475451916358,0.5003263576946786,85.5,-0.18,1.0,-0.09674367503891546,26.45,0.02913926029853192,-7.617047,86.36116,0.0,0.6,0.5
0.32506694148652826,0.10027419798794268,0.500153696779283,83.52,-0.18,1.0,0.010071108127071682,26.455000000000002,0.02913926029853192,-7.617047,86.36116,0.0,0.6,0.5
0.29499410841235635,0.12108549939891122,0.5001476222365717,81.17999999999999,-0.36,1.0,-0.2035584582049026,26.46,0.21672886076370657,-7.1146765,50.084305,0.0,0.6,0.5
0.2647026523166845,0.13567648809437077,0.500146947508613,78.48,-0.36,1.0,0.2542191839350423,26.465,0.21672886076370657,-7.1146765,50.084305,0.0,0.6,0.5
0.23700170507760912,0.16649690336335043,0.5002095904105625,75.6,-0.36,1.0,-0.11200292977691362,26.47,0.21672886076370657,-7.1146765,50.084305,0.0,0.6,0.5
0.20999028565478883,0.18850404469908758,0.500228585178622,72.36,-0.36,1.0,0.29999694814903677,26.475,0.21672886076370657,-7.1146765,50.084305,0.0,0.6,0.5
0.18582603375218665,0.20493724541955174,0.5002623980665923,69.12,-0.36,1.0,0.07110812707906433,26.48,0.8499756902552098,4.870305,-84.678665,0.6,0.0,0.5
0.16410337446219245,0.21400666494534046,0.5002678977023556,65.52,-0.36,1.0,0.26947843867304044,26.485,0.8499756902552098,4.870305,-84.678665,0.6,0.0,0.5
0.1451310535988757,0.23645451620187907,0.5000717372413613,61.919999999999995,-0.36,1.0,0.010071108127071682,26.490000000000002,0.8499756902552098,4.870305,-84.678665,0.6,0.0,0.5
0.12525087602332155,0.24545098678924468,0.5002693818986078,58.14,-0.36,1.0,0.2847376934110386,26.495,0.8499756902552098,4.870305,-84.678665,0.6,0.0,0.5
0.10797194151188466,0.2605253431028138,0.5003761019100393,54.18,-0.36,1.0,-0.08148442030091729,26.5,1.7577123053898225,7.647439,-113.48198,0.6,0.0,0.5
0.09289018402888397,0.2743306571982479,0.5006103385292282,50.22,-0.36,1.0,0.025330362865069844,26.505,1.7577123053898225,7.647439,-113.48198,0.6,0.0,0.5
0.0915916907543369,0.29134058424941583,0.5004320638117046,46.08,-0.36,1.0,-0.17303994872890627,26.51,1.7577123053898225,7.647439,-113.48198,0.6,0.0,0.5
0.07785416493347286,0.30903581751799575,0.5005942089982239,41.94,-0.36,1.0,-0.1577806939909081,26.515,1.7577123053898225,7.647439,-113.48198,0.6,0.0,0.5
0.07217506179809793,0.3214719106812085,0.5007807451491774,37.8,-0.36,1.0,-0.020447401348924643,26.52,1.916640288886095,6.976142,-90.537445,0.6,0.0,0.5
0.05789041903396868,0.3282932184285854,0.5006365729859374,33.48,-0.36,1.0,0.39155247657702574,26.525000000000002,1.916640288886095,6.976142,-90.537445,0.6,0.0,0.5
0.055948815085708474,0.34951731304887296,0.5008148399168513,29.16,-0.36,1.0,-0.005188146610926481,26.53,1.916640288886095,6.976142,-90.537445,0.6,0.0,0.5
0.05159396369129398,0.36236258089227263,0.5008569535681907,24.66,-0.36,1.0,0.17792291024505147,26.535,1.916640288886095,6.976142,-90.537445,0.6,0.0,0.5
0.03661756469285887,0.3740583156979416,0.501478498555451,20.34,-0.36,1.0,-0.06622516556291913,26.54,1.1020085511804762,4.7435484,-76.34827,0.6,0.0,0.5
0.014005439950113129,0.378451576561994,0.5016819232367832,15.66,-0.36,1.0,0.2084414197210478,26.545,1.1020085511804762,4.7435484,-76.34827,0.6,0.0,0.5
0.014850747381868184,0.38117144288792254,0.5016436371534279,11.16,-0.36,1.0,-0.08148442030091729,26.55,1.1020085511804762,4.7435484,-76.34827,0.6,0.0,0.5
0.010836639541542476,0.38873915482534,0.5017902921242859,6.4799999999999995,-0.36,1.0,0.26947843867304044,26.555,1.1020085511804762,4.7435484,-76.34827,0.6,0.0,0.5
-0.0010887521659503096,0.4049666367113177,0.5012451511681728,2.16,6.12,1.0,8.7231055635243,26.560000000000002,0.33410336329407264,1.3695586,-61.893673,0.6,0.0,0.5
-0.0027190094372536145,0.41184617332057727,0.5062126716436877,-1.08,12.059999999999999,1.0,2.9856257820368253,26.565,0.33410336329407264,1.3695586,-61.893673,0.6,0.0,0.5
0.002455520646709111,0.4091447734229636,0.5099632559597003,-2.52,13.139999999999999,1.0,-0.8291879024628273,26.57,0.33410336329407264,1.3695586,-61.893673,0.6,0.0,0.5
0.015744378780180927,0.40877984093661646,0.5132661011255993,-2.52,11.52,1.0,22.02917569505903,26.575,0.33410336329407264,1.3695586,-61.893673,0.6,0.0,0.5
0.028311986805882795,0.398344329521649,0.5147576195183604,-1.26,10.799999999999999,1.0,4.160588396862684,26.580000000000002,0.05341069905363743,3.9799113,-64.266045,0.6,0.0,0.5
0.06273909922273779,0.39639385302723557,0.5138450908046962,1.08,7.199999999999999,1.0,0.4831080050050147,26.585,0.05341069905363743,3.9799113,-64.266045,0.6,0.0,0.5
0.08638677568004481,0.3734676471841143,0.5101766129111243,4.14,2.52,1.0,5.472884304330581,26.59,0.05341069905363743,3.9799113,-64.266045,0.6,0.0,0.5
0.10057090293045758,0.34908860923398527,0.506795136596868,7.56,-1.08,1.0,1.078218939787,26.595,0.05341069905363743,3.9799113,-64.266045,0.6,0.0,0.5
0.11382540604420775,0.3231934118332192,0.5035067440159633,8.82,0.36,1.0,-0.707113864558842,26.6,0.004502225136642931,-2.4159071,1.5965085,0.0,0.6,0.5
0.13614080846525328,0.2989666539825306,0.5009629226074008,10.98,0.8999999999999999,1.0,-0.6765953550828456,26.605,0.004502225136642931,-2.4159071,1.5965085,0.0,0.6,0.5
0.1515892864789436,0.2643188374702872,0.5004502239514432,13.5,-0.18,1.0,-0.34089175084688605,26.61,0.004502225136642931,-2.4159071,1.5965085,0.0,0.6,0.5
0.16728297075857715,0.23343399215001903,0.4996502241360886,15.299999999999999,-0.36,1.0,0.42207098605302207,26.615000000000002,0.004502225136642931,-2.4159071,1.5965085,0.0,0.6,0.5
0.18719732887111148,0.2209460040667193,0.4990668974631747,17.46,-0.36,1.0,0.0863673818170625,26.62,0.0,-2.6541257,-67.21387,0.0,0.0,0.5
0.20181923787070638,0.19154736262033287,0.49886117078090886,19.439999999999998,-0.36,1.0,0.07110812707906433,26.625,0.0,-2.6541257,-67.21387,0.0,0.0,0.5
0.2177468666214957,0.1799640909655948,0.49811364063260916,21.419999999999998,-0.36,1.0,0.025330362865069844,26.63,0.0,-2.6541257,-67.21387,0.0,0.0,0.5
0.23501080341622885,0.1581619882157579,0.498144944956017,23.4,-0.36,1.0,0.3305154576250331,26.635,0.0,-2.6541257,-67.21387,0.0,0.0,0.5
0.2503973169156823,0.13951554037708794,0.49794150534873854,25.2,-0.36,1.0,-0.05096591082492097,26.64,0.0,-6.3381324,-75.48483,0.0,0.0,0.5
0.2636486170673174,0.12716889218130792,0.497509230691228,27.0,-0.36,1.0,0.3305154576250331,26.645,0.0,-6.3381324,-75.48483,0.0,0.0,0.5
0.2805361836233953,0.12270264390319685,0.497317758987594,28.98,-0.36,1.0,-0.18829920346690443,26.650000000000002,0.0,-6.3381324,-75.48483,0.0,0.0,0.5
0.29425317422278224,0.10116149615860259,0.4977309961868561,30.779999999999998,-0.36,1.0,0.10162663655506066,26.655,0.0,-6.3381324,-75.48483,0.0,0.0,0.5
0.3067259599505431,0.09180133361662454,0.4971970506141174,32.58,-0.36,1.0,0.10162663655506066,26.66,0.0,-8.039058,10.617971,0.0,0.6,0.5
0.32113658238142717,0.09107421385203786,0.4966505566798945,34.379999999999995,-0.36,1.0,0.1626636555070533,26.665,0.0,-8.039058,10.617971,0.0,0.6,0.5
0.33448059586962225,0.07430517521030088,0.4965506029217877,36.18,-0.36,1.0,-0.06622516556291913,26.67,0.0,-8.039058,10.617971,0.0,0.6,0.5
0.34050936384633723,0.07595550760428768,0.49658806396894617,37.98,-0.36,1.0,0.26947843867304044,26.675,0.0,-8.039058,10.617971,0.0,0.6,0.5
0.341010001214623,0.0554760205585735,0.4965741877607557,39.78,-0.36,1.0,-0.24933622241889708,26.68,0.0,-3.7647715,75.92625,0.0,0.6,0.5
0.341036669053912,0.05374741898203692,0.49687572177347694,41.4,-0.36,1.0,0.19318216498304963,26.685000000000002,0.0,-3.7647715,75.92625,0.0,0.6,0.5
0.33990167836136725,0.06408136484313219,0.49638971318940756,42.839999999999996,-0.36,1.0,-0.005188146610926481,26.69,0.0,-3.7647715,75.92625,0.0,0.6,0.5
0.3373943931405368,0.07416618000643593,0.49643912788092703,44.46,-0.36,1.0,0.05584887234106617,26.695,0.0,-3.7647715,75.92625,0.0,0.6,0.5
0.335127326479093,0.09858084832416014,0.49647177442776147,45.9,-0.36,1.0,-0.18829920346690443,26.7,0.0,-7.7630653,91.4641,0.0,0.6,0.5
0.3299231596685434,0.10454885517423697,0.4967321183565155,47.16,-0.36,1.0,-0.12726218451491178,26.705000000000002,0.0,-7.7630653,91.4641,0.0,0.6,0.5
0.31791533874482275,0.11402362530188795,0.49664578338080256,48.42,-0.36,1.0,0.010071108127071682,26.71,0.0,-7.7630653,91.4641,0.0,0.6,0.5
0.29835391707747816,0.10760193512684525,0.49670581223032456,49.5,-0.36,1.0,-0.12726218451491178,26.715,0.0,-7.7630653,91.4641,0.0,0.6,0.5
0.275680882588894,0.11665450559330595,0.4965277404919065,50.58,-0.36,1.0,-0.020447401348924643,26.72,0.0,-8.54712,97.39237,0.0,0.6,0.5
0.2508874607367586,0.11175474399329492,0.4963342756854035,51.48,-0.36,1.0,0.0863673818170625,26.725,0.0,-8.54712,97.39237,0.0,0.6,0.5
0.2261218680451652,0.10397528347312673,0.49618916260170026,52.379999999999995,-0.36,1.0,0.04058961760306801,26.73,0.0,-8.54712,97.39237,0.0,0.6,0.5
0.20092323463886883,0.10305253773547694,0.4967862157968329,53.1,-0.36,1.0,-0.1577806939909081,26.735,0.0,-8.54712,97.39237,0.0,0.6,0.5
0.17811813205821045,0.0899745240294867,0.4969483861203627,53.64,-0.36,1.0,0.10162663655506066,26.740000000000002,0.001426436756564896,-8.166358,95.977455,0.0,0.6,0.5
0.15609101530526323,0.09311947182219676,0.4974072049449085,54.18,-0.36,1.0,-0.05096591082492097,26.745,0.001426436756564896,-8.166358,95.977455,0.0,0.6,0.5
0.13801955136038482,0.09883512224176888,0.4975493256885575,54.54,-0.36,1.0,0.11688589129305882,26.75,0.001426436756564896,-8.166358,95.977455,0.0,0.6,0.5
0.11634800235647144,0.1157448607810727,0.4977538953899861,54.9,-0.36,1.0,0.19318216498304963,26.755,0.001426436756564896,-8.166358,95.977455,0.0,0.6,0.5
0.10919440266863704,0.13898275111252134,0.4979353579720446,55.08,-0.36,1.0,-0.005188146610926481,26.76,0.021771245586267213,-7.618222,87.38556,0.0,0.6,0.5
0.09255245306832191,0.16057924501144896,0.49804973583220546,55.08,-0.36,1.0,0.010071108127071682,26.765,0.021771245586267213,-7.618222,87.38556,0.0,0.6,0.5
0.07870187427806863,0.16133734358106078,0.4985667888075885,55.08,-0.36,1.0,-0.24933622241889708,26.77,0.021771245586267213,-7.618222,87.38556,0.0,0.6,0.5
0.05738525351576521,0.18507672497825112,0.498843134486865,54.9,-0.36,1.0,-0.005188146610926481,26.775000000000002,0.021771245586267213,-7.618222,87.38556,0.0,0.6,0.5
0.05060753457826756,0.2109362630352793,0.49897375899000024,54.72,-0.36,1.0,0.0863673818170625,26.78,0.1752126926769905,5.683243,-115.25814,0.6,0.0,0.5
0.051463182742768725,0.2226982496871107,0.49931857387724693,54.36,-0.36,1.0,0.23895992919704412,26.785,0.1752126926769905,5.683243,-115.25814,0.6,0.0,0.5
0.051272048581909715,0.24057427078346608,0.49938190452824816,53.82,-0.36,1.0,0.1626636555070533,26.79,0.1752126926769905,5.683243,-115.25814,0.6,0.0,0.5
0.04074220756147988,0.2581038883402068,0.4995890651940572,53.28,-0.36,1.0,-0.06622516556291913,26.795,0.1752126926769905,5.683243,-115.25814,0.6,0.0,0.5
0.034424234974424525,0.2707572861142987,0.5000648202501503,52.379999999999995,-0.36,1.0,-0.005188146610926481,26.8,0.7435315177054329,2.5501988,-135.57315,0.6,0.0,0.5
0.03421349673557967,0.2882729711899282,0.5004923086542422,51.48,-0.36,1.0,-0.005188146610926481,26.805,0.7435315177054329,2.5501988,-135.57315,0.6,0.0,0.5
0.024382536870411895,0.31053315021324635,0.5005341738258448,50.22,-0.36,1.0,0.07110812707906433,26.810000000000002,0.7435315177054329,2.5501988,-135.57315,0.6,0.0,0.5
0.015751196780001323,0.3166699253047664,0.5004442474324012,48.96,-0.36,1.0,0.22370067445904596,26.815,0.7435315177054329,2.5501988,-135.57315,0.6,0.0,0.5
0.01454129887762309,0.3258489139084738,0.5004711678541084,47.519999999999996,-0.36,1.0,0.11688589129305882,26.82,1.6637372218190158,5.7312493,-114.92215,0.6,0.0,0.5
0.015903152620422148,0.3390368224393563,0.5005210632394039,45.72,-0.36,1.0,-0.06622516556291913,26.825,1.6637372218190158,5.7312493,-114.92215,0.6,0.0,0.5
0.009350594224183714,0.35766083227022166,0.5006237146919297,43.92,-0.36,1.0,0.1626636555070533,26.830000000000002,1.6637372218190158,5.7312493,-114.92215,0.6,0.0,0.5
-0.006866582769001695,0.3648226079198467,0.5006385409024394,41.76,-0.36,1.0,-0.14252143925290994,26.835,1.6637372218190158,5.7312493,-114.92215,0.6,0.0,0.5
-0.007947087269656322,0.3850659100485731,0.5007418549442063,39.6,-0.36,1.0,0.22370067445904596,26.84,1.963005944733087,5.9190264,-114.2534,0.6,0.0,0.5
-5.590815867936798e-05,0.38764247316757333,0.5010156282711685,37.08,-0.36,1.0,0.14740440076905514,26.845,1.963005944733087,5.9190264,-114.2534,0.6,0.0,0.5
-0.0019301144842922503,0.3987482381950213,0.5009802787339726,34.56,-0.36,1.0,0.2542191839350423,26.85,1.963005944733087,5.9190264,-114.2534,0.6,0.0,0.5
0.006101804307350195,0.41304502681898425,0.5009823352678483,31.86,-0.36,1.0,-0.020447401348924643,26.855,1.963005944733087,5.9190264,-114.2534,0.6,0.0,0.5
-0.006785828978587356,0.4085637733256559,0.5011030204395823,28.98,-0.36,1.0,-0.17303994872890627,26.86,1.2212653300075023,-5.20883,-91.5722,0.0,0.0,0.5
-0.007408908716693605,0.41303995918821124,0.5011553356470687,26.099999999999998,-0.36,1.0,0.025330362865069844,26.865000000000002,1.2212653300075023,-5.20883,-91.5722,0.0,0.0,0.5
-0.008276559456513647,0.4200935509528735,0.501191619111599,23.04,-0.36,1.0,0.0863673818170625,26.87,1.2212653300075023,-5.20883,-91.5722,0.0,0.0,0.5
-0.0037839339433409246,0.4321681427882062,0.5015922877333122,19.8,-0.36,1.0,0.05584887234106617,26.875,1.2212653300075023,-5.20883,-91.5722,0.0,0.0,0.5
0.004555612714689135,0.43689937623918285,0.5012925454992537,16.74,-0.36,1.0,0.3762932218390276,26.88,0.4006360019765588,-2.455404,81.408295,0.0,0.6,0.5
0.028632429612671376,0.430748301270708,0.501085596027451,13.32,-0.36,1.0,-0.1577806939909081,26.885,0.4006360019765588,-2.455404,81.408295,0.0,0.6,0.5
0.05555234700711709,0.4222049115196079,0.5007401141518552,10.08,-0.36,1.0,-0.05096591082492097,26.89,0.4006360019765588,-2.455404,81.408295,0.0,0.6,0.5
0.07782062247459785,0.4170034318333899,0.5005569569899949,6.66,-0.36,1.0,-0.08148442030091729,26.895,0.4006360019765588,-2.455404,81.408295,0.0,0.6,0.5
0.09940359891945506,0.4132291062572985,0.500194942400114,3.78,3.42,1.0,7.883846552934347,26.900000000000002,0.0693013109235433,-2.690592,105.805145,0.0,0.6,0.5
0.11647463219104502,0.385176376762399,0.5036658744242839,1.7999999999999998,7.38,1.0,2.5431073946348235,26.905,0.0693013109235433,-2.690592,105.805145,0.0,0.6,0.5
0.1288564958789671,0.3617865876636767,0.5055700860145957,1.26,7.199999999999999,1.0,-0.6002990813928548,26.91,0.0693013109235433,-2.690592,105.805145,0.0,0.6,0.5
0.12894467078973465,0.3252420537752455,0.5065171570431803,1.7999999999999998,5.9399999999999995,1.0,1.078218939787,26.915,0.0693013109235433,-2.690592,105.805145,0.0,0.6,0.5
0.15325661450838576,0.2974564424724819,0.5076636568778822,3.5999999999999996,4.32,1.0,1.3071077608569723,26.92,0.0063209806103967595,-7.942956,92.952255,0.0,0.6,0.5
0.17328344271159168,0.2626428949969565,0.5054580605601177,6.12,0.18,1.0,0.17792291024505147,26.925,0.0063209806103967595,-7.942956,92.952255,0.0,0.6,0.5
0.18721618081371863,0.23724150071682765,0.5032006561697066,7.38,-0.36,1.0,0.46784875026701656,26.93,0.0063209806103967595,-7.942956,92.952255,0.0,0.6,0.5
0.20629688179384847,0.20813820143917808,0.5020849747646071,9.36,0.54,1.0,0.22370067445904596,26.935000000000002,0.0063209806103967595,-7.942956,92.952255,0.0,0.6,0.5
0.22522256939450186,0.18861738525186214,0.500531227627991,11.52,-0.36,1.0,-0.4019287697988787,26.94,0.0,-8.033624,92.50859,0.0,0.6,0.5
0.23534093210494253,0.18154114658271528,0.49935003130757927,12.959999999999999,-0.36,1.0,-0.3256324961088879,26.945,0.0,-8.033624,92.50859,0.0,0.6,0.5
0.23784994374354326,0.1534829596494118,0.4993725622567792,15.12,-0.54,1.0,0.29999694814903677,26.95,0.0,-8.033624,92.50859,0.0,0.6,0.5
0.23852083372547433,0.14341391798819147,0.49840991437947646,16.919999999999998,-0.36,1.0,0.04058961760306801,26.955000000000002,0.0,-8.033624,92.50859,0.0,0.6,0.5
0.23671157661917475,0.13726714633353998,0.4980647301978896,18.9,-0.36,1.0,0.010071108127071682,26.96,0.0075591223647639115,-8.065738,84.90356,0.0,0.6,0.5
0.2331122810959418,0.1270687099818008,0.49852852301491324,20.7,-0.36,1.0,-0.3256324961088879,26.965,0.0075591223647639115,-8.065738,84.90356,0.0,0.6,0.5
0.22290949999425996,0.13139061781335645,0.49758639938832294,22.5,-0.36,1.0,0.11688589129305882,26.97,0.0075591223647639115,-8.065738,84.90356,0.0,0.6,0.5
0.20735785166360438,0.12582903236544254,0.49756185381345946,24.119999999999997,-0.36,1.0,-0.005188146610926481,26.975,0.0075591223647639115,-8.065738,84.90356,0.0,0.6,0.5
0.18840933783799735,0.14670731422249864,0.49782321517818623,25.74,-0.36,1.0,0.19318216498304963,26.98,0.0794269947028789,-8.226052,36.098934,0.0,0.6,0.5
0.16963930865907642,0.1667748899387431,0.49727866876862986,27.36,-0.36,1.0,-0.020447401348924643,26.985,0.0794269947028789,-8.226052,36.098934,0.0,0.6,0.5
0.1499407355336773,0.192851704604284,0.49718448398077253,28.799999999999997,-0.36,1.0,0.1626636555070533,26.990000000000002,0.0794269947028789,-8.226052,36.098934,0.0,0.6,0.5
0.13165700852646522,0.21847286954856396,0.4972854775886177,30.24,-0.36,1.0,-0.005188146610926481,26.995,0.0794269947028789,-8.226052,36.098934,0.0,0.6,0.5
0.11456636057909954,0.2305160565656539,0.49681955634131625,31.32,-0.36,1.0,0.34577471236303126,27.0,0.44006458231707357,-6.9676676,-106.64638,0.0,0.0,0.5
0.10708500147695657,0.24787826511898217,0.49640857830721385,32.58,-0.36,1.0,-0.035706656086922806,27.005,0.44006458231707357,-6.9676676,-106.64638,0.0,0.0,0.5
0.0922468047023704,0.25556498979296616,0.496770950701175,33.66,-0.36,1.0,0.2084414197210478,27.01,0.44006458231707357,-6.9676676,-106.64638,0.0,0.0,0.5
0.08720705743055696,0.2794226240623884,0.496375976134293,34.74,-0.36,1.0,-0.11200292977691362,27.015,0.44006458231707357,-6.9676676,-106.64638,0.0,0.0,0.5
0.07553597806258953,0.28803741438077773,0.4964402733141392,35.46,-0.36,1.0,0.05584887234106617,27.02,1.2856307001232237,5.7620597,-100.606575,0.6,0.0,0.5
0.06433140392153727,0.2987254369303798,0.4963340875022821,36.18,-0.36,1.0,-0.08148442030091729,27.025000000000002,1.2856307001232237,5.7620597,-100.606575,0.6,0.0,0.5
0.043199299534295556,0.32068935021673345,0.4958098971493464,36.9,-0.36,1.0,0.04058961760306801,27.03,1.2856307001232237,5.7620597,-100.606575,0.6,0.0,0.5
0.03111856707465426,0.33696949369595613,0.4961587910964568,37.26,-0.36,1.0,0.025330362865069844,27.035,1.2856307001232237,5.7620597,-100.606575,0.6,0.0,0.5
0.03806428490403635,0.33810893897420735,0.49597546959864597,37.62,-0.36,1.0,0.19318216498304963,27.04,1.9804668805183523,6.512046,-110.4626,0.6,0.0,0.5
0.02559997683716301,0.3510512484552349,0.4959098887784648,37.62,-0.36,1.0,-0.09674367503891546,27.045,1.9804668805183523,6.512046,-110.4626,0.6,0.0,0.5
0.02017318663838192,0.3692813011250578,0.4956684851977867,37.44,-0.36,1.0,0.14740440076905514,27.05,1.9804668805183523,6.512046,-110.4626,0.6,0.0,0.5
0.022137175836583783,0.3777340550777384,0.4953241076868635,37.26,-0.36,1.0,-0.1577806939909081,27.055,1.9804668805183523,6.512046,-110.4626,0.6,0.0,0.5
0.02290349068294151,0.3877633539257658,0.495395612773444,36.72,-0.36,1.0,-0.005188146610926481,27.060000000000002,1.608682973186993,5.2632318,-98.97733,0.6,0.0,0.5
0.016472000420712878,0.4056259633979719,0.4954029417112468,36.0,-0.36,1.0,0.025330362865069844,27.065,1.608682973186993,5.2632318,-98.97733,0.6,0.0,0.5
0.01105215068306405,0.41615199286422616,0.49527667914775675,34.92,-0.36,1.0,0.26947843867304044,27.07,1.608682973186993,5.2632318,-98.97733,0.6,0.0,0.5
0.008548115286640741,0.4275894721750245,0.4952088379646517,33.839999999999996,-0.36,1.0,0.025330362865069844,27.075,1.608682973186993,5.2632318,-98.97733,0.6,0.0,0.5
0.0025147091527543534,0.42844458479210357,0.4951953913276659,32.4,-0.36,1.0,0.04058961760306801,27.080000000000002,0.6890089729878992,7.394845,-100.960625,0.6,0.0,0.5
-0.0024377651790046593,0.4289939872355947,0.4951978649013879,30.779999999999998,-0.36,1.0,0.05584887234106617,27.085,0.6890089729878992,7.394845,-100.960625,0.6,0.0,0.5
-0.003450356343252516,0.43228175268049646,0.4951151783616824,28.98,-0.36,1.0,0.04058961760306801,27.09,0.6890089729878992,7.394845,-100.960625,0.6,0.0,0.5
-0.019918482264214173,0.42237076103950366,0.4953225503331635,27.18,-0.36,1.0,-0.23407696768089892,27.095,0.6890089729878992,7.394845,-100.960625,0.6,0.0,0.5
-0.003003651728644104,0.4296995080280544,0.4953036984208414,25.2,-0.36,1.0,0.14740440076905514,27.1,0.15560760628558762,3.5171344,-150.3989,0.6,0.0,0.5
-0.00021368162404542722,0.4113659823813466,0.4955698829100035,23.04,-0.36,1.0,-0.1577806939909081,27.105,0.15560760628558762,3.5171344,-150.3989,0.6,0.0,0.5
0.01355625767561456,0.3903020798409299,0.49604904619730983,20.88,-0.36,1.0,0.07110812707906433,27.11,0.15560760628558762,3.5171344,-150.3989,0.6,0.0,0.5
0.008290686442769436,0.3736801926917248,0.4962745972697617,18.72,-0.36,1.0,-0.1577806939909081,27.115000000000002,0.15560760628558762,3.5171344,-150.3989,0.6,0.0,0.5
0.017091829912031654,0.33948587492803056,0.49643270433737197,16.38,-0.36,1.0,0.0863673818170625,27.12,0.018530549493717123,2.716386,-62.866142,0.6,0.0,0.5
0.03082366620516694,0.3154098375383051,0.4968909549604985,14.04,-0.36,1.0,-0.05096591082492097,27.125,0.018530549493717123,2.716386,-62.866142,0.6,0.0,0.5
0.04661202074239157,0.28453114400879703,0.4970634639333436,11.7,-0.36,1.0,0.3762932218390276,27.13,0.018530549493717123,2.716386,-62.866142,0.6,0.0,0.5
0.06749257764042804,0.25649108000922577,0.49699577249584664,9.36,-0.36,1.0,-0.29511398663289157,27.135,0.018530549493717123,2.716386,-62.866142,0.6,0.0,0.5
0.09318957682618977,0.225959325958675,0.49686229876958643,6.84,-0.36,1.0,0.17792291024505147,27.14,0.0011635828329464137,5.4144616,-94.5333,0.6,0.0,0.5
0.11406487802309985,0.19591184255196903,0.497251211308159,4.68,1.7999999999999998,1.0,7.181920834986432,27.145,0.0011635828329464137,5.4144616,-94.5333,0.6,0.0,0.5
0.13677801645309082,0.17411503443190465,0.4991527771406408,3.42,4.5,1.0,2.2837000640888547,27.150000000000002,0.0011635828329464137,5.4144616,-94.5333,0.6,0.0,0.5
0.1494004195837208,0.15708026506848696,0.5005347059019303,3.2399999999999998,3.78,1.0,3.061922055726816,27.155,0.0011635828329464137,5.4144616,-94.5333,0.6,0.0,0.5
0.16874022488642948,0.16036651885667808,0.5009253845496171,4.14,3.06,1.0,0.8645893734550256,27.16,0.0,5.2499332,-70.48242,0.6,0.0,0.5
0.18493782637069553,0.13669447345978422,0.50158102068801,5.9399999999999995,0.72,1.0,0.2542191839350423,27.165,0.0,5.2499332,-70.48242,0.6,0.0,0.5
0.1977403611635804,0.12744417049846782,0.49956791549366636,7.199999999999999,-0.72,1.0,0.605182042909,27.17,0.0,5.2499332,-70.48242,0.6,0.0,0.5
0.21694413838705814,0.1138086940801037,0.4989301163775563,8.459999999999999,0.18,1.0,-0.38666951506088054,27.175,0.0,5.2499332,-70.48242,0.6,0.0,0.5
0.23406878534493217,0.08641973534681538,0.4990994884305257,10.26,-0.54,1.0,-0.08148442030091729,27.18,0.0,5.9930897,-69.33527,0.6,0.0,0.5
0.24693747873989882,0.0664087870193714,0.4983295349622216,11.52,-0.36,1.0,-0.06622516556291913,27.185000000000002,0.0,5.9930897,-69.33527,0.6,0.0,0.5
0.262942663641552,0.0715201078222144,0.49855945421736897,13.5,-0.54,1.0,0.43733024079102023,27.19,0.0,5.9930897,-69.33527,0.6,0.0,0.5
0.28009662780655503,0.06016166576949271,0.49851177705565713,15.299999999999999,-0.54,1.0,-0.12726218451491178,27.195,0.0,5.9930897,-69.33527,0.6,0.0,0.5
0.2925847659629718,0.060079723084713335,0.49814519602426854,17.28,-0.54,1.0,0.22370067445904596,27.2,0.0,5.6307297,-91.36154,0.6,0.0,0.5
0.3060174112456136,0.052012170361864306,0.4986292134946054,19.439999999999998,-0.54,1.0,0.17792291024505147,27.205000000000002,0.0,5.6307297,-91.36154,0.6,0.0,0.5
0.32043601045137365,0.05654703970308891,0.4991163004591743,21.599999999999998,-0.54,1.0,0.3762932218390276,27.21,0.0,5.6307297,-91.36154,0.6,0.0,0.5
0.33114890160042665,0.03863715273377588,0.49936694421480143,24.119999999999997,-0.54,1.0,-0.29511398663289157,27.215,0.0,5.6307297,-91.36154,0.6,0.0,0.5
0.34295186476107303,0.032117216205215085,0.4990807821376662,26.459999999999997,-0.54,1.0,0.010071108127071682,27.22,0.0,6.3411555,-82.68889,0.6,0.0,0.5
0.3554546174012932,0.030094343298662424,0.49908827728489524,29.16,-0.54,1.0,0.0863673818170625,27.225,0.0,6.3411555,-82.68889,0.6,0.0,0.5
0.3651505655372397,0.02021108559867109,0.49934334093123056,31.68,-0.54,1.0,-0.005188146610926481,27.23,0.0,6.3411555,-82.68889,0.6,0.0,0.5
0.37483949142949685,0.01668694286701146,0.4988310044601844,34.379999999999995,-0.54,1.0,-0.06622516556291913,27.235,0.0,6.3411555,-82.68889,0.6,0.0,0.5
0.38495787545082455,0.013458684920886128,0.49883612817661027,37.26,-0.54,1.0,0.11688589129305882,27.240000000000002,0.0,6.935734,-83.70916,0.6,0.0,0.5
0.3932977905085827,0.014485110869188262,0.49867249820337606,39.96,-0.54,1.0,0.42207098605302207,27.245,0.0,6.935734,-83.70916,0.6,0.0,0.5
0.40073199755561006,0.013514773046344013,0.4984161630618776,42.839999999999996,-0.54,1.0,0.19318216498304963,27.25,0.0,6.935734,-83.70916,0.6,0.0,0.5
0.408419549608816,0.0003734268855908864,0.49851526131662993,45.72,-0.54,1.0,-0.09674367503891546,27.255,0.0,6.935734,-83.70916,0.6,0.0,0.5
0.416040788529805,-0.0033742487976596873,0.4980559855540541,48.42,-0.54,1.0,0.2084414197210478,27.26,0.0,6.062648,-76.77651,0.6,0.0,0.5
0.4219030812448442,-0.008934374827518288,0.49784660381291707,51.3,-0.54,1.0,0.05584887234106617,27.265,0.0,6.062648,-76.77651,0.6,0.0,0.5
0.4286241473710541,-0.00883974229217286,0.4977043382533717,54.0,-0.54,1.0,0.025330362865069844,27.27,0.0,6.062648,-76.77651,0.6,0.0,0.5
0.43463413531050776,-0.010970953396868424,0.49745516568983167,56.699999999999996,-0.54,1.0,-0.005188146610926481,27.275000000000002,0.0,6.062648,-76.77651,0.6,0.0,0.5
0.43964786841038833,-0.012212936061776779,0.4974824397237031,59.4,-0.54,1.0,0.2847376934110386,27.28,0.0,6.420375,-82.904,0.6,0.0,0.5
0.44501129946027845,-0.008213146889480017,0.49732726878908257,61.919999999999995,-0.54,1.0,0.04058961760306801,27.285,0.0,6.420375,-82.904,0.6,0.0,0.5
0.45069287943440134,0.000956555527649755,0.49698067349055575,64.44,-0.54,1.0,-0.06622516556291913,27.29,0.0,6.420375,-82.904,0.6,0.0,0.5
0.4536288168952407,-0.018139721999942276,0.4978440442940526,66.78,-0.54,1.0,-0.020447401348924643,27.295,0.0,6.420375,-82.904,0.6,0.0,0.5
0.45935898865196445,-0.02100969223756285,0.4969497452765831,68.94,-0.54,1.0,-0.005188146610926481,27.3,0.0,6.8966594,-81.58087,0.6,0.0,0.5
0.46440974459714135,-0.0034884327530859648,0.4965603505716301,70.92,-0.54,1.0,0.05584887234106617,27.305,0.0,6.8966594,-81.58087,0.6,0.0,0.5
0.4682846182478154,0.007333709737380095,0.4966913020816698,72.89999999999999,-0.36,1.0,0.11688589129305882,27.310000000000002,0.0,6.8966594,-81.58087,0.6,0.0,0.5
0.4716354002971478,0.007891589703238165,0.49715712216076074,74.7,-0.36,1.0,-0.08148442030091729,27.315,0.0,6.8966594,-81.58087,0.6,0.0,0.5
0.47518997484102216,0.013341334519737718,0.497571324247666,76.14,-0.36,1.0,0.2542191839350423,27.32,0.0,6.7157555,-65.16316,0.6,0.0,0.5
0.4783953358948656,0.02517947747861834,0.4976035853527245,77.39999999999999,-0.36,1.0,0.10162663655506066,27.325,0.0,6.7157555,-65.16316,0.6,0.0,0.5
0.48089566331166994,0.01937723818627273,0.4980015591300064,78.48,-0.36,1.0,0.2084414197210478,27.330000000000002,0.0,6.7157555,-65.16316,0.6,0.0,0.5
0.4835866878066539,-0.010995863561038495,0.4980072563188802,79.02,-0.36,1.0,-0.035706656086922806,27.335,0.0,6.7157555,-65.16316,0.6,0.0,0.5
0.48737327319475254,-0.00028244506319533637,0.49706413923608095,79.38,-0.36,1.0,-0.005188146610926481,27.34,0.0,-7.616865,-83.706055,0.0,0.0,0.5
0.4895452143973115,0.008679415874279176,0.4973045562158386,79.56,-0.36,1.0,-0.11200292977691362,27.345,0.0,-7.616865,-83.706055,0.0,0.0,0.5
0.4916872899848059,-0.018655711371265152,0.49753454686398535,79.38,-0.36,1.0,0.010071108127071682,27.35,0.0,-7.616865,-83.706055,0.0,0.0,0.5
0.4943796812125343,-0.022173924228236688,0.4972229900780656,79.02,-0.36,1.0,-0.05096591082492097,27.355,0.0,-7.616865,-83.706055,0.0,0.0,0.5
0.49605907397835497,-0.030591878829857883,0.4974777629222903,78.48,-0.36,1.0,-0.12726218451491178,27.36,0.0,-6.663079,-68.46821,0.0,0.0,0.5
0.49869850465775084,-0.026582789414364053,0.4972593509298479,77.75999999999999,-0.36,1.0,0.11688589129305882,27.365000000000002,0.0,-6.663079,-68.46821,0.0,0.0,0.5
0.5003223854232354,-0.02347722861673752,0.4976606338308741,76.86,-0.36,1.0,0.010071108127071682,27.37,0.0,-6.663079,-68.46821,0.0,0.0,0.5
0.5017539116956636,-0.018071087998336063,0.497934511715716,75.96,-0.36,1.0,0.17792291024505147,27.375,0.0,-6.663079,-68.46821,0.0,0.0,0.5
0.5041306141386698,-0.006235053244950407,0.4975477460600809,75.06,-0.54,1.0,0.05584887234106617,27.38,0.0,-7.8162622,-91.9883,0.0,0.0,0.5
0.5052046011137017,0.0009593301075916844,0.49816832946765094,74.16,-0.54,1.0,0.025330362865069844,27.385,0.0,-7.8162622,-91.9883,0.0,0.0,0.5
0.5068911357115199,0.0022880478355064653,0.49817033487937745,73.25999999999999,-0.54,1.0,0.05584887234106617,27.39,0.0,-7.8162622,-91.9883,0.0,0.0,0.5
0.5079823665053415,-0.006783913009172619,0.4985095863177427,72.36,-0.54,1.0,-0.05096591082492097,27.395,0.0,-7.8162622,-91.9883,0.0,0.0,0.5
0.5088534165762846,-0.00044576908539782726,0.4989116496916604,71.46,-0.54,1.0,0.05584887234106617,27.400000000000002,0.0,-7.2332196,-75.363235,0.0,0.0,0.5
0.5101515011449015,-0.006652015561668128,0.4989520335442971,70.56,-0.54,1.0,0.04058961760306801,27.405,0.0,-7.2332196,-75.363235,0.0,0.0,0.5
0.5104341643637035,-0.014514411955242475,0.4997631200166286,69.84,-0.54,1.0,-0.020447401348924643,27.41,0.0,-7.2332196,-75.363235,0.0,0.0,0.5
0.5119415836742894,-0.0007344634231997652,0.4997809436265246,68.94,-0.54,1.0,0.0863673818170625,27.415,0.0,-7.2332196,-75.363235,0.0,0.0,0.5
0.512397711238994,0.004919711261855644,0.5003851250177375,68.39999999999999,-0.54,1.0,-0.06622516556291913,27.42,0.0,-8.443783,92.83561,0.0,0.6,0.5
0.5123115826137038,0.01353192352393662,0.5003179837019248,67.67999999999999,-0.54,1.0,-0.05096591082492097,27.425,0.0,-8.443783,92.83561,0.0,0.6,0.5
0.5106389755059781,0.004608125286046434,0.5007194817178634,67.14,-0.54,1.0,0.04058961760306801,27.43,0.0,-8.443783,92.83561,0.0,0.6,0.5
0.5087547022376382,0.008150436112932624,0.5011668599893551,66.78,-0.54,1.0,-0.05096591082492097,27.435000000000002,0.0,-8.443783,92.83561,0.0,0.6,0.5
0.5028891874495998,-0.007242340764091701,0.5018473224022837,66.42,-0.54,1.0,-0.035706656086922806,27.44,0.0,-8.2025175,95.68672,0.0,0.6,0.5
0.48323016491737225,0.010562557012111746,0.5018369693153559,65.88,-0.54,1.0,0.14740440076905514,27.445,0.0,-8.2025175,95.68672,0.0,0.6,0.5
0.4558733444944253,-0.003473455811239582,0.5020904005848946,65.52,-0.54,1.0,-0.09674367503891546,27.45,0.0,-8.2025175,95.68672,0.0,0.6,0.5
0.4228461345579255,-0.00308723335644034,0.5023699855841522,64.98,-0.54,1.0,-0.2035584582049026,27.455000000000002,0.0,-8.2025175,95.68672,0.0,0.6,0.5
0.3905851232910475,-0.004512610006235725,0.5024605515302235,64.44,-0.54,1.0,-0.06622516556291913,27.46,0.0,-8.376713,98.36129,0.0,0.6,0.5
0.35704486264894447,-0.009057385922512587,0.5027685518958607,63.9,-0.36,1.0,0.23895992919704412,27.465,0.0,-8.376713,98.36129,0.0,0.6,0.5
0.3265024209608345,-0.0028580035223599986,0.5028468325291258,63.18,-0.36,1.0,0.17792291024505147,27.47,0.0,-8.376713,98.36129,0.0,0.6,0.5
0.29456366689545876,-0.004677738088773002,0.5036479745180648,62.46,-0.36,1.0,0.07110812707906433,27.475,0.0,-8.376713,98.36129,0.0,0.6,0.5
0.26639533063223103,0.007639002368209307,0.5034421749189255,61.559999999999995,-0.36,1.0,-0.18829920346690443,27.48,0.000699948581766102,-8.360702,96.40693,0.0,0.6,0.5
0.23836604821768706,-0.011718807016911201,0.503670283039665,60.839999999999996,-0.36,1.0,0.14740440076905514,27.485,0.000699948581766102,-8.360702,96.40693,0.0,0.6,0.5
0.21294987259736434,-0.005978942560866474,0.5035553364334041,59.94,-0.36,1.0,-0.1577806939909081,27.490000000000002,0.000699948581766102,-8.360702,96.40693,0.0,0.6,0.5
0.18908820444159272,-0.00793274180765909,0.5036277483332696,58.86,-0.36,1.0,-0.09674367503891546,27.495,0.000699948581766102,-8.360702,96.40693,0.0,0.6,0.5
0.16726204597853767,-0.005381936192898951,0.5035329782249186,57.78,-0.36,1.0,-0.11200292977691362,27.5,0.012363771364632804,-8.165957,93.60487,0.0,0.6,0.5
0.14833940504828463,-0.006339734240543483,0.5035961654994465,56.699999999999996,-0.36,1.0,0.11688589129305882,27.505,0.012363771364632804,-8.165957,93.60487,0.0,0.6,0.5
0.13144701736649284,0.00874590183438998,0.503004351613664,55.44,-0.36,1.0,-0.09674367503891546,27.51,0.012363771364632804,-8.165957,93.60487,0.0,0.6,0.5
0.12198501251604013,0.012403735154376327,0.5025009843000724,54.18,-0.36,1.0,-0.05096591082492097,27.515,0.012363771364632804,-8.165957,93.60487,0.0,0.6,0.5
0.10889465902097313,0.044137833544329284,0.5022719613296742,52.919999999999995,-0.36,1.0,0.010071108127071682,27.52,0.1151561997441473,-8.276222,21.890923,0.0,0.6,0.5
0.096752417493084,0.06803821659543771,0.5020022228549956,51.48,-0.36,1.0,0.10162663655506066,27.525000000000002,0.1151561997441473,-8.276222,21.890923,0.0,0.6,0.5
0.08600983341852872,0.08313669563942247,0.50189395896056,50.04,-0.36,1.0,0.22370067445904596,27.53,0.1151561997441473,-8.276222,21.890923,0.0,0.6,0.5
0.07324149225203425,0.10943779408252056,0.5016956381422433,48.42,-0.36,1.0,-0.020447401348924643,27.535,0.1151561997441473,-8.276222,21.890923,0.0,0.6,0.5
0.07140081046955062,0.11884952648553464,0.5017132937904543,46.8,-0.36,1.0,0.025330362865069844,27.54,0.5655554800729409,-5.6774864,-111.454475,0.0,0.0,0.5
0.05309386401567627,0.1371370440247879,0.5014110029742305,45.18,-0.36,1.0,0.42207098605302207,27.545,0.5655554800729409,-5.6774864,-111.454475,0.0,0.0,0.5
0.04758073496059027,0.14528150652443303,0.5014529277826253,43.379999999999995,-0.36,1.0,-0.020447401348924643,27.55,0.5655554800729409,-5.6774864,-111.454475,0.0,0.0,0.5
0.04421157923335862,0.1624534029969084,0.5012301979249525,41.58,-0.36,1.0,0.2084414197210478,27.555,0.5655554800729409,-5.6774864,-111.454475,0.0,0.0,0.5
0.04260709610206868,0.17470588606711823,0.5010224894753511,39.6,-0.36,1.0,-0.035706656086922806,27.560000000000002,1.4645851863021608,5.8329897,-107.36075,0.6,0.0,0.5
0.032061447138826735,0.20012926310238469,0.5012713544991637,37.8,-0.36,1.0,0.1626636555070533,27.565,1.4645851863021608,5.8329897,-107.36075,0.6,0.0,0.5
0.024098059611792306,0.2153340764101426,0.5009326138843172,35.64,-0.36,1.0,0.025330362865069844,27.57,1.4645851863021608,5.8329897,-107.36075,0.6,0.0,0.5
0.018254275101022982,0.2374292937115214,0.500876665007079,33.48,-0.36,1.0,-0.005188146610926481,27.575,1.4645851863021608,5.8329897,-107.36075,0.6,0.0,0.5
-0.0013577885965582175,0.24828864789067204,0.5005906361776672,31.32,-0.36,1.0,0.1626636555070533,27.580000000000002,1.9998876148892637,6.1063514,-108.70325,0.6,0.0,0.5
0.00350272509843738,0.2672384158399401,0.5006110422766166,29.16,-0.36,1.0,0.31525620288703493,27.585,1.9998876148892637,6.1063514,-108.70325,0.6,0.0,0.5
-4.3134565080374885e-05,0.27615601087839337,0.5005875622252531,26.82,-0.36,1.0,-0.005188146610926481,27.59,1.9998876148892637,6.1063514,-108.70325,0.6,0.0,0.5
0.0012073035268807375,0.2844163475890685,0.5008406627291412,24.48,-0.36,1.0,0.025330362865069844,27.595,1.9998876148892637,6.1063514,-108.70325,0.6,0.0,0.5
0.0057324342604666905,0.3110826767870787,0.5009110517431827,21.96,-0.36,1.0,-0.18829920346690443,27.6,1.4399522016790423,4.5187597,-81.18026,0.6,0.0,0.5
0.003870083584199719,0.33110137347150914,0.5008806630252552,19.439999999999998,-0.54,1.0,0.29999694814903677,27.605,1.4399522016790423,4.5187597,-81.18026,0.6,0.0,0.5
-0.0011805764367149286,0.3387471762915244,0.5010283457939835,16.74,-0.54,1.0,0.025330362865069844,27.61,1.4399522016790423,4.5187597,-81.18026,0.6,0.0,0.5
-0.0036518136239098832,0.3463222402919614,0.5011019916183296,14.219999999999999,-0.54,1.0,0.11688589129305882,27.615000000000002,1.4399522016790423,4.5187597,-81.18026,0.6,0.0,0.5
-0.0009002379478555861,0.36086190904345533,0.5009089099371682,11.34,-0.54,1.0,0.025330362865069844,27.62,0.54669121250919,3.5895836,-49.44857,0.6,0.0,0.5
-0.00449397331771312,0.36869639507446356,0.5007497015116134,8.64,-0.54,1.0,0.17792291024505147,27.625,0.54669121250919,3.5895836,-49.44857,0.6,0.0,0.5
-0.006119269263451134,0.37017875004760425,0.5006912629030528,5.76,-0.54,1.0,21.647694326609077,27.63,0.54669121250919,3.5895836,-49.44857,0.6,0.0,0.5
-0.003987791041620072,0.37567600101438,0.5009566715631828,3.2399999999999998,4.5,1.0,3.260292367320792,27.635,0.54669121250919,3.5895836,-49.44857,0.6,0.0,0.5
-0.00496438214486804,0.3729453743826991,0.5038033689184657,1.7999999999999998,6.4799999999999995,1.0,0.9714041566210128,27.64,0.10944291240483756,2.9231675,-78.64563,0.6,0.0,0.5
-0.0030789732512253145,0.3642234982953928,0.5053668380523725,1.44,5.76,1.0,12.949919125949904,27.645,0.10944291240483756,2.9231675,-78.64563,0.6,0.0,0.5
-0.0015542129496019348,0.3466695097375795,0.5068964529615785,1.7999999999999998,5.9399999999999995,1.0,0.6662190618609927,27.650000000000002,0.10944291240483756,2.9231675,-78.64563,0.6,0.0,0.5
0.006951709337032084,0.3239156299417577,0.5078137587984759,3.06,3.78,1.0,3.794366283150728,27.655,0.10944291240483756,2.9231675,-78.64563,0.6,0.0,0.5
0.01540601068980305,0.3035662724725064,0.5052670577186568,5.04,1.44,1.0,1.4444410534989558,27.66,0.011552732611664713,4.462162,-90.86833,0.6,0.0,0.5
0.03847124477765896,0.27305646643047743,0.503686505961516,7.02,-0.8999999999999999,1.0,-0.020447401348924643,27.665,0.011552732611664713,4.462162,-90.86833,0.6,0.0,0.5
0.05259760930410085,0.2476097204402785,0.5027071825162266,7.56,0.0,1.0,-0.43244727927487503,27.67,0.011552732611664713,4.462162,-90.86833,0.6,0.0,0.5
0.07237752893378098,0.2205541783129683,0.5008484695203309,8.82,0.18,1.0,0.04058961760306801,27.675,0.011552732611664713,4.462162,-90.86833,0.6,0.0,0.5
0.08835152404060698,0.20283183864112042,0.5000566471705759,10.08,-0.54,1.0,-0.23407696768089892,27.68,0.0,3.4899125,-33.06481,0.6,0.0,0.5
0.10619677354078778,0.1686794296549708,0.5001212604187723,10.98,-0.36,1.0,0.26947843867304044,27.685000000000002,0.0,3.4899125,-33.06481,0.6,0.0,0.5
0.12393482910315276,0.14749928830636458,0.49925193762384085,12.059999999999999,-0.36,1.0,-0.020447401348924643,27.69,0.0,3.4899125,-33.06481,0.6,0.0,0.5
0.1333300587703706,0.13094551750723626,0.49903949166566025,13.139999999999999,-0.54,1.0,0.010071108127071682,27.695,0.0,3.4899125,-33.06481,0.6,0.0,0.5
0.1555969654938646,0.12211540550073334,0.49877894435110304,14.04,-0.54,1.0,-0.11200292977691362,27.7,0.0,1.937832,-19.297888,0.6,0.0,0.5
0.17687585525820454,0.12427951481662018,0.49834550149461687,15.12,-0.54,1.0,-0.020447401348924643,27.705000000000002,0.0,1.937832,-19.297888,0.6,0.0,0.5
0.19194493924430156,0.0915601845405479,0.49852809964790756,16.02,-0.54,1.0,-0.08148442030091729,27.71,0.0,1.937832,-19.297888,0.6,0.0,0.5
0.2089083754723503,0.07624803298115271,0.49871587442256937,17.099999999999998,-0.54,1.0,-0.06622516556291913,27.715,0.0,1.937832,-19.297888,0.6,0.0,0.5
0.22798229822481877,0.06055465462216576,0.4984497728979943,18.18,-0.54,1.0,-0.020447401348924643,27.72,0.0,1.8621185,-22.071516,0.6,0.0,0.5
0.24281638912392223,0.05846193166487567,0.49844066577229684,19.259999999999998,-0.54,1.0,0.1626636555070533,27.725,0.0,1.8621185,-22.071516,0.6,0.0,0.5
0.2569327479902001,0.04720051301936215,0.49874320536996447,20.34,-0.54,1.0,0.05584887234106617,27.73,0.0,1.8621185,-22.071516,0.6,0.0,0.5
0.27454711323972736,0.038235510113076014,0.49835983302499676,21.599999999999998,-0.54,1.0,0.010071108127071682,27.735,0.0,1.8621185,-22.071516,0.6,0.0,0.5
0.28873244475837256,0.034448526159754786,0.49807182183320464,22.86,-0.54,1.0,-0.08148442030091729,27.740000000000002,0.0,1.7561128,-8.532776,0.6,0.0,0.5
0.30158278135969435,0.021906742229041903,0.4980923704258622,24.3,-0.54,1.0,0.07110812707906433,27.745,0.0,1.7561128,-8.532776,0.6,0.0,0.5
0.31670846621564896,0.03788958982434474,0.49764692794436305,25.74,-0.54,1.0,-0.17303994872890627,27.75,0.0,1.7561128,-8.532776,0.6,0.0,0.5
0.3295303460542967,0.04552441902767511,0.49766196343477687,27.18,-0.54,1.0,0.17792291024505147,27.755,0.0,1.7561128,-8.532776,0.6,0.0,0.5
0.3400597450703806,0.036949509763416204,0.4976140902842524,28.98,-0.54,1.0,-0.14252143925290994,27.76,0.0,1.6367626,-45.992535,0.6,0.0,0.5
0.35335400318375737,0.030425203513714486,0.49727322591577583,30.779999999999998,-0.54,1.0,0.19318216498304963,27.765,0.0,1.6367626,-45.992535,0.6,0.0,0.5
0.36489619026688497,0.020631633017374876,0.4969765839134607,32.58,-0.54,1.0,0.05584887234106617,27.77,0.0,1.6367626,-45.992535,0.6,0.0,0.5
0.37478250263737406,0.025263048333681416,0.496529106932273,34.56,-0.54,1.0,0.31525620288703493,27.775000000000002,0.0,1.6367626,-45.992535,0.6,0.0,0.5
0.3847679510593412,0.022231426176081853,0.49635936536980285,36.54,-0.54,1.0,0.07110812707906433,27.78,0.0,1.1162093,-9.282576,0.6,0.0,0.5
0.3940556797450149,1.8335978003088928e-05,0.49627666221753475,38.699999999999996,-0.54,1.0,0.2084414197210478,27.785,0.0,1.1162093,-9.282576,0.6,0.0,0.5
0.4013201162402848,0.0015560223012228889,0.4961075030317663,41.04,-0.54,1.0,0.05584887234106617,27.79,0.0,1.1162093,-9.282576,0.6,0.0,0.5
0.4092373911826145,-0.005055197651643249,0.496152576092322,43.199999999999996,-0.54,1.0,0.04058961760306801,27.795,0.0,1.1162093,-9.282576,0.6,0.0,0.5
0.41677787776244707,-0.0031086823069073097,0.4958995379741172,45.54,-0.54,1.0,0.1626636555070533,27.8,0.0,3.6290858,-66.42074,0.6,0.0,0.5
0.4220853205185692,0.01166826001973329,0.4963310542939405,47.879999999999995,-0.54,1.0,0.19318216498304963,27.805,0.0,3.6290858,-66.42074,0.6,0.0,0.5
0.42859703082786316,0.0020039586467655727,0.49588300917388517,50.22,-0.54,1.0,0.1626636555070533,27.810000000000002,0.0,3.6290858,-66.42074,0.6,0.0,0.5
0.4352169330410495,0.0071074945334243305,0.49557961583726284,52.559999999999995,-0.54,1.0,0.3305154576250331,27.815,0.0,3.6290858,-66.42074,0.6,0.0,0.5
0.4400415445757656,0.0018845179758969894,0.4955115021248728,54.9,-0.54,1.0,0.07110812707906433,27.82,0.0,3.5736463,-35.683647,0.6,0.0,0.5
0.4452374439677106,0.0059635583149150245,0.4955324064185103,57.239999999999995,-0.54,1.0,0.11688589129305882,27.825,0.0,3.5736463,-35.683647,0.6,0.0,0.5
0.44949403536604093,-0.0032606867455567093,0.4961343449090545,59.4,-0.54,1.0,-0.1577806939909081,27.830000000000002,0.0,3.5736463,-35.683647,0.6,0.0,0.5
0.45366344205612036,-0.0035521346129077287,0.49636263735415703,61.559999999999995,-0.54,1.0,0.11688589129305882,27.835,0.0,3.5736463,-35.683647,0.6,0.0,0.5
0.4575394941268983,-0.011597341805400507,0.49671582458424857,63.72,-0.54,1.0,-0.17303994872890627,27.84,0.0,3.8412068,-54.72693,0.6,0.0,0.5
0.4615002862706099,-0.010670260653146106,0.497201573918502,65.88,-0.54,1.0,0.07110812707906433,27.845,0.0,3.8412068,-54.72693,0.6,0.0,0.5
0.46495321457492206,-0.021969198326849168,0.49734324427848814,67.86,-0.36,1.0,-0.06622516556291913,27.85,0.0,3.8412068,-54.72693,0.6,0.0,0.5
0.4690763469843833,-0.018336415812962227,0.4969590298590956,69.66,-0.36,1.0,0.17792291024505147,27.855,0.0,3.8412068,-54.72693,0.6,0.0,0.5
0.47308400121922056,-0.012128094048026044,0.49699754557091724,71.28,-0.36,1.0,-0.020447401348924643,27.86,0.0,4.0285063,-40.82383,0.6,0.0,0.5
0.47605870189183974,-0.015431843352841057,0.49741045564983755,72.89999999999999,-0.36,1.0,0.34577471236303126,27.865000000000002,0.0,4.0285063,-40.82383,0.6,0.0,0.5
0.4799309911243827,-0.015967550069507716,0.4968853908316382,74.16,-0.36,1.0,-0.21881771294290076,27.87,0.0,4.0285063,-40.82383,0.6,0.0,0.5
0.48372821151607065,-0.0013382696162203684,0.49676943692370507,75.42,-0.36,1.0,0.025330362865069844,27.875,0.0,4.0285063,-40.82383,0.6,0.0,0.5
0.48615635094488624,-0.010391949737025691,0.49711317546736283,76.32,-0.36,1.0,0.14740440076905514,27.88,0.0,2.8687966,-26.321075,0.6,0.0,0.5
0.48880321788862985,-0.013127426188784083,0.4969082537386431,77.03999999999999,-0.36,1.0,0.025330362865069844,27.885,0.0,2.8687966,-26.321075,0.6,0.0,0.5
0.4909991278664006,-0.017595846425998044,0.49716083802598815,77.39999999999999,-0.36,1.0,-0.08148442030091729,27.89,0.0,2.8687966,-26.321075,0.6,0.0,0.5
0.49340838421210964,-0.016460359121217114,0.4972155187646278,77.58,-0.36,1.0,0.025330362865069844,27.895,0.0,2.8687966,-26.321075,0.6,0.0,0.5
0.49517629943753216,-0.020725507026871284,0.49748518321254237,77.58,-0.36,1.0,0.010071108127071682,27.900000000000002,0.0,3.0591218,73.9958,0.6,0.6,0.5
0.4971811918438939,-0.016365441422153012,0.49764115646965396,77.39999999999999,-0.36,1.0,0.26947843867304044,27.905,0.0,3.0591218,73.9958,0.6,0.6,0.5
0.49896950807071977,-0.02280696098215782,0.4980329786368467,77.03999999999999,-0.36,1.0,-0.06622516556291913,27.91,0.0,3.0591218,73.9958,0.6,0.6,0.5
0.5004282772594134,-0.024354748209623772,0.4984668924779682,76.5,-0.36,1.0,0.010071108127071682,27.915,0.0,3.0591218,73.9958,0.6,0.6,0.5
0.5028124921968078,-0.017172788280951676,0.4980846708585878,75.96,-0.36,1.0,-0.18829920346690443,27.92,0.0,1.1558594,-22.967897,0.6,0.0,0.5
0.5049903887803626,-0.014989591982617035,0.4978052724452859,75.24,-0.36,1.0,0.2542191839350423,27.925,0.0,1.1558594,-22.967897,0.6,0.0,0.5
0.5054676393365861,-0.019649276697053263,0.4984503264880565,74.7,-0.36,1.0,0.025330362865069844,27.93,0.0,1.1558594,-22.967897,0.6,0.0,0.5
0.5066334669481924,-0.0026901855272180486,0.49871046194481283,73.98,-0.54,1.0,0.04058961760306801,27.935000000000002,0.0,1.1558594,-22.967897,0.6,0.0,0.5
0.5082998207677716,-0.009528984285165071,0.49851039337620645,73.25999999999999,-0.54,1.0,-0.06622516556291913,27.94,0.0,2.9573843,-12.075434,0.6,0.0,0.5
0.5088827018646458,-0.008924427406055965,0.4990369561109223,72.53999999999999,-0.54,1.0,-0.035706656086922806,27.945,0.0,2.9573843,-12.075434,0.6,0.0,0.5
0.5101519155531602,-0.010056023351227664,0.49920247459804445,72.0,-0.54,1.0,0.04058961760306801,27.95,0.0,2.9573843,-12.075434,0.6,0.0,0.5
0.5102935737760318,-0.0074926022650749855,0.5000580174812663,71.28,-0.54,1.0,-0.1577806939909081,27.955000000000002,0.0,2.9573843,-12.075434,0.6,0.0,0.5
0.5113780508805502,-0.0014444944766337268,0.5000727394548149,70.74,-0.54,1.0,0.07110812707906433,27.96,0.0,2.012335,18.352312,0.6,0.6,0.5
0.5124300887032818,-0.005025688737513636,0.5001021516490589,70.2,-0.54,1.0,0.04058961760306801,27.965,0.0,2.012335,18.352312,0.6,0.6,0.5
0.5121960596224849,-0.017295385216609626,0.500988861886944,69.66,-0.54,1.0,0.11688589129305882,27.97,0.0,2.012335,18.352312,0.6,0.6,0.5
0.5123927840172566,-0.020485055477354772,0.5014575030241875,69.3,-0.54,1.0,0.05584887234106617,27.975,0.0,2.012335,18.352312,0.6,0.6,0.5
0.5130824424796454,-0.01886801649940213,0.5017628244838093,68.94,-0.54,1.0,-0.1577806939909081,27.98,0.0,2.721692,-53.660683,0.6,0.0,0.5
0.5135179695633856,0.003625420264884187,0.501968236589502,68.75999999999999,-0.54,1.0,0.07110812707906433,27.985,0.0,2.721692,-53.660683,0.6,0.0,0.5
0.5140444369897914,0.01076383061204671,0.5020724804555108,68.58,-0.54,1.0,0.2084414197210478,27.990000000000002,0.0,2.721692,-53.660683,0.6,0.0,0.5
0.5141754933936888,0.0393348592473149,0.5024479060785073,68.39999999999999,-0.54,1.0,0.19318216498304963,27.995,0.0,2.721692,-53.660683,0.6,0.0,0.5
0.5145084024509533,0.06245819674543416,0.5025894838820698,68.39999999999999,-0.54,1.0,-0.17303994872890627,28.0,0.0,1.793287,13.923529,0.6,0.6,0.5
0.5142103409704413,0.08010999826093505,0.5028600779335195,68.22,-0.54,1.0,0.04058961760306801,28.005,0.0,1.793287,13.923529,0.6,0.6,0.5
0.5141774689303307,0.08110700963447534,0.5029872474098084,68.22,-0.54,1.0,0.19318216498304963,28.01,0.0,1.793287,13.923529,0.6,0.6,0.5
0.5141936909680673,0.10272535538277179,0.5031061909971657,68.39999999999999,-0.54,1.0,0.025330362865069844,28.015,0.0,1.793287,13.923529,0.6,0.6,0.5
0.514002786963718,0.09684942130926884,0.503331913224068,68.39999999999999,-0.54,1.0,0.10162663655506066,28.02,0.0,2.8852615,-1.930572,0.6,0.0,0.5
0.5135301819796352,0.09056684463906431,0.5035316105073395,68.58,-0.54,1.0,-0.05096591082492097,28.025000000000002,0.0,2.8852615,-1.930572,0.6,0.0,0.5
0.513165676895306,0.08502706532032869,0.5036416773436503,68.58,-0.54,1.0,-0.23407696768089892,28.03,0.0,2.8852615,-1.930572,0.6,0.0,0.5
0.5127545915683119,0.07223062467492893,0.5038685218100158,68.58,-0.54,1.0,-0.08148442030091729,28.035,0.0,2.8852615,-1.930572,0.6,0.0,0.5
0.5124181320287509,0.06161335104151672,0.5041215933340348,68.58,-0.54,1.0,0.025330362865069844,28.04,0.0,1.0497957,8.995394,0.6,0.6,0.5
0.5119779844327086,0.07039930702843428,0.5043633388738649,68.58,-0.54,1.0,0.11688589129305882,28.045,0.0,1.0497957,8.995394,0.6,0.6,0.5
0.5115090504888047,0.08600750120280107,0.504602526450586,68.58,-0.54,1.0,-0.12726218451491178,28.05,0.0,1.0497957,8.995394,0.6,0.6,0.5
0.5116206937987744,0.08642768643898507,0.5046781655496082,68.58,-0.54,1.0,0.14740440076905514,28.055,0.0,1.0497957,8.995394,0.6,0.6,0.5
0.5115925859514064,0.0879671282587063,0.5047523563391079,68.58,-0.54,1.0,0.2084414197210478,28.060000000000002,0.0,2.6587262,-4.6578493,0.6,0.0,0.5
0.5118932292175798,0.10210439813935356,0.5046378794830768,68.39999999999999,-0.54,1.0,-0.020447401348924643,28.065,0.0,2.6587262,-4.6578493,0.6,0.0,0.5
0.511980312931065,0.11326783558213369,0.5046044131823942,68.39999999999999,-0.54,1.0,0.1626636555070533,28.07,0.0,2.6587262,-4.6578493,0.6,0.0,0.5
0.5117582899110987,0.1118708325766546,0.5048562961563873,68.39999999999999,-0.54,1.0,0.22370067445904596,28.075,0.0,2.6587262,-4.6578493,0.6,0.0,0.5
0.5117063021960788,0.12738698579311383,0.5048633666645638,68.39999999999999,-0.54,1.0,0.025330362865069844,28.080000000000002,0.0,3.0038943,-4.1832314,0.6,0.0,0.5
0.5114470760305413,0.13109108968605773,0.5051248509119565,68.39999999999999,-0.54,1.0,0.0863673818170625,28.085,0.0,3.0038943,-4.1832314,0.6,0.0,0.5
0.5114920638318876,0.14865276063841412,0.5051016148941296,68.39999999999999,-0.54,1.0,0.0863673818170625,28.09,0.0,3.0038943,-4.1832314,0.6,0.0,0.5
0.5114547183420856,0.16210478242069157,0.5051441337672254,68.22,-0.36,1.0,0.010071108127071682,28.095,0.0,3.0038943,-4.1832314,0.6,0.0,0.5
0.5114488043916233,0.17348264957488405,0.505060748961338,68.03999999999999,-0.36,1.0,0.29999694814903677,28.1,0.0,1.960817,-10.094559,0.6,0.0,0.5
0.5116198460927825,0.17937964546084348,0.5048527148699159,67.86,-0.36,1.0,0.0863673818170625,28.105,0.0,1.960817,-10.094559,0.6,0.0,0.5
0.5120435785075714,0.19034877159502245,0.5045348023215153,67.67999999999999,-0.54,1.0,-0.06622516556291913,28.11,0.0,1.960817,-10.094559,0.6,0.0,0.5
0.5123464601566848,0.20107681058202936,0.5043631026471732,67.32,-0.54,1.0,-0.035706656086922806,28.115000000000002,0.0,1.960817,-10.094559,0.6,0.0,0.5
0.5125482212756215,0.19285995011655163,0.5040187525117934,66.96,-0.54,1.0,0.05584887234106617,28.12,0.0,2.341392,-56.016212,0.6,0.0,0.5
0.5128441101982236,0.2056986359904666,0.5035819246621286,66.78,-0.54,1.0,-0.14252143925290994,28.125,0.0,2.341392,-56.016212,0.6,0.0,0.5
0.5132668146635427,0.20559499713356338,0.5032576189233616,66.42,-0.54,1.0,0.1626636555070533,28.13,0.0,2.341392,-56.016212,0.6,0.0,0.5
0.5134633365797375,0.20814686287293177,0.5031643709170841,66.06,-0.54,1.0,-0.035706656086922806,28.135,0.0,2.341392,-56.016212,0.6,0.0,0.5
0.5136274566140089,0.19986218906345288,0.5030040658219295,65.7,-0.54,1.0,0.025330362865069844,28.14,0.0,2.133139,-26.152708,0.6,0.0,0.5
0.5139803685549714,0.20630832550327785,0.5028823198002433,65.52,-0.54,1.0,-0.06622516556291913,28.145,0.0,2.133139,-26.152708,0.6,0.0,0.5
0.5139903068154209,0.20505605718997005,0.5028279811866975,65.34,-0.54,1.0,0.14740440076905514,28.150000000000002,0.0,2.133139,-26.152708,0.6,0.0,0.5
0.5138493652060366,0.19890399884034313,0.5029267474659396,65.16,-0.54,1.0,-0.09674367503891546,28.155,0.0,2.133139,-26.152708,0.6,0.0,0.5
0.5144983071040992,0.19814655296464734,0.5023855631289854,64.98,-0.54,1.0,0.19318216498304963,28.16,0.0,3.5514085,-14.91758,0.6,0.0,0.5
0.5144610923152367,0.20749381906964687,0.5024103830211512,64.98,-0.54,1.0,-0.08148442030091729,28.165,0.0,3.5514085,-14.91758,0.6,0.0,0.5
0.5144442292048985,0.20748945890571474,0.5023236365937656,64.98,-0.54,1.0,0.14740440076905514,28.17,0.0,3.5514085,-14.91758,0.6,0.0,0.5
0.5147050731229338,0.1852298100820179,0.5020330356630818,64.98,-0.54,1.0,-0.11200292977691362,28.175,0.0,3.5514085,-14.91758,0.6,0.0,0.5
0.5143460773630638,0.15607662163599118,0.5020880340746053,65.16,-0.54,1.0,0.14740440076905514,28.18,0.0,3.6572468,-10.40119,0.6,0.0,0.5
0.513883169245981,0.1482033613782284,0.5021241280559242,65.34,-0.54,1.0,-0.17303994872890627,28.185000000000002,0.0,3.6572468,-10.40119,0.6,0.0,0.5
0.5137868416165129,0.12590991059362042,0.5018892947631446,65.52,-0.54,1.0,0.025330362865069844,28.19,0.0,3.6572468,-10.40119,0.6,0.0,0.5
0.5134531979077034,0.12434226338902832,0.5017630467965597,65.7,-0.54,1.0,0.025330362865069844,28.195,0.0,3.6572468,-10.40119,0.6,0.0,0.5
0.5128076586780961,0.10890459419474108,0.5020481890244924,66.06,-0.54,1.0,0.0863673818170625,28.2,0.0,2.7659643,-19.577778,0.6,0.0,0.5
0.5129353665491039,0.09451449768237159,0.5015232629974198,66.42,-0.54,1.0,-0.11200292977691362,28.205000000000002,0.0,2.7659643,-19.577778,0.6,0.0,0.5
0.512796869485087,0.07137098462131729,0.5011611120135269,66.6,-0.54,1.0,0.23895992919704412,28.21,0.0,2.7659643,-19.577778,0.6,0.0,0.5
0.5120067980006565,0.06824703907031977,0.5014322168020254,66.96,-0.54,1.0,-0.05096591082492097,28.215,0.0,2.7659643,-19.577778,0.6,0.0,0.5
0.5115239908798235,0.07840279856549102,0.5014722004523197,67.32,-0.54,1.0,0.29999694814903677,28.22,0.0,1.4404128,-28.71876,0.6,0.0,0.5
0.5111133167254373,0.05658209051352288,0.501533363423892,67.67999999999999,-0.54,1.0,-0.21881771294290076,28.225,0.0,1.4404128,-28.71876,0.6,0.0,0.5
0.5111978174693472,0.04089270355057608,0.5012932923769573,67.86,-0.54,1.0,0.14740440076905514,28.23,0.0,1.4404128,-28.71876,0.6,0.0,0.5
0.5110885831755834,0.03300819626359036,0.5012551111196887,68.22,-0.54,1.0,-0.14252143925290994,28.235,0.0,1.4404128,-28.71876,0.6,0.0,0.5
0.5108613910582558,0.023887337900923598,0.5013988257309331,68.58,-0.54,1.0,0.1626636555070533,28.240000000000002,0.0,1.5308539,-37.54941,0.6,0.0,0.5
0.5108393049294674,0.01875539231929171,0.5013682507466709,68.94,-0.54,1.0,-0.17303994872890627,28.245,0.0,1.5308539,-37.54941,0.6,0.0,0.5
0.5108140543615631,0.028346687233043597,0.5012747410354601,69.12,-0.54,1.0,0.29999694814903677,28.25,0.0,1.5308539,-37.54941,0.6,0.0,0.5
0.5107117055722217,0.0041417788758418474,0.5012695481379321,69.48,-0.54,1.0,-0.020447401348924643,28.255,0.0,1.5308539,-37.54941,0.6,0.0,0.5
0.510541985905021,0.017088920913361217,0.5016634207773704,69.66,-0.54,1.0,0.10162663655506066,28.26,0.0,0.7769994,-45.006718,0.5330998241901398,0.0,0.5
0.5107263036470213,0.0058700265674077904,0.5017237056240228,69.84,-0.54,1.0,0.010071108127071682,28.265,0.0,0.7769994,-45.006718,0.5330998241901398,0.0,0.5
0.5110145765328847,-0.0002514856299364797,0.5016805814908919,70.02,-0.54,1.0,0.29999694814903677,28.27,0.0,0.7769994,-45.006718,0.5330998241901398,0.0,0.5
0.5118673963721923,-0.004019410803425294,0.5012853121347949,70.02,-0.54,1.0,0.14740440076905514,28.275000000000002,0.0,0.7769994,-45.006718,0.5330998241901398,0.0,0.5
0.5123773563275854,-0.007424801856016818,0.5013070511385972,70.2,-0.54,1.0,0.3610339671010294,28.28,0.0,0.6224779,-73.95076,0.4867433667182922,0.0,0.5
0.5116767971969597,-0.0012667335576001426,0.5022547559629917,70.2,-0.54,1.0,-0.005188146610926481,28.285,0.0,0.6224779,-73.95076,0.4867433667182922,0.0,0.5
0.5119550816457069,-0.004020377070313629,0.5024215838122393,70.2,-0.54,1.0,0.17792291024505147,28.29,0.0,0.6224779,-73.95076,0.4867433667182922,0.0,0.5
0.511869543926103,-0.0062961715541223805,0.5028585389182912,70.2,-0.54,1.0,-0.06622516556291913,28.295,0.0,0.6224779,-73.95076,0.4867433667182922,0.0,0.5
0.5124835302870924,-0.005478521323750762,0.5028480455369413,70.02,-0.54,1.0,0.2542191839350423,28.3,0.0,0.6813879,-70.870186,0.5044163703918457,0.0,0.5
0.512367264464895,-0.005363035448899024,0.503200386853214,70.02,-0.54,1.0,-0.05096591082492097,28.305,0.0,0.6813879,-70.870186,0.5044163703918457,0.0,0.5
0.5127724067043468,0.0011727433334649414,0.5032456253919679,70.02,-0.54,1.0,0.29999694814903677,28.310000000000002,0.0,0.6813879,-70.870186,0.5044163703918457,0.0,0.5
0.5128698493873324,-0.001991014357612588,0.503538751151113,70.02,-0.54,1.0,-0.05096591082492097,28.315,0.0,0.6813879,-70.870186,0.5044163703918457,0.0,0.5
0.5131078145081934,-0.002429747297190114,0.5035297655530968,70.02,-0.54,1.0,0.2542191839350423,28.32,0.0,0.7347308,-40.003258,0.5204192340373993,0.0,0.5
0.513136544284051,-0.008846000293737374,0.5038506300321625,70.02,-0.54,1.0,-0.05096591082492097,28.325,0.0,0.7347308,-40.003258,0.5204192340373993,0.0,0.5
0.5137376850822338,-0.016376446987383164,0.5035624933065852,70.02,-0.54,1.0,0.17792291024505147,28.330000000000002,0.0,0.7347308,-40.003258,0.5204192340373993,0.0,0.5
0.5134042199902069,-0.015687335051296353,0.5039103871276366,70.02,-0.54,1.0,-0.08148442030091729,28.335,0.0,0.7347308,-40.003258,0.5204192340373993,0.0,0.5
0.5137110163721035,-0.008801444019408964,0.5038597699962647,70.2,-0.54,1.0,0.07110812707906433,28.34,0.0,1.2623028,-38.8245,0.6,0.0,0.5
0.513804911941654,-0.01223357608378776,0.5039373207360085,70.2,-0.54,1.0,-0.14252143925290994,28.345,0.0,1.2623028,-38.8245,0.6,0.0,0.5
0.5138181454230991,-0.01903558044267114,0.5039489558305887,70.2,-0.54,1.0,0.14740440076905514,28.35,0.0,1.2623028,-38.8245,0.6,0.0,0.5
0.5143114336140097,-0.008090676733264952,0.5037985429953009,70.2,-0.54,1.0,0.025330362865069844,28.355,0.0,1.2623028,-38.8245,0.6,0.0,0.5
0.5141697813083594,-0.0036039840600714155,0.5039759470709411,70.02,-0.54,1.0,0.11688589129305882,28.36,0.0,1.2885822,-21.705425,0.6,0.0,0.5
0.5147005539822724,-0.00012947134056350728,0.5034914250818702,70.02,-0.54,1.0,0.04058961760306801,28.365000000000002,0.0,1.2885822,-21.705425,0.6,0.0,0.5
0.5145201148403743,-0.002913005610688099,0.5037079763287937,70.02,-0.54,1.0,0.10162663655506066,28.37,0.0,1.2885822,-21.705425,0.6,0.0,0.5
0.514611653057968,-0.01058007848083954,0.5036424854504006,70.02,-0.54,1.0,-0.11200292977691362,28.375,0.0,1.2885822,-21.705425,0.6,0.0,0.5
0.5138993650871387,-0.0016264808824322783,0.5040365410282176,70.02,-0.54,1.0,0.17792291024505147,28.38,0.0,1.0391375,-26.040281,0.6,0.0,0.5
0.5132612508276927,-0.004597025893569633,0.5044921134995815,70.02,-0.54,1.0,-0.09674367503891546,28.385,0.0,1.0391375,-26.040281,0.6,0.0,0.5
0.5131893741371737,0.0007280375815770624,0.5045233105290309,70.02,-0.54,1.0,0.23895992919704412,28.39,0.0,1.0391375,-26.040281,0.6,0.0,0.5
0.5130757815801595,-0.009584941247761184,0.5044745570087802,70.02,-0.54,1.0,-0.005188146610926481,28.395,0.0,1.0391375,-26.040281,0.6,0.0,0.5
0.5128454643299067,-0.004772441050685556,0.5046734923195781,70.02,-0.54,1.0,0.42207098605302207,28.400000000000002,0.0,0.8408171,-34.917194,0.5522451281547546,0.0,0.5
0.5125759099585987,-0.015995694686355345,0.504617872852907,70.02,-0.54,1.0,-0.14252143925290994,28.405,0.0,0.8408171,-34.917194,0.5522451281547546,0.0,0.5
0.5122087449484023,-0.011395450119004537,0.5048924484007232,70.02,-0.54,1.0,0.17792291024505147,28.41,0.0,0.8408171,-34.917194,0.5522451281547546,0.0,0.5
0.5123382045048598,-0.017809271895475393,0.5048607800622652,70.02,-0.54,1.0,-0.09674367503891546,28.415,0.0,0.8408171,-34.917194,0.5522451281547546,0.0,0.5
0.5125598210501533,-0.016870743227619663,0.5045287222734914,70.02,-0.54,1.0,0.14740440076905514,28.42,0.0,0.8781546,-38.968452,0.5634463727474213,0.0,0.5
0.5130728323648285,-0.021852284794320206,0.504156367507214,70.02,-0.54,1.0,-0.11200292977691362,28.425,0.0,0.8781546,-38.968452,0.5634463727474213,0.0,0.5
0.5130630326716539,-0.013883151506836455,0.5043041423064167,70.02,-0.54,1.0,0.0863673818170625,28.43,0.0,0.8781546,-38.968452,0.5634463727474213,0.0,0.5
0.5132870786568069,-0.016777813532545458,0.5040126595153733,70.02,-0.54,1.0,-0.05096591082492097,28.435000000000002,0.0,0.8781546,-38.968452,0.5634463727474213,0.0,0.5
0.5132059085153108,-0.010976655863343947,0.5041179894265503,70.02,-0.54,1.0,0.29999694814903677,28.44,0.0,0.57455707,-31.31782,0.4723671197891235,0.0,0.5
0.5132088832322648,-0.00023697120878577685,0.5041666842972089,70.02,-0.54,1.0,0.025330362865069844,28.445,0.0,0.57455707,-31.31782,0.4723671197891235,0.0,0.5
0.5132276225604395,0.006299977102803752,0.5041001410336943,70.02,-0.54,1.0,0.2084414197210478,28.45,0.0,0.57455707,-31.31782,0.4723671197891235,0.0,0.5
0.5125219348105566,-0.0031352197271452436,0.5045288294078049,70.02,-0.54,1.0,-0.1577806939909081,28.455000000000002,0.0,0.57455707,-31.31782,0.4723671197891235,0.0,0.5
0.5127083911538962,0.0023175188303298784,0.5044850456864023,70.02,-0.54,1.0,0.14740440076905514,28.46,0.0,0.43426645,-23.936388,0.4302799344062805,0.0,0.5
0.5129089638814165,0.00019204136787858358,0.5042969546774141,70.02,-0.54,1.0,0.14740440076905514,28.465,0.0,0.43426645,-23.936388,0.4302799344062805,0.0,0.5
0.5133672252002307,0.0009513828360640095,0.5040474065029931,70.02,-0.54,1.0,0.05584887234106617,28.47,0.0,0.43426645,-23.936388,0.4302799344062805,0.0,0.5
0.5131843806755455,-0.007446217384540132,0.5042097617911943,70.02,-0.54,1.0,0.07110812707906433,28.475,0.0,0.43426645,-23.936388,0.4302799344062805,0.0,0.5
0.5132329452991176,-0.01730939569303307,0.5039703988720597,70.02,-0.54,1.0,0.31525620288703493,28.48,0.0,0.74014956,-38.83258,0.5220448672771454,0.0,0.5
0.5131686269845781,-0.01446079884432756,0.5040836398161378,70.02,-0.54,1.0,-0.05096591082492097,28.485,0.0,0.74014956,-38.83258,0.5220448672771454,0.0,0.5
0.5128418090449038,-0.01072322230017504,0.5043925161895,70.02,-0.54,1.0,0.17792291024505147,28.490000000000002,0.0,0.74014956,-38.83258,0.5220448672771454,0.0,0.5
0.5128608559531783,-0.011605881055607968,0.5043292748497636,70.02,-0.54,1.0,-0.14252143925290994,28.495,0.0,0.74014956,-38.83258,0.5220448672771454,0.0,0.5
0.5127424443115737,-0.01101801975271468,0.5044369951021551,70.02,-0.54,1.0,0.0863673818170625,28.5,0.0,0.79059386,-40.332767,0.5371781587600708,0.0,0.5
0.5128018684941092,-0.010811992808680532,0.5044295221735692,70.02,-0.54,1.0,-0.06622516556291913,28.505,0.0,0.79059386,-40.332767,0.5371781587600708,0.0,0.5
0.5128985335502989,-0.008903535213846122,0.5043680833601242,70.02,-0.54,1.0,0.10162663655506066,28.51,0.0,0.79059386,-40.332767,0.5371781587600708,0.0,0.5
0.5126870130307655,-0.0074986192747437995,0.5045253229867234,70.02,-0.54,1.0,-0.14252143925290994,28.515,0.0,0.79059386,-40.332767,0.5371781587600708,0.0,0.5
0.5128157584781058,-0.017844073950739277,0.5043116938601976,70.02,-0.54,1.0,0.0863673818170625,28.52,0.0,1.1487598,-38.5912,0.6,0.0,0.5
0.5128306764546703,-0.014529562178189796,0.5040227721862459,70.02,-0.54,1.0,0.07110812707906433,28.525000000000002,0.0,1.1487598,-38.5912,0.6,0.0,0.5
0.5127825210467893,-0.01353926430179841,0.5039276040046424,70.02,-0.54,1.0,-0.05096591082492097,28.53,0.0,1.1487598,-38.5912,0.6,0.0,0.5
0.5125854038544141,-0.018066956386559717,0.5040788355873311,70.02,-0.54,1.0,-0.005188146610926481,28.535,0.0,1.1487598,-38.5912,0.6,0.0,0.5
0.5115146126951612,-0.009319614210401254,0.5042415325769201,70.02,-0.54,1.0,0.19318216498304963,28.54,0.0,1.6786113,-34.914963,0.6,0.0,0.5
0.5109220067302938,-0.01832728043313199,0.5043138639367437,70.02,-0.54,1.0,0.04058961760306801,28.545,0.0,1.6786113,-34.914963,0.6,0.0,0.5
0.5105312511721223,-0.012246978697803727,0.5046491985576657,70.02,-0.54,1.0,0.025330362865069844,28.55,0.0,1.6786113,-34.914963,0.6,0.0,0.5
0.510343651072759,-0.006635045502872918,0.5043750080823299,70.02,-0.54,1.0,-0.12726218451491178,28.555,0.0,1.6786113,-34.914963,0.6,0.0,0.5
0.510219341657059,-0.01901941098966321,0.504315856406992,70.02,-0.54,1.0,-0.005188146610926481,28.560000000000002,0.0,1.1848074,-31.996197,0.6,0.0,0.5
0.5102891195922025,-0.015583366602665643,0.5042691622858559,70.02,-0.54,1.0,-0.11200292977691362,28.565,0.0,1.1848074,-31.996197,0.6,0.0,0.5
0.5099270992475621,-0.01635822393664453,0.5043050538776844,70.02,-0.54,1.0,0.0863673818170625,28.57,0.0,1.1848074,-31.996197,0.6,0.0,0.5
0.5100158544979517,-0.009410675904554118,0.5044426000840831,70.02,-0.54,1.0,-0.08148442030091729,28.575,0.0,1.1848074,-31.996197,0.6,0.0,0.5
0.5092092522328688,-0.021966216405456034,0.504791235130932,70.02,-0.54,1.0,0.0863673818170625,28.580000000000002,0.0,2.011089,-28.761122,0.6,0.0,0.5
0.508971164731522,-0.03235643378952364,0.5048902957750954,70.02,-0.54,1.0,0.025330362865069844,28.585,0.0,2.011089,-28.761122,0.6,0.0,0.5
0.5097294884579889,-0.01917963130067777,0.5045648840308397,70.02,-0.54,1.0,-0.05096591082492097,28.59,0.0,2.011089,-28.761122,0.6,0.0,0.5
0.5101401574758566,-0.014947154451396745,0.5041468054132114,70.02,-0.54,1.0,0.2084414197210478,28.595,0.0,2.011089,-28.761122,0.6,0.0,0.5
0.510643009880408,-0.0041963177378800875,0.5039196422607448,70.02,-0.54,1.0,0.07110812707906433,28.6,0.0,2.6481042,-20.570877,0.6,0.0,0.5
0.5107078177025852,-0.007753906565182186,0.5038703430953372,70.02,-0.54,1.0,-0.020447401348924643,28.605,0.0,2.6481042,-20.570877,0.6,0.0,0.5
0.5101420538154382,-0.007402724362749937,0.504007305767134,70.02,-0.54,1.0,0.0863673818170625,28.61,0.0,2.6481042,-20.570877,0.6,0.0,0.5
0.5096029403436533,-0.021310743742439034,0.5040946973199392,70.02,-0.54,1.0,-0.11200292977691362,28.615000000000002,0.0,2.6481042,-20.570877,0.6,0.0,0.5
0.5102561399566499,-0.009180774007437865,0.5036638790564505,70.02,-0.54,1.0,0.1626636555070533,28.62,0.0,2.906515,-51.55085,0.6,0.0,0.5
0.5105334277393637,-0.0029953485631502696,0.5034244041534005,70.02,-0.54,1.0,0.1626636555070533,28.625,0.0,2.906515,-51.55085,0.6,0.0,0.5
0.5106355289834035,0.0022250106428760947,0.5031743514871266,70.02,-0.54,1.0,0.31525620288703493,28.63,0.0,2.906515,-51.55085,0.6,0.0,0.5
0.510735447031551,-0.004706445756512535,0.5029464929564273,70.02,-0.54,1.0,-0.11200292977691362,28.635,0.0,2.906515,-51.55085,0.6,0.0,0.5
0.5112978290906517,-0.0017287404148723482,0.5025754949908421,70.02,-0.54,1.0,-0.035706656086922806,28.64,0.0,2.75323,-22.24222,0.6,0.0,0.5
0.5110389427885722,-0.005148398534957374,0.5024086774311058,70.02,-0.54,1.0,-0.005188146610926481,28.645,0.0,2.75323,-22.24222,0.6,0.0,0.5
0.5106517961521393,-0.015236427608284874,0.5026070406052595,70.02,-0.54,1.0,-0.06622516556291913,28.650000000000002,0.0,2.75323,-22.24222,0.6,0.0,0.5
0.511120458528194,-0.013723695938641959,0.5023695073217921,70.02,-0.54,1.0,0.0863673818170625,28.655,0.0,2.75323,-22.24222,0.6,0.0,0.5
0.5106157572802429,-0.013803931585852728,0.502547887761788,70.02,-0.54,1.0,-0.08148442030091729,28.66,0.0,-1.4826822,36.73954,0.0,0.6,0.5
0.5113694582472372,-0.011107109975900139,0.50205283738347,70.02,-0.54,1.0,0.07110812707906433,28.665,0.0,-1.4826822,36.73954,0.0,0.6,0.5
0.5115141502498634,-0.015311265547409072,0.5020140788845211,70.02,-0.54,1.0,0.04058961760306801,28.67,0.0,-1.4826822,36.73954,0.0,0.6,0.5
0.5110605577827997,-0.022537059483930994,0.5020293893449369,70.02,-0.54,1.0,0.010071108127071682,28.675,0.0,-1.4826822,36.73954,0.0,0.6,0.5
0.511022075536002,-0.021841686675028366,0.5021783512809533,70.02,-0.54,1.0,0.19318216498304963,28.68,0.0,0.5912834,-42.820107,0.477385014295578,0.0,0.5
0.5113471517695571,-0.012355680770401747,0.5022589324389605,70.02,-0.54,1.0,0.010071108127071682,28.685000000000002,0.0,0.5912834,-42.820107,0.477385014295578,0.0,0.5
0.5113110427393205,-0.019399603789611475,0.5022454617657826,70.02,-0.54,1.0,-0.12726218451491178,28.69,0.0,0.5912834,-42.820107,0.477385014295578,0.0,0.5
0.5115587978383295,-0.021225764991951977,0.5020033969299365,70.02,-0.54,1.0,0.0863673818170625,28.695,0.0,0.5912834,-42.820107,0.477385014295578,0.0,0.5
0.5107600791823035,-0.02592828083908176,0.5025769499786503,70.02,-0.54,1.0,0.05584887234106617,28.7,0.0,1.8952757,-17.784512,0.6,0.0,0.5
0.5107422746390087,-0.033557555917213,0.5025883674227586,70.02,-0.54,1.0,0.010071108127071682,28.705000000000002,0.0,1.8952757,-17.784512,0.6,0.0,0.5
0.5111614122550826,-0.024706581115427725,0.5024351831641232,70.02,-0.54,1.0,0.07110812707906433,28.71,0.0,1.8952757,-17.784512,0.6,0.0,0.5
0.5111619820399024,-0.019446037866686333,0.5024648098075138,70.02,-0.54,1.0,0.17792291024505147,28.715,0.0,1.8952757,-17.784512,0.6,0.0,0.5
0.5113966975930653,-0.017673606073702473,0.5023221764768002,70.02,-0.54,1.0,-0.035706656086922806,28.72,0.0,2.2244313,-37.187954,0.6,0.0,0.5
0.5114478645911429,-0.012302906935106689,0.502615081587383,70.02,-0.54,1.0,-0.06622516556291913,28.725,0.0,2.2244313,-37.187954,0.6,0.0,0.5
0.5113299955171955,-0.013475436209980004,0.5028611683415002,70.02,-0.54,1.0,-0.08148442030091729,28.73,0.0,2.2244313,-37.187954,0.6,0.0,0.5
0.5111302259351779,-0.018066290066392654,0.5030470483635852,70.02,-0.54,1.0,0.11688589129305882,28.735,0.0,2.2244313,-37.187954,0.6,0.0,0.5
0.511266226060185,-0.015534907268876434,0.5031135128113953,70.02,-0.54,1.0,-0.005188146610926481,28.740000000000002,0.0,3.0927324,-33.97596,0.6,0.0,0.5
0.5118470721886554,0.003641461557269656,0.5026974179010616,70.02,-0.54,1.0,0.1626636555070533,28.745,0.0,3.0927324,-33.97596,0.6,0.0,0.5
0.5097531599040623,0.019462777000869062,0.5032209385747267,70.02,-0.54,1.0,0.025330362865069844,28.75,0.0,3.0927324,-33.97596,0.6,0.0,0.5
0.5079858218334746,0.035257094601015206,0.5032783998829999,70.02,-0.54,1.0,0.14740440076905514,28.755,0.0,3.0927324,-33.97596,0.6,0.0,0.5
0.5069383169551096,0.0289562480087946,0.5032543221540356,70.02,-0.54,1.0,-0.020447401348924643,28.76,0.0,2.1965718,-25.025166,0.6,0.0,0.5
0.5058849167949976,0.031043408991147502,0.5032572902315083,70.02,-0.54,1.0,0.3610339671010294,28.765,0.0,2.1965718,-25.025166,0.6,0.0,0.5
0.5059283651298693,0.0265825722776272,0.5030462235516697,70.02,-0.54,1.0,-0.035706656086922806,28.77,0.0,2.1965718,-25.025166,0.6,0.0,0.5
0.5055144422451507,0.03467218356260407,0.5032598014876813,70.02,-0.54,1.0,0.025330362865069844,28.775000000000002,0.0,2.1965718,-25.025166,0.6,0.0,0.5
0.5055124639602308,0.047354213143545626,0.503409753604943,70.02,-0.54,1.0,-0.1577806939909081,28.78,0.0,2.0334835,-16.172495,0.6,0.0,0.5
0.5057147054832395,0.032649314551835895,0.5036271746813682,70.02,-0.54,1.0,0.05584887234106617,28.785,0.0,2.0334835,-16.172495,0.6,0.0,0.5
0.5053843094282551,0.03285121303130786,0.5037861613252009,70.02,-0.54,1.0,-0.08148442030091729,28.79,0.0,2.0334835,-16.172495,0.6,0.0,0.5
0.5052656756983511,0.04392362658943065,0.5041820296294101,70.02,-0.54,1.0,-0.005188146610926481,28.795,0.0,2.0334835,-16.172495,0.6,0.0,0.5
0.5060142109653766,0.02953063803614821,0.5038826672178791,70.02,-0.54,1.0,-0.17303994872890627,28.8,0.0,0.3880784,-9.79772,0.4164235174655914,0.0,0.5
0.5056389057455158,0.03195483541847215,0.5041500669092215,70.02,-0.54,1.0,0.31525620288703493,28.805,0.0,0.3880784,-9.79772,0.4164235174655914,0.0,0.5
0.5059563966583573,0.03402629652631709,0.5041987097779265,70.02,-0.54,1.0,-0.05096591082492097,28.810000000000002,0.0,0.3880784,-9.79772,0.4164235174655914,0.0,0.5
0.5064520828724556,0.03508003406831497,0.5039990880768295,70.02,-0.54,1.0,0.1626636555070533,28.815,0.0,0.3880784,-9.79772,0.4164235174655914,0.0,0.5
0.5069701323508402,0.044372744913788766,0.5035538040222256,70.02,-0.54,1.0,0.025330362865069844,28.82,0.0,0.54281014,-16.651375,0.46284304261207576,0.0,0.5
0.5074929449304696,0.03144704034477183,0.5033154249594725,70.02,-0.54,1.0,0.2542191839350423,28.825,0.0,0.54281014,-16.651375,0.46284304261207576,0.0,0.5
0.5076312962922042,0.017899579354542373,0.5033020686022913,70.02,-0.54,1.0,0.025330362865069844,28.830000000000002,0.0,0.54281014,-16.651375,0.46284304261207576,0.0,0.5
0.5077249920286836,0.01142534272170968,0.5032444000142822,70.02,-0.54,1.0,-0.005188146610926481,28.835,0.0,0.54281014,-16.651375,0.46284304261207576,0.0,0.5
0.5076295371502748,0.0015643316992146057,0.503428116691891,70.02,-0.54,1.0,0.10162663655506066,28.84,0.0,0.8563143,-38.306595,0.556894290447235,0.0,0.5
0.5081748405986287,-0.004768634948306433,0.5031938156544179,70.02,-0.54,1.0,-0.08148442030091729,28.845,0.0,0.8563143,-38.306595,0.556894290447235,0.0,0.5
0.5079735130609802,-0.0017812604171650122,0.5034552702052278,70.02,-0.54,1.0,0.1626636555070533,28.85,0.0,0.8563143,-38.306595,0.556894290447235,0.0,0.5
0.5078612079020661,-0.011686592076390789,0.5035527608457195,70.02,-0.54,1.0,0.07110812707906433,28.855,0.0,0.8563143,-38.306595,0.556894290447235,0.0,0.5
0.5080438307846492,-0.001871076764740284,0.5037737470826402,70.02,-0.54,1.0,0.025330362865069844,28.86,0.0,0.7322394,-36.410427,0.5196718275547028,0.0,0.5
0.5079756392968163,-0.0011836079554764243,0.5040791037272006,70.02,-0.54,1.0,-0.05096591082492097,28.865000000000002,0.0,0.7322394,-36.410427,0.5196718275547028,0.0,0.5
0.5077170175476418,0.0021299674179630283,0.5043143303041234,70.02,-0.54,1.0,-0.035706656086922806,28.87,0.0,0.7322394,-36.410427,0.5196718275547028,0.0,0.5
0.5076363230955584,-0.002715661644289684,0.5046551938745782,70.02,-0.54,1.0,0.2084414197210478,28.875,0.0,0.7322394,-36.410427,0.5196718275547028,0.0,0.5
0.5079847651704466,-0.0011193641441016075,0.5046251721469031,70.02,-0.54,1.0,-0.020447401348924643,28.88,0.0,0.79274035,-37.79811,0.5378221035003662,0.0,0.5
0.5077363501917411,-0.008131264098549622,0.5048565740764452,70.02,-0.54,1.0,0.2542191839350423,28.885,0.0,0.79274035,-37.79811,0.5378221035003662,0.0,0.5
0.5072835042327903,-0.009394028407153062,0.5047661584172447,70.02,-0.54,1.0,0.07110812707906433,28.89,0.0,0.79274035,-37.79811,0.5378221035003662,0.0,0.5
0.5069157812522146,-0.011625335930212078,0.5044654667108811,70.02,-0.54,1.0,0.025330362865069844,28.895,0.0,0.79274035,-37.79811,0.5378221035003662,0.0,0.5
0.5076166435633406,-0.010788671607052564,0.5040541593196354,70.02,-0.54,1.0,-0.05096591082492097,28.900000000000002,0.0,0.8172032,-40.522423,0.5451609671115875,0.0,0.5
0.5068577518302504,-0.0075174911063185836,0.504199137762519,70.02,-0.54,1.0,0.14740440076905514,28.905,0.0,0.8172032,-40.522423,0.5451609671115875,0.0,0.5
0.5064183285741277,-0.006038568968683922,0.504143517102881,70.02,-0.54,1.0,-0.05096591082492097,28.91,0.0,0.8172032,-40.522423,0.5451609671115875,0.0,0.5
0.506101060634225,-0.013104387416637308,0.5046396792139398,70.02,-0.54,1.0,0.2084414197210478,28.915,0.0,0.8172032,-40.522423,0.5451609671115875,0.0,0.5
0.5056489240038862,-0.021772258131058042,0.5044879659106596,70.02,-0.54,1.0,-0.1577806939909081,28.92,0.0,0.77905566,-42.89335,0.5337166965007781,0.0,0.5
0.5059955271595308,-0.018268562049064425,0.5045804747497334,70.02,-0.54,1.0,0.11688589129305882,28.925,0.0,0.77905566,-42.89335,0.5337166965007781,0.0,0.5
0.5061708409174559,-0.0105797062073734,0.5046579624725293,70.02,-0.54,1.0,-0.020447401348924643,28.93,0.0,0.77905566,-42.89335,0.5337166965007781,0.0,0.5
0.5060924571256042,-0.004672709467133051,0.5044168396311124,70.02,-0.54,1.0,0.34577471236303126,28.935000000000002,0.0,0.77905566,-42.89335,0.5337166965007781,0.0,0.5
0.5067465163765481,-0.004617983418789516,0.5041546807214553,70.02,-0.54,1.0,-0.18829920346690443,28.94,0.0,0.88055784,-48.205658,0.5641673505306244,0.0,0.5
0.5063890209254782,-0.009975726067078656,0.5042069214159163,70.02,-0.54,1.0,0.0863673818170625,28.945,0.0,0.88055784,-48.205658,0.5641673505306244,0.0,0.5
0.5063728955121397,-0.009745668188282073,0.5040937933773589,70.02,-0.54,1.0,-0.11200292977691362,28.95,0.0,0.88055784,-48.205658,0.5641673505306244,0.0,0.5
0.5067432443709299,-0.007830086364686304,0.5038968477441363,70.02,-0.54,1.0,0.07110812707906433,28.955000000000002,0.0,0.88055784,-48.205658,0.5641673505306244,0.0,0.5
0.5068590522471879,-0.007710610235402932,0.5035597969159175,70.02,-0.54,1.0,-0.08148442030091729,28.96,0.0,1.226396,-46.30414,0.6,0.0,0.5
0.5072358183116297,0.004349794871627871,0.5032059208552812,70.02,-0.54,1.0,0.3610339671010294,28.965,0.0,1.226396,-46.30414,0.6,0.0,0.5
0.5071063188315335,-0.001398179970196064,0.5032615636870204,70.02,-0.54,1.0,-0.05096591082492097,28.97,0.0,1.226396,-46.30414,0.6,0.0,0.5
0.5068571967939474,-0.010267725078863674,0.5033075111373737,70.02,-0.54,1.0,0.10162663655506066,28.975,0.0,1.226396,-46.30414,0.6,0.0,0.5
0.5070824460042388,-0.009163564026833024,0.5028998126354307,70.02,-0.54,1.0,-0.035706656086922806,28.98,0.0,1.5128177,-36.512543,0.6,0.0,0.5
0.5069714045197715,-0.011418510928125233,0.5028379046347713,70.02,-0.54,1.0,0.23895992919704412,28.985,0.0,1.5128177,-36.512543,0.6,0.0,0.5
0.5075836021364926,0.0019329918441229324,0.5025719493363209,70.02,-0.54,1.0,0.04058961760306801,28.990000000000002,0.0,1.5128177,-36.512543,0.6,0.0,0.5
0.5074818674074069,-0.007913668748902753,0.5022414725176005,70.02,-0.54,1.0,0.4525894955290184,28.995,0.0,1.5128177,-36.512543,0.6,0.0,0.5
0.5071062387829491,-0.00881708858053328,0.5024648654406073,70.02,-0.54,1.0,-0.035706656086922806,29.0,0.0,1.9154847,-23.709007,0.6,0.0,0.5
0.5075216229291778,-0.010341254544851838,0.501954877866054,70.02,-0.54,1.0,0.2084414197210478,29.005,0.0,1.9154847,-23.709007,0.6,0.0,0.5
0.5070554914800286,-0.0053333458556151766,0.5024553047175059,70.02,-0.54,1.0,-0.12726218451491178,29.01,0.0,1.9154847,-23.709007,0.6,0.0,0.5
0.5075846150082146,-0.011181803874277368,0.5021502654062155,70.02,-0.54,1.0,0.0863673818170625,29.015,0.0,1.9154847,-23.709007,0.6,0.0,0.5
0.5081627680890514,-0.012922762520086766,0.5018396242338157,70.02,-0.54,1.0,0.14740440076905514,29.02,0.0,2.0194793,-19.389923,0.6,0.0,0.5
0.5078571082638446,-0.024250384450227574,0.501883622238317,70.02,-0.54,1.0,0.025330362865069844,29.025000000000002,0.0,2.0194793,-19.389923,0.6,0.0,0.5
0.5079973641504746,-0.007832069992545062,0.5020330698278564,70.02,-0.54,1.0,-0.18829920346690443,29.03,0.0,2.0194793,-19.389923,0.6,0.0,0.5
0.507771321273819,-0.01669903167752087,0.502254409880754,70.02,-0.54,1.0,0.3762932218390276,29.035,0.0,2.0194793,-19.389923,0.6,0.0,0.5
0.507783497090945,-0.010220511953807208,0.5022965129726178,70.02,-0.54,1.0,-0.14252143925290994,29.04,0.0,2.613745,-38.872658,0.6,0.0,0.5
0.5076821377917328,-0.008405619839008173,0.5024548822248117,70.02,-0.54,1.0,0.19318216498304963,29.045,0.0,2.613745,-38.872658,0.6,0.0,0.5
0.5081662747557368,-0.004961049971294291,0.5023333238297466,70.02,-0.54,1.0,-0.2035584582049026,29.05,0.0,2.613745,-38.872658,0.6,0.0,0.5
0.5081873383441492,-0.00603269504918085,0.5023733829428705,70.02,-0.54,1.0,0.3305154576250331,29.055,0.0,2.613745,-38.872658,0.6,0.0,0.5
0.5084412805923955,-0.002376906199691515,0.5023312502236271,70.02,-0.54,1.0,0.04058961760306801,29.060000000000002,0.0,2.3943868,-50.219746,0.6,0.0,0.5
0.5092668649725968,-0.006112511554753,0.5021302398005021,70.02,-0.54,1.0,0.05584887234106617,29.065,0.0,2.3943868,-50.219746,0.6,0.0,0.5
0.5091466476881408,-0.011470861597155815,0.5023669171763816,70.02,-0.54,1.0,-0.06622516556291913,29.07,0.0,2.3943868,-50.219746,0.6,0.0,0.5
0.5092450856151237,0.004045284351432268,0.5023410091750762,70.02,-0.54,1.0,0.010071108127071682,29.075,0.0,2.3943868,-50.219746,0.6,0.0,0.5
0.5089137784975714,-0.0027719484853528744,0.502780508269075,70.02,-0.54,1.0,-0.2035584582049026,29.080000000000002,0.0,-1.4411889,-12.178589,0.0,0.0,0.5
0.5087205856755233,-0.0179868312840721,0.5031638042968604,70.02,-0.54,1.0,0.42207098605302207,29.085,0.0,-1.4411889,-12.178589,0.0,0.0,0.5
0.508979106202299,-0.018448710330808388,0.5031880180207868,70.02,-0.54,1.0,-0.12726218451491178,29.09,0.0,-1.4411889,-12.178589,0.0,0.0,0.5
0.5094782511225279,-0.008983523752203517,0.5030259243385963,70.02,-0.54,1.0,0.46784875026701656,29.095,0.0,-1.4411889,-12.178589,0.0,0.0,0.5
0.5099050509006782,-0.008596397225115283,0.5029890027857422,70.02,-0.54,1.0,-0.035706656086922806,29.1,0.0,2.394873,-22.239151,0.6,0.0,0.5
0.5097516899625321,-0.00718973195711897,0.5031936780738562,70.02,-0.54,1.0,0.010071108127071682,29.105,0.0,2.394873,-22.239151,0.6,0.0,0.5
0.5095121725433395,-0.008675241504166141,0.5034586116161197,70.02,-0.54,1.0,-0.005188146610926481,29.11,0.0,2.394873,-22.239151,0.6,0.0,0.5
0.5098610746905293,-0.01503352297553442,0.5033023389754059,70.02,-0.54,1.0,0.19318216498304963,29.115000000000002,0.0,2.394873,-22.239151,0.6,0.0,0.5
0.5102266502128895,-0.01689970403513916,0.5032081701591662,70.02,-0.54,1.0,-0.08148442030091729,29.12,0.0,6.8689666,-106.20102,0.6,0.0,0.5
0.5098097855127867,-0.0120458499870445,0.5036747834156888,70.02,-0.54,1.0,0.10162663655506066,29.125,0.0,6.8689666,-106.20102,0.6,0.0,0.5
0.5100293648935833,-0.017472657090048953,0.5037124533776396,70.02,-0.54,1.0,-0.06622516556291913,29.13,0.0,6.8689666,-106.20102,0.6,0.0,0.5
0.5098443281339117,-0.01881196166524152,0.5039669139780003,70.02,-0.54,1.0,0.17792291024505147,29.135,0.0,6.8689666,-106.20102,0.6,0.0,0.5
0.5102038316091702,-0.013116795019702605,0.5036715078610665,70.02,-0.54,1.0,0.26947843867304044,29.14,0.0,0.3433389,20.984556,0.4030016720294952,0.6,0.5
0.5105048817159,-0.019355304170453,0.5036129766983661,70.02,-0.54,1.0,0.14740440076905514,29.145,0.0,0.3433389,20.984556,0.4030016720294952,0.6,0.5
0.5103799418016325,-0.022599202902547327,0.5038237971816194,70.02,-0.54,1.0,-0.06622516556291913,29.150000000000002,0.0,0.3433389,20.984556,0.4030016720294952,0.6,0.5
0.5098966343381846,-0.017965287012833703,0.5041819075736284,70.02,-0.54,1.0,0.26947843867304044,29.155,0.0,0.3433389,20.984556,0.4030016720294952,0.6,0.5
0.5092823687374641,-0.01290485748553108,0.5043038749388555,70.02,-0.54,1.0,-0.11200292977691362,29.16,0.0,4.2950625,-45.754253,0.6,0.0,0.5
0.5074962776794499,-0.009477257154537044,0.5044437777689759,70.02,-0.54,1.0,0.11688589129305882,29.165,0.0,4.2950625,-45.754253,0.6,0.0,0.5
0.5067612344610845,-0.0044311476786871255,0.5044346686627545,70.02,-0.54,1.0,-0.11200292977691362,29.17,0.0,4.2950625,-45.754253,0.6,0.0,0.5
0.5072002860434903,-0.005294912066606092,0.5040685648594292,70.02,-0.54,1.0,0.0863673818170625,29.175,0.0,4.2950625,-45.754253,0.6,0.0,0.5
0.5067129360336017,-0.0059646825489983926,0.5039429143311132,70.02,-0.54,1.0,-0.020447401348924643,29.18,0.0,1.2174042,-17.23857,0.6,0.0,0.5
0.5066677081062485,-0.008781460455580262,0.5040453181205445,70.02,-0.54,1.0,0.23895992919704412,29.185000000000002,0.0,1.2174042,-17.23857,0.6,0.0,0.5
0.5069251364202746,-0.01655037488441248,0.5037273821944337,70.02,-0.54,1.0,0.0863673818170625,29.19,0.0,1.2174042,-17.23857,0.6,0.0,0.5
0.5064972417039139,-0.008560189869982951,0.5042306610861604,70.02,-0.54,1.0,-0.2035584582049026,29.195,0.0,1.2174042,-17.23857,0.6,0.0,0.5
0.5072268886766087,-0.00825946717491569,0.5040005480099862,70.02,-0.54,1.0,0.010071108127071682,29.2,0.0,0.8444338,30.744234,0.5533301353454589,0.6,0.5
0.5072872554198804,0.004281370676475641,0.5038829453119986,70.02,-0.54,1.0,0.26947843867304044,29.205000000000002,0.0,0.8444338,30.744234,0.5533301353454589,0.6,0.5
0.5073222162375772,-0.004305694738491969,0.5038975935588368,70.02,-0.54,1.0,-0.11200292977691362,29.21,0.0,0.8444338,30.744234,0.5533301353454589,0.6,0.5
0.507792169769542,0.002377465233146432,0.5038336617939881,70.02,-0.54,1.0,0.11688589129305882,29.215,0.0,0.8444338,30.744234,0.5533301353454589,0.6,0.5
0.5074118446329513,0.0007450864473822526,0.5039850087516151,70.02,-0.54,1.0,-0.18829920346690443,29.22,0.0,1.277541,-14.490454,0.6,0.0,0.5
0.5066419815527599,0.002350538699848816,0.504322128402476,70.02,-0.54,1.0,0.17792291024505147,29.225,0.0,1.277541,-14.490454,0.6,0.0,0.5
0.5057270713722603,0.006640494469458894,0.5043633677133577,70.02,-0.54,1.0,0.07110812707906433,29.23,0.0,1.277541,-14.490454,0.6,0.0,0.5
0.5057341564531607,0.02551232290707005,0.5044372300549258,70.02,-0.54,1.0,0.1626636555070533,29.235,0.0,1.277541,-14.490454,0.6,0.0,0.5
0.505543671706187,0.05520333649678392,0.5044710943652209,70.02,-0.54,1.0,-0.06622516556291913,29.240000000000002,0.0,0.9019274,22.384089,0.5705782234668731,0.6,0.5
0.5059365994848629,0.07628122659414632,0.504177417846599,70.02,-0.54,1.0,0.2542191839350423,29.245,0.0,0.9019274,22.384089,0.5705782234668731,0.6,0.5
0.5063863704999301,0.075484028671362,0.5038568895612262,70.02,-0.54,1.0,-0.035706656086922806,29.25,0.0,0.9019274,22.384089,0.5705782234668731,0.6,0.5
0.5064723604620526,0.07402854670986138,0.5037330532612756,70.02,-0.54,1.0,0.22370067445904596,29.255,0.0,0.9019274,22.384089,0.5705782234668731,0.6,0.5
0.5071976674527031,0.07430512779277684,0.5036968527461702,70.02,-0.54,1.0,0.04058961760306801,29.26,0.0,2.9153318,-46.030434,0.6,0.0,0.5
0.5068788410286088,0.08221987747452196,0.5038919048176562,70.02,-0.54,1.0,0.025330362865069844,29.265,0.0,2.9153318,-46.030434,0.6,0.0,0.5
0.506755985245917,0.0756222003463201,0.5039685186897371,70.02,-0.54,1.0,-0.11200292977691362,29.27,0.0,2.9153318,-46.030434,0.6,0.0,0.5
0.506772920404579,0.06751351410120637,0.5042127604598022,70.02,-0.54,1.0,0.1626636555070533,29.275000000000002,0.0,2.9153318,-46.030434,0.6,0.0,0.5
0.5069339939349881,0.07808099703274964,0.5039878621734585,70.02,-0.54,1.0,-0.05096591082492097,29.28,0.0,0.5000191,-4.210484,0.4500057220458984,0.0,0.5
0.5070232192234814,0.0868733834431022,0.5039967830756972,70.02,-0.54,1.0,0.04058961760306801,29.285,0.0,0.5000191,-4.210484,0.4500057220458984,0.0,0.5
0.5074087475950937,0.0939438359749554,0.5039886897758117,70.02,-0.54,1.0,-0.09674367503891546,29.29,0.0,0.5000191,-4.210484,0.4500057220458984,0.0,0.5
0.5075489802617413,0.0978301265315978,0.5038888013543058,70.02,-0.54,1.0,0.07110812707906433,29.295,0.0,0.5000191,-4.210484,0.4500057220458984,0.0,0.5
0.5076462276077541,0.0821901709786181,0.5039420645551808,70.02,-0.54,1.0,0.2084414197210478,29.3,0.0,1.6034046,-6.6017246,0.6,0.0,0.5
0.5080506077347436,0.08107393826295262,0.5037173473889376,70.02,-0.54,1.0,0.17792291024505147,29.305,0.0,1.6034046,-6.6017246,0.6,0.0,0.5
0.5084826005505341,0.08377170813796989,0.5034774296552871,70.02,-0.54,1.0,-0.23407696768089892,29.310000000000002,0.0,1.6034046,-6.6017246,0.6,0.0,0.5
0.5081297890351151,0.08564407231462201,0.5037206463409257,70.02,-0.54,1.0,0.010071108127071682,29.315,0.0,1.6034046,-6.6017246,0.6,0.0,0.5
0.5078833252487478,0.09854484592761595,0.5040124131769915,70.02,-0.54,1.0,0.29999694814903677,29.32,0.0,2.5929534,-18.511442,0.6,0.0,0.5
0.5082289816797756,0.13121799804787143,0.5039583191393917,69.84,-0.54,1.0,0.3305154576250331,29.325,0.0,2.5929534,-18.511442,0.6,0.0,0.5
0.5082295192060499,0.13538095584490537,0.5040012306622839,69.84,-0.54,1.0,-0.09674367503891546,29.330000000000002,0.0,2.5929534,-18.511442,0.6,0.0,0.5
0.5084273485884545,0.1519401067053008,0.5040466827111066,69.66,-0.36,1.0,0.0863673818170625,29.335,0.0,2.5929534,-18.511442,0.6,0.0,0.5
0.5087836245302605,0.16423291201839874,0.5041281307493096,69.48,-0.36,1.0,0.29999694814903677,29.34,0.0,2.1136556,14.738871,0.6,0.6,0.5
0.5093053715818426,0.18767468647721267,0.5040045118448586,69.12,-0.36,1.0,-0.05096591082492097,29.345,0.0,2.1136556,14.738871,0.6,0.6,0.5
0.5100368275469627,0.1994930604548078,0.5038508656159398,68.75999999999999,-0.36,1.0,0.17792291024505147,29.35,0.0,2.1136556,14.738871,0.6,0.6,0.5
0.5104272886365342,0.18876276467785358,0.5040065599960268,68.22,-0.54,1.0,-0.020447401348924643,29.355,0.0,2.1136556,14.738871,0.6,0.6,0.5
0.5110470606603645,0.1866034069758459,0.5039226101707869,67.86,-0.54,1.0,0.2084414197210478,29.36,0.0,3.1411583,-0.2570758,0.6,0.22287726402282715,0.5
0.5116454900923575,0.18524862570703984,0.5038934166102207,67.5,-0.54,1.0,0.19318216498304963,29.365000000000002,0.0,3.1411583,-0.2570758,0.6,0.22287726402282715,0.5
0.5117499904502821,0.17204625360521883,0.5038427786478715,67.32,-0.54,1.0,0.19318216498304963,29.37,0.0,3.1411583,-0.2570758,0.6,0.22287726402282715,0.5
0.5121214673674417,0.16219781142950296,0.503867125614003,66.96,-0.54,1.0,-0.17303994872890627,29.375,0.0,3.1411583,-0.2570758,0.6,0.22287726402282715,0.5
0.5122688924602341,0.1375930931541457,0.50423342186828,66.96,-0.54,1.0,0.0863673818170625,29.38,0.0,3.2503355,-1.7347217,0.6,0.0,0.5
0.5124270704155364,0.13196867366582765,0.5043145496649989,66.96,-0.54,1.0,0.010071108127071682,29.385,0.0,3.2503355,-1.7347217,0.6,0.0,0.5
0.5130352278527317,0.10775563041457953,0.5042084057744388,67.14,-0.54,1.0,-0.005188146610926481,29.39,0.0,3.2503355,-1.7347217,0.6,0.0,0.5
0.5129847757628768,0.09553755367419196,0.504207278598413,67.32,-0.54,1.0,-0.05096591082492097,29.395,0.0,3.2503355,-1.7347217,0.6,0.0,0.5
0.5129302666045511,0.10539978758364614,0.5042449747786528,67.5,-0.54,1.0,0.010071108127071682,29.400000000000002,0.0,2.1312153,-23.91627,0.6,0.0,0.5
0.5126611505692599,0.08893173601568481,0.5043717667577426,67.67999999999999,-0.54,1.0,0.10162663655506066,29.405,0.0,2.1312153,-23.91627,0.6,0.0,0.5
0.5117081882990777,0.07577099093021573,0.5046928106583125,68.03999999999999,-0.54,1.0,0.07110812707906433,29.41,0.0,2.1312153,-23.91627,0.6,0.0,0.5
0.5119133246473131,0.057567907618562245,0.5043257369397962,68.39999999999999,-0.54,1.0,0.010071108127071682,29.415,0.0,2.1312153,-23.91627,0.6,0.0,0.5
0.5115602590093445,0.04243464717890756,0.5043220615240226,68.75999999999999,-0.54,1.0,0.10162663655506066,29.42,0.0,1.6971859,-4.506268,0.6,0.0,0.5
0.511177190043621,0.0481621744623207,0.5043390896591112,68.94,-0.54,1.0,-0.1577806939909081,29.425,0.0,1.6971859,-4.506268,0.6,0.0,0.5
0.5105589836847202,0.04425270848242581,0.5045509604539135,69.3,-0.54,1.0,0.14740440076905514,29.43,0.0,1.6971859,-4.506268,0.6,0.0,0.5
0.5102847147923636,0.03845052982519566,0.5045075700079801,69.66,-0.54,1.0,-0.08148442030091729,29.435000000000002,0.0,1.6971859,-4.506268,0.6,0.0,0.5
0.509653442774655,0.06140816016210745,0.5046728958306876,69.84,-0.36,1.0,0.10162663655506066,29.44,0.0,4.939186,-60.69722,0.6,0.0,0.5
0.5095753300143561,0.07961588076598176,0.5046453199424638,70.02,-0.36,1.0,-0.005188146610926481,29.445,0.0,4.939186,-60.69722,0.6,0.0,0.5
0.5094064292469053,0.0968974283557129,0.5047500059240875,70.02,-0.36,1.0,0.07110812707906433,29.45,0.0,4.939186,-60.69722,0.6,0.0,0.5
0.5098273636932759,0.11934190852829943,0.5043496664270521,70.02,-0.36,1.0,-0.06622516556291913,29.455000000000002,0.0,4.939186,-60.69722,0.6,0.0,0.5
0.510161865974974,0.11690138150504499,0.5041137689350778,69.84,-0.36,1.0,0.26947843867304044,29.46,0.0,1.2819663,-27.849215,0.6,0.0,0.5
0.5104953660240408,0.12896524998309086,0.504041951012456,69.66,-0.54,1.0,-0.34089175084688605,29.465,0.0,1.2819663,-27.849215,0.6,0.0,0.5
0.5103202021190045,0.11254906509247835,0.5043364378363951,69.48,-0.54,1.0,0.025330362865069844,29.47,0.0,1.2819663,-27.849215,0.6,0.0,0.5
0.510298672871563,0.12233128539469815,0.5044473940908216,69.48,-0.54,1.0,-0.005188146610926481,29.475,0.0,1.2819663,-27.849215,0.6,0.0,0.5
0.5109451896264695,0.12107626675171798,0.5042272693193182,69.3,-0.54,1.0,-0.005188146610926481,29.48,0.0,4.1615434,-70.29456,0.6,0.0,0.5
0.5112100211619425,0.12248049857239263,0.5042232323908614,69.3,-0.54,1.0,-0.21881771294290076,29.485,0.0,4.1615434,-70.29456,0.6,0.0,0.5
0.5110326663749493,0.115759163842559,0.5044863390574243,69.3,-0.54,1.0,0.11688589129305882,29.490000000000002,0.0,4.1615434,-70.29456,0.6,0.0,0.5
0.5114481151704294,0.10669392451908277,0.5044071799009692,69.3,-0.54,1.0,-0.2798547318948934,29.495,0.0,4.1615434,-70.29456,0.6,0.0,0.5
0.5117613974873129,0.09877851385836402,0.5042702382299922,69.3,-0.54,1.0,0.1626636555070533,29.5,0.0,3.8558767,-86.50086,0.6,0.0,0.5
0.5121697723704952,0.08798307477182538,0.5040269117834271,69.3,-0.54,1.0,0.04058961760306801,29.505,0.0,3.8558767,-86.50086,0.6,0.0,0.5
0.5120400252614549,0.07616759869106024,0.5041083604166228,69.48,-0.54,1.0,0.2084414197210478,29.51,0.0,3.8558767,-86.50086,0.6,0.0,0.5
0.5126386458835605,0.06885839345191733,0.5037557393609914,69.48,-0.54,1.0,0.04058961760306801,29.515,0.0,3.8558767,-86.50086,0.6,0.0,0.5
0.5119614176504729,0.0529113740446282,0.5042136354527803,69.48,-0.54,1.0,0.11688589129305882,29.52,0.0,1.2113124,-0.02159071,0.6,0.2935227870941162,0.5
0.511389598179835,0.03855627367734989,0.5045927124764077,69.48,-0.54,1.0,0.19318216498304963,29.525000000000002,0.0,1.2113124,-0.02159071,0.6,0.2935227870941162,0.5
0.5115545767220602,0.03447071910859014,0.504636376202957,69.48,-0.54,1.0,0.22370067445904596,29.53,0.0,1.2113124,-0.02159071,0.6,0.2935227870941162,0.5
0.5114753346945433,0.027090613263172626,0.5046505140965937,69.48,-0.54,1.0,-0.1577806939909081,29.535,0.0,1.2113124,-0.02159071,0.6,0.2935227870941162,0.5
0.5121142665109819,0.027376927653121462,0.5041600716773452,69.48,-0.54,1.0,0.29999694814903677,29.54,0.0,1.5352985,80.01428,0.6,0.6,0.5
0.5118785034594326,0.02034517630415116,0.5044588557514593,69.48,-0.54,1.0,0.11688589129305882,29.545,0.0,1.5352985,80.01428,0.6,0.6,0.5
0.5117421511342748,0.01694845187070382,0.5047567926789361,69.48,-0.54,1.0,-0.005188146610926481,29.55,0.0,1.5352985,80.01428,0.6,0.6,0.5
0.5116934245292626,0.003419991400065167,0.5047445641628442,69.48,-0.54,1.0,-0.1577806939909081,29.555,0.0,1.5352985,80.01428,0.6,0.6,0.5
0.5118602359279477,-0.0025457318447821703,0.504774299735427,69.48,-0.54,1.0,0.04058961760306801,29.560000000000002,0.0,3.1657522,-69.63403,0.6,0.0,0.5
0.5125959704982436,-0.013178620368020633,0.504245423618551,69.48,-0.54,1.0,-0.05096591082492097,29.565,0.0,3.1657522,-69.63403,0.6,0.0,0.5
0.5123942545487049,-0.012264318058157054,0.5045074737012313,69.48,-0.54,1.0,0.4831080050050147,29.57,0.0,3.1657522,-69.63403,0.6,0.0,0.5
0.5126052849035457,-0.007483864195522016,0.5043989284733039,69.48,-0.54,1.0,-0.26459547715689524,29.575,0.0,3.1657522,-69.63403,0.6,0.0,0.5
0.5125140586372832,-0.02209143593332078,0.5044200923986253,69.48,-0.54,1.0,0.22370067445904596,29.580000000000002,0.0,3.1657522,-69.63403,0.6,0.0,0.5
0.5128759357013192,0.003396992041877381,0.5042564816629942,69.48,-0.54,1.0,-0.17303994872890627,29.585,0.0,3.1657522,-69.63403,0.6,0.0,0.5
